source_order,label,score,contact,month
32951,0,0.10098631,cellular,may
32952,0,0.07219853,cellular,may
32953,0,0.07146759,cellular,may
32954,0,0.1022995,cellular,may
32955,0,0.07010397,cellular,may
32956,0,0.10273732,cellular,may
32957,0,0.07202515,cellular,may
32958,0,0.1024036,cellular,may
32959,0,0.10239805,cellular,may
32960,0,0.10211418,cellular,may
32961,0,0.0699717,cellular,may
32962,0,0.10080613,cellular,may
32963,0,0.09788558,telephone,may
32964,0,0.09805518,cellular,may
32965,0,0.10297844,cellular,may
32966,0,0.07027016,cellular,may
32967,0,0.10920452,cellular,may
32968,0,0.10129022,cellular,may
32969,0,0.0730142,cellular,may
32970,0,0.10180583,cellular,may
32971,0,0.10385592,cellular,may
32972,0,0.10239302,cellular,may
32973,0,0.10055498,cellular,may
32974,0,0.09743294,cellular,may
32975,0,0.09988515,cellular,may
32976,0,0.07263594,cellular,may
32977,0,0.10386696,cellular,may
32978,0,0.10349095,cellular,may
32979,0,0.0984339,cellular,may
32980,0,0.09682138,telephone,may
32981,0,0.09798599,telephone,may
32982,0,0.09989729,telephone,may
32983,0,0.07203779,cellular,may
32984,0,0.07322027,cellular,may
32985,0,0.10358602,cellular,may
32986,0,0.06978349,cellular,may
32987,0,0.09908076,cellular,may
32988,0,0.07036802,cellular,may
32989,1,0.10151429,cellular,may
32990,0,0.07124457,cellular,may
32991,0,0.10311012,cellular,may
32992,0,0.09911639,telephone,may
32993,0,0.06929684,telephone,may
32994,0,0.10298342,cellular,may
32995,0,0.62603453,cellular,may
32996,0,0.10060573,cellular,may
32997,0,0.06943386,telephone,may
32998,0,0.10016585,telephone,may
32999,0,0.09879064,cellular,may
33000,0,0.11433491,cellular,may
33001,0,0.07277775,cellular,may
33002,0,0.07268219,cellular,may
33003,0,0.10082015,cellular,may
33004,0,0.07139723,cellular,may
33005,0,0.10262268,cellular,may
33006,0,0.1025309,cellular,may
33007,0,0.07041163,cellular,may
33008,0,0.10286818,cellular,may
33009,0,0.09317476,telephone,may
33010,0,0.07039996,cellular,may
33011,0,0.097614,cellular,may
33012,0,0.10349989,cellular,may
33013,0,0.10161028,cellular,may
33014,0,0.09950884,cellular,may
33015,0,0.10343582,cellular,may
33016,0,0.10308165,cellular,may
33017,0,0.07245417,cellular,may
33018,0,0.09762682,cellular,may
33019,0,0.10206354,cellular,may
33020,0,0.02357412,cellular,may
33021,0,0.02263348,telephone,may
33022,0,0.09961392,cellular,may
33023,0,0.09737125,cellular,may
33024,0,0.10074356,cellular,may
33025,0,0.10228091,cellular,may
33026,0,0.09617261,cellular,may
33027,0,0.0719377,cellular,may
33028,0,0.10395449,cellular,may
33029,0,0.07316467,cellular,may
33030,0,0.06802172,telephone,may
33031,0,0.06662966,cellular,may
33032,0,0.0673383,cellular,may
33033,0,0.02403407,cellular,may
33034,0,0.10381271,cellular,may
33035,0,0.10240016,cellular,may
33036,1,0.09258913,cellular,may
33037,0,0.10303764,cellular,may
33038,0,0.06881014,telephone,may
33039,0,0.62603453,cellular,may
33040,0,0.10028157,cellular,may
33041,0,0.09952079,cellular,may
33042,0,0.10117915,cellular,may
33043,0,0.07210349,cellular,may
33044,0,0.10382935,cellular,may
33045,0,0.10308762,cellular,may
33046,0,0.09877879,cellular,may
33047,1,0.10050758,cellular,may
33048,0,0.0237281,cellular,may
33049,0,0.09480728,telephone,may
33050,0,0.06990917,cellular,may
33051,0,0.10267146,telephone,may
33052,0,0.07290656,cellular,may
33053,0,0.0977602,telephone,may
33054,0,0.10021994,cellular,may
33055,0,0.1028122,cellular,may
33056,0,0.10493134,cellular,may
33057,0,0.06445073,cellular,may
33058,0,0.10184696,cellular,may
33059,0,0.10213812,cellular,may
33060,0,0.07095676,cellular,may
33061,1,0.10270261,cellular,may
33062,0,0.10366328,cellular,may
33063,0,0.10180583,cellular,may
33064,0,0.10059696,cellular,may
33065,0,0.1029799,cellular,may
33066,0,0.10389161,cellular,may
33067,0,0.10023159,telephone,may
33068,0,0.1025179,cellular,may
33069,0,0.10341859,cellular,may
33070,0,0.10267887,cellular,may
33071,0,0.10342515,cellular,may
33072,0,0.09889193,cellular,may
33073,0,0.0691437,cellular,may
33074,0,0.10306588,cellular,may
33075,0,0.10354579,cellular,may
33076,0,0.10407929,cellular,may
33077,0,0.10141463,cellular,may
33078,0,0.10309344,cellular,may
33079,0,0.10774772,cellular,may
33080,0,0.09819802,telephone,may
33081,1,0.10439914,cellular,may
33082,0,0.09238912,cellular,may
33083,0,0.07214427,cellular,may
33084,0,0.07272558,cellular,may
33085,0,0.10044585,cellular,may
33086,0,0.09529841,telephone,may
33087,0,0.06781203,telephone,may
33088,0,0.10135638,cellular,may
33089,0,0.0968138,cellular,may
33090,0,0.07244365,cellular,may
33091,0,0.07100089,telephone,may
33092,0,0.09268216,cellular,may
33093,0,0.07117083,cellular,may
33094,0,0.10330465,cellular,may
33095,0,0.06963031,cellular,may
33096,0,0.10273528,cellular,may
33097,0,0.10056765,cellular,may
33098,0,0.10324626,cellular,may
33099,0,0.07210748,cellular,may
33100,0,0.07133716,cellular,may
33101,0,0.10269138,cellular,may
33102,0,0.07180162,cellular,may
33103,0,0.10210629,cellular,may
33104,0,0.08589261,cellular,may
33105,0,0.07245136,cellular,may
33106,0,0.09307152,cellular,may
33107,0,0.09636827,cellular,may
33108,0,0.06982128,telephone,may
33109,0,0.07132271,cellular,may
33110,0,0.07089225,cellular,may
33111,0,0.06877746,cellular,may
33112,0,0.06891465,telephone,may
33113,0,0.06891298,cellular,may
33114,0,0.09950864,cellular,may
33115,0,0.07175912,cellular,may
33116,0,0.07255951,cellular,may
33117,0,0.09722364,cellular,may
33118,0,0.07022172,cellular,may
33119,0,0.10053204,cellular,may
33120,0,0.09492466,telephone,may
33121,0,0.10258482,cellular,may
33122,0,0.0724825,cellular,may
33123,0,0.0704849,cellular,may
33124,0,0.10123146,cellular,may
33125,1,0.07297021,cellular,may
33126,0,0.10021281,cellular,may
33127,0,0.06863022,cellular,may
33128,0,0.09755019,cellular,may
33129,0,0.08900821,cellular,may
33130,1,0.10351199,cellular,may
33131,0,0.10087574,cellular,may
33132,0,0.09246758,telephone,may
33133,0,0.06385894,cellular,may
33134,0,0.10278955,cellular,may
33135,0,0.09873196,cellular,may
33136,0,0.10202388,cellular,may
33137,0,0.09905172,cellular,may
33138,0,0.07179384,cellular,may
33139,0,0.10183745,cellular,may
33140,0,0.10175362,cellular,may
33141,0,0.10187709,cellular,may
33142,0,0.10261695,cellular,may
33143,0,0.10110408,cellular,may
33144,0,0.10336993,cellular,may
33145,0,0.09980433,cellular,may
33146,0,0.10187411,cellular,may
33147,0,0.09738945,telephone,may
33148,0,0.10369594,cellular,may
33149,0,0.10345309,cellular,may
33150,0,0.09680941,telephone,may
33151,0,0.0704978,cellular,may
33152,0,0.10169796,cellular,may
33153,1,0.10313808,cellular,may
33154,0,0.10179562,cellular,may
33155,1,0.07216546,cellular,may
33156,0,0.07089885,cellular,may
33157,0,0.10035224,cellular,may
33158,0,0.07083191,cellular,may
33159,0,0.07116827,cellular,may
33160,0,0.07097047,cellular,may
33161,0,0.10026115,telephone,may
33162,0,0.10151083,cellular,may
33163,0,0.10137709,cellular,may
33164,0,0.10174964,cellular,may
33165,0,0.1008504,cellular,may
33166,0,0.10120778,cellular,may
33167,0,0.09887113,cellular,may
33168,0,0.06991769,cellular,may
33169,0,0.10248002,cellular,may
33170,0,0.09752585,cellular,may
33171,0,0.09887113,cellular,may
33172,0,0.07134922,cellular,may
33173,1,0.10197612,cellular,may
33174,0,0.06930083,cellular,may
33175,1,0.06964025,cellular,may
33176,0,0.10246723,cellular,may
33177,0,0.07039832,cellular,may
33178,0,0.62603453,cellular,may
33179,1,0.06915986,cellular,may
33180,0,0.10174964,cellular,may
33181,0,0.0716874,cellular,may
33182,0,0.10257206,cellular,may
33183,0,0.07117114,cellular,may
33184,0,0.09530213,cellular,may
33185,0,0.06638461,cellular,may
33186,0,0.09353282,telephone,may
33187,0,0.10239187,cellular,may
33188,0,0.10304536,cellular,may
33189,0,0.10284848,cellular,may
33190,0,0.62603453,cellular,may
33191,0,0.10247553,cellular,may
33192,1,0.1033385,cellular,may
33193,0,0.09916885,telephone,may
33194,0,0.10411847,cellular,may
33195,0,0.10291036,cellular,may
33196,0,0.09916885,telephone,may
33197,0,0.099964,cellular,may
33198,0,0.1013406,cellular,may
33199,0,0.06825081,cellular,may
33200,0,0.10750987,cellular,may
33201,1,0.10455946,cellular,may
33202,0,0.07186767,cellular,may
33203,0,0.07271257,cellular,may
33204,0,0.07146487,cellular,may
33205,0,0.1015257,cellular,may
33206,0,0.07229855,cellular,may
33207,0,0.10047185,cellular,may
33208,0,0.10254717,cellular,may
33209,0,0.07168825,cellular,may
33210,0,0.07157549,cellular,may
33211,0,0.10213487,cellular,may
33212,0,0.10633376,cellular,may
33213,0,0.06694731,cellular,may
33214,0,0.1029024,cellular,may
33215,0,0.10434536,cellular,may
33216,1,0.09812097,cellular,may
33217,0,0.10254859,cellular,may
33218,1,0.10089914,cellular,may
33219,0,0.10052599,cellular,may
33220,0,0.0935916,telephone,may
33221,0,0.0747732,cellular,may
33222,1,0.10015341,cellular,may
33223,0,0.07225717,cellular,may
33224,0,0.10071634,cellular,may
33225,0,0.1003392,cellular,may
33226,0,0.10284257,cellular,may
33227,0,0.1017752,cellular,may
33228,0,0.07132459,cellular,may
33229,0,0.10502617,cellular,may
33230,1,0.1019388,cellular,may
33231,0,0.09336437,cellular,may
33232,0,0.10124681,cellular,may
33233,0,0.10089428,cellular,may
33234,0,0.10209019,cellular,may
33235,0,0.09712051,cellular,may
33236,0,0.09563484,cellular,may
33237,1,0.10141336,cellular,may
33238,0,0.07003495,cellular,may
33239,0,0.10174259,cellular,may
33240,0,0.06967281,cellular,may
33241,0,0.09787659,cellular,may
33242,0,0.09949193,cellular,may
33243,0,0.10073272,telephone,may
33244,0,0.10065308,cellular,may
33245,0,0.10065308,cellular,may
33246,0,0.07205104,cellular,may
33247,0,0.10110146,cellular,may
33248,0,0.10246587,cellular,may
33249,0,0.10439269,cellular,may
33250,0,0.06864489,telephone,may
33251,0,0.62603453,cellular,may
33252,0,0.10407929,cellular,may
33253,0,0.10163918,cellular,may
33254,0,0.09992421,cellular,may
33255,0,0.07119226,cellular,may
33256,0,0.10188175,cellular,may
33257,0,0.10341936,cellular,may
33258,0,0.07224081,cellular,may
33259,0,0.09579935,telephone,may
33260,0,0.10298996,cellular,may
33261,0,0.10353419,cellular,may
33262,0,0.10270919,cellular,may
33263,0,0.07260102,cellular,may
33264,0,0.108273,cellular,may
33265,0,0.09923959,cellular,may
33266,0,0.10274747,cellular,may
33267,0,0.10272987,cellular,may
33268,0,0.10000707,telephone,may
33269,0,0.07349824,cellular,may
33270,0,0.0722536,cellular,may
33271,0,0.09589078,telephone,may
33272,0,0.07343442,cellular,may
33273,0,0.07205214,cellular,may
33274,0,0.0687992,cellular,may
33275,0,0.10324951,cellular,may
33276,0,0.10350463,cellular,may
33277,0,0.10306757,cellular,may
33278,0,0.10073786,cellular,may
33279,0,0.07243833,cellular,may
33280,0,0.06841822,cellular,may
33281,0,0.09859957,telephone,may
33282,0,0.07229712,cellular,may
33283,0,0.10003736,telephone,may
33284,0,0.10319176,cellular,may
33285,0,0.10058525,cellular,may
33286,0,0.10193807,cellular,may
33287,0,0.10361235,cellular,may
33288,0,0.07141965,cellular,may
33289,0,0.09580128,telephone,may
33290,0,0.10207723,cellular,may
33291,0,0.06927018,cellular,may
33292,0,0.09557199,cellular,may
33293,0,0.07267503,cellular,may
33294,0,0.1010413,cellular,may
33295,1,0.06596084,cellular,may
33296,0,0.06989917,cellular,may
33297,0,0.10204385,cellular,may
33298,0,0.10383149,cellular,may
33299,0,0.069956,cellular,may
33300,0,0.0727211,cellular,may
33301,0,0.07051808,cellular,may
33302,0,0.10043454,cellular,may
33303,1,0.10043454,cellular,may
33304,0,0.09627336,cellular,may
33305,0,0.10218151,cellular,may
33306,0,0.07129999,cellular,may
33307,0,0.10314491,cellular,may
33308,0,0.10019848,cellular,may
33309,0,0.10237153,cellular,may
33310,0,0.1009698,cellular,may
33311,0,0.02293206,cellular,may
33312,0,0.10043454,cellular,may
33313,0,0.07046829,cellular,may
33314,0,0.10257638,cellular,may
33315,0,0.10094192,cellular,may
33316,0,0.10772417,telephone,may
33317,0,0.09817175,telephone,may
33318,0,0.10120385,cellular,may
33319,1,0.1018208,cellular,may
33320,0,0.10191308,cellular,may
33321,1,0.05803321,cellular,may
33322,0,0.09793484,telephone,may
33323,0,0.06900495,cellular,may
33324,0,0.10289562,cellular,may
33325,0,0.07080811,cellular,may
33326,0,0.09774918,telephone,may
33327,0,0.07260142,cellular,may
33328,0,0.07080811,cellular,may
33329,0,0.07094663,cellular,may
33330,0,0.10144316,cellular,may
33331,0,0.10044405,cellular,may
33332,0,0.09933839,telephone,may
33333,0,0.62603453,cellular,may
33334,0,0.10067917,cellular,may
33335,0,0.09997722,telephone,may
33336,0,0.10086978,cellular,may
33337,0,0.10088996,cellular,may
33338,0,0.07269012,cellular,may
33339,0,0.10086978,cellular,may
33340,0,0.07202618,cellular,may
33341,0,0.10025787,cellular,may
33342,0,0.08230893,cellular,may
33343,1,0.06917317,cellular,may
33344,0,0.06942853,cellular,may
33345,0,0.10297592,cellular,may
33346,0,0.09653033,telephone,may
33347,0,0.09973928,cellular,may
33348,0,0.10168945,cellular,may
33349,0,0.10061009,cellular,may
33350,0,0.06894667,cellular,may
33351,0,0.10255812,cellular,may
33352,0,0.09684027,cellular,may
33353,0,0.09801657,cellular,may
33354,0,0.07986095,cellular,may
33355,0,0.10168018,cellular,may
33356,0,0.10315875,cellular,may
33357,0,0.07114518,cellular,may
33358,0,0.10260949,cellular,may
33359,0,0.10349928,cellular,may
33360,1,0.10168018,cellular,may
33361,0,0.07104903,cellular,may
33362,0,0.07091033,cellular,may
33363,0,0.10139297,cellular,may
33364,0,0.10074813,cellular,may
33365,0,0.10029902,cellular,may
33366,0,0.09672775,cellular,may
33367,0,0.07151986,cellular,may
33368,0,0.06922376,cellular,may
33369,0,0.10433324,cellular,may
33370,0,0.10306043,cellular,may
33371,0,0.09923959,cellular,may
33372,0,0.10011023,cellular,may
33373,0,0.07240826,cellular,may
33374,0,0.10334006,cellular,may
33375,0,0.0718596,cellular,may
33376,0,0.10386906,cellular,may
33377,0,0.09905172,cellular,may
33378,0,0.07087357,cellular,may
33379,0,0.09670149,cellular,may
33380,0,0.09389127,cellular,may
33381,0,0.07278357,cellular,may
33382,0,0.10383851,cellular,may
33383,1,0.62603453,cellular,may
33384,0,0.06892437,telephone,may
33385,0,0.1018653,cellular,may
33386,0,0.07006438,cellular,may
33387,1,0.62603453,cellular,may
33388,0,0.10273078,cellular,may
33389,0,0.07141089,cellular,may
33390,0,0.07290979,cellular,may
33391,0,0.62603453,cellular,may
33392,0,0.10109552,cellular,may
33393,0,0.10022258,cellular,may
33394,0,0.07181034,cellular,may
33395,0,0.0998373,cellular,may
33396,0,0.09842161,cellular,may
33397,0,0.10282533,cellular,may
33398,0,0.09523688,cellular,may
33399,1,0.10144316,cellular,may
33400,0,0.10289911,cellular,may
33401,0,0.10296408,cellular,may
33402,0,0.10266114,cellular,may
33403,0,0.09546745,cellular,may
33404,0,0.10333871,cellular,may
33405,0,0.07267003,cellular,may
33406,0,0.10263814,cellular,may
33407,0,0.02357099,cellular,may
33408,0,0.07184522,cellular,may
33409,0,0.10354231,cellular,may
33410,0,0.10329146,cellular,may
33411,0,0.07308412,cellular,may
33412,0,0.0991967,cellular,may
33413,0,0.09306081,cellular,may
33414,0,0.09809717,telephone,may
33415,0,0.099192,cellular,may
33416,0,0.07113057,cellular,may
33417,1,0.10212485,cellular,may
33418,0,0.0725129,cellular,may
33419,0,0.10173818,cellular,may
33420,0,0.07144299,cellular,may
33421,0,0.0725129,cellular,may
33422,0,0.0682827,cellular,may
33423,0,0.07192788,cellular,may
33424,0,0.10355483,cellular,may
33425,0,0.09963546,cellular,may
33426,1,0.10310923,cellular,may
33427,0,0.10399305,cellular,may
33428,0,0.099516,cellular,may
33429,0,0.06969022,cellular,may
33430,0,0.10361071,cellular,may
33431,0,0.07252736,cellular,may
33432,0,0.62603453,cellular,may
33433,0,0.10312544,cellular,may
33434,1,0.10341552,cellular,may
33435,0,0.07209897,cellular,may
33436,0,0.09835145,cellular,may
33437,0,0.07230675,cellular,may
33438,0,0.10262491,cellular,may
33439,1,0.10281527,cellular,may
33440,0,0.07272089,cellular,may
33441,0,0.10304766,cellular,may
33442,0,0.10093325,cellular,may
33443,0,0.07071607,cellular,may
33444,0,0.10347848,cellular,may
33445,0,0.09992219,cellular,may
33446,0,0.10424958,cellular,may
33447,0,0.09378336,cellular,may
33448,0,0.07038666,cellular,may
33449,0,0.09859957,telephone,may
33450,0,0.10094866,cellular,may
33451,0,0.10324811,cellular,may
33452,0,0.10066198,cellular,may
33453,0,0.10120188,cellular,may
33454,1,0.09288111,cellular,may
33455,0,0.10394286,cellular,may
33456,0,0.09438302,telephone,may
33457,0,0.07076703,cellular,may
33458,0,0.10344069,cellular,may
33459,0,0.10426077,cellular,may
33460,0,0.10388693,cellular,may
33461,0,0.07287721,cellular,may
33462,0,0.0976732,cellular,may
33463,0,0.1035712,cellular,may
33464,0,0.07194655,cellular,may
33465,0,0.07133716,cellular,may
33466,0,0.08734438,cellular,may
33467,0,0.09841671,cellular,may
33468,0,0.10344809,cellular,may
33469,1,0.10397554,cellular,may
33470,0,0.62603453,cellular,may
33471,0,0.10360245,cellular,may
33472,0,0.0700684,cellular,may
33473,0,0.0992651,cellular,may
33474,0,0.07245136,cellular,may
33475,0,0.10920121,cellular,may
33476,0,0.09857046,telephone,may
33477,0,0.0706316,cellular,may
33478,1,0.09917637,cellular,may
33479,0,0.071128,cellular,may
33480,1,0.10170058,cellular,may
33481,0,0.09821841,telephone,may
33482,1,0.10461665,cellular,may
33483,0,0.06997897,telephone,may
33484,0,0.10285926,cellular,may
33485,0,0.0691705,cellular,may
33486,0,0.07175316,cellular,may
33487,0,0.10159794,cellular,may
33488,0,0.06944373,telephone,may
33489,0,0.07113048,cellular,may
33490,0,0.07123544,cellular,may
33491,0,0.06857228,cellular,may
33492,1,0.10288338,cellular,may
33493,0,0.06957063,cellular,may
33494,0,0.10006448,cellular,may
33495,0,0.06677102,telephone,may
33496,0,0.07232217,cellular,may
33497,0,0.10269449,cellular,may
33498,0,0.09975473,cellular,may
33499,0,0.09942281,cellular,may
33500,0,0.10278955,cellular,may
33501,0,0.06832009,cellular,may
33502,0,0.10122025,cellular,may
33503,1,0.10204223,cellular,may
33504,1,0.09881723,cellular,may
33505,0,0.09889985,telephone,may
33506,0,0.09997521,cellular,may
33507,0,0.10299765,cellular,may
33508,1,0.62603453,cellular,may
33509,0,0.07280972,cellular,may
33510,0,0.10309518,cellular,may
33511,0,0.06964379,telephone,may
33512,1,0.10430861,cellular,may
33513,0,0.10285058,cellular,may
33514,0,0.07088501,cellular,may
33515,0,0.09808125,cellular,may
33516,1,0.10894184,cellular,may
33517,0,0.07249396,cellular,may
33518,0,0.10378554,cellular,may
33519,0,0.07105941,cellular,may
33520,0,0.06440576,cellular,may
33521,0,0.10221134,cellular,may
33522,0,0.10262836,cellular,may
33523,0,0.1070871,cellular,may
33524,0,0.09611485,cellular,may
33525,0,0.10076754,cellular,may
33526,0,0.07251819,cellular,may
33527,0,0.10414778,cellular,may
33528,0,0.10179476,cellular,may
33529,0,0.1006627,cellular,may
33530,0,0.07330028,cellular,may
33531,0,0.07194042,cellular,may
33532,0,0.10430861,cellular,may
33533,0,0.06807952,telephone,may
33534,0,0.10283863,cellular,may
33535,0,0.10503378,cellular,may
33536,0,0.10384322,cellular,may
33537,0,0.10178071,cellular,may
33538,0,0.10026851,cellular,may
33539,0,0.10774772,cellular,may
33540,0,0.10355785,cellular,may
33541,0,0.10332914,cellular,may
33542,0,0.06872345,cellular,may
33543,0,0.10005675,cellular,may
33544,0,0.10252994,cellular,may
33545,0,0.10350679,cellular,may
33546,0,0.10058975,telephone,may
33547,0,0.09776264,telephone,may
33548,0,0.10207601,cellular,may
33549,1,0.62603453,telephone,may
33550,0,0.05844974,cellular,may
33551,0,0.10086958,cellular,may
33552,0,0.07059982,cellular,may
33553,0,0.10197746,cellular,may
33554,0,0.0962814,telephone,may
33555,0,0.07034926,cellular,may
33556,0,0.06835421,cellular,may
33557,0,0.07301215,cellular,may
33558,0,0.10378554,cellular,may
33559,0,0.10373438,cellular,may
33560,0,0.07010144,cellular,may
33561,0,0.09712747,telephone,may
33562,0,0.06389212,telephone,may
33563,0,0.06717849,telephone,may
33564,0,0.06954417,telephone,may
33565,1,0.10311103,cellular,may
33566,0,0.10315438,cellular,may
33567,0,0.07119715,cellular,may
33568,0,0.10055892,cellular,may
33569,0,0.09833452,cellular,may
33570,0,0.10320123,cellular,may
33571,0,0.06343507,cellular,may
33572,0,0.10142469,cellular,may
33573,0,0.09626561,telephone,may
33574,0,0.09325498,cellular,may
33575,0,0.10418271,cellular,may
33576,0,0.09465356,cellular,may
33577,0,0.0697469,telephone,may
33578,0,0.09756092,cellular,may
33579,0,0.09827416,cellular,may
33580,0,0.10199064,cellular,may
33581,0,0.09636555,telephone,may
33582,0,0.09867068,telephone,may
33583,0,0.06925178,cellular,may
33584,0,0.06809759,telephone,may
33585,0,0.10075114,cellular,may
33586,0,0.09932513,cellular,may
33587,0,0.07081796,cellular,may
33588,0,0.07231155,cellular,may
33589,0,0.09971354,cellular,may
33590,0,0.10274718,cellular,may
33591,0,0.10024322,cellular,may
33592,0,0.10257339,cellular,may
33593,0,0.07144693,cellular,may
33594,0,0.10150716,cellular,may
33595,0,0.07130875,cellular,may
33596,0,0.10188608,cellular,may
33597,0,0.09790474,telephone,may
33598,0,0.07257149,cellular,may
33599,0,0.07041019,cellular,may
33600,0,0.0723524,cellular,may
33601,0,0.06760586,telephone,may
33602,0,0.09566784,telephone,may
33603,0,0.02297285,cellular,may
33604,0,0.10114528,cellular,may
33605,0,0.10482862,cellular,may
33606,0,0.09754389,telephone,may
33607,0,0.07307103,cellular,may
33608,0,0.09920857,telephone,may
33609,0,0.10926697,cellular,may
33610,0,0.09539006,cellular,may
33611,0,0.07211676,cellular,may
33612,0,0.09519484,telephone,may
33613,0,0.07079791,cellular,may
33614,0,0.06938723,telephone,may
33615,0,0.09531504,telephone,may
33616,0,0.0620887,telephone,may
33617,0,0.10095829,cellular,may
33618,0,0.10214137,cellular,may
33619,0,0.10206005,cellular,may
33620,0,0.06569525,cellular,may
33621,0,0.10231731,cellular,may
33622,1,0.0703959,cellular,may
33623,0,0.10451361,cellular,may
33624,0,0.09815417,telephone,may
33625,0,0.10503953,telephone,may
33626,0,0.09369139,telephone,may
33627,0,0.10373342,cellular,may
33628,0,0.09795157,telephone,may
33629,0,0.0722555,cellular,may
33630,0,0.07322942,telephone,may
33631,0,0.10311764,cellular,may
33632,0,0.09975295,cellular,may
33633,0,0.09586097,cellular,may
33634,0,0.10361408,cellular,may
33635,0,0.10282811,cellular,may
33636,0,0.09181103,cellular,may
33637,0,0.10351249,cellular,may
33638,0,0.09431065,telephone,may
33639,0,0.10230278,cellular,may
33640,0,0.09765796,cellular,may
33641,0,0.09778845,telephone,may
33642,0,0.06948461,cellular,may
33643,0,0.06869484,cellular,may
33644,0,0.09910169,cellular,may
33645,0,0.06364699,cellular,may
33646,0,0.07110454,cellular,may
33647,0,0.10228868,cellular,may
33648,0,0.09678217,cellular,may
33649,0,0.10237345,cellular,may
33650,0,0.10025905,cellular,may
33651,0,0.10019887,cellular,may
33652,0,0.07171379,cellular,may
33653,0,0.07078415,cellular,may
33654,0,0.10176559,cellular,may
33655,0,0.02253133,telephone,may
33656,0,0.10176559,cellular,may
33657,0,0.06794642,telephone,may
33658,0,0.10584005,telephone,may
33659,0,0.07200752,cellular,may
33660,0,0.07046439,cellular,may
33661,1,0.10526351,cellular,may
33662,0,0.09364359,telephone,may
33663,0,0.07044256,cellular,may
33664,0,0.06790443,cellular,may
33665,0,0.09772611,telephone,may
33666,0,0.07107885,cellular,may
33667,1,0.07260657,cellular,may
33668,0,0.09860026,cellular,may
33669,0,0.10363856,cellular,may
33670,0,0.10196563,cellular,may
33671,0,0.08719659,cellular,may
33672,0,0.10314543,cellular,may
33673,0,0.10177319,cellular,may
33674,0,0.06795675,cellular,may
33675,0,0.06653561,cellular,may
33676,0,0.07184162,cellular,may
33677,0,0.07256132,cellular,may
33678,0,0.06988032,telephone,may
33679,0,0.10909031,cellular,may
33680,0,0.09844576,telephone,may
33681,0,0.07284194,cellular,may
33682,0,0.10219431,cellular,may
33683,0,0.10188085,cellular,may
33684,0,0.07118638,cellular,may
33685,0,0.1026328,cellular,may
33686,0,0.10296502,cellular,may
33687,0,0.02338743,cellular,may
33688,0,0.07118638,cellular,may
33689,0,0.10296502,cellular,may
33690,0,0.07279188,cellular,may
33691,0,0.09711744,cellular,may
33692,0,0.09790835,telephone,may
33693,0,0.07306198,cellular,may
33694,0,0.07238985,cellular,may
33695,0,0.07190938,cellular,may
33696,1,0.10305285,cellular,may
33697,0,0.10343768,cellular,may
33698,0,0.10212539,cellular,may
33699,0,0.06885203,telephone,may
33700,0,0.07190938,cellular,may
33701,0,0.10332323,cellular,may
33702,0,0.06806294,telephone,may
33703,0,0.1034497,cellular,may
33704,0,0.09702286,cellular,may
33705,1,0.10200374,cellular,may
33706,0,0.07282758,cellular,may
33707,0,0.07184261,cellular,may
33708,0,0.10347416,cellular,may
33709,0,0.09989674,cellular,may
33710,0,0.10196713,cellular,may
33711,0,0.09935071,cellular,may
33712,0,0.10172787,cellular,may
33713,0,0.1022643,cellular,may
33714,0,0.10848112,cellular,may
33715,0,0.07269016,cellular,may
33716,0,0.07338118,cellular,may
33717,0,0.07148882,cellular,may
33718,0,0.10166149,cellular,may
33719,1,0.10369253,cellular,may
33720,1,0.06938122,cellular,may
33721,0,0.1025978,cellular,may
33722,0,0.10155025,cellular,may
33723,0,0.10339324,cellular,may
33724,0,0.09560073,cellular,may
33725,0,0.08445251,telephone,may
33726,0,0.06227951,telephone,may
33727,0,0.07280493,cellular,may
33728,0,0.07108369,cellular,may
33729,0,0.07463712,cellular,may
33730,0,0.07871519,cellular,may
33731,1,0.10030199,cellular,may
33732,0,0.62603453,cellular,may
33733,0,0.10212389,cellular,may
33734,0,0.10115925,cellular,may
33735,0,0.09869569,cellular,may
33736,0,0.07910473,telephone,may
33737,0,0.0987078,telephone,may
33738,0,0.09721254,telephone,may
33739,0,0.09770953,cellular,may
33740,0,0.08712717,cellular,may
33741,0,0.04723636,cellular,may
33742,0,0.09893597,telephone,may
33743,0,0.10411846,cellular,may
33744,0,0.06935585,cellular,may
33745,0,0.1020354,cellular,may
33746,0,0.10202702,cellular,may
33747,1,0.10088851,cellular,may
33748,1,0.10369156,cellular,may
33749,0,0.10348122,cellular,may
33750,0,0.10373342,cellular,may
33751,0,0.09806663,cellular,may
33752,0,0.10289193,cellular,may
33753,1,0.10447973,cellular,may
33754,0,0.1026697,cellular,may
33755,0,0.07145381,cellular,may
33756,0,0.09723878,cellular,may
33757,0,0.07254569,cellular,may
33758,0,0.62603453,telephone,may
33759,0,0.0724422,cellular,may
33760,0,0.0762129,cellular,may
33761,1,0.10233746,cellular,may
33762,0,0.10113141,cellular,may
33763,0,0.10089093,cellular,may
33764,0,0.09690265,cellular,may
33765,0,0.10399301,cellular,may
33766,1,0.10126739,cellular,may
33767,0,0.07303602,cellular,may
33768,0,0.06727772,telephone,may
33769,0,0.10409529,cellular,may
33770,0,0.0957136,cellular,may
33771,0,0.06646048,cellular,may
33772,0,0.10277091,cellular,may
33773,0,0.10442425,cellular,may
33774,1,0.0765458,cellular,may
33775,0,0.10269873,cellular,may
33776,1,0.09913965,cellular,may
33777,0,0.07286572,cellular,may
33778,0,0.10217472,cellular,may
33779,0,0.10198193,cellular,may
33780,0,0.07068025,cellular,may
33781,1,0.10297245,cellular,may
33782,0,0.10388194,cellular,may
33783,0,0.1028128,cellular,may
33784,0,0.07286611,cellular,may
33785,0,0.07272414,cellular,may
33786,0,0.10159735,cellular,may
33787,0,0.10420671,cellular,may
33788,0,0.09999834,cellular,may
33789,0,0.07075486,telephone,may
33790,1,0.62603453,cellular,may
33791,0,0.07156344,cellular,may
33792,0,0.10415223,cellular,may
33793,0,0.10981887,cellular,may
33794,0,0.09326158,cellular,may
33795,0,0.07120498,cellular,may
33796,0,0.10278648,cellular,may
33797,0,0.07282131,cellular,may
33798,0,0.1049005,cellular,may
33799,1,0.10308757,cellular,may
33800,1,0.07191123,cellular,may
33801,0,0.10399861,cellular,may
33802,0,0.10309452,cellular,may
33803,0,0.07040557,telephone,may
33804,0,0.07112929,cellular,may
33805,0,0.07225044,cellular,may
33806,0,0.10282131,cellular,may
33807,0,0.10153283,cellular,may
33808,0,0.06972072,cellular,may
33809,0,0.10394153,cellular,may
33810,0,0.09257318,telephone,may
33811,0,0.10021464,cellular,may
33812,0,0.07107585,cellular,may
33813,0,0.0987542,cellular,may
33814,0,0.10369156,cellular,may
33815,0,0.07140412,cellular,may
33816,0,0.1008651,cellular,may
33817,0,0.10304976,cellular,may
33818,0,0.10087224,cellular,may
33819,1,0.1006745,cellular,may
33820,0,0.1006745,cellular,may
33821,0,0.06956547,cellular,may
33822,0,0.07007794,cellular,may
33823,0,0.08891229,telephone,may
33824,0,0.62603453,cellular,may
33825,0,0.09928742,cellular,may
33826,0,0.10058662,cellular,may
33827,0,0.07212302,cellular,may
33828,0,0.09800999,telephone,may
33829,0,0.10555762,cellular,may
33830,0,0.10058662,cellular,may
33831,0,0.07100269,cellular,may
33832,0,0.09924163,cellular,may
33833,0,0.06882843,telephone,may
33834,1,0.07106088,cellular,may
33835,0,0.07132635,cellular,may
33836,0,0.10379436,cellular,may
33837,0,0.08857947,telephone,may
33838,0,0.10522822,cellular,may
33839,0,0.09666831,telephone,may
33840,0,0.10137676,cellular,may
33841,0,0.07263331,cellular,may
33842,0,0.06864334,cellular,may
33843,0,0.07262527,cellular,may
33844,0,0.07041913,cellular,may
33845,0,0.06902967,cellular,may
33846,1,0.10399495,cellular,may
33847,0,0.10248685,cellular,may
33848,0,0.62603453,cellular,may
33849,0,0.09815363,cellular,may
33850,0,0.07053008,telephone,may
33851,1,0.10534795,cellular,may
33852,0,0.07025722,telephone,may
33853,0,0.07165843,cellular,may
33854,0,0.07260061,cellular,may
33855,0,0.10156882,cellular,may
33856,0,0.10388179,cellular,may
33857,0,0.07285341,cellular,may
33858,0,0.10168001,cellular,may
33859,0,0.10369476,cellular,may
33860,0,0.07226521,cellular,may
33861,0,0.10388179,cellular,may
33862,0,0.10143814,cellular,may
33863,0,0.07127446,cellular,may
33864,0,0.10286299,cellular,may
33865,0,0.07129011,cellular,may
33866,0,0.10431482,cellular,may
33867,0,0.10183748,cellular,may
33868,0,0.07177816,cellular,may
33869,0,0.09580073,cellular,may
33870,0,0.10071832,telephone,may
33871,0,0.10511569,cellular,may
33872,0,0.09998967,cellular,may
33873,0,0.10217412,cellular,may
33874,0,0.10922194,cellular,may
33875,0,0.09941994,cellular,may
33876,0,0.10213882,cellular,may
33877,0,0.10149737,telephone,may
33878,0,0.10244954,cellular,may
33879,0,0.10396967,cellular,may
33880,0,0.10129334,cellular,may
33881,0,0.07110819,cellular,may
33882,0,0.10261738,cellular,may
33883,0,0.09357016,cellular,may
33884,0,0.10148479,cellular,may
33885,1,0.10274063,cellular,may
33886,0,0.06919582,telephone,may
33887,0,0.09893812,cellular,may
33888,0,0.10256275,cellular,may
33889,0,0.07295511,cellular,may
33890,0,0.06545811,cellular,may
33891,0,0.10189622,cellular,may
33892,0,0.06922517,cellular,may
33893,0,0.09941692,cellular,may
33894,0,0.09912937,cellular,may
33895,0,0.10254371,cellular,may
33896,0,0.07163815,cellular,may
33897,0,0.10271735,cellular,may
33898,0,0.07321775,cellular,may
33899,0,0.07267003,cellular,may
33900,0,0.1026347,cellular,may
33901,0,0.07139264,cellular,may
33902,0,0.10415223,cellular,may
33903,0,0.10236719,cellular,may
33904,0,0.1030605,cellular,may
33905,0,0.06862626,cellular,may
33906,0,0.10274063,cellular,may
33907,0,0.10054012,cellular,may
33908,0,0.10459434,cellular,may
33909,1,0.10165061,cellular,may
33910,0,0.10193848,cellular,may
33911,0,0.10434464,cellular,may
33912,0,0.07213258,cellular,may
33913,0,0.09470553,cellular,may
33914,1,0.07266758,cellular,may
33915,0,0.06922723,cellular,may
33916,0,0.07274168,cellular,may
33917,1,0.1028555,cellular,may
33918,0,0.10275867,cellular,may
33919,0,0.06975307,cellular,may
33920,0,0.10274155,cellular,may
33921,0,0.07274168,cellular,may
33922,0,0.06936762,telephone,may
33923,0,0.10399355,cellular,may
33924,0,0.06992278,cellular,may
33925,0,0.07193642,cellular,may
33926,0,0.10177602,cellular,may
33927,1,0.10301551,cellular,may
33928,0,0.10136408,cellular,may
33929,0,0.07211124,cellular,may
33930,0,0.10334121,cellular,may
33931,0,0.10278118,cellular,may
33932,0,0.10377929,cellular,may
33933,0,0.06968585,cellular,may
33934,0,0.10024723,telephone,may
33935,0,0.07148497,cellular,may
33936,0,0.0998465,cellular,may
33937,0,0.09372318,telephone,may
33938,0,0.1028128,cellular,may
33939,0,0.06902755,telephone,may
33940,1,0.1009905,cellular,may
33941,0,0.10396967,cellular,may
33942,0,0.10231717,cellular,may
33943,0,0.06942407,telephone,may
33944,0,0.10322634,cellular,may
33945,0,0.10377388,cellular,may
33946,0,0.10313122,cellular,may
33947,0,0.10542402,cellular,may
33948,0,0.10142449,cellular,may
33949,0,0.10086128,cellular,may
33950,0,0.10265209,cellular,may
33951,0,0.07125347,cellular,may
33952,0,0.07533478,cellular,may
33953,0,0.10309342,cellular,may
33954,0,0.07116748,cellular,may
33955,0,0.07166264,cellular,may
33956,0,0.10286693,cellular,may
33957,0,0.07223591,cellular,may
33958,0,0.10191874,cellular,may
33959,0,0.10929446,cellular,may
33960,0,0.0732217,cellular,may
33961,0,0.09764605,cellular,may
33962,0,0.10362947,cellular,may
33963,0,0.62603453,cellular,may
33964,0,0.0721744,cellular,may
33965,0,0.09898169,cellular,may
33966,0,0.06916818,cellular,may
33967,0,0.10265486,cellular,may
33968,0,0.10346217,cellular,may
33969,0,0.07243362,cellular,may
33970,0,0.07243362,cellular,may
33971,0,0.06995032,cellular,may
33972,0,0.10369346,cellular,may
33973,1,0.07255167,cellular,may
33974,0,0.10399247,cellular,may
33975,0,0.10281021,cellular,may
33976,0,0.10402198,cellular,may
33977,0,0.10132087,cellular,may
33978,0,0.06877643,cellular,may
33979,0,0.07010713,cellular,may
33980,0,0.10269239,cellular,may
33981,0,0.06966172,cellular,may
33982,0,0.09363303,cellular,may
33983,0,0.10009214,cellular,may
33984,0,0.1024912,cellular,may
33985,0,0.10269239,cellular,may
33986,0,0.07259651,cellular,may
33987,0,0.10049223,cellular,may
33988,0,0.02351257,cellular,may
33989,0,0.62603453,cellular,may
33990,0,0.10328606,cellular,may
33991,0,0.09977797,cellular,may
33992,0,0.07236658,cellular,may
33993,0,0.10424248,cellular,may
33994,0,0.10439135,cellular,may
33995,0,0.10046534,cellular,may
33996,0,0.07203509,cellular,may
33997,0,0.10294617,cellular,may
33998,1,0.10123049,cellular,may
33999,0,0.09975283,telephone,may
34000,0,0.07126478,cellular,may
34001,0,0.07251454,cellular,may
34002,1,0.10003107,telephone,may
34003,0,0.10301551,cellular,may
34004,0,0.10311823,cellular,may
34005,0,0.10375139,cellular,may
34006,0,0.10280825,cellular,may
34007,0,0.07031833,cellular,may
34008,0,0.1007674,cellular,may
34009,0,0.0717993,cellular,may
34010,0,0.07216297,cellular,may
34011,0,0.10222764,cellular,may
34012,0,0.10104904,cellular,may
34013,0,0.10192183,cellular,may
34014,0,0.10155647,cellular,may
34015,0,0.07296567,cellular,may
34016,0,0.07152671,cellular,may
34017,0,0.10153705,cellular,may
34018,0,0.10386263,cellular,may
34019,1,0.1028128,cellular,may
34020,0,0.1033691,cellular,may
34021,0,0.10451634,cellular,may
34022,0,0.09922388,cellular,may
34023,0,0.09579053,cellular,may
34024,0,0.10319327,cellular,may
34025,0,0.06943461,cellular,may
34026,1,0.07065999,cellular,may
34027,0,0.07151988,cellular,may
34028,0,0.10401083,cellular,may
34029,0,0.07209894,cellular,may
34030,0,0.1028128,cellular,may
34031,0,0.10343425,cellular,may
34032,0,0.07098272,cellular,may
34033,0,0.10173184,cellular,may
34034,0,0.10427058,cellular,may
34035,1,0.07138033,cellular,may
34036,0,0.063258,cellular,may
34037,0,0.10446598,cellular,may
34038,0,0.10445278,cellular,may
34039,0,0.10349129,cellular,may
34040,0,0.10517201,cellular,may
34041,1,0.10180032,cellular,may
34042,0,0.10416825,cellular,may
34043,0,0.10026,cellular,may
34044,0,0.1039537,cellular,may
34045,0,0.10142931,cellular,may
34046,0,0.07211354,cellular,may
34047,0,0.07110298,cellular,may
34048,1,0.10180032,cellular,may
34049,0,0.07274328,cellular,may
34050,0,0.07286994,cellular,may
34051,1,0.09636923,telephone,may
34052,0,0.10186504,cellular,may
34053,0,0.0997088,cellular,may
34054,0,0.62603453,telephone,may
34055,0,0.10759812,cellular,may
34056,0,0.09542456,telephone,may
34057,0,0.10471039,cellular,may
34058,0,0.10312591,cellular,may
34059,0,0.07111229,cellular,may
34060,0,0.10339189,cellular,may
34061,0,0.07249458,cellular,may
34062,0,0.10148479,cellular,may
34063,0,0.10157317,cellular,may
34064,0,0.07121581,cellular,may
34065,0,0.10008813,cellular,may
34066,1,0.10035977,cellular,may
34067,0,0.10293593,cellular,may
34068,0,0.10471913,cellular,may
34069,0,0.07206997,cellular,may
34070,0,0.10037433,cellular,may
34071,1,0.10306913,cellular,may
34072,0,0.07179581,cellular,may
34073,0,0.07226873,cellular,may
34074,0,0.073169,cellular,may
34075,0,0.10090658,cellular,may
34076,0,0.10215075,cellular,may
34077,0,0.07333312,cellular,may
34078,0,0.0988711,telephone,may
34079,0,0.02339302,cellular,may
34080,0,0.10256905,cellular,may
34081,0,0.07274515,cellular,may
34082,0,0.10316558,cellular,may
34083,0,0.1041952,cellular,may
34084,0,0.10125696,cellular,may
34085,0,0.07253383,cellular,may
34086,0,0.07226873,cellular,may
34087,0,0.10233801,cellular,may
34088,0,0.10019916,cellular,may
34089,1,0.62603453,cellular,may
34090,0,0.10045507,cellular,may
34091,0,0.10357038,cellular,may
34092,0,0.06973429,cellular,may
34093,0,0.07331811,cellular,may
34094,1,0.10481882,cellular,may
34095,1,0.10419466,cellular,may
34096,0,0.07070419,cellular,may
34097,0,0.0721606,cellular,may
34098,0,0.10279864,cellular,may
34099,0,0.10331882,cellular,may
34100,0,0.10363203,cellular,may
34101,0,0.09946913,telephone,may
34102,0,0.07208182,cellular,may
34103,0,0.10083841,telephone,may
34104,0,0.10331627,cellular,may
34105,0,0.07156274,cellular,may
34106,0,0.07257451,cellular,may
34107,0,0.09928964,cellular,may
34108,0,0.09439459,telephone,may
34109,0,0.06911753,telephone,may
34110,0,0.07410311,cellular,may
34111,0,0.06987312,cellular,may
34112,0,0.09834828,cellular,may
34113,0,0.09341173,telephone,may
34114,0,0.07345412,cellular,may
34115,0,0.10351287,cellular,may
34116,0,0.06914832,telephone,may
34117,0,0.10311303,cellular,may
34118,0,0.07198766,cellular,may
34119,0,0.10380956,cellular,may
34120,1,0.07329605,cellular,may
34121,0,0.10280977,cellular,may
34122,0,0.62603453,cellular,may
34123,0,0.07255195,cellular,may
34124,0,0.10404107,cellular,may
34125,0,0.09445939,cellular,may
34126,0,0.1030303,cellular,may
34127,0,0.08882307,cellular,may
34128,0,0.10280207,cellular,may
34129,0,0.10396852,cellular,may
34130,0,0.62603453,cellular,may
34131,0,0.10208956,cellular,may
34132,0,0.09796118,cellular,may
34133,0,0.09633594,telephone,may
34134,0,0.10397144,cellular,may
34135,0,0.10090736,cellular,may
34136,0,0.07240429,cellular,may
34137,1,0.07267331,cellular,may
34138,0,0.07297249,cellular,may
34139,0,0.10070106,cellular,may
34140,0,0.10202809,cellular,may
34141,0,0.1018004,cellular,may
34142,0,0.10243378,cellular,may
34143,0,0.07249724,cellular,may
34144,0,0.10224933,cellular,may
34145,1,0.10513662,cellular,may
34146,0,0.10043523,cellular,may
34147,0,0.10376397,cellular,may
34148,0,0.09495464,cellular,may
34149,0,0.1033632,cellular,may
34150,0,0.07039241,cellular,may
34151,0,0.10236487,cellular,may
34152,0,0.09916252,cellular,may
34153,0,0.10334129,cellular,may
34154,0,0.10330472,cellular,may
34155,0,0.09665012,telephone,may
34156,0,0.10504524,cellular,may
34157,0,0.10098801,cellular,may
34158,0,0.07306159,cellular,may
34159,0,0.1003867,cellular,may
34160,0,0.10211113,cellular,may
34161,0,0.0721573,cellular,may
34162,0,0.10162691,cellular,may
34163,0,0.10368425,cellular,may
34164,0,0.06989271,telephone,may
34165,0,0.06971777,cellular,may
34166,1,0.10222096,cellular,may
34167,0,0.10474146,cellular,may
34168,0,0.09966848,cellular,may
34169,0,0.06875774,telephone,may
34170,0,0.10431323,cellular,may
34171,0,0.07674575,cellular,may
34172,0,0.10445839,cellular,may
34173,0,0.07331811,cellular,may
34174,0,0.0881358,telephone,may
34175,0,0.09894156,cellular,may
34176,0,0.09876957,cellular,may
34177,0,0.10252857,cellular,may
34178,0,0.06831526,cellular,may
34179,0,0.10483349,cellular,may
34180,0,0.10140957,cellular,may
34181,0,0.09893412,cellular,may
34182,0,0.10416959,cellular,may
34183,0,0.10082093,cellular,may
34184,0,0.09869475,telephone,may
34185,0,0.10125696,telephone,may
34186,0,0.10367477,cellular,may
34187,0,0.10232943,cellular,may
34188,0,0.10252344,cellular,may
34189,0,0.10347464,cellular,may
34190,0,0.07732905,cellular,may
34191,0,0.07169665,cellular,may
34192,0,0.10387857,cellular,may
34193,0,0.07336403,cellular,may
34194,0,0.07075508,cellular,may
34195,0,0.10374237,cellular,may
34196,0,0.10380956,cellular,may
34197,1,0.10378748,cellular,may
34198,0,0.09745721,telephone,may
34199,0,0.10397306,cellular,may
34200,0,0.09662333,cellular,may
34201,0,0.09966848,cellular,may
34202,1,0.06864855,cellular,may
34203,1,0.09955407,cellular,may
34204,0,0.09696268,telephone,may
34205,1,0.09220509,telephone,may
34206,1,0.06783428,cellular,may
34207,0,0.10060838,cellular,may
34208,0,0.10330026,cellular,may
34209,0,0.07177172,cellular,may
34210,0,0.09815571,telephone,may
34211,0,0.10228049,cellular,may
34212,0,0.07950806,cellular,may
34213,1,0.10331117,cellular,may
34214,1,0.07168248,cellular,may
34215,0,0.10283192,cellular,may
34216,0,0.10302075,cellular,may
34217,0,0.09994614,cellular,may
34218,0,0.10853764,cellular,may
34219,0,0.10191229,cellular,may
34220,0,0.07328109,cellular,may
34221,0,0.06188523,cellular,may
34222,0,0.09858598,telephone,may
34223,0,0.10191153,cellular,may
34224,0,0.09392599,cellular,may
34225,0,0.07317754,cellular,may
34226,0,0.07276532,cellular,may
34227,0,0.10411108,cellular,may
34228,0,0.06965213,cellular,may
34229,0,0.0691393,telephone,may
34230,0,0.06993704,telephone,may
34231,0,0.10366116,cellular,may
34232,0,0.09361463,cellular,may
34233,0,0.1000247,cellular,may
34234,0,0.10115712,cellular,may
34235,0,0.10033429,cellular,may
34236,0,0.10132273,cellular,may
34237,0,0.10173378,cellular,may
34238,0,0.07082191,cellular,may
34239,0,0.08937499,telephone,may
34240,0,0.09145005,cellular,may
34241,0,0.06262294,cellular,may
34242,0,0.10197523,cellular,may
34243,0,0.09446303,cellular,may
34244,0,0.09371576,telephone,may
34245,0,0.06579525,cellular,may
34246,0,0.09540698,cellular,may
34247,0,0.09846725,cellular,may
34248,0,0.0974844,telephone,may
34249,0,0.0998294,cellular,may
34250,0,0.06930262,cellular,may
34251,0,0.09535971,telephone,may
34252,0,0.09853977,cellular,may
34253,0,0.08981073,telephone,may
34254,0,0.09395556,cellular,may
34255,0,0.10038579,cellular,may
34256,0,0.09751352,cellular,may
34257,0,0.06311666,cellular,may
34258,0,0.09984672,cellular,may
34259,0,0.09815464,cellular,may
34260,0,0.09563587,cellular,may
34261,0,0.09495746,cellular,may
34262,0,0.09936166,cellular,may
34263,0,0.06412226,telephone,may
34264,0,0.09317933,cellular,may
34265,0,0.09159092,cellular,may
34266,0,0.09895978,cellular,may
34267,0,0.03695629,cellular,may
34268,0,0.10188008,cellular,may
34269,0,0.09915032,cellular,may
34270,0,0.07061619,cellular,may
34271,0,0.06327451,cellular,may
34272,0,0.09857411,telephone,may
34273,0,0.09953102,cellular,may
34274,0,0.06859325,cellular,may
34275,0,0.1015899,cellular,may
34276,1,0.62603453,cellular,may
34277,0,0.06183688,cellular,may
34278,0,0.06554413,cellular,may
34279,0,0.10027239,cellular,may
34280,0,0.09996787,cellular,may
34281,0,0.06851672,cellular,may
34282,0,0.0939283,cellular,may
34283,0,0.09962375,cellular,may
34284,0,0.07052687,cellular,may
34285,1,0.09833319,cellular,may
34286,0,0.07877968,cellular,may
34287,0,0.09874792,cellular,may
34288,0,0.10149888,cellular,may
34289,1,0.10013574,cellular,may
34290,0,0.06628294,telephone,may
34291,0,0.05337025,cellular,may
34292,0,0.08886959,cellular,may
34293,0,0.09386557,cellular,may
34294,0,0.099099,cellular,may
34295,0,0.06817854,cellular,may
34296,0,0.10107568,cellular,may
34297,0,0.10071984,cellular,may
34298,0,0.06871164,cellular,may
34299,0,0.09146815,cellular,may
34300,0,0.09034008,cellular,may
34301,0,0.08258524,cellular,may
34302,1,0.0985822,cellular,may
34303,0,0.09946196,cellular,may
34304,0,0.10168969,cellular,may
34305,0,0.06993021,cellular,may
34306,0,0.06737076,cellular,may
34307,0,0.10001246,cellular,may
34308,0,0.10093824,cellular,may
34309,0,0.09284254,telephone,may
34310,0,0.09870447,cellular,may
34311,0,0.09851751,cellular,may
34312,0,0.62603453,cellular,may
34313,0,0.0974169,cellular,may
34314,0,0.09723211,cellular,may
34315,0,0.10369664,cellular,may
34316,1,0.09664428,cellular,may
34317,0,0.07104771,cellular,may
34318,0,0.07122053,cellular,may
34319,0,0.097351,cellular,may
34320,0,0.06965509,cellular,may
34321,0,0.10020034,cellular,may
34322,0,0.07100175,cellular,may
34323,0,0.07115471,cellular,may
34324,0,0.10079021,cellular,may
34325,0,0.09757829,cellular,may
34326,0,0.09757829,cellular,may
34327,0,0.10043395,cellular,may
34328,0,0.07015352,cellular,may
34329,1,0.1018219,cellular,may
34330,0,0.10064624,cellular,may
34331,1,0.10201442,cellular,may
34332,0,0.09861878,cellular,may
34333,0,0.09444027,telephone,may
34334,0,0.06798682,cellular,may
34335,0,0.0704146,cellular,may
34336,0,0.10067197,cellular,may
34337,0,0.06864938,cellular,may
34338,0,0.06908942,cellular,may
34339,0,0.09955662,cellular,may
34340,0,0.06944216,cellular,may
34341,0,0.09965607,cellular,may
34342,0,0.09812841,cellular,may
34343,0,0.09869241,cellular,may
34344,0,0.09892531,cellular,may
34345,0,0.09901217,cellular,may
34346,0,0.10061657,cellular,may
34347,0,0.09549482,telephone,may
34348,0,0.08988744,telephone,may
34349,0,0.09992075,cellular,may
34350,0,0.10079021,cellular,may
34351,0,0.07081462,cellular,may
34352,0,0.09368056,cellular,may
34353,0,0.10126609,cellular,may
34354,0,0.10010816,cellular,may
34355,0,0.10022435,cellular,may
34356,0,0.10223501,cellular,may
34357,0,0.09845,cellular,may
34358,0,0.06933377,cellular,may
34359,0,0.06933377,cellular,may
34360,1,0.09419575,cellular,may
34361,0,0.09921106,cellular,may
34362,0,0.06230389,cellular,may
34363,0,0.09948457,cellular,may
34364,0,0.10109212,cellular,may
34365,1,0.09919997,cellular,may
34366,0,0.10183162,cellular,may
34367,0,0.09921106,cellular,may
34368,0,0.09476626,cellular,may
34369,0,0.09589514,cellular,may
34370,0,0.07082822,cellular,may
34371,0,0.09939919,cellular,may
34372,0,0.09840696,cellular,may
34373,0,0.10170975,cellular,may
34374,0,0.10170975,cellular,may
34375,0,0.09925239,cellular,may
34376,1,0.09641517,cellular,may
34377,0,0.06888592,cellular,may
34378,0,0.10103786,cellular,may
34379,0,0.09410629,cellular,may
34380,0,0.10104377,cellular,may
34381,0,0.07030478,cellular,may
34382,0,0.09452232,telephone,may
34383,1,0.06881219,cellular,may
34384,1,0.07132948,cellular,may
34385,0,0.09921106,cellular,may
34386,0,0.0990188,cellular,may
34387,0,0.09295747,cellular,may
34388,0,0.06914842,cellular,may
34389,0,0.09895975,cellular,may
34390,1,0.10009894,cellular,may
34391,0,0.09688723,cellular,may
34392,0,0.09312354,cellular,may
34393,0,0.09913529,cellular,may
34394,0,0.06736709,cellular,may
34395,0,0.09337115,telephone,may
34396,0,0.07079494,cellular,may
34397,0,0.0974086,cellular,may
34398,0,0.09581176,cellular,may
34399,0,0.07008602,cellular,may
34400,1,0.09697809,cellular,may
34401,0,0.09896495,cellular,may
34402,0,0.06932631,cellular,may
34403,0,0.09672633,cellular,may
34404,0,0.09888583,cellular,may
34405,0,0.06829836,cellular,may
34406,1,0.06993933,cellular,may
34407,0,0.10147444,cellular,may
34408,1,0.62603453,cellular,may
34409,0,0.09869856,cellular,may
34410,0,0.07206666,cellular,may
34411,1,0.10676304,cellular,may
34412,0,0.0906552,cellular,may
34413,0,0.10161611,cellular,may
34414,0,0.09856659,cellular,may
34415,0,0.09900172,cellular,may
34416,0,0.07068093,cellular,may
34417,0,0.06680632,telephone,may
34418,0,0.62603453,cellular,may
34419,0,0.0703196,cellular,may
34420,0,0.0905904,telephone,may
34421,0,0.06858043,cellular,may
34422,0,0.10184698,cellular,may
34423,0,0.07130647,cellular,may
34424,0,0.02681894,cellular,may
34425,0,0.0996058,cellular,may
34426,1,0.09910867,cellular,may
34427,0,0.09436094,cellular,may
34428,0,0.62603453,cellular,may
34429,1,0.09891037,cellular,may
34430,0,0.06904448,cellular,may
34431,1,0.10208648,cellular,may
34432,0,0.10000915,cellular,may
34433,0,0.0691066,cellular,may
34434,1,0.02269628,cellular,may
34435,0,0.10254305,cellular,may
34436,0,0.06932407,cellular,may
34437,0,0.10099188,cellular,may
34438,0,0.10672182,cellular,may
34439,0,0.10120729,cellular,may
34440,0,0.10084374,cellular,may
34441,0,0.06819705,telephone,may
34442,0,0.10159507,cellular,may
34443,0,0.09665587,cellular,may
34444,0,0.10090041,cellular,may
34445,0,0.07123995,cellular,may
34446,0,0.07001542,cellular,may
34447,0,0.09570994,telephone,may
34448,0,0.09905446,cellular,may
34449,0,0.069202,cellular,may
34450,0,0.09945149,cellular,may
34451,0,0.07106708,cellular,may
34452,0,0.06904448,cellular,may
34453,0,0.09874492,cellular,may
34454,0,0.09723415,telephone,may
34455,1,0.09808728,cellular,may
34456,0,0.09448909,cellular,may
34457,0,0.07123995,cellular,may
34458,0,0.10090937,telephone,may
34459,0,0.06925199,cellular,may
34460,0,0.09889241,cellular,may
34461,0,0.06987387,cellular,may
34462,0,0.07204966,cellular,may
34463,0,0.62603453,cellular,may
34464,0,0.10055002,cellular,may
34465,0,0.09971589,cellular,may
34466,1,0.09956725,cellular,may
34467,0,0.09978366,cellular,may
34468,0,0.09981258,cellular,may
34469,0,0.10274171,cellular,may
34470,0,0.0967585,cellular,may
34471,1,0.06931757,cellular,may
34472,0,0.10022098,cellular,may
34473,0,0.07095262,cellular,may
34474,0,0.10097676,cellular,may
34475,1,0.06880078,cellular,may
34476,0,0.10625544,cellular,may
34477,0,0.09657483,cellular,may
34478,0,0.10081801,cellular,may
34479,0,0.07068514,cellular,may
34480,0,0.06394253,telephone,may
34481,0,0.09773192,cellular,may
34482,0,0.08543517,cellular,may
34483,0,0.09984672,cellular,may
34484,0,0.07052237,cellular,may
34485,0,0.07453013,cellular,may
34486,0,0.0998994,cellular,may
34487,0,0.10099928,cellular,may
34488,0,0.09231938,telephone,may
34489,0,0.10078007,cellular,may
34490,0,0.10230626,cellular,may
34491,0,0.06960634,cellular,may
34492,0,0.09639662,cellular,may
34493,0,0.10053997,cellular,may
34494,0,0.1004826,cellular,may
34495,0,0.0228892,cellular,may
34496,0,0.1004826,cellular,may
34497,0,0.0999107,cellular,may
34498,0,0.0704313,cellular,may
34499,1,0.62603453,cellular,may
34500,0,0.09768731,cellular,may
34501,0,0.10175389,cellular,may
34502,0,0.09794472,cellular,may
34503,0,0.10014511,cellular,may
34504,0,0.09919367,telephone,may
34505,0,0.09725204,cellular,may
34506,0,0.06896807,cellular,may
34507,1,0.09858479,cellular,may
34508,0,0.09936656,cellular,may
34509,0,0.09693198,cellular,may
34510,0,0.05530187,cellular,may
34511,0,0.10138617,cellular,may
34512,0,0.09912111,cellular,may
34513,0,0.09777908,cellular,may
34514,0,0.09992756,cellular,may
34515,0,0.07062359,cellular,may
34516,0,0.10613047,cellular,may
34517,0,0.07066037,cellular,may
34518,0,0.09917674,cellular,may
34519,0,0.10104724,cellular,may
34520,0,0.06993184,cellular,may
34521,0,0.0696753,cellular,may
34522,0,0.07013538,cellular,may
34523,0,0.09885797,cellular,may
34524,1,0.09414186,cellular,may
34525,0,0.10568412,cellular,may
34526,0,0.09968889,cellular,may
34527,0,0.06865082,telephone,may
34528,0,0.06793887,telephone,may
34529,0,0.10223446,cellular,may
34530,1,0.62603453,cellular,may
34531,0,0.09799012,cellular,may
34532,0,0.10239306,cellular,may
34533,0,0.09735455,cellular,may
34534,0,0.10194924,cellular,may
34535,0,0.0708064,cellular,may
34536,1,0.10092648,cellular,may
34537,0,0.10012001,cellular,may
34538,0,0.09865834,cellular,may
34539,0,0.09799409,cellular,may
34540,0,0.10151773,cellular,may
34541,0,0.07003748,cellular,may
34542,0,0.10129009,cellular,may
34543,0,0.10109878,cellular,may
34544,0,0.09659658,cellular,may
34545,0,0.09921106,cellular,may
34546,0,0.09939919,cellular,may
34547,0,0.0650558,cellular,may
34548,0,0.07091403,cellular,may
34549,0,0.06318445,cellular,may
34550,0,0.10139809,cellular,may
34551,0,0.06924875,cellular,may
34552,0,0.06579807,cellular,may
34553,0,0.07038911,cellular,may
34554,0,0.10120765,cellular,may
34555,0,0.07085231,cellular,may
34556,0,0.09966116,cellular,may
34557,0,0.06920104,cellular,may
34558,0,0.07005291,cellular,may
34559,0,0.09792933,cellular,may
34560,0,0.09450696,cellular,may
34561,0,0.100344,cellular,may
34562,0,0.10077533,cellular,may
34563,0,0.09771298,cellular,may
34564,0,0.0681506,cellular,may
34565,0,0.07136958,cellular,may
34566,0,0.06900802,cellular,may
34567,0,0.09656914,cellular,may
34568,0,0.09935745,cellular,may
34569,0,0.09857277,cellular,may
34570,0,0.06714256,cellular,may
34571,0,0.09925138,cellular,may
34572,0,0.09094695,cellular,may
34573,0,0.07148536,cellular,may
34574,0,0.09857277,cellular,may
34575,0,0.06960385,cellular,may
34576,0,0.09925239,cellular,may
34577,0,0.10128051,cellular,may
34578,0,0.09884923,telephone,may
34579,0,0.10026928,cellular,may
34580,0,0.07034741,cellular,may
34581,0,0.07097015,cellular,may
34582,0,0.07052237,cellular,may
34583,0,0.09796636,telephone,may
34584,0,0.10180344,cellular,may
34585,0,0.07132357,cellular,may
34586,0,0.09979251,cellular,may
34587,0,0.10677011,cellular,may
34588,0,0.09737306,cellular,may
34589,0,0.62603453,cellular,may
34590,0,0.09907768,cellular,may
34591,0,0.09967837,cellular,may
34592,0,0.09887259,cellular,may
34593,0,0.0998639,cellular,may
34594,1,0.09936656,cellular,may
34595,0,0.09986729,cellular,may
34596,0,0.07069899,cellular,may
34597,1,0.10104268,cellular,may
34598,0,0.06898369,cellular,may
34599,0,0.09962903,cellular,may
34600,0,0.09815115,cellular,may
34601,0,0.10029281,cellular,may
34602,1,0.07043858,cellular,may
34603,0,0.0976811,cellular,may
34604,0,0.0683635,cellular,may
34605,0,0.07043858,cellular,may
34606,0,0.10055002,cellular,may
34607,0,0.06906903,cellular,may
34608,1,0.10030286,cellular,may
34609,0,0.06597293,cellular,may
34610,0,0.09959702,cellular,may
34611,1,0.1005898,cellular,may
34612,1,0.09893786,cellular,may
34613,0,0.09790544,cellular,may
34614,0,0.10105902,cellular,may
34615,0,0.10188008,cellular,may
34616,0,0.10194924,cellular,may
34617,0,0.09897982,cellular,may
34618,0,0.09918861,cellular,may
34619,0,0.09340164,cellular,may
34620,0,0.02191432,cellular,may
34621,1,0.09641296,cellular,may
34622,0,0.10636858,cellular,may
34623,0,0.10159203,cellular,may
34624,0,0.0657654,cellular,may
34625,0,0.10019824,cellular,may
34626,0,0.09913163,cellular,may
34627,0,0.09938095,cellular,may
34628,0,0.07006977,cellular,may
34629,0,0.0925187,cellular,may
34630,0,0.10168478,cellular,may
34631,0,0.09993981,cellular,may
34632,0,0.0955043,cellular,may
34633,0,0.07034292,cellular,may
34634,0,0.07471184,cellular,may
34635,0,0.09940923,cellular,may
34636,0,0.09837395,cellular,may
34637,0,0.06999237,cellular,may
34638,0,0.09779513,cellular,may
34639,0,0.09776752,cellular,may
34640,0,0.09223561,telephone,may
34641,0,0.10154243,cellular,may
34642,0,0.06903275,cellular,may
34643,0,0.0685392,cellular,may
34644,0,0.1012937,cellular,may
34645,0,0.09646124,cellular,may
34646,0,0.07018123,cellular,may
34647,0,0.09914639,cellular,may
34648,0,0.10061277,cellular,may
34649,1,0.62603453,cellular,may
34650,0,0.10032244,cellular,may
34651,0,0.10142544,cellular,may
34652,0,0.08707527,cellular,may
34653,1,0.10194876,cellular,may
34654,0,0.10044041,cellular,may
34655,1,0.09987518,cellular,may
34656,0,0.09612565,cellular,may
34657,0,0.09082232,telephone,may
34658,0,0.07022694,cellular,may
34659,0,0.09367742,telephone,may
34660,0,0.06989556,cellular,may
34661,0,0.09815683,cellular,may
34662,0,0.09614238,telephone,may
34663,0,0.09418702,cellular,may
34664,0,0.09784547,cellular,may
34665,0,0.09997331,cellular,may
34666,0,0.09710303,telephone,may
34667,0,0.06947752,cellular,may
34668,1,0.10003255,cellular,may
34669,0,0.10374109,cellular,may
34670,0,0.07119027,cellular,may
34671,1,0.10125975,cellular,may
34672,0,0.09965682,cellular,may
34673,0,0.06732488,cellular,may
34674,0,0.09734912,cellular,may
34675,0,0.09728086,cellular,may
34676,1,0.09946824,cellular,may
34677,0,0.10219344,cellular,may
34678,0,0.09974856,cellular,may
34679,0,0.10038804,cellular,may
34680,0,0.0708123,cellular,may
34681,0,0.09705662,cellular,may
34682,0,0.10014772,cellular,may
34683,0,0.09966955,cellular,may
34684,0,0.06935389,cellular,may
34685,0,0.10082155,cellular,may
34686,0,0.07090542,cellular,may
34687,0,0.08752708,cellular,may
34688,0,0.10145049,cellular,may
34689,0,0.09795276,cellular,may
34690,0,0.09762702,telephone,may
34691,0,0.09893597,cellular,may
34692,0,0.0988982,cellular,may
34693,0,0.09789128,cellular,may
34694,0,0.09759469,cellular,may
34695,0,0.10178293,cellular,may
34696,0,0.0997883,cellular,may
34697,0,0.09495818,telephone,may
34698,0,0.09981258,cellular,may
34699,0,0.1014715,cellular,may
34700,0,0.09988979,cellular,may
34701,0,0.09917695,cellular,may
34702,0,0.10067495,cellular,may
34703,0,0.06766786,cellular,may
34704,0,0.09813669,cellular,may
34705,0,0.06441308,cellular,may
34706,0,0.06964796,cellular,may
34707,0,0.07092955,cellular,may
34708,0,0.10022863,cellular,may
34709,0,0.09809188,cellular,may
34710,0,0.10174608,cellular,may
34711,0,0.07073797,cellular,may
34712,0,0.09896386,cellular,may
34713,0,0.098929,cellular,may
34714,0,0.10062537,cellular,may
34715,0,0.06832941,cellular,may
34716,0,0.09371249,cellular,may
34717,0,0.10153617,cellular,may
34718,0,0.07029974,cellular,may
34719,1,0.10155331,cellular,may
34720,0,0.06926932,cellular,may
34721,0,0.09968625,cellular,may
34722,1,0.07449666,cellular,may
34723,0,0.10048617,cellular,may
34724,0,0.0671101,cellular,may
34725,0,0.09051161,telephone,may
34726,0,0.09980979,cellular,may
34727,0,0.06793143,cellular,may
34728,0,0.10070975,cellular,may
34729,0,0.10156964,cellular,may
34730,0,0.09996476,cellular,may
34731,1,0.62603453,cellular,may
34732,0,0.06840466,cellular,may
34733,0,0.06849984,cellular,may
34734,0,0.09622242,telephone,may
34735,0,0.09967443,cellular,may
34736,1,0.1013507,cellular,may
34737,0,0.10219344,cellular,may
34738,1,0.07012467,cellular,may
34739,0,0.09746051,cellular,may
34740,0,0.09761922,telephone,may
34741,0,0.07132251,cellular,may
34742,0,0.0711777,cellular,may
34743,0,0.62603453,cellular,may
34744,1,0.10055352,cellular,may
34745,1,0.09516706,telephone,may
34746,0,0.06501091,telephone,may
34747,0,0.09665899,telephone,may
34748,0,0.10041879,cellular,may
34749,0,0.10091955,cellular,may
34750,0,0.07100498,cellular,may
34751,0,0.07016315,cellular,may
34752,0,0.08201241,cellular,may
34753,0,0.09662651,cellular,may
34754,0,0.07052269,cellular,may
34755,0,0.10089965,cellular,may
34756,0,0.06773125,cellular,may
34757,0,0.0942984,telephone,may
34758,0,0.06721052,cellular,may
34759,0,0.10172416,cellular,may
34760,0,0.10088128,cellular,may
34761,0,0.10052349,cellular,may
34762,0,0.09957077,cellular,may
34763,0,0.10167704,cellular,may
34764,0,0.09595439,telephone,may
34765,0,0.09943582,cellular,may
34766,0,0.09853064,cellular,may
34767,0,0.09720765,telephone,may
34768,0,0.08579022,cellular,may
34769,0,0.07091831,cellular,may
34770,0,0.62603453,cellular,may
34771,0,0.09698995,cellular,may
34772,0,0.09910532,cellular,may
34773,0,0.09641588,telephone,may
34774,0,0.06992784,cellular,may
34775,0,0.0921154,cellular,may
34776,0,0.09776689,cellular,may
34777,0,0.10046174,cellular,may
34778,0,0.10239468,cellular,may
34779,0,0.06810893,cellular,may
34780,0,0.07024144,cellular,may
34781,0,0.09523763,telephone,may
34782,0,0.06877161,cellular,may
34783,0,0.09773873,cellular,may
34784,0,0.09703896,cellular,may
34785,0,0.0975093,cellular,may
34786,0,0.06988712,cellular,may
34787,0,0.09622788,telephone,may
34788,0,0.09288704,cellular,may
34789,0,0.09662651,cellular,may
34790,0,0.09986609,cellular,may
34791,0,0.09641501,cellular,may
34792,0,0.09482618,cellular,may
34793,0,0.06280907,telephone,may
34794,0,0.10015675,cellular,may
34795,0,0.10089718,cellular,may
34796,0,0.09808326,cellular,may
34797,0,0.08216458,cellular,may
34798,0,0.10055603,cellular,may
34799,0,0.10027572,cellular,may
34800,0,0.10337915,cellular,may
34801,0,0.1022582,cellular,may
34802,0,0.10154582,cellular,may
34803,0,0.06824546,cellular,may
34804,0,0.10203813,cellular,may
34805,0,0.10238113,cellular,may
34806,0,0.06505425,telephone,may
34807,0,0.10021695,cellular,may
34808,0,0.09929159,cellular,may
34809,0,0.07382348,cellular,may
34810,0,0.09493732,telephone,may
34811,0,0.09389886,cellular,may
34812,0,0.10011908,cellular,may
34813,0,0.09680157,cellular,may
34814,0,0.10037061,cellular,may
34815,0,0.09954054,cellular,may
34816,0,0.07784824,cellular,may
34817,0,0.09343216,telephone,may
34818,0,0.07082981,cellular,may
34819,0,0.06316406,telephone,may
34820,0,0.09303529,telephone,may
34821,0,0.09545265,cellular,may
34822,0,0.09885709,cellular,may
34823,0,0.08572524,cellular,may
34824,0,0.10048711,cellular,may
34825,0,0.07193572,telephone,may
34826,0,0.07108662,cellular,may
34827,0,0.06253615,cellular,may
34828,1,0.1054684,cellular,may
34829,0,0.10187226,cellular,may
34830,0,0.0664693,cellular,may
34831,0,0.09799013,cellular,may
34832,0,0.10064424,cellular,may
34833,0,0.07056713,cellular,may
34834,0,0.06933211,cellular,may
34835,0,0.07071976,cellular,may
34836,0,0.06994367,cellular,may
34837,0,0.09753984,cellular,may
34838,0,0.09717957,cellular,may
34839,1,0.10032998,cellular,may
34840,0,0.10122846,cellular,may
34841,1,0.09955231,cellular,may
34842,0,0.09791842,cellular,may
34843,0,0.09113066,cellular,may
34844,0,0.09766521,cellular,may
34845,0,0.07078706,cellular,may
34846,0,0.09860826,cellular,may
34847,0,0.06455562,telephone,may
34848,0,0.09591985,telephone,may
34849,0,0.092961,cellular,may
34850,0,0.09671126,cellular,may
34851,0,0.09735956,cellular,may
34852,0,0.09789444,cellular,may
34853,0,0.1016754,cellular,may
34854,0,0.09790519,cellular,may
34855,0,0.10044233,cellular,may
34856,0,0.09682087,telephone,may
34857,0,0.08573308,cellular,may
34858,0,0.06481254,telephone,may
34859,0,0.08774,telephone,may
34860,0,0.10026974,cellular,may
34861,1,0.09746411,cellular,may
34862,1,0.06979245,cellular,may
34863,0,0.09920811,cellular,may
34864,0,0.09784846,cellular,may
34865,0,0.10011917,cellular,may
34866,0,0.08710594,telephone,may
34867,0,0.09595045,cellular,may
34868,0,0.06224898,telephone,may
34869,0,0.09090107,cellular,may
34870,0,0.07057262,cellular,may
34871,0,0.07035874,cellular,may
34872,0,0.06884449,cellular,may
34873,0,0.09992,cellular,may
34874,0,0.09924489,cellular,may
34875,0,0.06828081,cellular,may
34876,0,0.09814459,cellular,may
34877,0,0.06848688,cellular,may
34878,0,0.09601652,telephone,may
34879,0,0.08645156,cellular,may
34880,0,0.10109706,cellular,may
34881,0,0.0980486,cellular,may
34882,0,0.09765563,cellular,may
34883,0,0.06730521,cellular,may
34884,0,0.09869703,cellular,may
34885,0,0.07038699,cellular,may
34886,0,0.09966729,cellular,may
34887,0,0.06886412,cellular,may
34888,1,0.10058481,cellular,may
34889,0,0.09517445,cellular,may
34890,0,0.10090608,cellular,may
34891,0,0.07040073,cellular,may
34892,0,0.0702632,cellular,may
34893,0,0.07018158,cellular,may
34894,0,0.06939837,cellular,may
34895,0,0.07047244,cellular,may
34896,0,0.10015029,cellular,may
34897,0,0.10036039,cellular,may
34898,0,0.09819364,cellular,may
34899,0,0.0990531,cellular,may
34900,0,0.0984255,cellular,may
34901,0,0.09641668,cellular,may
34902,1,0.06903003,cellular,may
34903,0,0.07009712,cellular,may
34904,1,0.06889048,cellular,may
34905,0,0.07002403,cellular,may
34906,0,0.06402327,cellular,may
34907,1,0.10122844,cellular,may
34908,0,0.09864551,cellular,may
34909,0,0.09961899,cellular,may
34910,0,0.10068391,cellular,may
34911,0,0.06902734,cellular,may
34912,0,0.10113878,cellular,may
34913,0,0.09838276,cellular,may
34914,0,0.06882521,cellular,may
34915,0,0.10146668,cellular,may
34916,1,0.06879146,cellular,may
34917,0,0.09827452,cellular,may
34918,0,0.09850654,cellular,may
34919,1,0.09897401,cellular,may
34920,0,0.06131265,cellular,may
34921,0,0.06809811,cellular,may
34922,0,0.09732216,telephone,may
34923,0,0.10049249,cellular,may
34924,0,0.07051197,cellular,may
34925,0,0.09680674,cellular,may
34926,0,0.09795997,cellular,may
34927,0,0.09604237,cellular,may
34928,0,0.06776247,cellular,may
34929,0,0.09440487,telephone,may
34930,0,0.06933393,cellular,may
34931,0,0.09780044,cellular,may
34932,0,0.06832748,cellular,may
34933,0,0.09687338,cellular,may
34934,0,0.09878659,cellular,may
34935,0,0.097615,cellular,may
34936,0,0.09819751,cellular,may
34937,0,0.06447211,cellular,may
34938,0,0.06700516,cellular,may
34939,0,0.06922257,cellular,may
34940,0,0.09708675,cellular,may
34941,0,0.0680152,telephone,may
34942,0,0.09883401,cellular,may
34943,0,0.06741626,cellular,may
34944,0,0.06683649,cellular,may
34945,0,0.09801964,cellular,may
34946,0,0.0710423,cellular,may
34947,0,0.0979324,cellular,may
34948,0,0.09907868,cellular,may
34949,0,0.09948334,cellular,may
34950,0,0.06149034,telephone,may
34951,0,0.09943259,cellular,may
34952,0,0.06748959,cellular,may
34953,0,0.09683851,cellular,may
34954,0,0.09624179,cellular,may
34955,0,0.06732395,cellular,may
34956,0,0.09728915,cellular,may
34957,0,0.02263181,cellular,may
34958,0,0.09683851,cellular,may
34959,0,0.06527265,cellular,may
34960,0,0.10041603,cellular,may
34961,0,0.0966547,cellular,may
34962,0,0.09812183,cellular,may
34963,0,0.06833318,cellular,may
34964,0,0.09938438,cellular,may
34965,0,0.0832918,cellular,may
34966,0,0.09922914,cellular,may
34967,0,0.09903397,cellular,may
34968,0,0.06724891,cellular,may
34969,1,0.09789595,cellular,may
34970,0,0.09527775,cellular,may
34971,0,0.09101509,cellular,may
34972,0,0.06859105,cellular,may
34973,0,0.0984687,cellular,may
34974,0,0.09517155,cellular,may
34975,0,0.08976935,cellular,may
34976,0,0.09707222,cellular,may
34977,1,0.09763912,cellular,may
34978,0,0.09730644,cellular,may
34979,0,0.10000548,cellular,may
34980,0,0.06922758,cellular,may
34981,0,0.09476523,cellular,may
34982,0,0.06914099,cellular,may
34983,0,0.09875667,cellular,may
34984,0,0.06856735,cellular,may
34985,0,0.09163027,cellular,may
34986,0,0.06613091,telephone,may
34987,0,0.09790849,cellular,may
34988,0,0.06908594,cellular,may
34989,0,0.06742886,cellular,may
34990,0,0.0851447,telephone,may
34991,0,0.09680885,cellular,may
34992,0,0.0824057,telephone,may
34993,0,0.0940182,cellular,may
34994,0,0.06616176,cellular,may
34995,0,0.07022146,cellular,may
34996,0,0.10051202,cellular,may
34997,1,0.02232586,cellular,may
34998,0,0.09838276,cellular,may
34999,0,0.10051202,cellular,may
35000,0,0.06831417,cellular,may
35001,0,0.09779825,cellular,may
35002,0,0.06858269,cellular,may
35003,0,0.06895063,cellular,may
35004,0,0.09881521,cellular,may
35005,0,0.09829281,cellular,may
35006,0,0.09252523,cellular,may
35007,0,0.06515677,cellular,may
35008,0,0.09795007,cellular,may
35009,1,0.09450469,cellular,may
35010,0,0.09900268,cellular,may
35011,0,0.09926812,cellular,may
35012,0,0.10138368,cellular,may
35013,0,0.0973942,cellular,may
35014,1,0.09888719,cellular,may
35015,0,0.09743924,cellular,may
35016,0,0.0683709,cellular,may
35017,0,0.09836781,cellular,may
35018,1,0.10021629,cellular,may
35019,0,0.09600047,cellular,may
35020,0,0.10197012,cellular,may
35021,0,0.09207692,telephone,may
35022,0,0.09733557,cellular,may
35023,0,0.09192538,cellular,may
35024,0,0.10000399,cellular,may
35025,0,0.06880562,cellular,may
35026,0,0.09792214,cellular,may
35027,0,0.09292991,cellular,may
35028,0,0.09548922,cellular,may
35029,0,0.09898358,cellular,may
35030,0,0.0982191,cellular,may
35031,0,0.10072388,cellular,may
35032,0,0.09954839,cellular,may
35033,0,0.09737081,cellular,may
35034,0,0.10111396,cellular,may
35035,0,0.10013445,cellular,may
35036,0,0.06303289,cellular,may
35037,1,0.09512964,cellular,may
35038,0,0.10103282,cellular,may
35039,0,0.09972437,cellular,may
35040,0,0.09786615,cellular,may
35041,1,0.10090649,cellular,may
35042,0,0.09889275,cellular,may
35043,0,0.01867285,cellular,may
35044,0,0.09669527,telephone,may
35045,0,0.09456192,cellular,may
35046,0,0.09908035,cellular,may
35047,0,0.10034331,cellular,may
35048,0,0.06923941,cellular,may
35049,0,0.09761625,cellular,may
35050,1,0.09926713,cellular,may
35051,0,0.09844155,cellular,may
35052,0,0.06930844,cellular,may
35053,0,0.10007281,cellular,may
35054,0,0.09793062,cellular,may
35055,0,0.06837702,cellular,may
35056,0,0.0694076,cellular,may
35057,0,0.09823591,cellular,may
35058,0,0.09811659,cellular,may
35059,0,0.09811659,cellular,may
35060,0,0.09793637,cellular,may
35061,0,0.095528,cellular,may
35062,0,0.09809761,cellular,may
35063,0,0.1009584,cellular,may
35064,0,0.10037569,cellular,may
35065,0,0.06729712,cellular,may
35066,0,0.62603453,cellular,may
35067,0,0.06667894,telephone,may
35068,0,0.09899298,cellular,may
35069,1,0.09371873,cellular,may
35070,0,0.0982453,cellular,may
35071,0,0.09814767,cellular,may
35072,0,0.07768727,cellular,may
35073,1,0.09604238,cellular,may
35074,0,0.09557926,cellular,may
35075,0,0.06493502,cellular,may
35076,0,0.09698029,cellular,may
35077,0,0.09444994,cellular,may
35078,0,0.06614113,telephone,may
35079,0,0.06010192,cellular,may
35080,0,0.09578668,telephone,may
35081,0,0.09502748,cellular,may
35082,1,0.09846193,cellular,may
35083,1,0.07067436,cellular,may
35084,0,0.09930052,cellular,may
35085,0,0.09909366,cellular,may
35086,0,0.09831791,cellular,may
35087,0,0.09785141,cellular,may
35088,0,0.09542937,cellular,may
35089,0,0.06552379,cellular,may
35090,0,0.09872876,cellular,may
35091,0,0.09905702,cellular,may
35092,0,0.09369189,cellular,may
35093,0,0.06835251,cellular,may
35094,1,0.07078706,cellular,may
35095,0,0.09883658,cellular,may
35096,0,0.09902408,cellular,may
35097,0,0.07097234,cellular,may
35098,1,0.06834621,cellular,may
35099,0,0.09803724,cellular,may
35100,0,0.10059121,cellular,may
35101,0,0.06579896,cellular,may
35102,0,0.06790352,cellular,may
35103,0,0.06896278,cellular,may
35104,0,0.0941569,telephone,may
35105,0,0.09961949,cellular,may
35106,0,0.09057427,cellular,may
35107,1,0.06853688,cellular,may
35108,0,0.10008781,cellular,may
35109,0,0.0701938,cellular,may
35110,0,0.07580768,cellular,may
35111,0,0.09273827,cellular,may
35112,0,0.09961949,cellular,may
35113,0,0.10095925,cellular,may
35114,0,0.09907524,cellular,may
35115,0,0.06999358,cellular,may
35116,1,0.09907676,cellular,may
35117,0,0.06644334,cellular,may
35118,1,0.09892794,cellular,may
35119,0,0.10124914,cellular,may
35120,0,0.09822419,cellular,may
35121,0,0.09963973,cellular,may
35122,0,0.08763314,cellular,may
35123,0,0.09748164,cellular,may
35124,0,0.09940533,cellular,may
35125,0,0.06963611,cellular,may
35126,0,0.1011898,cellular,may
35127,1,0.10063426,cellular,may
35128,0,0.06946047,cellular,may
35129,0,0.06713214,cellular,may
35130,0,0.06986004,cellular,may
35131,1,0.09927019,cellular,may
35132,0,0.10084194,cellular,may
35133,0,0.09938552,cellular,may
35134,0,0.10088,cellular,may
35135,0,0.06861926,cellular,may
35136,0,0.06787873,cellular,may
35137,0,0.09452768,cellular,may
35138,0,0.06441759,cellular,may
35139,0,0.09297464,cellular,may
35140,0,0.06958634,cellular,may
35141,0,0.06902629,cellular,may
35142,0,0.09825044,cellular,may
35143,0,0.09820507,cellular,may
35144,1,0.09774643,cellular,may
35145,0,0.09899102,cellular,may
35146,0,0.09611764,cellular,may
35147,0,0.10093119,cellular,may
35148,0,0.06710254,cellular,may
35149,0,0.09391244,cellular,may
35150,0,0.09636915,cellular,may
35151,0,0.09960724,cellular,may
35152,0,0.0989673,cellular,may
35153,0,0.10157547,cellular,may
35154,0,0.07038502,cellular,may
35155,0,0.10024169,cellular,may
35156,1,0.09813836,cellular,may
35157,1,0.0989261,cellular,may
35158,0,0.07271201,telephone,may
35159,0,0.0992907,cellular,may
35160,0,0.09804773,cellular,may
35161,1,0.09919779,cellular,may
35162,0,0.06919887,cellular,may
35163,0,0.09747214,cellular,may
35164,0,0.09461033,cellular,may
35165,0,0.0695802,cellular,may
35166,0,0.0985636,cellular,may
35167,0,0.09981857,cellular,may
35168,1,0.06939128,cellular,may
35169,0,0.06890154,cellular,may
35170,0,0.08133014,cellular,may
35171,0,0.0673594,cellular,may
35172,0,0.09905533,cellular,may
35173,0,0.0989219,cellular,may
35174,0,0.62603453,cellular,may
35175,1,0.06867702,cellular,may
35176,0,0.09847249,cellular,may
35177,0,0.09994543,cellular,may
35178,0,0.09647408,cellular,may
35179,0,0.06869061,cellular,may
35180,0,0.09603072,cellular,may
35181,0,0.06751618,cellular,may
35182,1,0.09760093,cellular,may
35183,1,0.06749166,cellular,may
35184,1,0.09515763,cellular,may
35185,0,0.07020711,cellular,may
35186,0,0.0949213,cellular,may
35187,0,0.10573974,cellular,may
35188,1,0.09665758,cellular,may
35189,0,0.10136688,cellular,may
35190,0,0.09889275,cellular,may
35191,0,0.06841186,cellular,may
35192,0,0.09997103,cellular,may
35193,0,0.06910488,cellular,may
35194,0,0.06701854,cellular,may
35195,0,0.06701854,cellular,may
35196,0,0.09635329,telephone,may
35197,0,0.09818776,cellular,may
35198,0,0.09600106,cellular,may
35199,0,0.09972607,cellular,may
35200,0,0.09604141,cellular,may
35201,0,0.09910574,cellular,may
35202,0,0.06964432,cellular,may
35203,0,0.07087874,cellular,may
35204,0,0.10097969,cellular,may
35205,0,0.09281063,cellular,may
35206,0,0.10044233,cellular,may
35207,0,0.10167025,cellular,may
35208,0,0.1000299,cellular,may
35209,0,0.06837606,cellular,may
35210,0,0.10047595,cellular,may
35211,1,0.10126872,cellular,may
35212,0,0.09830644,cellular,may
35213,0,0.09847829,cellular,may
35214,0,0.06818609,cellular,may
35215,1,0.09950208,cellular,may
35216,0,0.07703681,cellular,may
35217,0,0.09879876,cellular,may
35218,0,0.09859597,cellular,may
35219,0,0.62603453,cellular,may
35220,0,0.09674046,cellular,may
35221,0,0.07031768,cellular,may
35222,1,0.09950003,cellular,may
35223,0,0.0586943,cellular,may
35224,0,0.09529067,cellular,may
35225,0,0.06978491,cellular,may
35226,0,0.06890885,cellular,may
35227,0,0.06888754,cellular,may
35228,0,0.06649133,cellular,may
35229,0,0.62603453,cellular,may
35230,0,0.09863964,cellular,may
35231,0,0.09649654,cellular,may
35232,0,0.09447727,cellular,may
35233,0,0.09504325,cellular,may
35234,1,0.10511094,cellular,may
35235,1,0.0982646,cellular,may
35236,0,0.10065693,cellular,may
35237,0,0.09929532,cellular,may
35238,0,0.07756225,cellular,may
35239,0,0.09822323,cellular,may
35240,0,0.09817926,cellular,may
35241,0,0.09886046,cellular,may
35242,0,0.0979098,cellular,may
35243,0,0.07115028,cellular,may
35244,0,0.08352392,telephone,may
35245,0,0.10130867,cellular,may
35246,0,0.10113527,cellular,may
35247,0,0.06228863,telephone,may
35248,1,0.06858684,cellular,may
35249,0,0.07001233,cellular,may
35250,0,0.09876617,cellular,may
35251,0,0.1003988,cellular,may
35252,1,0.09431286,cellular,may
35253,0,0.06964538,cellular,may
35254,0,0.07086852,cellular,may
35255,0,0.05998835,cellular,may
35256,0,0.09983573,cellular,may
35257,0,0.10040245,cellular,may
35258,0,0.09508309,cellular,may
35259,0,0.09710849,cellular,may
35260,0,0.06020513,cellular,may
35261,1,0.1004263,cellular,may
35262,0,0.08962954,cellular,may
35263,0,0.09921106,cellular,may
35264,0,0.06770306,cellular,may
35265,0,0.09068516,cellular,may
35266,0,0.0996639,cellular,may
35267,0,0.08855649,cellular,may
35268,0,0.09955569,cellular,may
35269,0,0.09853513,cellular,may
35270,0,0.09669324,cellular,may
35271,0,0.10095216,cellular,may
35272,0,0.06931316,cellular,may
35273,0,0.05634274,cellular,may
35274,0,0.07079934,cellular,may
35275,0,0.09957978,cellular,may
35276,0,0.10031228,cellular,may
35277,0,0.07009798,cellular,may
35278,0,0.05639977,cellular,may
35279,0,0.09796992,cellular,may
35280,0,0.09116013,cellular,may
35281,0,0.08704932,cellular,may
35282,0,0.06808917,cellular,may
35283,0,0.09931861,cellular,may
35284,0,0.05948345,cellular,may
35285,0,0.09956082,cellular,may
35286,0,0.0990669,cellular,may
35287,0,0.0893992,cellular,may
35288,0,0.08131133,telephone,may
35289,0,0.10192557,cellular,may
35290,0,0.0982646,cellular,may
35291,0,0.09636316,telephone,may
35292,0,0.09123629,cellular,may
35293,0,0.02228982,cellular,may
35294,0,0.09813915,cellular,may
35295,0,0.10065047,cellular,may
35296,0,0.10084871,cellular,may
35297,0,0.06676808,cellular,may
35298,0,0.09984856,cellular,may
35299,0,0.09766576,telephone,may
35300,0,0.09484947,telephone,may
35301,0,0.09952831,cellular,may
35302,0,0.06965672,cellular,may
35303,0,0.05955994,telephone,may
35304,0,0.0989261,cellular,may
35305,0,0.09764462,cellular,may
35306,0,0.07025135,cellular,may
35307,0,0.10343999,cellular,may
35308,0,0.09908162,cellular,may
35309,0,0.1006801,cellular,may
35310,0,0.10000079,cellular,may
35311,0,0.09851165,cellular,may
35312,0,0.10141469,cellular,may
35313,0,0.08131026,cellular,may
35314,0,0.0979129,telephone,may
35315,0,0.0972673,cellular,may
35316,0,0.09660518,cellular,may
35317,1,0.09755751,cellular,may
35318,0,0.10671863,cellular,may
35319,0,0.09976294,cellular,may
35320,0,0.06873664,cellular,may
35321,0,0.10045449,cellular,may
35322,0,0.0993112,cellular,may
35323,0,0.06917317,cellular,may
35324,1,0.09837183,cellular,may
35325,0,0.06997937,cellular,may
35326,0,0.09951884,cellular,may
35327,0,0.09464639,cellular,may
35328,0,0.10115786,cellular,may
35329,0,0.06992946,cellular,may
35330,0,0.06997862,cellular,may
35331,0,0.07077933,cellular,may
35332,0,0.07009958,cellular,may
35333,0,0.09897616,cellular,may
35334,0,0.09888742,cellular,may
35335,0,0.10032063,cellular,may
35336,0,0.09335982,telephone,may
35337,0,0.07005573,cellular,may
35338,1,0.06879143,cellular,may
35339,0,0.01771467,telephone,may
35340,0,0.1014661,cellular,may
35341,0,0.09897207,cellular,may
35342,0,0.09950693,cellular,may
35343,0,0.07035605,cellular,may
35344,0,0.07640599,cellular,may
35345,0,0.09943946,cellular,may
35346,0,0.0624418,cellular,may
35347,0,0.62603453,cellular,may
35348,0,0.09513084,telephone,may
35349,0,0.07007682,cellular,may
35350,0,0.0900674,cellular,may
35351,0,0.10060465,cellular,may
35352,0,0.07043301,cellular,may
35353,1,0.07087027,cellular,may
35354,0,0.07081264,cellular,may
35355,0,0.09690667,cellular,may
35356,0,0.06845966,cellular,may
35357,0,0.07025169,cellular,may
35358,0,0.10110482,cellular,may
35359,0,0.06609489,cellular,may
35360,0,0.08881875,cellular,may
35361,0,0.0706114,cellular,may
35362,0,0.09935612,cellular,may
35363,0,0.06793985,cellular,may
35364,0,0.0702168,cellular,may
35365,0,0.09870016,cellular,may
35366,0,0.06917031,cellular,may
35367,0,0.0628338,telephone,may
35368,0,0.08443569,telephone,may
35369,0,0.09797688,cellular,may
35370,0,0.06934003,cellular,may
35371,0,0.09689317,cellular,may
35372,1,0.06904185,cellular,may
35373,0,0.09927869,cellular,may
35374,0,0.0668378,cellular,may
35375,0,0.1001541,cellular,may
35376,0,0.09806483,cellular,may
35377,0,0.08629147,cellular,may
35378,1,0.09932862,cellular,may
35379,0,0.02320599,cellular,may
35380,0,0.10042976,cellular,may
35381,1,0.10134286,cellular,may
35382,0,0.06760996,cellular,may
35383,0,0.09658446,cellular,may
35384,0,0.0615983,cellular,may
35385,0,0.0663616,cellular,may
35386,0,0.0891688,cellular,may
35387,0,0.08281385,cellular,may
35388,0,0.07038822,cellular,may
35389,0,0.084556,cellular,may
35390,0,0.10034169,cellular,may
35391,0,0.06502397,cellular,may
35392,0,0.09880267,cellular,may
35393,0,0.09827549,cellular,may
35394,0,0.0688381,cellular,may
35395,0,0.06404692,cellular,may
35396,1,0.09582222,telephone,may
35397,0,0.09535391,telephone,may
35398,0,0.10063756,cellular,may
35399,0,0.09978973,cellular,may
35400,0,0.10152927,cellular,may
35401,0,0.09805473,cellular,may
35402,0,0.09850267,cellular,may
35403,0,0.06676781,cellular,may
35404,0,0.09395566,telephone,may
35405,0,0.07101505,cellular,may
35406,0,0.09669365,telephone,may
35407,0,0.06596049,cellular,may
35408,0,0.09636757,cellular,may
35409,1,0.06521761,cellular,may
35410,1,0.08902625,cellular,may
35411,0,0.10134584,cellular,may
35412,1,0.06929556,cellular,may
35413,0,0.09703371,cellular,may
35414,0,0.07730737,cellular,may
35415,0,0.06773024,cellular,may
35416,1,0.0979517,cellular,may
35417,0,0.09410599,cellular,may
35418,0,0.09255827,cellular,may
35419,0,0.10397071,cellular,may
35420,0,0.08891246,telephone,may
35421,0,0.06471405,cellular,may
35422,0,0.09477336,cellular,may
35423,0,0.08692031,telephone,may
35424,0,0.09739676,cellular,may
35425,1,0.09760667,cellular,may
35426,0,0.09574551,cellular,may
35427,0,0.06616904,cellular,may
35428,0,0.09289771,cellular,may
35429,0,0.07815818,cellular,may
35430,0,0.0950259,cellular,may
35431,0,0.06735318,cellular,may
35432,0,0.09788732,cellular,may
35433,0,0.08940949,cellular,may
35434,1,0.06839358,cellular,may
35435,0,0.09251063,cellular,may
35436,0,0.09256693,cellular,may
35437,0,0.07740433,cellular,may
35438,0,0.08914991,cellular,may
35439,1,0.09648784,cellular,may
35440,0,0.05939969,cellular,may
35441,1,0.09655555,cellular,may
35442,0,0.0590129,cellular,may
35443,0,0.09812166,cellular,may
35444,0,0.09579201,cellular,may
35445,0,0.09804235,cellular,may
35446,0,0.09272681,cellular,may
35447,0,0.09543942,cellular,may
35448,0,0.06275624,cellular,may
35449,0,0.08744359,cellular,may
35450,0,0.0952747,cellular,may
35451,0,0.09431225,telephone,may
35452,0,0.09781038,cellular,may
35453,0,0.09515951,cellular,may
35454,0,0.06726905,cellular,may
35455,0,0.08866805,telephone,may
35456,0,0.06718559,cellular,may
35457,0,0.62603453,telephone,may
35458,0,0.09276991,cellular,may
35459,0,0.09682822,cellular,may
35460,0,0.07328042,cellular,may
35461,0,0.09729534,cellular,may
35462,0,0.06726545,cellular,may
35463,0,0.09381314,cellular,may
35464,0,0.09770189,cellular,may
35465,0,0.0869983,cellular,may
35466,0,0.0665437,cellular,may
35467,0,0.09747721,cellular,may
35468,0,0.08868183,cellular,may
35469,0,0.06306033,cellular,may
35470,0,0.09318966,telephone,may
35471,0,0.0828564,cellular,may
35472,0,0.09142683,cellular,may
35473,0,0.0868796,cellular,may
35474,0,0.09211982,cellular,may
35475,0,0.09531835,cellular,may
35476,0,0.09853771,cellular,may
35477,0,0.10304141,cellular,may
35478,0,0.09257595,telephone,may
35479,0,0.62603453,cellular,may
35480,0,0.09023647,cellular,may
35481,0,0.09735698,cellular,may
35482,0,0.09635953,cellular,may
35483,0,0.09800416,cellular,may
35484,0,0.09495131,cellular,may
35485,0,0.10359104,cellular,may
35486,0,0.0925803,cellular,may
35487,0,0.09752838,cellular,may
35488,0,0.06335392,telephone,may
35489,0,0.09534268,cellular,may
35490,0,0.06810176,cellular,may
35491,0,0.09614724,cellular,may
35492,0,0.09915861,cellular,may
35493,0,0.06420087,cellular,may
35494,0,0.06841968,cellular,may
35495,0,0.06929591,cellular,may
35496,0,0.62603453,cellular,may
35497,0,0.09839505,cellular,may
35498,1,0.06916037,cellular,may
35499,0,0.09679057,cellular,may
35500,0,0.09892368,cellular,may
35501,0,0.09624197,cellular,may
35502,0,0.0691263,cellular,may
35503,0,0.09858181,cellular,may
35504,0,0.06797569,cellular,may
35505,0,0.06757245,cellular,may
35506,0,0.06119228,cellular,may
35507,1,0.06404885,cellular,may
35508,0,0.09320757,cellular,may
35509,0,0.09322631,telephone,may
35510,0,0.09668149,cellular,may
35511,0,0.09851857,cellular,may
35512,0,0.022099,cellular,may
35513,0,0.09853019,cellular,may
35514,0,0.05775993,cellular,may
35515,0,0.09713677,cellular,may
35516,0,0.02115124,cellular,may
35517,0,0.09833001,cellular,may
35518,0,0.0960997,cellular,may
35519,0,0.06864144,cellular,may
35520,0,0.09407528,telephone,may
35521,0,0.09755396,cellular,may
35522,0,0.09467576,cellular,may
35523,0,0.06754653,cellular,may
35524,1,0.09636976,cellular,may
35525,0,0.0948562,cellular,may
35526,0,0.06531673,cellular,may
35527,0,0.08595171,telephone,may
35528,0,0.09898822,cellular,may
35529,0,0.09328186,cellular,may
35530,0,0.09572836,cellular,may
35531,0,0.09473368,cellular,may
35532,0,0.09591059,cellular,may
35533,0,0.09917598,cellular,may
35534,0,0.06682208,cellular,may
35535,0,0.09604688,cellular,may
35536,0,0.0980663,cellular,may
35537,0,0.09467797,cellular,may
35538,0,0.09850372,cellular,may
35539,0,0.09887912,cellular,may
35540,0,0.06757202,cellular,may
35541,0,0.09743489,cellular,may
35542,0,0.09469378,cellular,may
35543,0,0.09588731,cellular,may
35544,0,0.09591256,cellular,may
35545,1,0.09725187,cellular,may
35546,0,0.09433319,cellular,may
35547,0,0.09856322,cellular,may
35548,0,0.06666431,cellular,may
35549,0,0.06791023,cellular,may
35550,0,0.09718606,cellular,may
35551,0,0.09840042,cellular,may
35552,0,0.06829197,cellular,may
35553,1,0.09718606,cellular,may
35554,0,0.09712919,cellular,may
35555,1,0.09703002,cellular,may
35556,0,0.09887331,cellular,may
35557,0,0.06817598,cellular,may
35558,0,0.099351,cellular,may
35559,0,0.09953938,cellular,may
35560,1,0.0980663,cellular,may
35561,0,0.09677369,cellular,may
35562,0,0.09717177,cellular,may
35563,0,0.09644612,cellular,may
35564,0,0.09792154,cellular,may
35565,1,0.09735645,cellular,may
35566,0,0.09653598,cellular,may
35567,0,0.09771082,cellular,may
35568,0,0.09614915,telephone,may
35569,0,0.09747155,cellular,may
35570,0,0.09111763,telephone,may
35571,0,0.09452475,cellular,may
35572,0,0.09682942,cellular,may
35573,0,0.09630701,cellular,may
35574,0,0.06761553,cellular,may
35575,0,0.06766746,cellular,may
35576,0,0.09625617,cellular,may
35577,0,0.09637767,cellular,may
35578,0,0.09569688,cellular,may
35579,0,0.09742634,cellular,may
35580,0,0.09510777,cellular,may
35581,0,0.06761154,cellular,may
35582,0,0.09635287,cellular,may
35583,0,0.09734423,cellular,may
35584,0,0.09569626,cellular,may
35585,0,0.09742634,cellular,may
35586,0,0.09649044,cellular,may
35587,1,0.06805339,cellular,may
35588,0,0.0722203,cellular,may
35589,0,0.0646851,cellular,may
35590,0,0.09670881,cellular,may
35591,0,0.068746,cellular,may
35592,0,0.06723205,cellular,may
35593,0,0.09573093,cellular,may
35594,0,0.09484488,cellular,may
35595,0,0.09681599,cellular,may
35596,0,0.09373673,cellular,may
35597,0,0.09702202,cellular,may
35598,0,0.62603453,cellular,may
35599,0,0.06974516,cellular,may
35600,0,0.09679875,cellular,may
35601,0,0.09642176,cellular,may
35602,0,0.09795505,cellular,may
35603,0,0.09629994,cellular,may
35604,0,0.09849601,cellular,may
35605,0,0.06909757,cellular,may
35606,0,0.09573196,cellular,may
35607,1,0.09795505,cellular,may
35608,1,0.09652781,cellular,may
35609,0,0.09220994,telephone,may
35610,0,0.09287079,cellular,may
35611,0,0.09708718,cellular,may
35612,0,0.09482955,cellular,may
35613,0,0.09772614,cellular,may
35614,0,0.06809468,cellular,may
35615,1,0.09464915,cellular,may
35616,0,0.09922494,cellular,may
35617,0,0.06950736,cellular,may
35618,1,0.09731327,cellular,may
35619,0,0.09550109,cellular,may
35620,0,0.09943441,cellular,may
35621,0,0.62603453,cellular,may
35622,0,0.09603854,cellular,may
35623,0,0.09714431,cellular,may
35624,0,0.09714067,cellular,may
35625,0,0.09953888,cellular,may
35626,0,0.09785491,cellular,may
35627,0,0.09785491,cellular,may
35628,0,0.06805208,cellular,may
35629,0,0.09706781,cellular,may
35630,0,0.09706781,cellular,may
35631,1,0.09766939,cellular,may
35632,0,0.09685814,cellular,may
35633,0,0.09831709,cellular,may
35634,0,0.0946668,telephone,may
35635,1,0.0994935,cellular,may
35636,0,0.0967337,cellular,may
35637,0,0.09516978,cellular,may
35638,0,0.09709881,cellular,may
35639,0,0.10002182,cellular,may
35640,0,0.09736414,cellular,may
35641,0,0.09754916,cellular,may
35642,0,0.09408948,cellular,may
35643,0,0.10021132,cellular,may
35644,1,0.06506118,cellular,may
35645,0,0.09647763,cellular,may
35646,0,0.09762321,cellular,may
35647,0,0.06818791,cellular,may
35648,0,0.09617031,cellular,may
35649,0,0.09846309,cellular,may
35650,0,0.09823116,cellular,may
35651,0,0.09728787,cellular,may
35652,0,0.09846309,cellular,may
35653,1,0.09521073,cellular,may
35654,0,0.10335488,cellular,may
35655,0,0.62603453,cellular,may
35656,0,0.0980266,cellular,may
35657,0,0.06723978,cellular,may
35658,0,0.09320437,cellular,may
35659,1,0.09754912,cellular,may
35660,0,0.09624099,cellular,may
35661,0,0.09873309,cellular,may
35662,0,0.09810076,cellular,may
35663,0,0.09555453,cellular,may
35664,1,0.09555453,cellular,may
35665,1,0.06642397,cellular,may
35666,0,0.10339588,cellular,may
35667,0,0.09672,cellular,may
35668,0,0.0673109,cellular,may
35669,0,0.06753665,cellular,may
35670,0,0.09653639,cellular,may
35671,0,0.09495777,cellular,may
35672,0,0.09873309,cellular,may
35673,0,0.06800931,cellular,may
35674,0,0.06802952,cellular,may
35675,0,0.09772282,cellular,may
35676,0,0.06911688,cellular,may
35677,0,0.09760883,cellular,may
35678,0,0.09293364,cellular,may
35679,0,0.06575742,cellular,may
35680,0,0.10392354,cellular,may
35681,0,0.06710909,cellular,may
35682,0,0.06735241,cellular,may
35683,0,0.09498345,cellular,may
35684,0,0.09755752,cellular,may
35685,1,0.06700838,cellular,may
35686,0,0.09872939,cellular,may
35687,0,0.09307842,cellular,may
35688,0,0.09933788,cellular,may
35689,0,0.09673891,cellular,may
35690,0,0.09894389,cellular,may
35691,0,0.08227087,cellular,may
35692,0,0.09876536,cellular,may
35693,0,0.09707446,cellular,may
35694,0,0.09805208,cellular,may
35695,0,0.06766212,cellular,may
35696,0,0.09804024,cellular,may
35697,0,0.0965981,cellular,may
35698,0,0.06945757,cellular,may
35699,1,0.09544513,cellular,may
35700,0,0.09893664,cellular,may
35701,0,0.09699723,cellular,may
35702,0,0.06819362,cellular,may
35703,0,0.09836973,cellular,may
35704,0,0.09861747,cellular,may
35705,0,0.09904558,cellular,may
35706,0,0.09761059,cellular,may
35707,0,0.06684505,cellular,may
35708,0,0.09735698,cellular,may
35709,0,0.09306233,cellular,may
35710,0,0.0961328,cellular,may
35711,0,0.09755752,cellular,may
35712,0,0.09700197,cellular,may
35713,0,0.09651848,cellular,may
35714,0,0.0867316,cellular,may
35715,0,0.09650389,cellular,may
35716,0,0.10138397,cellular,may
35717,0,0.09325533,cellular,may
35718,0,0.09713114,cellular,may
35719,0,0.09814609,cellular,may
35720,0,0.09449783,cellular,may
35721,0,0.06807614,cellular,may
35722,0,0.09750134,cellular,may
35723,1,0.09398864,cellular,may
35724,0,0.0948028,cellular,may
35725,0,0.10385369,cellular,may
35726,0,0.09674543,cellular,may
35727,0,0.09989447,cellular,may
35728,0,0.09719025,cellular,may
35729,0,0.09705368,cellular,may
35730,1,0.09831387,cellular,may
35731,0,0.09772488,cellular,may
35732,0,0.09927021,cellular,may
35733,0,0.09961144,cellular,may
35734,0,0.09549989,cellular,may
35735,0,0.62603453,cellular,may
35736,0,0.06726905,cellular,may
35737,0,0.09646387,cellular,may
35738,0,0.06774522,cellular,may
35739,0,0.09531663,cellular,may
35740,0,0.06904224,cellular,may
35741,0,0.09580376,cellular,may
35742,0,0.09760667,cellular,may
35743,0,0.09721201,cellular,may
35744,1,0.06962633,cellular,may
35745,0,0.09128391,cellular,may
35746,0,0.06807775,cellular,may
35747,0,0.09718926,cellular,may
35748,0,0.0681131,cellular,may
35749,0,0.06595394,cellular,may
35750,0,0.09840169,cellular,may
35751,0,0.09736372,cellular,may
35752,0,0.09857098,cellular,may
35753,0,0.06735938,telephone,may
35754,0,0.06488225,telephone,may
35755,1,0.09690834,cellular,may
35756,0,0.06767881,telephone,may
35757,0,0.09874167,cellular,may
35758,0,0.09604456,cellular,may
35759,0,0.09218889,cellular,may
35760,0,0.09833694,cellular,may
35761,0,0.09275461,telephone,may
35762,0,0.09656265,cellular,may
35763,0,0.06976697,cellular,may
35764,0,0.06814208,cellular,may
35765,0,0.09767624,cellular,may
35766,0,0.09294571,cellular,may
35767,0,0.08942294,telephone,may
35768,0,0.07707942,telephone,may
35769,0,0.09208675,cellular,may
35770,0,0.0967463,cellular,may
35771,0,0.09781585,cellular,may
35772,0,0.09834885,cellular,may
35773,0,0.0989817,cellular,may
35774,0,0.09056713,telephone,may
35775,0,0.09773757,cellular,may
35776,0,0.09668874,cellular,may
35777,0,0.10404961,cellular,may
35778,0,0.09475935,cellular,may
35779,0,0.0974782,cellular,may
35780,0,0.09415404,cellular,may
35781,0,0.09818963,cellular,may
35782,0,0.0997241,cellular,may
35783,0,0.070041,cellular,may
35784,0,0.1005839,cellular,may
35785,0,0.10397071,cellular,may
35786,0,0.09593039,cellular,may
35787,0,0.09370659,cellular,may
35788,0,0.09853553,cellular,may
35789,0,0.095596,cellular,may
35790,0,0.09214684,cellular,may
35791,0,0.0991552,cellular,may
35792,0,0.0682063,cellular,may
35793,0,0.09183089,cellular,may
35794,1,0.09656265,cellular,may
35795,0,0.06710909,cellular,may
35796,0,0.09346334,telephone,may
35797,0,0.09440371,cellular,may
35798,0,0.06898541,cellular,may
35799,0,0.09897395,cellular,may
35800,0,0.09963941,cellular,may
35801,0,0.09597528,cellular,may
35802,0,0.09933728,cellular,may
35803,0,0.09779426,cellular,may
35804,0,0.09832581,cellular,may
35805,0,0.09615697,cellular,may
35806,0,0.09368083,cellular,may
35807,0,0.09384275,cellular,may
35808,0,0.09676691,cellular,may
35809,0,0.06795587,cellular,may
35810,0,0.08748224,cellular,may
35811,0,0.09529158,cellular,may
35812,0,0.07993173,telephone,may
35813,0,0.09873802,cellular,may
35814,1,0.62603453,cellular,may
35815,0,0.0938033,telephone,may
35816,0,0.10063996,cellular,may
35817,0,0.09802301,cellular,may
35818,0,0.08254873,telephone,may
35819,0,0.08355567,telephone,may
35820,1,0.06762779,cellular,may
35821,0,0.09008215,cellular,may
35822,0,0.09772282,cellular,may
35823,0,0.62603453,cellular,may
35824,0,0.09695771,cellular,may
35825,0,0.09123984,cellular,may
35826,1,0.09365799,cellular,may
35827,1,0.62603453,cellular,may
35828,0,0.09675729,cellular,may
35829,1,0.09651813,cellular,may
35830,1,0.06906267,cellular,may
35831,0,0.09766797,cellular,may
35832,0,0.06919485,cellular,may
35833,1,0.0696719,cellular,may
35834,1,0.09725076,cellular,may
35835,1,0.62603453,cellular,may
35836,0,0.09793617,cellular,may
35837,0,0.06854784,cellular,may
35838,1,0.07103349,cellular,may
35839,1,0.09812215,cellular,may
35840,0,0.09969912,cellular,may
35841,1,0.07007038,cellular,may
35842,0,0.10028311,cellular,may
35843,0,0.06820275,cellular,may
35844,1,0.09745861,cellular,may
35845,0,0.10015761,cellular,may
35846,0,0.10015761,cellular,may
35847,0,0.09938163,cellular,may
35848,0,0.0930995,cellular,may
35849,0,0.06515506,cellular,may
35850,0,0.09844235,cellular,may
35851,0,0.10641345,cellular,may
35852,0,0.62603453,cellular,may
35853,0,0.10172199,cellular,may
35854,0,0.07114827,cellular,may
35855,0,0.10122961,cellular,may
35856,1,0.10699686,cellular,may
35857,0,0.62603453,cellular,may
35858,0,0.07024405,cellular,may
35859,1,0.10172199,cellular,may
35860,0,0.09909844,cellular,may
35861,0,0.09584469,telephone,may
35862,0,0.09419399,cellular,may
35863,0,0.10172199,cellular,may
35864,0,0.09915326,cellular,may
35865,0,0.09922033,cellular,may
35866,0,0.06947633,cellular,may
35867,0,0.10093887,cellular,may
35868,0,0.09883553,cellular,may
35869,0,0.09878993,cellular,may
35870,0,0.0990717,cellular,may
35871,0,0.09930804,cellular,may
35872,1,0.07507698,cellular,may
35873,0,0.62603453,cellular,may
35874,1,0.10090698,cellular,may
35875,1,0.09950351,cellular,may
35876,0,0.06827408,cellular,may
35877,0,0.07903164,cellular,may
35878,0,0.09866007,cellular,may
35879,0,0.0983805,cellular,may
35880,0,0.09250106,cellular,may
35881,1,0.62603453,cellular,may
35882,0,0.09952876,cellular,may
35883,1,0.10556355,cellular,may
35884,1,0.62603453,cellular,may
35885,1,0.10209412,cellular,may
35886,0,0.10229747,cellular,may
35887,0,0.10115417,cellular,may
35888,0,0.09533369,cellular,may
35889,0,0.06976256,cellular,may
35890,1,0.09652449,telephone,may
35891,0,0.09976774,cellular,may
35892,0,0.09837511,cellular,may
35893,1,0.10009818,cellular,may
35894,0,0.09711859,cellular,may
35895,0,0.09698616,telephone,may
35896,1,0.09984149,cellular,may
35897,1,0.09725493,cellular,may
35898,0,0.09897815,telephone,may
35899,0,0.1014196,cellular,may
35900,0,0.02256409,cellular,may
35901,0,0.09944244,cellular,may
35902,0,0.09760779,cellular,may
35903,0,0.06732121,telephone,may
35904,0,0.09923985,cellular,may
35905,0,0.06935457,cellular,may
35906,0,0.09900629,cellular,may
35907,0,0.09934605,cellular,may
35908,0,0.09770747,cellular,may
35909,0,0.09960985,cellular,may
35910,0,0.09838669,cellular,may
35911,0,0.07090812,cellular,may
35912,0,0.09937548,cellular,may
35913,1,0.06859949,cellular,may
35914,1,0.09661274,cellular,may
35915,1,0.09895273,cellular,may
35916,0,0.09867054,cellular,may
35917,0,0.09159823,cellular,may
35918,0,0.09663908,cellular,may
35919,0,0.09788355,cellular,may
35920,0,0.09806944,cellular,may
35921,1,0.06886194,cellular,may
35922,0,0.10018132,cellular,may
35923,0,0.10027213,cellular,may
35924,0,0.0999049,cellular,may
35925,1,0.09573941,cellular,may
35926,0,0.10061908,cellular,may
35927,0,0.09959566,cellular,may
35928,0,0.10050407,cellular,may
35929,0,0.09971323,cellular,may
35930,0,0.09854851,cellular,may
35931,0,0.09950198,cellular,may
35932,1,0.0976436,cellular,may
35933,0,0.09950198,cellular,may
35934,1,0.06954385,cellular,may
35935,0,0.09926786,cellular,may
35936,0,0.09931367,cellular,may
35937,0,0.10022593,cellular,may
35938,1,0.09991,cellular,may
35939,0,0.09898134,cellular,may
35940,1,0.09916908,cellular,may
35941,0,0.62603453,cellular,may
35942,1,0.62603453,cellular,may
35943,0,0.10519602,cellular,may
35944,0,0.06907362,cellular,may
35945,1,0.08850539,cellular,may
35946,0,0.10104692,cellular,may
35947,0,0.62603453,cellular,may
35948,0,0.09892853,cellular,may
35949,1,0.62603453,cellular,may
35950,0,0.09902448,cellular,may
35951,0,0.09883698,cellular,may
35952,0,0.09142336,cellular,may
35953,0,0.06976718,cellular,may
35954,0,0.0676431,cellular,may
35955,0,0.10527725,cellular,may
35956,1,0.09907018,cellular,may
35957,1,0.09765926,cellular,may
35958,0,0.09918739,cellular,may
35959,0,0.09937548,cellular,may
35960,0,0.06711453,cellular,may
35961,0,0.09579961,telephone,may
35962,0,0.09988683,cellular,may
35963,0,0.06935457,cellular,may
35964,0,0.09484493,telephone,may
35965,1,0.09884848,cellular,may
35966,0,0.10038892,cellular,may
35967,0,0.06876018,cellular,may
35968,0,0.09915354,cellular,may
35969,0,0.09652498,cellular,may
35970,1,0.09713809,cellular,may
35971,1,0.10090817,cellular,may
35972,0,0.62603453,cellular,may
35973,1,0.10153692,cellular,may
35974,0,0.62603453,cellular,may
35975,0,0.09881942,cellular,may
35976,0,0.09713809,cellular,may
35977,0,0.62603453,cellular,may
35978,0,0.09816182,cellular,may
35979,0,0.09485292,telephone,may
35980,1,0.0632518,cellular,may
35981,0,0.06812706,cellular,may
35982,1,0.10082049,cellular,may
35983,0,0.10037511,cellular,may
35984,0,0.0971279,telephone,may
35985,1,0.06980043,cellular,may
35986,1,0.06927334,cellular,may
35987,0,0.10087957,cellular,may
35988,0,0.10094701,cellular,may
35989,0,0.06873084,cellular,may
35990,0,0.10169715,cellular,may
35991,0,0.09969498,cellular,may
35992,0,0.62603453,cellular,may
35993,0,0.07136549,cellular,may
35994,0,0.10169715,cellular,may
35995,0,0.10073326,cellular,may
35996,0,0.07008036,cellular,may
35997,0,0.06921558,cellular,may
35998,0,0.07026867,cellular,may
35999,0,0.02255692,cellular,may
36000,1,0.62603453,cellular,may
36001,0,0.02307558,cellular,may
36002,0,0.09911884,cellular,may
36003,0,0.09596149,cellular,may
36004,0,0.10050547,cellular,may
36005,0,0.07020425,cellular,may
36006,0,0.09946797,cellular,may
36007,1,0.10050547,cellular,may
36008,0,0.10045941,cellular,may
36009,1,0.09925245,cellular,may
36010,0,0.0997024,cellular,may
36011,1,0.09988689,cellular,may
36012,0,0.09951376,cellular,may
36013,0,0.0683973,cellular,may
36014,1,0.10567721,cellular,may
36015,0,0.10166558,cellular,may
36016,0,0.10470195,cellular,may
36017,0,0.10061546,cellular,may
36018,0,0.10080596,cellular,may
36019,0,0.07044465,cellular,may
36020,0,0.09899352,cellular,may
36021,0,0.09860598,cellular,may
36022,0,0.10253017,cellular,may
36023,0,0.10069549,cellular,may
36024,0,0.62603453,cellular,may
36025,0,0.08881241,telephone,may
36026,0,0.10164178,cellular,may
36027,0,0.62603453,cellular,may
36028,0,0.10169715,cellular,may
36029,0,0.62603453,cellular,may
36030,0,0.09704319,telephone,may
36031,0,0.09721023,telephone,may
36032,0,0.62603453,cellular,may
36033,0,0.09905578,cellular,may
36034,1,0.07013214,cellular,may
36035,1,0.10128567,cellular,may
36036,0,0.62603453,cellular,may
36037,0,0.09951889,cellular,may
36038,0,0.10097819,cellular,may
36039,1,0.07053412,cellular,may
36040,0,0.10101636,cellular,may
36041,0,0.10157254,cellular,may
36042,0,0.10134897,cellular,may
36043,0,0.09606679,cellular,may
36044,0,0.62603453,cellular,may
36045,0,0.06805294,cellular,may
36046,0,0.09856494,cellular,may
36047,0,0.10673697,cellular,may
36048,0,0.06917658,cellular,may
36049,0,0.10012733,cellular,may
36050,0,0.62603453,cellular,may
36051,0,0.62603453,cellular,may
36052,0,0.02279903,cellular,may
36053,1,0.09647484,telephone,may
36054,0,0.02328749,cellular,may
36055,0,0.09980153,cellular,may
36056,0,0.06962383,cellular,may
36057,0,0.62603453,cellular,may
36058,0,0.02466335,cellular,may
36059,0,0.10093756,cellular,may
36060,0,0.10164178,cellular,may
36061,0,0.02311572,cellular,may
36062,1,0.10208393,cellular,may
36063,1,0.10699997,cellular,may
36064,1,0.10038029,cellular,may
36065,0,0.06686619,cellular,may
36066,0,0.10174773,cellular,may
36067,0,0.62603453,cellular,may
36068,0,0.10114528,cellular,may
36069,0,0.10064532,cellular,may
36070,1,0.10114528,cellular,may
36071,0,0.06985402,cellular,may
36072,0,0.10133666,cellular,may
36073,0,0.07006646,cellular,may
36074,0,0.09939305,cellular,may
36075,1,0.09870463,cellular,may
36076,0,0.09939305,cellular,may
36077,0,0.09939305,cellular,may
36078,0,0.10156854,cellular,may
36079,0,0.10096225,cellular,may
36080,0,0.095895,cellular,may
36081,0,0.62603453,cellular,may
36082,0,0.09952351,cellular,may
36083,0,0.07154967,cellular,may
36084,0,0.10195433,cellular,may
36085,0,0.0699392,cellular,may
36086,1,0.10208393,cellular,may
36087,0,0.10069578,cellular,may
36088,1,0.10738292,cellular,may
36089,1,0.10173816,cellular,may
36090,1,0.62603453,cellular,may
36091,0,0.099965,cellular,may
36092,0,0.10035388,cellular,may
36093,1,0.10234315,cellular,may
36094,0,0.09546124,telephone,may
36095,0,0.09895989,cellular,may
36096,0,0.0987725,cellular,may
36097,0,0.09937902,cellular,may
36098,0,0.10184443,cellular,may
36099,0,0.07015125,cellular,may
36100,0,0.1001531,cellular,may
36101,0,0.07015125,cellular,may
36102,0,0.10070658,cellular,may
36103,0,0.10011263,cellular,may
36104,0,0.10037533,cellular,may
36105,0,0.06983518,cellular,may
36106,0,0.10714506,cellular,may
36107,0,0.09990533,cellular,may
36108,0,0.07360125,cellular,may
36109,0,0.62603453,cellular,may
36110,1,0.09925203,cellular,may
36111,0,0.62603453,cellular,may
36112,1,0.1008231,cellular,may
36113,0,0.09651768,cellular,may
36114,0,0.10173038,cellular,may
36115,0,0.10412599,cellular,may
36116,0,0.10379679,cellular,may
36117,1,0.10219244,cellular,may
36118,0,0.10411345,cellular,may
36119,0,0.10252408,cellular,may
36120,0,0.09478111,cellular,may
36121,0,0.10030096,cellular,may
36122,0,0.10235454,cellular,may
36123,1,0.62603453,cellular,may
36124,1,0.62603453,cellular,may
36125,1,0.62603453,cellular,may
36126,0,0.10129884,cellular,may
36127,0,0.10105493,cellular,may
36128,0,0.10263375,cellular,may
36129,0,0.10749879,cellular,may
36130,1,0.09945848,cellular,may
36131,0,0.09504208,telephone,may
36132,0,0.09945848,cellular,may
36133,0,0.06951244,cellular,may
36134,0,0.10266904,cellular,may
36135,1,0.10073836,cellular,may
36136,0,0.10332351,cellular,may
36137,0,0.10434919,cellular,may
36138,0,0.09892368,telephone,may
36139,0,0.10040965,cellular,may
36140,0,0.62603453,cellular,may
36141,1,0.62603453,cellular,may
36142,0,0.1044782,cellular,may
36143,0,0.62603453,cellular,may
36144,0,0.10282228,cellular,may
36145,0,0.09466566,cellular,may
36146,0,0.07118882,cellular,may
36147,1,0.07166726,cellular,may
36148,0,0.09706482,cellular,may
36149,0,0.10358486,cellular,may
36150,0,0.10844511,cellular,may
36151,0,0.09935579,telephone,may
36152,1,0.62603453,cellular,may
36153,1,0.10281411,cellular,may
36154,0,0.10385671,cellular,may
36155,0,0.09768729,cellular,may
36156,0,0.09787285,cellular,may
36157,0,0.10197051,cellular,may
36158,1,0.10247524,cellular,may
36159,0,0.10123159,cellular,may
36160,0,0.09994245,cellular,may
36161,1,0.10360069,cellular,may
36162,0,0.06899098,cellular,may
36163,0,0.09843772,telephone,may
36164,0,0.10787391,cellular,may
36165,1,0.10290921,cellular,may
36166,0,0.10310355,cellular,may
36167,1,0.09842363,telephone,may
36168,0,0.62603453,cellular,may
36169,0,0.62603453,cellular,may
36170,1,0.10334442,cellular,may
36171,0,0.09766213,cellular,may
36172,0,0.10196188,cellular,may
36173,0,0.62603453,cellular,may
36174,0,0.10292165,cellular,may
36175,0,0.1038619,cellular,may
36176,0,0.10267027,cellular,may
36177,0,0.10379679,cellular,may
36178,1,0.07594748,cellular,may
36179,0,0.09830269,cellular,may
36180,0,0.10288262,cellular,may
36181,0,0.10034356,cellular,may
36182,1,0.0971719,cellular,may
36183,1,0.09902101,telephone,may
36184,0,0.10015774,cellular,may
36185,0,0.62603453,cellular,may
36186,0,0.07122746,cellular,may
36187,0,0.10142399,cellular,may
36188,0,0.10315473,cellular,may
36189,0,0.62603453,cellular,may
36190,1,0.62603453,cellular,may
36191,0,0.09865329,telephone,may
36192,0,0.09628932,telephone,may
36193,0,0.09978101,cellular,may
36194,0,0.09440888,cellular,may
36195,1,0.08831989,cellular,may
36196,0,0.0980162,cellular,may
36197,0,0.09326791,cellular,may
36198,0,0.10086134,cellular,may
36199,0,0.62603453,cellular,may
36200,0,0.09127321,cellular,may
36201,0,0.07081992,cellular,may
36202,0,0.10524739,cellular,may
36203,0,0.07446787,cellular,may
36204,0,0.10682868,cellular,may
36205,0,0.10680027,cellular,may
36206,0,0.09876793,cellular,may
36207,0,0.0955178,cellular,may
36208,0,0.10070507,cellular,may
36209,0,0.09902668,cellular,may
36210,0,0.02290715,cellular,may
36211,0,0.09771917,cellular,may
36212,0,0.10206149,cellular,may
36213,0,0.10721819,cellular,may
36214,0,0.09821566,cellular,may
36215,1,0.62603453,cellular,may
36216,0,0.07154976,cellular,may
36217,0,0.10117526,cellular,may
36218,0,0.06565383,telephone,may
36219,0,0.0975753,cellular,may
36220,0,0.09890146,telephone,may
36221,0,0.09964019,cellular,may
36222,0,0.10017125,cellular,may
36223,0,0.09687861,telephone,may
36224,0,0.10148718,cellular,may
36225,1,0.62603453,cellular,jun
36226,1,0.60193248,cellular,jun
36227,0,0.59443291,cellular,jun
36228,0,0.58978601,cellular,jun
36229,0,0.59715258,cellular,jun
36230,1,0.59575346,cellular,jun
36231,0,0.59443291,cellular,jun
36232,0,0.51499835,cellular,jun
36233,0,0.49678027,cellular,jun
36234,1,0.50240053,cellular,jun
36235,1,0.60193248,cellular,jun
36236,1,0.60193248,cellular,jun
36237,1,0.62603453,cellular,jun
36238,1,0.5986403,cellular,jun
36239,0,0.5986403,cellular,jun
36240,0,0.59715258,cellular,jun
36241,1,0.5986403,cellular,jun
36242,1,0.59715258,cellular,jun
36243,0,0.49323411,cellular,jun
36244,0,0.60193248,cellular,jun
36245,0,0.59715258,cellular,jun
36246,0,0.62603453,cellular,jun
36247,0,0.59443291,cellular,jun
36248,0,0.50369043,cellular,jun
36249,1,0.5986403,cellular,jun
36250,1,0.59715258,cellular,jun
36251,1,0.50659641,cellular,jun
36252,0,0.60193248,cellular,jun
36253,0,0.59715258,cellular,jun
36254,0,0.58978601,telephone,jun
36255,1,0.48411702,cellular,jun
36256,0,0.59715258,cellular,jun
36257,1,0.60022868,cellular,jun
36258,0,0.5986403,cellular,jun
36259,1,0.5986403,cellular,jun
36260,0,0.62603453,cellular,jun
36261,0,0.5986403,cellular,jun
36262,0,0.59715258,cellular,jun
36263,0,0.59715258,cellular,jun
36264,0,0.48841037,cellular,jun
36265,1,0.59575346,cellular,jun
36266,1,0.60022868,cellular,jun
36267,0,0.62603453,cellular,jun
36268,1,0.60022868,cellular,jun
36269,1,0.5986403,cellular,jun
36270,1,0.59715258,cellular,jun
36271,0,0.61606479,cellular,jun
36272,1,0.60022868,cellular,jun
36273,0,0.50499276,cellular,jun
36274,0,0.57831528,cellular,jun
36275,0,0.62603453,cellular,jun
36276,0,0.58681737,telephone,jun
36277,0,0.59715258,cellular,jun
36278,0,0.49998721,cellular,jun
36279,1,0.59715258,cellular,jun
36280,0,0.48812291,cellular,jun
36281,0,0.60193248,cellular,jun
36282,0,0.50499276,cellular,jun
36283,0,0.62603453,cellular,jun
36284,0,0.59443291,cellular,jun
36285,0,0.59443291,cellular,jun
36286,0,0.50427365,cellular,jun
36287,0,0.59715258,cellular,jun
36288,0,0.59086473,telephone,jun
36289,0,0.57415522,telephone,jun
36290,0,0.60193248,cellular,jun
36291,0,0.59199515,cellular,jun
36292,1,0.61606479,cellular,jun
36293,1,0.62603453,cellular,jun
36294,0,0.48937319,telephone,jun
36295,0,0.49620421,cellular,jun
36296,0,0.62603453,cellular,jun
36297,0,0.59575346,cellular,jun
36298,1,0.60193248,cellular,jun
36299,0,0.49152738,cellular,jun
36300,1,0.5986403,cellular,jun
36301,1,0.59199515,cellular,jun
36302,1,0.5016216,cellular,jun
36303,1,0.60193248,cellular,jun
36304,0,0.59715258,cellular,jun
36305,0,0.59575346,cellular,jun
36306,1,0.61606479,cellular,jun
36307,0,0.58875445,telephone,jun
36308,0,0.60193248,cellular,jun
36309,0,0.60576409,cellular,jun
36310,0,0.5986403,cellular,jun
36311,0,0.57831528,cellular,jun
36312,0,0.59443291,cellular,jun
36313,0,0.60193248,cellular,jun
36314,0,0.59443291,telephone,jun
36315,0,0.60376996,cellular,jun
36316,0,0.60022868,cellular,jun
36317,1,0.62366647,cellular,jun
36318,0,0.50076497,cellular,jun
36319,0,0.59199515,cellular,jun
36320,0,0.60576409,cellular,jun
36321,0,0.59199515,cellular,jun
36322,1,0.62603453,cellular,jun
36323,0,0.60376996,cellular,jun
36324,0,0.59318251,cellular,jun
36325,0,0.60022868,cellular,jun
36326,1,0.58590527,cellular,jun
36327,0,0.59199515,cellular,jun
36328,0,0.62603453,cellular,jun
36329,1,0.60376996,cellular,jun
36330,1,0.60376996,cellular,jun
36331,1,0.60022868,cellular,jun
36332,0,0.60376996,cellular,jun
36333,0,0.5986403,cellular,jun
36334,1,0.59715258,cellular,jun
36335,1,0.60022868,cellular,jun
36336,0,0.50354682,cellular,jun
36337,1,0.61303198,cellular,jun
36338,1,0.5986403,cellular,jun
36339,1,0.60193248,cellular,jun
36340,0,0.50202134,cellular,jun
36341,0,0.59443291,cellular,jun
36342,1,0.62603453,cellular,jun
36343,0,0.62603453,cellular,jun
36344,0,0.59443291,cellular,jun
36345,0,0.60193248,cellular,jun
36346,0,0.59086473,cellular,jun
36347,0,0.57584977,cellular,jun
36348,1,0.59199515,cellular,jun
36349,0,0.49067574,cellular,jun
36350,0,0.60022868,cellular,jun
36351,1,0.60022868,cellular,jun
36352,0,0.2393986,cellular,jun
36353,1,0.5986403,cellular,jun
36354,1,0.60022868,cellular,jun
36355,1,0.50430319,cellular,jun
36356,0,0.59575346,cellular,jun
36357,0,0.62603453,cellular,jun
36358,0,0.58502705,telephone,jun
36359,0,0.60376996,cellular,jun
36360,0,0.59715258,cellular,jun
36361,1,0.60022868,cellular,jun
36362,0,0.51737304,cellular,jun
36363,1,0.5986403,cellular,jun
36364,1,0.62603453,cellular,jun
36365,1,0.50466049,cellular,jun
36366,0,0.60193248,cellular,jun
36367,0,0.58978601,cellular,jun
36368,0,0.61606479,cellular,jun
36369,0,0.62603453,cellular,jun
36370,1,0.60576409,cellular,jun
36371,0,0.59199515,cellular,jun
36372,1,0.59575346,cellular,jun
36373,0,0.48803284,cellular,jun
36374,0,0.24196532,cellular,jun
36375,0,0.23907443,cellular,jun
36376,1,0.59086473,telephone,jun
36377,0,0.60193248,cellular,jun
36378,0,0.60376996,cellular,jun
36379,1,0.49675868,cellular,jun
36380,0,0.5986403,cellular,jun
36381,0,0.6195547,cellular,jun
36382,1,0.62603453,cellular,jun
36383,0,0.59715258,cellular,jun
36384,0,0.48934152,cellular,jun
36385,0,0.50409719,cellular,jun
36386,0,0.60376996,cellular,jun
36387,1,0.5986403,cellular,jun
36388,0,0.60576409,telephone,jun
36389,0,0.59715258,cellular,jun
36390,0,0.59715258,cellular,jun
36391,1,0.62603453,cellular,jun
36392,1,0.62603453,cellular,jun
36393,0,0.59443291,telephone,jun
36394,0,0.49451545,cellular,jun
36395,0,0.59575346,telephone,jun
36396,0,0.60193248,cellular,jun
36397,0,0.60193248,cellular,jun
36398,0,0.60193248,cellular,jun
36399,0,0.59086473,cellular,jun
36400,0,0.59086473,cellular,jun
36401,0,0.59715258,cellular,jun
36402,1,0.62603453,cellular,jun
36403,0,0.58776606,cellular,jun
36404,0,0.60193248,cellular,jun
36405,1,0.24168101,cellular,jun
36406,0,0.60022868,cellular,jun
36407,0,0.60022868,cellular,jun
36408,1,0.59199515,cellular,jun
36409,0,0.60022868,cellular,jun
36410,0,0.50141111,cellular,jun
36411,1,0.60193248,cellular,jun
36412,0,0.59575346,cellular,jun
36413,1,0.62603453,cellular,jun
36414,1,0.60794437,cellular,jun
36415,0,0.62603453,cellular,jun
36416,1,0.60794437,cellular,jun
36417,1,0.51258576,cellular,jun
36418,0,0.60376996,cellular,jun
36419,0,0.24528367,cellular,jun
36420,0,0.50824519,cellular,jun
36421,0,0.50295286,cellular,jun
36422,1,0.4933274,cellular,jun
36423,0,0.60193248,cellular,jun
36424,1,0.61606479,cellular,jun
36425,1,0.60576409,cellular,jun
36426,0,0.60376996,cellular,jun
36427,0,0.59443291,cellular,jun
36428,0,0.5093865,cellular,jun
36429,1,0.62603453,cellular,jun
36430,0,0.59575346,cellular,jun
36431,0,0.50564016,cellular,jun
36432,0,0.60022868,cellular,jun
36433,1,0.5986403,cellular,jun
36434,0,0.59443291,telephone,jun
36435,0,0.6195547,cellular,jun
36436,0,0.60576409,cellular,jun
36437,0,0.5024552,cellular,jun
36438,0,0.5986403,cellular,jun
36439,0,0.60193248,cellular,jun
36440,1,0.5986403,cellular,jun
36441,1,0.50289705,cellular,jun
36442,0,0.60376996,cellular,jun
36443,0,0.59715258,cellular,jun
36444,0,0.60022868,cellular,jun
36445,0,0.50300879,cellular,jun
36446,1,0.60376996,cellular,jun
36447,0,0.5986403,cellular,jun
36448,0,0.59715258,cellular,jun
36449,1,0.59318251,cellular,jun
36450,0,0.50536056,cellular,jun
36451,0,0.50237325,cellular,jun
36452,1,0.59318251,cellular,jun
36453,0,0.2388619,cellular,jun
36454,0,0.62603453,cellular,jun
36455,0,0.50624134,cellular,jun
36456,0,0.60193248,cellular,jun
36457,0,0.59715258,cellular,jun
36458,1,0.62603453,cellular,jun
36459,0,0.60376996,cellular,jun
36460,0,0.60022868,cellular,jun
36461,0,0.62603453,cellular,jun
36462,1,0.60193248,cellular,jun
36463,1,0.50229158,cellular,jun
36464,1,0.60376996,cellular,jun
36465,1,0.60376996,cellular,jun
36466,1,0.62603453,cellular,jun
36467,0,0.59443291,telephone,jun
36468,1,0.59318251,telephone,jun
36469,1,0.62603453,cellular,jun
36470,1,0.60794437,cellular,jun
36471,1,0.60794437,cellular,jun
36472,1,0.60376996,cellular,jun
36473,0,0.60193248,cellular,jun
36474,0,0.59575346,cellular,jun
36475,1,0.59086473,telephone,jun
36476,0,0.59199515,cellular,jun
36477,0,0.60022868,cellular,jun
36478,0,0.60022868,cellular,jun
36479,0,0.5986403,cellular,jun
36480,1,0.60576409,cellular,jun
36481,0,0.60576409,cellular,jun
36482,1,0.50096984,cellular,jun
36483,0,0.51906104,cellular,jun
36484,1,0.60576409,cellular,jun
36485,0,0.60193248,cellular,jun
36486,1,0.5986403,cellular,jun
36487,1,0.60022868,cellular,jun
36488,1,0.59086473,cellular,jun
36489,0,0.60022868,cellular,jun
36490,0,0.60193248,cellular,jun
36491,1,0.5986403,cellular,jun
36492,1,0.61606479,cellular,jun
36493,0,0.59318251,cellular,jun
36494,1,0.61606479,cellular,jun
36495,0,0.59715258,telephone,jun
36496,1,0.60193248,cellular,jun
36497,0,0.50643436,cellular,jun
36498,1,0.60576409,cellular,jun
36499,0,0.60576409,cellular,jun
36500,1,0.59715258,cellular,jun
36501,0,0.60576409,cellular,jun
36502,1,0.60576409,cellular,jun
36503,0,0.60576409,cellular,jun
36504,0,0.50223728,telephone,jun
36505,1,0.49137183,cellular,jun
36506,0,0.60022868,cellular,jun
36507,1,0.60376996,cellular,jun
36508,0,0.5986403,cellular,jun
36509,0,0.5986403,cellular,jun
36510,1,0.62603453,cellular,jun
36511,0,0.50536056,cellular,jun
36512,0,0.58336272,cellular,jun
36513,1,0.60576409,cellular,jun
36514,0,0.59575346,cellular,jun
36515,0,0.60576409,cellular,jun
36516,1,0.60376996,cellular,jun
36517,0,0.60193248,cellular,jun
36518,1,0.60576409,cellular,jun
36519,0,0.62603453,cellular,jun
36520,0,0.49189432,cellular,jun
36521,0,0.24264979,cellular,jun
36522,0,0.60376996,cellular,jun
36523,0,0.52491015,cellular,jun
36524,0,0.50366164,cellular,jun
36525,0,0.5986403,cellular,jun
36526,0,0.60022868,cellular,jun
36527,1,0.60022868,cellular,jun
36528,0,0.59715258,cellular,jun
36529,0,0.50314921,cellular,jun
36530,0,0.24374401,cellular,jun
36531,0,0.60794437,cellular,jun
36532,1,0.62603453,cellular,jun
36533,0,0.61606479,cellular,jun
36534,0,0.62603453,cellular,jun
36535,0,0.50520662,cellular,jun
36536,0,0.60193248,cellular,jun
36537,0,0.6195547,cellular,jun
36538,0,0.60193248,cellular,jun
36539,0,0.60193248,cellular,jun
36540,1,0.60794437,cellular,jun
36541,1,0.62603453,cellular,jun
36542,1,0.60376996,cellular,jun
36543,1,0.62603453,cellular,jun
36544,0,0.59318251,telephone,jun
36545,0,0.60376996,cellular,jun
36546,0,0.60193248,cellular,jun
36547,0,0.60376996,cellular,jun
36548,1,0.48988573,cellular,jun
36549,1,0.6195547,cellular,jun
36550,0,0.60794437,cellular,jun
36551,0,0.60022868,cellular,jun
36552,1,0.24487652,cellular,jun
36553,0,0.60193248,cellular,jun
36554,0,0.50913216,cellular,jun
36555,0,0.60576409,cellular,jun
36556,0,0.60193248,cellular,jun
36557,1,0.60576409,cellular,jun
36558,1,0.62603453,cellular,jun
36559,0,0.60794437,cellular,jun
36560,0,0.57527139,telephone,jun
36561,1,0.60376996,cellular,jun
36562,1,0.60794437,cellular,jun
36563,1,0.60376996,cellular,jun
36564,0,0.60193248,cellular,jun
36565,0,0.62603453,cellular,jun
36566,0,0.60376996,cellular,jun
36567,1,0.59715258,cellular,jun
36568,0,0.60576409,cellular,jun
36569,0,0.50828005,cellular,jun
36570,1,0.60022868,cellular,jun
36571,0,0.52111359,cellular,jun
36572,0,0.60193248,cellular,jun
36573,0,0.60576409,cellular,jun
36574,0,0.58034847,telephone,jun
36575,0,0.5060181,cellular,jun
36576,0,0.60193248,cellular,jun
36577,0,0.6195547,cellular,jun
36578,1,0.60193248,cellular,jun
36579,0,0.58590527,telephone,jun
36580,1,0.60022868,cellular,jun
36581,0,0.59575346,cellular,jun
36582,0,0.5986403,cellular,jun
36583,0,0.59715258,cellular,jun
36584,1,0.62603453,cellular,jun
36585,1,0.59199515,cellular,jun
36586,1,0.49578626,cellular,jun
36587,1,0.5986403,cellular,jun
36588,0,0.58418026,cellular,jun
36589,0,0.62603453,cellular,jun
36590,0,0.62603453,cellular,jun
36591,0,0.49338355,cellular,jun
36592,1,0.60022868,cellular,jun
36593,0,0.50398027,cellular,jun
36594,1,0.60193248,cellular,jun
36595,0,0.59443291,cellular,jun
36596,1,0.61606479,cellular,jun
36597,0,0.59575346,cellular,jun
36598,1,0.60193248,cellular,jun
36599,1,0.59715258,cellular,jun
36600,0,0.60193248,cellular,jun
36601,1,0.50838492,cellular,jun
36602,1,0.60022868,cellular,jun
36603,1,0.60193248,cellular,jun
36604,0,0.59199515,cellular,jun
36605,1,0.4956829,cellular,jun
36606,0,0.51778405,cellular,jun
36607,1,0.62603453,cellular,jun
36608,1,0.50180732,cellular,jun
36609,1,0.5986403,cellular,jun
36610,0,0.5986403,cellular,jun
36611,0,0.59575346,cellular,jun
36612,1,0.62603453,cellular,jun
36613,1,0.61303198,cellular,jun
36614,1,0.50457066,cellular,jun
36615,1,0.5986403,cellular,jun
36616,1,0.62603453,cellular,jun
36617,1,0.60193248,cellular,jun
36618,1,0.2262586,cellular,jun
36619,1,0.59715258,cellular,jun
36620,1,0.60193248,cellular,jun
36621,0,0.60022868,cellular,jun
36622,0,0.62603453,cellular,jun
36623,1,0.59715258,cellular,jun
36624,0,0.61303198,cellular,jun
36625,0,0.59318251,cellular,jun
36626,0,0.5986403,cellular,jun
36627,1,0.62603453,cellular,jun
36628,0,0.59443291,cellular,jun
36629,0,0.59575346,cellular,jun
36630,0,0.60193248,cellular,jun
36631,0,0.59443291,cellular,jun
36632,1,0.62603453,cellular,jun
36633,0,0.58590527,telephone,jun
36634,0,0.59443291,telephone,jun
36635,1,0.60022868,cellular,jun
36636,0,0.60022868,cellular,jun
36637,1,0.59575346,cellular,jun
36638,1,0.23993485,cellular,jun
36639,0,0.5986403,cellular,jun
36640,0,0.50646668,cellular,jun
36641,0,0.50303681,cellular,jun
36642,1,0.50071402,cellular,jun
36643,0,0.60022868,cellular,jun
36644,0,0.58336272,telephone,jun
36645,0,0.60193248,cellular,jun
36646,1,0.60576409,telephone,jun
36647,0,0.59086473,telephone,jun
36648,0,0.59443291,cellular,jun
36649,0,0.58776606,cellular,jun
36650,0,0.58502705,cellular,jun
36651,0,0.5986403,cellular,jun
36652,0,0.60193248,cellular,jun
36653,1,0.62603453,cellular,jun
36654,0,0.60022868,cellular,jun
36655,1,0.60193248,cellular,jun
36656,0,0.60193248,cellular,jun
36657,1,0.62603453,cellular,jun
36658,0,0.59575346,cellular,jun
36659,0,0.59715258,cellular,jun
36660,1,0.60576409,cellular,jun
36661,1,0.62603453,cellular,jun
36662,1,0.60576409,cellular,jun
36663,1,0.60576409,cellular,jun
36664,1,0.60576409,cellular,jun
36665,0,0.60576409,cellular,jun
36666,0,0.50221018,cellular,jun
36667,1,0.61034956,cellular,jun
36668,0,0.60376996,cellular,jun
36669,0,0.60794437,telephone,jun
36670,0,0.59318251,telephone,jun
36671,0,0.60794437,cellular,jun
36672,1,0.58875445,telephone,jun
36673,1,0.62603453,cellular,jun
36674,1,0.61606479,cellular,jun
36675,0,0.59086473,cellular,jun
36676,1,0.59575346,cellular,jun
36677,1,0.60376996,cellular,jun
36678,1,0.62366647,cellular,jun
36679,1,0.60022868,cellular,jun
36680,0,0.60576409,cellular,jun
36681,0,0.48572121,cellular,jun
36682,0,0.62603453,cellular,jun
36683,1,0.60193248,cellular,jun
36684,1,0.60376996,cellular,jun
36685,0,0.51020386,cellular,jun
36686,0,0.48962809,telephone,jun
36687,0,0.59199515,telephone,jun
36688,1,0.60376996,cellular,jun
36689,0,0.61034956,cellular,jun
36690,1,0.60376996,cellular,jun
36691,0,0.60794437,cellular,jun
36692,0,0.61034956,cellular,jun
36693,0,0.59199515,telephone,jun
36694,1,0.59199515,telephone,jun
36695,0,0.51233665,cellular,jun
36696,0,0.59086473,cellular,jun
36697,0,0.60794437,cellular,jun
36698,0,0.60794437,cellular,jun
36699,0,0.59715258,telephone,jun
36700,1,0.62603453,cellular,jun
36701,0,0.60376996,cellular,jun
36702,0,0.51073888,cellular,jun
36703,1,0.6195547,cellular,jun
36704,0,0.62603453,cellular,jun
36705,0,0.60022868,cellular,jun
36706,1,0.60794437,cellular,jun
36707,0,0.5986403,cellular,jun
36708,1,0.58776606,telephone,jun
36709,1,0.6195547,cellular,jun
36710,1,0.60576409,cellular,jun
36711,0,0.60576409,cellular,jun
36712,0,0.60794437,cellular,jun
36713,1,0.60576409,cellular,jun
36714,0,0.61606479,cellular,jun
36715,0,0.60794437,cellular,jun
36716,1,0.59715258,cellular,jun
36717,0,0.60576409,cellular,jun
36718,0,0.59715258,telephone,jun
36719,0,0.59318251,telephone,jun
36720,0,0.61034956,cellular,jun
36721,1,0.62603453,cellular,jun
36722,1,0.60193248,cellular,jun
36723,1,0.62603453,cellular,jun
36724,1,0.58875445,cellular,jun
36725,1,0.60376996,cellular,jun
36726,0,0.60376996,cellular,jun
36727,0,0.5986403,telephone,jun
36728,0,0.60794437,cellular,jun
36729,0,0.59575346,telephone,jun
36730,0,0.60576409,cellular,jun
36731,0,0.59086473,cellular,jun
36732,0,0.60022868,cellular,jun
36733,0,0.60576409,cellular,jun
36734,0,0.60022868,cellular,jun
36735,0,0.60022868,cellular,jun
36736,1,0.62603453,cellular,jun
36737,0,0.62603453,cellular,jun
36738,0,0.60193248,cellular,jun
36739,1,0.62603453,cellular,jun
36740,1,0.60193248,cellular,jun
36741,0,0.52227199,cellular,jun
36742,0,0.51120714,cellular,jun
36743,1,0.60794437,cellular,jun
36744,1,0.58978601,cellular,jun
36745,1,0.61606479,cellular,jun
36746,0,0.60193248,cellular,jun
36747,0,0.60794437,cellular,jun
36748,1,0.60193248,cellular,jun
36749,1,0.60193248,cellular,jun
36750,1,0.50354682,cellular,jun
36751,0,0.60376996,cellular,jun
36752,0,0.62603453,cellular,jun
36753,0,0.60794437,cellular,jun
36754,1,0.62603453,cellular,jun
36755,0,0.61034956,cellular,jun
36756,0,0.60376996,cellular,jun
36757,0,0.5986403,cellular,jun
36758,0,0.49848034,cellular,jun
36759,1,0.60193248,cellular,jun
36760,1,0.61034956,cellular,jun
36761,1,0.62603453,cellular,jun
36762,0,0.60376996,cellular,jun
36763,1,0.60376996,cellular,jun
36764,1,0.50759235,cellular,jun
36765,0,0.61606479,cellular,jun
36766,1,0.57831528,telephone,jun
36767,0,0.51156444,cellular,jun
36768,0,0.60794437,cellular,jun
36769,0,0.60376996,telephone,jun
36770,1,0.60022868,cellular,jun
36771,1,0.62603453,cellular,jun
36772,0,0.61034956,cellular,jun
36773,1,0.60376996,cellular,jun
36774,0,0.60376996,cellular,jun
36775,0,0.60794437,cellular,jun
36776,1,0.59715258,cellular,jun
36777,1,0.51046988,cellular,jun
36778,1,0.48439845,cellular,jun
36779,0,0.62603453,cellular,jun
36780,0,0.62603453,cellular,jun
36781,0,0.60376996,cellular,jun
36782,0,0.59199515,cellular,jun
36783,0,0.5986403,cellular,jun
36784,0,0.60576409,cellular,jun
36785,0,0.59443291,telephone,jun
36786,0,0.58180771,telephone,jun
36787,0,0.59575346,cellular,jun
36788,0,0.60022868,cellular,jun
36789,1,0.59318251,cellular,jun
36790,1,0.60193248,cellular,jun
36791,1,0.59715258,cellular,jun
36792,0,0.49491162,cellular,jun
36793,0,0.58681737,cellular,jun
36794,0,0.58978601,cellular,jun
36795,1,0.59715258,cellular,jun
36796,0,0.59715258,cellular,jun
36797,1,0.59086473,cellular,jun
36798,0,0.59199515,cellular,jun
36799,0,0.50400945,cellular,jun
36800,1,0.5986403,cellular,jun
36801,0,0.60193248,cellular,jun
36802,0,0.60193248,cellular,jun
36803,0,0.60193248,cellular,jun
36804,0,0.60794437,cellular,jun
36805,1,0.57897384,telephone,jun
36806,1,0.59318251,cellular,jun
36807,0,0.59715258,cellular,jun
36808,1,0.5986403,cellular,jun
36809,0,0.5058599,cellular,jun
36810,1,0.60022868,cellular,jun
36811,0,0.60376996,cellular,jun
36812,1,0.62603453,cellular,jun
36813,0,0.60022868,cellular,jun
36814,1,0.5986403,cellular,jun
36815,0,0.58106687,cellular,jun
36816,0,0.60022868,cellular,jun
36817,1,0.59199515,cellular,jun
36818,0,0.60022868,cellular,jun
36819,0,0.60022868,cellular,jun
36820,1,0.58978601,cellular,jun
36821,1,0.60193248,cellular,jun
36822,0,0.59086473,cellular,jun
36823,1,0.58106687,cellular,jun
36824,1,0.58180771,cellular,jun
36825,1,0.60794437,cellular,jun
36826,1,0.59575346,cellular,jun
36827,0,0.58590527,cellular,jun
36828,1,0.50141111,cellular,jun
36829,0,0.60193248,cellular,jun
36830,0,0.60193248,cellular,jun
36831,0,0.60022868,cellular,jun
36832,1,0.62603453,cellular,jun
36833,0,0.59443291,telephone,jun
36834,0,0.50669416,cellular,jun
36835,0,0.50096984,cellular,jun
36836,0,0.49906701,cellular,jun
36837,0,0.59715258,cellular,jun
36838,0,0.59715258,cellular,jun
36839,1,0.60022868,cellular,jun
36840,0,0.59086473,cellular,jun
36841,0,0.59715258,cellular,jun
36842,0,0.58336272,cellular,jun
36843,0,0.5986403,cellular,jun
36844,1,0.60193248,cellular,jun
36845,0,0.61034956,cellular,jun
36846,0,0.60022868,cellular,jun
36847,0,0.60022868,cellular,jun
36848,1,0.59199515,cellular,jun
36849,0,0.58681737,cellular,jun
36850,1,0.60022868,cellular,jun
36851,1,0.57705055,cellular,jun
36852,0,0.59086473,telephone,jun
36853,1,0.57767449,cellular,jun
36854,0,0.59443291,cellular,jun
36855,0,0.59443291,cellular,jun
36856,0,0.58257246,cellular,jun
36857,1,0.58681737,cellular,jun
36858,0,0.59575346,cellular,jun
36859,0,0.59443291,cellular,jun
36860,0,0.59715258,cellular,jun
36861,0,0.49463362,cellular,jun
36862,0,0.58978601,telephone,jun
36863,0,0.58776606,cellular,jun
36864,0,0.59715258,cellular,jun
36865,0,0.58590527,cellular,jun
36866,0,0.58590527,telephone,jun
36867,0,0.59443291,cellular,jun
36868,1,0.59575346,cellular,jun
36869,0,0.58776606,cellular,jun
36870,0,0.62603453,cellular,jun
36871,1,0.59318251,cellular,jun
36872,0,0.59575346,cellular,jun
36873,0,0.57767449,telephone,jun
36874,1,0.49808945,cellular,jun
36875,0,0.50916833,cellular,jun
36876,0,0.50630551,cellular,jun
36877,0,0.60576409,cellular,jun
36878,0,0.60022868,cellular,jun
36879,1,0.62603453,cellular,jun
36880,0,0.60794437,cellular,jun
36881,0,0.48871674,cellular,jun
36882,0,0.58681737,cellular,jun
36883,0,0.58875445,telephone,jun
36884,1,0.61034956,cellular,jun
36885,0,0.42523338,telephone,jun
36886,1,0.59575346,cellular,jun
36887,0,0.59086473,cellular,jun
36888,0,0.59086473,cellular,jun
36889,1,0.52484054,telephone,jun
36890,0,0.50514532,cellular,jun
36891,1,0.59199515,cellular,jun
36892,1,0.49159684,telephone,jun
36893,0,0.49297482,cellular,jun
36894,0,0.48335362,cellular,jun
36895,1,0.47923489,telephone,jun
36896,1,0.60193248,cellular,jun
36897,0,0.58875445,cellular,jun
36898,0,0.59318251,cellular,jun
36899,0,0.58336272,telephone,jun
36900,1,0.58776606,cellular,jun
36901,0,0.58978601,cellular,jun
36902,0,0.48053399,cellular,jun
36903,0,0.57584977,telephone,jun
36904,0,0.48660791,cellular,jun
36905,0,0.57644257,cellular,jun
36906,0,0.58418026,cellular,jun
36907,0,0.62603453,cellular,jun
36908,1,0.4743599,telephone,jun
36909,0,0.58257246,cellular,jun
36910,1,0.62603453,cellular,jun
36911,0,0.58875445,cellular,jun
36912,0,0.58257246,cellular,jun
36913,0,0.58502705,cellular,jun
36914,0,0.58418026,cellular,jun
36915,0,0.62603453,cellular,jun
36916,0,0.57584977,telephone,jun
36917,0,0.58590527,cellular,jun
36918,1,0.48865515,cellular,jun
36919,0,0.57584977,telephone,jun
36920,0,0.50061245,cellular,jun
36921,0,0.49049237,cellular,jun
36922,0,0.57897384,cellular,jun
36923,0,0.5986403,cellular,jun
36924,1,0.62603453,cellular,jun
36925,0,0.58106687,cellular,jun
36926,0,0.58681737,cellular,jun
36927,1,0.62603453,cellular,jun
36928,0,0.58336272,cellular,jun
36929,0,0.55983807,cellular,jun
36930,0,0.55572655,cellular,jun
36931,0,0.44584797,cellular,jun
36932,0,0.56170349,cellular,jun
36933,0,0.56170349,cellular,jun
36934,0,0.55157521,telephone,jun
36935,1,0.55838759,cellular,jun
36936,0,0.55838759,cellular,jun
36937,0,0.56106536,cellular,jun
36938,1,0.5572874,cellular,jun
36939,1,0.5482216,cellular,jun
36940,1,0.56138229,cellular,jul
36941,0,0.62603453,cellular,jul
36942,0,0.55924727,cellular,jul
36943,0,0.55867073,cellular,jul
36944,1,0.62603453,cellular,jul
36945,1,0.55178789,telephone,jul
36946,1,0.5484064,telephone,jul
36947,1,0.5572874,cellular,jul
36948,0,0.43506875,cellular,jul
36949,0,0.54696642,telephone,jul
36950,0,0.55333206,cellular,jul
36951,1,0.55333206,cellular,jul
36952,1,0.55333206,cellular,jul
36953,1,0.55265804,cellular,jul
36954,1,0.54165963,telephone,jul
36955,1,0.54266038,cellular,jul
36956,1,0.54325155,cellular,jul
36957,0,0.62603453,cellular,jul
36958,0,0.45744747,cellular,jul
36959,1,0.62603453,cellular,jul
36960,1,0.55522811,cellular,jul
36961,1,0.55572655,cellular,jul
36962,0,0.55498272,cellular,jul
36963,0,0.55074286,cellular,jul
36964,0,0.45000303,cellular,jul
36965,0,0.5493524,cellular,jul
36966,0,0.45797037,cellular,jul
36967,0,0.53237089,cellular,jul
36968,0,0.55547603,cellular,jul
36969,0,0.53755142,cellular,jul
36970,0,0.54644797,cellular,jul
36971,0,0.21017088,cellular,jul
36972,1,0.62603453,cellular,jul
36973,0,0.54859264,cellular,jul
36974,0,0.45654247,cellular,jul
36975,1,0.55136439,cellular,jul
36976,1,0.56075258,cellular,jul
36977,1,0.5476756,cellular,jul
36978,1,0.62603453,cellular,jul
36979,1,0.45172332,cellular,jul
36980,1,0.54110597,telephone,jul
36981,1,0.55649425,cellular,jul
36982,1,0.53673934,telephone,jul
36983,1,0.55379218,cellular,jul
36984,1,0.55783117,cellular,jul
36985,0,0.45549886,cellular,jul
36986,1,0.54749633,cellular,jul
36987,1,0.54679236,cellular,jul
36988,0,0.55572655,cellular,jul
36989,1,0.55243753,cellular,jul
36990,0,0.62603453,cellular,jul
36991,0,0.55522811,cellular,jul
36992,1,0.55755774,cellular,jul
36993,0,0.55675572,cellular,jul
36994,0,0.55074286,cellular,jul
36995,1,0.55755774,cellular,jul
36996,0,0.55675572,cellular,jul
36997,0,0.53977525,telephone,jul
36998,0,0.56013903,cellular,jul
36999,0,0.55074286,cellular,jul
37000,0,0.45205666,cellular,jul
37001,0,0.53530039,cellular,jul
37002,0,0.55449938,cellular,jul
37003,1,0.55649425,cellular,jul
37004,0,0.54355269,cellular,jul
37005,0,0.45119072,cellular,jul
37006,1,0.55074286,cellular,jul
37007,0,0.55200249,telephone,jul
37008,0,0.55310527,cellular,jul
37009,1,0.5667231,cellular,jul
37010,1,0.54896951,cellular,jul
37011,1,0.55221902,cellular,jul
37012,1,0.44810337,cellular,jul
37013,1,0.55013704,cellular,jul
37014,0,0.45009672,cellular,jul
37015,0,0.54803822,cellular,jul
37016,0,0.54679236,cellular,jul
37017,0,0.54803822,cellular,jul
37018,1,0.55675572,cellular,jul
37019,0,0.44974208,cellular,jul
37020,1,0.5295056,cellular,jul
37021,0,0.55288061,cellular,jul
37022,1,0.62603453,cellular,jul
37023,0,0.44822329,telephone,jul
37024,0,0.46752964,cellular,jul
37025,0,0.54679236,cellular,jul
37026,0,0.54696642,cellular,jul
37027,1,0.62603453,cellular,jul
37028,1,0.55597972,cellular,jul
37029,0,0.54528015,cellular,jul
37030,0,0.54528015,cellular,jul
37031,0,0.55356101,cellular,jul
37032,1,0.46870487,cellular,jul
37033,0,0.54560805,cellular,jul
37034,0,0.54896951,cellular,jul
37035,0,0.5493524,cellular,jul
37036,0,0.56444151,cellular,jul
37037,1,0.53863759,telephone,jul
37038,0,0.56106536,cellular,jul
37039,1,0.53926296,telephone,jul
37040,0,0.5540256,cellular,jul
37041,1,0.5476756,cellular,jul
37042,0,0.54661955,cellular,jul
37043,1,0.45344981,cellular,jul
37044,1,0.44856124,cellular,jul
37045,0,0.54679236,cellular,jul
37046,1,0.55157521,cellular,jul
37047,1,0.55033728,cellular,jul
37048,0,0.54325155,cellular,jul
37049,0,0.5413812,cellular,jul
37050,0,0.62603453,cellular,jul
37051,0,0.4677524,cellular,jul
37052,0,0.4494781,cellular,jul
37053,0,0.54355269,cellular,jul
37054,0,0.46911442,cellular,jul
37055,0,0.54627762,cellular,jul
37056,0,0.56632736,cellular,jul
37057,1,0.56593808,cellular,jul
37058,0,0.5214734,telephone,jul
37059,0,0.45095713,cellular,jul
37060,0,0.53294837,telephone,jul
37061,0,0.5540256,cellular,jul
37062,1,0.53324241,telephone,jul
37063,0,0.54610846,cellular,jul
37064,0,0.54696642,cellular,jul
37065,0,0.54859264,cellular,jul
37066,0,0.54803822,cellular,jul
37067,0,0.4680225,cellular,jul
37068,0,0.54714176,cellular,jul
37069,1,0.54696642,cellular,jul
37070,0,0.5457737,cellular,jul
37071,0,0.62603453,cellular,jul
37072,1,0.55310527,cellular,jul
37073,0,0.54495667,cellular,jul
37074,1,0.55310527,cellular,jul
37075,0,0.53802811,telephone,jul
37076,1,0.55755774,cellular,jul
37077,0,0.54447949,cellular,jul
37078,0,0.54370469,cellular,jul
37079,1,0.54714176,cellular,jul
37080,0,0.53374061,telephone,jul
37081,1,0.53171425,telephone,jul
37082,0,0.53285116,cellular,jul
37083,0,0.5242908,telephone,jul
37084,0,0.54194132,cellular,jul
37085,0,0.41705661,cellular,jul
37086,0,0.51799222,telephone,jul
37087,1,0.52771693,cellular,jul
37088,0,0.5214734,cellular,jul
37089,0,0.52554589,cellular,jul
37090,0,0.49113186,telephone,jul
37091,0,0.49237452,telephone,jul
37092,1,0.52526126,cellular,jul
37093,0,0.51783592,cellular,jul
37094,0,0.53466427,cellular,jul
37095,1,0.51050812,cellular,jul
37096,0,0.49159684,telephone,jul
37097,0,0.49125154,cellular,jul
37098,0,0.5062734,telephone,jul
37099,0,0.51603561,cellular,jul
37100,0,0.51788791,cellular,jul
37101,1,0.62603453,cellular,jul
37102,0,0.50870232,cellular,jul
37103,0,0.52029441,cellular,jul
37104,1,0.62603453,cellular,jul
37105,0,0.41574574,cellular,jul
37106,0,0.51747513,cellular,jul
37107,0,0.41485366,cellular,jul
37108,0,0.41517252,cellular,jul
37109,1,0.40769263,cellular,jul
37110,1,0.50913216,cellular,jul
37111,0,0.53080628,cellular,jul
37112,0,0.49515251,telephone,jul
37113,1,0.50523733,cellular,jul
37114,0,0.46058896,telephone,jul
37115,0,0.50175411,cellular,jul
37116,0,0.40573033,cellular,jul
37117,0,0.50130655,cellular,jul
37118,0,0.50084159,cellular,aug
37119,0,0.50348961,cellular,aug
37120,0,0.497953,cellular,aug
37121,0,0.50089281,cellular,aug
37122,1,0.62603453,cellular,aug
37123,1,0.50135877,cellular,aug
37124,0,0.50392202,cellular,aug
37125,0,0.62603453,cellular,aug
37126,1,0.52165535,cellular,aug
37127,1,0.49848034,cellular,aug
37128,1,0.50094414,cellular,aug
37129,1,0.62603453,cellular,aug
37130,0,0.16952429,cellular,aug
37131,0,0.41129456,cellular,aug
37132,0,0.50053655,cellular,aug
37133,0,0.51939119,cellular,aug
37134,1,0.50053655,cellular,aug
37135,0,0.4234526,cellular,aug
37136,0,0.40069805,cellular,aug
37137,0,0.50398027,cellular,aug
37138,0,0.50398027,cellular,aug
37139,0,0.50051131,cellular,aug
37140,0,0.51900646,cellular,aug
37141,0,0.62603453,cellular,aug
37142,1,0.50430319,cellular,aug
37143,1,0.62603453,cellular,aug
37144,1,0.50430319,cellular,aug
37145,0,0.410286,cellular,aug
37146,1,0.50051131,cellular,aug
37147,1,0.62603453,cellular,aug
37148,1,0.50151612,cellular,aug
37149,0,0.40758182,cellular,aug
37150,0,0.50360416,cellular,aug
37151,0,0.50646668,cellular,aug
37152,0,0.51132565,cellular,aug
37153,1,0.52355488,cellular,aug
37154,0,0.48707831,cellular,aug
37155,1,0.62603453,cellular,aug
37156,1,0.41006583,cellular,aug
37157,1,0.50418526,cellular,aug
37158,0,0.50595469,cellular,aug
37159,0,0.48975656,cellular,aug
37160,0,0.47986495,telephone,aug
37161,1,0.49537547,telephone,aug
37162,1,0.4081899,cellular,aug
37163,0,0.49684514,telephone,aug
37164,1,0.62603453,cellular,aug
37165,0,0.40368466,cellular,aug
37166,1,0.48831922,cellular,aug
37167,0,0.49049237,cellular,aug
37168,0,0.50689088,cellular,aug
37169,0,0.50099557,cellular,aug
37170,1,0.62603453,cellular,aug
37171,0,0.49221338,cellular,aug
37172,1,0.49988866,cellular,aug
37173,0,0.48837995,telephone,aug
37174,0,0.45976243,telephone,aug
37175,0,0.48321852,cellular,aug
37176,0,0.49813511,cellular,aug
37177,0,0.49918609,cellular,aug
37178,0,0.46788064,cellular,aug
37179,0,0.62603453,cellular,aug
37180,0,0.49861984,cellular,aug
37181,0,0.49603615,cellular,aug
37182,0,0.50099557,cellular,aug
37183,0,0.41503695,cellular,aug
37184,1,0.62603453,cellular,aug
37185,0,0.50079048,cellular,aug
37186,0,0.5025649,cellular,aug
37187,0,0.50081602,cellular,aug
37188,0,0.4931969,cellular,aug
37189,0,0.3969593,cellular,aug
37190,1,0.51804455,cellular,aug
37191,0,0.50278582,cellular,aug
37192,1,0.62603453,cellular,aug
37193,0,0.50278582,cellular,aug
37194,1,0.40566058,cellular,aug
37195,0,0.48683483,cellular,aug
37196,0,0.50278582,cellular,aug
37197,1,0.62603453,cellular,aug
37198,0,0.50348961,cellular,aug
37199,1,0.40156278,cellular,aug
37200,1,0.49372324,telephone,aug
37201,0,0.50348961,cellular,aug
37202,0,0.49774977,cellular,aug
37203,0,0.40736132,cellular,aug
37204,0,0.50284137,cellular,aug
37205,1,0.49523335,telephone,aug
37206,1,0.50096984,cellular,aug
37207,1,0.49641595,cellular,aug
37208,1,0.50036039,cellular,aug
37209,0,0.50395113,cellular,aug
37210,1,0.48776467,cellular,aug
37211,0,0.50712243,cellular,aug
37212,0,0.5048714,cellular,aug
37213,0,0.48757285,telephone,aug
37214,0,0.17849044,cellular,aug
37215,1,0.40620332,cellular,aug
37216,0,0.5048714,cellular,aug
37217,0,0.39739272,telephone,aug
37218,0,0.50309295,cellular,aug
37219,1,0.50953306,cellular,aug
37220,1,0.4982726,cellular,aug
37221,1,0.50834991,cellular,aug
37222,0,0.50374812,cellular,aug
37223,0,0.50323386,cellular,aug
37224,1,0.50207514,cellular,aug
37225,0,0.48776467,cellular,aug
37226,1,0.38753812,cellular,aug
37227,0,0.40369157,cellular,aug
37228,1,0.49993788,cellular,aug
37229,0,0.52012245,cellular,aug
37230,1,0.51955797,cellular,aug
37231,1,0.62603453,cellular,aug
37232,1,0.50490168,cellular,aug
37233,1,0.50692382,cellular,aug
37234,0,0.49911457,cellular,aug
37235,0,0.62603453,cellular,aug
37236,1,0.49878362,cellular,aug
37237,1,0.62603453,cellular,aug
37238,0,0.62603453,cellular,aug
37239,0,0.49228486,telephone,aug
37240,0,0.49824963,cellular,aug
37241,0,0.03137646,cellular,aug
37242,0,0.50360416,cellular,aug
37243,0,0.17755155,cellular,aug
37244,0,0.50793374,cellular,aug
37245,0,0.17520738,cellular,aug
37246,1,0.62603453,cellular,aug
37247,0,0.41065479,cellular,aug
37248,0,0.48279366,cellular,aug
37249,0,0.4081681,cellular,aug
37250,1,0.40641419,cellular,aug
37251,1,0.48214096,cellular,aug
37252,1,0.62603453,cellular,aug
37253,0,0.39571497,cellular,aug
37254,0,0.5062734,cellular,aug
37255,0,0.62603453,cellular,aug
37256,0,0.50582838,cellular,aug
37257,0,0.17752392,cellular,aug
37258,0,0.49759288,cellular,aug
37259,1,0.62603453,cellular,aug
37260,1,0.50679232,cellular,aug
37261,1,0.50776244,cellular,aug
37262,0,0.5062734,cellular,aug
37263,1,0.5058599,cellular,aug
37264,1,0.41031101,cellular,aug
37265,0,0.62603453,cellular,aug
37266,1,0.50481095,cellular,aug
37267,0,0.48353909,telephone,aug
37268,0,0.48102045,cellular,aug
37269,0,0.48622981,telephone,aug
37270,0,0.48985337,cellular,aug
37271,0,0.50320561,cellular,aug
37272,0,0.40097842,cellular,aug
37273,1,0.49156209,telephone,aug
37274,0,0.49783988,cellular,aug
37275,1,0.39896014,cellular,aug
37276,0,0.49857325,cellular,aug
37277,0,0.62603453,cellular,aug
37278,1,0.50058712,cellular,aug
37279,0,0.49275478,telephone,aug
37280,1,0.62603453,cellular,aug
37281,1,0.17403181,cellular,aug
37282,1,0.62603453,cellular,aug
37283,1,0.40877801,cellular,aug
37284,0,0.62603453,cellular,aug
37285,0,0.62603453,cellular,aug
37286,0,0.62603453,cellular,aug
37287,0,0.62603453,cellular,aug
37288,1,0.62603453,cellular,aug
37289,0,0.48857839,telephone,aug
37290,0,0.40190597,cellular,aug
37291,1,0.62603453,telephone,aug
37292,0,0.62603453,cellular,aug
37293,1,0.62603453,cellular,aug
37294,1,0.17415414,cellular,aug
37295,0,0.40460703,cellular,aug
37296,0,0.17425988,cellular,aug
37297,0,0.4888404,telephone,aug
37298,0,0.62603453,cellular,aug
37299,0,0.62603453,cellular,aug
37300,0,0.51112846,telephone,aug
37301,0,0.39030275,telephone,aug
37302,0,0.62603453,cellular,aug
37303,0,0.51108922,cellular,aug
37304,0,0.50369043,cellular,aug
37305,0,0.62603453,cellular,aug
37306,0,0.40395708,cellular,aug
37307,0,0.40332725,cellular,aug
37308,1,0.62603453,cellular,aug
37309,0,0.49788506,cellular,aug
37310,0,0.62603453,telephone,aug
37311,1,0.49906701,cellular,aug
37312,0,0.50292493,cellular,aug
37313,1,0.62603453,cellular,aug
37314,0,0.40616564,cellular,aug
37315,0,0.49647984,cellular,aug
37316,0,0.49052561,telephone,aug
37317,0,0.37605291,telephone,aug
37318,0,0.40766791,cellular,aug
37319,0,0.50323386,cellular,aug
37320,0,0.49192956,telephone,aug
37321,0,0.49878362,cellular,aug
37322,1,0.62603453,cellular,aug
37323,0,0.5062734,cellular,aug
37324,0,0.62603453,cellular,aug
37325,0,0.49652253,telephone,aug
37326,0,0.50223728,cellular,aug
37327,0,0.62603453,cellular,aug
37328,0,0.17738199,cellular,aug
37329,0,0.62603453,cellular,aug
37330,0,0.49719411,telephone,aug
37331,1,0.49647984,cellular,aug
37332,1,0.50611352,cellular,aug
37333,1,0.42031848,cellular,aug
37334,0,0.39650978,telephone,aug
37335,0,0.40662611,cellular,aug
37336,0,0.50091846,cellular,aug
37337,0,0.49347742,cellular,aug
37338,1,0.49797569,cellular,aug
37339,1,0.62603453,cellular,aug
37340,1,0.49983954,cellular,aug
37341,0,0.50380595,cellular,aug
37342,1,0.50275809,cellular,aug
37343,0,0.50689088,cellular,aug
37344,0,0.62603453,cellular,aug
37345,0,0.3985774,cellular,aug
37346,1,0.62603453,cellular,aug
37347,0,0.40522082,cellular,aug
37348,0,0.17771599,cellular,aug
37349,0,0.51116777,cellular,aug
37350,0,0.50532969,cellular,aug
37351,0,0.49790769,cellular,aug
37352,0,0.49580698,cellular,aug
37353,1,0.40243648,cellular,aug
37354,1,0.02927517,cellular,aug
37355,0,0.50463051,cellular,aug
37356,1,0.62603453,cellular,aug
37357,1,0.62603453,cellular,aug
37358,0,0.40787234,cellular,aug
37359,0,0.62603453,cellular,aug
37360,0,0.3886521,telephone,aug
37361,1,0.17566915,cellular,aug
37362,0,0.40339981,cellular,aug
37363,1,0.49597343,cellular,aug
37364,1,0.39848417,cellular,aug
37365,0,0.49479208,cellular,aug
37366,0,0.49447619,cellular,aug
37367,0,0.48502424,telephone,aug
37368,1,0.62603453,cellular,aug
37369,1,0.50374812,cellular,aug
37370,0,0.40850995,cellular,aug
37371,1,0.49469292,cellular,aug
37372,0,0.50326214,cellular,aug
37373,0,0.49336482,cellular,aug
37374,0,0.49899585,cellular,aug
37375,1,0.40494449,cellular,aug
37376,0,0.50520662,cellular,aug
37377,0,0.62603453,cellular,aug
37378,0,0.49401004,telephone,aug
37379,0,0.50028529,cellular,aug
37380,0,0.49940194,cellular,aug
37381,0,0.50329046,cellular,aug
37382,0,0.50298081,cellular,aug
37383,0,0.51097187,cellular,aug
37384,0,0.50196765,cellular,aug
37385,0,0.49880711,telephone,aug
37386,1,0.51097187,cellular,aug
37387,1,0.62603453,cellular,aug
37388,0,0.53685368,cellular,aug
37389,1,0.62603453,cellular,aug
37390,0,0.50949633,cellular,aug
37391,0,0.5035182,cellular,aug
37392,0,0.50821038,cellular,aug
37393,0,0.51160447,telephone,aug
37394,1,0.62603453,cellular,aug
37395,1,0.62603453,cellular,aug
37396,1,0.51160447,telephone,aug
37397,0,0.50286919,cellular,aug
37398,1,0.52081781,cellular,aug
37399,0,0.41553141,cellular,aug
37400,0,0.40810528,cellular,aug
37401,0,0.62603453,cellular,aug
37402,1,0.51148458,cellular,aug
37403,0,0.62603453,cellular,aug
37404,1,0.41163801,cellular,aug
37405,0,0.17597731,cellular,aug
37406,0,0.62603453,cellular,aug
37407,1,0.50038548,cellular,aug
37408,1,0.50679232,cellular,aug
37409,0,0.39448747,cellular,aug
37410,1,0.62603453,cellular,aug
37411,1,0.40677891,cellular,aug
37412,1,0.41192005,cellular,aug
37413,0,0.50215608,cellular,aug
37414,0,0.49988866,cellular,aug
37415,1,0.40863954,cellular,aug
37416,0,0.62603453,cellular,aug
37417,1,0.50363288,cellular,aug
37418,0,0.62603453,cellular,aug
37419,1,0.41931644,cellular,aug
37420,1,0.51632644,cellular,aug
37421,0,0.62603453,cellular,aug
37422,1,0.50463051,cellular,aug
37423,0,0.17747356,cellular,aug
37424,0,0.49135461,cellular,aug
37425,0,0.50725576,cellular,aug
37426,1,0.19570732,cellular,aug
37427,0,0.50496236,cellular,aug
37428,0,0.48824352,telephone,aug
37429,0,0.41123951,cellular,aug
37430,0,0.50935,cellular,aug
37431,1,0.50935,cellular,aug
37432,0,0.50935,cellular,aug
37433,0,0.5025649,cellular,aug
37434,1,0.62603453,cellular,aug
37435,0,0.50481095,cellular,aug
37436,0,0.50682513,cellular,aug
37437,0,0.48747019,cellular,aug
37438,0,0.4920356,cellular,aug
37439,0,0.50796814,cellular,aug
37440,0,0.62603453,cellular,aug
37441,0,0.62603453,cellular,aug
37442,0,0.51972593,cellular,aug
37443,0,0.62603453,cellular,aug
37444,0,0.50400945,cellular,aug
37445,0,0.62603453,cellular,aug
37446,0,0.17899272,cellular,aug
37447,0,0.49815797,cellular,aug
37448,0,0.40222507,cellular,aug
37449,0,0.4064725,cellular,aug
37450,0,0.50735624,cellular,aug
37451,0,0.49750369,cellular,aug
37452,0,0.49374225,cellular,aug
37453,0,0.62603453,cellular,aug
37454,1,0.50523733,cellular,aug
37455,0,0.50360416,cellular,aug
37456,0,0.50226442,cellular,aug
37457,0,0.49580698,cellular,aug
37458,1,0.49866652,cellular,aug
37459,0,0.40717563,cellular,aug
37460,0,0.62603453,cellular,aug
37461,0,0.17190151,cellular,aug
37462,1,0.62603453,cellular,aug
37463,1,0.49239249,cellular,aug
37464,1,0.51732215,cellular,aug
37465,0,0.48972438,telephone,aug
37466,1,0.62603453,cellular,aug
37467,0,0.49781732,cellular,aug
37468,1,0.49541624,cellular,aug
37469,0,0.62603453,cellular,aug
37470,0,0.39728128,cellular,aug
37471,1,0.50369043,cellular,aug
37472,0,0.40270979,cellular,aug
37473,0,0.49624641,cellular,aug
37474,1,0.62603453,cellular,aug
37475,0,0.49871329,cellular,aug
37476,0,0.49353393,cellular,aug
37477,0,0.40053756,cellular,aug
37478,0,0.62603453,cellular,aug
37479,1,0.50033533,cellular,aug
37480,0,0.39778919,cellular,aug
37481,1,0.39972654,cellular,aug
37482,0,0.49607806,cellular,aug
37483,0,0.49748144,cellular,aug
37484,0,0.62603453,cellular,aug
37485,0,0.40384542,cellular,aug
37486,0,0.49374225,cellular,aug
37487,0,0.50026031,cellular,aug
37488,0,0.50300879,cellular,aug
37489,0,0.18255984,cellular,aug
37490,1,0.49264551,cellular,aug
37491,0,0.50117648,cellular,aug
37492,0,0.51857418,cellular,aug
37493,1,0.49551845,cellular,aug
37494,0,0.62603453,cellular,aug
37495,0,0.49582773,cellular,aug
37496,1,0.62603453,cellular,aug
37497,0,0.49983954,cellular,aug
37498,0,0.49871329,cellular,aug
37499,1,0.40248463,cellular,aug
37500,0,0.49925782,cellular,aug
37501,0,0.49210655,telephone,aug
37502,0,0.49964406,cellular,aug
37503,0,0.4982726,cellular,aug
37504,0,0.62603453,cellular,aug
37505,0,0.48631332,telephone,aug
37506,0,0.40495266,cellular,aug
37507,0,0.49232068,cellular,aug
37508,1,0.49866652,cellular,aug
37509,0,0.40329366,cellular,aug
37510,1,0.40219269,cellular,aug
37511,0,0.49626754,cellular,aug
37512,0,0.3998975,cellular,aug
37513,0,0.40403788,cellular,aug
37514,0,0.62603453,cellular,aug
37515,0,0.50343254,cellular,aug
37516,0,0.50343254,cellular,aug
37517,0,0.62603453,cellular,aug
37518,0,0.49557998,cellular,aug
37519,0,0.62603453,cellular,aug
37520,0,0.47968474,telephone,aug
37521,0,0.48945255,cellular,aug
37522,0,0.48945255,cellular,aug
37523,1,0.49899585,cellular,aug
37524,0,0.62603453,cellular,aug
37525,1,0.62603453,cellular,aug
37526,0,0.49871329,cellular,aug
37527,0,0.39877123,cellular,aug
37528,0,0.62603453,cellular,aug
37529,0,0.48493195,cellular,aug
37530,1,0.49665105,cellular,aug
37531,0,0.49864317,cellular,aug
37532,0,0.51809699,cellular,aug
37533,0,0.39731009,cellular,aug
37534,0,0.49848034,cellular,aug
37535,0,0.50180732,cellular,aug
37536,0,0.62603453,cellular,aug
37537,1,0.50099557,cellular,aug
37538,0,0.50036039,cellular,aug
37539,1,0.4716567,telephone,aug
37540,0,0.18608623,cellular,aug
37541,1,0.51490624,cellular,aug
37542,0,0.49981502,cellular,aug
37543,0,0.4933461,telephone,aug
37544,1,0.49945017,cellular,aug
37545,1,0.4965439,cellular,aug
37546,0,0.40393281,cellular,aug
37547,0,0.49359056,cellular,aug
37548,0,0.62603453,cellular,aug
37549,0,0.39734292,cellular,aug
37550,0,0.49765999,cellular,aug
37551,1,0.49499165,cellular,aug
37552,1,0.62603453,cellular,aug
37553,0,0.41562322,cellular,aug
37554,0,0.40554421,cellular,aug
37555,0,0.49864317,cellular,aug
37556,1,0.62603453,cellular,aug
37557,0,0.49650118,cellular,aug
37558,0,0.49650118,cellular,aug
37559,0,0.62603453,cellular,aug
37560,1,0.49843402,cellular,aug
37561,0,0.51652231,cellular,aug
37562,0,0.41899455,cellular,aug
37563,0,0.40519647,cellular,aug
37564,0,0.42297887,cellular,aug
37565,0,0.48964411,cellular,aug
37566,1,0.48818314,cellular,aug
37567,1,0.62603453,cellular,aug
37568,0,0.50146356,cellular,aug
37569,1,0.49487171,cellular,aug
37570,0,0.50539146,cellular,aug
37571,1,0.49781732,cellular,aug
37572,1,0.49439787,cellular,aug
37573,1,0.38652431,cellular,aug
37574,1,0.49539585,cellular,aug
37575,0,0.51809699,cellular,aug
37576,1,0.50026031,cellular,aug
37577,0,0.49599432,cellular,aug
37578,1,0.40325054,cellular,aug
37579,1,0.39748709,cellular,aug
37580,1,0.40907967,cellular,aug
37581,1,0.50300879,cellular,aug
37582,0,0.62603453,cellular,aug
37583,1,0.50636985,cellular,aug
37584,0,0.50523733,cellular,aug
37585,0,0.40897731,cellular,aug
37586,0,0.5035182,cellular,aug
37587,0,0.5004609,cellular,aug
37588,0,0.41257096,telephone,aug
37589,1,0.50810627,cellular,aug
37590,0,0.50073948,cellular,aug
37591,0,0.62603453,telephone,aug
37592,0,0.17284246,cellular,aug
37593,0,0.50248257,telephone,aug
37594,0,0.16763573,cellular,aug
37595,1,0.48996681,cellular,aug
37596,0,0.3991071,cellular,aug
37597,0,0.49899585,cellular,aug
37598,1,0.62603453,cellular,aug
37599,0,0.1685467,cellular,aug
37600,0,0.49868989,cellular,aug
37601,0,0.49368526,cellular,aug
37602,0,0.48862441,cellular,aug
37603,1,0.48974046,cellular,aug
37604,1,0.49164907,cellular,aug
37605,1,0.4866503,telephone,aug
37606,0,0.49106373,cellular,aug
37607,0,0.49505185,cellular,aug
37608,0,0.51140498,cellular,aug
37609,0,0.51140498,cellular,aug
37610,1,0.49981502,cellular,aug
37611,1,0.62603453,cellular,aug
37612,0,0.49144084,cellular,aug
37613,0,0.49612003,cellular,aug
37614,1,0.49345862,cellular,aug
37615,0,0.49345862,cellular,aug
37616,0,0.48828891,telephone,aug
37617,0,0.39632325,cellular,aug
37618,0,0.39794161,cellular,aug
37619,0,0.48358879,cellular,aug
37620,0,0.48392702,telephone,aug
37621,0,0.62603453,cellular,aug
37622,0,0.49996253,cellular,aug
37623,1,0.40373024,cellular,aug
37624,0,0.48996681,cellular,aug
37625,1,0.48942078,cellular,aug
37626,1,0.62603453,cellular,aug
37627,0,0.5145866,cellular,aug
37628,1,0.62603453,cellular,aug
37629,0,0.38958741,cellular,aug
37630,0,0.50141111,cellular,aug
37631,0,0.49890129,cellular,aug
37632,1,0.49838779,cellular,aug
37633,0,0.16403545,cellular,aug
37634,1,0.62603453,cellular,aug
37635,0,0.49947432,cellular,aug
37636,1,0.39944905,cellular,aug
37637,0,0.49399081,cellular,aug
37638,1,0.41359069,cellular,aug
37639,0,0.49555946,cellular,aug
37640,1,0.50096984,cellular,aug
37641,1,0.49852675,cellular,aug
37642,0,0.47204425,cellular,aug
37643,0,0.50026031,cellular,aug
37644,1,0.62603453,telephone,aug
37645,0,0.49802113,cellular,aug
37646,1,0.48870133,telephone,aug
37647,0,0.40189657,cellular,aug
37648,0,0.39947368,cellular,aug
37649,0,0.62603453,cellular,aug
37650,1,0.39478119,telephone,aug
37651,1,0.39960943,cellular,aug
37652,0,0.49239249,cellular,aug
37653,0,0.49706265,cellular,aug
37654,0,0.48406621,telephone,aug
37655,0,0.39869578,cellular,aug
37656,0,0.49752595,cellular,aug
37657,0,0.49591088,cellular,aug
37658,0,0.39875553,cellular,aug
37659,1,0.17084942,cellular,aug
37660,0,0.47900798,cellular,aug
37661,0,0.49669405,cellular,aug
37662,1,0.4716341,cellular,aug
37663,1,0.39907027,cellular,aug
37664,1,0.62603453,cellular,aug
37665,1,0.4951727,cellular,aug
37666,1,0.48739713,cellular,aug
37667,1,0.41667467,cellular,aug
37668,1,0.39711348,cellular,aug
37669,0,0.49979052,cellular,aug
37670,0,0.39627898,cellular,aug
37671,0,0.48998306,telephone,aug
37672,1,0.49144084,cellular,aug
37673,0,0.49072599,telephone,aug
37674,0,0.50191409,cellular,aug
37675,0,0.49114892,cellular,aug
37676,1,0.62603453,cellular,aug
37677,0,0.49684514,cellular,aug
37678,0,0.4893257,telephone,aug
37679,0,0.39119487,cellular,aug
37680,0,0.49366629,cellular,aug
37681,0,0.50068859,cellular,aug
37682,1,0.49527387,cellular,aug
37683,1,0.17327286,cellular,aug
37684,1,0.49952269,cellular,aug
37685,0,0.47477734,cellular,aug
37686,0,0.51846732,cellular,aug
37687,1,0.50151612,cellular,aug
37688,1,0.62603453,cellular,aug
37689,1,0.49790769,cellular,aug
37690,0,0.4920002,telephone,aug
37691,1,0.50086718,cellular,aug
37692,0,0.62603453,cellular,aug
37693,0,0.48958009,cellular,aug
37694,1,0.62603453,cellular,aug
37695,0,0.39252705,telephone,aug
37696,1,0.50091846,cellular,aug
37697,0,0.49483186,cellular,aug
37698,0,0.49961974,cellular,aug
37699,0,0.49531446,cellular,aug
37700,0,0.4929564,cellular,aug
37701,0,0.50021042,cellular,aug
37702,0,0.02727814,telephone,aug
37703,1,0.50117648,cellular,aug
37704,0,0.3949531,cellular,aug
37705,1,0.62603453,cellular,aug
37706,0,0.48780916,telephone,aug
37707,1,0.49513234,cellular,aug
37708,1,0.48980492,cellular,aug
37709,1,0.62603453,cellular,aug
37710,0,0.49883062,cellular,aug
37711,1,0.62603453,cellular,aug
37712,0,0.50146356,cellular,aug
37713,0,0.39321654,cellular,aug
37714,1,0.62603453,cellular,aug
37715,0,0.48938904,cellular,aug
37716,0,0.40009092,cellular,aug
37717,1,0.62603453,cellular,aug
37718,0,0.39752978,cellular,aug
37719,0,0.4943198,cellular,aug
37720,0,0.40197109,cellular,aug
37721,1,0.49788506,cellular,aug
37722,0,0.49045918,cellular,aug
37723,0,0.40135934,cellular,aug
37724,1,0.50986612,cellular,aug
37725,0,0.4894049,cellular,aug
37726,0,0.49189432,cellular,aug
37727,1,0.62603453,cellular,aug
37728,1,0.49364733,cellular,aug
37729,0,0.50986612,cellular,aug
37730,1,0.62603453,cellular,aug
37731,1,0.49049237,cellular,aug
37732,0,0.49185913,cellular,aug
37733,0,0.39415646,cellular,aug
37734,0,0.40025524,cellular,aug
37735,0,0.39912304,cellular,aug
37736,0,0.48978879,cellular,aug
37737,0,0.39420661,cellular,aug
37738,1,0.48863978,cellular,aug
37739,1,0.62603453,cellular,aug
37740,0,0.39260549,cellular,aug
37741,0,0.49626754,cellular,aug
37742,0,0.39715699,cellular,aug
37743,0,0.49017893,cellular,aug
37744,1,0.49079316,cellular,aug
37745,0,0.49467314,telephone,aug
37746,1,0.39445963,cellular,aug
37747,0,0.393374,cellular,aug
37748,0,0.62603453,cellular,aug
37749,0,0.51089395,cellular,aug
37750,0,0.41338121,cellular,aug
37751,0,0.51024169,cellular,aug
37752,1,0.51140498,cellular,aug
37753,1,0.62603453,cellular,aug
37754,1,0.62603453,cellular,aug
37755,0,0.39632824,cellular,aug
37756,1,0.49082681,cellular,aug
37757,1,0.62603453,cellular,aug
37758,1,0.49387577,cellular,aug
37759,1,0.62603453,cellular,aug
37760,0,0.39644743,cellular,aug
37761,1,0.62603453,cellular,aug
37762,0,0.62603453,cellular,aug
37763,1,0.49106373,cellular,aug
37764,1,0.62603453,cellular,aug
37765,1,0.62603453,cellular,aug
37766,0,0.39650919,cellular,aug
37767,0,0.49168395,cellular,aug
37768,0,0.48818314,cellular,aug
37769,0,0.49114892,cellular,aug
37770,1,0.62603453,cellular,aug
37771,1,0.47641368,cellular,aug
37772,1,0.48585761,cellular,aug
37773,0,0.49074276,cellular,aug
37774,0,0.45701296,telephone,aug
37775,0,0.48125617,telephone,aug
37776,0,0.49310411,cellular,aug
37777,0,0.16678339,cellular,aug
37778,0,0.49108074,cellular,aug
37779,0,0.48898028,cellular,aug
37780,0,0.62603453,cellular,aug
37781,0,0.39722378,cellular,aug
37782,0,0.48662203,cellular,aug
37783,0,0.48777949,telephone,aug
37784,1,0.48298694,cellular,aug
37785,0,0.49428086,cellular,aug
37786,0,0.4872227,cellular,aug
37787,0,0.62603453,cellular,aug
37788,0,0.49961974,cellular,aug
37789,1,0.37297721,cellular,aug
37790,1,0.62603453,cellular,aug
37791,0,0.49120018,cellular,aug
37792,0,0.3893828,cellular,aug
37793,0,0.62603453,cellular,aug
37794,0,0.48399019,cellular,aug
37795,0,0.48000369,cellular,aug
37796,0,0.38438607,cellular,aug
37797,0,0.38488392,cellular,aug
37798,0,0.48523653,cellular,aug
37799,1,0.49345862,cellular,aug
37800,0,0.48543729,cellular,aug
37801,1,0.46791281,cellular,aug
37802,1,0.48730976,cellular,aug
37803,0,0.37635792,cellular,aug
37804,1,0.62603453,cellular,aug
37805,0,0.48709271,cellular,aug
37806,1,0.62603453,cellular,aug
37807,0,0.62603453,cellular,aug
37808,1,0.49067574,cellular,aug
37809,1,0.62603453,cellular,aug
37810,0,0.62603453,cellular,aug
37811,0,0.39239289,cellular,aug
37812,1,0.48848659,telephone,aug
37813,0,0.62603453,cellular,aug
37814,1,0.50212907,telephone,aug
37815,0,0.38058011,telephone,aug
37816,0,0.39788052,cellular,aug
37817,1,0.48362614,cellular,aug
37818,0,0.39771008,cellular,aug
37819,1,0.48806283,cellular,aug
37820,0,0.62603453,cellular,aug
37821,0,0.48770548,cellular,aug
37822,0,0.47158896,cellular,aug
37823,0,0.50975458,cellular,aug
37824,1,0.40096832,cellular,aug
37825,0,0.49447619,cellular,aug
37826,0,0.48873216,cellular,aug
37827,0,0.48819822,cellular,aug
37828,1,0.62603453,cellular,aug
37829,0,0.45160356,cellular,aug
37830,1,0.48345236,cellular,aug
37831,1,0.48583026,cellular,aug
37832,1,0.62603453,cellular,aug
37833,0,0.48628545,cellular,aug
37834,1,0.39264183,cellular,aug
37835,1,0.62603453,cellular,aug
37836,0,0.483701,cellular,aug
37837,0,0.49317831,cellular,aug
37838,0,0.62603453,cellular,aug
37839,0,0.48686334,cellular,aug
37840,0,0.38830906,cellular,aug
37841,0,0.3912901,cellular,aug
37842,0,0.49072599,telephone,aug
37843,0,0.50611352,cellular,aug
37844,0,0.49586927,cellular,aug
37845,0,0.49639469,cellular,aug
37846,0,0.62603453,cellular,aug
37847,0,0.17123376,cellular,aug
37848,0,0.39952842,cellular,aug
37849,0,0.17638573,cellular,aug
37850,0,0.49455478,telephone,aug
37851,1,0.62603453,cellular,aug
37852,0,0.48443709,cellular,aug
37853,0,0.50421469,cellular,aug
37854,1,0.48622981,cellular,aug
37855,1,0.5044217,cellular,aug
37856,1,0.39131849,cellular,aug
37857,0,0.48558559,cellular,aug
37858,0,0.48844083,cellular,aug
37859,0,0.50284137,cellular,aug
37860,0,0.48345236,cellular,aug
37861,1,0.62603453,cellular,aug
37862,1,0.35941206,cellular,aug
37863,0,0.48550458,cellular,aug
37864,1,0.62603453,cellular,aug
37865,0,0.38190214,cellular,aug
37866,0,0.1633223,cellular,aug
37867,0,0.39413781,cellular,aug
37868,0,0.4820825,cellular,aug
37869,0,0.47552817,telephone,aug
37870,0,0.47797345,cellular,aug
37871,1,0.36993698,cellular,aug
37872,1,0.62603453,telephone,aug
37873,0,0.3849604,cellular,aug
37874,0,0.48323077,cellular,aug
37875,0,0.47982242,cellular,aug
37876,1,0.62603453,cellular,aug
37877,0,0.39874245,cellular,aug
37878,0,0.16243536,cellular,aug
37879,1,0.38444102,cellular,aug
37880,0,0.38579971,cellular,aug
37881,1,0.62603453,cellular,aug
37882,0,0.48558559,cellular,aug
37883,1,0.4861051,cellular,aug
37884,0,0.47023769,telephone,aug
37885,0,0.62603453,cellular,aug
37886,0,0.48326756,cellular,aug
37887,0,0.48676369,cellular,aug
37888,0,0.62603453,cellular,sep
37889,0,0.62603453,cellular,sep
37890,0,0.62603453,telephone,sep
37891,1,0.62603453,cellular,sep
37892,0,0.62603453,cellular,sep
37893,0,0.62603453,cellular,sep
37894,0,0.62603453,telephone,sep
37895,0,0.62603453,cellular,sep
37896,0,0.62603453,cellular,sep
37897,0,0.62603453,cellular,sep
37898,0,0.62603453,cellular,sep
37899,0,0.62603453,telephone,sep
37900,0,0.62603453,cellular,sep
37901,0,0.62603453,cellular,sep
37902,0,0.62603453,cellular,sep
37903,0,0.62603453,cellular,sep
37904,1,0.62603453,cellular,sep
37905,1,0.62603453,cellular,sep
37906,1,0.62603453,cellular,sep
37907,1,0.62603453,cellular,sep
37908,0,0.62603453,cellular,sep
37909,0,0.62603453,cellular,sep
37910,0,0.62603453,cellular,sep
37911,1,0.62603453,cellular,sep
37912,1,0.62603453,cellular,sep
37913,0,0.62603453,telephone,sep
37914,0,0.62603453,cellular,sep
37915,1,0.62603453,cellular,sep
37916,0,0.62603453,cellular,sep
37917,1,0.62603453,cellular,sep
37918,0,0.62603453,cellular,sep
37919,0,0.62603453,cellular,sep
37920,1,0.62603453,telephone,sep
37921,0,0.62603453,cellular,sep
37922,0,0.62603453,telephone,sep
37923,1,0.62603453,cellular,sep
37924,0,0.62603453,cellular,sep
37925,0,0.62603453,cellular,sep
37926,1,0.62603453,cellular,sep
37927,1,0.62603453,cellular,sep
37928,0,0.62603453,cellular,sep
37929,0,0.62603453,cellular,sep
37930,1,0.62603453,cellular,sep
37931,0,0.62603453,cellular,sep
37932,0,0.62603453,cellular,sep
37933,0,0.62603453,cellular,sep
37934,1,0.62603453,cellular,sep
37935,0,0.62603453,cellular,sep
37936,0,0.62603453,telephone,sep
37937,0,0.62603453,cellular,sep
37938,0,0.62603453,cellular,sep
37939,0,0.62603453,cellular,sep
37940,1,0.62603453,cellular,sep
37941,0,0.62603453,cellular,sep
37942,1,0.62603453,cellular,sep
37943,1,0.62603453,cellular,sep
37944,0,0.62603453,cellular,sep
37945,0,0.62603453,cellular,sep
37946,0,0.62603453,telephone,sep
37947,0,0.62603453,cellular,sep
37948,0,0.62603453,cellular,sep
37949,0,0.62603453,telephone,sep
37950,0,0.62603453,cellular,sep
37951,0,0.62603453,cellular,sep
37952,0,0.62603453,cellular,sep
37953,1,0.62603453,cellular,sep
37954,1,0.62603453,cellular,sep
37955,1,0.62603453,cellular,sep
37956,1,0.62603453,cellular,sep
37957,0,0.62603453,cellular,sep
37958,1,0.62603453,cellular,sep
37959,0,0.62603453,cellular,sep
37960,0,0.37332181,cellular,sep
37961,1,0.62603453,cellular,sep
37962,0,0.62603453,cellular,sep
37963,0,0.62603453,cellular,sep
37964,0,0.62603453,cellular,sep
37965,0,0.62603453,cellular,sep
37966,0,0.62603453,cellular,sep
37967,0,0.62603453,cellular,sep
37968,0,0.62603453,cellular,sep
37969,1,0.62603453,telephone,sep
37970,1,0.62603453,cellular,sep
37971,1,0.62603453,cellular,sep
37972,1,0.62603453,cellular,sep
37973,1,0.62603453,cellular,sep
37974,0,0.62603453,cellular,sep
37975,0,0.62603453,telephone,sep
37976,0,0.62603453,cellular,sep
37977,0,0.62603453,cellular,sep
37978,0,0.62603453,cellular,sep
37979,0,0.62603453,telephone,sep
37980,0,0.37835391,cellular,sep
37981,0,0.62603453,cellular,sep
37982,0,0.62603453,cellular,sep
37983,1,0.62603453,cellular,sep
37984,0,0.62603453,cellular,sep
37985,1,0.62603453,cellular,sep
37986,0,0.62603453,telephone,sep
37987,0,0.62603453,cellular,sep
37988,1,0.62603453,cellular,sep
37989,0,0.62603453,cellular,sep
37990,1,0.62603453,cellular,sep
37991,0,0.62603453,cellular,sep
37992,0,0.62603453,cellular,sep
37993,1,0.62603453,cellular,sep
37994,0,0.62603453,telephone,sep
37995,1,0.62603453,cellular,sep
37996,1,0.62603453,cellular,sep
37997,1,0.62603453,cellular,sep
37998,1,0.62603453,cellular,sep
37999,1,0.62603453,cellular,sep
38000,0,0.62603453,cellular,sep
38001,1,0.62603453,cellular,sep
38002,1,0.62603453,cellular,sep
38003,1,0.62603453,cellular,sep
38004,0,0.62603453,cellular,sep
38005,1,0.62603453,cellular,sep
38006,1,0.62603453,cellular,sep
38007,1,0.62603453,cellular,sep
38008,0,0.62603453,cellular,sep
38009,1,0.62603453,cellular,sep
38010,0,0.62603453,telephone,sep
38011,0,0.62603453,cellular,sep
38012,0,0.62603453,cellular,sep
38013,1,0.62603453,telephone,sep
38014,0,0.62603453,cellular,sep
38015,1,0.62603453,cellular,sep
38016,0,0.62603453,cellular,sep
38017,1,0.62603453,cellular,sep
38018,0,0.62603453,telephone,sep
38019,1,0.62603453,cellular,sep
38020,0,0.62603453,cellular,sep
38021,1,0.62603453,cellular,sep
38022,1,0.62603453,cellular,sep
38023,0,0.37878101,cellular,sep
38024,0,0.62603453,cellular,sep
38025,1,0.62603453,cellular,sep
38026,1,0.62603453,cellular,sep
38027,1,0.62603453,cellular,sep
38028,0,0.62603453,cellular,sep
38029,0,0.62603453,telephone,sep
38030,0,0.62603453,cellular,sep
38031,0,0.62603453,cellular,sep
38032,0,0.62603453,telephone,sep
38033,0,0.62603453,cellular,sep
38034,1,0.62603453,cellular,sep
38035,1,0.62603453,cellular,sep
38036,0,0.62603453,cellular,sep
38037,1,0.62603453,cellular,sep
38038,1,0.62603453,cellular,sep
38039,0,0.62603453,cellular,sep
38040,0,0.62603453,cellular,sep
38041,1,0.62603453,telephone,sep
38042,0,0.62603453,cellular,sep
38043,1,0.62603453,cellular,sep
38044,0,0.62603453,cellular,sep
38045,0,0.62603453,cellular,sep
38046,0,0.62603453,cellular,sep
38047,1,0.62603453,cellular,sep
38048,1,0.62603453,cellular,sep
38049,0,0.62603453,cellular,sep
38050,0,0.62603453,cellular,sep
38051,0,0.62603453,cellular,sep
38052,1,0.62603453,cellular,sep
38053,0,0.62603453,cellular,sep
38054,1,0.62603453,cellular,sep
38055,0,0.62603453,cellular,sep
38056,1,0.62603453,telephone,sep
38057,0,0.62603453,cellular,sep
38058,1,0.62603453,cellular,sep
38059,1,0.62603453,cellular,sep
38060,0,0.62603453,cellular,sep
38061,1,0.62603453,cellular,sep
38062,1,0.62603453,telephone,sep
38063,0,0.62603453,cellular,sep
38064,1,0.62603453,cellular,sep
38065,0,0.62603453,telephone,sep
38066,0,0.62603453,cellular,sep
38067,0,0.62603453,cellular,sep
38068,0,0.62603453,cellular,sep
38069,0,0.62603453,cellular,sep
38070,1,0.62603453,cellular,sep
38071,1,0.62603453,telephone,sep
38072,1,0.62603453,cellular,sep
38073,1,0.62603453,cellular,sep
38074,0,0.62603453,cellular,sep
38075,1,0.36009393,cellular,sep
38076,1,0.62603453,cellular,sep
38077,1,0.62603453,cellular,sep
38078,1,0.62603453,cellular,sep
38079,1,0.62603453,cellular,sep
38080,0,0.62603453,cellular,sep
38081,1,0.62603453,cellular,sep
38082,1,0.62603453,cellular,sep
38083,1,0.62603453,cellular,sep
38084,0,0.62603453,cellular,sep
38085,1,0.62603453,cellular,sep
38086,0,0.62603453,cellular,sep
38087,0,0.62603453,cellular,sep
38088,0,0.62603453,cellular,sep
38089,0,0.62603453,cellular,sep
38090,1,0.62603453,cellular,sep
38091,0,0.62603453,cellular,sep
38092,1,0.62603453,cellular,sep
38093,0,0.62603453,cellular,sep
38094,0,0.62603453,cellular,sep
38095,0,0.62603453,telephone,sep
38096,1,0.62603453,cellular,sep
38097,1,0.62603453,cellular,sep
38098,0,0.37385631,cellular,sep
38099,0,0.62603453,cellular,sep
38100,0,0.62603453,cellular,sep
38101,0,0.62603453,cellular,sep
38102,0,0.62603453,telephone,sep
38103,0,0.62603453,cellular,sep
38104,0,0.62603453,cellular,sep
38105,1,0.62603453,cellular,sep
38106,1,0.62603453,cellular,sep
38107,1,0.62603453,cellular,sep
38108,1,0.62603453,cellular,sep
38109,0,0.35693038,cellular,sep
38110,1,0.62603453,telephone,sep
38111,1,0.62603453,cellular,sep
38112,1,0.62603453,cellular,sep
38113,0,0.62603453,cellular,sep
38114,1,0.62603453,cellular,sep
38115,1,0.62603453,cellular,sep
38116,1,0.62603453,cellular,sep
38117,0,0.62603453,cellular,sep
38118,1,0.62603453,cellular,sep
38119,0,0.62603453,cellular,sep
38120,0,0.35850289,cellular,sep
38121,0,0.62603453,cellular,sep
38122,0,0.62603453,cellular,sep
38123,0,0.62603453,cellular,sep
38124,0,0.62603453,cellular,sep
38125,0,0.62603453,cellular,sep
38126,0,0.62603453,cellular,sep
38127,0,0.62603453,cellular,sep
38128,1,0.62603453,cellular,sep
38129,0,0.62603453,cellular,sep
38130,0,0.62603453,cellular,sep
38131,0,0.62603453,cellular,sep
38132,0,0.62603453,cellular,sep
38133,0,0.3610151,cellular,sep
38134,0,0.62603453,cellular,sep
38135,0,0.62603453,cellular,sep
38136,0,0.62603453,cellular,sep
38137,1,0.62603453,cellular,sep
38138,0,0.62603453,cellular,sep
38139,1,0.62603453,cellular,sep
38140,0,0.62603453,telephone,sep
38141,0,0.62603453,cellular,sep
38142,1,0.62603453,cellular,sep
38143,0,0.62603453,cellular,sep
38144,0,0.62603453,cellular,sep
38145,0,0.62603453,cellular,sep
38146,0,0.62603453,cellular,sep
38147,1,0.62603453,cellular,sep
38148,0,0.62603453,cellular,sep
38149,1,0.62603453,cellular,sep
38150,0,0.62603453,cellular,sep
38151,0,0.62603453,cellular,sep
38152,1,0.62603453,telephone,sep
38153,0,0.62603453,cellular,sep
38154,0,0.62603453,cellular,sep
38155,1,0.62603453,cellular,oct
38156,1,0.62603453,cellular,oct
38157,0,0.36979002,cellular,oct
38158,0,0.62603453,cellular,oct
38159,1,0.62603453,cellular,oct
38160,0,0.62603453,cellular,oct
38161,0,0.62603453,cellular,oct
38162,0,0.62603453,cellular,oct
38163,0,0.62603453,cellular,oct
38164,0,0.36139715,cellular,oct
38165,0,0.36139715,cellular,oct
38166,0,0.62603453,cellular,oct
38167,0,0.62603453,telephone,oct
38168,0,0.62603453,cellular,oct
38169,0,0.62603453,telephone,oct
38170,0,0.36792123,cellular,oct
38171,0,0.62603453,cellular,oct
38172,0,0.62603453,cellular,oct
38173,0,0.62603453,cellular,oct
38174,1,0.62603453,cellular,oct
38175,0,0.62603453,cellular,oct
38176,1,0.62603453,cellular,oct
38177,0,0.62603453,cellular,oct
38178,0,0.62603453,cellular,oct
38179,1,0.62603453,cellular,oct
38180,1,0.62603453,cellular,oct
38181,0,0.62603453,cellular,oct
38182,0,0.62603453,cellular,oct
38183,0,0.62603453,cellular,oct
38184,0,0.62603453,cellular,oct
38185,1,0.62603453,cellular,oct
38186,0,0.62603453,cellular,oct
38187,0,0.36973684,cellular,oct
38188,0,0.62603453,cellular,oct
38189,0,0.62603453,cellular,oct
38190,0,0.62603453,cellular,oct
38191,1,0.62603453,cellular,oct
38192,0,0.62603453,cellular,oct
38193,0,0.62603453,cellular,oct
38194,0,0.62603453,cellular,oct
38195,1,0.62603453,cellular,oct
38196,0,0.62603453,cellular,oct
38197,0,0.62603453,cellular,oct
38198,0,0.62603453,cellular,oct
38199,0,0.62603453,cellular,oct
38200,1,0.62603453,cellular,oct
38201,1,0.62603453,cellular,oct
38202,0,0.62603453,cellular,oct
38203,0,0.62603453,cellular,oct
38204,0,0.62603453,cellular,oct
38205,1,0.62603453,cellular,oct
38206,1,0.62603453,cellular,oct
38207,0,0.62603453,cellular,oct
38208,0,0.62603453,cellular,oct
38209,1,0.62603453,cellular,oct
38210,0,0.62603453,cellular,oct
38211,0,0.62603453,cellular,oct
38212,1,0.62603453,cellular,oct
38213,1,0.62603453,cellular,oct
38214,1,0.62603453,cellular,oct
38215,0,0.62603453,cellular,oct
38216,0,0.62603453,telephone,oct
38217,0,0.62603453,cellular,oct
38218,0,0.62603453,telephone,oct
38219,0,0.62603453,cellular,oct
38220,0,0.62603453,cellular,oct
38221,0,0.62603453,cellular,oct
38222,1,0.62603453,cellular,oct
38223,0,0.62603453,cellular,oct
38224,0,0.62603453,cellular,oct
38225,0,0.62603453,cellular,oct
38226,0,0.62603453,cellular,oct
38227,0,0.62603453,cellular,oct
38228,0,0.62603453,telephone,oct
38229,0,0.62603453,cellular,oct
38230,0,0.62603453,cellular,oct
38231,1,0.62603453,cellular,oct
38232,1,0.62603453,cellular,oct
38233,1,0.62603453,cellular,oct
38234,0,0.62603453,cellular,oct
38235,1,0.62603453,cellular,oct
38236,0,0.62603453,cellular,oct
38237,0,0.62603453,cellular,oct
38238,1,0.62603453,cellular,oct
38239,0,0.62603453,cellular,oct
38240,1,0.62603453,cellular,oct
38241,1,0.62603453,cellular,oct
38242,0,0.62603453,cellular,oct
38243,1,0.62603453,cellular,oct
38244,0,0.62603453,cellular,oct
38245,1,0.62603453,cellular,oct
38246,0,0.62603453,telephone,oct
38247,1,0.62603453,cellular,oct
38248,0,0.62603453,cellular,oct
38249,0,0.36214333,cellular,oct
38250,1,0.62603453,cellular,oct
38251,0,0.62603453,cellular,oct
38252,0,0.62603453,cellular,oct
38253,0,0.62603453,cellular,oct
38254,0,0.62603453,cellular,oct
38255,0,0.62603453,cellular,oct
38256,0,0.62603453,telephone,oct
38257,0,0.62603453,cellular,oct
38258,1,0.62603453,cellular,oct
38259,1,0.62603453,cellular,oct
38260,1,0.62603453,cellular,oct
38261,1,0.3649901,cellular,oct
38262,0,0.36821018,cellular,oct
38263,0,0.62603453,cellular,oct
38264,0,0.35911026,cellular,oct
38265,0,0.62603453,cellular,oct
38266,0,0.62603453,cellular,oct
38267,0,0.62603453,cellular,oct
38268,0,0.62603453,telephone,oct
38269,0,0.62603453,cellular,oct
38270,1,0.62603453,cellular,oct
38271,1,0.62603453,cellular,oct
38272,0,0.62603453,cellular,oct
38273,0,0.62603453,cellular,oct
38274,0,0.62603453,cellular,oct
38275,1,0.62603453,cellular,oct
38276,1,0.62603453,cellular,oct
38277,1,0.62603453,cellular,oct
38278,1,0.62603453,telephone,oct
38279,0,0.62603453,cellular,oct
38280,0,0.62603453,cellular,oct
38281,0,0.62603453,cellular,oct
38282,0,0.62603453,telephone,oct
38283,1,0.62603453,cellular,oct
38284,1,0.62603453,cellular,oct
38285,1,0.62603453,telephone,oct
38286,0,0.62603453,cellular,oct
38287,0,0.62603453,cellular,oct
38288,0,0.62603453,cellular,oct
38289,1,0.62603453,cellular,oct
38290,1,0.62603453,cellular,oct
38291,0,0.37111792,cellular,oct
38292,0,0.62603453,cellular,oct
38293,0,0.62603453,cellular,oct
38294,0,0.62603453,cellular,oct
38295,0,0.62603453,cellular,oct
38296,0,0.62603453,cellular,oct
38297,1,0.62603453,telephone,oct
38298,0,0.62603453,cellular,oct
38299,0,0.62603453,cellular,oct
38300,0,0.62603453,telephone,oct
38301,1,0.62603453,cellular,oct
38302,0,0.62603453,cellular,oct
38303,0,0.62603453,cellular,oct
38304,0,0.62603453,cellular,oct
38305,0,0.62603453,telephone,oct
38306,0,0.62603453,cellular,oct
38307,0,0.62603453,telephone,oct
38308,0,0.62603453,cellular,oct
38309,0,0.62603453,cellular,oct
38310,0,0.62603453,cellular,oct
38311,0,0.62603453,cellular,oct
38312,0,0.62603453,cellular,oct
38313,1,0.62603453,cellular,oct
38314,0,0.62603453,cellular,oct
38315,0,0.62603453,cellular,oct
38316,0,0.62603453,cellular,oct
38317,1,0.62603453,cellular,oct
38318,0,0.62603453,cellular,oct
38319,1,0.62603453,cellular,oct
38320,1,0.62603453,telephone,oct
38321,0,0.62603453,telephone,oct
38322,1,0.62603453,cellular,oct
38323,0,0.62603453,cellular,oct
38324,1,0.62603453,cellular,oct
38325,1,0.62603453,telephone,oct
38326,1,0.62603453,cellular,oct
38327,0,0.62603453,telephone,oct
38328,1,0.62603453,cellular,oct
38329,0,0.62603453,cellular,oct
38330,0,0.62603453,cellular,oct
38331,1,0.62603453,cellular,oct
38332,1,0.62603453,cellular,oct
38333,0,0.62603453,cellular,oct
38334,0,0.62603453,cellular,oct
38335,0,0.62603453,cellular,oct
38336,0,0.62603453,cellular,oct
38337,0,0.62603453,cellular,oct
38338,1,0.62603453,cellular,oct
38339,0,0.62603453,telephone,oct
38340,0,0.62603453,telephone,oct
38341,1,0.62603453,cellular,oct
38342,0,0.62603453,telephone,oct
38343,0,0.62603453,cellular,oct
38344,0,0.36880808,cellular,oct
38345,0,0.62603453,cellular,oct
38346,1,0.62603453,telephone,oct
38347,0,0.62603453,cellular,oct
38348,1,0.62603453,cellular,oct
38349,1,0.62603453,cellular,oct
38350,1,0.62603453,cellular,oct
38351,1,0.62603453,cellular,oct
38352,1,0.62603453,cellular,oct
38353,0,0.62603453,cellular,oct
38354,0,0.36353672,cellular,oct
38355,0,0.62603453,cellular,oct
38356,1,0.62603453,cellular,oct
38357,1,0.36902634,cellular,oct
38358,0,0.62603453,cellular,oct
38359,1,0.62603453,cellular,oct
38360,0,0.62603453,cellular,oct
38361,0,0.37053408,cellular,oct
38362,0,0.62603453,cellular,oct
38363,1,0.62603453,cellular,oct
38364,0,0.62603453,cellular,oct
38365,0,0.62603453,cellular,oct
38366,0,0.62603453,cellular,oct
38367,0,0.62603453,cellular,oct
38368,0,0.62603453,cellular,oct
38369,0,0.62603453,cellular,oct
38370,0,0.62603453,cellular,oct
38371,0,0.62603453,cellular,oct
38372,0,0.62603453,cellular,oct
38373,0,0.62603453,cellular,oct
38374,0,0.62603453,cellular,oct
38375,0,0.62603453,cellular,oct
38376,0,0.62603453,cellular,oct
38377,1,0.62603453,cellular,oct
38378,0,0.62603453,telephone,oct
38379,0,0.62603453,cellular,oct
38380,0,0.62603453,cellular,oct
38381,0,0.36146632,cellular,oct
38382,0,0.62366647,telephone,oct
38383,0,0.62603453,telephone,oct
38384,0,0.62603453,telephone,oct
38385,0,0.62603453,cellular,oct
38386,0,0.62366647,telephone,oct
38387,1,0.62603453,cellular,oct
38388,0,0.62603453,cellular,oct
38389,0,0.62603453,telephone,oct
38390,0,0.62603453,cellular,oct
38391,0,0.62603453,cellular,oct
38392,0,0.62603453,cellular,oct
38393,1,0.62603453,cellular,oct
38394,1,0.62603453,cellular,oct
38395,0,0.62603453,cellular,oct
38396,1,0.62603453,telephone,oct
38397,1,0.62603453,telephone,oct
38398,1,0.62603453,cellular,oct
38399,1,0.62603453,cellular,oct
38400,0,0.62603453,cellular,oct
38401,1,0.62603453,cellular,oct
38402,0,0.62603453,telephone,oct
38403,1,0.62603453,cellular,oct
38404,1,0.62603453,cellular,oct
38405,1,0.62603453,cellular,oct
38406,1,0.62603453,cellular,oct
38407,1,0.62603453,cellular,oct
38408,1,0.62603453,cellular,oct
38409,0,0.62603453,cellular,oct
38410,0,0.37224678,cellular,oct
38411,0,0.62603453,cellular,oct
38412,1,0.62603453,cellular,oct
38413,0,0.62603453,telephone,oct
38414,0,0.62603453,cellular,oct
38415,1,0.62603453,cellular,oct
38416,1,0.62603453,cellular,oct
38417,1,0.62603453,telephone,oct
38418,1,0.62603453,cellular,oct
38419,0,0.62603453,cellular,oct
38420,1,0.62603453,cellular,oct
38421,1,0.62603453,cellular,oct
38422,1,0.62603453,cellular,oct
38423,1,0.62603453,cellular,oct
38424,1,0.62603453,cellular,oct
38425,0,0.62603453,cellular,oct
38426,0,0.62603453,telephone,oct
38427,1,0.62603453,cellular,oct
38428,1,0.62603453,cellular,oct
38429,1,0.62603453,cellular,oct
38430,1,0.62603453,cellular,oct
38431,1,0.36410103,cellular,oct
38432,1,0.62603453,cellular,oct
38433,1,0.62603453,cellular,oct
38434,0,0.62603453,cellular,oct
38435,0,0.62603453,cellular,oct
38436,0,0.62603453,cellular,oct
38437,1,0.62603453,cellular,oct
38438,1,0.62603453,telephone,oct
38439,1,0.62603453,cellular,oct
38440,1,0.62603453,cellular,oct
38441,1,0.62603453,telephone,oct
38442,0,0.62603453,cellular,oct
38443,1,0.62603453,cellular,oct
38444,0,0.62603453,cellular,oct
38445,1,0.62603453,cellular,oct
38446,1,0.62603453,cellular,oct
38447,1,0.62603453,cellular,oct
38448,1,0.62603453,cellular,oct
38449,1,0.62603453,cellular,oct
38450,0,0.62603453,cellular,oct
38451,1,0.62603453,cellular,oct
38452,0,0.62603453,cellular,oct
38453,1,0.62603453,cellular,oct
38454,1,0.62603453,cellular,oct
38455,0,0.62603453,cellular,oct
38456,1,0.62603453,cellular,oct
38457,1,0.62603453,cellular,oct
38458,1,0.62603453,cellular,oct
38459,0,0.62603453,cellular,oct
38460,0,0.62603453,cellular,oct
38461,0,0.62603453,cellular,oct
38462,1,0.62603453,cellular,oct
38463,1,0.36712276,cellular,oct
38464,0,0.62603453,cellular,oct
38465,0,0.62603453,telephone,oct
38466,1,0.62603453,telephone,oct
38467,0,0.62603453,cellular,oct
38468,0,0.62603453,cellular,oct
38469,0,0.62603453,cellular,oct
38470,0,0.62603453,cellular,oct
38471,0,0.62603453,cellular,oct
38472,0,0.0740736,cellular,oct
38473,0,0.62603453,cellular,oct
38474,0,0.62603453,cellular,oct
38475,0,0.62603453,cellular,oct
38476,0,0.62603453,cellular,oct
38477,1,0.62603453,cellular,oct
38478,0,0.62603453,cellular,oct
38479,1,0.62603453,cellular,oct
38480,0,0.62603453,cellular,oct
38481,1,0.62603453,cellular,oct
38482,0,0.62603453,cellular,oct
38483,0,0.62603453,cellular,oct
38484,1,0.62603453,cellular,oct
38485,0,0.07663246,cellular,oct
38486,0,0.62603453,cellular,oct
38487,1,0.62603453,cellular,oct
38488,0,0.62603453,cellular,oct
38489,1,0.62603453,cellular,oct
38490,1,0.62603453,cellular,oct
38491,1,0.35044199,cellular,oct
38492,1,0.62603453,cellular,oct
38493,0,0.62603453,telephone,oct
38494,1,0.62603453,cellular,oct
38495,1,0.62603453,cellular,oct
38496,1,0.62603453,cellular,oct
38497,1,0.62603453,telephone,oct
38498,0,0.62603453,telephone,oct
38499,0,0.62603453,cellular,oct
38500,0,0.62603453,cellular,oct
38501,0,0.62603453,telephone,oct
38502,0,0.35867066,telephone,oct
38503,0,0.62603453,telephone,oct
38504,1,0.62603453,cellular,oct
38505,0,0.62603453,cellular,oct
38506,0,0.62603453,cellular,oct
38507,0,0.62603453,cellular,oct
38508,0,0.62603453,cellular,oct
38509,1,0.62603453,cellular,oct
38510,1,0.62603453,cellular,oct
38511,0,0.62603453,cellular,oct
38512,0,0.62603453,cellular,oct
38513,0,0.62603453,cellular,oct
38514,0,0.07708628,cellular,oct
38515,1,0.62603453,cellular,oct
38516,1,0.62603453,cellular,oct
38517,1,0.62603453,cellular,oct
38518,0,0.62603453,cellular,oct
38519,0,0.62603453,cellular,oct
38520,0,0.62603453,cellular,oct
38521,0,0.62603453,cellular,oct
38522,1,0.62603453,cellular,oct
38523,0,0.62603453,cellular,oct
38524,0,0.62603453,telephone,oct
38525,0,0.62603453,cellular,oct
38526,0,0.62603453,cellular,oct
38527,0,0.62603453,cellular,oct
38528,0,0.62603453,cellular,oct
38529,0,0.62603453,cellular,oct
38530,1,0.62603453,telephone,oct
38531,0,0.62603453,cellular,oct
38532,1,0.62603453,cellular,oct
38533,0,0.62603453,telephone,oct
38534,0,0.62603453,cellular,oct
38535,0,0.62603453,cellular,oct
38536,0,0.62603453,telephone,oct
38537,0,0.62603453,telephone,oct
38538,0,0.62603453,telephone,oct
38539,1,0.62603453,cellular,oct
38540,1,0.62603453,cellular,oct
38541,1,0.62603453,cellular,oct
38542,1,0.62603453,cellular,oct
38543,0,0.62603453,cellular,oct
38544,0,0.62603453,cellular,oct
38545,0,0.62603453,cellular,oct
38546,0,0.62603453,cellular,oct
38547,1,0.62603453,cellular,oct
38548,1,0.62603453,cellular,oct
38549,1,0.62603453,cellular,oct
38550,0,0.62603453,cellular,oct
38551,1,0.62603453,cellular,oct
38552,1,0.62603453,cellular,oct
38553,1,0.62603453,cellular,oct
38554,0,0.62603453,cellular,oct
38555,1,0.62603453,cellular,oct
38556,0,0.62603453,cellular,oct
38557,1,0.62603453,cellular,oct
38558,1,0.62603453,cellular,oct
38559,1,0.62603453,cellular,oct
38560,0,0.62603453,cellular,oct
38561,0,0.62603453,cellular,oct
38562,1,0.62603453,cellular,oct
38563,1,0.62603453,cellular,oct
38564,0,0.62603453,cellular,oct
38565,1,0.62603453,cellular,oct
38566,1,0.62603453,cellular,oct
38567,1,0.62603453,cellular,oct
38568,0,0.62603453,cellular,oct
38569,0,0.62603453,cellular,oct
38570,1,0.62603453,cellular,oct
38571,1,0.62603453,cellular,oct
38572,1,0.62603453,telephone,oct
38573,1,0.62603453,cellular,oct
38574,1,0.62603453,cellular,oct
38575,0,0.35807646,cellular,oct
38576,1,0.62603453,cellular,oct
38577,0,0.62603453,cellular,oct
38578,0,0.62603453,cellular,oct
38579,0,0.34171335,cellular,oct
38580,0,0.62603453,telephone,oct
38581,0,0.36843623,cellular,oct
38582,0,0.62603453,telephone,oct
38583,1,0.62603453,cellular,oct
38584,0,0.62603453,cellular,oct
38585,1,0.62603453,cellular,oct
38586,0,0.62603453,telephone,oct
38587,0,0.62603453,cellular,oct
38588,0,0.62603453,cellular,oct
38589,0,0.62603453,cellular,oct
38590,1,0.62603453,cellular,oct
38591,1,0.62603453,cellular,oct
38592,1,0.62603453,cellular,oct
38593,1,0.62603453,cellular,oct
38594,0,0.62603453,cellular,oct
38595,1,0.62603453,cellular,oct
38596,1,0.62603453,cellular,oct
38597,1,0.62603453,cellular,oct
38598,1,0.62603453,cellular,oct
38599,0,0.62603453,telephone,oct
38600,1,0.62603453,cellular,oct
38601,0,0.62603453,telephone,oct
38602,0,0.62603453,telephone,nov
38603,0,0.57767449,cellular,nov
38604,1,0.57831528,cellular,nov
38605,0,0.62603453,cellular,nov
38606,0,0.62603453,cellular,nov
38607,0,0.57705055,cellular,nov
38608,0,0.62603453,cellular,nov
38609,0,0.62603453,cellular,nov
38610,0,0.62603453,cellular,nov
38611,0,0.57206869,cellular,nov
38612,0,0.62603453,cellular,nov
38613,1,0.62603453,cellular,nov
38614,0,0.62603453,cellular,nov
38615,0,0.62603453,cellular,nov
38616,1,0.62603453,cellular,nov
38617,0,0.62603453,cellular,nov
38618,0,0.62603453,cellular,nov
38619,0,0.62603453,telephone,nov
38620,0,0.62603453,cellular,nov
38621,0,0.62603453,cellular,nov
38622,1,0.56969408,cellular,nov
38623,0,0.62603453,cellular,nov
38624,0,0.62603453,telephone,nov
38625,0,0.62603453,telephone,nov
38626,0,0.62603453,cellular,nov
38627,0,0.59086473,cellular,nov
38628,0,0.62603453,telephone,nov
38629,1,0.62603453,cellular,nov
38630,0,0.62603453,cellular,nov
38631,0,0.62603453,telephone,nov
38632,0,0.62603453,cellular,nov
38633,0,0.55649425,telephone,nov
38634,1,0.57644257,cellular,nov
38635,0,0.62603453,cellular,nov
38636,1,0.62603453,cellular,nov
38637,0,0.05594858,cellular,nov
38638,0,0.62603453,cellular,nov
38639,0,0.57308909,cellular,nov
38640,0,0.29734497,cellular,nov
38641,1,0.62603453,cellular,nov
38642,1,0.5796512,cellular,nov
38643,1,0.62603453,cellular,nov
38644,1,0.62603453,cellular,nov
38645,1,0.62603453,cellular,nov
38646,0,0.57361618,cellular,nov
38647,1,0.62603453,cellular,nov
38648,1,0.30053435,cellular,nov
38649,0,0.62603453,cellular,nov
38650,1,0.62603453,cellular,nov
38651,1,0.62603453,cellular,nov
38652,1,0.62603453,cellular,nov
38653,1,0.62603453,cellular,nov
38654,1,0.62603453,cellular,nov
38655,0,0.62603453,cellular,nov
38656,1,0.57415522,cellular,nov
38657,1,0.62603453,telephone,nov
38658,0,0.58106687,cellular,nov
38659,0,0.30221962,cellular,nov
38660,0,0.58034847,cellular,nov
38661,0,0.62603453,cellular,nov
38662,0,0.62603453,cellular,nov
38663,0,0.62603453,cellular,nov
38664,0,0.62603453,cellular,nov
38665,0,0.58034847,cellular,nov
38666,0,0.62603453,cellular,nov
38667,1,0.62603453,cellular,nov
38668,0,0.62603453,cellular,nov
38669,0,0.58106687,cellular,nov
38670,0,0.62603453,cellular,nov
38671,0,0.62603453,cellular,nov
38672,0,0.62603453,cellular,nov
38673,0,0.62603453,cellular,nov
38674,0,0.56555504,cellular,nov
38675,0,0.56969408,cellular,nov
38676,0,0.62603453,telephone,nov
38677,1,0.62603453,cellular,nov
38678,0,0.62366647,telephone,nov
38679,0,0.62603453,cellular,nov
38680,1,0.62603453,cellular,nov
38681,1,0.56969408,cellular,nov
38682,0,0.62603453,telephone,nov
38683,1,0.62603453,cellular,nov
38684,0,0.62603453,cellular,nov
38685,0,0.29774187,cellular,nov
38686,1,0.62603453,cellular,nov
38687,1,0.62603453,cellular,nov
38688,1,0.62603453,cellular,nov
38689,1,0.62603453,cellular,nov
38690,1,0.62603453,cellular,nov
38691,1,0.62603453,cellular,nov
38692,1,0.62603453,cellular,nov
38693,1,0.62603453,cellular,nov
38694,1,0.62603453,cellular,nov
38695,1,0.5692463,cellular,nov
38696,1,0.62603453,telephone,nov
38697,1,0.62603453,cellular,nov
38698,1,0.56408159,cellular,nov
38699,1,0.62603453,cellular,nov
38700,0,0.29956985,cellular,nov
38701,1,0.56408159,cellular,nov
38702,0,0.62603453,telephone,nov
38703,0,0.62603453,cellular,nov
38704,1,0.62603453,cellular,nov
38705,0,0.57584977,cellular,nov
38706,1,0.62603453,cellular,nov
38707,1,0.62603453,cellular,nov
38708,1,0.62603453,cellular,nov
38709,1,0.62603453,cellular,nov
38710,1,0.62603453,cellular,nov
38711,1,0.62603453,cellular,nov
38712,1,0.62603453,cellular,nov
38713,1,0.62603453,telephone,nov
38714,0,0.62603453,cellular,nov
38715,0,0.57257342,cellular,nov
38716,1,0.62603453,cellular,nov
38717,1,0.62603453,cellular,nov
38718,1,0.62603453,cellular,nov
38719,1,0.62603453,cellular,nov
38720,0,0.62603453,telephone,nov
38721,1,0.62603453,cellular,nov
38722,1,0.30119468,cellular,nov
38723,1,0.62603453,cellular,nov
38724,1,0.62603453,cellular,nov
38725,1,0.62603453,cellular,nov
38726,0,0.62603453,cellular,nov
38727,1,0.62603453,cellular,nov
38728,0,0.62603453,cellular,nov
38729,1,0.62603453,cellular,nov
38730,1,0.28470367,cellular,nov
38731,0,0.55178789,cellular,nov
38732,0,0.62603453,telephone,nov
38733,0,0.56235913,cellular,nov
38734,0,0.62603453,cellular,nov
38735,0,0.58034847,cellular,nov
38736,0,0.62603453,telephone,nov
38737,1,0.30013097,cellular,nov
38738,0,0.57644257,cellular,nov
38739,0,0.29805599,cellular,nov
38740,0,0.57644257,cellular,nov
38741,1,0.57361618,cellular,nov
38742,1,0.62603453,cellular,nov
38743,0,0.62603453,cellular,nov
38744,1,0.62603453,cellular,nov
38745,1,0.62603453,cellular,nov
38746,0,0.62603453,cellular,nov
38747,0,0.62603453,cellular,nov
38748,1,0.0613081,cellular,nov
38749,1,0.62603453,cellular,nov
38750,0,0.62603453,cellular,nov
38751,1,0.62603453,cellular,nov
38752,1,0.62603453,cellular,nov
38753,0,0.62603453,cellular,nov
38754,0,0.62603453,cellular,nov
38755,1,0.62603453,cellular,nov
38756,1,0.62603453,cellular,nov
38757,1,0.62603453,telephone,nov
38758,0,0.62603453,cellular,nov
38759,1,0.62603453,telephone,nov
38760,1,0.62603453,telephone,nov
38761,1,0.62603453,cellular,nov
38762,1,0.62603453,cellular,nov
38763,0,0.62603453,cellular,nov
38764,0,0.62603453,cellular,nov
38765,1,0.62603453,cellular,nov
38766,0,0.62603453,cellular,nov
38767,0,0.62603453,cellular,nov
38768,1,0.29877927,cellular,nov
38769,1,0.62603453,cellular,nov
38770,0,0.57206869,cellular,nov
38771,1,0.62603453,cellular,nov
38772,0,0.62603453,cellular,nov
38773,0,0.62603453,cellular,nov
38774,1,0.57157445,cellular,nov
38775,1,0.62603453,cellular,nov
38776,1,0.62603453,cellular,nov
38777,1,0.62603453,cellular,nov
38778,1,0.62603453,cellular,nov
38779,1,0.62603453,cellular,nov
38780,1,0.62603453,telephone,nov
38781,1,0.62603453,cellular,nov
38782,1,0.62603453,cellular,nov
38783,1,0.62603453,cellular,nov
38784,0,0.62603453,cellular,nov
38785,0,0.56235913,cellular,nov
38786,1,0.62603453,cellular,nov
38787,1,0.62603453,cellular,nov
38788,0,0.62603453,cellular,nov
38789,0,0.62603453,cellular,nov
38790,0,0.62603453,telephone,nov
38791,0,0.62603453,cellular,nov
38792,1,0.62603453,telephone,nov
38793,0,0.62603453,cellular,nov
38794,1,0.62603453,cellular,nov
38795,1,0.57308909,cellular,nov
38796,0,0.56303327,cellular,nov
38797,1,0.62603453,cellular,nov
38798,1,0.62603453,cellular,nov
38799,0,0.62603453,cellular,nov
38800,1,0.62603453,telephone,nov
38801,1,0.62603453,cellular,nov
38802,0,0.62603453,cellular,nov
38803,1,0.62603453,cellular,nov
38804,0,0.62603453,cellular,nov
38805,1,0.62603453,cellular,nov
38806,1,0.62603453,telephone,nov
38807,1,0.62603453,cellular,nov
38808,1,0.57157445,telephone,nov
38809,1,0.62603453,telephone,nov
38810,1,0.56712552,telephone,nov
38811,1,0.62603453,cellular,nov
38812,1,0.57157445,cellular,nov
38813,0,0.62603453,cellular,nov
38814,1,0.62603453,cellular,nov
38815,0,0.62603453,cellular,nov
38816,0,0.62603453,telephone,nov
38817,0,0.05733048,cellular,nov
38818,1,0.62603453,cellular,nov
38819,0,0.62603453,telephone,nov
38820,1,0.62603453,cellular,nov
38821,0,0.56880678,cellular,nov
38822,1,0.56880678,cellular,nov
38823,0,0.62603453,cellular,nov
38824,1,0.62603453,cellular,nov
38825,1,0.62603453,cellular,nov
38826,1,0.62603453,cellular,nov
38827,0,0.57157445,telephone,nov
38828,1,0.62603453,telephone,nov
38829,1,0.62603453,cellular,nov
38830,0,0.62603453,telephone,nov
38831,1,0.62603453,cellular,nov
38832,1,0.62603453,cellular,nov
38833,1,0.62603453,cellular,nov
38834,0,0.62603453,cellular,nov
38835,0,0.62603453,cellular,nov
38836,0,0.62603453,cellular,nov
38837,0,0.62603453,cellular,nov
38838,0,0.62603453,cellular,nov
38839,1,0.62603453,cellular,nov
38840,1,0.62603453,cellular,nov
38841,1,0.62603453,cellular,nov
38842,0,0.62603453,cellular,nov
38843,0,0.56555504,cellular,nov
38844,1,0.62603453,cellular,nov
38845,1,0.62603453,telephone,nov
38846,1,0.62603453,cellular,nov
38847,0,0.62603453,telephone,nov
38848,0,0.62603453,cellular,nov
38849,0,0.62603453,cellular,nov
38850,0,0.57527139,cellular,nov
38851,0,0.57527139,cellular,nov
38852,0,0.62603453,cellular,nov
38853,0,0.62603453,cellular,nov
38854,0,0.62603453,cellular,nov
38855,0,0.62603453,telephone,nov
38856,1,0.62603453,cellular,nov
38857,1,0.62603453,cellular,nov
38858,0,0.57470675,cellular,nov
38859,0,0.57109025,cellular,nov
38860,0,0.57257342,cellular,nov
38861,0,0.62603453,cellular,nov
38862,0,0.55783117,cellular,nov
38863,1,0.62603453,cellular,nov
38864,0,0.62603453,telephone,nov
38865,0,0.62603453,telephone,nov
38866,0,0.62603453,telephone,nov
38867,1,0.62603453,cellular,nov
38868,0,0.29433139,cellular,nov
38869,0,0.56837522,cellular,nov
38870,0,0.29607823,cellular,nov
38871,1,0.58590527,cellular,nov
38872,1,0.57257342,cellular,nov
38873,0,0.62603453,telephone,nov
38874,0,0.57361618,cellular,nov
38875,0,0.62603453,cellular,nov
38876,0,0.62603453,cellular,nov
38877,1,0.62603453,cellular,nov
38878,0,0.62603453,cellular,nov
38879,1,0.5692463,cellular,nov
38880,0,0.62603453,cellular,nov
38881,0,0.62603453,cellular,nov
38882,1,0.62603453,cellular,nov
38883,1,0.62603453,cellular,nov
38884,0,0.62603453,cellular,nov
38885,1,0.57584977,cellular,nov
38886,1,0.62603453,telephone,nov
38887,1,0.62603453,cellular,nov
38888,0,0.62603453,cellular,nov
38889,0,0.29476947,cellular,nov
38890,1,0.29666882,cellular,nov
38891,0,0.57415522,cellular,nov
38892,0,0.62603453,cellular,nov
38893,1,0.62603453,cellular,nov
38894,1,0.62603453,cellular,nov
38895,1,0.62603453,cellular,nov
38896,1,0.62603453,telephone,nov
38897,1,0.62603453,cellular,nov
38898,1,0.62603453,cellular,nov
38899,1,0.62603453,cellular,nov
38900,1,0.62603453,cellular,nov
38901,0,0.62603453,cellular,nov
38902,1,0.62603453,cellular,nov
38903,0,0.62603453,cellular,nov
38904,0,0.62603453,cellular,nov
38905,0,0.62603453,cellular,nov
38906,0,0.62603453,cellular,nov
38907,0,0.62603453,cellular,nov
38908,0,0.62603453,cellular,nov
38909,0,0.62603453,cellular,nov
38910,0,0.62603453,cellular,nov
38911,0,0.62603453,cellular,nov
38912,1,0.62603453,cellular,nov
38913,1,0.62603453,cellular,nov
38914,0,0.62603453,cellular,nov
38915,1,0.62603453,cellular,nov
38916,0,0.62603453,cellular,nov
38917,0,0.57831528,cellular,nov
38918,0,0.62603453,cellular,nov
38919,0,0.62603453,cellular,nov
38920,0,0.62603453,cellular,nov
38921,0,0.62603453,cellular,nov
38922,0,0.58418026,cellular,nov
38923,0,0.62603453,cellular,nov
38924,1,0.62603453,cellular,nov
38925,0,0.62603453,cellular,nov
38926,0,0.62603453,telephone,nov
38927,0,0.57644257,cellular,nov
38928,1,0.62603453,cellular,nov
38929,1,0.62603453,cellular,nov
38930,1,0.29486708,cellular,nov
38931,1,0.62603453,cellular,nov
38932,1,0.62603453,cellular,nov
38933,0,0.62603453,cellular,nov
38934,0,0.62603453,cellular,nov
38935,1,0.55572655,cellular,nov
38936,1,0.57831528,cellular,nov
38937,0,0.57470675,cellular,nov
38938,1,0.62603453,cellular,nov
38939,1,0.62603453,cellular,nov
38940,1,0.62603453,cellular,nov
38941,0,0.62603453,cellular,nov
38942,0,0.58257246,cellular,nov
38943,1,0.57897384,cellular,nov
38944,0,0.62603453,cellular,nov
38945,0,0.62603453,cellular,nov
38946,0,0.56303327,telephone,nov
38947,1,0.62603453,cellular,nov
38948,0,0.62603453,cellular,nov
38949,0,0.62603453,cellular,nov
38950,1,0.62603453,telephone,nov
38951,0,0.62603453,telephone,nov
38952,0,0.62603453,cellular,nov
38953,0,0.62603453,cellular,nov
38954,0,0.62603453,cellular,nov
38955,0,0.56372701,cellular,nov
38956,0,0.62603453,cellular,nov
38957,0,0.29605161,cellular,nov
38958,0,0.56235913,cellular,nov
38959,1,0.43953806,cellular,dec
38960,1,0.4492083,cellular,dec
38961,0,0.45411921,cellular,dec
38962,1,0.44188458,cellular,dec
38963,1,0.14684342,cellular,dec
38964,0,0.450998,cellular,dec
38965,1,0.62603453,cellular,dec
38966,1,0.34870235,cellular,dec
38967,1,0.35328965,cellular,dec
38968,1,0.62603453,cellular,dec
38969,0,0.44933988,cellular,dec
38970,0,0.44515092,cellular,dec
38971,1,0.44855273,cellular,dec
38972,0,0.35001368,cellular,dec
38973,0,0.4325485,telephone,dec
38974,0,0.62603453,cellular,dec
38975,1,0.62603453,cellular,dec
38976,1,0.440301,telephone,dec
38977,1,0.62603453,cellular,dec
38978,0,0.62603453,cellular,dec
38979,0,0.3498477,cellular,dec
38980,0,0.45671029,cellular,dec
38981,0,0.45276158,cellular,dec
38982,1,0.37878421,cellular,dec
38983,0,0.62603453,cellular,dec
38984,0,0.44745587,cellular,dec
38985,0,0.3465009,cellular,dec
38986,0,0.44517546,cellular,dec
38987,0,0.36188628,cellular,dec
38988,1,0.34746708,cellular,dec
38989,0,0.43474446,cellular,dec
38990,1,0.33922068,cellular,dec
38991,1,0.44100941,cellular,dec
38992,0,0.44331637,cellular,dec
38993,0,0.42476799,cellular,dec
38994,1,0.62603453,cellular,dec
38995,0,0.42659772,telephone,dec
38996,0,0.43567554,telephone,dec
38997,1,0.62603453,cellular,dec
38998,0,0.4378684,cellular,dec
38999,0,0.62603453,cellular,dec
39000,1,0.44270966,cellular,dec
39001,1,0.44765152,cellular,dec
39002,0,0.43659262,cellular,dec
39003,0,0.62603453,cellular,dec
39004,1,0.62603453,cellular,dec
39005,1,0.62603453,cellular,dec
39006,0,0.46559035,cellular,dec
39007,0,0.39260599,telephone,dec
39008,0,0.44485357,cellular,dec
39009,1,0.62603453,cellular,dec
39010,1,0.45450679,cellular,dec
39011,1,0.45120659,cellular,dec
39012,1,0.4430256,telephone,dec
39013,1,0.42440011,telephone,dec
39014,1,0.44542229,telephone,dec
39015,1,0.62603453,cellular,dec
39016,0,0.44753991,telephone,dec
39017,0,0.35971315,telephone,dec
39018,0,0.44335723,telephone,dec
39019,1,0.34195557,telephone,dec
39020,1,0.44761063,cellular,dec
39021,1,0.41811776,cellular,dec
39022,1,0.44115991,cellular,dec
39023,0,0.43707722,cellular,dec
39024,1,0.62603453,cellular,dec
39025,1,0.42504962,telephone,dec
39026,0,0.34844679,cellular,dec
39027,1,0.62603453,cellular,dec
39028,0,0.41413613,telephone,dec
39029,1,0.42365225,cellular,dec
39030,0,0.62603453,cellular,dec
39031,1,0.44078444,cellular,dec
39032,1,0.4308458,cellular,dec
39033,1,0.44472074,cellular,dec
39034,0,0.34864197,cellular,dec
39035,0,0.62603453,cellular,dec
39036,0,0.62603453,cellular,dec
39037,0,0.36900214,cellular,dec
39038,0,0.43864091,cellular,dec
39039,0,0.4242368,telephone,dec
39040,0,0.46553788,cellular,dec
39041,1,0.34397813,cellular,dec
39042,1,0.62603453,cellular,dec
39043,1,0.4498647,cellular,dec
39044,0,0.42919513,telephone,dec
39045,1,0.34354579,telephone,dec
39046,1,0.44849892,cellular,dec
39047,1,0.62603453,cellular,dec
39048,0,0.62603453,cellular,dec
39049,1,0.62603453,cellular,dec
39050,0,0.14426395,cellular,dec
39051,0,0.44129681,cellular,dec
39052,1,0.45106101,cellular,dec
39053,1,0.44761335,cellular,dec
39054,0,0.33801454,cellular,dec
39055,0,0.14259359,cellular,dec
39056,0,0.35407313,cellular,dec
39057,0,0.43517572,cellular,dec
39058,1,0.46621133,cellular,dec
39059,1,0.62603453,cellular,dec
39060,0,0.02532081,cellular,dec
39061,1,0.46296303,cellular,dec
39062,1,0.62603453,cellular,dec
39063,0,0.33018978,cellular,dec
39064,1,0.62603453,cellular,dec
39065,0,0.34708992,cellular,dec
39066,1,0.62603453,cellular,dec
39067,1,0.3492386,cellular,dec
39068,0,0.44057574,cellular,dec
39069,0,0.62603453,cellular,dec
39070,1,0.42742964,cellular,dec
39071,0,0.43656203,telephone,dec
39072,0,0.62603453,telephone,dec
39073,0,0.35289303,cellular,dec
39074,0,0.45044142,telephone,dec
39075,1,0.62603453,telephone,dec
39076,0,0.35325781,cellular,dec
39077,1,0.44764607,cellular,dec
39078,0,0.62603453,cellular,dec
39079,1,0.34909195,cellular,dec
39080,1,0.43726551,cellular,dec
39081,1,0.46405355,cellular,dec
39082,0,0.46041945,cellular,dec
39083,1,0.46405355,cellular,dec
39084,1,0.4440092,cellular,dec
39085,1,0.62603453,cellular,dec
39086,0,0.46405355,cellular,dec
39087,1,0.62603453,cellular,dec
39088,0,0.46038194,cellular,dec
39089,1,0.44109382,cellular,dec
39090,1,0.44397185,cellular,dec
39091,0,0.14354496,cellular,dec
39092,1,0.44264566,cellular,dec
39093,1,0.44212691,cellular,dec
39094,0,0.44124071,cellular,dec
39095,0,0.62603453,cellular,dec
39096,1,0.62603453,cellular,dec
39097,0,0.3424568,cellular,dec
39098,0,0.34188502,telephone,dec
39099,1,0.425768,telephone,dec
39100,1,0.44369131,cellular,dec
39101,0,0.44063027,cellular,dec
39102,0,0.3467047,cellular,dec
39103,0,0.43855935,cellular,dec
39104,1,0.62603453,cellular,dec
39105,1,0.62603453,cellular,dec
39106,1,0.62603453,cellular,dec
39107,1,0.62603453,telephone,dec
39108,0,0.45760938,cellular,dec
39109,0,0.62603453,cellular,dec
39110,0,0.34795693,cellular,dec
39111,1,0.35196547,cellular,dec
39112,1,0.35099091,cellular,dec
39113,1,0.44125317,cellular,dec
39114,0,0.44671537,cellular,dec
39115,0,0.43700959,telephone,dec
39116,1,0.44483904,cellular,dec
39117,1,0.44367749,cellular,dec
39118,1,0.62603453,cellular,dec
39119,1,0.62603453,cellular,dec
39120,1,0.44975999,cellular,dec
39121,1,0.62603453,cellular,dec
39122,0,0.44975999,cellular,dec
39123,0,0.35446039,cellular,dec
39124,0,0.44514846,cellular,dec
39125,1,0.62603453,cellular,dec
39126,1,0.44063633,cellular,dec
39127,0,0.4594857,cellular,dec
39128,0,0.35249719,cellular,dec
39129,0,0.34620844,cellular,dec
39130,0,0.62603453,cellular,dec
39131,1,0.01740249,telephone,mar
39132,0,0.02488972,telephone,mar
39133,1,0.0255303,telephone,mar
39134,1,0.01798419,cellular,mar
39135,1,0.62603453,cellular,mar
39136,1,0.62603453,cellular,mar
39137,0,0.026202,cellular,mar
39138,1,0.02657548,cellular,mar
39139,1,0.02620785,cellular,mar
39140,0,0.02614118,cellular,mar
39141,0,0.02530149,telephone,mar
39142,0,0.01787903,cellular,mar
39143,1,0.0251158,cellular,mar
39144,0,0.02644691,cellular,mar
39145,1,0.01804353,cellular,mar
39146,1,0.02623317,cellular,mar
39147,0,0.02747918,cellular,mar
39148,1,0.62603453,cellular,mar
39149,1,0.0180067,cellular,mar
39150,1,0.0271626,cellular,mar
39151,1,0.02598132,telephone,mar
39152,1,0.62603453,cellular,mar
39153,1,0.62603453,cellular,mar
39154,1,0.62603453,cellular,mar
39155,1,0.01841142,cellular,mar
39156,1,0.02592071,telephone,mar
39157,1,0.01891116,cellular,mar
39158,1,0.62603453,cellular,mar
39159,0,0.02576197,telephone,mar
39160,1,0.62603453,cellular,mar
39161,1,0.01985773,cellular,mar
39162,0,0.02570788,cellular,mar
39163,0,0.02590066,telephone,mar
39164,1,0.02627924,telephone,mar
39165,1,0.62603453,cellular,mar
39166,0,0.01829861,cellular,mar
39167,1,0.0267585,cellular,mar
39168,1,0.62603453,cellular,mar
39169,0,0.01723374,telephone,mar
39170,1,0.00571133,cellular,mar
39171,1,0.00569036,cellular,mar
39172,1,0.02604863,cellular,mar
39173,0,0.01768731,cellular,mar
39174,0,0.02708725,cellular,mar
39175,0,0.02334092,telephone,mar
39176,1,0.62603453,cellular,mar
39177,0,0.00552073,cellular,mar
39178,0,0.00536213,telephone,mar
39179,1,0.0179086,cellular,mar
39180,0,0.01884136,telephone,mar
39181,0,0.62603453,cellular,mar
39182,1,0.02649435,cellular,mar
39183,1,0.02633785,cellular,mar
39184,1,0.62603453,telephone,mar
39185,1,0.62603453,cellular,mar
39186,1,0.02691673,cellular,mar
39187,0,0.62603453,cellular,mar
39188,0,0.62603453,cellular,mar
39189,0,0.026773,cellular,mar
39190,1,0.01715245,telephone,mar
39191,1,0.02651538,cellular,mar
39192,1,0.02837655,cellular,mar
39193,0,0.01953418,cellular,mar
39194,1,0.02624198,cellular,mar
39195,1,0.02645913,cellular,mar
39196,1,0.02681647,cellular,mar
39197,1,0.62603453,cellular,mar
39198,1,0.02659784,cellular,mar
39199,1,0.62603453,cellular,mar
39200,0,0.02548763,cellular,mar
39201,0,0.02626586,cellular,mar
39202,0,0.0265974,cellular,mar
39203,0,0.02697903,cellular,mar
39204,0,0.01839333,cellular,mar
39205,1,0.02496268,telephone,mar
39206,1,0.02613745,cellular,mar
39207,1,0.01735732,cellular,mar
39208,0,0.62603453,cellular,mar
39209,1,0.62603453,cellular,mar
39210,1,0.62603453,cellular,mar
39211,1,0.025319,cellular,mar
39212,1,0.02678723,cellular,mar
39213,1,0.02653858,cellular,mar
39214,1,0.62603453,cellular,mar
39215,0,0.0175742,cellular,mar
39216,1,0.62603453,cellular,mar
39217,1,0.62603453,telephone,mar
39218,1,0.62603453,cellular,mar
39219,1,0.62603453,cellular,mar
39220,1,0.02638827,cellular,mar
39221,1,0.62603453,cellular,mar
39222,1,0.62603453,cellular,mar
39223,1,0.62603453,cellular,mar
39224,1,0.02675383,cellular,mar
39225,1,0.62603453,cellular,mar
39226,1,0.62603453,cellular,mar
39227,1,0.62603453,cellular,mar
39228,1,0.62603453,cellular,mar
39229,1,0.62603453,cellular,mar
39230,0,0.02696257,cellular,mar
39231,1,0.02669912,cellular,mar
39232,1,0.62603453,telephone,mar
39233,1,0.01817328,cellular,mar
39234,1,0.62603453,cellular,mar
39235,1,0.02665037,cellular,mar
39236,0,0.01814022,cellular,mar
39237,0,0.01857453,cellular,mar
39238,0,0.01792111,telephone,mar
39239,0,0.02677588,cellular,mar
39240,1,0.01812602,cellular,mar
39241,1,0.00573039,cellular,mar
39242,0,0.01741051,telephone,mar
39243,0,0.01815264,cellular,mar
39244,0,0.62603453,cellular,mar
39245,0,0.62603453,telephone,mar
39246,1,0.02607147,cellular,mar
39247,1,0.02619494,cellular,mar
39248,0,0.01765347,cellular,mar
39249,0,0.62603453,telephone,mar
39250,0,0.62603453,cellular,mar
39251,0,0.02690723,cellular,mar
39252,1,0.00221979,cellular,mar
39253,0,0.01833541,cellular,mar
39254,0,0.01797348,cellular,mar
39255,0,0.01830518,cellular,mar
39256,1,0.62603453,telephone,mar
39257,1,0.62603453,cellular,mar
39258,0,0.00221979,cellular,mar
39259,1,0.62603453,cellular,mar
39260,1,0.02714112,cellular,mar
39261,1,0.01860999,cellular,mar
39262,1,0.62603453,cellular,mar
39263,1,0.62603453,cellular,mar
39264,0,0.01805506,cellular,mar
39265,0,0.01758428,cellular,mar
39266,0,0.02531149,cellular,mar
39267,0,0.02646718,cellular,mar
39268,1,0.02633838,cellular,mar
39269,1,0.62603453,cellular,mar
39270,0,0.01719076,cellular,mar
39271,0,0.00512264,telephone,mar
39272,0,0.01720828,cellular,mar
39273,1,0.62603453,cellular,mar
39274,0,0.00541973,cellular,mar
39275,0,0.62603453,cellular,mar
39276,1,0.02523756,telephone,mar
39277,0,0.02674176,cellular,mar
39278,1,0.02606169,cellular,mar
39279,0,0.02531612,cellular,mar
39280,1,0.02347514,telephone,mar
39281,0,0.02549413,cellular,mar
39282,1,0.62603453,telephone,mar
39283,0,0.02540417,cellular,mar
39284,1,0.62603453,cellular,mar
39285,0,0.62603453,telephone,mar
39286,0,0.02578821,cellular,mar
39287,1,0.62603453,cellular,mar
39288,1,0.02604842,cellular,mar
39289,1,0.00545369,cellular,mar
39290,1,0.02612681,cellular,mar
39291,0,0.01707249,telephone,mar
39292,1,0.62603453,cellular,mar
39293,1,0.62603453,telephone,mar
39294,0,0.02533424,telephone,mar
39295,0,0.62603453,cellular,mar
39296,1,0.62603453,cellular,mar
39297,0,0.02645351,cellular,mar
39298,0,0.0251895,cellular,mar
39299,1,0.01706952,cellular,mar
39300,1,0.0284464,cellular,mar
39301,0,0.62603453,cellular,mar
39302,0,0.62603453,cellular,mar
39303,0,0.62603453,cellular,mar
39304,0,0.02347342,telephone,mar
39305,1,0.02635131,cellular,mar
39306,1,0.62603453,cellular,mar
39307,0,0.0171826,cellular,mar
39308,0,0.0176408,cellular,mar
39309,0,0.62603453,cellular,mar
39310,1,0.02659245,cellular,mar
39311,0,0.02659245,cellular,mar
39312,0,0.02433532,cellular,mar
39313,1,0.02627726,cellular,mar
39314,1,0.02583156,cellular,mar
39315,1,0.62603453,cellular,mar
39316,1,0.62603453,cellular,mar
39317,0,0.02537077,telephone,mar
39318,0,0.02609115,cellular,mar
39319,1,0.01742865,cellular,mar
39320,1,0.01794686,cellular,mar
39321,1,0.02507809,cellular,mar
39322,1,0.62603453,cellular,mar
39323,1,0.62603453,cellular,mar
39324,1,0.62603453,cellular,mar
39325,1,0.02628789,cellular,mar
39326,1,0.62603453,cellular,mar
39327,0,0.62603453,cellular,mar
39328,0,0.02570683,cellular,mar
39329,1,0.62603453,cellular,mar
39330,1,0.62603453,cellular,mar
39331,0,0.01760368,cellular,mar
39332,0,0.62603453,telephone,mar
39333,0,0.02630642,cellular,mar
39334,1,0.00221979,cellular,mar
39335,1,0.62603453,telephone,mar
39336,0,0.01764682,cellular,mar
39337,1,0.62603453,cellular,mar
39338,1,0.02657561,cellular,mar
39339,1,0.62603453,cellular,mar
39340,1,0.02676965,cellular,mar
39341,1,0.62603453,cellular,mar
39342,1,0.02692632,cellular,mar
39343,1,0.0254467,cellular,mar
39344,0,0.02618217,cellular,mar
39345,1,0.62603453,cellular,mar
39346,0,0.01764431,cellular,mar
39347,0,0.02635644,cellular,mar
39348,0,0.02556678,cellular,mar
39349,1,0.62603453,cellular,mar
39350,1,0.62603453,cellular,mar
39351,0,0.02606178,cellular,mar
39352,0,0.02593649,cellular,mar
39353,1,0.02370195,cellular,mar
39354,0,0.62603453,cellular,mar
39355,0,0.02623111,cellular,mar
39356,1,0.01761205,cellular,mar
39357,0,0.02657526,cellular,mar
39358,1,0.02672081,cellular,mar
39359,0,0.62603453,cellular,mar
39360,0,0.02603051,cellular,mar
39361,0,0.02475092,telephone,mar
39362,0,0.0183212,cellular,mar
39363,0,0.01771943,cellular,mar
39364,0,0.02574833,cellular,mar
39365,1,0.62603453,cellular,mar
39366,0,0.00549594,cellular,mar
39367,0,0.00548169,cellular,mar
39368,0,0.01701796,cellular,mar
39369,0,0.00545524,cellular,mar
39370,0,0.00221979,cellular,mar
39371,1,0.02575005,cellular,mar
39372,0,0.0053675,cellular,mar
39373,0,0.02535972,cellular,mar
39374,0,0.62603453,cellular,mar
39375,0,0.02441119,telephone,mar
39376,1,0.01654564,telephone,mar
39377,0,0.01727691,cellular,mar
39378,0,0.0054598,cellular,mar
39379,1,0.62603453,cellular,mar
39380,1,0.02553534,cellular,mar
39381,1,0.01805403,cellular,mar
39382,1,0.02448417,telephone,mar
39383,0,0.0245335,cellular,mar
39384,0,0.00567696,cellular,mar
39385,1,0.02647723,cellular,mar
39386,1,0.62603453,cellular,mar
39387,1,0.02596183,cellular,mar
39388,1,0.02462916,cellular,mar
39389,1,0.0167587,cellular,mar
39390,1,0.62603453,cellular,mar
39391,1,0.01788729,cellular,mar
39392,0,0.01788729,cellular,mar
39393,1,0.62603453,cellular,mar
39394,0,0.02546111,telephone,mar
39395,1,0.62603453,cellular,apr
39396,0,0.01733186,cellular,apr
39397,1,0.62603453,cellular,apr
39398,1,0.62603453,telephone,apr
39399,1,0.0244593,telephone,apr
39400,0,0.01817453,cellular,apr
39401,1,0.01671782,telephone,apr
39402,0,0.02669186,cellular,apr
39403,0,0.00541725,cellular,apr
39404,1,0.02600857,cellular,apr
39405,1,0.02429102,telephone,apr
39406,1,0.02618451,cellular,apr
39407,0,0.0176841,cellular,apr
39408,1,0.62603453,cellular,apr
39409,1,0.62603453,cellular,apr
39410,1,0.0172353,cellular,apr
39411,0,0.01723167,cellular,apr
39412,1,0.0212717,cellular,apr
39413,1,0.02562123,cellular,apr
39414,0,0.01725177,cellular,apr
39415,1,0.02550183,cellular,apr
39416,0,0.02552607,cellular,apr
39417,0,0.02422851,cellular,apr
39418,0,0.02555415,cellular,apr
39419,1,0.02402219,cellular,apr
39420,1,0.02552436,cellular,apr
39421,1,0.02553397,cellular,apr
39422,1,0.0051199,cellular,apr
39423,0,0.02566796,cellular,apr
39424,1,0.02413518,telephone,apr
39425,1,0.02538542,cellular,apr
39426,0,0.01769388,cellular,apr
39427,0,0.00548557,cellular,apr
39428,0,0.02589524,cellular,apr
39429,0,0.62603453,cellular,apr
39430,0,0.62603453,cellular,apr
39431,0,0.62603453,cellular,apr
39432,0,0.00556443,cellular,apr
39433,1,0.62603453,cellular,apr
39434,0,0.62603453,cellular,apr
39435,0,0.01542502,telephone,apr
39436,0,0.02589524,cellular,apr
39437,0,0.62603453,cellular,apr
39438,0,0.02529726,cellular,apr
39439,1,0.01685846,cellular,apr
39440,0,0.01779413,cellular,apr
39441,1,0.02558807,cellular,apr
39442,1,0.02525751,cellular,apr
39443,0,0.01808158,cellular,apr
39444,1,0.62603453,cellular,apr
39445,1,0.62603453,cellular,apr
39446,1,0.00221979,cellular,apr
39447,1,0.01844911,cellular,apr
39448,1,0.62603453,cellular,apr
39449,1,0.02531453,cellular,apr
39450,1,0.02535769,telephone,apr
39451,0,0.01752377,cellular,apr
39452,1,0.62603453,telephone,apr
39453,1,0.02601894,cellular,apr
39454,1,0.62603453,cellular,apr
39455,1,0.02550499,cellular,apr
39456,1,0.62603453,cellular,apr
39457,1,0.0256337,cellular,apr
39458,0,0.62603453,cellular,apr
39459,0,0.00536423,cellular,apr
39460,0,0.01815702,cellular,apr
39461,1,0.62603453,cellular,apr
39462,0,0.0255078,cellular,apr
39463,1,0.02483078,cellular,apr
39464,1,0.02637708,cellular,apr
39465,0,0.01732722,cellular,apr
39466,1,0.02490513,telephone,apr
39467,1,0.02525713,cellular,apr
39468,0,0.01767143,cellular,apr
39469,0,0.02599482,cellular,apr
39470,0,0.01766265,cellular,apr
39471,0,0.62603453,cellular,apr
39472,1,0.62603453,cellular,apr
39473,1,0.02523495,cellular,apr
39474,0,0.62603453,cellular,apr
39475,1,0.02384102,telephone,apr
39476,1,0.62603453,cellular,apr
39477,1,0.62603453,cellular,apr
39478,0,0.02349349,cellular,apr
39479,1,0.62603453,telephone,apr
39480,1,0.01598,cellular,apr
39481,0,0.01674254,telephone,apr
39482,1,0.62603453,cellular,apr
39483,0,0.02587714,cellular,apr
39484,0,0.02593929,cellular,apr
39485,1,0.02553426,cellular,apr
39486,1,0.01582668,telephone,apr
39487,0,0.0256313,cellular,apr
39488,1,0.02467287,telephone,apr
39489,1,0.02485337,telephone,apr
39490,1,0.02575292,cellular,apr
39491,1,0.62603453,cellular,apr
39492,1,0.62603453,cellular,apr
39493,1,0.62603453,cellular,apr
39494,0,0.02523752,cellular,apr
39495,1,0.02605302,cellular,apr
39496,1,0.02408282,cellular,apr
39497,0,0.01769216,cellular,apr
39498,0,0.02544139,cellular,apr
39499,1,0.62603453,cellular,apr
39500,0,0.62603453,cellular,apr
39501,1,0.02481682,telephone,apr
39502,1,0.02590815,cellular,apr
39503,0,0.02445616,cellular,apr
39504,1,0.01754528,cellular,apr
39505,1,0.62603453,cellular,apr
39506,1,0.62603453,cellular,apr
39507,0,0.02657251,cellular,apr
39508,0,0.01720858,cellular,apr
39509,0,0.02171059,telephone,apr
39510,0,0.62603453,cellular,apr
39511,1,0.02560277,cellular,apr
39512,1,0.62603453,cellular,apr
39513,0,0.02589199,cellular,apr
39514,1,0.02551301,cellular,apr
39515,0,0.62603453,cellular,apr
39516,1,0.01753251,cellular,apr
39517,0,0.62603453,cellular,apr
39518,1,0.00221979,cellular,apr
39519,0,0.00221979,cellular,apr
39520,0,0.02107559,cellular,apr
39521,1,0.62603453,cellular,apr
39522,0,0.01795491,cellular,apr
39523,0,0.02541509,cellular,apr
39524,0,0.01768946,cellular,apr
39525,0,0.01778681,cellular,apr
39526,0,0.01896206,cellular,apr
39527,1,0.00535872,telephone,apr
39528,0,0.02771467,cellular,apr
39529,0,0.01891629,cellular,apr
39530,0,0.02641114,cellular,apr
39531,1,0.02506522,telephone,apr
39532,1,0.02632182,cellular,apr
39533,0,0.02752853,cellular,apr
39534,1,0.01677159,telephone,apr
39535,1,0.02539495,telephone,apr
39536,1,0.02564315,cellular,apr
39537,0,0.0273426,cellular,apr
39538,1,0.62603453,cellular,apr
39539,1,0.62603453,telephone,apr
39540,1,0.62603453,cellular,apr
39541,1,0.62603453,cellular,apr
39542,1,0.0259198,cellular,apr
39543,1,0.02605043,cellular,apr
39544,0,0.02521753,cellular,apr
39545,1,0.02632552,cellular,apr
39546,1,0.62603453,cellular,apr
39547,0,0.02658017,cellular,apr
39548,1,0.02663457,cellular,apr
39549,0,0.02568344,cellular,apr
39550,1,0.62603453,cellular,apr
39551,0,0.01834939,cellular,apr
39552,1,0.0266346,cellular,apr
39553,1,0.02568069,cellular,apr
39554,0,0.02342016,cellular,apr
39555,1,0.02507666,telephone,apr
39556,1,0.02667242,cellular,apr
39557,1,0.62603453,cellular,apr
39558,0,0.62603453,cellular,apr
39559,1,0.62603453,cellular,apr
39560,0,0.01824964,cellular,apr
39561,0,0.02827251,cellular,apr
39562,1,0.01823897,cellular,apr
39563,0,0.02611201,cellular,apr
39564,0,0.01834114,cellular,apr
39565,0,0.02689273,cellular,apr
39566,1,0.62603453,cellular,apr
39567,1,0.02844712,cellular,apr
39568,0,0.02814316,cellular,apr
39569,0,0.00421905,cellular,may
39570,1,0.62603453,cellular,may
39571,0,0.62603453,cellular,may
39572,0,0.00429706,cellular,may
39573,0,0.62603453,cellular,may
39574,0,0.01345959,cellular,may
39575,1,0.62603453,cellular,may
39576,1,0.62603453,telephone,may
39577,1,0.62603453,cellular,may
39578,0,0.00426626,cellular,may
39579,0,0.01999024,cellular,may
39580,1,0.62603453,cellular,may
39581,1,0.0196899,cellular,may
39582,1,0.62603453,cellular,may
39583,1,0.62603453,telephone,may
39584,0,0.00221979,cellular,may
39585,0,0.62603453,cellular,may
39586,1,0.01332627,cellular,may
39587,1,0.02106313,cellular,may
39588,0,0.01913571,cellular,may
39589,1,0.62603453,cellular,may
39590,0,0.62603453,cellular,may
39591,0,0.00221979,cellular,may
39592,1,0.62603453,cellular,may
39593,1,0.01988818,cellular,may
39594,0,0.00438133,telephone,may
39595,0,0.62603453,cellular,may
39596,1,0.01391951,cellular,may
39597,0,0.01947242,telephone,may
39598,0,0.02037573,telephone,may
39599,1,0.02038934,telephone,may
39600,0,0.01368247,cellular,may
39601,0,0.01923491,telephone,may
39602,1,0.01970819,cellular,may
39603,0,0.01326258,cellular,may
39604,1,0.62603453,cellular,may
39605,1,0.01356806,cellular,may
39606,1,0.62603453,cellular,may
39607,1,0.01968663,cellular,may
39608,1,0.62603453,cellular,may
39609,0,0.01979055,cellular,may
39610,0,0.01420009,cellular,may
39611,0,0.62603453,cellular,may
39612,1,0.62603453,cellular,may
39613,0,0.01903719,telephone,may
39614,1,0.0142139,cellular,may
39615,0,0.62603453,cellular,may
39616,1,0.02032841,cellular,may
39617,1,0.62603453,cellular,may
39618,1,0.02076877,telephone,may
39619,0,0.01315364,telephone,may
39620,1,0.62603453,cellular,may
39621,0,0.02020664,cellular,may
39622,0,0.01360551,cellular,may
39623,0,0.01993745,cellular,may
39624,1,0.62603453,cellular,may
39625,0,0.01924658,telephone,may
39626,0,0.01991413,cellular,may
39627,1,0.62603453,cellular,may
39628,0,0.62603453,cellular,may
39629,0,0.0192367,telephone,may
39630,1,0.62603453,cellular,may
39631,0,0.01905955,cellular,may
39632,1,0.01823879,telephone,may
39633,0,0.0046122,cellular,may
39634,0,0.01898681,telephone,may
39635,0,0.01270253,telephone,may
39636,0,0.01289576,cellular,may
39637,1,0.01945818,cellular,may
39638,1,0.62603453,cellular,may
39639,1,0.62603453,cellular,may
39640,1,0.62603453,cellular,may
39641,1,0.62603453,cellular,may
39642,0,0.00428146,cellular,may
39643,1,0.01383752,cellular,may
39644,1,0.62603453,cellular,may
39645,1,0.62603453,cellular,may
39646,0,0.62603453,cellular,may
39647,1,0.62603453,cellular,may
39648,0,0.01401318,cellular,may
39649,1,0.62603453,cellular,may
39650,1,0.62603453,telephone,may
39651,1,0.62603453,telephone,may
39652,0,0.62603453,cellular,may
39653,0,0.62603453,telephone,may
39654,0,0.01952812,telephone,may
39655,1,0.62603453,telephone,may
39656,0,0.62603453,cellular,may
39657,1,0.62603453,cellular,may
39658,1,0.62603453,cellular,may
39659,1,0.62603453,cellular,may
39660,1,0.62603453,cellular,may
39661,1,0.62603453,cellular,may
39662,1,0.62603453,cellular,may
39663,1,0.62603453,cellular,may
39664,1,0.62603453,cellular,may
39665,1,0.62603453,cellular,may
39666,0,0.01391298,cellular,may
39667,1,0.62603453,cellular,may
39668,1,0.62603453,cellular,may
39669,1,0.62603453,cellular,may
39670,0,0.01345238,cellular,may
39671,1,0.02011171,cellular,may
39672,0,0.01885283,telephone,may
39673,0,0.01329967,telephone,may
39674,0,0.01327701,telephone,may
39675,1,0.62603453,cellular,may
39676,1,0.62603453,cellular,may
39677,1,0.62603453,cellular,may
39678,1,0.0136793,cellular,may
39679,0,0.02009999,cellular,may
39680,0,0.01998941,cellular,may
39681,1,0.62603453,cellular,may
39682,1,0.02011627,cellular,may
39683,1,0.62603453,cellular,may
39684,1,0.01447514,cellular,may
39685,0,0.01983775,cellular,may
39686,1,0.62603453,cellular,may
39687,0,0.02010147,cellular,may
39688,0,0.01844,telephone,may
39689,1,0.62603453,cellular,may
39690,0,0.62603453,cellular,may
39691,1,0.62603453,cellular,may
39692,1,0.01990691,cellular,may
39693,1,0.02030235,cellular,may
39694,1,0.62603453,cellular,may
39695,1,0.01889983,telephone,may
39696,0,0.01984455,telephone,may
39697,1,0.02045051,cellular,may
39698,1,0.62603453,cellular,may
39699,0,0.00373997,cellular,may
39700,1,0.01366045,cellular,may
39701,0,0.0138353,cellular,may
39702,0,0.00221979,cellular,may
39703,1,0.02007596,cellular,may
39704,1,0.02010261,cellular,may
39705,1,0.02015448,cellular,may
39706,0,0.02012493,cellular,may
39707,0,0.00221979,cellular,may
39708,1,0.01945361,telephone,may
39709,1,0.62603453,cellular,may
39710,1,0.02075925,cellular,may
39711,0,0.00221979,cellular,may
39712,1,0.62603453,cellular,may
39713,1,0.62603453,cellular,may
39714,0,0.00438543,cellular,may
39715,1,0.62603453,cellular,may
39716,0,0.0044406,cellular,may
39717,1,0.01383599,cellular,may
39718,1,0.02069396,cellular,may
39719,1,0.02027118,cellular,may
39720,1,0.62603453,cellular,may
39721,0,0.00221979,cellular,may
39722,0,0.01836238,cellular,may
39723,0,0.01386911,cellular,may
39724,1,0.62603453,cellular,may
39725,1,0.01347915,cellular,may
39726,1,0.01399557,cellular,may
39727,1,0.62603453,cellular,may
39728,1,0.62603453,cellular,may
39729,1,0.02040746,cellular,may
39730,1,0.02039579,cellular,may
39731,1,0.02002425,cellular,may
39732,1,0.02184224,cellular,may
39733,1,0.02016227,cellular,may
39734,1,0.62603453,cellular,may
39735,1,0.01392372,cellular,may
39736,1,0.01845939,telephone,may
39737,1,0.62603453,cellular,may
39738,0,0.01425091,cellular,may
39739,1,0.62603453,cellular,may
39740,1,0.02090266,cellular,may
39741,1,0.62603453,telephone,may
39742,1,0.01989645,telephone,may
39743,1,0.62603453,cellular,may
39744,0,0.0136848,cellular,may
39745,1,0.02005836,cellular,may
39746,1,0.62603453,cellular,may
39747,1,0.01443567,cellular,may
39748,0,0.01933989,telephone,may
39749,0,0.01952485,telephone,may
39750,1,0.01354532,cellular,may
39751,0,0.01925021,telephone,may
39752,0,0.01925519,telephone,may
39753,0,0.02065589,cellular,may
39754,1,0.02067643,cellular,may
39755,1,0.02129608,cellular,may
39756,1,0.62603453,cellular,may
39757,1,0.62603453,telephone,may
39758,0,0.00410868,telephone,may
39759,0,0.00221979,cellular,may
39760,0,0.01956441,telephone,may
39761,1,0.02102119,cellular,may
39762,0,0.00447955,cellular,may
39763,0,0.00221979,cellular,may
39764,1,0.00437798,cellular,may
39765,1,0.01979375,cellular,may
39766,0,0.01903668,telephone,may
39767,0,0.02103398,cellular,may
39768,1,0.02074952,cellular,may
39769,0,0.02113137,cellular,may
39770,0,0.62603453,cellular,may
39771,0,0.01975236,cellular,may
39772,0,0.62603453,telephone,may
39773,1,0.01334965,cellular,may
39774,0,0.62603453,cellular,may
39775,1,0.02159761,cellular,may
39776,0,0.02029679,cellular,may
39777,1,0.02086559,cellular,may
39778,0,0.62603453,cellular,may
39779,0,0.01950692,telephone,may
39780,0,0.01964577,telephone,may
39781,0,0.00221979,cellular,jun
39782,0,0.01357345,cellular,jun
39783,1,0.01348641,cellular,jun
39784,0,0.62603453,telephone,jun
39785,1,0.01344453,cellular,jun
39786,1,0.62603453,cellular,jun
39787,1,0.00834329,cellular,jun
39788,1,0.62603453,cellular,jun
39789,0,0.00287565,cellular,jun
39790,0,0.00911021,cellular,jun
39791,0,0.01294545,telephone,jun
39792,1,0.62603453,cellular,jun
39793,0,0.62603453,cellular,jun
39794,0,0.00868767,telephone,jun
39795,0,0.01287709,telephone,jun
39796,1,0.01209426,cellular,jun
39797,1,0.62603453,cellular,jun
39798,1,0.00909075,cellular,jun
39799,0,0.00883932,telephone,jun
39800,0,0.01285232,telephone,jun
39801,0,0.01269784,telephone,jun
39802,0,0.01287428,telephone,jun
39803,1,0.62603453,cellular,jun
39804,1,0.62603453,cellular,jun
39805,1,0.62603453,cellular,jun
39806,0,0.00293757,cellular,jun
39807,1,0.62603453,cellular,jun
39808,0,0.62603453,cellular,jun
39809,1,0.01324164,cellular,jun
39810,0,0.01307117,telephone,jun
39811,0,0.01290742,telephone,jun
39812,0,0.62603453,cellular,jun
39813,0,0.62603453,cellular,jun
39814,0,0.00287187,cellular,jun
39815,0,0.01310434,telephone,jun
39816,0,0.01295508,telephone,jun
39817,1,0.01269932,telephone,jun
39818,0,0.01274521,telephone,jun
39819,0,0.01316479,telephone,jun
39820,0,0.01296953,telephone,jun
39821,1,0.62603453,cellular,jun
39822,1,0.01259453,cellular,jun
39823,0,0.0134119,cellular,jun
39824,0,0.62603453,telephone,jun
39825,0,0.01295408,telephone,jun
39826,0,0.01345926,telephone,jun
39827,0,0.01267804,telephone,jun
39828,1,0.62603453,cellular,jun
39829,1,0.62603453,cellular,jun
39830,1,0.62603453,cellular,jun
39831,1,0.62603453,cellular,jun
39832,1,0.62603453,telephone,jun
39833,0,0.01327028,telephone,jun
39834,0,0.62603453,telephone,jun
39835,1,0.00933461,cellular,jun
39836,1,0.62603453,cellular,jun
39837,0,0.01412097,cellular,jun
39838,1,0.62603453,cellular,jun
39839,0,0.01332295,telephone,jun
39840,0,0.01347358,telephone,jun
39841,0,0.00291068,cellular,jun
39842,1,0.62603453,cellular,jun
39843,0,0.62603453,cellular,jun
39844,1,0.62603453,telephone,jun
39845,1,0.62603453,cellular,jun
39846,1,0.62603453,telephone,jun
39847,1,0.62603453,cellular,jun
39848,1,0.01338693,cellular,jun
39849,1,0.01363952,cellular,jun
39850,1,0.01452764,cellular,jun
39851,0,0.00922581,cellular,jun
39852,1,0.01364738,cellular,jun
39853,1,0.62603453,cellular,jun
39854,1,0.01353769,cellular,jun
39855,1,0.62603453,cellular,jun
39856,0,0.01365105,cellular,jun
39857,1,0.62603453,cellular,jun
39858,1,0.62603453,cellular,jun
39859,0,0.01333026,telephone,jun
39860,0,0.0130164,telephone,jun
39861,0,0.01309429,telephone,jun
39862,0,0.00923632,cellular,jun
39863,0,0.01376296,cellular,jun
39864,1,0.0094419,cellular,jun
39865,1,0.01458829,cellular,jun
39866,0,0.62603453,cellular,jun
39867,1,0.62603453,cellular,jun
39868,1,0.62603453,cellular,jun
39869,1,0.62603453,cellular,jun
39870,1,0.00858455,cellular,jun
39871,0,0.62603453,cellular,jun
39872,1,0.62603453,cellular,jun
39873,0,0.62603453,cellular,jun
39874,0,0.62603453,telephone,jun
39875,0,0.62603453,cellular,jun
39876,1,0.01300691,telephone,jun
39877,1,0.00951265,cellular,jun
39878,0,0.01368425,telephone,jun
39879,0,0.00284368,telephone,jun
39880,1,0.01409611,cellular,jun
39881,1,0.62603453,cellular,jun
39882,1,0.62603453,cellular,jun
39883,0,0.01384053,cellular,jun
39884,1,0.62603453,cellular,jun
39885,0,0.01296998,telephone,jun
39886,1,0.01338769,cellular,jun
39887,0,0.01319859,telephone,jun
39888,0,0.01463428,cellular,jun
39889,0,0.01467204,cellular,jun
39890,1,0.01403212,cellular,jun
39891,1,0.01355266,cellular,jun
39892,1,0.62603453,cellular,jun
39893,1,0.01357298,cellular,jun
39894,1,0.62603453,cellular,jun
39895,0,0.62603453,cellular,jun
39896,0,0.0134581,telephone,jun
39897,1,0.62603453,cellular,jun
39898,0,0.01390674,cellular,jun
39899,0,0.01349696,telephone,jun
39900,1,0.62603453,cellular,jun
39901,0,0.01337679,telephone,jun
39902,0,0.62603453,cellular,jun
39903,0,0.0140643,cellular,jun
39904,0,0.01464874,cellular,jun
39905,0,0.01013188,cellular,jun
39906,1,0.62603453,cellular,jun
39907,1,0.62603453,cellular,jun
39908,1,0.62603453,cellular,jun
39909,0,0.62603453,cellular,jun
39910,0,0.00939086,telephone,jun
39911,0,0.00970237,cellular,jun
39912,1,0.62603453,cellular,jun
39913,1,0.62603453,cellular,jun
39914,0,0.62603453,cellular,jun
39915,1,0.01424076,cellular,jun
39916,1,0.62603453,cellular,jun
39917,0,0.01379074,cellular,jun
39918,1,0.01419985,cellular,jun
39919,0,0.62603453,cellular,jun
39920,0,0.62603453,cellular,jun
39921,0,0.00221979,cellular,jun
39922,0,0.00309615,telephone,jun
39923,1,0.00917801,cellular,jun
39924,0,0.00892734,telephone,jun
39925,0,0.01361987,telephone,jun
39926,1,0.01361421,cellular,jun
39927,0,0.01392704,cellular,jun
39928,0,0.00922568,cellular,jun
39929,0,0.01385212,cellular,jun
39930,0,0.62603453,cellular,jun
39931,0,0.01418455,cellular,jun
39932,0,0.01393997,cellular,jun
39933,0,0.00935648,cellular,jun
39934,0,0.01374364,telephone,jun
39935,0,0.01360528,telephone,jun
39936,0,0.01342261,telephone,jun
39937,0,0.01331275,telephone,jun
39938,0,0.00908111,telephone,jun
39939,0,0.01299338,telephone,jun
39940,1,0.62603453,cellular,jun
39941,1,0.00302222,cellular,jun
39942,1,0.62603453,cellular,jun
39943,0,0.00963122,cellular,jun
39944,0,0.62603453,cellular,jun
39945,0,0.62603453,cellular,jun
39946,0,0.0127626,cellular,jun
39947,0,0.01312434,telephone,jun
39948,1,0.01401507,cellular,jun
39949,0,0.01409041,cellular,jun
39950,0,0.01326443,telephone,jun
39951,1,0.0098904,cellular,jun
39952,0,0.00282915,cellular,jun
39953,0,0.01351796,telephone,jun
39954,1,0.62603453,cellular,jun
39955,1,0.01392674,cellular,jun
39956,1,0.62603453,cellular,jun
39957,0,0.00962814,cellular,jun
39958,1,0.01392587,cellular,jun
39959,1,0.62603453,cellular,jun
39960,1,0.01422827,cellular,jun
39961,1,0.62603453,cellular,jun
39962,0,0.00964311,cellular,jun
39963,1,0.0135603,telephone,jun
39964,1,0.01302434,telephone,jun
39965,1,0.62603453,cellular,jun
39966,0,0.01421616,cellular,jun
39967,0,0.01419752,cellular,jun
39968,0,0.01368618,cellular,jun
39969,0,0.01353999,telephone,jun
39970,1,0.01352811,cellular,jun
39971,1,0.00976647,cellular,jun
39972,0,0.00221979,cellular,jun
39973,1,0.01415159,cellular,jun
39974,0,0.00933663,cellular,jun
39975,1,0.62603453,cellular,jun
39976,1,0.62603453,cellular,jun
39977,1,0.62603453,cellular,jun
39978,1,0.00221979,cellular,jun
39979,0,0.00294743,cellular,jun
39980,1,0.0146645,cellular,jun
39981,0,0.62603453,cellular,jun
39982,0,0.62603453,cellular,jun
39983,1,0.62603453,cellular,jun
39984,1,0.62603453,cellular,jun
39985,0,0.01450124,cellular,jun
39986,1,0.0146645,cellular,jun
39987,0,0.01455232,cellular,jun
39988,0,0.01371709,telephone,jun
39989,0,0.0139232,telephone,jun
39990,1,0.01422672,cellular,jun
39991,0,0.00909855,telephone,jun
39992,0,0.01380949,telephone,jun
39993,1,0.62603453,cellular,jun
39994,1,0.62603453,cellular,jun
39995,0,0.01453145,cellular,jun
39996,0,0.01471216,cellular,jun
39997,1,0.00301256,telephone,jun
39998,0,0.01517039,cellular,jun
39999,1,0.62603453,cellular,jun
40000,1,0.62603453,cellular,jun
40001,0,0.01414966,telephone,jun
40002,1,0.01418581,telephone,jun
40003,1,0.01571201,cellular,jun
40004,0,0.01454955,cellular,jun
40005,1,0.01002645,cellular,jun
40006,1,0.01440084,cellular,jun
40007,0,0.01416637,telephone,jun
40008,0,0.00221979,cellular,jun
40009,1,0.01445369,cellular,jun
40010,0,0.00320168,cellular,jul
40011,0,0.00221979,telephone,jul
40012,0,0.0098481,telephone,jul
40013,0,0.00981639,telephone,jul
40014,0,0.0146987,telephone,jul
40015,1,0.62603453,cellular,jul
40016,1,0.62603453,cellular,jul
40017,0,0.00327978,cellular,jul
40018,1,0.62603453,cellular,jul
40019,0,0.01448913,telephone,jul
40020,0,0.01402128,telephone,jul
40021,0,0.62603453,telephone,jul
40022,1,0.01575093,cellular,jul
40023,0,0.62603453,cellular,jul
40024,1,0.01543271,cellular,jul
40025,0,0.62603453,cellular,jul
40026,1,0.00322052,cellular,jul
40027,1,0.62603453,cellular,jul
40028,1,0.00998533,cellular,jul
40029,1,0.01558233,cellular,jul
40030,0,0.01034707,cellular,jul
40031,1,0.62603453,cellular,jul
40032,0,0.00989572,telephone,jul
40033,0,0.0151662,cellular,jul
40034,1,0.01536761,cellular,jul
40035,0,0.01470783,telephone,jul
40036,0,0.0145295,telephone,jul
40037,1,0.01517377,cellular,jul
40038,0,0.01533099,cellular,jul
40039,1,0.62603453,cellular,jul
40040,0,0.01535394,cellular,jul
40041,0,0.62603453,cellular,jul
40042,1,0.01663035,cellular,jul
40043,1,0.01519263,cellular,jul
40044,1,0.00325244,cellular,jul
40045,0,0.62603453,cellular,jul
40046,0,0.00221979,cellular,jul
40047,1,0.01560439,cellular,jul
40048,0,0.01497288,telephone,jul
40049,1,0.62603453,cellular,jul
40050,1,0.01048935,cellular,jul
40051,1,0.62603453,cellular,jul
40052,0,0.01584486,telephone,jul
40053,0,0.00340504,cellular,jul
40054,1,0.62603453,telephone,jul
40055,1,0.01027523,telephone,jul
40056,1,0.62603453,cellular,jul
40057,1,0.01518061,telephone,jul
40058,1,0.01074972,cellular,jul
40059,0,0.01535554,cellular,jul
40060,0,0.00323956,cellular,jul
40061,1,0.003329,cellular,jul
40062,1,0.62603453,cellular,jul
40063,1,0.00987118,cellular,jul
40064,0,0.62603453,cellular,jul
40065,1,0.62603453,telephone,jul
40066,1,0.62603453,telephone,jul
40067,0,0.01637981,cellular,jul
40068,1,0.62603453,cellular,jul
40069,0,0.01515551,telephone,jul
40070,0,0.01031371,cellular,jul
40071,1,0.01533342,cellular,jul
40072,1,0.01594002,cellular,jul
40073,0,0.01554744,cellular,jul
40074,1,0.01584741,cellular,jul
40075,0,0.00995086,telephone,jul
40076,0,0.0032625,telephone,jul
40077,0,0.01525048,cellular,jul
40078,1,0.00330217,cellular,jul
40079,1,0.62603453,cellular,jul
40080,1,0.01449159,cellular,jul
40081,0,0.0090079,cellular,jul
40082,0,0.01067135,cellular,jul
40083,0,0.01608774,cellular,jul
40084,1,0.01585509,cellular,jul
40085,0,0.0161085,cellular,jul
40086,1,0.01061371,cellular,jul
40087,0,0.01519526,telephone,jul
40088,0,0.01494546,telephone,jul
40089,0,0.01516427,telephone,jul
40090,0,0.01509584,telephone,jul
40091,0,0.01551921,cellular,jul
40092,1,0.00851768,cellular,jul
40093,0,0.62603453,cellular,jul
40094,1,0.00328997,cellular,jul
40095,1,0.01571962,cellular,jul
40096,0,0.00340782,cellular,jul
40097,0,0.62603453,cellular,jul
40098,1,0.01561376,cellular,jul
40099,1,0.00974715,cellular,jul
40100,0,0.01516778,cellular,jul
40101,0,0.62603453,cellular,jul
40102,1,0.01578993,cellular,jul
40103,0,0.00354971,cellular,jul
40104,1,0.62603453,cellular,jul
40105,1,0.62603453,telephone,jul
40106,1,0.62603453,cellular,jul
40107,0,0.01605209,cellular,jul
40108,0,0.01707562,cellular,jul
40109,1,0.00324869,cellular,jul
40110,1,0.00321783,cellular,jul
40111,0,0.0108314,cellular,jul
40112,0,0.01518288,cellular,jul
40113,1,0.62603453,cellular,jul
40114,0,0.62603453,cellular,jul
40115,1,0.0157211,cellular,jul
40116,1,0.62603453,cellular,jul
40117,1,0.01106452,cellular,jul
40118,1,0.62603453,cellular,jul
40119,0,0.01552197,telephone,jul
40120,1,0.62603453,telephone,jul
40121,1,0.0161121,cellular,jul
40122,1,0.01607879,cellular,jul
40123,0,0.00342891,cellular,jul
40124,1,0.62603453,cellular,jul
40125,0,0.01167985,cellular,jul
40126,1,0.62603453,cellular,jul
40127,1,0.62603453,cellular,jul
40128,1,0.62603453,cellular,jul
40129,1,0.01114103,cellular,jul
40130,0,0.01520006,telephone,jul
40131,0,0.0156803,telephone,jul
40132,1,0.62603453,cellular,jul
40133,1,0.62603453,cellular,jul
40134,0,0.01538847,telephone,jul
40135,1,0.62603453,telephone,jul
40136,1,0.00363809,cellular,jul
40137,0,0.01121374,cellular,jul
40138,1,0.01647678,cellular,jul
40139,1,0.01621201,cellular,jul
40140,1,0.01636191,cellular,jul
40141,0,0.01638613,cellular,jul
40142,1,0.62603453,telephone,jul
40143,0,0.01097875,cellular,jul
40144,1,0.01658147,cellular,jul
40145,1,0.01638069,cellular,jul
40146,1,0.01571536,telephone,jul
40147,1,0.01117558,cellular,jul
40148,0,0.01116401,cellular,jul
40149,0,0.01401564,telephone,jul
40150,1,0.01625703,cellular,jul
40151,0,0.01508923,telephone,jul
40152,1,0.01098017,cellular,jul
40153,0,0.00341132,cellular,jul
40154,1,0.62603453,cellular,jul
40155,1,0.01601441,cellular,jul
40156,1,0.62603453,cellular,jul
40157,1,0.62603453,cellular,jul
40158,1,0.01615946,cellular,jul
40159,1,0.62603453,cellular,jul
40160,0,0.00350444,cellular,jul
40161,0,0.62603453,cellular,jul
40162,1,0.62603453,cellular,jul
40163,1,0.01541806,telephone,jul
40164,1,0.62603453,cellular,jul
40165,1,0.62603453,cellular,jul
40166,1,0.01118369,cellular,jul
40167,0,0.62603453,cellular,jul
40168,1,0.01655427,cellular,jul
40169,1,0.62603453,cellular,jul
40170,0,0.01593659,cellular,jul
40171,0,0.01597563,cellular,jul
40172,0,0.62603453,cellular,jul
40173,1,0.62603453,cellular,jul
40174,0,0.62603453,cellular,jul
40175,0,0.62603453,cellular,jul
40176,1,0.01097654,cellular,jul
40177,0,0.01482278,cellular,jul
40178,1,0.62603453,cellular,jul
40179,1,0.01637169,cellular,jul
40180,0,0.01650224,cellular,jul
40181,0,0.01088368,cellular,jul
40182,0,0.01665973,cellular,jul
40183,0,0.01617917,telephone,jul
40184,1,0.62603453,cellular,jul
40185,1,0.62603453,cellular,jul
40186,0,0.01155752,cellular,jul
40187,0,0.01634724,cellular,jul
40188,0,0.01592045,telephone,jul
40189,1,0.62603453,cellular,jul
40190,0,0.01629935,cellular,jul
40191,0,0.00341806,cellular,jul
40192,1,0.00346027,telephone,jul
40193,1,0.62603453,cellular,jul
40194,1,0.62603453,cellular,jul
40195,1,0.01624075,cellular,jul
40196,0,0.0110798,cellular,jul
40197,1,0.01617443,cellular,jul
40198,1,0.01110235,cellular,jul
40199,1,0.01096533,cellular,jul
40200,1,0.0147729,cellular,jul
40201,1,0.01501207,cellular,jul
40202,1,0.62603453,cellular,jul
40203,1,0.0166995,cellular,jul
40204,1,0.01641785,cellular,jul
40205,0,0.62603453,cellular,jul
40206,0,0.01701547,cellular,jul
40207,0,0.0104046,cellular,jul
40208,1,0.62603453,cellular,jul
40209,0,0.62603453,cellular,jul
40210,0,0.01664949,cellular,jul
40211,1,0.62603453,cellular,jul
40212,0,0.01599802,telephone,jul
40213,1,0.01696089,cellular,jul
40214,0,0.01607852,telephone,jul
40215,0,0.01090771,telephone,jul
40216,0,0.01108808,cellular,jul
40217,1,0.01487474,telephone,jul
40218,0,0.00371703,cellular,jul
40219,1,0.01564014,cellular,jul
40220,0,0.01729193,cellular,jul
40221,1,0.01725622,cellular,jul
40222,1,0.62603453,cellular,jul
40223,0,0.01739354,telephone,jul
40224,1,0.62603453,cellular,jul
40225,0,0.01681338,cellular,jul
40226,1,0.01656588,cellular,jul
40227,1,0.62603453,cellular,jul
40228,1,0.01637974,cellular,jul
40229,1,0.01654666,cellular,jul
40230,1,0.62603453,cellular,jul
40231,1,0.0167567,cellular,jul
40232,1,0.01705388,cellular,jul
40233,0,0.01106611,telephone,jul
40234,0,0.01648429,telephone,jul
40235,1,0.62603453,cellular,jul
40236,1,0.62603453,cellular,jul
40237,0,0.01135313,cellular,jul
40238,0,0.0110179,telephone,jul
40239,1,0.62603453,cellular,jul
40240,1,0.0164861,cellular,jul
40241,1,0.01662326,cellular,jul
40242,1,0.01813241,cellular,jul
40243,0,0.62603453,cellular,jul
40244,1,0.62603453,cellular,jul
40245,1,0.0036832,cellular,jul
40246,1,0.01174744,cellular,jul
40247,1,0.62603453,cellular,jul
40248,1,0.0168812,cellular,jul
40249,0,0.01171496,cellular,jul
40250,1,0.62603453,cellular,jul
40251,1,0.62603453,cellular,jul
40252,1,0.00354327,cellular,jul
40253,0,0.01632006,telephone,jul
40254,0,0.01628442,telephone,jul
40255,0,0.01590019,telephone,jul
40256,0,0.01632409,telephone,jul
40257,0,0.01653907,telephone,jul
40258,0,0.62603453,cellular,jul
40259,1,0.01161023,cellular,jul
40260,1,0.62603453,cellular,jul
40261,0,0.01110365,cellular,jul
40262,1,0.62603453,cellular,jul
40263,1,0.62603453,cellular,jul
40264,1,0.01730207,cellular,jul
40265,0,0.01174485,cellular,jul
40266,1,0.00382333,cellular,jul
40267,1,0.01665609,cellular,jul
40268,0,0.01648048,telephone,jul
40269,0,0.01663291,telephone,jul
40270,0,0.01637069,telephone,jul
40271,0,0.62603453,cellular,jul
40272,0,0.62603453,cellular,jul
40273,1,0.62603453,cellular,jul
40274,1,0.62603453,cellular,jul
40275,0,0.01237212,cellular,jul
40276,1,0.62603453,cellular,jul
40277,1,0.62603453,cellular,jul
40278,0,0.0170152,cellular,jul
40279,1,0.62603453,cellular,jul
40280,1,0.00341373,cellular,jul
40281,1,0.01670157,cellular,jul
40282,1,0.01843062,cellular,jul
40283,0,0.0118019,cellular,jul
40284,1,0.01751805,cellular,jul
40285,1,0.62603453,cellular,jul
40286,0,0.00367101,cellular,jul
40287,1,0.62603453,cellular,jul
40288,1,0.00367092,cellular,jul
40289,0,0.62603453,cellular,jul
40290,1,0.01626774,telephone,jul
40291,0,0.01679383,telephone,jul
40292,1,0.62603453,cellular,jul
40293,1,0.01120961,telephone,jul
40294,1,0.62603453,cellular,jul
40295,1,0.62603453,cellular,jul
40296,1,0.01172205,cellular,jul
40297,1,0.01148879,cellular,jul
40298,0,0.00358365,cellular,jul
40299,1,0.62603453,telephone,jul
40300,1,0.01602649,telephone,jul
40301,1,0.62603453,cellular,jul
40302,1,0.62603453,telephone,jul
40303,1,0.62603453,cellular,jul
40304,0,0.0161251,cellular,jul
40305,0,0.01696,cellular,jul
40306,1,0.62603453,cellular,jul
40307,0,0.62603453,cellular,jul
40308,0,0.01205479,cellular,jul
40309,0,0.62603453,cellular,jul
40310,1,0.62603453,cellular,jul
40311,1,0.00352022,telephone,jul
40312,0,0.01655304,telephone,jul
40313,1,0.01655065,cellular,jul
40314,1,0.62603453,telephone,jul
40315,0,0.01695156,cellular,jul
40316,1,0.62603453,cellular,jul
40317,0,0.00347399,cellular,jul
40318,1,0.62603453,cellular,jul
40319,0,0.01688633,cellular,jul
40320,0,0.01700846,cellular,jul
40321,0,0.00221979,cellular,aug
40322,0,0.01152536,cellular,aug
40323,0,0.62603453,cellular,aug
40324,0,0.01694408,cellular,aug
40325,0,0.01188983,cellular,aug
40326,0,0.0168576,cellular,aug
40327,0,0.01645656,cellular,aug
40328,0,0.01660429,cellular,aug
40329,1,0.01658178,cellular,aug
40330,1,0.62603453,cellular,aug
40331,0,0.01593545,telephone,aug
40332,0,0.01635577,cellular,aug
40333,0,0.62603453,cellular,aug
40334,0,0.01683115,cellular,aug
40335,0,0.00360393,cellular,aug
40336,1,0.62603453,cellular,aug
40337,1,0.62603453,cellular,aug
40338,0,0.00358086,cellular,aug
40339,0,0.01552436,cellular,aug
40340,0,0.00350781,cellular,aug
40341,0,0.00343829,telephone,aug
40342,0,0.01084904,telephone,aug
40343,1,0.62603453,cellular,aug
40344,0,0.0114756,cellular,aug
40345,0,0.016534,cellular,aug
40346,1,0.01715203,cellular,aug
40347,0,0.62603453,cellular,aug
40348,1,0.01672581,cellular,aug
40349,1,0.00221979,cellular,aug
40350,1,0.62603453,cellular,aug
40351,1,0.01133042,cellular,aug
40352,1,0.62603453,cellular,aug
40353,1,0.01115809,cellular,aug
40354,0,0.01234134,cellular,aug
40355,0,0.01719243,cellular,aug
40356,1,0.01678801,cellular,aug
40357,1,0.00221979,telephone,aug
40358,1,0.01222351,cellular,aug
40359,1,0.62603453,cellular,aug
40360,1,0.62603453,cellular,aug
40361,1,0.62603453,cellular,aug
40362,0,0.0119248,cellular,aug
40363,1,0.62603453,cellular,aug
40364,1,0.01695329,cellular,aug
40365,1,0.62603453,cellular,aug
40366,1,0.62603453,cellular,aug
40367,1,0.62603453,telephone,aug
40368,1,0.62603453,cellular,aug
40369,1,0.62603453,cellular,aug
40370,0,0.01134432,telephone,aug
40371,1,0.62603453,cellular,aug
40372,1,0.62603453,cellular,aug
40373,0,0.62603453,telephone,aug
40374,1,0.62603453,cellular,aug
40375,0,0.01684678,cellular,aug
40376,1,0.62603453,cellular,aug
40377,0,0.62603453,telephone,aug
40378,1,0.62603453,cellular,aug
40379,0,0.01815536,cellular,aug
40380,1,0.62603453,cellular,aug
40381,1,0.62603453,cellular,aug
40382,1,0.62603453,cellular,aug
40383,1,0.62603453,cellular,aug
40384,0,0.01730386,telephone,aug
40385,1,0.62603453,cellular,aug
40386,1,0.62603453,cellular,aug
40387,0,0.62603453,cellular,aug
40388,1,0.62603453,cellular,aug
40389,0,0.62603453,cellular,aug
40390,1,0.62603453,cellular,aug
40391,0,0.01114734,cellular,aug
40392,1,0.62603453,cellular,aug
40393,1,0.01661486,cellular,aug
40394,0,0.01582327,cellular,aug
40395,1,0.01562196,cellular,aug
40396,1,0.62603453,cellular,aug
40397,0,0.00359623,cellular,aug
40398,0,0.00221979,cellular,aug
40399,1,0.62603453,cellular,aug
40400,1,0.01762237,cellular,aug
40401,1,0.62603453,cellular,aug
40402,1,0.01762237,cellular,aug
40403,1,0.01692322,cellular,aug
40404,0,0.01214406,cellular,aug
40405,1,0.01692322,cellular,aug
40406,0,0.01693958,cellular,aug
40407,1,0.016777,cellular,aug
40408,1,0.00221979,cellular,aug
40409,0,0.01651191,cellular,aug
40410,0,0.01666933,cellular,aug
40411,1,0.0172001,cellular,aug
40412,1,0.0167121,cellular,aug
40413,0,0.62603453,cellular,aug
40414,1,0.62603453,cellular,aug
40415,0,0.01582353,cellular,aug
40416,0,0.01654288,telephone,aug
40417,1,0.62603453,cellular,aug
40418,1,0.62603453,cellular,aug
40419,1,0.62603453,cellular,aug
40420,1,0.62603453,cellular,aug
40421,1,0.62603453,cellular,aug
40422,1,0.62603453,cellular,aug
40423,0,0.01139874,cellular,aug
40424,1,0.62603453,cellular,aug
40425,1,0.01744559,cellular,aug
40426,0,0.62603453,cellular,aug
40427,1,0.00370967,cellular,aug
40428,1,0.01519684,telephone,aug
40429,1,0.01600077,telephone,aug
40430,0,0.01608657,telephone,aug
40431,0,0.01613713,cellular,aug
40432,0,0.00221979,telephone,aug
40433,0,0.01168607,cellular,aug
40434,0,0.00344204,telephone,aug
40435,0,0.62603453,cellular,aug
40436,1,0.62603453,cellular,aug
40437,0,0.00221979,cellular,aug
40438,0,0.01551363,telephone,aug
40439,0,0.62603453,telephone,aug
40440,1,0.62603453,cellular,aug
40441,1,0.01641964,cellular,aug
40442,1,0.62603453,telephone,aug
40443,1,0.62603453,cellular,aug
40444,1,0.01611905,telephone,aug
40445,0,0.01545437,telephone,aug
40446,0,0.0111427,cellular,aug
40447,1,0.01659342,cellular,aug
40448,0,0.62603453,cellular,aug
40449,1,0.01676189,cellular,aug
40450,1,0.01143893,cellular,aug
40451,1,0.62603453,cellular,aug
40452,0,0.01216651,cellular,aug
40453,1,0.62603453,cellular,aug
40454,0,0.0169962,cellular,aug
40455,1,0.62603453,cellular,aug
40456,0,0.01714655,cellular,aug
40457,0,0.62603453,telephone,aug
40458,1,0.01699314,cellular,aug
40459,1,0.62603453,cellular,aug
40460,0,0.0165167,telephone,aug
40461,1,0.01164369,cellular,aug
40462,1,0.62603453,cellular,aug
40463,0,0.01690377,cellular,aug
40464,1,0.01684116,cellular,aug
40465,0,0.01666591,telephone,aug
40466,1,0.62603453,telephone,aug
40467,1,0.62603453,cellular,aug
40468,1,0.62603453,cellular,aug
40469,0,0.00321596,cellular,aug
40470,1,0.62603453,cellular,aug
40471,1,0.62603453,cellular,aug
40472,0,0.01698297,cellular,aug
40473,1,0.62603453,cellular,aug
40474,1,0.62603453,cellular,aug
40475,0,0.0035494,cellular,aug
40476,1,0.62603453,telephone,aug
40477,1,0.62603453,cellular,aug
40478,0,0.00341725,cellular,aug
40479,1,0.62603453,cellular,aug
40480,0,0.01088093,cellular,aug
40481,1,0.62603453,cellular,aug
40482,1,0.01611835,cellular,aug
40483,1,0.01678548,cellular,aug
40484,1,0.01634279,cellular,aug
40485,1,0.62603453,cellular,aug
40486,1,0.62603453,cellular,aug
40487,0,0.01612098,cellular,aug
40488,1,0.62603453,cellular,aug
40489,0,0.0115007,cellular,aug
40490,0,0.62603453,telephone,aug
40491,1,0.62603453,telephone,aug
40492,0,0.0157263,cellular,aug
40493,1,0.62603453,cellular,aug
40494,1,0.01726571,telephone,aug
40495,1,0.01667671,cellular,aug
40496,1,0.62603453,cellular,aug
40497,1,0.01627631,cellular,aug
40498,0,0.01682324,cellular,aug
40499,1,0.016407,cellular,aug
40500,1,0.62603453,cellular,aug
40501,0,0.01631854,telephone,aug
40502,0,0.01135865,cellular,aug
40503,0,0.01700694,cellular,aug
40504,0,0.01581588,telephone,aug
40505,1,0.62603453,cellular,aug
40506,0,0.01632535,telephone,aug
40507,1,0.0165949,cellular,aug
40508,0,0.62603453,cellular,aug
40509,0,0.01679342,cellular,aug
40510,1,0.01695154,cellular,aug
40511,1,0.62603453,cellular,aug
40512,0,0.01125163,cellular,aug
40513,0,0.01683656,cellular,aug
40514,1,0.01695364,cellular,aug
40515,1,0.62603453,cellular,aug
40516,0,0.01584641,telephone,aug
40517,0,0.01611843,telephone,aug
40518,1,0.62603453,cellular,aug
40519,0,0.00221979,cellular,aug
40520,0,0.01147896,cellular,aug
40521,0,0.62603453,cellular,aug
40522,0,0.0103204,telephone,aug
40523,0,0.01616501,telephone,aug
40524,0,0.01604332,telephone,aug
40525,0,0.01526947,telephone,aug
40526,0,0.01640399,telephone,aug
40527,0,0.01593981,telephone,aug
40528,0,0.0105422,telephone,aug
40529,0,0.01594535,telephone,aug
40530,0,0.00549878,cellular,aug
40531,0,0.01494468,telephone,aug
40532,0,0.01578509,telephone,aug
40533,0,0.01719083,telephone,aug
40534,0,0.0172902,telephone,aug
40535,0,0.62603453,telephone,aug
40536,0,0.01639438,telephone,aug
40537,0,0.01575044,telephone,aug
40538,0,0.01634585,telephone,aug
40539,0,0.01566932,telephone,aug
40540,0,0.01597119,telephone,aug
40541,0,0.01591996,telephone,aug
40542,0,0.01682429,cellular,aug
40543,1,0.01685912,cellular,aug
40544,1,0.01676278,cellular,aug
40545,1,0.01629768,cellular,aug
40546,0,0.01141526,cellular,aug
40547,1,0.01104757,cellular,aug
40548,1,0.00356794,cellular,aug
40549,1,0.01146562,cellular,aug
40550,0,0.0156102,telephone,aug
40551,0,0.0166308,cellular,aug
40552,0,0.01593978,telephone,aug
40553,1,0.62603453,cellular,aug
40554,1,0.00460293,cellular,sep
40555,0,0.00310437,cellular,sep
40556,0,0.62603453,cellular,sep
40557,1,0.62603453,cellular,sep
40558,1,0.00452188,cellular,sep
40559,1,0.00310998,cellular,sep
40560,1,0.62603453,cellular,sep
40561,0,0.62603453,cellular,sep
40562,1,0.00301845,cellular,sep
40563,0,0.00462987,cellular,sep
40564,1,0.62603453,cellular,sep
40565,1,0.00456724,cellular,sep
40566,0,0.00221979,cellular,sep
40567,0,0.62603453,telephone,sep
40568,1,0.62603453,cellular,sep
40569,0,0.00437166,telephone,sep
40570,0,0.0046381,cellular,sep
40571,0,0.00470456,cellular,sep
40572,0,0.00221979,cellular,sep
40573,0,0.00442493,telephone,sep
40574,1,0.62603453,cellular,sep
40575,1,0.62603453,cellular,sep
40576,1,0.62603453,cellular,sep
40577,0,0.00457798,cellular,sep
40578,0,0.00221979,telephone,sep
40579,0,0.00446165,telephone,sep
40580,0,0.0043458,telephone,sep
40581,0,0.00425168,telephone,sep
40582,0,0.00430787,telephone,sep
40583,0,0.00442287,telephone,sep
40584,0,0.00305869,cellular,sep
40585,1,0.00301288,cellular,sep
40586,1,0.00453794,cellular,sep
40587,1,0.62603453,cellular,sep
40588,0,0.00221979,cellular,sep
40589,0,0.00221979,telephone,sep
40590,1,0.62603453,cellular,sep
40591,0,0.00303834,cellular,sep
40592,0,0.62603453,cellular,sep
40593,0,0.00221979,cellular,sep
40594,0,0.00457666,cellular,sep
40595,1,0.00458476,cellular,sep
40596,1,0.62603453,cellular,sep
40597,1,0.62603453,cellular,sep
40598,0,0.00282581,cellular,sep
40599,1,0.62603453,cellular,sep
40600,0,0.00456299,cellular,sep
40601,0,0.00221979,cellular,sep
40602,1,0.62603453,cellular,sep
40603,0,0.62603453,cellular,sep
40604,0,0.00439563,cellular,sep
40605,1,0.62603453,cellular,sep
40606,0,0.62603453,cellular,sep
40607,0,0.00456703,cellular,sep
40608,0,0.62603453,cellular,sep
40609,0,0.00221979,telephone,sep
40610,0,0.00221979,cellular,sep
40611,1,0.62603453,cellular,sep
40612,0,0.0025424,telephone,sep
40613,1,0.00221979,cellular,sep
40614,0,0.62603453,cellular,sep
40615,0,0.00460073,telephone,sep
40616,0,0.00299131,cellular,sep
40617,1,0.00221979,cellular,sep
40618,1,0.00452906,cellular,sep
40619,0,0.00430617,telephone,sep
40620,1,0.62603453,cellular,sep
40621,0,0.00221979,cellular,sep
40622,0,0.0044725,cellular,sep
40623,0,0.00302054,cellular,sep
40624,0,0.00290634,telephone,sep
40625,0,0.00221979,cellular,sep
40626,0,0.00413447,telephone,sep
40627,1,0.00221979,cellular,sep
40628,1,0.62603453,cellular,sep
40629,1,0.0045128,cellular,sep
40630,0,0.00438416,telephone,sep
40631,0,0.00451737,cellular,sep
40632,0,0.00411182,cellular,sep
40633,0,0.00438614,telephone,sep
40634,0,0.62603453,cellular,sep
40635,0,0.00221979,cellular,sep
40636,0,0.0044736,cellular,sep
40637,0,0.00443934,cellular,sep
40638,0,0.00302416,cellular,sep
40639,1,0.62603453,cellular,sep
40640,1,0.00445,cellular,sep
40641,0,0.00430635,telephone,sep
40642,0,0.00221979,cellular,sep
40643,1,0.62603453,cellular,sep
40644,1,0.62603453,cellular,sep
40645,1,0.62603453,cellular,sep
40646,1,0.62603453,cellular,sep
40647,0,0.00308605,cellular,sep
40648,0,0.00312058,cellular,sep
40649,1,0.00460652,cellular,sep
40650,0,0.00458545,cellular,sep
40651,0,0.00438517,cellular,sep
40652,1,0.00448973,cellular,sep
40653,1,0.62603453,cellular,sep
40654,1,0.62603453,cellular,sep
40655,0,0.62603453,cellular,sep
40656,0,0.00312749,cellular,sep
40657,1,0.62603453,cellular,sep
40658,0,0.00221979,cellular,sep
40659,0,0.00293614,cellular,sep
40660,1,0.00454239,cellular,sep
40661,1,0.00448736,cellular,sep
40662,1,0.62603453,cellular,sep
40663,0,0.00454158,telephone,sep
40664,1,0.62603453,cellular,sep
40665,1,0.62603453,telephone,sep
40666,1,0.00445233,cellular,sep
40667,0,0.00448424,telephone,sep
40668,0,0.00421853,telephone,sep
40669,1,0.62603453,cellular,sep
40670,0,0.0044305,cellular,sep
40671,1,0.62603453,cellular,sep
40672,1,0.62603453,cellular,sep
40673,1,0.62603453,telephone,sep
40674,1,0.00422592,cellular,sep
40675,1,0.62603453,cellular,sep
40676,1,0.62603453,cellular,sep
40677,1,0.00443471,cellular,sep
40678,1,0.00447639,cellular,sep
40679,0,0.00434095,cellular,sep
40680,1,0.62603453,cellular,sep
40681,0,0.00453788,cellular,sep
40682,0,0.00434722,cellular,sep
40683,1,0.00307846,cellular,sep
40684,1,0.62603453,cellular,sep
40685,1,0.62603453,cellular,sep
40686,1,0.62603453,cellular,sep
40687,1,0.62603453,cellular,sep
40688,0,0.62603453,telephone,sep
40689,1,0.00221979,cellular,sep
40690,0,0.62603453,cellular,sep
40691,1,0.62603453,telephone,sep
40692,1,0.62603453,cellular,sep
40693,1,0.00459855,cellular,sep
40694,0,0.00441401,telephone,sep
40695,0,0.0044723,telephone,sep
40696,0,0.0044986,cellular,sep
40697,0,0.00460923,cellular,sep
40698,0,0.62603453,cellular,sep
40699,0,0.62603453,cellular,sep
40700,1,0.62603453,cellular,sep
40701,0,0.00324244,cellular,sep
40702,1,0.00221979,cellular,sep
40703,0,0.62603453,cellular,sep
40704,1,0.00449479,cellular,sep
40705,0,0.00288763,telephone,sep
40706,0,0.00433579,telephone,sep
40707,0,0.00436148,telephone,sep
40708,0,0.00437631,telephone,sep
40709,0,0.0039568,telephone,sep
40710,1,0.62603453,cellular,sep
40711,0,0.00221979,cellular,sep
40712,0,0.00456839,telephone,sep
40713,0,0.00444149,telephone,sep
40714,0,0.62603453,cellular,sep
40715,1,0.62603453,cellular,sep
40716,1,0.0045169,cellular,sep
40717,1,0.62603453,telephone,sep
40718,1,0.00306362,cellular,sep
40719,1,0.62603453,cellular,sep
40720,0,0.00286333,telephone,sep
40721,1,0.00299836,cellular,sep
40722,1,0.62603453,cellular,sep
40723,1,0.00454843,cellular,sep
40724,1,0.62603453,cellular,sep
40725,0,0.00439737,cellular,sep
40726,1,0.62603453,telephone,sep
40727,0,0.62603453,cellular,sep
40728,1,0.0044022,cellular,sep
40729,1,0.62603453,cellular,sep
40730,1,0.00446484,cellular,sep
40731,1,0.00457843,cellular,sep
40732,1,0.62603453,cellular,sep
40733,1,0.62603453,cellular,sep
40734,0,0.00295524,telephone,sep
40735,1,0.62603453,cellular,sep
40736,1,0.62603453,cellular,sep
40737,1,0.00447874,cellular,sep
40738,0,0.00432176,telephone,sep
40739,1,0.62603453,telephone,sep
40740,0,0.00307269,cellular,sep
40741,1,0.00454545,cellular,sep
40742,1,0.62603453,cellular,sep
40743,0,0.00457043,cellular,sep
40744,0,0.00437629,telephone,sep
40745,1,0.62603453,cellular,sep
40746,0,0.62603453,telephone,sep
40747,1,0.00447242,cellular,sep
40748,1,0.62603453,cellular,sep
40749,1,0.00300093,cellular,sep
40750,1,0.00481626,cellular,sep
40751,0,0.00295938,cellular,sep
40752,1,0.00450103,cellular,sep
40753,1,0.00451505,cellular,sep
40754,1,0.00313851,cellular,sep
40755,1,0.00311268,cellular,sep
40756,1,0.00440848,cellular,sep
40757,1,0.00440502,cellular,sep
40758,0,0.00449166,cellular,sep
40759,1,0.62603453,cellular,sep
40760,1,0.62603453,cellular,sep
40761,0,0.00451367,cellular,sep
40762,0,0.00452696,cellular,sep
40763,1,0.00480519,cellular,sep
40764,1,0.0045728,cellular,sep
40765,1,0.00422238,cellular,sep
40766,0,0.00460142,cellular,sep
40767,1,0.62603453,cellular,sep
40768,1,0.00311554,cellular,sep
40769,1,0.00460791,cellular,sep
40770,1,0.62603453,cellular,sep
40771,1,0.00305022,cellular,sep
40772,1,0.00313669,cellular,sep
40773,0,0.00308929,cellular,sep
40774,1,0.00438155,telephone,sep
40775,1,0.62603453,cellular,sep
40776,1,0.00457696,telephone,sep
40777,0,0.00392927,telephone,sep
40778,0,0.00406432,telephone,sep
40779,0,0.00431147,telephone,sep
40780,1,0.62603453,cellular,sep
40781,1,0.62603453,cellular,sep
40782,1,0.00461747,cellular,sep
40783,1,0.00221979,cellular,sep
40784,1,0.00449729,cellular,sep
40785,1,0.62603453,cellular,sep
40786,1,0.62603453,cellular,sep
40787,1,0.62603453,cellular,sep
40788,1,0.00442041,telephone,sep
40789,0,0.00221979,cellular,sep
40790,0,0.00310008,cellular,sep
40791,0,0.00301757,cellular,sep
40792,0,0.62603453,cellular,sep
40793,1,0.00427216,cellular,sep
40794,0,0.00448294,cellular,sep
40795,0,0.62603453,cellular,sep
40796,0,0.00457471,cellular,sep
40797,0,0.00221979,cellular,sep
40798,1,0.62603453,cellular,sep
40799,1,0.00449194,cellular,sep
40800,1,0.62603453,cellular,sep
40801,0,0.00320508,cellular,sep
40802,1,0.00444541,cellular,sep
40803,0,0.00437247,cellular,sep
40804,1,0.62603453,cellular,sep
40805,0,0.00221979,cellular,sep
40806,1,0.00452033,cellular,sep
40807,0,0.00221979,cellular,sep
40808,0,0.00221979,cellular,sep
40809,0,0.00442689,cellular,sep
40810,0,0.00434777,telephone,sep
40811,0,0.00221979,cellular,sep
40812,0,0.00473107,cellular,sep
40813,0,0.00446297,cellular,sep
40814,1,0.62603453,cellular,sep
40815,0,0.00454654,cellular,sep
40816,0,0.0031357,cellular,sep
40817,1,0.62603453,cellular,sep
40818,0,0.00452626,cellular,sep
40819,0,0.00221979,cellular,sep
40820,1,0.62603453,cellular,sep
40821,1,0.00299169,cellular,sep
40822,0,0.00221979,cellular,sep
40823,1,0.62603453,cellular,sep
40824,1,0.00449936,cellular,sep
40825,1,0.0047603,cellular,sep
40826,0,0.00293869,telephone,sep
40827,0,0.00427659,telephone,sep
40828,0,0.00437057,telephone,sep
40829,1,0.62603453,cellular,sep
40830,0,0.00414327,telephone,sep
40831,1,0.00449523,cellular,sep
40832,0,0.00450597,cellular,sep
40833,0,0.62603453,cellular,sep
40834,0,0.00451768,cellular,sep
40835,0,0.00304597,cellular,sep
40836,0,0.00453897,telephone,sep
40837,0,0.62603453,cellular,sep
40838,0,0.62603453,cellular,sep
40839,1,0.00446322,cellular,sep
40840,1,0.00428866,cellular,sep
40841,0,0.00451768,cellular,sep
40842,0,0.00439579,telephone,sep
40843,0,0.00221979,cellular,sep
40844,0,0.00459675,telephone,sep
40845,1,0.62603453,cellular,sep
40846,1,0.62603453,cellular,sep
40847,0,0.00474848,telephone,sep
40848,0,0.00295333,telephone,sep
40849,0,0.00313737,cellular,sep
40850,0,0.62603453,cellular,sep
40851,0,0.00491454,cellular,sep
40852,1,0.62603453,cellular,sep
40853,1,0.0046334,cellular,sep
40854,0,0.00308459,cellular,sep
40855,1,0.62603453,cellular,sep
40856,1,0.62603453,cellular,sep
40857,0,0.0053721,cellular,oct
40858,0,0.62603453,cellular,oct
40859,0,0.00515145,cellular,oct
40860,0,0.00221979,cellular,oct
40861,0,0.00221979,cellular,oct
40862,0,0.00536504,cellular,oct
40863,0,0.00221979,cellular,oct
40864,0,0.00522855,telephone,oct
40865,0,0.00508411,telephone,oct
40866,0,0.00509497,telephone,oct
40867,1,0.62603453,cellular,oct
40868,1,0.00543462,cellular,oct
40869,1,0.00560531,cellular,oct
40870,1,0.00563876,cellular,oct
40871,1,0.62603453,cellular,oct
40872,0,0.00560725,cellular,oct
40873,1,0.00546372,cellular,oct
40874,0,0.00529799,telephone,oct
40875,1,0.62603453,cellular,oct
40876,1,0.62603453,cellular,oct
40877,0,0.00221979,telephone,oct
40878,1,0.00558053,cellular,oct
40879,0,0.62603453,cellular,oct
40880,0,0.00221979,cellular,oct
40881,1,0.0056428,cellular,oct
40882,0,0.00531414,cellular,oct
40883,0,0.00554959,cellular,oct
40884,0,0.00512662,telephone,oct
40885,1,0.62603453,cellular,oct
40886,0,0.62603453,cellular,oct
40887,0,0.62603453,cellular,oct
40888,0,0.00540901,telephone,oct
40889,0,0.00538652,cellular,oct
40890,1,0.00523841,telephone,oct
40891,0,0.00368776,cellular,oct
40892,1,0.62603453,cellular,oct
40893,1,0.0037102,cellular,oct
40894,0,0.62603453,cellular,oct
40895,0,0.00513072,cellular,oct
40896,0,0.62603453,cellular,oct
40897,0,0.00395937,cellular,oct
40898,0,0.00221979,cellular,oct
40899,1,0.62603453,cellular,oct
40900,0,0.00221979,cellular,oct
40901,1,0.00356789,telephone,oct
40902,1,0.62603453,cellular,oct
40903,0,0.00385808,cellular,oct
40904,1,0.00555926,cellular,oct
40905,0,0.62603453,telephone,oct
40906,0,0.0054338,cellular,oct
40907,0,0.00221979,cellular,oct
40908,1,0.62603453,cellular,oct
40909,0,0.00221979,cellular,oct
40910,1,0.00560964,cellular,oct
40911,0,0.62603453,cellular,oct
40912,0,0.00562802,cellular,oct
40913,1,0.62603453,cellular,oct
40914,1,0.62603453,cellular,oct
40915,0,0.62603453,cellular,oct
40916,0,0.0053415,telephone,oct
40917,0,0.0038072,cellular,oct
40918,0,0.00221979,cellular,oct
40919,0,0.62603453,telephone,oct
40920,0,0.00532589,telephone,oct
40921,1,0.00221979,cellular,oct
40922,0,0.00550178,cellular,oct
40923,0,0.00539231,cellular,oct
40924,0,0.00221979,cellular,oct
40925,0,0.00535263,telephone,oct
40926,0,0.00361489,telephone,oct
40927,0,0.00542244,telephone,oct
40928,1,0.62603453,cellular,oct
40929,1,0.00598911,cellular,oct
40930,1,0.62603453,cellular,oct
40931,0,0.0059887,cellular,oct
40932,0,0.62603453,cellular,oct
40933,1,0.00221979,cellular,oct
40934,1,0.00555088,cellular,oct
40935,0,0.00569001,cellular,oct
40936,0,0.00384259,telephone,oct
40937,0,0.62603453,cellular,oct
40938,1,0.00384844,cellular,oct
40939,0,0.00221979,cellular,oct
40940,0,0.00571614,telephone,oct
40941,1,0.62603453,cellular,oct
40942,1,0.62603453,cellular,oct
40943,1,0.62603453,cellular,oct
40944,1,0.62603453,cellular,oct
40945,0,0.00363097,telephone,oct
40946,1,0.62603453,cellular,oct
40947,0,0.00379087,cellular,oct
40948,0,0.00552373,cellular,oct
40949,0,0.00571257,cellular,oct
40950,0,0.00556364,cellular,oct
40951,0,0.62603453,cellular,oct
40952,1,0.62603453,cellular,oct
40953,1,0.00549653,cellular,oct
40954,0,0.00541728,cellular,oct
40955,1,0.62603453,cellular,oct
40956,1,0.00544424,cellular,oct
40957,0,0.62603453,cellular,oct
40958,1,0.62603453,telephone,oct
40959,0,0.62603453,cellular,oct
40960,0,0.00561344,cellular,oct
40961,1,0.00561344,cellular,oct
40962,0,0.00377012,cellular,oct
40963,0,0.00563689,cellular,oct
40964,0,0.00373055,cellular,oct
40965,0,0.00374881,cellular,oct
40966,0,0.00370281,cellular,oct
40967,0,0.62603453,cellular,oct
40968,0,0.00569768,telephone,oct
40969,1,0.62603453,cellular,oct
40970,0,0.00547464,cellular,oct
40971,1,0.62603453,cellular,oct
40972,0,0.00221979,cellular,oct
40973,0,0.0057681,telephone,oct
40974,1,0.62603453,cellular,oct
40975,0,0.00381835,cellular,oct
40976,1,0.00374469,cellular,oct
40977,1,0.62603453,cellular,oct
40978,1,0.62603453,cellular,oct
40979,1,0.00558753,cellular,oct
40980,0,0.00531964,cellular,oct
40981,1,0.00572135,cellular,oct
40982,1,0.0056271,cellular,oct
40983,0,0.00554235,cellular,oct
40984,0,0.62603453,cellular,oct
40985,0,0.0056329,cellular,oct
40986,1,0.00568574,cellular,oct
40987,0,0.62603453,cellular,oct
40988,0,0.00571277,cellular,oct
40989,0,0.00377268,cellular,oct
40990,0,0.00221979,cellular,oct
40991,1,0.62603453,cellular,oct
40992,0,0.0037879,cellular,oct
40993,1,0.00567063,cellular,oct
40994,1,0.62603453,telephone,oct
40995,1,0.62603453,cellular,oct
40996,0,0.00390498,cellular,oct
40997,1,0.00221979,cellular,oct
40998,0,0.00594244,telephone,oct
40999,0,0.00560437,telephone,oct
41000,0,0.00221979,telephone,oct
41001,1,0.00221979,cellular,oct
41002,0,0.00221979,cellular,oct
41003,0,0.00221979,cellular,oct
41004,1,0.62603453,cellular,oct
41005,1,0.00391961,cellular,oct
41006,0,0.62603453,cellular,oct
41007,1,0.62603453,cellular,oct
41008,1,0.62603453,cellular,oct
41009,0,0.00624653,cellular,oct
41010,1,0.62603453,cellular,oct
41011,1,0.62603453,cellular,oct
41012,1,0.62603453,cellular,oct
41013,0,0.62603453,cellular,oct
41014,1,0.62603453,telephone,oct
41015,1,0.00547025,cellular,oct
41016,0,0.00371206,cellular,oct
41017,1,0.62603453,cellular,oct
41018,1,0.62603453,cellular,oct
41019,1,0.62603453,cellular,oct
41020,1,0.00627748,cellular,oct
41021,1,0.62603453,cellular,oct
41022,0,0.00586259,cellular,oct
41023,1,0.62603453,cellular,oct
41024,0,0.00582767,telephone,oct
41025,0,0.62603453,cellular,oct
41026,1,0.00633487,cellular,oct
41027,1,0.62603453,cellular,oct
41028,1,0.62603453,cellular,oct
41029,0,0.62603453,cellular,oct
41030,0,0.62603453,cellular,oct
41031,1,0.62603453,cellular,oct
41032,0,0.62603453,cellular,oct
41033,1,0.62603453,cellular,oct
41034,1,0.62603453,cellular,oct
41035,1,0.62603453,cellular,oct
41036,1,0.62603453,cellular,oct
41037,0,0.62603453,telephone,oct
41038,0,0.62603453,cellular,oct
41039,1,0.00425001,cellular,oct
41040,1,0.00578578,cellular,oct
41041,1,0.62603453,cellular,oct
41042,0,0.00587868,cellular,oct
41043,1,0.62603453,cellular,oct
41044,0,0.00559741,telephone,oct
41045,1,0.62603453,cellular,oct
41046,0,0.62603453,cellular,oct
41047,1,0.00394056,cellular,oct
41048,1,0.62603453,cellular,oct
41049,0,0.00605637,telephone,oct
41050,1,0.00639039,cellular,oct
41051,1,0.00608097,cellular,oct
41052,0,0.00615854,cellular,oct
41053,1,0.00590975,cellular,oct
41054,0,0.62603453,cellular,oct
41055,1,0.00640913,cellular,oct
41056,1,0.00413443,cellular,oct
41057,0,0.00408019,cellular,oct
41058,1,0.62603453,cellular,oct
41059,1,0.62603453,cellular,oct
41060,0,0.00568064,telephone,oct
41061,0,0.00284201,telephone,nov
41062,1,0.00441243,cellular,nov
41063,0,0.00293143,cellular,nov
41064,1,0.62603453,cellular,nov
41065,0,0.62603453,cellular,nov
41066,1,0.62603453,telephone,nov
41067,0,0.00221979,cellular,nov
41068,0,0.0029758,cellular,nov
41069,0,0.62603453,telephone,nov
41070,0,0.62603453,cellular,nov
41071,0,0.0029675,cellular,nov
41072,0,0.00442158,cellular,nov
41073,0,0.00466676,cellular,nov
41074,0,0.00295238,cellular,nov
41075,0,0.00221979,cellular,nov
41076,0,0.00442593,cellular,nov
41077,1,0.0042417,cellular,nov
41078,1,0.62603453,cellular,nov
41079,1,0.62603453,cellular,nov
41080,0,0.62603453,cellular,nov
41081,0,0.00469615,cellular,nov
41082,0,0.62603453,cellular,nov
41083,0,0.00221979,telephone,nov
41084,1,0.62603453,cellular,nov
41085,0,0.00221979,cellular,nov
41086,1,0.62603453,cellular,nov
41087,0,0.62603453,cellular,nov
41088,0,0.00443915,cellular,nov
41089,1,0.62603453,telephone,nov
41090,1,0.62603453,telephone,nov
41091,0,0.62603453,cellular,nov
41092,0,0.00453241,cellular,nov
41093,1,0.62603453,cellular,nov
41094,0,0.00298345,cellular,nov
41095,0,0.00326285,cellular,nov
41096,0,0.00439196,telephone,nov
41097,0,0.00221979,cellular,nov
41098,0,0.62603453,cellular,nov
41099,1,0.62603453,cellular,nov
41100,1,0.62603453,cellular,nov
41101,1,0.62603453,cellular,nov
41102,1,0.62603453,cellular,nov
41103,0,0.00221979,cellular,nov
41104,0,0.00221979,cellular,nov
41105,0,0.00221979,cellular,nov
41106,0,0.62603453,cellular,nov
41107,0,0.00221979,cellular,nov
41108,0,0.00301217,cellular,nov
41109,0,0.62603453,cellular,nov
41110,0,0.62603453,cellular,nov
41111,1,0.62603453,cellular,nov
41112,0,0.0029849,cellular,nov
41113,0,0.00221979,cellular,nov
41114,1,0.62603453,cellular,nov
41115,1,0.62603453,cellular,nov
41116,1,0.00278239,cellular,nov
41117,1,0.00445545,cellular,nov
41118,1,0.62603453,cellular,nov
41119,0,0.00221979,cellular,nov
41120,1,0.00444613,cellular,nov
41121,0,0.00429349,cellular,nov
41122,0,0.00300724,cellular,nov
41123,1,0.00433231,cellular,nov
41124,1,0.00444872,cellular,nov
41125,1,0.62603453,cellular,nov
41126,1,0.0044031,cellular,nov
41127,1,0.62603453,cellular,nov
41128,1,0.00439537,cellular,nov
41129,1,0.00453191,cellular,nov
41130,0,0.00420961,telephone,nov
41131,1,0.00441895,cellular,nov
41132,0,0.00431366,cellular,nov
41133,1,0.62603453,cellular,nov
41134,0,0.62603453,cellular,nov
41135,1,0.0046577,cellular,nov
41136,0,0.00284103,cellular,nov
41137,0,0.62603453,telephone,nov
41138,0,0.00295411,cellular,nov
41139,1,0.00422715,cellular,nov
41140,0,0.00444171,cellular,nov
41141,1,0.00445397,cellular,nov
41142,1,0.00438929,cellular,nov
41143,1,0.00221979,cellular,nov
41144,0,0.62603453,cellular,nov
41145,0,0.00221979,cellular,nov
41146,1,0.00452708,cellular,nov
41147,1,0.00436836,cellular,nov
41148,1,0.62603453,cellular,nov
41149,1,0.00441179,cellular,nov
41150,0,0.00442993,cellular,nov
41151,0,0.00292597,cellular,nov
41152,1,0.62603453,cellular,nov
41153,0,0.00435411,cellular,nov
41154,1,0.62603453,cellular,nov
41155,0,0.00425879,cellular,nov
41156,0,0.00396034,telephone,nov
41157,1,0.00425879,cellular,nov
41158,0,0.00418566,cellular,nov
41159,1,0.00420361,cellular,nov
41160,1,0.62603453,cellular,nov
41161,1,0.0043686,cellular,nov
41162,0,0.00295298,cellular,nov
41163,0,0.62603453,cellular,nov
41164,1,0.62603453,cellular,nov
41165,1,0.62603453,cellular,nov
41166,1,0.00418781,cellular,nov
41167,1,0.00287158,telephone,nov
41168,0,0.00442913,cellular,nov
41169,0,0.00446908,cellular,nov
41170,0,0.00424455,cellular,nov
41171,0,0.00221979,cellular,nov
41172,1,0.0042943,telephone,nov
41173,1,0.00437327,cellular,nov
41174,1,0.00221979,cellular,nov
41175,1,0.62603453,cellular,nov
41176,0,0.00221979,cellular,nov
41177,0,0.00405346,cellular,nov
41178,0,0.00410908,cellular,nov
41179,1,0.62603453,cellular,nov
41180,0,0.0043259,cellular,nov
41181,0,0.00438033,cellular,nov
41182,1,0.00433486,cellular,nov
41183,0,0.62603453,cellular,nov
41184,1,0.00431913,cellular,nov
41185,0,0.00424137,cellular,nov
41186,0,0.004412,cellular,nov
41187,1,0.00423959,cellular,nov
41188,0,0.00294688,cellular,nov
