geoid,latitude,longitude,population,population_source_code,population_moe,population_moe_source_code,poverty_population,poverty_population_source_code,poverty_count,poverty_count_source_code,poverty_count_moe,poverty_count_moe_source_code,median_household_income,median_household_income_source_code,median_income_moe,median_income_moe_source_code,workers,workers_source_code,public_transit_workers,public_transit_workers_source_code,median_gross_rent,median_gross_rent_source_code,median_rent_moe,median_rent_moe_source_code
25001010100,42.0598291,-70.2004073,3681,,23.0,,3638,,434,,289.0,,104500.0,,44329.0,,2054,,35,,1306.0,,212.0,
25001010206,41.9226356,-70.0153685,4371,,288.0,,4340,,278,,140.0,,114074.0,,24555.0,,2000,,19,,1200.0,,559.0,
25001010208,42.0135566,-70.0641514,1675,,287.0,,1675,,99,,112.0,,94637.0,,61388.0,,777,,0,,,-666666666,,-222222222
25001010304,41.825108,-69.9762027,2745,,314.0,,2745,,206,,119.0,,70779.0,,16503.0,,1114,,0,,,-666666666,,-222222222
25001010306,41.8593758,-69.9826347,3027,,316.0,,3027,,322,,199.0,,75777.0,,12860.0,,1222,,34,,1709.0,,92.0,
25001010400,41.7541457,-69.9861243,3335,,419.0,,3302,,479,,286.0,,82382.0,,23271.0,,1347,,8,,1202.0,,568.0,
25001010500,41.7662035,-69.941451,3007,,418.0,,3007,,200,,146.0,,113313.0,,28693.0,,1257,,0,,967.0,,956.0,
25001010600,41.6995108,-69.9561701,3380,,313.0,,3215,,243,,132.0,,80298.0,,6500.0,,1295,,0,,982.0,,495.0,
25001010700,41.6185172,-69.9812765,3263,,316.0,,3251,,345,,199.0,,112976.0,,32355.0,,1341,,71,,1629.0,,459.0,
25001010800,41.7434889,-70.1009106,4857,,482.0,,4808,,439,,258.0,,98043.0,,12908.0,,2017,,65,,1556.0,,286.0,
25001010900,41.7460505,-70.0354744,5510,,483.0,,5364,,656,,628.0,,91318.0,,29331.0,,2313,,14,,996.0,,804.0,
25001011002,41.6936245,-70.1052885,4370,,455.0,,4250,,306,,122.0,,93924.0,,16614.0,,1913,,0,,3501.0,,,-333333333
25001011100,41.7115325,-70.039728,5324,,502.0,,5282,,78,,50.0,,94694.0,,23789.0,,2898,,10,,1656.0,,687.0,
25001011200,41.6794471,-70.0549755,3812,,399.0,,3732,,211,,86.0,,77250.0,,12191.0,,1773,,11,,1684.0,,374.0,
25001011300,41.7302454,-70.1973919,2619,,544.0,,2619,,25,,22.0,,118810.0,,19444.0,,1110,,0,,1606.0,,361.0,
25001011400,41.7329758,-70.1527866,3497,,474.0,,3497,,234,,105.0,,92813.0,,24470.0,,1488,,0,,734.0,,89.0,
25001011500,41.696955,-70.1544713,4100,,467.0,,4032,,396,,254.0,,92527.0,,11871.0,,2321,,0,,1762.0,,701.0,
25001011600,41.6637873,-70.1363983,2677,,427.0,,2677,,380,,183.0,,56905.0,,11614.0,,1291,,15,,1286.0,,438.0,
25001011700,41.6639738,-70.168084,1910,,286.0,,1910,,112,,65.0,,91635.0,,26509.0,,787,,0,,1730.0,,108.0,
25001011801,41.7147036,-70.237039,2415,,356.0,,2415,,75,,52.0,,121250.0,,18190.0,,926,,11,,1600.0,,544.0,
25001011802,41.6945287,-70.2128176,4601,,470.0,,4593,,283,,232.0,,102256.0,,19346.0,,2383,,7,,1724.0,,206.0,
25001012001,41.682367,-70.1930295,6386,,696.0,,6183,,558,,535.0,,78085.0,,10976.0,,3017,,37,,1836.0,,178.0,
25001012002,41.6543614,-70.2047476,2720,,415.0,,2709,,367,,178.0,,76161.0,,12458.0,,1284,,68,,1097.0,,283.0,
25001012101,41.6676372,-70.2359515,5707,,583.0,,5569,,335,,206.0,,85595.0,,10291.0,,2631,,38,,1433.0,,360.0,
25001012102,41.6289275,-70.2518265,3262,,504.0,,3189,,287,,189.0,,56489.0,,6199.0,,1251,,36,,1586.0,,415.0,
25001012200,41.7027836,-70.3170066,5312,,995.0,,5270,,2,,8.0,,114710.0,,13657.0,,2621,,60,,2186.0,,564.0,
25001012502,41.6392454,-70.2929762,3486,,604.0,,3486,,386,,340.0,,61655.0,,21710.0,,1716,,38,,1659.0,,101.0,
25001012601,41.6624989,-70.3180404,3108,,681.0,,3043,,341,,238.0,,66080.0,,20508.0,,1387,,94,,1824.0,,146.0,
25001012602,41.6561004,-70.2993941,5112,,996.0,,5112,,571,,369.0,,67481.0,,13084.0,,3098,,65,,1464.0,,375.0,
25001012700,41.6439568,-70.342159,5089,,745.0,,5040,,129,,96.0,,123352.0,,31482.0,,2770,,17,,2169.0,,474.0,
25001012800,41.6697854,-70.3495154,4170,,713.0,,4064,,275,,241.0,,126838.0,,20257.0,,2095,,23,,1836.0,,387.0,
25001012900,41.6665236,-70.3680853,4571,,595.0,,4571,,315,,224.0,,108922.0,,22071.0,,2404,,7,,2262.0,,85.0,
25001013002,41.6279841,-70.3920127,2970,,474.0,,2970,,158,,118.0,,114219.0,,32210.0,,1448,,19,,1801.0,,675.0,
25001013100,41.680438,-70.4223405,5951,,711.0,,5951,,202,,116.0,,108981.0,,14566.0,,3050,,0,,2161.0,,1134.0,
25001013200,41.6316917,-70.4353237,5288,,815.0,,5288,,260,,175.0,,140197.0,,20841.0,,2797,,49,,2081.0,,378.0,
25001013300,41.7633827,-70.5007474,3151,,363.0,,3039,,195,,110.0,,104464.0,,24439.0,,1294,,9,,1690.0,,186.0,
25001013400,41.742102,-70.4343487,3926,,556.0,,3910,,442,,363.0,,130804.0,,25309.0,,1746,,0,,1453.0,,456.0,
25001013500,41.6967999,-70.4495131,7149,,680.0,,7142,,406,,342.0,,146536.0,,21113.0,,4453,,52,,,-666666666,,-222222222
25001013600,41.7037578,-70.4902898,6193,,530.0,,6105,,254,,173.0,,104625.0,,10680.0,,2983,,60,,1706.0,,242.0,
25001013700,41.764263,-70.5943904,4197,,430.0,,3966,,348,,134.0,,93566.0,,5743.0,,2253,,33,,1213.0,,325.0,
25001013800,41.7836351,-70.5395453,5402,,518.0,,5348,,108,,93.0,,118491.0,,35280.0,,3219,,0,,1507.0,,223.0,
25001013900,41.727041,-70.6050598,5055,,571.0,,5055,,374,,178.0,,88688.0,,17476.0,,2640,,17,,1649.0,,148.0,
25001014002,41.6823007,-70.6160401,4588,,583.0,,4574,,301,,135.0,,97452.0,,16648.0,,2035,,21,,991.0,,529.0,
25001014100,41.707839,-70.5455199,854,,246.0,,742,,6,,8.0,,55000.0,,14742.0,,375,,0,,1830.0,,1637.0,
25001014300,41.6274594,-70.631528,3737,,702.0,,3669,,159,,99.0,,122098.0,,50807.0,,1583,,21,,2409.0,,2122.0,
25001014402,41.6075543,-70.6107028,7382,,789.0,,7368,,542,,265.0,,103333.0,,14217.0,,3694,,52,,1473.0,,249.0,
25001014500,41.5887538,-70.5327315,5954,,594.0,,5954,,292,,245.0,,93929.0,,16623.0,,2991,,25,,1696.0,,892.0,
25001014600,41.5777644,-70.557593,4361,,566.0,,4361,,342,,112.0,,89779.0,,30711.0,,2332,,8,,1864.0,,355.0,
25001014700,41.5622625,-70.573749,4098,,622.0,,4077,,339,,172.0,,85417.0,,14921.0,,1826,,20,,2009.0,,833.0,
25001014800,41.5551393,-70.6057531,3709,,442.0,,3608,,1003,,374.0,,57042.0,,17779.0,,1253,,58,,1101.0,,403.0,
25001014900,41.5458091,-70.6379995,3600,,398.0,,3459,,239,,105.0,,107308.0,,19074.0,,1502,,40,,1216.0,,264.0,
25001015001,41.6563467,-70.4748257,4668,,412.0,,4587,,206,,101.0,,100135.0,,24653.0,,2620,,32,,1383.0,,585.0,
25001015002,41.6361365,-70.5110013,3924,,454.0,,3924,,247,,164.0,,84395.0,,19745.0,,1507,,0,,1549.0,,259.0,
25001015100,41.6104971,-70.4866035,4080,,385.0,,4039,,258,,211.0,,88048.0,,10649.0,,1960,,15,,2120.0,,244.0,
25001015200,41.5710571,-70.4888458,2562,,348.0,,2557,,46,,52.0,,138333.0,,43948.0,,1262,,11,,3489.0,,1079.0,
25001015300,41.6700497,-70.2817969,4175,,594.0,,4175,,815,,352.0,,43868.0,,11404.0,,2315,,42,,1622.0,,97.0,
25001990000,41.7984013,-70.2145676,0,,14.0,,0,,0,,14.0,,,-666666666,,-222222222,0,,0,,,-666666666,,-222222222
25003900100,42.4517005,-73.2529007,3286,,547.0,,3286,,599,,244.0,,31835.0,,7820.0,,1297,,19,,916.0,,47.0,
25003900200,42.4557477,-73.2413519,4267,,723.0,,4262,,875,,512.0,,49219.0,,10521.0,,2204,,100,,1115.0,,56.0,
25003900300,42.4680494,-73.241982,2775,,420.0,,2666,,124,,86.0,,76786.0,,11731.0,,1504,,48,,1660.0,,270.0,
25003900400,42.4791481,-73.2549776,4757,,638.0,,4757,,472,,241.0,,74663.0,,26481.0,,2262,,52,,1110.0,,139.0,
25003900500,42.4607536,-73.303666,3171,,427.0,,2928,,193,,159.0,,109554.0,,27458.0,,1592,,11,,1304.0,,126.0,
25003900600,42.4565288,-73.262306,3544,,514.0,,3528,,1341,,543.0,,50745.0,,15334.0,,1350,,60,,1123.0,,107.0,
25003900700,42.4346711,-73.2936239,2917,,392.0,,2778,,171,,58.0,,89583.0,,8947.0,,1561,,20,,,-666666666,,-222222222
25003900800,42.4184299,-73.2554102,5111,,486.0,,5103,,196,,126.0,,98097.0,,6037.0,,2823,,10,,2647.0,,1897.0,
25003900900,42.4381558,-73.2591484,5318,,611.0,,5264,,1099,,642.0,,70625.0,,16677.0,,2550,,25,,1236.0,,176.0,
25003901100,42.4771527,-73.208318,3607,,331.0,,3466,,374,,135.0,,46947.0,,5634.0,,1617,,30,,1098.0,,234.0,
25003911100,42.5358751,-73.2410907,3033,,16.0,,3033,,174,,113.0,,84419.0,,17659.0,,1613,,10,,1368.0,,233.0,
25003912100,42.4798193,-73.153776,6304,,55.0,,6223,,329,,170.0,,81168.0,,10946.0,,2739,,66,,830.0,,44.0,
25003913100,42.3678582,-73.2697633,5076,,27.0,,4788,,434,,210.0,,97569.0,,47309.0,,2091,,43,,1060.0,,95.0,
25003914100,42.3031741,-73.2339236,5751,,17.0,,5590,,375,,232.0,,74222.0,,11598.0,,2860,,28,,1255.0,,574.0,
25003920101,42.7235381,-73.2135,4627,,282.0,,3369,,294,,143.0,,92969.0,,20907.0,,2286,,17,,1202.0,,329.0,
25003920102,42.6561192,-73.2203731,2836,,283.0,,1850,,287,,132.0,,114167.0,,46794.0,,1175,,0,,1580.0,,800.0,
25003921300,42.6985261,-73.0842998,4992,,576.0,,4221,,815,,287.0,,43373.0,,17304.0,,1959,,0,,786.0,,212.0,
25003921400,42.6755651,-73.118114,1397,,283.0,,1397,,122,,59.0,,50227.0,,8883.0,,591,,0,,882.0,,99.0,
25003921500,42.6905098,-73.1493635,2705,,326.0,,2697,,531,,237.0,,56910.0,,12887.0,,1222,,0,,650.0,,49.0,
25003922100,42.6201974,-73.1242948,2641,,314.0,,2625,,569,,233.0,,47438.0,,10621.0,,981,,8,,888.0,,93.0,
25003922200,42.6356761,-73.1108525,3700,,304.0,,3635,,444,,181.0,,54000.0,,12334.0,,1684,,7,,952.0,,93.0,
25003922300,42.6092397,-73.1362498,1765,,253.0,,1765,,166,,84.0,,69883.0,,7829.0,,822,,0,,1146.0,,206.0,
25003923100,42.5651072,-73.1491424,3234,,15.0,,3234,,307,,152.0,,72028.0,,10250.0,,1476,,80,,1309.0,,467.0,
25003924100,42.3019692,-73.3230236,1885,,303.0,,1851,,214,,103.0,,131667.0,,101240.0,,798,,21,,838.0,,607.0,
25003925101,42.2519149,-73.359916,1613,,294.0,,1580,,47,,44.0,,89637.0,,18058.0,,1062,,0,,1259.0,,732.0,
25003925102,42.2216958,-73.3331753,5571,,296.0,,4768,,212,,124.0,,79625.0,,10239.0,,2814,,33,,1241.0,,294.0,
25003926100,42.1036505,-73.3598875,3328,,16.0,,3328,,281,,143.0,,83889.0,,23190.0,,2096,,53,,1162.0,,93.0,
25003931100,42.7227205,-73.1058185,1723,,217.0,,1723,,43,,26.0,,78421.0,,10627.0,,917,,1,,1145.0,,127.0,
25003931300,42.6277273,-73.0153648,1507,,184.0,,1488,,146,,111.0,,75694.0,,13487.0,,697,,0,,798.0,,739.0,
25003931400,42.4773765,-73.0443842,1650,,182.0,,1650,,76,,25.0,,102896.0,,4758.0,,884,,0,,1375.0,,87.0,
25003932200,42.3249728,-73.1108227,2582,,273.0,,2577,,210,,170.0,,82891.0,,17739.0,,1248,,19,,1488.0,,207.0,
25003932300,42.4358274,-73.1128124,1825,,239.0,,1825,,166,,101.0,,76129.0,,20890.0,,902,,13,,996.0,,380.0,
25003933200,42.2125817,-73.2132361,1489,,205.0,,1489,,80,,64.0,,141786.0,,37150.0,,733,,13,,1196.0,,646.0,
25003933300,42.0983596,-73.2458658,1675,,254.0,,1631,,48,,29.0,,94038.0,,33407.0,,802,,39,,1933.0,,398.0,
25003933400,42.1510917,-73.1132071,2566,,230.0,,2507,,72,,33.0,,101250.0,,8068.0,,1336,,21,,1518.0,,758.0,
25003934200,42.3123539,-73.3880437,1201,,183.0,,1201,,140,,86.0,,99961.0,,10037.0,,645,,10,,1609.0,,274.0,
25003934300,42.1554346,-73.4492624,1812,,288.0,,1812,,102,,93.0,,110385.0,,23146.0,,924,,19,,1289.0,,191.0,
25003935100,42.5040963,-73.3159811,2434,,242.0,,2434,,315,,156.0,,94167.0,,14389.0,,1218,,0,,1150.0,,120.0,
25003935200,42.4487388,-73.2056309,4806,,693.0,,4798,,364,,195.0,,87500.0,,9641.0,,2379,,0,,1394.0,,526.0,
25003935300,42.7053172,-73.1184867,3566,,444.0,,3493,,674,,251.0,,47896.0,,16744.0,,1522,,0,,820.0,,98.0,
25005600100,42.0565564,-71.1034137,4339,,459.0,,4133,,296,,116.0,,89602.0,,13527.0,,2010,,59,,1886.0,,310.0,
25005600202,42.0205643,-71.0713808,4967,,466.0,,4967,,384,,255.0,,102514.0,,8432.0,,3011,,40,,1907.0,,368.0,
25005600203,42.0409008,-71.1364,6318,,594.0,,6318,,269,,294.0,,160809.0,,52924.0,,3367,,120,,1870.0,,1650.0,
25005600204,42.0090839,-71.1350836,4259,,445.0,,4167,,137,,75.0,,148988.0,,19912.0,,2256,,32,,2126.0,,354.0,
25005610100,42.034967,-71.2225718,5501,,868.0,,5501,,171,,117.0,,96188.0,,11723.0,,2992,,80,,1623.0,,220.0,
25005610202,42.0043385,-71.2487197,5647,,936.0,,5638,,218,,129.0,,172273.0,,7989.0,,3188,,210,,2142.0,,404.0,
25005610203,42.0141287,-71.1922446,6618,,714.0,,6594,,94,,62.0,,177587.0,,31868.0,,3826,,221,,1230.0,,642.0,
25005610204,42.0418655,-71.1857677,6089,,643.0,,6080,,665,,393.0,,111406.0,,32925.0,,3186,,195,,1753.0,,137.0,
25005611101,41.9873849,-71.1471841,5336,,528.0,,5320,,222,,123.0,,120250.0,,31707.0,,2598,,85,,2715.0,,229.0,
25005611102,41.9560057,-71.1786674,5052,,433.0,,3418,,257,,99.0,,121667.0,,18804.0,,2432,,25,,1154.0,,449.0,
25005611201,41.93274,-71.2037397,3143,,472.0,,3120,,150,,74.0,,141144.0,,26134.0,,1662,,6,,1787.0,,375.0,
25005611202,41.9776172,-71.2223917,5624,,471.0,,5543,,211,,182.0,,126556.0,,22932.0,,3263,,107,,1758.0,,447.0,
25005612100,41.9516559,-71.0565147,4767,,458.0,,4726,,348,,215.0,,101078.0,,21290.0,,2390,,71,,1372.0,,593.0,
25005612201,41.9404657,-71.0421156,4249,,473.0,,4249,,628,,417.0,,105982.0,,36662.0,,2092,,208,,1738.0,,73.0,
25005612202,41.9114347,-71.0246769,6257,,487.0,,6111,,394,,237.0,,127744.0,,14835.0,,3383,,100,,1642.0,,191.0,
25005613100,41.9533015,-71.123153,7076,,1111.0,,7076,,689,,261.0,,82851.0,,10273.0,,3654,,45,,1324.0,,260.0,
25005613300,41.9146686,-71.1606183,7185,,643.0,,7123,,269,,174.0,,122969.0,,17884.0,,4036,,57,,1619.0,,381.0,
25005613400,41.8878646,-71.1455815,3780,,481.0,,3780,,345,,263.0,,101201.0,,14747.0,,2104,,0,,1068.0,,119.0,
25005613600,41.9106665,-71.0956318,3972,,522.0,,3931,,842,,325.0,,65037.0,,13212.0,,1895,,10,,1113.0,,144.0,
25005613700,41.9085896,-71.0812345,4659,,651.0,,4482,,450,,204.0,,66938.0,,19267.0,,2588,,25,,1496.0,,145.0,
25005613800,41.9023771,-71.0958741,5194,,886.0,,5097,,1208,,330.0,,47143.0,,23102.0,,1904,,0,,989.0,,151.0,
25005613901,41.8975952,-71.1111528,3198,,518.0,,3165,,586,,286.0,,62167.0,,18713.0,,1555,,19,,1172.0,,171.0,
25005613902,41.8727942,-71.1136635,5280,,1057.0,,5157,,735,,542.0,,67390.0,,19642.0,,2524,,15,,1217.0,,568.0,
25005614000,41.8930097,-71.0937386,5034,,654.0,,5031,,1448,,629.0,,53067.0,,10609.0,,2037,,7,,1375.0,,111.0,
25005614101,41.8859557,-71.068305,7075,,795.0,,7049,,781,,540.0,,76017.0,,34304.0,,3975,,19,,1684.0,,155.0,
25005614102,41.8624856,-71.0116902,7266,,865.0,,7266,,772,,187.0,,108104.0,,8820.0,,3658,,8,,1683.0,,189.0,
25005615100,41.829273,-71.152087,8122,,25.0,,8096,,225,,137.0,,137616.0,,20043.0,,4431,,0,,1416.0,,246.0,
25005616100,41.8380611,-71.0776152,6789,,16.0,,6773,,180,,167.0,,123877.0,,30572.0,,3722,,0,,,-666666666,,-222222222
25005617101,41.7803958,-71.04939,4948,,306.0,,4885,,268,,127.0,,148151.0,,13752.0,,2520,,10,,1674.0,,663.0,
25005617102,41.750928,-70.9645589,4274,,307.0,,4247,,45,,39.0,,136985.0,,23835.0,,2313,,0,,2122.0,,802.0,
25005630101,41.9898092,-71.3337865,3389,,451.0,,3389,,213,,128.0,,95256.0,,10887.0,,2235,,5,,1553.0,,120.0,
25005630102,41.9777874,-71.3215358,4998,,719.0,,4900,,502,,208.0,,90838.0,,14294.0,,2999,,43,,1249.0,,285.0,
25005630201,41.9958417,-71.2876043,3208,,425.0,,3208,,403,,336.0,,143778.0,,19876.0,,1641,,48,,,-666666666,,-222222222
25005630202,41.9880079,-71.3072505,5380,,621.0,,5334,,207,,232.0,,146908.0,,44157.0,,2712,,121,,1122.0,,176.0,
25005630301,41.9568171,-71.3632515,5452,,753.0,,5452,,110,,87.0,,165958.0,,32784.0,,2964,,39,,,-666666666,,-222222222
25005630302,41.9766395,-71.3424191,3147,,386.0,,3147,,60,,64.0,,103986.0,,24958.0,,1763,,56,,1401.0,,166.0,
25005630400,41.9578635,-71.3313444,5268,,625.0,,5268,,174,,156.0,,108244.0,,25305.0,,2661,,106,,1412.0,,113.0,
25005631101,41.9076594,-71.3559648,3195,,523.0,,3183,,394,,366.0,,66932.0,,27921.0,,1652,,78,,1191.0,,252.0,
25005631102,41.9141857,-71.3672838,4806,,945.0,,4754,,266,,171.0,,90781.0,,9174.0,,2398,,16,,1453.0,,431.0,
25005631200,41.9218593,-71.3340568,8025,,1307.0,,8021,,413,,241.0,,123081.0,,21108.0,,3770,,90,,1502.0,,1145.0,
25005631300,41.9704688,-71.2873273,5329,,706.0,,5329,,266,,146.0,,99219.0,,14409.0,,3267,,63,,1175.0,,592.0,
25005631400,41.9439753,-71.2830483,3642,,664.0,,3642,,1006,,535.0,,55227.0,,25303.0,,1785,,128,,1579.0,,209.0,
25005631500,41.9304456,-71.3000211,2889,,509.0,,2889,,457,,455.0,,82768.0,,17385.0,,1716,,5,,1705.0,,89.0,
25005631600,41.9363126,-71.2806485,3698,,657.0,,3604,,480,,200.0,,65125.0,,31593.0,,1800,,77,,1346.0,,150.0,
25005631700,41.9359845,-71.2431103,7023,,836.0,,6800,,117,,113.0,,111420.0,,29113.0,,3644,,96,,1513.0,,673.0,
25005631800,41.915556,-71.2904816,7892,,890.0,,7737,,834,,554.0,,96554.0,,21662.0,,4046,,77,,1397.0,,214.0,
25005632100,41.8678153,-71.3200774,6904,,636.0,,6904,,238,,134.0,,115049.0,,7892.0,,3800,,165,,1718.0,,244.0,
25005632200,41.809874,-71.3100048,8669,,636.0,,8669,,448,,234.0,,119617.0,,11292.0,,4326,,18,,1867.0,,173.0,
25005633100,41.8708043,-71.2518791,5956,,556.0,,5926,,411,,281.0,,108417.0,,19131.0,,3474,,41,,1355.0,,819.0,
25005633200,41.8154153,-71.240948,6853,,556.0,,6831,,241,,205.0,,142439.0,,10017.0,,3802,,55,,1250.0,,198.0,
25005640100,41.6693128,-71.1666686,5682,,877.0,,5682,,851,,522.0,,80197.0,,22524.0,,2408,,0,,1051.0,,874.0,
25005640201,41.6871981,-71.166102,2844,,618.0,,2844,,1236,,344.0,,48453.0,,30405.0,,1085,,0,,1462.0,,251.0,
25005640202,41.6842773,-71.1710796,3918,,570.0,,3799,,1275,,348.0,,35413.0,,3577.0,,1265,,0,,914.0,,99.0,
25005640300,41.6795615,-71.1902108,4329,,736.0,,4329,,626,,198.0,,75671.0,,28516.0,,1783,,50,,959.0,,504.0,
25005640400,41.6869772,-71.1830032,3093,,699.0,,3093,,503,,312.0,,60538.0,,19834.0,,1216,,10,,1094.0,,98.0,
25005640500,41.6938306,-71.1735838,5211,,775.0,,5132,,994,,452.0,,48664.0,,11927.0,,2497,,31,,1113.0,,139.0,
25005640600,41.6879151,-71.1536822,4515,,760.0,,4515,,1173,,509.0,,43783.0,,18461.0,,2129,,34,,987.0,,88.0,
25005640700,41.6787936,-71.1511534,2766,,435.0,,2757,,546,,263.0,,74236.0,,15688.0,,1376,,15,,1206.0,,170.0,
25005640800,41.6739021,-71.1408008,3745,,579.0,,3745,,315,,147.0,,68087.0,,10157.0,,1952,,31,,1068.0,,156.0,
25005640901,41.6948175,-71.1661474,4730,,988.0,,4712,,914,,265.0,,47315.0,,13402.0,,1976,,40,,1102.0,,69.0,
25005641000,41.7030913,-71.1661382,2528,,432.0,,2503,,824,,345.0,,31385.0,,9301.0,,1160,,20,,958.0,,73.0,
25005641101,41.6997374,-71.1558551,1423,,392.0,,1423,,447,,279.0,,24069.0,,10513.0,,522,,31,,890.0,,99.0,
25005641200,41.6947299,-71.1430029,3431,,699.0,,3431,,939,,374.0,,36484.0,,15798.0,,1645,,18,,1078.0,,155.0,
25005641300,41.6969066,-71.1361908,6131,,842.0,,6128,,2109,,694.0,,39421.0,,12069.0,,2520,,45,,1021.0,,103.0,
25005641400,41.6869774,-71.135423,3290,,501.0,,3256,,1053,,283.0,,29866.0,,7761.0,,1398,,31,,1095.0,,70.0,
25005641500,41.6868127,-71.1281485,2710,,395.0,,2710,,497,,191.0,,53963.0,,18552.0,,1291,,8,,1150.0,,116.0,
25005641600,41.6890348,-71.1227078,2396,,394.0,,2396,,536,,169.0,,52468.0,,17889.0,,1082,,0,,1260.0,,148.0,
25005641700,41.7067223,-71.1280791,4815,,581.0,,4628,,371,,210.0,,66335.0,,11600.0,,2406,,0,,899.0,,111.0,
25005641800,41.7102748,-71.1489973,1923,,260.0,,1888,,224,,109.0,,58090.0,,6867.0,,1030,,26,,1123.0,,49.0,
25005641900,41.7052478,-71.1530828,2787,,530.0,,2733,,617,,331.0,,55354.0,,17251.0,,1094,,0,,1420.0,,229.0,
25005642000,41.7093508,-71.1587647,3379,,477.0,,3379,,1049,,308.0,,50222.0,,15625.0,,1627,,47,,1098.0,,91.0,
25005642100,41.7556521,-71.1250089,4346,,932.0,,4346,,869,,338.0,,48750.0,,20618.0,,1641,,0,,1353.0,,159.0,
25005642200,41.7284501,-71.1367731,3688,,572.0,,3283,,713,,297.0,,64432.0,,15649.0,,1451,,10,,970.0,,160.0,
25005642300,41.7199825,-71.1374816,2058,,233.0,,2044,,147,,83.0,,121250.0,,9307.0,,1149,,7,,1176.0,,152.0,
25005642400,41.7138346,-71.1344405,3085,,486.0,,3077,,291,,102.0,,77411.0,,32996.0,,1582,,75,,1089.0,,143.0,
25005642500,41.7258761,-71.0706159,4941,,470.0,,4680,,243,,112.0,,106875.0,,21190.0,,2736,,17,,1777.0,,144.0,
25005644101,41.7566903,-71.1446688,6068,,495.0,,5988,,279,,147.0,,110590.0,,8545.0,,3014,,14,,1391.0,,20.0,
25005644102,41.7806517,-71.1450746,5010,,462.0,,5003,,280,,157.0,,113005.0,,7686.0,,2476,,1,,1235.0,,79.0,
25005644200,41.7199755,-71.17945,7168,,484.0,,6962,,331,,171.0,,118333.0,,16312.0,,3797,,0,,,-666666666,,-222222222
25005645101,41.7119442,-71.2119191,5375,,679.0,,5365,,149,,155.0,,115556.0,,36328.0,,2862,,0,,1354.0,,273.0,
25005645102,41.7628245,-71.1806853,5792,,562.0,,5703,,90,,78.0,,122500.0,,17697.0,,3047,,0,,1221.0,,354.0,
25005645103,41.7582787,-71.2416296,6064,,561.0,,5976,,236,,167.0,,109688.0,,16273.0,,3053,,2,,1565.0,,624.0,
25005646101,41.6562971,-71.0942304,7743,,541.0,,7743,,485,,247.0,,87543.0,,5378.0,,3891,,0,,1115.0,,265.0,
25005646103,41.6025859,-71.0916313,5923,,497.0,,5913,,415,,311.0,,115588.0,,32419.0,,3118,,0,,1430.0,,491.0,
25005646104,41.5441765,-71.0736484,2716,,340.0,,2704,,77,,51.0,,116058.0,,22646.0,,1532,,0,,1593.0,,288.0,
25005650101,41.7175011,-70.9394362,5889,,770.0,,5503,,655,,493.0,,88772.0,,17495.0,,2940,,10,,1258.0,,567.0,
25005650102,41.7144498,-70.9499708,5305,,609.0,,5305,,1408,,646.0,,67813.0,,13620.0,,2480,,13,,1029.0,,237.0,
25005650201,41.6905133,-70.9574646,3240,,826.0,,3240,,162,,93.0,,106230.0,,17087.0,,1802,,0,,1179.0,,185.0,
25005650202,41.6740018,-70.9355116,2048,,311.0,,2048,,247,,133.0,,76500.0,,12382.0,,916,,0,,1044.0,,240.0,
25005650300,41.6810434,-70.9228076,3462,,665.0,,3462,,283,,157.0,,86667.0,,28791.0,,1976,,73,,1180.0,,67.0,
25005650400,41.6695702,-70.9229142,3796,,664.0,,3796,,803,,258.0,,60179.0,,14423.0,,1848,,63,,1134.0,,103.0,
25005650500,41.6691679,-70.9334549,3578,,395.0,,3578,,374,,180.0,,60060.0,,9383.0,,1864,,24,,1054.0,,78.0,
25005650600,41.6641112,-70.9249808,2432,,442.0,,2432,,605,,298.0,,41903.0,,6590.0,,1192,,195,,1160.0,,76.0,
25005650700,41.6596185,-70.9223281,2527,,479.0,,2490,,983,,377.0,,27519.0,,8741.0,,1150,,39,,1084.0,,76.0,
25005650800,41.6601446,-70.9334321,4073,,592.0,,4061,,1387,,569.0,,40104.0,,16422.0,,1490,,14,,1017.0,,126.0,
25005650900,41.6581443,-70.9413219,2926,,611.0,,2894,,1472,,530.0,,36431.0,,9952.0,,905,,0,,961.0,,262.0,
25005651001,41.6543926,-70.9575134,3150,,369.0,,2985,,232,,93.0,,82692.0,,20907.0,,1457,,14,,,-666666666,,-222222222
25005651002,41.6413178,-70.9524972,4049,,571.0,,3966,,888,,312.0,,87543.0,,9209.0,,2013,,49,,1200.0,,210.0,
25005651100,41.6506256,-70.9351699,5168,,748.0,,5167,,1643,,520.0,,57909.0,,21456.0,,1848,,101,,1142.0,,63.0,
25005651200,41.6539869,-70.9241376,2377,,381.0,,2367,,572,,201.0,,57331.0,,18280.0,,986,,23,,1464.0,,122.0,
25005651300,41.6448487,-70.9228693,2248,,363.0,,2163,,641,,195.0,,36339.0,,14631.0,,870,,5,,1006.0,,89.0,
25005651400,41.6435664,-70.9338519,3349,,483.0,,3183,,763,,286.0,,55673.0,,31903.0,,1400,,60,,1121.0,,122.0,
25005651500,41.6408755,-70.9419702,3092,,431.0,,3092,,375,,220.0,,72708.0,,30956.0,,1385,,61,,947.0,,118.0,
25005651600,41.6339613,-70.9428823,3872,,822.0,,3872,,382,,252.0,,70377.0,,16037.0,,1820,,106,,1181.0,,93.0,
25005651700,41.6349577,-70.9338316,2405,,334.0,,2271,,587,,222.0,,28632.0,,6110.0,,746,,22,,805.0,,184.0,
25005651800,41.635091,-70.9202763,2014,,267.0,,2014,,901,,230.0,,17556.0,,4875.0,,705,,0,,395.0,,83.0,
25005651900,41.6219893,-70.9161108,2115,,346.0,,2115,,459,,177.0,,30000.0,,11567.0,,867,,89,,981.0,,130.0,
25005652000,41.6266977,-70.9278159,2963,,433.0,,2879,,521,,213.0,,51441.0,,3025.0,,1464,,35,,1067.0,,81.0,
25005652100,41.6276711,-70.933949,3143,,404.0,,3132,,116,,77.0,,71686.0,,15632.0,,1600,,0,,1184.0,,152.0,
25005652200,41.6259685,-70.9450634,2963,,355.0,,2845,,233,,173.0,,75284.0,,9174.0,,1418,,17,,1273.0,,114.0,
25005652300,41.6201088,-70.9387232,2519,,718.0,,2519,,248,,140.0,,44696.0,,19865.0,,946,,13,,1002.0,,217.0,
25005652400,41.61574,-70.9310007,2768,,460.0,,2767,,503,,296.0,,42203.0,,10287.0,,1103,,0,,914.0,,98.0,
25005652500,41.6173463,-70.9245281,3223,,557.0,,3216,,634,,446.0,,53671.0,,11403.0,,1482,,23,,1084.0,,72.0,
25005652600,41.6177242,-70.9157351,3359,,705.0,,3359,,865,,363.0,,41094.0,,22527.0,,1031,,19,,1222.0,,131.0,
25005652700,41.6122427,-70.9136542,3507,,653.0,,3507,,677,,204.0,,37261.0,,8482.0,,1295,,71,,1076.0,,131.0,
25005652800,41.6007668,-70.9077134,3171,,428.0,,3171,,124,,86.0,,85960.0,,13433.0,,1552,,0,,1214.0,,107.0,
25005653101,41.6483643,-71.0119767,6730,,649.0,,6730,,506,,238.0,,76324.0,,14198.0,,3052,,22,,826.0,,541.0,
25005653102,41.6888597,-71.0097419,4965,,500.0,,4254,,40,,38.0,,136709.0,,25956.0,,2322,,0,,1643.0,,110.0,
25005653203,41.6143399,-70.9532851,4973,,598.0,,4873,,307,,200.0,,71830.0,,14633.0,,2353,,4,,1211.0,,125.0,
25005653204,41.6085381,-70.9864357,3063,,455.0,,3018,,197,,116.0,,128618.0,,32370.0,,1744,,17,,1461.0,,181.0,
25005653301,41.5905247,-70.9709828,5115,,568.0,,5099,,352,,180.0,,121413.0,,23988.0,,2684,,0,,1491.0,,327.0,
25005653304,41.5521483,-70.9904852,3268,,392.0,,3268,,275,,276.0,,124875.0,,40309.0,,1421,,17,,1665.0,,243.0,
25005654100,41.7095988,-70.8981109,7269,,380.0,,7269,,366,,287.0,,103393.0,,21480.0,,3891,,33,,1523.0,,892.0,
25005654200,41.6894615,-70.9117047,3294,,382.0,,3294,,171,,115.0,,78514.0,,17233.0,,1568,,10,,1067.0,,187.0,
25005655100,41.6520223,-70.8699752,4111,,519.0,,3766,,135,,77.0,,110603.0,,16616.0,,1874,,17,,1237.0,,1053.0,
25005655200,41.6541146,-70.9111854,4490,,477.0,,4417,,520,,236.0,,66042.0,,33633.0,,2293,,11,,797.0,,293.0,
25005655300,41.6422758,-70.8979049,3429,,410.0,,3319,,204,,109.0,,72215.0,,11098.0,,1669,,15,,1195.0,,169.0,
25005655400,41.6039168,-70.8549207,3848,,345.0,,3848,,312,,174.0,,102083.0,,18385.0,,1891,,12,,1662.0,,225.0,
25005985500,41.595703,-71.0126345,4507,,182.0,,1384,,38,,35.0,,116000.0,,24461.0,,1739,,13,,1688.0,,152.0,
25005985600,42.0753133,-71.1001842,5279,,412.0,,3573,,449,,356.0,,128889.0,,15461.0,,2317,,70,,1737.0,,280.0,
25005990000,41.5196744,-70.9383452,0,,14.0,,0,,0,,14.0,,,-666666666,,-222222222,0,,0,,,-666666666,,-222222222
25007200100,41.4586451,-70.6125215,4860,,21.0,,4803,,269,,203.0,,70724.0,,12743.0,,2929,,113,,1340.0,,90.0,
25007200200,41.441713,-70.576143,5370,,27.0,,5241,,306,,273.0,,117927.0,,26238.0,,2502,,0,,,-666666666,,-222222222
25007200300,41.377655,-70.52208,5212,,38.0,,5176,,303,,229.0,,89710.0,,40263.0,,2629,,0,,1717.0,,481.0,
25007200400,41.4195463,-70.6500469,5309,,17.0,,5266,,224,,146.0,,169526.0,,25654.0,,2436,,50,,1961.0,,328.0,
25007990000,41.470384,-70.8474733,0,,14.0,,0,,0,,14.0,,,-666666666,,-222222222,0,,0,,,-666666666,,-222222222
25009201100,42.4282342,-70.9260711,3328,,35.0,,3281,,222,,120.0,,111004.0,,4447.0,,1845,,63,,1790.0,,126.0,
25009202101,42.4758943,-70.9085318,2340,,252.0,,2335,,97,,62.0,,127639.0,,22420.0,,1235,,131,,1869.0,,292.0,
25009202103,42.4829995,-70.9199593,1520,,345.0,,1520,,327,,359.0,,121250.0,,59882.0,,713,,31,,2158.0,,297.0,
25009202104,42.4782977,-70.9133968,5165,,641.0,,5046,,410,,187.0,,82692.0,,36630.0,,2716,,278,,2309.0,,354.0,
25009202200,42.4695768,-70.8975175,6254,,676.0,,6228,,220,,126.0,,194135.0,,53795.0,,3398,,558,,2246.0,,166.0,
25009203100,42.4871332,-70.8724094,7148,,628.0,,7047,,176,,151.0,,221125.0,,25449.0,,3865,,209,,2541.0,,1598.0,
25009203200,42.5037792,-70.8329189,4521,,486.0,,4521,,178,,116.0,,177031.0,,32888.0,,2280,,69,,1852.0,,254.0,
25009203301,42.5069805,-70.8642414,4340,,536.0,,4340,,208,,135.0,,130261.0,,13975.0,,2038,,91,,1628.0,,269.0,
25009203302,42.5169126,-70.848511,4325,,523.0,,4325,,197,,143.0,,151675.0,,46489.0,,2027,,207,,1784.0,,495.0,
25009204101,42.5053726,-70.8879672,4780,,482.0,,4365,,512,,217.0,,98453.0,,12810.0,,2681,,127,,1758.0,,200.0,
25009204102,42.4944085,-70.9046773,4903,,450.0,,4012,,532,,239.0,,92813.0,,30837.0,,2568,,92,,1401.0,,210.0,
25009204200,42.5148898,-70.8966153,4905,,700.0,,4905,,723,,453.0,,86845.0,,24462.0,,3253,,84,,1865.0,,132.0,
25009204300,42.5167766,-70.8869311,4088,,568.0,,4061,,1371,,487.0,,52250.0,,22407.0,,2031,,83,,1668.0,,143.0,
25009204400,42.5251979,-70.812878,3432,,473.0,,3418,,428,,281.0,,84041.0,,14520.0,,1921,,159,,1671.0,,460.0,
25009204500,42.5298009,-70.891306,3333,,461.0,,3333,,285,,143.0,,111402.0,,19550.0,,2137,,196,,2443.0,,471.0,
25009204600,42.5330202,-70.9046651,5073,,619.0,,5073,,421,,245.0,,93657.0,,21986.0,,3231,,390,,2147.0,,268.0,
25009204701,42.5004225,-70.9233663,7080,,778.0,,7080,,926,,600.0,,72138.0,,22786.0,,3576,,266,,1231.0,,248.0,
25009204702,42.5106743,-70.9207154,6577,,645.0,,6577,,672,,547.0,,98299.0,,25188.0,,3854,,184,,2201.0,,99.0,
25009205100,42.4874689,-70.9422927,5853,,708.0,,5824,,392,,332.0,,90671.0,,8246.0,,2803,,59,,1876.0,,193.0,
25009205200,42.479893,-70.9531078,6100,,865.0,,6083,,469,,359.0,,103375.0,,19771.0,,3121,,288,,2009.0,,518.0,
25009205300,42.4902618,-70.9623405,4372,,542.0,,4372,,321,,312.0,,104938.0,,56053.0,,2424,,54,,1574.0,,664.0,
25009205400,42.4928513,-70.9925246,5309,,659.0,,5309,,367,,361.0,,120823.0,,9507.0,,2807,,32,,2080.0,,323.0,
25009205500,42.4751392,-70.9611517,4951,,658.0,,4936,,213,,128.0,,71594.0,,8027.0,,2611,,224,,1645.0,,151.0,
25009205600,42.4690494,-70.9853846,4310,,530.0,,4283,,831,,414.0,,74194.0,,19362.0,,2264,,266,,1732.0,,225.0,
25009205700,42.4640518,-70.9789107,5185,,686.0,,5166,,167,,131.0,,102665.0,,11189.0,,3261,,110,,1747.0,,142.0,
25009205800,42.4590809,-70.9745759,3521,,774.0,,3521,,597,,482.0,,70867.0,,16058.0,,1538,,189,,1789.0,,170.0,
25009205900,42.4684753,-70.9686721,4788,,875.0,,4763,,650,,325.0,,95388.0,,22548.0,,2258,,139,,2195.0,,396.0,
25009206000,42.465686,-70.9623675,3300,,661.0,,3205,,311,,189.0,,49293.0,,29617.0,,1877,,96,,1594.0,,169.0,
25009206100,42.4656928,-70.9547242,4211,,856.0,,4211,,970,,360.0,,62464.0,,28543.0,,1876,,80,,1554.0,,173.0,
25009206200,42.4697139,-70.9485446,6074,,1007.0,,6025,,846,,418.0,,70952.0,,31758.0,,2960,,169,,1518.0,,323.0,
25009206300,42.4739913,-70.9412388,4683,,1131.0,,4683,,280,,221.0,,88214.0,,13507.0,,2463,,24,,1589.0,,708.0,
25009206400,42.4778026,-70.9328547,7082,,831.0,,6946,,436,,279.0,,98542.0,,29222.0,,3837,,665,,1921.0,,229.0,
25009206500,42.4711611,-70.9318681,3362,,782.0,,3298,,925,,708.0,,41906.0,,16893.0,,1451,,159,,1497.0,,255.0,
25009206600,42.4676352,-70.9274994,5721,,776.0,,5721,,575,,328.0,,85429.0,,10260.0,,2777,,128,,1780.0,,203.0,
25009206700,42.4621327,-70.9346749,4101,,474.0,,4069,,725,,258.0,,70172.0,,20005.0,,2180,,243,,1731.0,,119.0,
25009206800,42.4665227,-70.9436734,4092,,886.0,,4080,,1490,,520.0,,35313.0,,14962.0,,1407,,143,,1498.0,,879.0,
25009206900,42.4602021,-70.9404962,5007,,775.0,,4919,,1789,,585.0,,22158.0,,8113.0,,2027,,111,,1215.0,,423.0,
25009207000,42.4599011,-70.9509215,2045,,324.0,,2045,,515,,193.0,,26899.0,,10070.0,,735,,4,,482.0,,195.0,
25009207100,42.4595497,-70.9654723,4160,,843.0,,4152,,293,,214.0,,112273.0,,48443.0,,1769,,192,,2039.0,,202.0,
25009207200,42.453791,-70.9627199,2678,,439.0,,2644,,566,,187.0,,45385.0,,25776.0,,1191,,272,,611.0,,131.0,
25009208101,42.4507226,-70.9989164,6054,,564.0,,5971,,522,,286.0,,100893.0,,30019.0,,3178,,221,,1890.0,,192.0,
25009208102,42.4416715,-70.993221,3094,,433.0,,3033,,218,,142.0,,113938.0,,32736.0,,1764,,64,,2236.0,,392.0,
25009208200,42.4575109,-71.014604,5315,,682.0,,5315,,427,,296.0,,97847.0,,39460.0,,2914,,41,,,-666666666,,-222222222
25009208301,42.4709849,-71.0186894,2885,,433.0,,2690,,148,,90.0,,84725.0,,14865.0,,1148,,107,,543.0,,169.0,
25009208302,42.4850384,-71.0040806,5133,,571.0,,5093,,220,,124.0,,101261.0,,6730.0,,2798,,19,,1941.0,,1813.0,
25009208401,42.4876121,-71.0307634,3360,,874.0,,3360,,164,,123.0,,114706.0,,30380.0,,1641,,47,,3284.0,,145.0,
25009208402,42.4662513,-71.0359714,2758,,409.0,,2758,,103,,100.0,,130420.0,,25265.0,,1604,,22,,2396.0,,476.0,
25009209100,42.517606,-71.0219925,7340,,522.0,,7340,,611,,457.0,,144476.0,,48538.0,,3225,,43,,2023.0,,985.0,
25009209200,42.547307,-71.0537665,5624,,528.0,,5624,,176,,205.0,,186094.0,,22962.0,,3010,,48,,2638.0,,563.0,
25009210100,42.5586984,-71.0106634,6797,,751.0,,6789,,462,,260.0,,139195.0,,16796.0,,3867,,0,,,-666666666,,-222222222
25009210200,42.5375245,-71.003354,5519,,760.0,,5424,,182,,91.0,,130790.0,,22552.0,,2729,,43,,,-666666666,,-222222222
25009210301,42.5464571,-70.9655834,4955,,525.0,,4833,,237,,128.0,,69946.0,,23516.0,,1560,,0,,3285.0,,213.0,
25009210302,42.53431,-70.9694427,5069,,722.0,,4821,,220,,161.0,,113256.0,,14514.0,,2487,,59,,2234.0,,171.0,
25009210401,42.5376937,-70.932528,3647,,441.0,,3647,,333,,247.0,,73966.0,,26220.0,,1879,,37,,1941.0,,309.0,
25009210402,42.5233403,-70.9664826,4057,,629.0,,4036,,376,,219.0,,101777.0,,16014.0,,2108,,0,,1604.0,,706.0,
25009210500,42.5121182,-70.9570739,7022,,729.0,,6974,,226,,202.0,,141761.0,,44118.0,,3940,,77,,2238.0,,50.0,
25009210600,42.5095323,-70.9413256,4571,,724.0,,4571,,268,,128.0,,93618.0,,15347.0,,2135,,47,,1707.0,,540.0,
25009210700,42.5202968,-70.9263775,4418,,590.0,,4418,,419,,227.0,,61320.0,,16384.0,,2184,,77,,1571.0,,203.0,
25009210800,42.5281201,-70.9248258,4078,,641.0,,4041,,414,,284.0,,68952.0,,9581.0,,2432,,229,,1281.0,,175.0,
25009210900,42.5354936,-70.9197836,4047,,636.0,,3963,,345,,185.0,,78363.0,,12341.0,,1785,,118,,1327.0,,227.0,
25009211100,42.5540813,-70.9190587,4110,,513.0,,3830,,342,,198.0,,106161.0,,22935.0,,1943,,27,,1968.0,,260.0,
25009211201,42.5582575,-70.9362099,2796,,733.0,,2796,,100,,75.0,,128864.0,,10876.0,,1736,,16,,1680.0,,155.0,
25009211202,42.5651965,-70.9433558,3714,,479.0,,3702,,341,,221.0,,99375.0,,16770.0,,2174,,48,,1714.0,,164.0,
25009211300,42.5851105,-70.9328714,7163,,729.0,,6974,,179,,120.0,,127726.0,,13651.0,,3756,,107,,2182.0,,967.0,
25009211401,42.5771863,-70.9817163,4105,,411.0,,4062,,326,,144.0,,104943.0,,17134.0,,2201,,48,,2530.0,,164.0,
25009211402,42.5776492,-70.9566523,6036,,674.0,,5996,,142,,89.0,,127462.0,,23319.0,,3474,,150,,1840.0,,1484.0,
25009212101,42.6136944,-71.0052311,4798,,406.0,,3822,,159,,94.0,,176068.0,,32583.0,,2171,,0,,1895.0,,322.0,
25009212102,42.6007185,-71.0308226,4929,,409.0,,4929,,133,,98.0,,155027.0,,21815.0,,2832,,0,,1379.0,,114.0,
25009213100,42.6831075,-71.0271876,8155,,24.0,,8155,,181,,163.0,,192605.0,,29410.0,,3973,,56,,736.0,,161.0,
25009214100,42.641387,-70.9433833,6535,,21.0,,6436,,483,,347.0,,176698.0,,24085.0,,3259,,146,,1003.0,,560.0,
25009215101,42.6179432,-70.8360834,4605,,294.0,,4412,,308,,245.0,,123674.0,,22430.0,,2206,,83,,1534.0,,765.0,
25009215102,42.6332661,-70.8812824,2966,,294.0,,2966,,145,,107.0,,145116.0,,31653.0,,1603,,89,,2164.0,,807.0,
25009216100,42.6006684,-70.8832599,4930,,38.0,,3685,,144,,101.0,,187652.0,,40132.0,,2572,,169,,,-666666666,,-222222222
25009217101,42.5763528,-70.8643,4530,,784.0,,4306,,815,,788.0,,137153.0,,41157.0,,2274,,214,,1238.0,,712.0,
25009217102,42.5848388,-70.8957263,3038,,492.0,,2871,,96,,72.0,,91396.0,,8787.0,,1751,,86,,1930.0,,182.0,
25009217201,42.5620689,-70.899491,4179,,458.0,,4179,,179,,93.0,,119196.0,,18137.0,,2408,,125,,1975.0,,239.0,
25009217202,42.5496229,-70.8984776,3514,,362.0,,3504,,84,,56.0,,135000.0,,31440.0,,1812,,76,,,-666666666,,-222222222
25009217300,42.5633966,-70.8848884,4929,,561.0,,4929,,855,,444.0,,92261.0,,22655.0,,2469,,367,,1561.0,,454.0,
25009217401,42.5488441,-70.8813148,2588,,414.0,,2567,,443,,172.0,,67926.0,,34075.0,,1346,,55,,1709.0,,554.0,
25009217402,42.5423286,-70.8831274,3527,,504.0,,3527,,329,,132.0,,84141.0,,10389.0,,2332,,234,,1808.0,,83.0,
25009217500,42.5505703,-70.8675812,6646,,692.0,,6269,,424,,335.0,,117917.0,,21312.0,,3724,,117,,1546.0,,447.0,
25009217601,42.5710673,-70.8481649,4172,,340.0,,3925,,375,,159.0,,121944.0,,19893.0,,1922,,209,,576.0,,31.0,
25009217602,42.5543276,-70.8236609,5285,,792.0,,2834,,270,,149.0,,229938.0,,96344.0,,2767,,140,,1640.0,,665.0,
25009218100,42.5766364,-70.7671544,5368,,41.0,,5368,,151,,102.0,,197875.0,,34348.0,,2485,,230,,1872.0,,341.0,
25009220101,42.6406993,-70.6202498,3763,,346.0,,3725,,90,,66.0,,93571.0,,16258.0,,1832,,49,,2020.0,,342.0,
25009220102,42.6672238,-70.6307805,3214,,347.0,,3208,,157,,91.0,,92898.0,,8050.0,,1426,,19,,1726.0,,113.0,
25009221100,42.6592229,-70.6536898,3928,,444.0,,3893,,233,,136.0,,90335.0,,11662.0,,1754,,82,,1494.0,,238.0,
25009221300,42.6064939,-70.640044,4602,,496.0,,4602,,213,,157.0,,116154.0,,22298.0,,2464,,30,,1098.0,,495.0,
25009221400,42.6215076,-70.6571946,4004,,446.0,,4004,,878,,586.0,,70707.0,,21614.0,,2171,,67,,1389.0,,83.0,
25009221500,42.6130794,-70.6621115,2948,,416.0,,2941,,658,,286.0,,53654.0,,12376.0,,1429,,9,,1338.0,,143.0,
25009221600,42.6232675,-70.6723908,2778,,443.0,,2778,,427,,231.0,,59205.0,,29243.0,,1463,,73,,1306.0,,425.0,
25009221700,42.6158246,-70.6739846,2702,,481.0,,2702,,254,,175.0,,75795.0,,22165.0,,1176,,53,,1621.0,,143.0,
25009221800,42.6288499,-70.6858747,1893,,261.0,,1725,,108,,66.0,,116458.0,,29361.0,,819,,7,,1518.0,,579.0,
25009221901,42.6016627,-70.7028958,3467,,478.0,,3467,,134,,81.0,,118472.0,,19938.0,,1776,,25,,1615.0,,230.0,
25009221902,42.6328453,-70.7140276,3540,,391.0,,3540,,252,,86.0,,99813.0,,24184.0,,1951,,27,,1640.0,,174.0,
25009222100,42.6404513,-70.7711646,3680,,17.0,,3621,,217,,141.0,,152371.0,,23331.0,,2130,,9,,1828.0,,181.0,
25009223100,42.7059618,-70.8132771,4110,,453.0,,4064,,295,,100.0,,132182.0,,25457.0,,1935,,42,,1321.0,,264.0,
25009223200,42.6757304,-70.8220067,3903,,377.0,,3903,,216,,136.0,,90694.0,,15032.0,,2273,,51,,1504.0,,212.0,
25009223300,42.6725193,-70.8908183,5807,,487.0,,5807,,391,,248.0,,146144.0,,22129.0,,3285,,142,,1684.0,,173.0,
25009250100,42.7054006,-71.1581972,4085,,497.0,,4027,,1142,,311.0,,32629.0,,11455.0,,1573,,48,,1109.0,,223.0,
25009250200,42.7062117,-71.1839672,6906,,1220.0,,6855,,811,,505.0,,88403.0,,34283.0,,3152,,33,,1734.0,,121.0,
25009250300,42.7122643,-71.1779023,2684,,494.0,,2684,,710,,246.0,,57260.0,,10569.0,,1292,,78,,1570.0,,143.0,
25009250400,42.7170924,-71.1743747,4411,,696.0,,4411,,754,,284.0,,53074.0,,4815.0,,1630,,47,,1526.0,,389.0,
25009250500,42.7169313,-71.1693673,4475,,724.0,,4450,,902,,682.0,,60132.0,,13992.0,,2276,,90,,1639.0,,166.0,
25009250600,42.7200992,-71.1626479,5937,,803.0,,5910,,420,,230.0,,54925.0,,10713.0,,2812,,48,,1690.0,,111.0,
25009250700,42.7151498,-71.1530988,5379,,711.0,,5379,,784,,391.0,,58471.0,,6155.0,,2384,,71,,1829.0,,146.0,
25009250800,42.7152352,-71.1434934,8521,,892.0,,8208,,1277,,675.0,,73442.0,,11579.0,,3886,,196,,1671.0,,216.0,
25009250900,42.7119763,-71.1545889,2271,,478.0,,2249,,789,,414.0,,38316.0,,12482.0,,725,,8,,1382.0,,132.0,
25009251000,42.7112825,-71.1590246,1750,,281.0,,1750,,554,,190.0,,39327.0,,16512.0,,657,,0,,1345.0,,197.0,
25009251100,42.7128878,-71.1694073,2812,,451.0,,2625,,531,,219.0,,22746.0,,3684.0,,934,,11,,728.0,,320.0,
25009251200,42.7091504,-71.1672343,1486,,234.0,,1467,,342,,183.0,,28910.0,,10071.0,,650,,142,,1143.0,,207.0,
25009251300,42.7008297,-71.1716455,3580,,777.0,,3565,,912,,339.0,,41098.0,,9377.0,,1362,,92,,1539.0,,153.0,
25009251400,42.698648,-71.1801339,5556,,882.0,,5479,,2009,,834.0,,52115.0,,20441.0,,2218,,78,,1367.0,,148.0,
25009251500,42.6905116,-71.1763565,7575,,857.0,,7525,,1299,,642.0,,61042.0,,10078.0,,4034,,235,,1544.0,,173.0,
25009251600,42.700021,-71.1513911,6989,,983.0,,6989,,996,,456.0,,66166.0,,12315.0,,3783,,195,,1948.0,,193.0,
25009251700,42.6894433,-71.1449129,5708,,741.0,,5664,,1002,,628.0,,87459.0,,29391.0,,3082,,65,,1717.0,,277.0,
25009251800,42.684165,-71.1676247,8172,,1006.0,,8043,,647,,538.0,,76297.0,,9747.0,,4779,,42,,1694.0,,88.0,
25009252101,42.7032347,-71.1995921,3769,,550.0,,3730,,381,,218.0,,77270.0,,20569.0,,2043,,63,,1596.0,,245.0,
25009252102,42.7017632,-71.2344101,4647,,764.0,,4647,,46,,37.0,,147935.0,,21680.0,,2488,,32,,1895.0,,939.0,
25009252201,42.7191764,-71.2167241,3421,,510.0,,3415,,207,,236.0,,109650.0,,20086.0,,1799,,49,,1643.0,,935.0,
25009252202,42.7307959,-71.2318234,3374,,506.0,,3348,,80,,61.0,,111204.0,,35962.0,,1850,,28,,1648.0,,258.0,
25009252300,42.727479,-71.1946132,8126,,1186.0,,7923,,1056,,383.0,,62569.0,,27920.0,,3533,,44,,606.0,,305.0,
25009252400,42.7224295,-71.1787065,4649,,836.0,,4649,,871,,341.0,,79286.0,,20625.0,,2378,,27,,1678.0,,94.0,
25009252501,42.7248389,-71.1557412,5053,,728.0,,4975,,534,,263.0,,93648.0,,9909.0,,2448,,34,,2148.0,,205.0,
25009252502,42.7354765,-71.1654351,4823,,524.0,,4730,,494,,217.0,,96706.0,,12128.0,,2486,,0,,1795.0,,169.0,
25009252601,42.7377776,-71.1317615,7028,,773.0,,7009,,429,,262.0,,96317.0,,22419.0,,3459,,0,,1386.0,,281.0,
25009252602,42.7614694,-71.1580017,4907,,534.0,,4907,,139,,99.0,,121706.0,,14495.0,,3127,,0,,2250.0,,199.0,
25009252603,42.7526021,-71.1697545,3246,,432.0,,3246,,59,,63.0,,157961.0,,66543.0,,1745,,12,,1788.0,,266.0,
25009253100,42.6980029,-71.1307172,6402,,827.0,,6331,,469,,280.0,,101304.0,,35448.0,,3490,,96,,1755.0,,145.0,
25009253201,42.7177732,-71.1245474,3210,,721.0,,3165,,168,,105.0,,113854.0,,18180.0,,1885,,11,,2267.0,,221.0,
25009253202,42.6824583,-71.1275749,7504,,907.0,,6828,,1439,,653.0,,87222.0,,32440.0,,3736,,161,,2244.0,,421.0,
25009253203,42.7088778,-71.0917023,4253,,378.0,,4216,,148,,79.0,,159469.0,,27571.0,,2022,,0,,3501.0,,,-333333333
25009253204,42.643024,-71.0821579,5590,,405.0,,5476,,73,,88.0,,166429.0,,28445.0,,2795,,81,,2547.0,,630.0,
25009253205,42.6641416,-71.0526824,4065,,388.0,,4065,,28,,38.0,,238750.0,,40622.0,,2041,,58,,,-666666666,,-222222222
25009254100,42.6703478,-71.1521911,6081,,562.0,,6075,,253,,131.0,,135993.0,,15924.0,,3168,,91,,1306.0,,437.0,
25009254200,42.6576917,-71.1345104,5242,,617.0,,4059,,444,,190.0,,119648.0,,39715.0,,2572,,42,,1582.0,,259.0,
25009254301,42.627981,-71.1464585,4359,,373.0,,4200,,108,,124.0,,232292.0,,48510.0,,2197,,81,,,-666666666,,-222222222
25009254302,42.618104,-71.1070918,4820,,439.0,,4820,,176,,121.0,,184063.0,,29781.0,,2748,,80,,1383.0,,682.0,
25009254401,42.6581235,-71.1786937,3710,,375.0,,3710,,111,,124.0,,176957.0,,19496.0,,1857,,31,,2696.0,,113.0,
25009254402,42.6687191,-71.2088367,8222,,653.0,,8222,,114,,82.0,,160364.0,,23103.0,,4321,,106,,2279.0,,239.0,
25009254403,42.6359797,-71.1706817,4031,,437.0,,3970,,36,,36.0,,232083.0,,63245.0,,1974,,72,,2035.0,,386.0,
25009260100,42.7781441,-71.0822135,5594,,875.0,,5563,,1904,,589.0,,44372.0,,12036.0,,2164,,58,,1628.0,,112.0,
25009260200,42.7785615,-71.073303,3645,,494.0,,3505,,579,,245.0,,52653.0,,5288.0,,1396,,13,,1514.0,,138.0,
25009260301,42.7771665,-71.04636,4654,,485.0,,4611,,407,,196.0,,102946.0,,20939.0,,2651,,41,,1382.0,,284.0,
25009260302,42.797895,-71.0401101,3467,,482.0,,3354,,49,,77.0,,151375.0,,25071.0,,1928,,0,,1721.0,,419.0,
25009260401,42.803535,-71.1138,4231,,458.0,,4220,,448,,276.0,,114327.0,,22883.0,,2542,,11,,1644.0,,160.0,
25009260402,42.7942928,-71.1464295,7122,,838.0,,7113,,353,,240.0,,105526.0,,13672.0,,3749,,83,,1643.0,,165.0,
25009260500,42.7968904,-71.0792133,3819,,621.0,,3603,,261,,182.0,,112750.0,,23021.0,,1879,,32,,2008.0,,393.0,
25009260600,42.7928945,-71.0913629,3983,,572.0,,3913,,557,,321.0,,83477.0,,23738.0,,2185,,56,,1748.0,,142.0,
25009260700,42.7860955,-71.1013288,5347,,618.0,,5227,,749,,363.0,,72981.0,,10605.0,,2492,,9,,1650.0,,141.0,
25009260800,42.7737495,-71.0922315,5547,,822.0,,5539,,755,,276.0,,63750.0,,31105.0,,2751,,129,,1593.0,,142.0,
25009260900,42.7732274,-71.1073695,5341,,878.0,,5323,,415,,217.0,,79643.0,,9171.0,,2663,,31,,,-666666666,,-222222222
25009261000,42.7666364,-71.083463,4296,,571.0,,4263,,205,,88.0,,94722.0,,19366.0,,2500,,83,,1440.0,,166.0,
25009261101,42.7527656,-71.0653711,5352,,916.0,,5267,,136,,97.0,,125841.0,,13473.0,,2914,,0,,2119.0,,691.0,
25009261102,42.7520146,-71.1068199,4989,,489.0,,4989,,244,,190.0,,115062.0,,11838.0,,2991,,46,,1961.0,,223.0,
25009262100,42.8386028,-71.011997,6707,,22.0,,6676,,553,,482.0,,116477.0,,24919.0,,3661,,0,,1236.0,,670.0,
25009263100,42.7995647,-70.9644283,4536,,28.0,,4520,,101,,57.0,,189048.0,,41082.0,,2450,,43,,1809.0,,510.0,
25009264100,42.7539,-71.0159351,6747,,24.0,,6719,,283,,136.0,,135521.0,,12884.0,,3753,,18,,1815.0,,857.0,
25009265101,42.7120075,-70.9992963,4048,,411.0,,4034,,127,,89.0,,135536.0,,20973.0,,2125,,26,,1547.0,,879.0,
25009265102,42.733822,-70.9600766,4406,,415.0,,4406,,146,,76.0,,168906.0,,26581.0,,2170,,18,,2239.0,,311.0,
25009266100,42.8479814,-70.9663149,4502,,395.0,,4415,,191,,128.0,,101088.0,,17383.0,,2503,,49,,1613.0,,485.0,
25009266200,42.8682432,-70.940087,5402,,618.0,,5292,,284,,161.0,,107232.0,,21455.0,,2674,,34,,1656.0,,129.0,
25009266300,42.843075,-70.9245699,3787,,431.0,,3713,,259,,172.0,,112819.0,,13493.0,,2309,,12,,1525.0,,328.0,
25009266400,42.8627607,-70.9122909,3586,,498.0,,3576,,451,,310.0,,80313.0,,18334.0,,1856,,22,,1473.0,,198.0,
25009267102,42.8573247,-70.8761968,5451,,404.0,,5431,,250,,121.0,,122083.0,,22524.0,,3017,,2,,1691.0,,769.0,
25009267103,42.8451703,-70.8178768,1662,,269.0,,1662,,106,,67.0,,112546.0,,23452.0,,919,,12,,1403.0,,201.0,
25009267104,42.8310588,-70.8395072,2104,,355.0,,2104,,98,,80.0,,83983.0,,4381.0,,1112,,11,,2091.0,,880.0,
25009268100,42.8179785,-70.9242637,2615,,347.0,,2615,,148,,135.0,,234167.0,,61677.0,,1405,,36,,3375.0,,726.0,
25009268200,42.8117773,-70.9054643,7174,,1003.0,,6980,,308,,164.0,,123221.0,,25428.0,,3375,,132,,1461.0,,196.0,
25009268300,42.8105345,-70.8771864,4122,,596.0,,4122,,200,,120.0,,114097.0,,57505.0,,2185,,92,,1208.0,,368.0,
25009268400,42.8054407,-70.8329685,4533,,654.0,,4484,,266,,231.0,,148500.0,,32425.0,,2319,,22,,2218.0,,610.0,
25009269100,42.770406,-70.8724166,6729,,19.0,,6712,,339,,156.0,,176196.0,,54418.0,,4022,,0,,1899.0,,724.0,
25009270100,42.7214946,-70.8866372,6214,,14.0,,6183,,88,,76.0,,117177.0,,40154.0,,3627,,13,,1424.0,,506.0,
25009990100,42.5067478,-70.6171303,0,,14.0,,0,,0,,14.0,,,-666666666,,-222222222,0,,0,,,-666666666,,-222222222
25011040100,42.6595093,-72.8432645,4443,,254.0,,4424,,369,,89.0,,77043.0,,9349.0,,2167,,0,,1042.0,,77.0,
25011040200,42.6725412,-72.5669105,4560,,240.0,,4549,,307,,93.0,,85069.0,,7677.0,,2468,,0,,1219.0,,442.0,
25011040300,42.677091,-72.4538758,2875,,21.0,,2857,,241,,112.0,,102470.0,,14042.0,,1596,,0,,1189.0,,329.0,
25011040400,42.6121275,-72.3739696,3316,,239.0,,3312,,265,,72.0,,76250.0,,5229.0,,1684,,12,,1173.0,,230.0,
25011040501,42.6028688,-72.3152174,4031,,377.0,,4025,,833,,360.0,,53468.0,,7479.0,,1681,,18,,983.0,,105.0,
25011040502,42.6448538,-72.2600207,3552,,378.0,,3550,,778,,430.0,,56384.0,,8349.0,,1403,,63,,569.0,,54.0,
25011040600,42.4603034,-72.3843581,4629,,283.0,,4621,,343,,90.0,,100820.0,,7806.0,,2359,,7,,1278.0,,132.0,
25011040701,42.5969337,-72.5611665,3904,,282.0,,3800,,439,,176.0,,54700.0,,8483.0,,2090,,30,,1159.0,,66.0,
25011040702,42.5525397,-72.5144492,4597,,284.0,,4597,,428,,160.0,,89342.0,,18431.0,,2392,,0,,1462.0,,299.0,
25011040800,42.4541064,-72.6107838,5174,,256.0,,5112,,810,,206.0,,71798.0,,8359.0,,3064,,199,,1614.0,,101.0,
25011040900,42.5179668,-72.6131394,5136,,19.0,,5098,,367,,186.0,,103110.0,,13168.0,,2961,,49,,1377.0,,145.0,
25011041000,42.6203334,-72.6132243,3400,,343.0,,3239,,538,,254.0,,67639.0,,20500.0,,1481,,0,,723.0,,389.0,
25011041100,42.6179249,-72.5730183,3632,,410.0,,3584,,156,,101.0,,87813.0,,17548.0,,1499,,0,,1151.0,,248.0,
25011041200,42.6019242,-72.5980584,3056,,304.0,,2956,,351,,127.0,,58860.0,,7588.0,,1564,,0,,1273.0,,97.0,
25011041301,42.5932692,-72.6035882,2867,,438.0,,2817,,673,,358.0,,50000.0,,4704.0,,1257,,0,,1127.0,,158.0,
25011041302,42.5869631,-72.5996903,2179,,328.0,,2179,,460,,140.0,,36495.0,,6280.0,,862,,12,,1119.0,,72.0,
25011041400,42.5819387,-72.61251,2528,,264.0,,2251,,486,,274.0,,36952.0,,9548.0,,1017,,33,,848.0,,219.0,
25011041501,42.5260026,-72.7568737,3566,,205.0,,3543,,238,,98.0,,85545.0,,4361.0,,1771,,3,,991.0,,291.0,
25011041502,42.5933756,-72.726928,3477,,299.0,,3468,,426,,132.0,,80464.0,,3709.0,,1603,,0,,1072.0,,90.0,
25013800101,42.1502189,-72.503471,4155,,574.0,,4155,,347,,230.0,,62718.0,,12784.0,,1858,,42,,1205.0,,163.0,
25013800102,42.1556209,-72.4999908,4829,,744.0,,4822,,1109,,351.0,,54052.0,,11179.0,,1959,,172,,1277.0,,124.0,
25013800201,42.1411661,-72.5605022,5972,,899.0,,5972,,977,,401.0,,69857.0,,5086.0,,2933,,0,,1358.0,,237.0,
25013800202,42.1487442,-72.533746,1567,,335.0,,1558,,262,,111.0,,77279.0,,10831.0,,764,,21,,974.0,,580.0,
25013800300,42.1369423,-72.5754808,4676,,596.0,,4643,,682,,260.0,,59861.0,,12896.0,,1920,,26,,1074.0,,326.0,
25013800400,42.1270086,-72.5857131,6085,,1109.0,,5983,,1131,,534.0,,60425.0,,9999.0,,2301,,177,,1348.0,,53.0,
25013800500,42.1232518,-72.5989734,3753,,671.0,,3655,,467,,262.0,,64235.0,,15748.0,,1572,,91,,1400.0,,238.0,
25013800600,42.1201085,-72.6083159,2392,,483.0,,2333,,1094,,399.0,,28019.0,,3276.0,,659,,53,,1063.0,,200.0,
25013800700,42.1177328,-72.618003,4014,,560.0,,4014,,2021,,565.0,,18540.0,,5777.0,,1001,,23,,430.0,,402.0,
25013800800,42.1102115,-72.6037069,2011,,437.0,,2011,,1003,,445.0,,20781.0,,3724.0,,429,,42,,525.0,,144.0,
25013800900,42.1152828,-72.5903571,4200,,786.0,,4200,,1730,,373.0,,15539.0,,4075.0,,1282,,0,,506.0,,304.0,
25013801101,42.1035585,-72.5941975,1636,,215.0,,1636,,964,,240.0,,15717.0,,1820.0,,530,,39,,665.0,,345.0,
25013801102,42.0979447,-72.5852848,1213,,448.0,,1213,,299,,115.0,,58214.0,,17234.0,,668,,101,,1496.0,,134.0,
25013801200,42.1087779,-72.5838586,2364,,468.0,,2240,,1289,,438.0,,19435.0,,7600.0,,775,,131,,982.0,,116.0,
25013801300,42.1156974,-72.5716141,5340,,738.0,,5328,,1694,,580.0,,37208.0,,11100.0,,1676,,92,,734.0,,510.0,
25013801401,42.1275811,-72.5539586,3836,,375.0,,3503,,1397,,431.0,,39588.0,,8284.0,,1436,,45,,999.0,,256.0,
25013801402,42.1250324,-72.5447039,2564,,405.0,,2541,,378,,181.0,,58527.0,,21891.0,,1112,,6,,972.0,,562.0,
25013801501,42.121718,-72.5333379,5394,,725.0,,5282,,462,,234.0,,62228.0,,17517.0,,2412,,21,,1210.0,,455.0,
25013801502,42.1337936,-72.5266524,3582,,653.0,,3573,,951,,482.0,,34881.0,,20548.0,,1268,,80,,988.0,,150.0,
25013801503,42.1394672,-72.5014403,4291,,703.0,,4156,,802,,392.0,,59327.0,,13449.0,,1764,,0,,1352.0,,189.0,
25013801601,42.1111077,-72.5201249,4870,,975.0,,3897,,349,,195.0,,65000.0,,32695.0,,2038,,17,,1385.0,,292.0,
25013801602,42.1241992,-72.5078687,4734,,470.0,,4590,,521,,230.0,,75637.0,,29036.0,,2200,,10,,682.0,,273.0,
25013801603,42.1267663,-72.4881183,3931,,399.0,,3931,,400,,218.0,,96011.0,,8679.0,,2041,,11,,917.0,,870.0,
25013801604,42.1022055,-72.4895603,4150,,863.0,,4096,,239,,178.0,,101357.0,,13959.0,,2042,,0,,1476.0,,421.0,
25013801605,42.0958097,-72.5037021,4876,,734.0,,4712,,1373,,467.0,,71929.0,,9598.0,,2124,,59,,709.0,,450.0,
25013801700,42.1093016,-72.5530472,7468,,946.0,,5143,,1014,,390.0,,47977.0,,10476.0,,2483,,71,,1261.0,,127.0,
25013801800,42.1055652,-72.5654791,4223,,683.0,,3947,,1497,,813.0,,42384.0,,10407.0,,1465,,32,,1136.0,,267.0,
25013801901,42.0950982,-72.5714194,3802,,986.0,,3755,,1739,,929.0,,34288.0,,17458.0,,1211,,150,,855.0,,54.0,
25013801902,42.1025279,-72.5759436,3161,,548.0,,3125,,1232,,449.0,,22319.0,,3918.0,,877,,130,,1085.0,,87.0,
25013802000,42.0920203,-72.5811535,2603,,454.0,,2603,,1322,,411.0,,23750.0,,4501.0,,691,,29,,850.0,,90.0,
25013802101,42.0793013,-72.5687935,6963,,1041.0,,6938,,2531,,856.0,,60463.0,,16506.0,,3107,,206,,1343.0,,167.0,
25013802200,42.0907242,-72.5652523,3137,,717.0,,3094,,1359,,514.0,,42262.0,,17524.0,,1579,,191,,1417.0,,205.0,
25013802300,42.0919724,-72.5559081,6794,,1197.0,,6793,,1812,,899.0,,40162.0,,6854.0,,2846,,156,,1141.0,,126.0,
25013802400,42.1020493,-72.5406623,3783,,499.0,,3777,,368,,199.0,,83991.0,,14819.0,,1866,,42,,1789.0,,528.0,
25013802500,42.0898451,-72.5279649,6985,,705.0,,6985,,751,,446.0,,81626.0,,9497.0,,3867,,0,,1406.0,,264.0,
25013802601,42.081299,-72.5466413,7567,,1046.0,,7567,,2162,,971.0,,63734.0,,21794.0,,3389,,101,,1330.0,,143.0,
25013802602,42.0704803,-72.5445884,1830,,147.0,,1807,,54,,31.0,,70278.0,,12832.0,,902,,10,,1667.0,,154.0,
25013810100,42.1820762,-72.2759715,6467,,459.0,,6380,,593,,211.0,,80000.0,,7819.0,,3211,,0,,854.0,,83.0,
25013810200,42.1943268,-72.3288884,2742,,386.0,,2742,,328,,205.0,,68571.0,,7198.0,,1297,,18,,1318.0,,274.0,
25013810300,42.1715436,-72.3784722,3163,,422.0,,3163,,131,,76.0,,88750.0,,13208.0,,1818,,0,,1137.0,,75.0,
25013810403,42.1594473,-72.4854113,4611,,476.0,,4611,,524,,260.0,,56635.0,,9657.0,,2434,,0,,1199.0,,109.0,
25013810404,42.1647684,-72.4488758,3458,,434.0,,3458,,217,,112.0,,88882.0,,24252.0,,1757,,0,,1373.0,,190.0,
25013810412,42.1765547,-72.4921333,5526,,492.0,,5477,,326,,163.0,,73350.0,,13012.0,,2664,,9,,1163.0,,349.0,
25013810414,42.1971683,-72.4510238,7251,,628.0,,6672,,646,,371.0,,91510.0,,13509.0,,3565,,0,,1398.0,,241.0,
25013810601,42.1652432,-72.5820513,4156,,639.0,,4126,,683,,280.0,,67847.0,,12753.0,,1841,,0,,1226.0,,287.0,
25013810602,42.1734298,-72.5412896,2597,,472.0,,2547,,144,,136.0,,96250.0,,28652.0,,1316,,0,,,-666666666,,-222222222
25013810700,42.154223,-72.5668992,6234,,765.0,,6234,,1598,,524.0,,64018.0,,9891.0,,2708,,43,,1174.0,,259.0,
25013810800,42.1481702,-72.5878815,4143,,578.0,,4088,,782,,248.0,,49111.0,,13180.0,,1657,,54,,1038.0,,144.0,
25013810901,42.1427455,-72.611705,2109,,429.0,,2109,,615,,312.0,,41250.0,,12463.0,,1015,,7,,981.0,,97.0,
25013810902,42.136693,-72.6051697,4719,,509.0,,4366,,577,,330.0,,69267.0,,15096.0,,2297,,59,,1082.0,,124.0,
25013811000,42.1598153,-72.6037697,5082,,721.0,,5082,,327,,247.0,,61563.0,,17615.0,,2397,,1,,1186.0,,89.0,
25013811101,42.1839397,-72.6111598,3848,,479.0,,3639,,651,,251.0,,51250.0,,26046.0,,1797,,76,,992.0,,167.0,
25013811102,42.1632587,-72.6209794,7132,,861.0,,7019,,1112,,660.0,,77870.0,,19033.0,,3519,,0,,984.0,,140.0,
25013811200,42.1810868,-72.5893989,4267,,526.0,,4267,,530,,308.0,,71986.0,,13252.0,,2111,,0,,1089.0,,161.0,
25013811301,42.1992427,-72.5830989,5762,,730.0,,5762,,476,,243.0,,73750.0,,6169.0,,3046,,0,,1183.0,,89.0,
25013811302,42.1999856,-72.5463762,5164,,537.0,,5122,,773,,255.0,,64038.0,,15726.0,,2562,,45,,1294.0,,280.0,
25013811400,42.2038574,-72.5959824,2267,,423.0,,2218,,646,,204.0,,33897.0,,8037.0,,688,,10,,569.0,,150.0,
25013811500,42.1961341,-72.6058386,2054,,382.0,,2054,,1455,,391.0,,21418.0,,3616.0,,349,,75,,873.0,,243.0,
25013811600,42.2009865,-72.6127522,3398,,537.0,,3398,,1296,,450.0,,35592.0,,20557.0,,846,,106,,871.0,,136.0,
25013811700,42.2097753,-72.6050354,1894,,440.0,,1869,,572,,214.0,,23202.0,,12796.0,,571,,0,,806.0,,350.0,
25013811800,42.2124034,-72.6207388,3938,,448.0,,3926,,855,,390.0,,52816.0,,9824.0,,1801,,0,,1053.0,,81.0,
25013811900,42.2477995,-72.6321075,3408,,481.0,,3407,,57,,32.0,,101581.0,,10313.0,,1742,,0,,1269.0,,156.0,
25013812001,42.2077361,-72.6252293,3143,,429.0,,3055,,573,,212.0,,57924.0,,6744.0,,1565,,0,,938.0,,169.0,
25013812002,42.2148066,-72.6499761,4721,,646.0,,4502,,1044,,338.0,,49517.0,,6791.0,,1866,,55,,1246.0,,182.0,
25013812101,42.1951906,-72.6620143,5207,,690.0,,5033,,345,,202.0,,100230.0,,24948.0,,2795,,74,,1774.0,,119.0,
25013812103,42.1840899,-72.6274091,3758,,550.0,,3403,,999,,280.0,,51017.0,,4846.0,,1342,,0,,1045.0,,506.0,
25013812104,42.1930004,-72.6296984,4161,,434.0,,4125,,932,,395.0,,52438.0,,16575.0,,1965,,92,,1088.0,,105.0,
25013812201,42.1210667,-72.6264629,4871,,909.0,,4868,,555,,228.0,,55067.0,,7133.0,,2279,,0,,1260.0,,105.0,
25013812202,42.1484719,-72.6379448,3885,,444.0,,3841,,607,,270.0,,51667.0,,7333.0,,2277,,0,,963.0,,60.0,
25013812300,42.0969696,-72.6140171,5202,,894.0,,5171,,1118,,521.0,,39011.0,,6586.0,,2262,,5,,1151.0,,139.0,
25013812401,42.1357527,-72.6696042,6646,,778.0,,6646,,196,,148.0,,122598.0,,11281.0,,3956,,0,,1185.0,,137.0,
25013812403,42.1067532,-72.6452188,3892,,473.0,,3878,,336,,155.0,,59648.0,,9468.0,,1852,,10,,1085.0,,139.0,
25013812404,42.1196929,-72.6505736,4139,,794.0,,4139,,169,,124.0,,110605.0,,10608.0,,2064,,10,,1116.0,,976.0,
25013812500,42.1476434,-72.705304,7639,,914.0,,7536,,754,,433.0,,95531.0,,18400.0,,3584,,0,,1186.0,,270.0,
25013812600,42.0970829,-72.7313595,6345,,696.0,,6296,,165,,137.0,,99766.0,,16255.0,,3206,,61,,1406.0,,315.0,
25013812701,42.1202969,-72.7564179,4180,,595.0,,4103,,482,,163.0,,54725.0,,4005.0,,1867,,5,,1182.0,,96.0,
25013812702,42.1208544,-72.7407347,5364,,829.0,,5121,,1584,,717.0,,53173.0,,25607.0,,2333,,258,,962.0,,32.0,
25013812800,42.1620353,-72.7739783,7463,,758.0,,7403,,826,,426.0,,88307.0,,6394.0,,3715,,52,,1113.0,,129.0,
25013812901,42.1174206,-72.7753644,2841,,313.0,,2841,,170,,118.0,,84250.0,,24074.0,,1501,,11,,1111.0,,279.0,
25013812902,42.1188875,-72.805223,4736,,635.0,,4736,,194,,84.0,,114176.0,,14349.0,,2464,,0,,1504.0,,532.0,
25013812903,42.1303848,-72.791467,2105,,62.0,,40,,0,,14.0,,,-666666666,,-222222222,326,,0,,,-666666666,,-222222222
25013813001,42.1920235,-72.9640756,2962,,249.0,,2959,,120,,60.0,,90341.0,,4944.0,,1560,,0,,1115.0,,154.0,
25013813002,42.13118,-72.8850695,3817,,257.0,,3799,,233,,118.0,,106300.0,,9359.0,,2006,,4,,967.0,,242.0,
25013813101,42.0535733,-72.7439247,5582,,306.0,,5568,,398,,206.0,,114688.0,,37766.0,,3142,,0,,1352.0,,47.0,
25013813102,42.0561303,-72.7955234,3640,,302.0,,3606,,165,,104.0,,104375.0,,20614.0,,1922,,2,,,-666666666,,-222222222
25013813204,42.094024,-72.6858005,3334,,523.0,,3334,,51,,33.0,,113516.0,,46024.0,,1696,,0,,,-666666666,,-222222222
25013813205,42.0514394,-72.6647232,7371,,775.0,,7206,,629,,237.0,,90808.0,,12578.0,,3748,,105,,1054.0,,308.0,
25013813206,42.0709221,-72.6599096,4167,,868.0,,4167,,329,,172.0,,95262.0,,24179.0,,2329,,14,,1133.0,,97.0,
25013813207,42.0828702,-72.633896,4781,,445.0,,4717,,429,,227.0,,72258.0,,9298.0,,2617,,0,,1325.0,,112.0,
25013813208,42.0557275,-72.6070253,3391,,540.0,,3391,,277,,154.0,,83351.0,,15181.0,,1700,,16,,1574.0,,277.0,
25013813209,42.0827531,-72.6116514,5466,,482.0,,5104,,219,,108.0,,61835.0,,9787.0,,2529,,0,,1071.0,,274.0,
25013813301,42.0465551,-72.5864315,7083,,604.0,,6794,,276,,189.0,,142252.0,,11129.0,,3328,,0,,2762.0,,1003.0,
25013813303,42.053633,-72.5484348,4594,,367.0,,4367,,212,,159.0,,185565.0,,38990.0,,1780,,0,,423.0,,132.0,
25013813304,42.0416997,-72.563477,4047,,527.0,,4047,,109,,114.0,,144358.0,,19177.0,,1750,,0,,3131.0,,2752.0,
25013813401,42.0739761,-72.5264794,5695,,629.0,,5589,,79,,66.0,,96076.0,,14170.0,,2713,,7,,1793.0,,203.0,
25013813403,42.083507,-72.4926853,3973,,467.0,,3971,,158,,79.0,,99569.0,,14861.0,,2012,,0,,,-666666666,,-222222222
25013813404,42.0490058,-72.4916994,6700,,679.0,,6430,,230,,150.0,,133333.0,,42807.0,,3096,,76,,,-666666666,,-222222222
25013813500,42.0711876,-72.4177176,4937,,22.0,,4889,,96,,59.0,,110703.0,,17570.0,,2456,,0,,,-666666666,,-222222222
25013813601,42.1402831,-72.440947,8019,,652.0,,7774,,582,,280.0,,103218.0,,7708.0,,4046,,50,,992.0,,275.0,
25013813602,42.1123929,-72.4301115,6532,,651.0,,6488,,33,,36.0,,158430.0,,13252.0,,3623,,12,,,-666666666,,-222222222
25013813701,42.0813224,-72.2937323,3510,,325.0,,3488,,658,,378.0,,93533.0,,20622.0,,1579,,0,,498.0,,487.0,
25013813702,42.0879681,-72.3431695,4616,,325.0,,4562,,322,,180.0,,82111.0,,10991.0,,2340,,45,,1102.0,,51.0,
25013813801,42.0618485,-72.2055086,4503,,249.0,,4472,,221,,61.0,,90523.0,,8130.0,,2261,,8,,1348.0,,268.0,
25013813802,42.1281757,-72.2053516,3694,,15.0,,3680,,216,,103.0,,101477.0,,27520.0,,1820,,0,,786.0,,225.0,
25015820101,42.2746248,-72.2911058,6676,,401.0,,6621,,367,,204.0,,93274.0,,11406.0,,3355,,12,,1142.0,,103.0,
25015820102,42.2530911,-72.227419,3336,,405.0,,3336,,610,,248.0,,41796.0,,10124.0,,1321,,0,,1009.0,,117.0,
25015820205,42.3162144,-72.3945726,7710,,585.0,,7685,,630,,344.0,,117610.0,,23256.0,,4206,,29,,1382.0,,247.0,
25015820206,42.260072,-72.4122869,3763,,548.0,,3763,,423,,207.0,,106685.0,,32618.0,,1932,,0,,1278.0,,1020.0,
25015820207,42.2976756,-72.4371953,5225,,591.0,,5214,,428,,206.0,,82404.0,,14218.0,,2740,,105,,1243.0,,244.0,
25015820300,42.4122164,-72.5188277,6406,,610.0,,6241,,1952,,413.0,,60972.0,,5639.0,,3233,,698,,1642.0,,142.0,
25015820400,42.3888737,-72.526061,12355,,183.0,,65,,9,,10.0,,,-666666666,,-222222222,2940,,99,,2667.0,,525.0,
25015820500,42.372071,-72.5205553,6308,,721.0,,5658,,1881,,656.0,,48628.0,,20010.0,,3114,,155,,1349.0,,355.0,
25015820600,42.3712298,-72.5103072,1637,,42.0,,31,,6,,9.0,,,-666666666,,-222222222,555,,13,,1568.0,,277.0,
25015820700,42.3707855,-72.4876835,3319,,420.0,,3319,,675,,229.0,,79410.0,,25966.0,,1768,,98,,1494.0,,397.0,
25015820801,42.3291019,-72.5088056,4850,,555.0,,4763,,317,,189.0,,94149.0,,7784.0,,2479,,112,,1917.0,,340.0,
25015820802,42.3238724,-72.5313144,597,,12.0,,0,,0,,14.0,,,-666666666,,-222222222,231,,0,,,-666666666,,-222222222
25015820900,42.2449487,-72.5001426,6088,,18.0,,6068,,281,,158.0,,110188.0,,26967.0,,3574,,0,,,-666666666,,-222222222
25015821000,42.2315905,-72.562781,4036,,430.0,,3940,,219,,124.0,,96806.0,,20864.0,,1964,,0,,1347.0,,702.0,
25015821101,42.2290052,-72.59401,6824,,482.0,,6806,,567,,253.0,,92308.0,,28946.0,,3890,,17,,1173.0,,136.0,
25015821200,42.2548202,-72.5700066,2059,,52.0,,75,,4,,6.0,,170781.0,,44020.0,,800,,0,,,-666666666,,-222222222
25015821300,42.2769358,-72.58155,4491,,421.0,,4315,,313,,174.0,,88839.0,,21589.0,,2093,,0,,1414.0,,89.0,
25015821400,42.3564911,-72.5686319,5299,,16.0,,5182,,161,,109.0,,117580.0,,10937.0,,2699,,99,,1682.0,,430.0,
25015821500,42.3894016,-72.6168064,3324,,25.0,,3308,,261,,135.0,,100381.0,,24567.0,,1920,,38,,1212.0,,493.0,
25015821601,42.3534343,-72.6496638,3628,,400.0,,3472,,319,,147.0,,80799.0,,12096.0,,1724,,20,,1540.0,,286.0,
25015821602,42.3317459,-72.6616768,3570,,375.0,,3482,,501,,138.0,,61538.0,,30610.0,,1933,,42,,1019.0,,304.0,
25015821700,42.3379276,-72.7109887,3724,,396.0,,3427,,210,,121.0,,92303.0,,20957.0,,1480,,35,,1484.0,,509.0,
25015821901,42.322794,-72.641351,3104,,278.0,,2698,,238,,140.0,,80313.0,,27806.0,,1627,,24,,1554.0,,161.0,
25015821903,42.311181,-72.6421677,4123,,471.0,,3863,,842,,356.0,,62863.0,,21083.0,,2223,,136,,1399.0,,142.0,
25015821904,42.3248199,-72.627173,3145,,521.0,,3127,,330,,139.0,,88917.0,,19209.0,,1951,,131,,1580.0,,156.0,
25015822000,42.3184204,-72.6390676,2205,,83.0,,205,,23,,22.0,,93889.0,,32340.0,,789,,0,,1516.0,,602.0,
25015822200,42.3090776,-72.6677331,5141,,543.0,,5104,,709,,388.0,,97375.0,,26246.0,,2554,,30,,1318.0,,152.0,
25015822300,42.2726519,-72.648225,5375,,506.0,,5332,,405,,201.0,,69418.0,,10597.0,,2703,,34,,1217.0,,162.0,
25015822401,42.2599645,-72.6937496,5838,,547.0,,5830,,371,,251.0,,96182.0,,10939.0,,2574,,0,,1134.0,,358.0,
25015822402,42.276126,-72.6696138,4890,,577.0,,4890,,646,,358.0,,58376.0,,13860.0,,2873,,32,,1191.0,,129.0,
25015822500,42.2269485,-72.7415876,6212,,17.0,,6212,,205,,130.0,,125534.0,,18542.0,,3421,,0,,741.0,,363.0,
25015822601,42.2817975,-72.8626463,2205,,298.0,,2205,,277,,166.0,,94871.0,,18949.0,,1271,,7,,1278.0,,249.0,
25015822603,42.3140779,-72.7779767,1514,,146.0,,1486,,86,,38.0,,95192.0,,11900.0,,725,,0,,1339.0,,149.0,
25015822607,42.4061255,-72.7887416,4645,,271.0,,4637,,280,,100.0,,102344.0,,7536.0,,2785,,13,,1323.0,,135.0,
25015822700,42.4249367,-72.9501001,2973,,228.0,,2962,,204,,81.0,,88125.0,,7893.0,,1542,,0,,1023.0,,202.0,
25017300100,42.6762927,-71.8325227,3188,,17.0,,3188,,89,,57.0,,110536.0,,3987.0,,1860,,5,,969.0,,397.0,
25017301101,42.6937868,-71.7114162,4057,,351.0,,4020,,294,,135.0,,107604.0,,29398.0,,1966,,69,,1063.0,,144.0,
25017301102,42.6383921,-71.7146381,4995,,352.0,,4967,,357,,206.0,,122942.0,,11072.0,,2609,,16,,1491.0,,394.0,
25017310101,42.6419169,-71.3125098,3805,,455.0,,3520,,658,,249.0,,66377.0,,12484.0,,1850,,47,,1587.0,,221.0,
25017310102,42.6470253,-71.3116465,2750,,584.0,,2750,,971,,513.0,,49531.0,,20348.0,,1471,,66,,1393.0,,112.0,
25017310200,42.653447,-71.296332,6597,,955.0,,6438,,1226,,671.0,,74386.0,,14168.0,,2599,,27,,1799.0,,234.0,
25017310300,42.6599933,-71.3095747,6563,,850.0,,6563,,707,,391.0,,68071.0,,8935.0,,3163,,116,,1636.0,,167.0,
25017310400,42.6541347,-71.3111418,3823,,634.0,,3808,,1128,,551.0,,54038.0,,15761.0,,1453,,14,,1494.0,,275.0,
25017310500,42.6562242,-71.3260812,3703,,501.0,,3565,,713,,317.0,,75410.0,,14888.0,,2388,,92,,1619.0,,370.0,
25017310601,42.6501982,-71.3642535,5688,,664.0,,5409,,270,,147.0,,75872.0,,11042.0,,2831,,0,,1295.0,,281.0,
25017310602,42.6488833,-71.3439844,6189,,943.0,,6036,,583,,425.0,,94042.0,,29246.0,,3325,,34,,1979.0,,368.0,
25017310700,42.643728,-71.3305258,4475,,546.0,,4060,,898,,463.0,,62102.0,,19687.0,,2112,,92,,1779.0,,326.0,
25017311100,42.6424117,-71.320914,2383,,384.0,,2342,,542,,199.0,,75000.0,,24537.0,,1323,,13,,1744.0,,136.0,
25017311200,42.6378282,-71.3245031,3175,,579.0,,3144,,758,,315.0,,49102.0,,21795.0,,1311,,0,,1413.0,,408.0,
25017311300,42.637105,-71.335285,4606,,880.0,,4186,,1166,,684.0,,80316.0,,11153.0,,2028,,11,,1672.0,,138.0,
25017311400,42.6325528,-71.3518611,6334,,991.0,,6269,,772,,299.0,,90244.0,,15455.0,,3938,,113,,1738.0,,40.0,
25017311500,42.6305469,-71.3345653,3245,,579.0,,3232,,390,,279.0,,122887.0,,36839.0,,1859,,42,,1647.0,,215.0,
25017311600,42.62186,-71.3323941,6329,,963.0,,6329,,472,,284.0,,118170.0,,9875.0,,3548,,102,,1860.0,,191.0,
25017311700,42.629929,-71.3250585,4840,,787.0,,4734,,625,,388.0,,102500.0,,13137.0,,2758,,69,,1633.0,,149.0,
25017311800,42.6337272,-71.3186735,3722,,745.0,,3722,,1068,,513.0,,79034.0,,14919.0,,1894,,21,,1458.0,,420.0,
25017311900,42.6376032,-71.3093264,3016,,371.0,,3012,,698,,255.0,,46108.0,,13177.0,,1461,,58,,1129.0,,217.0,
25017312000,42.6349343,-71.3075023,2909,,593.0,,2909,,537,,275.0,,63676.0,,45983.0,,1266,,3,,1645.0,,106.0,
25017312100,42.6296609,-71.3040896,3480,,551.0,,3480,,392,,250.0,,84678.0,,9061.0,,1753,,20,,1738.0,,298.0,
25017312200,42.6214358,-71.3083671,4846,,629.0,,4817,,320,,185.0,,73295.0,,11562.0,,2441,,18,,1691.0,,118.0,
25017312300,42.6248787,-71.2880733,5163,,727.0,,5093,,124,,100.0,,117649.0,,34415.0,,2729,,26,,1755.0,,81.0,
25017312400,42.6412968,-71.301193,2169,,316.0,,2144,,408,,141.0,,36667.0,,15984.0,,831,,6,,1389.0,,339.0,
25017312501,42.6471705,-71.2834848,4836,,529.0,,4812,,660,,353.0,,106114.0,,11176.0,,2474,,50,,1558.0,,182.0,
25017312502,42.6368993,-71.2835633,4054,,361.0,,4054,,374,,207.0,,117007.0,,11186.0,,2370,,34,,1459.0,,164.0,
25017313101,42.6589732,-71.4519222,7118,,672.0,,7118,,179,,137.0,,163802.0,,34864.0,,3609,,0,,1789.0,,207.0,
25017313102,42.678914,-71.3955585,5306,,676.0,,5306,,419,,413.0,,125938.0,,21775.0,,2883,,30,,2091.0,,600.0,
25017314101,42.6762552,-71.3634359,6907,,790.0,,6907,,443,,252.0,,115369.0,,7719.0,,3557,,0,,1712.0,,126.0,
25017314102,42.6799274,-71.341441,6951,,648.0,,6948,,232,,120.0,,89058.0,,12947.0,,3552,,122,,1920.0,,253.0,
25017314200,42.6812035,-71.3168033,5665,,874.0,,5665,,744,,704.0,,87392.0,,11540.0,,3200,,0,,1558.0,,424.0,
25017314301,42.6790373,-71.2787777,9329,,805.0,,9284,,589,,319.0,,121763.0,,9957.0,,4585,,97,,1737.0,,101.0,
25017314302,42.6928647,-71.2572262,3504,,385.0,,3457,,126,,83.0,,149479.0,,31340.0,,2005,,2,,,-666666666,,-222222222
25017315100,42.6282152,-71.2659186,5835,,723.0,,5835,,203,,125.0,,147034.0,,15748.0,,3259,,18,,,-666666666,,-222222222
25017315200,42.617782,-71.2368957,8733,,967.0,,8627,,197,,125.0,,108438.0,,19964.0,,4789,,104,,2297.0,,163.0,
25017315401,42.6046501,-71.2009317,4042,,759.0,,3889,,375,,78.0,,107656.0,,11983.0,,1893,,28,,2220.0,,602.0,
25017315402,42.6084373,-71.1871072,3302,,380.0,,3297,,72,,43.0,,126429.0,,30623.0,,1783,,47,,2326.0,,138.0,
25017315403,42.5866203,-71.1890309,1590,,118.0,,1557,,46,,35.0,,149808.0,,25099.0,,880,,7,,,-666666666,,-222222222
25017315500,42.5859548,-71.2154501,7666,,649.0,,7642,,31,,36.0,,136724.0,,11525.0,,4209,,19,,1320.0,,664.0,
25017316101,42.5698972,-71.2330845,4633,,399.0,,4633,,104,,75.0,,145875.0,,15454.0,,2648,,76,,1893.0,,307.0,
25017316102,42.5596744,-71.2609482,6646,,953.0,,6642,,172,,72.0,,163327.0,,11645.0,,4102,,20,,2221.0,,174.0,
25017316201,42.5430018,-71.2354539,4388,,667.0,,4381,,104,,83.0,,153333.0,,32239.0,,2242,,127,,,-666666666,,-222222222
25017316202,42.5319893,-71.2244363,3793,,312.0,,3793,,184,,122.0,,126797.0,,29566.0,,2142,,30,,1605.0,,332.0,
25017316300,42.538333,-71.2762998,8536,,907.0,,8486,,622,,372.0,,116659.0,,18689.0,,5555,,27,,2236.0,,203.0,
25017316400,42.5636168,-71.3081888,6902,,654.0,,6154,,154,,103.0,,149191.0,,22614.0,,3746,,68,,2676.0,,143.0,
25017316500,42.5868236,-71.2829028,6802,,737.0,,6570,,478,,216.0,,107313.0,,19948.0,,3719,,55,,1557.0,,236.0,
25017317101,42.5865094,-71.3693734,6486,,566.0,,6486,,488,,266.0,,103808.0,,10471.0,,3238,,73,,1955.0,,307.0,
25017317102,42.6009674,-71.3249037,5136,,1141.0,,5092,,194,,111.0,,131719.0,,15207.0,,2452,,25,,2400.0,,286.0,
25017317103,42.5700606,-71.3561608,4908,,549.0,,4908,,243,,315.0,,160865.0,,34381.0,,2458,,46,,,-666666666,,-222222222
25017317201,42.5993872,-71.3911181,2687,,190.0,,2687,,65,,86.0,,206875.0,,47418.0,,1453,,16,,,-666666666,,-222222222
25017317202,42.6093601,-71.3740841,4259,,995.0,,4259,,34,,29.0,,184531.0,,39410.0,,2147,,10,,,-666666666,,-222222222
25017317203,42.6122111,-71.3465742,3812,,372.0,,3718,,182,,116.0,,132868.0,,22552.0,,2224,,17,,2175.0,,358.0,
25017317301,42.6291501,-71.3761192,3418,,954.0,,3343,,154,,69.0,,142000.0,,44706.0,,1817,,0,,1940.0,,288.0,
25017317302,42.6396768,-71.395644,5514,,646.0,,5514,,173,,125.0,,133225.0,,26310.0,,2965,,94,,1553.0,,254.0,
25017318100,42.6324362,-71.4323582,6831,,595.0,,6795,,76,,59.0,,162763.0,,26696.0,,3555,,127,,,-666666666,,-222222222
25017318200,42.6014367,-71.4743161,4976,,452.0,,4976,,237,,153.0,,146319.0,,33772.0,,2747,,17,,1815.0,,413.0,
25017318300,42.576086,-71.4454859,8224,,719.0,,8201,,138,,114.0,,211590.0,,8632.0,,4390,,52,,3117.0,,527.0,
25017318400,42.5565623,-71.4249536,4553,,454.0,,4495,,126,,68.0,,154104.0,,25149.0,,2234,,6,,1230.0,,1222.0,
25017320102,42.2203648,-71.5720529,5713,,511.0,,5703,,212,,194.0,,244946.0,,29763.0,,3083,,70,,3501.0,,,-333333333
25017320105,42.2486816,-71.5364698,2464,,286.0,,2433,,90,,69.0,,185139.0,,77439.0,,1284,,26,,964.0,,179.0,
25017320106,42.2090785,-71.5163779,6614,,874.0,,6556,,188,,135.0,,215130.0,,45973.0,,3292,,26,,3077.0,,591.0,
25017320107,42.2267405,-71.4914525,4259,,514.0,,4259,,141,,115.0,,178621.0,,13543.0,,2336,,112,,2537.0,,439.0,
25017321100,42.3544961,-71.4973127,6525,,861.0,,6456,,494,,288.0,,92634.0,,18418.0,,3011,,18,,1713.0,,372.0,
25017321200,42.3399836,-71.5290815,8140,,1106.0,,8024,,307,,247.0,,98026.0,,16482.0,,4811,,38,,1803.0,,130.0,
25017321301,42.3430546,-71.548971,4650,,729.0,,4611,,1161,,603.0,,67261.0,,12968.0,,2469,,10,,1249.0,,367.0,
25017321302,42.3332027,-71.5607492,3299,,518.0,,3299,,274,,228.0,,96016.0,,62070.0,,1850,,67,,1315.0,,100.0,
25017321400,42.3414582,-71.5926446,4436,,572.0,,4268,,220,,207.0,,125972.0,,24108.0,,2358,,0,,2756.0,,265.0,
25017321500,42.3569937,-71.5737429,7229,,788.0,,7110,,763,,443.0,,94274.0,,24283.0,,3982,,30,,1993.0,,248.0,
25017321600,42.3643537,-71.5352637,7119,,1012.0,,7109,,550,,267.0,,102883.0,,12222.0,,3747,,0,,1708.0,,398.0,
25017322100,42.3876562,-71.5186309,4843,,567.0,,4843,,40,,30.0,,161358.0,,8730.0,,2606,,10,,,-666666666,,-222222222
25017322200,42.3787848,-71.5744478,4381,,393.0,,4381,,210,,152.0,,109120.0,,21855.0,,2175,,31,,2022.0,,258.0,
25017322300,42.398518,-71.5785343,5843,,538.0,,5832,,505,,209.0,,68665.0,,11018.0,,2832,,15,,1192.0,,179.0,
25017322400,42.3993293,-71.5558248,4892,,602.0,,4892,,179,,112.0,,127976.0,,22722.0,,2686,,62,,1456.0,,144.0,
25017323101,42.419186,-71.5108395,3702,,420.0,,3702,,93,,71.0,,169120.0,,17279.0,,1837,,42,,1821.0,,212.0,
25017323102,42.4460726,-71.526282,3407,,420.0,,3407,,259,,320.0,,194722.0,,33622.0,,1846,,57,,,-666666666,,-222222222
25017324101,42.5232732,-71.4711882,5682,,382.0,,5560,,220,,122.0,,134244.0,,13041.0,,2786,,80,,1990.0,,834.0,
25017324102,42.5490095,-71.5055474,4468,,383.0,,4454,,379,,255.0,,166493.0,,20826.0,,2335,,33,,1034.0,,815.0,
25017325101,42.5615929,-71.5487513,3958,,387.0,,3958,,106,,75.0,,137656.0,,41155.0,,2360,,61,,1585.0,,437.0,
25017325102,42.5633722,-71.5960355,4533,,388.0,,4383,,646,,305.0,,88040.0,,22537.0,,2322,,85,,1201.0,,118.0,
25017326101,42.5995227,-71.5902174,5181,,678.0,,5037,,217,,150.0,,167188.0,,58773.0,,2551,,36,,1737.0,,409.0,
25017326102,42.6190842,-71.5383193,6084,,675.0,,6014,,262,,147.0,,195625.0,,28919.0,,2974,,21,,1178.0,,369.0,
25017327101,42.6915092,-71.6012063,4103,,547.0,,4051,,146,,76.0,,164583.0,,29136.0,,2256,,0,,1363.0,,498.0,
25017327102,42.6696225,-71.5718755,3875,,391.0,,3858,,95,,88.0,,128125.0,,6082.0,,2313,,0,,1766.0,,147.0,
25017327103,42.6454381,-71.6175252,3678,,472.0,,3645,,518,,314.0,,98779.0,,13128.0,,1801,,9,,638.0,,533.0,
25017328100,42.6761491,-71.4997715,3375,,19.0,,3368,,33,,29.0,,202379.0,,15840.0,,1947,,5,,1500.0,,767.0,
25017330101,42.5874348,-71.0499574,3458,,457.0,,3458,,107,,97.0,,215781.0,,37129.0,,1955,,33,,,-666666666,,-222222222
25017330102,42.5784007,-71.0844481,5118,,485.0,,5105,,136,,92.0,,141979.0,,34743.0,,2680,,7,,,-666666666,,-222222222
25017330201,42.578768,-71.1061546,3088,,621.0,,2997,,21,,13.0,,167938.0,,77125.0,,1752,,33,,2344.0,,933.0,
25017330202,42.5753419,-71.1260542,3970,,427.0,,3970,,177,,201.0,,100345.0,,29560.0,,2035,,27,,2029.0,,465.0,
25017331101,42.5855779,-71.1540069,3277,,383.0,,3256,,60,,46.0,,168750.0,,26802.0,,1813,,43,,3051.0,,544.0,
25017331102,42.5539487,-71.1482345,7022,,625.0,,6774,,35,,30.0,,179079.0,,30475.0,,3808,,218,,2372.0,,442.0,
25017331200,42.5739642,-71.1825441,5721,,632.0,,5650,,118,,90.0,,158422.0,,14141.0,,3138,,18,,2750.0,,529.0,
25017331300,42.5421191,-71.1841949,7175,,789.0,,7175,,474,,285.0,,142266.0,,28769.0,,3813,,191,,,-666666666,,-222222222
25017332100,42.5258543,-71.2003549,5758,,627.0,,5758,,90,,59.0,,186118.0,,29532.0,,3113,,34,,,-666666666,,-222222222
25017332201,42.490163,-71.181087,2228,,435.0,,2228,,145,,100.0,,101408.0,,29060.0,,883,,0,,1453.0,,752.0,
25017332202,42.5082759,-71.1799028,6726,,770.0,,6726,,563,,293.0,,126094.0,,22946.0,,4067,,98,,2728.0,,231.0,
25017332300,42.508472,-71.2159455,6884,,926.0,,6883,,346,,231.0,,138770.0,,27059.0,,3803,,271,,2050.0,,221.0,
25017332401,42.4908918,-71.2079529,2543,,386.0,,2403,,147,,95.0,,146146.0,,26998.0,,1219,,0,,2167.0,,1321.0,
25017332402,42.4777173,-71.1952051,2084,,331.0,,2084,,166,,95.0,,127750.0,,46533.0,,1112,,23,,3164.0,,194.0,
25017333100,42.4651759,-71.183421,7412,,662.0,,7382,,427,,209.0,,116864.0,,17862.0,,4119,,276,,2122.0,,130.0,
25017333200,42.4804046,-71.1676609,5203,,773.0,,5191,,437,,184.0,,93110.0,,19319.0,,3078,,131,,1877.0,,407.0,
25017333300,42.4707641,-71.152055,4188,,628.0,,4188,,567,,280.0,,96354.0,,19290.0,,2308,,53,,2075.0,,212.0,
25017333400,42.4845479,-71.132032,6586,,719.0,,6564,,575,,263.0,,109492.0,,14711.0,,3462,,19,,2502.0,,334.0,
25017333501,42.4946324,-71.1515186,4924,,440.0,,4879,,213,,107.0,,101667.0,,29067.0,,2783,,21,,2162.0,,157.0,
25017333502,42.4850405,-71.1461193,3638,,705.0,,3510,,468,,334.0,,112917.0,,36522.0,,1817,,37,,2004.0,,262.0,
25017333601,42.5114241,-71.1370059,1981,,369.0,,1981,,84,,65.0,,128254.0,,14677.0,,1405,,35,,2920.0,,229.0,
25017333602,42.5100768,-71.1570818,7273,,749.0,,7273,,422,,244.0,,92340.0,,36223.0,,3938,,269,,2091.0,,206.0,
25017334100,42.5120977,-71.1186479,6865,,720.0,,6865,,103,,75.0,,177770.0,,16731.0,,3623,,151,,2967.0,,762.0,
25017334200,42.526418,-71.1179942,4246,,497.0,,4193,,100,,67.0,,145000.0,,45859.0,,2371,,257,,1453.0,,238.0,
25017334300,42.5481562,-71.1107766,7738,,634.0,,7658,,253,,196.0,,163993.0,,18326.0,,3797,,171,,855.0,,147.0,
25017334400,42.5314168,-71.0881033,6599,,896.0,,6581,,222,,113.0,,148816.0,,28346.0,,3532,,102,,1691.0,,166.0,
25017335100,42.5155518,-71.0743668,5949,,666.0,,5943,,324,,147.0,,117886.0,,10441.0,,3111,,169,,1764.0,,259.0,
25017335200,42.5008866,-71.0839683,6632,,689.0,,6500,,292,,202.0,,130385.0,,20331.0,,3486,,366,,2040.0,,355.0,
25017335301,42.4938976,-71.0582063,4425,,589.0,,4374,,204,,112.0,,113880.0,,15715.0,,2590,,79,,1574.0,,282.0,
25017335302,42.5132149,-71.0493069,5014,,576.0,,5013,,336,,252.0,,157222.0,,27421.0,,2656,,82,,2019.0,,223.0,
25017335400,42.4822403,-71.0621379,5264,,401.0,,5110,,88,,57.0,,156420.0,,25743.0,,2926,,326,,2163.0,,1165.0,
25017336100,42.4655983,-71.0709236,5472,,694.0,,5472,,236,,111.0,,111439.0,,19549.0,,2855,,346,,1696.0,,707.0,
25017336201,42.4684449,-71.0528271,2923,,463.0,,2923,,143,,126.0,,184923.0,,26441.0,,1585,,219,,3278.0,,350.0,
25017336202,42.4612832,-71.0549338,3223,,442.0,,3126,,72,,63.0,,140625.0,,56398.0,,1462,,223,,2500.0,,535.0,
25017336300,42.449803,-71.0373952,6946,,697.0,,6886,,261,,151.0,,160750.0,,29792.0,,3742,,376,,2157.0,,194.0,
25017336402,42.4546821,-71.0726744,5129,,1001.0,,5035,,155,,109.0,,101797.0,,29627.0,,2549,,490,,1546.0,,225.0,
25017336403,42.4442887,-71.0767308,3316,,497.0,,3316,,133,,113.0,,121745.0,,37242.0,,2198,,550,,2413.0,,352.0,
25017336404,42.4456776,-71.0629718,2479,,323.0,,2479,,81,,78.0,,92188.0,,28891.0,,1580,,297,,1763.0,,85.0,
25017337101,42.4871179,-71.0809904,2861,,325.0,,2861,,89,,65.0,,115592.0,,33458.0,,1600,,71,,604.0,,369.0,
25017337102,42.4668322,-71.0883271,5674,,802.0,,5622,,257,,143.0,,143365.0,,28282.0,,3048,,151,,2282.0,,187.0,
25017337201,42.4947544,-71.0944249,3206,,435.0,,3206,,291,,233.0,,94276.0,,14759.0,,1741,,48,,1727.0,,53.0,
25017337202,42.4908429,-71.1080038,5126,,596.0,,5105,,117,,85.0,,118333.0,,27655.0,,2658,,60,,1912.0,,213.0,
25017337300,42.4608401,-71.1022461,6119,,598.0,,6086,,289,,185.0,,105645.0,,11501.0,,3536,,192,,2070.0,,262.0,
25017338100,42.4659118,-71.1225413,3284,,463.0,,3284,,166,,135.0,,205759.0,,58830.0,,1620,,62,,2331.0,,1247.0,
25017338200,42.4637851,-71.1381327,4067,,435.0,,3872,,150,,98.0,,139375.0,,23113.0,,2138,,78,,1984.0,,392.0,
25017338300,42.4584341,-71.1497227,3483,,338.0,,3423,,112,,69.0,,213611.0,,77579.0,,1416,,143,,3336.0,,204.0,
25017338400,42.4456096,-71.1653408,6024,,475.0,,6024,,78,,84.0,,250001.0,,,-333333333,3213,,279,,1815.0,,1356.0,
25017338500,42.4476714,-71.1285873,6004,,578.0,,6004,,383,,342.0,,250001.0,,,-333333333,2851,,238,,,-666666666,,-222222222
25017339101,42.4203623,-71.1105792,3091,,427.0,,3064,,517,,266.0,,62104.0,,21704.0,,1433,,328,,562.0,,406.0,
25017339102,42.4413706,-71.1123523,3348,,411.0,,3131,,74,,63.0,,141207.0,,30456.0,,1713,,110,,1729.0,,771.0,
25017339200,42.4271789,-71.1368106,5719,,629.0,,5606,,214,,140.0,,185781.0,,27295.0,,3320,,446,,2854.0,,325.0,
25017339300,42.4189818,-71.1340941,3069,,478.0,,3060,,180,,80.0,,108889.0,,32117.0,,1948,,187,,1803.0,,241.0,
25017339400,42.4151299,-71.1238855,3821,,924.0,,3762,,591,,189.0,,118352.0,,58673.0,,2615,,321,,2498.0,,348.0,
25017339500,42.411879,-71.1150079,5506,,543.0,,3860,,292,,146.0,,94122.0,,19422.0,,2927,,417,,2293.0,,128.0,
25017339600,42.4030836,-71.109572,5174,,877.0,,5174,,441,,269.0,,136040.0,,15830.0,,3348,,612,,2834.0,,262.0,
25017339700,42.4059665,-71.1027538,3675,,455.0,,3675,,552,,179.0,,69539.0,,19040.0,,2086,,352,,2229.0,,470.0,
25017339802,42.4073321,-71.0911432,4769,,568.0,,4769,,461,,316.0,,145263.0,,62938.0,,2732,,333,,2590.0,,265.0,
25017339803,42.4055646,-71.0777105,3812,,623.0,,3812,,533,,203.0,,109922.0,,15097.0,,2280,,576,,3429.0,,231.0,
25017339804,42.4112809,-71.0809088,2580,,622.0,,2580,,45,,43.0,,118482.0,,20693.0,,1550,,319,,2163.0,,1582.0,
25017339900,42.4186897,-71.0928483,5174,,714.0,,5174,,413,,256.0,,107720.0,,7454.0,,3200,,348,,1997.0,,191.0,
25017340000,42.4230718,-71.0988148,2701,,475.0,,2701,,110,,66.0,,116605.0,,11079.0,,1502,,141,,2172.0,,171.0,
25017340100,42.4304663,-71.0962673,6623,,783.0,,6493,,233,,202.0,,154453.0,,33770.0,,3712,,368,,2588.0,,280.0,
25017341101,42.4354471,-71.0789964,4092,,699.0,,4083,,393,,191.0,,144750.0,,45547.0,,2230,,525,,2316.0,,130.0,
25017341102,42.4294796,-71.0821193,5593,,977.0,,5593,,961,,492.0,,93350.0,,17697.0,,3047,,817,,2013.0,,237.0,
25017341200,42.4213412,-71.0810667,6969,,969.0,,6969,,986,,448.0,,90541.0,,20717.0,,3915,,832,,1902.0,,348.0,
25017341301,42.4222878,-71.0712551,4290,,571.0,,4287,,859,,340.0,,77004.0,,7905.0,,2193,,625,,2285.0,,136.0,
25017341302,42.4341447,-71.0692365,2584,,708.0,,2584,,318,,184.0,,101908.0,,44388.0,,1685,,349,,2142.0,,155.0,
25017341400,42.4189877,-71.0649184,6715,,986.0,,6603,,675,,570.0,,88625.0,,21172.0,,3987,,700,,1837.0,,144.0,
25017341500,42.4247446,-71.0590073,4775,,813.0,,4775,,450,,191.0,,101016.0,,9188.0,,2378,,377,,1852.0,,181.0,
25017341600,42.4359325,-71.0593047,6472,,793.0,,6425,,925,,457.0,,94816.0,,26777.0,,3905,,1103,,1733.0,,189.0,
25017341700,42.4362591,-71.0476696,6144,,958.0,,6144,,410,,174.0,,97372.0,,31193.0,,3069,,504,,2019.0,,316.0,
25017341800,42.427988,-71.0483722,6435,,836.0,,6435,,1266,,439.0,,56409.0,,6307.0,,3432,,497,,1829.0,,314.0,
25017341901,42.4278707,-71.0340138,1138,,161.0,,1138,,32,,33.0,,100966.0,,21334.0,,610,,84,,1912.0,,201.0,
25017341903,42.4392859,-71.031751,7110,,895.0,,7110,,768,,482.0,,125380.0,,7382.0,,4360,,453,,2495.0,,172.0,
25017341904,42.4339012,-71.0306312,3192,,485.0,,3183,,618,,237.0,,86131.0,,43202.0,,1428,,118,,1519.0,,472.0,
25017342101,42.4109507,-71.0395523,5487,,928.0,,5376,,1081,,614.0,,98813.0,,22940.0,,3011,,380,,1884.0,,282.0,
25017342102,42.4192406,-71.0390042,4870,,612.0,,4830,,443,,206.0,,75682.0,,21289.0,,2647,,431,,1827.0,,166.0,
25017342201,42.4157211,-71.0535723,5646,,1121.0,,5634,,655,,312.0,,94429.0,,19043.0,,2899,,1043,,2146.0,,134.0,
25017342202,42.4203049,-71.047868,3931,,578.0,,3931,,378,,260.0,,73650.0,,19247.0,,2326,,440,,1660.0,,584.0,
25017342301,42.412515,-71.0582888,3903,,1081.0,,3903,,113,,93.0,,107625.0,,45288.0,,1812,,422,,1674.0,,130.0,
25017342302,42.411956,-71.0639722,3624,,574.0,,3624,,426,,255.0,,98788.0,,40607.0,,2209,,377,,1943.0,,209.0,
25017342401,42.4065607,-71.0593394,3674,,631.0,,3674,,764,,339.0,,59227.0,,20467.0,,1873,,383,,1698.0,,175.0,
25017342402,42.3983216,-71.0628461,4362,,1076.0,,4362,,1773,,940.0,,87772.0,,19407.0,,2398,,456,,2525.0,,189.0,
25017342501,42.4057831,-71.0521442,4703,,638.0,,4703,,558,,351.0,,67717.0,,9946.0,,2024,,198,,1952.0,,141.0,
25017342502,42.4111625,-71.0482756,3442,,1034.0,,3422,,671,,329.0,,63652.0,,27718.0,,2277,,97,,1889.0,,137.0,
25017342600,42.4049904,-71.0433146,5594,,805.0,,5594,,671,,415.0,,83448.0,,20595.0,,2833,,357,,2012.0,,192.0,
25017350105,42.3981751,-71.0873012,1271,,146.0,,1271,,26,,25.0,,130536.0,,25205.0,,825,,78,,2659.0,,204.0,
25017350106,42.3936294,-71.0798211,2165,,283.0,,2165,,226,,106.0,,139688.0,,29291.0,,1720,,503,,3433.0,,166.0,
25017350107,42.3892888,-71.083321,1334,,334.0,,1334,,104,,69.0,,121250.0,,19459.0,,729,,164,,2910.0,,450.0,
25017350108,42.3966453,-71.0950657,3814,,582.0,,3814,,637,,329.0,,98359.0,,45605.0,,2209,,233,,2015.0,,350.0,
25017350109,42.392901,-71.0893853,2500,,659.0,,2473,,122,,78.0,,111201.0,,30531.0,,1743,,268,,2133.0,,329.0,
25017350201,42.3893543,-71.0925821,3060,,575.0,,3017,,334,,205.0,,130000.0,,15908.0,,1942,,234,,2352.0,,207.0,
25017350202,42.3923295,-71.0988571,4118,,606.0,,4118,,230,,101.0,,129826.0,,18347.0,,2840,,566,,2344.0,,118.0,
25017350300,42.3951858,-71.1063199,2931,,396.0,,2931,,423,,271.0,,124750.0,,38888.0,,2049,,444,,2750.0,,121.0,
25017350400,42.3983856,-71.115068,5970,,1015.0,,5926,,364,,183.0,,160960.0,,14323.0,,4421,,877,,2803.0,,234.0,
25017350500,42.4000274,-71.1225779,1655,,224.0,,1655,,84,,47.0,,160556.0,,19359.0,,1220,,390,,2827.0,,124.0,
25017350600,42.4046462,-71.1220456,4908,,373.0,,2611,,400,,189.0,,153542.0,,28871.0,,2537,,500,,2887.0,,288.0,
25017350701,42.4055536,-71.1290544,2872,,433.0,,2845,,309,,188.0,,119470.0,,26857.0,,2203,,405,,2648.0,,160.0,
25017350702,42.4105587,-71.1297521,3345,,548.0,,3345,,977,,450.0,,37011.0,,29590.0,,1773,,332,,1080.0,,706.0,
25017350800,42.4000739,-71.1272731,1972,,231.0,,1944,,92,,54.0,,174615.0,,19159.0,,1419,,498,,2834.0,,251.0,
25017350900,42.3942895,-71.1203008,3723,,409.0,,3723,,317,,259.0,,207776.0,,57979.0,,2848,,891,,2891.0,,290.0,
25017351001,42.3872503,-71.1137193,4045,,614.0,,4045,,320,,140.0,,139506.0,,23527.0,,3265,,574,,2513.0,,347.0,
25017351002,42.391727,-71.1114409,2739,,446.0,,2739,,160,,102.0,,149337.0,,20038.0,,1929,,385,,2372.0,,222.0,
25017351101,42.3887962,-71.1042048,3373,,462.0,,3320,,242,,99.0,,127295.0,,14124.0,,2353,,413,,2195.0,,103.0,
25017351102,42.3852405,-71.105037,2081,,565.0,,2081,,98,,77.0,,114063.0,,47114.0,,1540,,225,,2532.0,,201.0,
25017351203,42.3769964,-71.100728,4290,,597.0,,4290,,334,,149.0,,172750.0,,30797.0,,3401,,604,,3025.0,,291.0,
25017351204,42.3815931,-71.1046716,3981,,448.0,,3981,,318,,225.0,,128438.0,,23675.0,,2944,,427,,2575.0,,222.0,
25017351300,42.3834701,-71.0951296,4394,,643.0,,4394,,321,,144.0,,123125.0,,32436.0,,2926,,419,,2195.0,,280.0,
25017351403,42.3863029,-71.0842811,3822,,506.0,,3822,,688,,254.0,,111934.0,,23327.0,,2480,,680,,2246.0,,207.0,
25017351404,42.3837656,-71.0875983,3669,,445.0,,3604,,359,,179.0,,99519.0,,17598.0,,2532,,543,,2234.0,,132.0,
25017351500,42.3771183,-71.0846053,2517,,365.0,,2517,,428,,200.0,,69063.0,,33120.0,,1586,,223,,1887.0,,383.0,
25017352101,42.371642,-71.07397,3428,,406.0,,3218,,386,,193.0,,114408.0,,31097.0,,2447,,280,,3224.0,,270.0,
25017352102,42.3685228,-71.0758378,2849,,602.0,,2849,,233,,117.0,,171745.0,,27803.0,,1719,,290,,2935.0,,425.0,
25017352200,42.3719651,-71.085125,1894,,393.0,,1894,,457,,289.0,,88710.0,,19665.0,,960,,204,,1944.0,,369.0,
25017352300,42.3662197,-71.0835011,4678,,503.0,,4657,,251,,166.0,,174310.0,,23507.0,,3370,,630,,3501.0,,,-333333333
25017352400,42.3650343,-71.0934341,1801,,285.0,,1801,,401,,195.0,,55489.0,,21588.0,,888,,163,,1205.0,,346.0,
25017352500,42.368235,-71.0978873,2980,,410.0,,2980,,290,,112.0,,102464.0,,35458.0,,2032,,397,,2636.0,,490.0,
25017352600,42.3694072,-71.0912216,3091,,478.0,,3091,,563,,365.0,,121293.0,,40877.0,,1923,,335,,2623.0,,308.0,
25017352700,42.3734746,-71.0936021,2102,,396.0,,2102,,449,,260.0,,106979.0,,35910.0,,1317,,259,,2208.0,,568.0,
25017352800,42.3717557,-71.0963101,1887,,347.0,,1887,,115,,49.0,,118333.0,,12886.0,,1234,,176,,2512.0,,185.0,
25017352900,42.3724814,-71.1033526,3143,,429.0,,3096,,142,,108.0,,153723.0,,24556.0,,2008,,210,,2754.0,,488.0,
25017353000,42.3677877,-71.1032789,2923,,400.0,,2923,,442,,222.0,,141667.0,,24724.0,,2119,,792,,2786.0,,118.0,
25017353101,42.3625359,-71.0990808,3747,,388.0,,3371,,924,,312.0,,73558.0,,57216.0,,2122,,630,,2602.0,,453.0,
25017353102,42.3601076,-71.0909495,5151,,128.0,,780,,180,,65.0,,79318.0,,28201.0,,2413,,175,,3332.0,,550.0,
25017353200,42.3584986,-71.1057832,5129,,424.0,,3868,,467,,184.0,,134933.0,,15710.0,,3130,,411,,2673.0,,366.0,
25017353300,42.3585142,-71.1110542,4232,,631.0,,4232,,280,,149.0,,167338.0,,28952.0,,2837,,746,,2832.0,,448.0,
25017353600,42.3805404,-71.1154594,4966,,473.0,,3329,,482,,270.0,,133203.0,,23304.0,,2669,,579,,2590.0,,229.0,
25017353700,42.3745268,-71.1122878,5646,,532.0,,3268,,495,,122.0,,108194.0,,44223.0,,2817,,465,,2484.0,,177.0,
25017353800,42.3708052,-71.1096338,4320,,622.0,,4237,,365,,190.0,,127803.0,,26525.0,,2859,,744,,2883.0,,237.0,
25017353900,42.3662691,-71.1162109,5761,,434.0,,2692,,768,,287.0,,69440.0,,15510.0,,2645,,242,,2895.0,,254.0,
25017354000,42.380987,-71.1226248,4733,,531.0,,3681,,800,,453.0,,94668.0,,15067.0,,2497,,423,,2649.0,,207.0,
25017354100,42.3748851,-71.1256481,2306,,253.0,,2010,,115,,79.0,,137361.0,,46963.0,,1214,,121,,3239.0,,292.0,
25017354200,42.3734076,-71.135224,3336,,480.0,,3302,,192,,125.0,,205441.0,,73234.0,,1705,,112,,3375.0,,442.0,
25017354300,42.3830878,-71.1471164,3450,,427.0,,3370,,210,,115.0,,149375.0,,49619.0,,2019,,319,,2589.0,,166.0,
25017354400,42.3833722,-71.1372911,1870,,244.0,,1865,,118,,58.0,,165521.0,,16434.0,,1032,,128,,2745.0,,305.0,
25017354500,42.3847449,-71.12504,2027,,361.0,,2027,,69,,34.0,,203906.0,,70026.0,,1111,,96,,2340.0,,272.0,
25017354601,42.390845,-71.1491066,1731,,233.0,,1628,,322,,147.0,,95714.0,,24562.0,,1016,,156,,2855.0,,452.0,
25017354602,42.3876828,-71.1359698,4402,,765.0,,4392,,439,,225.0,,110135.0,,32237.0,,2297,,372,,2656.0,,350.0,
25017354700,42.3895812,-71.1226285,2926,,313.0,,2878,,195,,167.0,,159000.0,,24191.0,,1872,,476,,2754.0,,267.0,
25017354800,42.3926658,-71.1279416,2319,,369.0,,2290,,210,,88.0,,172708.0,,24881.0,,1645,,343,,2953.0,,474.0,
25017354901,42.3964207,-71.1489645,3112,,596.0,,3112,,247,,282.0,,156964.0,,17352.0,,2380,,869,,3109.0,,110.0,
25017354902,42.3946771,-71.1357395,5482,,800.0,,5482,,934,,468.0,,90046.0,,33777.0,,2900,,955,,1776.0,,331.0,
25017355000,42.3985275,-71.1342815,3299,,465.0,,3299,,201,,90.0,,153889.0,,64196.0,,2341,,524,,2584.0,,312.0,
25017356100,42.4026607,-71.1456523,3646,,457.0,,3629,,75,,42.0,,155082.0,,14634.0,,2196,,606,,2627.0,,122.0,
25017356300,42.4141319,-71.1408988,5546,,630.0,,5546,,203,,163.0,,115427.0,,17916.0,,3939,,286,,1830.0,,129.0,
25017356400,42.4285594,-71.1583359,7507,,758.0,,7507,,448,,246.0,,183470.0,,30868.0,,3876,,301,,2332.0,,866.0,
25017356500,42.4242961,-71.1853749,7276,,645.0,,7173,,362,,201.0,,134943.0,,33636.0,,3880,,297,,1410.0,,390.0,
25017356601,42.4186038,-71.1730936,4198,,392.0,,4178,,224,,166.0,,140694.0,,26330.0,,2479,,439,,1956.0,,138.0,
25017356602,42.4194011,-71.1817624,4414,,605.0,,4289,,237,,277.0,,155265.0,,28257.0,,2421,,304,,1834.0,,305.0,
25017356701,42.4083786,-71.1438162,6285,,572.0,,6267,,477,,194.0,,139229.0,,19459.0,,4014,,522,,2255.0,,64.0,
25017356703,42.4095378,-71.1574723,3154,,427.0,,3125,,344,,210.0,,135240.0,,44942.0,,1548,,286,,1140.0,,883.0,
25017356704,42.4145126,-71.1661326,3989,,506.0,,3989,,99,,70.0,,156316.0,,39014.0,,2423,,314,,2183.0,,206.0,
25017357100,42.4010318,-71.1665482,5103,,436.0,,5103,,107,,73.0,,163466.0,,33471.0,,2726,,300,,2359.0,,162.0,
25017357200,42.3904062,-71.1658606,3154,,331.0,,3154,,51,,45.0,,228281.0,,50545.0,,1685,,155,,2264.0,,227.0,
25017357300,42.3807211,-71.1600023,3295,,323.0,,3295,,77,,53.0,,163393.0,,28114.0,,1905,,261,,2591.0,,165.0,
25017357400,42.3809695,-71.1679802,2421,,265.0,,2419,,71,,68.0,,212130.0,,43732.0,,1256,,125,,2707.0,,329.0,
25017357500,42.3835221,-71.175986,2369,,297.0,,2369,,127,,77.0,,166563.0,,26141.0,,1265,,175,,2752.0,,185.0,
25017357600,42.3832158,-71.1862578,2729,,394.0,,2719,,102,,69.0,,183214.0,,32563.0,,1433,,165,,2246.0,,74.0,
25017357700,42.3956428,-71.1891107,4040,,348.0,,3892,,286,,108.0,,124516.0,,44061.0,,1986,,247,,2146.0,,295.0,
25017357800,42.403119,-71.187968,3898,,492.0,,3877,,105,,80.0,,227100.0,,33994.0,,1622,,115,,2068.0,,518.0,
25017358100,42.4265458,-71.2064063,5145,,464.0,,5091,,70,,51.0,,234519.0,,35222.0,,2616,,153,,2694.0,,481.0,
25017358300,42.4261135,-71.2340953,6061,,593.0,,6027,,264,,157.0,,213333.0,,58997.0,,2920,,117,,3501.0,,,-333333333
25017358400,42.4377299,-71.2455163,4921,,471.0,,4862,,394,,173.0,,179753.0,,15159.0,,2093,,104,,1084.0,,426.0,
25017358500,42.4453551,-71.202152,5785,,554.0,,5640,,204,,142.0,,239375.0,,22121.0,,2731,,86,,2892.0,,783.0,
25017358600,42.4579056,-71.2500166,6245,,652.0,,6245,,429,,272.0,,207125.0,,35377.0,,3071,,269,,2920.0,,458.0,
25017358700,42.4720157,-71.2276871,5928,,585.0,,5928,,86,,47.0,,250001.0,,,-333333333,2926,,202,,2414.0,,1708.0,
25017359100,42.5084237,-71.2596633,6782,,517.0,,6545,,343,,148.0,,158947.0,,34432.0,,3484,,25,,2699.0,,153.0,
25017359301,42.467798,-71.2969514,0,,14.0,,0,,0,,14.0,,,-666666666,,-222222222,0,,0,,,-666666666,,-222222222
25017359302,42.4608042,-71.2903199,0,,14.0,,0,,0,,14.0,,,-666666666,,-222222222,0,,0,,,-666666666,,-222222222
25017359303,42.4916996,-71.2941307,7561,,515.0,,7521,,230,,106.0,,158984.0,,42497.0,,3358,,35,,1928.0,,217.0,
25017359400,42.3636223,-71.1121707,7073,,503.0,,7073,,1041,,396.0,,115259.0,,24736.0,,3937,,850,,2566.0,,174.0,
25017360300,42.4255064,-71.3108115,6946,,54.0,,6785,,266,,189.0,,180750.0,,35997.0,,2957,,78,,2455.0,,1102.0,
25017361100,42.4426939,-71.3740693,5975,,636.0,,5751,,87,,68.0,,232835.0,,36797.0,,2499,,135,,3335.0,,857.0,
25017361200,42.44525,-71.3995446,6189,,604.0,,5440,,164,,110.0,,184866.0,,37246.0,,2375,,138,,2458.0,,284.0,
25017361300,42.490428,-71.3531968,6062,,490.0,,5811,,180,,135.0,,221029.0,,50447.0,,2215,,19,,1556.0,,1058.0,
25017362100,42.5368071,-71.361324,5209,,20.0,,5187,,107,,81.0,,250001.0,,,-333333333,2402,,69,,1409.0,,429.0,
25017363103,42.5002899,-71.4474589,3211,,315.0,,3211,,65,,53.0,,147639.0,,34236.0,,1710,,31,,1376.0,,23.0,
25017363104,42.4649683,-71.4297616,6300,,619.0,,6300,,284,,177.0,,153065.0,,22732.0,,3471,,96,,1487.0,,601.0,
25017363105,42.5053578,-71.4004675,4316,,911.0,,4201,,194,,130.0,,97679.0,,51814.0,,2172,,53,,1829.0,,126.0,
25017363106,42.522632,-71.41465,3011,,294.0,,2980,,122,,86.0,,107222.0,,10095.0,,1501,,45,,2394.0,,173.0,
25017363201,42.4644272,-71.477543,3341,,445.0,,3341,,77,,71.0,,214513.0,,14038.0,,1773,,81,,1833.0,,556.0,
25017363202,42.479293,-71.4668529,3782,,377.0,,3782,,62,,75.0,,201364.0,,21024.0,,2197,,52,,1767.0,,121.0,
25017364101,42.4374587,-71.4622486,6043,,505.0,,6043,,636,,318.0,,123134.0,,30956.0,,3320,,44,,1262.0,,856.0,
25017364102,42.4197794,-71.4509538,4620,,504.0,,4620,,153,,110.0,,118056.0,,20266.0,,2522,,29,,2003.0,,238.0,
25017365100,42.405063,-71.4125646,8064,,642.0,,8044,,195,,222.0,,250001.0,,,-333333333,3682,,91,,,-666666666,,-222222222
25017365201,42.374693,-71.4326542,6226,,689.0,,6152,,28,,44.0,,227230.0,,13130.0,,2773,,10,,1331.0,,473.0,
25017365202,42.3543267,-71.4450462,4777,,389.0,,4690,,261,,156.0,,221250.0,,38156.0,,2218,,29,,2208.0,,962.0,
25017366100,42.3255606,-71.3663984,4643,,363.0,,4599,,348,,244.0,,178438.0,,27759.0,,2230,,58,,1337.0,,574.0,
25017366201,42.3862881,-71.3511169,3628,,477.0,,3625,,147,,121.0,,250001.0,,,-333333333,1821,,6,,,-666666666,,-222222222
25017366202,42.3457407,-71.3729338,5555,,488.0,,5534,,78,,62.0,,218750.0,,48718.0,,2716,,62,,,-666666666,,-222222222
25017367100,42.3825916,-71.3038201,4620,,445.0,,4543,,283,,246.0,,250001.0,,,-333333333,2030,,112,,2100.0,,754.0,
25017367200,42.3459611,-71.3006085,6823,,449.0,,6149,,173,,146.0,,250001.0,,,-333333333,2671,,57,,2235.0,,345.0,
25017368101,42.4096613,-71.245202,5727,,585.0,,5640,,410,,287.0,,130481.0,,17756.0,,3263,,232,,3039.0,,187.0,
25017368102,42.4076273,-71.2576286,5078,,972.0,,5078,,316,,136.0,,154879.0,,33654.0,,3373,,38,,1986.0,,670.0,
25017368200,42.3927303,-71.2624456,3764,,467.0,,3750,,244,,198.0,,131513.0,,18481.0,,1920,,51,,3391.0,,431.0,
25017368300,42.3770165,-71.2525097,5992,,855.0,,5989,,700,,416.0,,98375.0,,22696.0,,3424,,328,,1808.0,,231.0,
25017368400,42.3656771,-71.2563824,8161,,660.0,,5451,,281,,247.0,,123795.0,,20341.0,,4352,,185,,2500.0,,233.0,
25017368500,42.3692509,-71.2385575,3405,,416.0,,3405,,410,,140.0,,90484.0,,15543.0,,2209,,195,,1821.0,,178.0,
25017368600,42.3624317,-71.2404818,5961,,751.0,,5961,,503,,366.0,,113125.0,,22948.0,,3997,,173,,2036.0,,166.0,
25017368700,42.368618,-71.2265194,2483,,450.0,,2483,,363,,213.0,,80524.0,,37005.0,,1564,,92,,1537.0,,189.0,
25017368800,42.3729926,-71.2242042,5786,,586.0,,5608,,525,,225.0,,128277.0,,40214.0,,3676,,184,,2516.0,,350.0,
25017368901,42.3966857,-71.2285558,6111,,935.0,,6007,,363,,178.0,,134813.0,,38432.0,,3656,,203,,2276.0,,66.0,
25017368902,42.3802452,-71.2312876,3625,,546.0,,3624,,651,,358.0,,57450.0,,15596.0,,1850,,193,,2474.0,,190.0,
25017369000,42.3935801,-71.2139162,3626,,48.0,,212,,128,,50.0,,,-666666666,,-222222222,1364,,67,,,-666666666,,-222222222
25017369100,42.3841027,-71.2077358,5004,,471.0,,4999,,125,,87.0,,133031.0,,16180.0,,3012,,93,,1803.0,,150.0,
25017370101,42.3774193,-71.1966381,6583,,713.0,,6579,,454,,255.0,,124805.0,,13829.0,,3922,,224,,2156.0,,191.0,
25017370103,42.3684134,-71.187865,3344,,612.0,,3344,,292,,135.0,,108258.0,,25235.0,,1854,,116,,2107.0,,240.0,
25017370104,42.3688643,-71.2048673,4343,,677.0,,4343,,193,,134.0,,126050.0,,14819.0,,2311,,117,,2724.0,,306.0,
25017370201,42.3735726,-71.1700537,4321,,547.0,,4321,,76,,50.0,,141176.0,,33348.0,,2466,,209,,2664.0,,136.0,
25017370202,42.3755023,-71.1829631,3455,,298.0,,3450,,88,,55.0,,122917.0,,17224.0,,2180,,171,,2318.0,,146.0,
25017370301,42.3714567,-71.1500991,4159,,511.0,,4112,,284,,168.0,,123983.0,,17511.0,,2556,,305,,2370.0,,221.0,
25017370302,42.3636899,-71.1550322,1976,,531.0,,1932,,118,,71.0,,95714.0,,26084.0,,788,,73,,2172.0,,615.0,
25017370401,42.3668544,-71.1726387,3688,,532.0,,3688,,391,,228.0,,116136.0,,40104.0,,2255,,336,,2231.0,,461.0,
25017370402,42.3627382,-71.1764284,1431,,191.0,,1376,,175,,101.0,,137104.0,,58453.0,,1148,,100,,2373.0,,194.0,
25017370403,42.3624184,-71.1873584,1970,,281.0,,1970,,75,,50.0,,125542.0,,40701.0,,1229,,47,,2705.0,,268.0,
25017373100,42.3557326,-71.1844188,5323,,649.0,,5303,,295,,217.0,,159441.0,,81591.0,,3225,,613,,2509.0,,274.0,
25017373200,42.3609087,-71.2010291,5223,,515.0,,5215,,322,,148.0,,121154.0,,20458.0,,2829,,202,,1983.0,,249.0,
25017373300,42.3569701,-71.2089979,3027,,413.0,,3027,,108,,85.0,,149720.0,,14420.0,,1670,,197,,2581.0,,341.0,
25017373400,42.3474873,-71.2019529,3459,,618.0,,3459,,169,,129.0,,137656.0,,42238.0,,1596,,132,,3232.0,,337.0,
25017373500,42.3440287,-71.1835071,6216,,438.0,,5444,,213,,101.0,,250001.0,,,-333333333,3012,,163,,2938.0,,582.0,
25017373600,42.3300314,-71.1743265,6083,,341.0,,2781,,246,,201.0,,250001.0,,,-333333333,2697,,204,,1960.0,,1345.0,
25017373700,42.3367826,-71.2039895,3713,,440.0,,3713,,38,,30.0,,250001.0,,,-333333333,2001,,273,,2779.0,,641.0,
25017373800,42.326281,-71.191399,6139,,652.0,,6076,,340,,223.0,,159095.0,,15184.0,,3034,,545,,2254.0,,231.0,
25017373901,42.3027698,-71.1790574,3066,,447.0,,3066,,28,,36.0,,248056.0,,58719.0,,1270,,82,,3501.0,,,-333333333
25017373902,42.3126917,-71.1852347,3678,,628.0,,3626,,153,,130.0,,182622.0,,20102.0,,1697,,223,,3501.0,,,-333333333
25017374000,42.3020256,-71.1942283,4337,,660.0,,4156,,107,,59.0,,212991.0,,51591.0,,2359,,141,,,-666666666,,-222222222
25017374100,42.3150049,-71.2118062,5251,,566.0,,5183,,548,,273.0,,120766.0,,35242.0,,2883,,242,,2616.0,,339.0,
25017374200,42.3237866,-71.2133136,4068,,618.0,,4068,,66,,51.0,,242389.0,,26162.0,,2228,,240,,1982.0,,575.0,
25017374300,42.3252956,-71.2358074,3788,,431.0,,3759,,29,,26.0,,250001.0,,,-333333333,1888,,62,,3501.0,,,-333333333
25017374400,42.339608,-71.2264635,5639,,493.0,,5542,,275,,147.0,,242700.0,,67974.0,,2576,,84,,2278.0,,1611.0,
25017374500,42.3541178,-71.220143,4686,,442.0,,4599,,357,,240.0,,135669.0,,36527.0,,2519,,113,,2172.0,,216.0,
25017374600,42.3558585,-71.2298425,5314,,490.0,,5314,,94,,66.0,,167381.0,,21753.0,,3245,,170,,2106.0,,350.0,
25017374700,42.350031,-71.2482919,4421,,537.0,,4421,,358,,230.0,,171333.0,,39294.0,,2618,,181,,2107.0,,274.0,
25017374800,42.3328415,-71.250374,5073,,464.0,,3665,,126,,56.0,,200083.0,,55452.0,,2370,,132,,2621.0,,296.0,
25017382100,42.311683,-71.3412483,4926,,515.0,,4826,,172,,74.0,,151071.0,,21107.0,,2610,,77,,1865.0,,494.0,
25017382200,42.2969096,-71.3394529,5229,,600.0,,5226,,197,,184.0,,149943.0,,62838.0,,3195,,174,,2332.0,,285.0,
25017382300,42.2678202,-71.3249828,5994,,605.0,,5920,,149,,88.0,,202893.0,,56333.0,,3254,,264,,3090.0,,1090.0,
25017382400,42.2727145,-71.3583643,5275,,605.0,,5275,,297,,205.0,,111172.0,,25941.0,,2749,,217,,1432.0,,766.0,
25017382500,42.294909,-71.3665957,5697,,1001.0,,5677,,724,,493.0,,121086.0,,29557.0,,3326,,264,,2445.0,,278.0,
25017382601,42.2768206,-71.3868012,4661,,609.0,,4587,,110,,96.0,,122250.0,,13922.0,,2794,,316,,1995.0,,124.0,
25017382602,42.2898797,-71.3807643,4845,,476.0,,4845,,382,,141.0,,112211.0,,20028.0,,2437,,93,,420.0,,95.0,
25017383101,42.2673461,-71.4076209,4177,,481.0,,3654,,703,,284.0,,64107.0,,27418.0,,2084,,100,,1709.0,,96.0,
25017383102,42.2751063,-71.3985938,5474,,828.0,,5474,,1538,,729.0,,54651.0,,9660.0,,2252,,32,,1480.0,,232.0,
25017383200,42.2683889,-71.4289327,6225,,992.0,,6044,,983,,485.0,,89671.0,,21244.0,,3390,,72,,1976.0,,337.0,
25017383300,42.2821039,-71.4332239,3741,,622.0,,3533,,233,,160.0,,84605.0,,16311.0,,1888,,126,,1648.0,,190.0,
25017383401,42.2852849,-71.4202967,2859,,690.0,,2817,,347,,239.0,,76538.0,,40179.0,,1538,,35,,2142.0,,272.0,
25017383402,42.2846974,-71.4060024,3838,,607.0,,3828,,606,,465.0,,67572.0,,7365.0,,1888,,43,,1750.0,,408.0,
25017383501,42.2962927,-71.4121324,4110,,485.0,,4085,,727,,291.0,,60514.0,,17404.0,,2160,,23,,1094.0,,507.0,
25017383502,42.2957306,-71.4373976,3963,,560.0,,2747,,104,,102.0,,96736.0,,54587.0,,2376,,146,,1832.0,,225.0,
25017383600,42.3054903,-71.4159751,6046,,713.0,,5744,,411,,202.0,,113764.0,,11898.0,,2898,,40,,1915.0,,225.0,
25017383700,42.316093,-71.3957228,5193,,719.0,,5174,,295,,246.0,,115950.0,,6869.0,,3026,,20,,2069.0,,229.0,
25017383800,42.3321788,-71.4058655,6103,,1200.0,,5954,,288,,174.0,,132079.0,,22340.0,,3393,,82,,1924.0,,340.0,
25017383902,42.3195156,-71.4641182,5920,,777.0,,5920,,141,,94.0,,182880.0,,35413.0,,3064,,56,,2442.0,,919.0,
25017383903,42.3173007,-71.4329895,2527,,427.0,,2527,,239,,354.0,,131324.0,,34177.0,,1355,,57,,,-666666666,,-222222222
25017383904,42.3411448,-71.4472708,4913,,476.0,,4806,,441,,183.0,,98611.0,,43006.0,,2614,,156,,1981.0,,619.0,
25017384003,42.2878081,-71.4697809,5475,,820.0,,5392,,519,,233.0,,94088.0,,17686.0,,3354,,69,,2157.0,,116.0,
25017384004,42.2981977,-71.4576599,1449,,171.0,,1405,,31,,25.0,,136581.0,,16281.0,,741,,12,,2052.0,,239.0,
25017385101,42.2568636,-71.4918893,2978,,655.0,,2965,,102,,91.0,,171850.0,,53613.0,,1868,,132,,2786.0,,213.0,
25017385102,42.2762835,-71.4818797,4762,,504.0,,4737,,254,,227.0,,137344.0,,18371.0,,2948,,166,,1569.0,,541.0,
25017385201,42.243672,-71.469597,2871,,349.0,,2794,,110,,63.0,,104857.0,,15105.0,,1452,,60,,1978.0,,280.0,
25017385203,42.2446606,-71.4354475,4611,,508.0,,4572,,225,,148.0,,115819.0,,23305.0,,2580,,91,,3012.0,,533.0,
25017385204,42.2578906,-71.444251,3472,,357.0,,3462,,70,,80.0,,167188.0,,41440.0,,1677,,137,,2287.0,,499.0,
25017386100,42.2319469,-71.3729634,4404,,21.0,,4404,,81,,80.0,,247500.0,,32974.0,,2193,,259,,2313.0,,352.0,
25017387100,42.1930363,-71.4203385,4377,,382.0,,4377,,144,,80.0,,149286.0,,15612.0,,2274,,48,,1703.0,,285.0,
25017387201,42.2180228,-71.4328201,5976,,448.0,,5949,,244,,130.0,,151650.0,,19484.0,,3185,,63,,1644.0,,203.0,
25017387202,42.1906581,-71.4746049,4611,,500.0,,4611,,86,,88.0,,188472.0,,39153.0,,2308,,12,,1508.0,,475.0,
25017388100,42.4859849,-71.5209848,5468,,20.0,,5468,,197,,123.0,,151000.0,,29423.0,,3295,,98,,1816.0,,221.0,
25017388200,42.5736544,-71.6409862,7017,,29.0,,5743,,122,,81.0,,121875.0,,19271.0,,2976,,32,,1189.0,,206.0,
25017388300,42.6499167,-71.3185405,6099,,437.0,,3678,,1161,,302.0,,23688.0,,5258.0,,2316,,53,,586.0,,65.0,
25017980000,42.4099158,-71.4818804,0,,14.0,,0,,0,,14.0,,,-666666666,,-222222222,0,,0,,,-666666666,,-222222222
25019950100,41.2860207,-70.1049314,2385,,623.0,,2347,,154,,69.0,,116719.0,,44107.0,,1097,,15,,2553.0,,364.0,
25019950201,41.2702817,-70.1038086,4665,,769.0,,4614,,33,,38.0,,109420.0,,440.0,,2988,,12,,2223.0,,220.0,
25019950202,41.2578856,-70.1272805,2660,,669.0,,2641,,41,,53.0,,153870.0,,91111.0,,1645,,0,,1833.0,,168.0,
25019950307,41.2913859,-70.203756,478,,155.0,,478,,3,,5.0,,185417.0,,151026.0,,275,,16,,,-666666666,,-222222222
25019950400,41.2561544,-70.0706119,2932,,725.0,,2932,,75,,57.0,,132290.0,,7663.0,,1487,,0,,2269.0,,284.0,
25019950500,41.2899046,-70.0148255,1179,,205.0,,1134,,122,,117.0,,100833.0,,60290.0,,526,,22,,,-666666666,,-222222222
25019990000,41.3055317,-70.1401101,0,,14.0,,0,,0,,14.0,,,-666666666,,-222222222,0,,0,,,-666666666,,-222222222
25021400100,42.3468097,-71.1126351,5314,,513.0,,5091,,804,,301.0,,105083.0,,15641.0,,3056,,491,,2737.0,,188.0,
25021400201,42.3438844,-71.1193879,3198,,558.0,,3198,,251,,261.0,,121133.0,,56656.0,,2074,,356,,2788.0,,434.0,
25021400202,42.3490085,-71.119806,3567,,679.0,,3537,,938,,373.0,,93702.0,,31309.0,,1667,,516,,3002.0,,462.0,
25021400300,42.3470372,-71.1269868,4497,,633.0,,4425,,402,,178.0,,161382.0,,41327.0,,2513,,568,,2924.0,,291.0,
25021400401,42.3425231,-71.1281222,3945,,558.0,,3929,,556,,249.0,,90383.0,,19605.0,,2357,,746,,2393.0,,393.0,
25021400402,42.3418576,-71.1351672,1957,,359.0,,1957,,74,,70.0,,250001.0,,,-333333333,1269,,220,,2808.0,,125.0,
25021400500,42.3373606,-71.1309667,5716,,639.0,,5716,,406,,212.0,,158169.0,,29902.0,,3865,,867,,2977.0,,346.0,
25021400600,42.3322718,-71.137614,5343,,639.0,,5311,,115,,94.0,,167200.0,,34714.0,,3574,,821,,3313.0,,360.0,
25021400700,42.3333172,-71.1248316,3912,,447.0,,3912,,438,,274.0,,166333.0,,37892.0,,2462,,659,,3068.0,,287.0,
25021400800,42.3387738,-71.1173907,5948,,592.0,,5781,,369,,194.0,,131731.0,,26647.0,,3601,,737,,2746.0,,237.0,
25021400900,42.3329543,-71.1172354,3884,,455.0,,3865,,682,,250.0,,95451.0,,28470.0,,2266,,424,,2517.0,,283.0,
25021401000,42.3276898,-71.1196273,3561,,416.0,,3526,,426,,194.0,,131919.0,,10635.0,,1945,,318,,2313.0,,247.0,
25021401100,42.3238534,-71.1420033,4804,,540.0,,4613,,131,,111.0,,242452.0,,38114.0,,2080,,258,,2917.0,,701.0,
25021401201,42.3070892,-71.16167,5475,,776.0,,5475,,383,,178.0,,247663.0,,45393.0,,2789,,283,,3436.0,,315.0,
25021401202,42.3143213,-71.1527779,1701,,222.0,,1284,,38,,33.0,,122031.0,,75234.0,,674,,27,,2879.0,,155.0,
25021402101,42.2667518,-71.1818259,3380,,348.0,,3380,,147,,78.0,,139896.0,,28906.0,,2024,,34,,2172.0,,97.0,
25021402102,42.2499646,-71.1526358,4642,,528.0,,4620,,512,,328.0,,84529.0,,19331.0,,2444,,81,,1232.0,,805.0,
25021402200,42.2331903,-71.1442327,2302,,331.0,,2294,,56,,35.0,,145547.0,,31535.0,,1493,,87,,2380.0,,253.0,
25021402300,42.2235593,-71.1542001,4483,,464.0,,4338,,104,,58.0,,149732.0,,22270.0,,2368,,120,,,-666666666,,-222222222
25021402400,42.2399955,-71.1671784,6367,,567.0,,6367,,128,,84.0,,124507.0,,18501.0,,3801,,317,,2262.0,,496.0,
25021402500,42.2538326,-71.2024174,3935,,378.0,,3385,,174,,128.0,,120000.0,,32503.0,,1751,,115,,2193.0,,624.0,
25021403100,42.2793719,-71.2072084,7472,,661.0,,7452,,326,,240.0,,212264.0,,39186.0,,3471,,331,,3501.0,,,-333333333
25021403300,42.2657298,-71.2421899,4561,,456.0,,4391,,242,,156.0,,250001.0,,,-333333333,2223,,224,,2200.0,,814.0,
25021403400,42.2788255,-71.2663672,6971,,694.0,,6609,,229,,136.0,,213081.0,,25050.0,,3000,,174,,1721.0,,1658.0,
25021403501,42.3009743,-71.2223841,2750,,462.0,,2636,,240,,195.0,,124879.0,,37344.0,,1328,,149,,2582.0,,455.0,
25021403502,42.3027576,-71.2391675,4256,,517.0,,4253,,70,,50.0,,220833.0,,59641.0,,2181,,121,,2045.0,,940.0,
25021404100,42.3159863,-71.2500726,4375,,628.0,,4299,,138,,116.0,,242379.0,,35062.0,,2075,,108,,3501.0,,,-333333333
25021404201,42.3190489,-71.2831806,3998,,354.0,,3941,,70,,52.0,,250001.0,,,-333333333,1693,,65,,3501.0,,,-333333333
25021404202,42.3036249,-71.2712408,5668,,472.0,,3513,,104,,52.0,,203934.0,,41109.0,,2209,,116,,3045.0,,337.0,
25021404301,42.3121162,-71.3101912,5776,,740.0,,5776,,96,,76.0,,250001.0,,,-333333333,2784,,53,,3501.0,,,-333333333
25021404302,42.3004028,-71.3087915,3551,,456.0,,3450,,154,,77.0,,186127.0,,33852.0,,1446,,153,,3000.0,,1214.0,
25021404400,42.2881888,-71.2954958,6538,,479.0,,4282,,249,,110.0,,250001.0,,,-333333333,2965,,145,,2375.0,,795.0,
25021405100,42.2341598,-71.2911666,5893,,30.0,,5879,,119,,82.0,,250001.0,,,-333333333,2735,,157,,2500.0,,990.0,
25021406101,42.2028317,-71.3157161,6169,,505.0,,6122,,173,,105.0,,183315.0,,38620.0,,3098,,183,,1428.0,,1065.0,
25021406102,42.1698248,-71.2999982,6754,,502.0,,6754,,119,,77.0,,242083.0,,34527.0,,3456,,324,,1950.0,,383.0,
25021407101,42.1820148,-71.3682251,4575,,422.0,,4542,,231,,151.0,,152716.0,,15062.0,,2223,,30,,1413.0,,591.0,
25021407102,42.1486773,-71.3740381,4124,,422.0,,4119,,192,,142.0,,147009.0,,19451.0,,2325,,17,,1811.0,,111.0,
25021408102,42.1464659,-71.415591,5022,,447.0,,5004,,231,,177.0,,144949.0,,16022.0,,2742,,44,,1570.0,,164.0,
25021408103,42.1504964,-71.4653663,3419,,551.0,,3419,,112,,168.0,,205781.0,,50226.0,,2050,,0,,,-666666666,,-222222222
25021408104,42.1633622,-71.4139305,4810,,418.0,,4722,,71,,63.0,,182057.0,,14448.0,,2568,,39,,1653.0,,1053.0,
25021409101,42.1167622,-71.3168858,6089,,595.0,,4470,,55,,32.0,,182750.0,,43194.0,,2139,,101,,,-666666666,,-222222222
25021409102,42.1180896,-71.3544221,5467,,597.0,,5467,,153,,144.0,,201705.0,,14415.0,,2806,,159,,1552.0,,699.0,
25021410100,42.0580542,-71.2767392,6755,,711.0,,6738,,329,,109.0,,108083.0,,12760.0,,3065,,70,,723.0,,538.0,
25021410300,42.0576203,-71.2120329,4991,,693.0,,4955,,236,,144.0,,114219.0,,10743.0,,2478,,71,,2553.0,,253.0,
25021410400,42.0874212,-71.2519739,6770,,703.0,,6770,,315,,197.0,,106279.0,,10487.0,,3729,,166,,1760.0,,92.0,
25021411101,42.111629,-71.2626198,4306,,786.0,,4268,,140,,113.0,,174975.0,,39010.0,,2539,,112,,2300.0,,359.0,
25021411102,42.1338598,-71.2402978,4479,,584.0,,4469,,86,,76.0,,178462.0,,54374.0,,2458,,133,,,-666666666,,-222222222
25021411200,42.1568815,-71.2161866,7759,,742.0,,7719,,251,,186.0,,156656.0,,36274.0,,3981,,380,,2105.0,,358.0,
25021411301,42.1741325,-71.2533625,6021,,534.0,,5886,,54,,55.0,,181563.0,,48122.0,,3019,,236,,1675.0,,142.0,
25021411302,42.133485,-71.2769727,3729,,390.0,,3681,,330,,271.0,,131861.0,,26422.0,,1811,,52,,2576.0,,477.0,
25021412100,42.2062827,-71.2278999,6999,,806.0,,6999,,422,,440.0,,234347.0,,16942.0,,3499,,108,,1609.0,,1332.0,
25021412200,42.2354674,-71.2197246,3659,,542.0,,3525,,182,,112.0,,179722.0,,48426.0,,1647,,135,,2310.0,,72.0,
25021412300,42.2148462,-71.1721804,5555,,611.0,,5554,,197,,145.0,,167898.0,,14671.0,,2766,,215,,2934.0,,272.0,
25021413100,42.1880793,-71.1695095,6230,,574.0,,6230,,398,,245.0,,94410.0,,24023.0,,3234,,389,,1657.0,,298.0,
25021413201,42.2002759,-71.1907999,4386,,485.0,,4153,,371,,275.0,,82719.0,,16336.0,,2422,,353,,1448.0,,378.0,
25021413202,42.2059662,-71.2010397,2425,,626.0,,2422,,155,,164.0,,129919.0,,23984.0,,1187,,60,,2787.0,,449.0,
25021413300,42.1943111,-71.2191611,5219,,528.0,,5176,,366,,222.0,,138125.0,,30846.0,,3006,,199,,2279.0,,94.0,
25021413401,42.188694,-71.206481,3385,,454.0,,3346,,150,,92.0,,96651.0,,15723.0,,2133,,190,,1707.0,,95.0,
25021413402,42.1783786,-71.2202468,5014,,574.0,,4891,,347,,289.0,,108258.0,,19121.0,,2888,,401,,2234.0,,44.0,
25021413500,42.1687883,-71.2002849,4721,,606.0,,4688,,741,,319.0,,71715.0,,11090.0,,2664,,85,,2210.0,,79.0,
25021414100,42.1200933,-71.2036931,5645,,512.0,,5589,,75,,81.0,,171958.0,,38433.0,,2989,,454,,2496.0,,1103.0,
25021414200,42.0798811,-71.1613536,7502,,572.0,,7457,,392,,365.0,,211635.0,,42245.0,,3860,,487,,3151.0,,180.0,
25021414300,42.1231218,-71.169319,5331,,489.0,,5327,,256,,157.0,,169632.0,,17417.0,,2558,,364,,1753.0,,392.0,
25021415101,42.1734793,-71.1595529,5683,,598.0,,5561,,225,,201.0,,147163.0,,27034.0,,2948,,398,,1798.0,,383.0,
25021415103,42.1507686,-71.1353241,4166,,359.0,,4101,,178,,166.0,,104861.0,,20361.0,,2285,,204,,2205.0,,297.0,
25021415104,42.1460959,-71.1516091,3638,,550.0,,3638,,78,,50.0,,128704.0,,24651.0,,1808,,46,,1560.0,,1001.0,
25021415201,42.1663813,-71.1011791,3771,,548.0,,3710,,256,,174.0,,133015.0,,76015.0,,2196,,92,,2295.0,,301.0,
25021415202,42.1602119,-71.1191079,3241,,536.0,,3182,,172,,144.0,,142083.0,,28922.0,,1309,,143,,2639.0,,439.0,
25021415300,42.1963267,-71.1287863,3960,,498.0,,3926,,147,,79.0,,152214.0,,55043.0,,1969,,84,,2708.0,,1569.0,
25021416101,42.2404604,-71.0710504,5875,,466.0,,5870,,200,,210.0,,195403.0,,50040.0,,3027,,89,,,-666666666,,-222222222
25021416102,42.2259907,-71.1000663,4167,,795.0,,2805,,97,,53.0,,188523.0,,72724.0,,1994,,25,,2002.0,,233.0,
25021416200,42.2545227,-71.0958574,6786,,814.0,,6718,,498,,364.0,,132433.0,,26171.0,,3636,,766,,1379.0,,173.0,
25021416300,42.2627175,-71.0767067,5410,,603.0,,5372,,266,,187.0,,192365.0,,28149.0,,2577,,278,,1983.0,,307.0,
25021416400,42.2616892,-71.0494421,6282,,665.0,,6282,,210,,156.0,,200542.0,,13469.0,,3055,,101,,,-666666666,,-222222222
25021417100,42.2582773,-71.0263003,6139,,562.0,,6139,,301,,142.0,,102016.0,,16968.0,,3298,,802,,1882.0,,122.0,
25021417201,42.2757627,-71.0348424,5161,,701.0,,5161,,474,,322.0,,116630.0,,37810.0,,3209,,951,,2485.0,,168.0,
25021417202,42.2652928,-71.0308777,3804,,551.0,,3804,,589,,276.0,,103646.0,,45280.0,,2126,,164,,1953.0,,423.0,
25021417300,42.2978783,-71.0286453,3512,,395.0,,3293,,277,,128.0,,134318.0,,22083.0,,2055,,308,,2978.0,,388.0,
25021417400,42.3050138,-70.989041,3078,,386.0,,3078,,142,,85.0,,140781.0,,22251.0,,1476,,139,,2530.0,,1727.0,
25021417501,42.279776,-71.0160241,5702,,870.0,,5702,,459,,342.0,,99800.0,,38145.0,,3328,,681,,2148.0,,87.0,
25021417502,42.2791507,-71.0276145,4643,,443.0,,4643,,469,,225.0,,74408.0,,14301.0,,2879,,601,,1915.0,,227.0,
25021417601,42.2733766,-71.0146488,5426,,762.0,,5017,,415,,168.0,,102308.0,,14050.0,,2897,,649,,1822.0,,205.0,
25021417602,42.2903815,-70.9709845,4909,,639.0,,4909,,540,,253.0,,98778.0,,21784.0,,2716,,457,,1650.0,,98.0,
25021417702,42.2583235,-70.9886912,2701,,423.0,,2694,,294,,139.0,,131724.0,,20347.0,,1424,,283,,1918.0,,169.0,
25021417703,42.2493101,-70.9983631,2131,,208.0,,1944,,265,,101.0,,62083.0,,21851.0,,1007,,351,,1743.0,,305.0,
25021417704,42.2560367,-71.0034097,4187,,848.0,,4187,,231,,126.0,,97708.0,,13127.0,,2635,,647,,2280.0,,265.0,
25021417801,42.264324,-70.9711138,5587,,570.0,,5587,,521,,351.0,,111274.0,,14431.0,,2608,,262,,1973.0,,295.0,
25021417802,42.2566996,-70.9654512,3279,,462.0,,3279,,996,,332.0,,44482.0,,17791.0,,1404,,245,,627.0,,108.0,
25021417901,42.2463221,-70.9772203,7413,,847.0,,7407,,1405,,482.0,,58864.0,,10113.0,,3465,,380,,1757.0,,123.0,
25021417902,42.2463023,-70.9906919,3765,,544.0,,3765,,468,,233.0,,110000.0,,14124.0,,2248,,435,,1984.0,,182.0,
25021418002,42.2386598,-70.995667,7239,,746.0,,7158,,400,,189.0,,103859.0,,13258.0,,3939,,519,,2014.0,,119.0,
25021418003,42.234233,-71.0176985,2786,,465.0,,2786,,240,,137.0,,113147.0,,18006.0,,2168,,384,,2730.0,,127.0,
25021418004,42.2383758,-71.0104993,5208,,710.0,,5194,,652,,279.0,,82826.0,,20613.0,,2973,,422,,1874.0,,137.0,
25021418101,42.2510995,-71.0135658,4878,,758.0,,4857,,605,,291.0,,110682.0,,21099.0,,2610,,354,,1952.0,,172.0,
25021418102,42.2470773,-71.0212136,3555,,692.0,,3550,,241,,128.0,,108621.0,,34079.0,,2363,,364,,2308.0,,225.0,
25021418201,42.2400626,-71.0498493,6219,,837.0,,6198,,1480,,877.0,,73926.0,,10950.0,,3253,,538,,1973.0,,229.0,
25021419100,42.2179715,-71.0218414,5901,,688.0,,5901,,461,,262.0,,127000.0,,11176.0,,3476,,552,,1990.0,,273.0,
25021419200,42.2234333,-70.9950735,5386,,578.0,,5244,,345,,146.0,,123011.0,,27250.0,,2889,,212,,1206.0,,527.0,
25021419300,42.2276289,-70.9851875,4016,,505.0,,4016,,234,,147.0,,102750.0,,15506.0,,2120,,103,,1435.0,,731.0,
25021419400,42.2313703,-70.9701725,3222,,515.0,,3222,,132,,74.0,,94107.0,,34254.0,,1522,,139,,1816.0,,1415.0,
25021419500,42.2097226,-70.9780239,3582,,515.0,,3438,,60,,50.0,,161192.0,,14636.0,,1912,,155,,2370.0,,284.0,
25021419601,42.1968562,-70.981317,1302,,236.0,,1302,,156,,142.0,,101484.0,,11539.0,,797,,93,,2991.0,,1014.0,
25021419602,42.1770444,-70.9965221,6109,,736.0,,6109,,175,,125.0,,137280.0,,30976.0,,3146,,251,,1602.0,,1061.0,
25021419700,42.191861,-71.0017134,4582,,618.0,,4509,,93,,84.0,,168777.0,,21152.0,,2553,,233,,1982.0,,759.0,
25021419800,42.2005902,-71.0225606,4662,,439.0,,4521,,322,,136.0,,89868.0,,33549.0,,2581,,232,,1788.0,,331.0,
25021420101,42.1871207,-71.0350078,6048,,1059.0,,6025,,569,,301.0,,112024.0,,22402.0,,2965,,511,,2437.0,,447.0,
25021420102,42.1919639,-71.0522084,3800,,535.0,,3793,,233,,216.0,,114031.0,,9787.0,,2248,,167,,2515.0,,461.0,
25021420201,42.1790521,-71.0566567,3030,,430.0,,2912,,271,,119.0,,76776.0,,36939.0,,1624,,221,,832.0,,739.0,
25021420202,42.1976918,-71.0761151,6752,,580.0,,6747,,397,,210.0,,96125.0,,25788.0,,3808,,216,,2128.0,,173.0,
25021420301,42.1684211,-71.0416967,7344,,1116.0,,7338,,333,,290.0,,108676.0,,11476.0,,4058,,177,,1806.0,,189.0,
25021420302,42.1524465,-71.0409685,7709,,816.0,,7594,,736,,376.0,,79333.0,,12353.0,,3301,,301,,1950.0,,279.0,
25021421100,42.1380389,-71.0188016,5508,,549.0,,5508,,422,,225.0,,107420.0,,23748.0,,2792,,51,,,-666666666,,-222222222
25021421200,42.1533016,-70.9969789,5812,,550.0,,5767,,318,,233.0,,107902.0,,22824.0,,3265,,218,,1553.0,,629.0,
25021422100,42.1607808,-70.9769861,5546,,555.0,,5542,,180,,96.0,,139141.0,,41058.0,,3043,,107,,2217.0,,429.0,
25021422201,42.1580566,-70.9440171,2119,,360.0,,2110,,105,,78.0,,87454.0,,65613.0,,1356,,126,,2347.0,,157.0,
25021422202,42.170141,-70.9363782,7279,,727.0,,7279,,497,,283.0,,93542.0,,15457.0,,3809,,582,,1672.0,,164.0,
25021422301,42.1916359,-70.9640991,3436,,695.0,,3433,,96,,61.0,,167500.0,,17571.0,,1699,,98,,2023.0,,990.0,
25021422303,42.1931616,-70.9362146,4778,,482.0,,4669,,682,,408.0,,83867.0,,9869.0,,2605,,233,,2021.0,,188.0,
25021422304,42.1822793,-70.9434457,2006,,406.0,,1994,,186,,174.0,,118109.0,,40432.0,,1232,,52,,2158.0,,711.0,
25021422401,42.2115798,-70.9530053,3357,,506.0,,3239,,340,,180.0,,72988.0,,29578.0,,1744,,195,,1829.0,,453.0,
25021422402,42.2152188,-70.9635618,4078,,650.0,,4004,,133,,83.0,,119460.0,,25571.0,,2488,,240,,1604.0,,296.0,
25021422501,42.2045482,-70.9250295,4372,,400.0,,4372,,420,,225.0,,80824.0,,17132.0,,2720,,294,,1833.0,,222.0,
25021422502,42.2137779,-70.9374231,6101,,813.0,,6101,,895,,576.0,,91128.0,,17214.0,,3027,,309,,1690.0,,159.0,
25021422600,42.2286236,-70.9382049,7050,,917.0,,7050,,381,,240.0,,131328.0,,35502.0,,3706,,194,,2190.0,,300.0,
25021422700,42.2395414,-70.9467163,3923,,461.0,,3834,,223,,143.0,,111441.0,,14433.0,,1871,,131,,1763.0,,300.0,
25021422800,42.2494745,-70.9453431,3741,,462.0,,3728,,258,,152.0,,119634.0,,18309.0,,1869,,128,,1871.0,,140.0,
25021423101,42.2365601,-70.7990736,3517,,462.0,,3517,,159,,101.0,,185775.0,,26928.0,,1556,,139,,,-666666666,,-222222222
25021423102,42.262428,-70.7988829,4841,,465.0,,4756,,85,,91.0,,213182.0,,57103.0,,2355,,378,,2547.0,,622.0,
25021440101,42.0185719,-71.323396,6772,,301.0,,6772,,741,,463.0,,76051.0,,21284.0,,3130,,82,,2038.0,,167.0,
25021440102,42.0051263,-71.355793,3100,,302.0,,3100,,69,,50.0,,139375.0,,41321.0,,1777,,14,,1588.0,,445.0,
25021441202,42.0272829,-71.3925792,3002,,240.0,,2986,,87,,53.0,,189583.0,,19832.0,,1630,,76,,,-666666666,,-222222222
25021441203,42.0532043,-71.3081145,3793,,364.0,,3635,,179,,104.0,,127784.0,,23079.0,,1820,,42,,,-666666666,,-222222222
25021441204,42.0708954,-71.3466052,5510,,398.0,,5463,,419,,275.0,,133242.0,,27838.0,,2520,,19,,1125.0,,539.0,
25021442101,42.0945844,-71.3885933,5584,,605.0,,4810,,279,,165.0,,140477.0,,19226.0,,2933,,137,,1700.0,,397.0,
25021442103,42.1176651,-71.4037132,7205,,732.0,,7205,,92,,86.0,,195694.0,,30722.0,,3894,,81,,,-666666666,,-222222222
25021442104,42.0952038,-71.4185478,5632,,628.0,,5632,,268,,303.0,,149464.0,,26523.0,,3572,,105,,1712.0,,454.0,
25021442105,42.0822915,-71.4355615,2144,,402.0,,2144,,83,,53.0,,119489.0,,18257.0,,1308,,27,,2485.0,,310.0,
25021442201,42.0507024,-71.4175967,3951,,349.0,,3936,,302,,217.0,,153194.0,,22547.0,,2230,,77,,2201.0,,251.0,
25021442203,42.0688104,-71.376659,3978,,527.0,,3917,,354,,204.0,,100735.0,,18203.0,,2039,,91,,2099.0,,172.0,
25021442204,42.0817139,-71.3919723,4573,,810.0,,4414,,384,,267.0,,106343.0,,35211.0,,2079,,76,,1048.0,,148.0,
25021443103,42.033356,-71.4765509,4215,,551.0,,4215,,288,,174.0,,121400.0,,34995.0,,2328,,62,,1534.0,,328.0,
25021443104,42.059352,-71.4760814,4649,,541.0,,4621,,349,,250.0,,135164.0,,28402.0,,2636,,7,,1175.0,,784.0,
25021443105,42.0898665,-71.4819762,2167,,320.0,,2167,,88,,73.0,,114150.0,,22276.0,,1162,,21,,,-666666666,,-222222222
25021443106,42.1211694,-71.4650746,6129,,976.0,,6101,,33,,31.0,,108353.0,,28491.0,,2874,,32,,2198.0,,509.0,
25021456101,42.1081632,-71.0830825,3746,,620.0,,3613,,277,,234.0,,110952.0,,20051.0,,1930,,28,,2331.0,,327.0,
25021456102,42.1242491,-71.0866988,5545,,718.0,,5501,,623,,288.0,,83042.0,,14022.0,,2654,,66,,1679.0,,300.0,
25021456200,42.1489398,-71.0816571,3910,,556.0,,3856,,262,,160.0,,116094.0,,6301.0,,2459,,54,,2481.0,,393.0,
25021456301,42.1301077,-71.1096329,2159,,455.0,,2159,,218,,128.0,,75000.0,,24452.0,,1206,,45,,1428.0,,175.0,
25021456302,42.1365269,-71.1215724,4692,,647.0,,4688,,853,,406.0,,60924.0,,47499.0,,2243,,111,,2224.0,,251.0,
25021456401,42.1269479,-71.1282123,2801,,441.0,,2801,,167,,99.0,,100465.0,,20199.0,,1442,,75,,1571.0,,356.0,
25021456402,42.0971245,-71.12013,6221,,625.0,,6221,,263,,173.0,,158906.0,,34496.0,,3179,,106,,2176.0,,564.0,
25021457100,42.1324607,-71.054013,4753,,36.0,,4718,,243,,135.0,,129487.0,,29665.0,,2738,,133,,1648.0,,273.0,
25021457200,42.2868301,-71.232566,6049,,593.0,,6028,,70,,72.0,,215380.0,,64226.0,,3147,,160,,2352.0,,261.0,
25021980000,42.2182832,-71.0547891,0,,14.0,,0,,0,,14.0,,,-666666666,,-222222222,0,,0,,,-666666666,,-222222222
25023500101,42.3402327,-70.8833012,3484,,423.0,,3472,,131,,70.0,,123409.0,,25961.0,,1995,,244,,1819.0,,286.0,
25023500103,42.2713919,-70.8234876,2867,,645.0,,2867,,119,,86.0,,137857.0,,41514.0,,2000,,52,,2294.0,,482.0,
25023500104,42.2822227,-70.8737912,3747,,392.0,,3747,,287,,174.0,,110446.0,,19193.0,,2119,,113,,1744.0,,348.0,
25023501101,42.2535173,-70.8733337,3545,,401.0,,3545,,199,,84.0,,173813.0,,33450.0,,1563,,208,,,-666666666,,-222222222
25023501102,42.2432956,-70.9053723,8680,,683.0,,8525,,290,,191.0,,213993.0,,51913.0,,4228,,590,,2163.0,,666.0,
25023501201,42.2137761,-70.8907817,4322,,572.0,,4322,,75,,78.0,,239833.0,,49741.0,,1999,,162,,,-666666666,,-222222222
25023501203,42.21216,-70.8644592,2444,,271.0,,2444,,20,,31.0,,230865.0,,34837.0,,1226,,26,,,-666666666,,-222222222
25023501204,42.1883725,-70.8941089,5194,,525.0,,5112,,197,,126.0,,88056.0,,38555.0,,1530,,199,,3111.0,,210.0,
25023502101,42.1268058,-70.9125421,6603,,1038.0,,6603,,290,,238.0,,112942.0,,18098.0,,3774,,73,,1649.0,,321.0,
25023502102,42.1062072,-70.9036611,4966,,718.0,,4966,,445,,242.0,,105305.0,,19229.0,,2462,,68,,1261.0,,185.0,
25023502200,42.1470653,-70.9126706,6140,,776.0,,5984,,578,,391.0,,86128.0,,15972.0,,3013,,45,,1750.0,,804.0,
25023503101,42.1329301,-70.8686795,7344,,711.0,,7330,,386,,356.0,,188277.0,,40114.0,,3872,,154,,1911.0,,393.0,
25023503102,42.106252,-70.8465957,7456,,712.0,,7355,,454,,182.0,,168672.0,,22030.0,,3717,,155,,,-666666666,,-222222222
25023504101,42.1695061,-70.8357089,5409,,389.0,,5247,,167,,106.0,,167431.0,,31306.0,,2848,,146,,1714.0,,705.0,
25023504102,42.1510497,-70.795235,5900,,387.0,,5900,,178,,132.0,,199712.0,,15241.0,,2738,,91,,2425.0,,328.0,
25023505102,42.1975067,-70.7967,5676,,598.0,,5650,,85,,52.0,,179138.0,,30713.0,,2912,,255,,1473.0,,370.0,
25023505103,42.2418875,-70.752453,3027,,686.0,,3027,,38,,43.0,,130109.0,,26964.0,,1819,,108,,1853.0,,134.0,
25023505104,42.2075203,-70.7225624,3851,,576.0,,3851,,158,,99.0,,109904.0,,54125.0,,2064,,171,,2078.0,,408.0,
25023505201,42.1611511,-70.7062996,1918,,251.0,,1800,,39,,30.0,,126279.0,,21187.0,,911,,71,,,-666666666,,-222222222
25023505202,42.1919033,-70.7392097,4673,,455.0,,4603,,142,,98.0,,126193.0,,46616.0,,2189,,181,,,-666666666,,-222222222
25023506102,42.1279892,-70.7537137,5851,,671.0,,5801,,452,,288.0,,119340.0,,26645.0,,3347,,180,,1762.0,,175.0,
25023506103,42.113471,-70.7005875,2661,,795.0,,2650,,722,,799.0,,111875.0,,14320.0,,1199,,54,,,-666666666,,-222222222
25023506104,42.1310557,-70.7228626,4153,,530.0,,4106,,55,,14.0,,167793.0,,42910.0,,2360,,66,,,-666666666,,-222222222
25023506202,42.0760301,-70.6973696,2740,,364.0,,2740,,81,,47.0,,130226.0,,9939.0,,1418,,43,,1592.0,,1359.0,
25023506203,42.0814202,-70.6759788,5695,,652.0,,5646,,335,,211.0,,142176.0,,31357.0,,3088,,47,,1239.0,,614.0,
25023506205,42.1150337,-70.671658,2196,,540.0,,2170,,161,,96.0,,125491.0,,26998.0,,1415,,23,,2136.0,,238.0,
25023506206,42.0941101,-70.6502573,2499,,362.0,,2492,,129,,114.0,,92222.0,,51560.0,,1309,,71,,1287.0,,409.0,
25023507101,42.0496358,-70.7526895,5559,,535.0,,5437,,152,,106.0,,188681.0,,34930.0,,2805,,28,,1819.0,,851.0,
25023507103,42.0181081,-70.6896521,4162,,441.0,,4162,,179,,116.0,,197857.0,,31590.0,,2119,,128,,2205.0,,399.0,
25023507104,42.0443524,-70.6792393,6389,,718.0,,6389,,481,,317.0,,142016.0,,41171.0,,2813,,226,,1431.0,,1065.0,
25023508101,42.0957441,-70.8031318,7249,,739.0,,7156,,396,,223.0,,170053.0,,44756.0,,3614,,58,,2646.0,,395.0,
25023508102,42.0461021,-70.8250685,4920,,546.0,,4920,,181,,110.0,,115842.0,,25349.0,,2683,,68,,2213.0,,558.0,
25023508200,42.0543663,-70.793904,6166,,563.0,,6166,,203,,110.0,,134839.0,,25535.0,,3530,,86,,1093.0,,428.0,
25023509101,41.9633114,-70.7370822,7368,,691.0,,7173,,151,,112.0,,115670.0,,20830.0,,4015,,106,,,-666666666,,-222222222
25023509102,42.0033949,-70.7425938,6414,,693.0,,6414,,237,,106.0,,116086.0,,27215.0,,3570,,69,,1199.0,,450.0,
25023510100,42.1154566,-71.0102778,4865,,710.0,,4865,,111,,87.0,,103601.0,,17439.0,,2417,,64,,1875.0,,872.0,
25023510200,42.1039699,-70.9998186,7292,,870.0,,7263,,1229,,610.0,,103293.0,,18149.0,,3782,,113,,1721.0,,169.0,
25023510300,42.1006006,-71.0253675,4293,,796.0,,4293,,889,,364.0,,54292.0,,9752.0,,1679,,189,,1609.0,,128.0,
25023510400,42.0931685,-71.0213329,3954,,669.0,,3932,,1098,,365.0,,58529.0,,18177.0,,1613,,85,,1549.0,,203.0,
25023510501,42.1081161,-71.0335243,3698,,728.0,,3601,,408,,204.0,,109766.0,,17083.0,,1732,,105,,1927.0,,431.0,
25023510503,42.0942619,-71.0655746,3876,,519.0,,3642,,696,,245.0,,54113.0,,22382.0,,1796,,36,,1639.0,,158.0,
25023510504,42.0948677,-71.0331707,2676,,675.0,,2676,,615,,491.0,,39932.0,,36806.0,,913,,36,,693.0,,170.0,
25023510505,42.0981272,-71.0495985,4383,,649.0,,4282,,803,,524.0,,55074.0,,10511.0,,2032,,88,,1374.0,,143.0,
25023510600,42.0805604,-71.0602559,3460,,526.0,,3344,,274,,207.0,,173509.0,,25561.0,,1840,,30,,2632.0,,1358.0,
25023510700,42.0801783,-71.0383569,6946,,1150.0,,6881,,445,,273.0,,148482.0,,64146.0,,3423,,107,,1574.0,,201.0,
25023510800,42.0843702,-71.0282325,7632,,1225.0,,7466,,1323,,705.0,,61735.0,,17009.0,,3554,,379,,1615.0,,157.0,
25023510900,42.0832507,-71.0198693,2389,,517.0,,2385,,759,,243.0,,37558.0,,16804.0,,818,,139,,1072.0,,352.0,
25023511000,42.0876568,-71.0109919,3054,,539.0,,3054,,737,,351.0,,65758.0,,18199.0,,1303,,40,,1402.0,,250.0,
25023511100,42.0916707,-70.9924174,5698,,626.0,,5693,,319,,215.0,,99951.0,,15876.0,,3026,,81,,2238.0,,82.0,
25023511200,42.0783429,-70.9884011,5431,,843.0,,5321,,810,,304.0,,69603.0,,21304.0,,2155,,90,,687.0,,207.0,
25023511301,42.0694477,-71.0040043,6362,,673.0,,6257,,527,,224.0,,66127.0,,19258.0,,2975,,276,,1545.0,,261.0,
25023511302,42.0569497,-70.9954304,3770,,551.0,,3765,,334,,243.0,,98271.0,,21356.0,,1814,,152,,,-666666666,,-222222222
25023511400,42.0750566,-71.0250507,4221,,891.0,,4188,,653,,360.0,,73438.0,,14913.0,,2012,,96,,1951.0,,225.0,
25023511500,42.0698776,-71.0224581,5022,,829.0,,5003,,685,,386.0,,89388.0,,14190.0,,2204,,105,,1878.0,,174.0,
25023511601,42.0617788,-71.0180164,4415,,725.0,,4267,,728,,604.0,,83077.0,,28934.0,,1675,,49,,1968.0,,210.0,
25023511602,42.0525638,-71.0160119,3449,,614.0,,3449,,577,,196.0,,51738.0,,50005.0,,1628,,27,,365.0,,88.0,
25023511701,42.0621008,-71.0373838,5241,,544.0,,5111,,291,,192.0,,110089.0,,14798.0,,2569,,101,,2121.0,,367.0,
25023511702,42.0614128,-71.0605061,2953,,475.0,,2745,,68,,48.0,,116597.0,,21485.0,,1501,,19,,1411.0,,140.0,
25023520100,42.1039601,-70.9458292,7217,,791.0,,7090,,276,,186.0,,126860.0,,11157.0,,3972,,295,,1182.0,,156.0,
25023520201,42.137267,-70.9552544,3515,,417.0,,3515,,206,,108.0,,101164.0,,16947.0,,2060,,71,,1424.0,,393.0,
25023520202,42.1263403,-70.9780198,6276,,807.0,,6276,,475,,371.0,,119133.0,,21608.0,,3415,,24,,1912.0,,316.0,
25023521101,42.0762502,-70.959526,4582,,415.0,,4582,,294,,211.0,,108566.0,,7148.0,,2544,,6,,,-666666666,,-222222222
25023521102,42.079604,-70.9423617,3497,,615.0,,3497,,452,,296.0,,94074.0,,45672.0,,1736,,21,,1875.0,,332.0,
25023521201,42.087609,-70.9344775,3207,,477.0,,3207,,311,,178.0,,102917.0,,23879.0,,2038,,116,,1843.0,,166.0,
25023521202,42.0744164,-70.9145748,3929,,403.0,,3929,,88,,61.0,,120868.0,,20761.0,,2353,,155,,1391.0,,318.0,
25023522101,42.0580419,-70.8501475,4738,,491.0,,4700,,93,,55.0,,117121.0,,24867.0,,2529,,57,,2050.0,,1073.0,
25023522102,42.058518,-70.8823,5877,,493.0,,5812,,178,,109.0,,106894.0,,31141.0,,2804,,91,,,-666666666,,-222222222
25023523100,42.0188638,-70.9654261,3419,,406.0,,3419,,85,,74.0,,127790.0,,13890.0,,2112,,36,,1820.0,,398.0,
25023523201,42.0591118,-70.9731985,3055,,319.0,,2964,,260,,199.0,,115799.0,,18195.0,,1416,,52,,1356.0,,508.0,
25023523203,42.0317036,-70.9139499,4393,,509.0,,4378,,71,,66.0,,177750.0,,59403.0,,2633,,72,,1694.0,,633.0,
25023523204,42.0371161,-70.9421781,3553,,440.0,,3553,,168,,111.0,,115203.0,,19004.0,,1960,,109,,1225.0,,1012.0,
25023524101,42.0333102,-71.0443961,3363,,320.0,,3221,,65,,75.0,,122917.0,,29648.0,,1853,,9,,,-666666666,,-222222222
25023524102,42.0224585,-70.9972849,4319,,322.0,,4310,,279,,215.0,,125027.0,,20455.0,,2321,,15,,2040.0,,662.0,
25023525101,41.9730476,-71.0115279,7289,,568.0,,7259,,461,,241.0,,94885.0,,22673.0,,4190,,29,,2064.0,,283.0,
25023525104,41.9582895,-70.9846206,7408,,808.0,,7217,,245,,144.0,,144456.0,,13153.0,,4161,,95,,1723.0,,388.0,
25023525204,41.9789371,-70.9307743,4033,,548.0,,4033,,95,,79.0,,146667.0,,23329.0,,1951,,96,,,-666666666,,-222222222
25023526100,42.0026344,-70.8637056,7734,,23.0,,7734,,239,,133.0,,106851.0,,18895.0,,3852,,46,,1494.0,,554.0,
25023530100,41.9523965,-70.7006983,4440,,522.0,,4388,,380,,186.0,,91524.0,,22097.0,,2413,,44,,1041.0,,292.0,
25023530200,41.9752998,-70.6806401,4458,,489.0,,4449,,815,,347.0,,71205.0,,19167.0,,2479,,51,,1787.0,,172.0,
25023530300,41.9619817,-70.6673485,3823,,506.0,,3823,,330,,233.0,,70204.0,,13721.0,,2270,,39,,1670.0,,187.0,
25023530400,41.9136094,-70.718282,5779,,708.0,,5779,,157,,119.0,,124158.0,,26937.0,,2909,,65,,,-666666666,,-222222222
25023530500,41.9458544,-70.6510226,5861,,718.0,,5411,,552,,264.0,,95357.0,,34852.0,,3056,,1,,1820.0,,147.0,
25023530600,41.8698585,-70.6603338,6562,,517.0,,5543,,88,,83.0,,128877.0,,7626.0,,2995,,14,,2133.0,,643.0,
25023530700,41.9476234,-70.5958026,6440,,756.0,,6434,,317,,160.0,,111964.0,,8103.0,,3218,,47,,2424.0,,521.0,
25023530801,41.8826508,-70.5640935,6724,,804.0,,6724,,219,,114.0,,135781.0,,10976.0,,3078,,97,,1953.0,,1743.0,
25023530802,41.8888055,-70.5335701,4612,,599.0,,4612,,216,,194.0,,125417.0,,10990.0,,2486,,10,,2262.0,,542.0,
25023530902,41.835615,-70.5576463,4485,,642.0,,4441,,79,,45.0,,124254.0,,14200.0,,2566,,36,,1883.0,,568.0,
25023530903,41.8160569,-70.594455,6162,,616.0,,6142,,533,,409.0,,115194.0,,23871.0,,3115,,0,,2682.0,,314.0,
25023530904,41.7900116,-70.5916498,3310,,718.0,,3295,,46,,41.0,,130117.0,,24582.0,,1767,,24,,,-666666666,,-222222222
25023540101,41.8669369,-70.9463711,4553,,533.0,,4504,,362,,157.0,,102628.0,,20341.0,,2584,,9,,1867.0,,320.0,
25023540102,41.8158517,-70.9348475,2657,,289.0,,2607,,133,,82.0,,118603.0,,26668.0,,1395,,0,,1418.0,,788.0,
25023540103,41.8148141,-70.9899145,4522,,557.0,,4508,,90,,61.0,,167059.0,,18067.0,,2734,,0,,2400.0,,2316.0,
25023541100,41.7608637,-70.8389561,5770,,18.0,,5745,,301,,241.0,,119239.0,,10810.0,,3114,,8,,1442.0,,805.0,
25023542101,41.8674028,-70.8269627,7586,,804.0,,7497,,384,,283.0,,103391.0,,11920.0,,3959,,38,,1768.0,,74.0,
25023542102,41.837442,-70.8858073,2580,,229.0,,2491,,105,,51.0,,99148.0,,11668.0,,1205,,20,,936.0,,351.0,
25023542200,41.9270454,-70.9263128,6130,,593.0,,6026,,369,,281.0,,84324.0,,9325.0,,3025,,50,,1486.0,,322.0,
25023542301,41.8987853,-70.9115839,3998,,537.0,,3886,,339,,210.0,,96058.0,,35865.0,,2083,,0,,1652.0,,164.0,
25023542302,41.8911834,-70.9276185,4066,,441.0,,4051,,652,,359.0,,72625.0,,16380.0,,2402,,2,,1737.0,,106.0,
25023543100,41.9591,-70.8027525,2934,,24.0,,2934,,271,,187.0,,119750.0,,22582.0,,1372,,12,,402.0,,97.0,
25023544100,41.9162554,-70.7878614,5784,,559.0,,5776,,587,,313.0,,97628.0,,10846.0,,2985,,0,,2146.0,,177.0,
25023544200,41.8586967,-70.745874,5861,,561.0,,5844,,176,,129.0,,63658.0,,8933.0,,2896,,86,,,-666666666,,-222222222
25023545100,41.7687663,-70.7545896,7151,,856.0,,7085,,834,,364.0,,70335.0,,13382.0,,3275,,17,,,-666666666,,-222222222
25023545200,41.7811972,-70.6796359,7049,,717.0,,7037,,393,,179.0,,97581.0,,29076.0,,3303,,0,,1584.0,,261.0,
25023545300,41.7464809,-70.6488256,4221,,647.0,,4221,,206,,145.0,,76847.0,,16465.0,,2079,,35,,1712.0,,614.0,
25023545400,41.7298517,-70.6992524,4805,,570.0,,4672,,218,,134.0,,88601.0,,15649.0,,2368,,0,,1253.0,,687.0,
25023560100,41.6613631,-70.8120237,6563,,14.0,,6563,,213,,125.0,,117308.0,,21309.0,,3443,,14,,1478.0,,323.0,
25023561100,41.6991271,-70.7490314,5312,,16.0,,5216,,307,,230.0,,120227.0,,36191.0,,2419,,42,,1452.0,,1096.0,
25023561400,42.000413,-70.951289,6022,,616.0,,6022,,393,,241.0,,78542.0,,34353.0,,2761,,59,,1958.0,,178.0,
25023980200,41.9500489,-70.9519064,1461,,295.0,,70,,9,,12.0,,80729.0,,56684.0,,21,,3,,,-666666666,,-222222222
25023980300,41.990101,-70.9624084,2456,,46.0,,8,,0,,14.0,,,-666666666,,-222222222,1093,,0,,,-666666666,,-222222222
25023990003,42.0626995,-70.5623387,0,,14.0,,0,,0,,14.0,,,-666666666,,-222222222,0,,0,,,-666666666,,-222222222
25025000101,42.3608778,-71.133051,1666,,384.0,,1666,,155,,84.0,,151466.0,,27810.0,,1055,,251,,2625.0,,205.0,
25025000102,42.3590809,-71.1439885,4023,,772.0,,4021,,1062,,510.0,,79000.0,,22606.0,,2526,,569,,2189.0,,742.0,
25025000201,42.3540651,-71.1611678,4332,,811.0,,4319,,636,,551.0,,114271.0,,44397.0,,3015,,532,,2724.0,,205.0,
25025000202,42.3526051,-71.1543443,3703,,430.0,,3703,,822,,291.0,,88625.0,,24911.0,,2221,,507,,2211.0,,196.0,
25025000301,42.3541444,-71.16882,2718,,318.0,,2620,,240,,93.0,,131206.0,,14039.0,,2002,,445,,2754.0,,269.0,
25025000302,42.3472585,-71.1676864,3227,,673.0,,3227,,326,,138.0,,116793.0,,27712.0,,2257,,369,,2587.0,,236.0,
25025000401,42.3438495,-71.1492929,4702,,491.0,,4682,,1088,,325.0,,75366.0,,12559.0,,3098,,1218,,1769.0,,240.0,
25025000402,42.3441742,-71.1588288,3672,,868.0,,3627,,535,,270.0,,111705.0,,30395.0,,2166,,366,,2303.0,,158.0,
25025000502,42.3315048,-71.1574973,5826,,432.0,,2950,,594,,157.0,,82125.0,,13921.0,,3014,,892,,1974.0,,128.0,
25025000503,42.3396411,-71.1500865,2062,,377.0,,2036,,228,,118.0,,92560.0,,9307.0,,1602,,744,,2081.0,,138.0,
25025000505,42.3431835,-71.1411123,1912,,319.0,,1826,,290,,139.0,,80556.0,,23239.0,,1176,,518,,2071.0,,201.0,
25025000506,42.3401535,-71.1459005,2397,,397.0,,2397,,473,,160.0,,73403.0,,15161.0,,1601,,698,,2126.0,,140.0,
25025000601,42.350982,-71.1456705,3620,,480.0,,3610,,415,,137.0,,97877.0,,24740.0,,2462,,603,,2225.0,,96.0,
25025000603,42.3476014,-71.1449263,1763,,462.0,,1745,,761,,420.0,,33229.0,,24217.0,,869,,315,,1690.0,,244.0,
25025000604,42.351044,-71.1397725,2465,,369.0,,2465,,889,,331.0,,60060.0,,28869.0,,1568,,431,,2194.0,,115.0,
25025000701,42.346958,-71.1379847,4111,,808.0,,4098,,792,,330.0,,93326.0,,20945.0,,2989,,941,,2198.0,,72.0,
25025000703,42.3513284,-71.1282176,1724,,203.0,,1724,,629,,154.0,,46985.0,,15045.0,,1208,,542,,2065.0,,183.0,
25025000704,42.3500028,-71.1334045,4043,,634.0,,4022,,798,,256.0,,78778.0,,10787.0,,3122,,1087,,2348.0,,124.0,
25025000804,42.3586255,-71.1308995,3238,,702.0,,3238,,686,,164.0,,81853.0,,26220.0,,1702,,313,,2346.0,,384.0,
25025000805,42.3539909,-71.1278821,3123,,426.0,,2799,,971,,355.0,,53824.0,,30504.0,,1867,,547,,2294.0,,180.0,
25025000806,42.3636765,-71.1264765,2273,,224.0,,1284,,250,,126.0,,89479.0,,39166.0,,888,,93,,3501.0,,,-333333333
25025000807,42.3524656,-71.1168882,3092,,204.0,,31,,20,,24.0,,,-666666666,,-222222222,1152,,76,,,-666666666,,-222222222
25025010103,42.3498504,-71.1034992,3527,,206.0,,558,,158,,61.0,,45000.0,,22091.0,,1374,,196,,2399.0,,472.0,
25025010104,42.34943,-71.0937493,4662,,277.0,,2531,,786,,191.0,,88611.0,,35553.0,,2266,,592,,2554.0,,256.0,
25025010204,42.3464726,-71.1034355,3098,,276.0,,1506,,522,,165.0,,41480.0,,14874.0,,1396,,200,,2267.0,,176.0,
25025010205,42.3432726,-71.0994449,3850,,557.0,,3729,,791,,277.0,,67380.0,,46602.0,,2616,,620,,2392.0,,126.0,
25025010206,42.346504,-71.0942317,2205,,704.0,,2202,,637,,347.0,,60769.0,,38468.0,,1478,,192,,2597.0,,413.0,
25025010300,42.339422,-71.1018257,5099,,174.0,,530,,90,,38.0,,71000.0,,20873.0,,2288,,310,,2079.0,,208.0,
25025010403,42.345075,-71.0880611,2580,,540.0,,2580,,1319,,520.0,,40581.0,,4087.0,,1426,,316,,2209.0,,119.0,
25025010404,42.3419678,-71.0886377,4363,,300.0,,2031,,860,,235.0,,29779.0,,11388.0,,1708,,541,,2139.0,,120.0,
25025010405,42.3398656,-71.0895958,6372,,399.0,,1972,,854,,193.0,,24750.0,,12184.0,,2300,,502,,677.0,,525.0,
25025010408,42.3431682,-71.0958461,1280,,182.0,,1280,,376,,122.0,,75658.0,,8633.0,,916,,103,,2331.0,,78.0,
25025010500,42.3444618,-71.0843482,3241,,458.0,,2598,,845,,173.0,,56386.0,,1240.0,,1304,,208,,3109.0,,706.0,
25025010600,42.3476422,-71.0793745,3220,,413.0,,3220,,354,,154.0,,117422.0,,46647.0,,1900,,355,,2683.0,,471.0,
25025010701,42.3497199,-71.0838784,2354,,303.0,,2024,,197,,89.0,,143125.0,,32585.0,,1532,,222,,2598.0,,354.0,
25025010702,42.3518383,-71.0755131,2163,,311.0,,2052,,156,,78.0,,164716.0,,67675.0,,1496,,163,,2818.0,,342.0,
25025010801,42.3541707,-71.0769092,2677,,320.0,,2361,,163,,86.0,,159141.0,,50718.0,,1739,,99,,2645.0,,283.0,
25025010802,42.3515155,-71.0857007,3170,,440.0,,3050,,197,,86.0,,180313.0,,35550.0,,2222,,348,,2815.0,,244.0,
25025020101,42.3577451,-71.0693336,3907,,629.0,,3881,,156,,98.0,,213421.0,,42846.0,,2634,,142,,2747.0,,353.0,
25025020200,42.3602609,-71.0685049,3124,,415.0,,3124,,393,,108.0,,122737.0,,16097.0,,2506,,382,,2326.0,,232.0,
25025020301,42.3631736,-71.0686464,2399,,465.0,,2340,,292,,114.0,,115370.0,,48899.0,,1509,,259,,3288.0,,266.0,
25025020302,42.3593442,-71.0639956,1201,,139.0,,1201,,98,,64.0,,165938.0,,52653.0,,788,,191,,2842.0,,229.0,
25025020304,42.3640512,-71.0609927,1361,,160.0,,1331,,172,,82.0,,189167.0,,53814.0,,1021,,196,,3501.0,,,-333333333
25025020305,42.366777,-71.0645674,4213,,671.0,,3929,,451,,237.0,,143333.0,,32123.0,,2422,,497,,3247.0,,293.0,
25025030100,42.3669373,-71.0561403,2006,,400.0,,2006,,291,,173.0,,111500.0,,27490.0,,1655,,306,,2536.0,,191.0,
25025030200,42.3646862,-71.0570125,1549,,306.0,,1549,,144,,74.0,,112183.0,,8114.0,,1203,,309,,2362.0,,163.0,
25025030301,42.3599516,-71.0492086,1420,,392.0,,1420,,89,,59.0,,132307.0,,91814.0,,691,,83,,3239.0,,524.0,
25025030302,42.3601404,-71.0577232,2372,,290.0,,1829,,276,,112.0,,146154.0,,22953.0,,1449,,298,,3158.0,,459.0,
25025030400,42.3637112,-71.0536706,3858,,525.0,,3787,,388,,196.0,,112123.0,,16190.0,,2947,,408,,2601.0,,199.0,
25025030500,42.3675671,-71.0515811,2219,,352.0,,2170,,147,,90.0,,139191.0,,33718.0,,1656,,209,,2935.0,,239.0,
25025040100,42.3730476,-71.0597515,2764,,336.0,,2756,,123,,58.0,,189333.0,,44600.0,,1746,,111,,2259.0,,450.0,
25025040200,42.376905,-71.0567739,1586,,291.0,,1586,,329,,209.0,,138000.0,,126936.0,,721,,153,,650.0,,293.0,
25025040300,42.3787362,-71.0633901,4888,,606.0,,4888,,134,,125.0,,184879.0,,49196.0,,3164,,624,,2538.0,,522.0,
25025040401,42.3740347,-71.0665218,2783,,452.0,,2761,,107,,84.0,,155918.0,,49650.0,,1701,,257,,1154.0,,88.0,
25025040600,42.3832248,-71.0698352,3989,,438.0,,3989,,152,,96.0,,160929.0,,20267.0,,2925,,725,,3044.0,,274.0,
25025040801,42.3789064,-71.0518705,3984,,583.0,,3962,,406,,269.0,,100806.0,,31668.0,,2236,,439,,1795.0,,1174.0,
25025050101,42.3816657,-71.0397908,4981,,977.0,,4944,,845,,277.0,,65662.0,,38234.0,,2638,,840,,1003.0,,656.0,
25025050200,42.3775778,-71.0357577,5908,,848.0,,5908,,1160,,485.0,,97462.0,,13681.0,,3421,,1727,,2041.0,,190.0,
25025050300,42.3722392,-71.0434118,3567,,481.0,,3566,,607,,203.0,,74894.0,,7744.0,,2123,,711,,1736.0,,406.0,
25025050400,42.36822,-71.0378995,2270,,513.0,,2270,,350,,171.0,,76307.0,,37347.0,,1250,,665,,2375.0,,364.0,
25025050500,42.3708587,-71.031925,1846,,264.0,,1846,,264,,136.0,,109758.0,,16446.0,,1303,,742,,2283.0,,168.0,
25025050600,42.3719233,-71.0372787,2425,,517.0,,2399,,153,,110.0,,74704.0,,18646.0,,1491,,780,,2126.0,,110.0,
25025050700,42.3753741,-71.0332347,4427,,735.0,,4427,,836,,449.0,,87063.0,,21348.0,,2754,,1762,,2120.0,,187.0,
25025050901,42.3819368,-71.0295001,3981,,780.0,,3981,,355,,237.0,,111192.0,,34452.0,,2279,,1144,,1953.0,,160.0,
25025051000,42.3873027,-71.0161271,5069,,703.0,,5069,,397,,201.0,,96536.0,,32189.0,,3414,,1160,,2205.0,,203.0,
25025051101,42.3854556,-71.0043188,6223,,949.0,,6095,,956,,496.0,,80000.0,,33160.0,,3472,,880,,1481.0,,263.0,
25025051200,42.364448,-71.0364673,3390,,411.0,,3374,,348,,184.0,,117194.0,,26902.0,,2415,,823,,2795.0,,226.0,
25025060101,42.3347618,-71.0279302,3693,,502.0,,3651,,82,,66.0,,167250.0,,30330.0,,2647,,646,,2846.0,,265.0,
25025060200,42.3325583,-71.0326799,2271,,432.0,,2271,,140,,73.0,,178063.0,,17334.0,,1659,,310,,3385.0,,192.0,
25025060301,42.3334669,-71.0369483,3622,,701.0,,3622,,321,,157.0,,183375.0,,28132.0,,2687,,467,,2951.0,,787.0,
25025060400,42.3323988,-71.0428981,5283,,772.0,,5283,,216,,268.0,,186174.0,,49357.0,,4239,,1150,,3101.0,,913.0,
25025060501,42.3368686,-71.0382133,4476,,627.0,,4476,,200,,128.0,,162426.0,,23081.0,,3344,,599,,2981.0,,662.0,
25025060601,42.3392514,-71.0489604,1802,,339.0,,1802,,69,,78.0,,182965.0,,47909.0,,1527,,559,,3141.0,,543.0,
25025060602,42.3441304,-71.0461108,399,,152.0,,399,,21,,31.0,,117278.0,,45107.0,,357,,48,,3410.0,,297.0,
25025060603,42.3477038,-71.041147,1721,,238.0,,1721,,91,,58.0,,160417.0,,46080.0,,1479,,149,,3501.0,,,-333333333
25025060604,42.3514186,-71.0402409,3053,,318.0,,3053,,40,,34.0,,218982.0,,34023.0,,2506,,232,,3501.0,,,-333333333
25025060700,42.3385217,-71.0539041,1804,,401.0,,1804,,667,,294.0,,23670.0,,707.0,,583,,257,,777.0,,123.0,
25025060800,42.3353908,-71.0514885,4513,,514.0,,4488,,332,,144.0,,171940.0,,33982.0,,3461,,817,,3040.0,,650.0,
25025061000,42.3317196,-71.0499288,2342,,495.0,,2342,,582,,340.0,,84176.0,,33150.0,,1430,,430,,1154.0,,279.0,
25025061101,42.3262844,-71.0542968,2571,,428.0,,2567,,1229,,388.0,,24318.0,,13908.0,,1120,,542,,834.0,,325.0,
25025061201,42.3326075,-71.0576503,1744,,403.0,,1737,,394,,362.0,,124342.0,,51508.0,,1171,,387,,2865.0,,244.0,
25025061202,42.3387527,-71.0625085,0,,14.0,,0,,0,,14.0,,,-666666666,,-222222222,0,,0,,,-666666666,,-222222222
25025061203,42.3416085,-71.0566283,2524,,365.0,,2339,,82,,72.0,,250001.0,,,-333333333,1903,,567,,3454.0,,316.0,
25025061204,42.3457244,-71.0532683,939,,224.0,,939,,33,,28.0,,166692.0,,16212.0,,698,,41,,3501.0,,,-333333333
25025070102,42.3556883,-71.0617639,2942,,344.0,,2026,,723,,278.0,,90962.0,,56571.0,,1301,,234,,2374.0,,546.0,
25025070103,42.3478532,-71.0598082,647,,266.0,,647,,47,,37.0,,95000.0,,34042.0,,385,,61,,3054.0,,570.0,
25025070104,42.3523203,-71.0562868,2413,,409.0,,2413,,562,,288.0,,214097.0,,58891.0,,1481,,190,,3501.0,,,-333333333
25025070201,42.3500054,-71.0653769,3415,,292.0,,1469,,594,,160.0,,38393.0,,24169.0,,1324,,249,,,-666666666,,-222222222
25025070202,42.3500656,-71.0619598,4136,,538.0,,3865,,1152,,358.0,,40694.0,,17047.0,,2184,,356,,1921.0,,330.0,
25025070301,42.346324,-71.0716357,2660,,640.0,,2658,,358,,375.0,,204102.0,,69397.0,,1534,,194,,2817.0,,465.0,
25025070302,42.3499539,-71.0694197,1781,,247.0,,1781,,389,,183.0,,121250.0,,65935.0,,917,,203,,2061.0,,404.0,
25025070402,42.3455432,-71.0651669,3341,,305.0,,3321,,1107,,273.0,,75091.0,,25348.0,,1744,,164,,2512.0,,862.0,
25025070501,42.3431213,-71.0691593,2147,,329.0,,2147,,89,,54.0,,224821.0,,28913.0,,1493,,48,,3090.0,,359.0,
25025070502,42.3411012,-71.0737001,3687,,799.0,,3675,,1558,,597.0,,52736.0,,47242.0,,1566,,196,,765.0,,52.0,
25025070600,42.3432581,-71.0753887,2343,,431.0,,2343,,75,,50.0,,241008.0,,32975.0,,1474,,186,,3321.0,,206.0,
25025070700,42.3458828,-71.0761507,2504,,397.0,,2504,,283,,169.0,,126695.0,,51403.0,,1671,,486,,2444.0,,761.0,
25025070801,42.3399771,-71.0825322,1148,,389.0,,1148,,407,,376.0,,44811.0,,14672.0,,603,,252,,2162.0,,657.0,
25025070802,42.3417055,-71.0802334,2247,,366.0,,2247,,279,,134.0,,90670.0,,32058.0,,1444,,403,,2653.0,,869.0,
25025070901,42.3377169,-71.0795662,1268,,267.0,,1261,,257,,121.0,,40406.0,,15971.0,,638,,297,,823.0,,630.0,
25025070902,42.338807,-71.0774493,2273,,282.0,,2251,,393,,153.0,,126875.0,,42922.0,,1445,,319,,2371.0,,608.0,
25025071101,42.3359523,-71.0727888,3758,,504.0,,3658,,969,,305.0,,91338.0,,8912.0,,2223,,514,,1989.0,,346.0,
25025071201,42.3397875,-71.0670373,4285,,693.0,,4239,,678,,151.0,,112540.0,,19319.0,,1900,,304,,1388.0,,531.0,
25025080100,42.3293312,-71.0705295,2593,,336.0,,2146,,555,,216.0,,58000.0,,17534.0,,1144,,438,,1625.0,,227.0,
25025080300,42.3274519,-71.0790504,2065,,383.0,,2056,,649,,237.0,,41474.0,,19024.0,,802,,353,,1506.0,,202.0,
25025080401,42.3321176,-71.0808969,3109,,477.0,,3096,,967,,303.0,,32526.0,,13387.0,,1240,,283,,969.0,,245.0,
25025080500,42.3356843,-71.0825085,3485,,408.0,,3485,,1125,,361.0,,44031.0,,16873.0,,1282,,459,,1241.0,,373.0,
25025080601,42.3333769,-71.0880443,3649,,401.0,,1424,,796,,347.0,,23693.0,,14416.0,,1363,,320,,973.0,,517.0,
25025080801,42.3346063,-71.0962114,4425,,810.0,,2929,,1256,,529.0,,38188.0,,32186.0,,1787,,704,,713.0,,291.0,
25025080900,42.3323435,-71.1016923,3420,,474.0,,3404,,1231,,265.0,,66042.0,,16454.0,,1808,,387,,2173.0,,199.0,
25025081001,42.3345574,-71.1068296,5230,,773.0,,5218,,1889,,625.0,,48022.0,,14428.0,,2767,,786,,1759.0,,189.0,
25025081101,42.3270449,-71.1124512,1557,,299.0,,1439,,169,,114.0,,82568.0,,8869.0,,966,,349,,2772.0,,592.0,
25025081102,42.3288046,-71.1059304,2935,,586.0,,2915,,781,,209.0,,89253.0,,16965.0,,1847,,322,,2175.0,,229.0,
25025081200,42.3243654,-71.1037533,3523,,539.0,,3523,,1182,,393.0,,34792.0,,27314.0,,1464,,539,,632.0,,181.0,
25025081301,42.3186892,-71.0993402,2635,,907.0,,2617,,1315,,798.0,,33182.0,,14112.0,,833,,218,,845.0,,105.0,
25025081302,42.3197631,-71.096562,2251,,379.0,,2222,,715,,305.0,,29962.0,,7446.0,,922,,211,,1103.0,,228.0,
25025081400,42.3277602,-71.0937549,3442,,439.0,,3428,,1095,,275.0,,73375.0,,31764.0,,1822,,504,,1586.0,,403.0,
25025081500,42.3207186,-71.0929141,2589,,453.0,,2521,,425,,214.0,,75708.0,,11525.0,,1284,,307,,2034.0,,507.0,
25025081700,42.3226992,-71.0860337,3676,,445.0,,3629,,1036,,390.0,,32288.0,,6098.0,,1453,,436,,661.0,,444.0,
25025081800,42.3203184,-71.0800303,3305,,606.0,,3305,,582,,255.0,,60720.0,,29492.0,,1784,,633,,1186.0,,738.0,
25025081900,42.3154742,-71.089652,3304,,898.0,,3128,,738,,371.0,,70341.0,,59865.0,,1820,,542,,1400.0,,311.0,
25025082000,42.3137479,-71.0839483,3383,,666.0,,3379,,1257,,372.0,,44963.0,,21192.0,,1375,,417,,1350.0,,349.0,
25025082100,42.3094485,-71.0872292,4052,,1134.0,,4052,,934,,534.0,,29441.0,,5615.0,,1472,,634,,814.0,,327.0,
25025090100,42.3023758,-71.0820195,5529,,852.0,,5529,,1751,,707.0,,37198.0,,12504.0,,2099,,671,,1567.0,,622.0,
25025090200,42.3071378,-71.0790559,3090,,614.0,,3090,,809,,428.0,,44676.0,,21933.0,,1116,,464,,744.0,,639.0,
25025090300,42.3109366,-71.076505,3494,,650.0,,3494,,688,,393.0,,47691.0,,21442.0,,1634,,570,,1501.0,,273.0,
25025090400,42.3171635,-71.0747098,3647,,665.0,,3647,,577,,237.0,,64492.0,,16348.0,,1553,,447,,1461.0,,867.0,
25025090600,42.3229604,-71.0722753,2219,,367.0,,2219,,582,,237.0,,60787.0,,22433.0,,1154,,343,,1814.0,,272.0,
25025090700,42.324115,-71.0600141,4562,,476.0,,4562,,863,,340.0,,92426.0,,53689.0,,2514,,646,,1672.0,,359.0,
25025090901,42.317172,-71.044563,2971,,400.0,,2971,,1071,,336.0,,55096.0,,9363.0,,1406,,346,,2212.0,,255.0,
25025091001,42.3082205,-71.0517137,3365,,566.0,,3354,,253,,121.0,,89265.0,,23879.0,,2048,,782,,2376.0,,193.0,
25025091100,42.3156248,-71.0556094,4679,,577.0,,4632,,511,,216.0,,129732.0,,25810.0,,3076,,1019,,2283.0,,190.0,
25025091200,42.3163259,-71.0622198,3055,,452.0,,3030,,975,,415.0,,67594.0,,18618.0,,1874,,537,,1286.0,,220.0,
25025091300,42.3199357,-71.0668701,2687,,377.0,,2687,,867,,324.0,,60962.0,,20419.0,,1102,,392,,1817.0,,472.0,
25025091400,42.3152689,-71.0698538,3212,,459.0,,3205,,967,,358.0,,51926.0,,20525.0,,1433,,402,,1320.0,,281.0,
25025091500,42.3114941,-71.0643707,3591,,508.0,,3591,,951,,427.0,,62717.0,,12819.0,,1824,,439,,1820.0,,291.0,
25025091600,42.3060353,-71.0611919,2557,,816.0,,2480,,448,,180.0,,45321.0,,24061.0,,1212,,234,,1510.0,,444.0,
25025091700,42.3036084,-71.0659184,3186,,574.0,,3152,,859,,431.0,,72780.0,,22122.0,,1396,,591,,2131.0,,249.0,
25025091800,42.3073664,-71.0705167,3499,,676.0,,3484,,1120,,464.0,,41817.0,,39188.0,,1649,,437,,1847.0,,404.0,
25025091900,42.3008408,-71.0755308,4678,,879.0,,4622,,734,,396.0,,74160.0,,23273.0,,2253,,627,,1696.0,,188.0,
25025092000,42.2996758,-71.0675668,6148,,1035.0,,6128,,1149,,478.0,,59757.0,,19927.0,,3192,,1026,,1608.0,,454.0,
25025092101,42.2979499,-71.0541278,6190,,876.0,,6067,,1046,,537.0,,62368.0,,17528.0,,2748,,711,,2177.0,,212.0,
25025092200,42.2950131,-71.0661804,3642,,688.0,,3593,,400,,308.0,,107273.0,,20883.0,,2043,,381,,1743.0,,583.0,
25025092300,42.2939435,-71.0750607,3890,,493.0,,3890,,592,,341.0,,73047.0,,37303.0,,1958,,386,,2061.0,,277.0,
25025092400,42.2960408,-71.0849902,5987,,1143.0,,5987,,1442,,453.0,,56528.0,,26300.0,,2551,,595,,1238.0,,335.0,
25025100100,42.2902498,-71.0873027,6080,,953.0,,5951,,1441,,679.0,,42269.0,,12369.0,,2622,,1116,,1297.0,,470.0,
25025100200,42.2848003,-71.0857223,3420,,538.0,,3392,,714,,337.0,,74679.0,,12542.0,,1553,,430,,1732.0,,595.0,
25025100300,42.2827979,-71.0797972,3920,,748.0,,3890,,205,,194.0,,85344.0,,16129.0,,1828,,380,,2092.0,,204.0,
25025100400,42.2817867,-71.0708444,5109,,836.0,,5024,,1087,,527.0,,115906.0,,14710.0,,2684,,569,,2076.0,,202.0,
25025100500,42.2882316,-71.0707467,7694,,976.0,,7491,,1544,,703.0,,66944.0,,37940.0,,4083,,1171,,1729.0,,520.0,
25025100601,42.2908491,-71.0562794,6368,,891.0,,6269,,795,,525.0,,112446.0,,17667.0,,3294,,558,,2302.0,,250.0,
25025100603,42.2914125,-71.0421575,2269,,453.0,,2198,,169,,145.0,,140153.0,,41230.0,,1531,,185,,1880.0,,661.0,
25025100700,42.2826719,-71.0479602,4721,,673.0,,4721,,187,,93.0,,135450.0,,32454.0,,2657,,238,,1988.0,,364.0,
25025100800,42.2775008,-71.0636843,5816,,788.0,,5816,,608,,250.0,,77224.0,,28030.0,,3279,,643,,1948.0,,220.0,
25025100900,42.2740065,-71.0742308,4681,,812.0,,4676,,186,,138.0,,114034.0,,16638.0,,2633,,590,,1847.0,,356.0,
25025101001,42.2721326,-71.101728,6697,,1001.0,,6697,,430,,351.0,,93452.0,,17685.0,,3424,,635,,1762.0,,132.0,
25025101002,42.2740572,-71.0853267,6369,,849.0,,6338,,1635,,819.0,,48667.0,,8421.0,,2693,,422,,1395.0,,273.0,
25025101101,42.2848807,-71.0958793,4144,,850.0,,4144,,723,,299.0,,75357.0,,41895.0,,2136,,674,,1918.0,,293.0,
25025101102,42.2787956,-71.0920463,4733,,805.0,,4733,,1269,,431.0,,46379.0,,5339.0,,2127,,633,,1755.0,,298.0,
25025110104,42.2934302,-71.1208887,2204,,300.0,,2194,,463,,252.0,,79464.0,,18460.0,,1106,,242,,,-666666666,,-222222222
25025110105,42.2988673,-71.1114074,2702,,590.0,,2702,,191,,104.0,,152019.0,,33016.0,,2058,,606,,2644.0,,361.0,
25025110106,42.2924541,-71.116541,1685,,570.0,,1685,,111,,43.0,,108974.0,,94406.0,,958,,362,,2682.0,,180.0,
25025110201,42.280496,-71.1170508,2251,,442.0,,2251,,394,,141.0,,70139.0,,34837.0,,1075,,349,,1232.0,,1180.0,
25025110301,42.2868052,-71.1132775,2648,,354.0,,2616,,141,,93.0,,107450.0,,11870.0,,1371,,365,,1809.0,,178.0,
25025110401,42.2864371,-71.1225498,3508,,472.0,,3507,,432,,277.0,,97540.0,,11401.0,,1889,,442,,2013.0,,414.0,
25025110403,42.2791462,-71.1281223,4949,,557.0,,4930,,214,,128.0,,132719.0,,17390.0,,2797,,308,,2493.0,,442.0,
25025110501,42.2821618,-71.1414485,3204,,576.0,,3204,,179,,112.0,,147500.0,,27619.0,,1950,,290,,2360.0,,283.0,
25025110502,42.2829171,-71.132605,3945,,693.0,,3945,,284,,133.0,,126250.0,,39338.0,,2584,,388,,1969.0,,399.0,
25025110601,42.2982511,-71.1399775,3038,,435.0,,2886,,114,,82.0,,140000.0,,42489.0,,1502,,175,,2760.0,,1411.0,
25025110607,42.2902453,-71.1350293,5316,,693.0,,5055,,252,,197.0,,155192.0,,24517.0,,3146,,470,,2344.0,,218.0,
25025120103,42.3117553,-71.118142,1823,,219.0,,1823,,45,,31.0,,247533.0,,31266.0,,1172,,201,,3343.0,,861.0,
25025120104,42.3042695,-71.1170951,2422,,405.0,,2422,,136,,88.0,,142885.0,,29784.0,,1631,,434,,2469.0,,319.0,
25025120105,42.3087398,-71.1262938,2382,,182.0,,2106,,186,,114.0,,191397.0,,27751.0,,1216,,69,,3501.0,,,-333333333
25025120201,42.3051903,-71.1083461,4511,,642.0,,4511,,631,,314.0,,107955.0,,29025.0,,3042,,792,,2352.0,,250.0,
25025120301,42.3126892,-71.1019405,5044,,517.0,,4944,,550,,230.0,,130246.0,,18561.0,,3324,,971,,2072.0,,530.0,
25025120400,42.3139087,-71.1116638,6930,,801.0,,6792,,393,,241.0,,163713.0,,19725.0,,4471,,1072,,2678.0,,238.0,
25025120500,42.3206587,-71.1042025,2543,,382.0,,2543,,426,,155.0,,157813.0,,50955.0,,1411,,431,,2928.0,,557.0,
25025120600,42.3190999,-71.1088366,2555,,442.0,,2555,,69,,38.0,,147226.0,,38905.0,,1875,,515,,2787.0,,125.0,
25025120700,42.3243205,-71.1109956,1905,,404.0,,1905,,115,,80.0,,124500.0,,34220.0,,1128,,369,,2627.0,,200.0,
25025130101,42.2922825,-71.166244,6275,,810.0,,6244,,261,,138.0,,154528.0,,15539.0,,3876,,690,,2615.0,,388.0,
25025130200,42.2873319,-71.157012,4516,,531.0,,4450,,148,,152.0,,154464.0,,32462.0,,2373,,239,,1900.0,,305.0,
25025130300,42.2791297,-71.1507116,4375,,443.0,,4375,,140,,85.0,,165000.0,,26213.0,,2240,,228,,2371.0,,328.0,
25025130402,42.2719594,-71.1668004,5275,,854.0,,5270,,227,,131.0,,107986.0,,46385.0,,2992,,301,,1747.0,,443.0,
25025130404,42.2665157,-71.1559219,2880,,300.0,,2796,,179,,93.0,,96761.0,,23124.0,,1529,,192,,2072.0,,160.0,
25025130406,42.2600645,-71.1514976,5781,,944.0,,5733,,1161,,794.0,,46463.0,,11896.0,,2671,,326,,1154.0,,241.0,
25025140102,42.2446858,-71.1426123,5359,,704.0,,5359,,74,,58.0,,128673.0,,11814.0,,2829,,426,,2157.0,,129.0,
25025140105,42.2680071,-71.1251854,3641,,578.0,,3641,,537,,262.0,,85000.0,,29848.0,,1820,,323,,2169.0,,459.0,
25025140106,42.2738738,-71.1371416,2232,,295.0,,2232,,313,,161.0,,59861.0,,22672.0,,1013,,254,,1663.0,,396.0,
25025140107,42.2577216,-71.1284206,3290,,551.0,,3290,,509,,297.0,,106111.0,,17302.0,,1468,,181,,1260.0,,711.0,
25025140201,42.2375297,-71.1305801,2636,,793.0,,2636,,153,,64.0,,110655.0,,11733.0,,1364,,153,,1739.0,,81.0,
25025140202,42.2495181,-71.117543,5952,,649.0,,5843,,142,,68.0,,111910.0,,29204.0,,3220,,607,,2229.0,,210.0,
25025140300,42.2587734,-71.1188131,7215,,1450.0,,7179,,611,,409.0,,93225.0,,21508.0,,3341,,680,,2182.0,,250.0,
25025140400,42.2692219,-71.1118088,8724,,1066.0,,8668,,1101,,367.0,,94794.0,,23618.0,,4475,,534,,1598.0,,240.0,
25025160102,42.3921702,-71.0288541,3659,,517.0,,3595,,953,,447.0,,67500.0,,22587.0,,1530,,347,,1648.0,,345.0,
25025160103,42.3877265,-71.0289262,4730,,916.0,,4537,,1078,,732.0,,80573.0,,24774.0,,1780,,203,,1940.0,,288.0,
25025160200,42.389784,-71.0357615,4444,,678.0,,4262,,1217,,437.0,,73889.0,,4257.0,,1775,,670,,2097.0,,121.0,
25025160300,42.3880151,-71.046734,2185,,258.0,,2112,,290,,130.0,,75417.0,,34623.0,,1160,,146,,1211.0,,982.0,
25025160400,42.395316,-71.042496,3356,,548.0,,3356,,748,,369.0,,74329.0,,17598.0,,1735,,383,,1871.0,,230.0,
25025160501,42.398307,-71.0328709,5965,,986.0,,5885,,943,,484.0,,59625.0,,22869.0,,2964,,656,,1724.0,,118.0,
25025160502,42.3943098,-71.0196353,5070,,706.0,,4977,,1438,,592.0,,55568.0,,20528.0,,2244,,400,,1560.0,,441.0,
25025160601,42.4023706,-71.0274494,4914,,1080.0,,4792,,443,,232.0,,108605.0,,24647.0,,2734,,522,,2163.0,,123.0,
25025160602,42.4072505,-71.0328849,5137,,709.0,,5093,,846,,293.0,,75985.0,,16318.0,,2310,,366,,1786.0,,241.0,
25025170101,42.4080527,-71.0219928,3868,,531.0,,3727,,476,,235.0,,83672.0,,22523.0,,1873,,245,,1786.0,,242.0,
25025170102,42.4130325,-71.0225866,4839,,1188.0,,4729,,198,,226.0,,95023.0,,11661.0,,2597,,384,,2445.0,,480.0,
25025170200,42.4167931,-71.0198559,5163,,861.0,,5058,,1072,,496.0,,50513.0,,12118.0,,1942,,149,,1205.0,,303.0,
25025170301,42.4233532,-71.0195201,5810,,1479.0,,5810,,561,,400.0,,106471.0,,28515.0,,3742,,568,,1795.0,,132.0,
25025170302,42.433429,-71.0113143,4069,,662.0,,3914,,804,,467.0,,106184.0,,22187.0,,2302,,271,,2262.0,,138.0,
25025170400,42.4237393,-70.9979159,5172,,880.0,,5172,,616,,351.0,,75938.0,,23325.0,,2366,,213,,1550.0,,805.0,
25025170502,42.4359517,-70.9711474,3767,,780.0,,3707,,510,,277.0,,67375.0,,18579.0,,1616,,215,,1196.0,,643.0,
25025170503,42.4212255,-70.9861723,1411,,204.0,,1395,,325,,161.0,,83654.0,,20383.0,,734,,192,,1744.0,,572.0,
25025170504,42.4150328,-70.9902217,3382,,593.0,,3382,,116,,59.0,,133403.0,,9947.0,,2104,,660,,2536.0,,161.0,
25025170601,42.4073348,-71.0076986,6251,,955.0,,6251,,123,,81.0,,101932.0,,35242.0,,3254,,1037,,1864.0,,312.0,
25025170701,42.402223,-70.9936992,2513,,473.0,,2513,,172,,88.0,,64632.0,,25255.0,,1334,,459,,2161.0,,145.0,
25025170702,42.4066865,-70.9974087,7612,,1385.0,,7612,,1548,,813.0,,59722.0,,24958.0,,4219,,1913,,2259.0,,154.0,
25025170800,42.397202,-70.9867637,6076,,1031.0,,6009,,839,,321.0,,69750.0,,14030.0,,3231,,1190,,1410.0,,198.0,
25025180101,42.3869108,-70.9750377,5301,,488.0,,5301,,338,,157.0,,95306.0,,13613.0,,2632,,380,,1838.0,,181.0,
25025180200,42.3800132,-70.9880989,4557,,562.0,,4557,,446,,254.0,,104427.0,,17131.0,,2432,,505,,1820.0,,296.0,
25025180301,42.3722211,-70.989998,3080,,423.0,,3080,,280,,220.0,,139554.0,,24402.0,,1552,,194,,2517.0,,760.0,
25025180400,42.3773816,-70.9770258,1910,,285.0,,1910,,14,,15.0,,113261.0,,31984.0,,1152,,178,,1807.0,,117.0,
25025180500,42.3674141,-70.9715805,3959,,490.0,,3911,,245,,123.0,,113214.0,,30824.0,,2235,,223,,2129.0,,366.0,
25025980101,42.3265116,-70.9390337,162,,224.0,,159,,137,,192.0,,,-666666666,,-222222222,48,,23,,,-666666666,,-222222222
25025980300,42.3006134,-71.094613,253,,17.0,,137,,117,,57.0,,,-666666666,,-222222222,70,,50,,,-666666666,,-222222222
25025980700,42.2614817,-71.1375704,2,,3.0,,2,,1,,2.0,,,-666666666,,-222222222,0,,0,,,-666666666,,-222222222
25025980900,42.2853953,-71.1801892,54,,25.0,,54,,5,,7.0,,,-666666666,,-222222222,39,,5,,2391.0,,467.0,
25025981000,42.298882,-71.1267094,30,,42.0,,30,,0,,14.0,,,-666666666,,-222222222,30,,14,,,-666666666,,-222222222
25025981100,42.2879942,-71.1034042,78,,11.0,,0,,0,,14.0,,,-666666666,,-222222222,0,,0,,,-666666666,,-222222222
25025981201,42.3289903,-71.0346023,0,,14.0,,0,,0,,14.0,,,-666666666,,-222222222,0,,0,,,-666666666,,-222222222
25025981202,42.3470233,-71.025781,77,,28.0,,0,,0,,14.0,,,-666666666,,-222222222,77,,0,,,-666666666,,-222222222
25025981300,42.3615186,-71.0073933,37,,21.0,,37,,0,,14.0,,250001.0,,,-333333333,30,,4,,,-666666666,,-222222222
25025981501,42.3524288,-71.0878101,0,,14.0,,0,,0,,14.0,,,-666666666,,-222222222,0,,0,,,-666666666,,-222222222
25025981502,42.3958503,-71.0069705,0,,14.0,,0,,0,,14.0,,,-666666666,,-222222222,0,,0,,,-666666666,,-222222222
25025981600,42.3886205,-70.9934424,0,,14.0,,0,,0,,14.0,,,-666666666,,-222222222,0,,0,,,-666666666,,-222222222
25025981700,42.3550969,-71.0657367,0,,14.0,,0,,0,,14.0,,,-666666666,,-222222222,0,,0,,,-666666666,,-222222222
25025981800,42.3231248,-71.1169865,21,,22.0,,21,,0,,14.0,,,-666666666,,-222222222,11,,0,,,-666666666,,-222222222
25025981900,42.2783928,-71.1790082,0,,14.0,,0,,0,,14.0,,,-666666666,,-222222222,0,,0,,,-666666666,,-222222222
25025990101,42.329611,-70.9491995,0,,14.0,,0,,0,,14.0,,,-666666666,,-222222222,0,,0,,,-666666666,,-222222222
25027700100,42.6730523,-71.9203351,6357,,17.0,,6283,,471,,380.0,,115420.0,,14434.0,,3001,,18,,,-666666666,,-222222222
25027701101,42.6644143,-72.027549,4734,,533.0,,4633,,493,,303.0,,100807.0,,23651.0,,2129,,17,,1061.0,,457.0,
25027701102,42.684848,-72.0453956,4026,,557.0,,4021,,547,,281.0,,71611.0,,20796.0,,1848,,13,,1281.0,,119.0,
25027702201,42.6889717,-72.1853265,1500,,272.0,,1500,,200,,90.0,,101705.0,,13149.0,,672,,0,,1031.0,,706.0,
25027702202,42.6810218,-72.0818453,1632,,283.0,,1632,,159,,127.0,,79583.0,,18164.0,,656,,1,,,-666666666,,-222222222
25027703100,42.5759263,-72.2295891,4664,,470.0,,4465,,668,,231.0,,63356.0,,3180.0,,1762,,0,,1246.0,,269.0,
25027703200,42.6128849,-72.2137029,3557,,430.0,,3557,,855,,461.0,,69167.0,,14615.0,,1684,,13,,1085.0,,67.0,
25027703300,42.5740741,-72.2134794,3716,,389.0,,3687,,158,,83.0,,64712.0,,17020.0,,1946,,29,,853.0,,58.0,
25027704201,42.5559497,-72.1508948,1915,,258.0,,1905,,121,,71.0,,92027.0,,11556.0,,951,,5,,1313.0,,423.0,
25027704202,42.4592215,-72.2163354,1173,,99.0,,1150,,102,,46.0,,107656.0,,19511.0,,559,,0,,1214.0,,386.0,
25027705101,42.5427668,-72.0683447,3443,,561.0,,3443,,168,,115.0,,117520.0,,12208.0,,1954,,0,,1302.0,,189.0,
25027705102,42.5925071,-72.0824243,4744,,564.0,,4657,,514,,385.0,,89510.0,,23103.0,,1945,,0,,1059.0,,356.0,
25027706100,42.4951109,-72.0023392,4339,,23.0,,4296,,315,,181.0,,102344.0,,26199.0,,2217,,0,,898.0,,375.0,
25027707100,42.5545613,-71.9829585,3952,,467.0,,3928,,1048,,374.0,,62765.0,,26195.0,,1706,,5,,1101.0,,153.0,
25027707200,42.5723774,-71.9882402,2037,,386.0,,2037,,405,,137.0,,49044.0,,19782.0,,818,,0,,1072.0,,158.0,
25027707300,42.5709992,-72.0100842,3945,,514.0,,3945,,794,,330.0,,42377.0,,8000.0,,1747,,0,,1018.0,,96.0,
25027707400,42.5925965,-72.0234143,4951,,519.0,,4947,,266,,118.0,,71878.0,,4137.0,,2558,,9,,1302.0,,119.0,
25027707500,42.5925732,-71.96745,6190,,509.0,,5086,,337,,292.0,,71865.0,,44303.0,,2544,,193,,996.0,,126.0,
25027708100,42.5546,-71.9054402,8289,,21.0,,8207,,219,,118.0,,101161.0,,7263.0,,4129,,12,,1643.0,,497.0,
25027709100,42.5249593,-71.8045051,4632,,578.0,,4597,,449,,321.0,,99083.0,,23118.0,,2368,,51,,1363.0,,448.0,
25027709201,42.4986988,-71.7615268,7649,,907.0,,7649,,676,,381.0,,93489.0,,17210.0,,3986,,0,,961.0,,403.0,
25027709203,42.4931737,-71.7421773,2955,,456.0,,2955,,237,,216.0,,59011.0,,11872.0,,1605,,0,,1632.0,,79.0,
25027709204,42.5050603,-71.7316634,4066,,875.0,,4066,,709,,723.0,,96912.0,,23835.0,,2258,,0,,1419.0,,66.0,
25027709400,42.5237134,-71.7395053,5034,,736.0,,5034,,949,,569.0,,54179.0,,10697.0,,2118,,106,,1159.0,,97.0,
25027709501,42.5343643,-71.7227814,2518,,472.0,,2490,,72,,39.0,,138889.0,,21268.0,,1375,,0,,1234.0,,305.0,
25027709502,42.5573788,-71.741518,5997,,729.0,,5929,,257,,131.0,,85307.0,,17806.0,,3058,,10,,1237.0,,145.0,
25027709600,42.5371082,-71.7499832,2652,,517.0,,2631,,219,,113.0,,70558.0,,16647.0,,1255,,10,,1393.0,,167.0,
25027709701,42.5450353,-71.7748626,5824,,865.0,,5739,,444,,404.0,,88623.0,,25086.0,,3215,,47,,1127.0,,254.0,
25027709702,42.534589,-71.7619817,2370,,282.0,,2359,,361,,135.0,,79722.0,,13425.0,,1222,,0,,1043.0,,162.0,
25027710100,42.5664489,-71.7705232,2907,,415.0,,2836,,281,,185.0,,83396.0,,6476.0,,1759,,0,,1128.0,,166.0,
25027710200,42.5593791,-71.8128397,6762,,896.0,,6740,,452,,330.0,,106369.0,,33994.0,,3789,,15,,,-666666666,,-222222222
25027710300,42.5752321,-71.8473054,3671,,494.0,,3661,,494,,358.0,,93930.0,,15611.0,,1818,,20,,1248.0,,180.0,
25027710400,42.5709402,-71.8195315,2244,,332.0,,2244,,386,,182.0,,80962.0,,28491.0,,1201,,9,,1281.0,,140.0,
25027710500,42.577823,-71.8217885,3097,,531.0,,3097,,624,,324.0,,59836.0,,12302.0,,1585,,239,,988.0,,127.0,
25027710601,42.5802273,-71.8072545,3262,,437.0,,3253,,407,,335.0,,67565.0,,12794.0,,1618,,79,,1420.0,,89.0,
25027710602,42.5730117,-71.7961718,4582,,958.0,,4539,,1171,,896.0,,57194.0,,21803.0,,2125,,32,,1063.0,,176.0,
25027710700,42.5830555,-71.7976149,1540,,294.0,,1480,,580,,233.0,,20913.0,,8283.0,,461,,6,,416.0,,75.0,
25027710800,42.5917031,-71.7996687,4702,,630.0,,4261,,793,,358.0,,58563.0,,22761.0,,2484,,39,,1071.0,,124.0,
25027711000,42.5874155,-71.7814878,3741,,564.0,,3609,,544,,177.0,,58079.0,,10139.0,,1804,,38,,1274.0,,126.0,
25027711100,42.6150449,-71.8137859,5125,,585.0,,4308,,469,,221.0,,106984.0,,21583.0,,2643,,12,,1296.0,,1260.0,
25027712101,42.6025718,-71.7409295,7888,,444.0,,7882,,475,,302.0,,100838.0,,12434.0,,3922,,177,,1816.0,,410.0,
25027712102,42.5727327,-71.6946397,3916,,444.0,,3916,,136,,110.0,,142857.0,,23549.0,,2072,,14,,1333.0,,707.0,
25027713100,42.4835693,-71.6755848,8470,,18.0,,7362,,220,,176.0,,130444.0,,25450.0,,3812,,24,,1985.0,,547.0,
25027715100,42.4399331,-71.6018846,5698,,30.0,,5698,,151,,90.0,,198475.0,,27098.0,,2887,,28,,1632.0,,1355.0,
25027716101,42.429259,-71.6710415,3672,,520.0,,3660,,379,,364.0,,107386.0,,32281.0,,1979,,0,,1325.0,,465.0,
25027716102,42.4000111,-71.7127479,5031,,694.0,,4984,,348,,240.0,,99044.0,,15024.0,,2804,,0,,1246.0,,271.0,
25027716200,42.4261168,-71.687983,2884,,492.0,,2884,,214,,148.0,,77935.0,,7744.0,,1841,,0,,1232.0,,145.0,
25027716300,42.4179828,-71.677699,3843,,509.0,,3840,,349,,159.0,,89107.0,,24846.0,,2422,,0,,1447.0,,90.0,
25027717100,42.384929,-71.6338895,3311,,35.0,,3311,,155,,98.0,,122411.0,,15018.0,,1821,,0,,1432.0,,630.0,
25027718100,42.3550489,-71.716157,4896,,16.0,,4896,,427,,279.0,,124732.0,,25058.0,,2515,,13,,1833.0,,408.0,
25027719100,42.4479239,-71.7760449,8111,,35.0,,7984,,346,,214.0,,136027.0,,21377.0,,4402,,233,,1606.0,,251.0,
25027720100,42.4541251,-71.8775397,3500,,21.0,,3497,,153,,97.0,,150577.0,,30873.0,,1906,,41,,921.0,,841.0,
25027721101,42.3508615,-72.044248,1623,,115.0,,1606,,98,,30.0,,96207.0,,12751.0,,778,,0,,1208.0,,198.0,
25027721103,42.4099964,-71.9744413,5735,,555.0,,5721,,31,,22.0,,188700.0,,40277.0,,2751,,15,,,-666666666,,-222222222
25027721104,42.3715333,-71.9577368,3467,,558.0,,3459,,164,,130.0,,91349.0,,12011.0,,1763,,0,,1002.0,,179.0,
25027722100,42.4188835,-72.1120769,5535,,16.0,,5436,,900,,487.0,,95607.0,,13560.0,,2745,,101,,1272.0,,338.0,
25027723100,42.3359397,-72.1876124,3596,,131.0,,3575,,327,,188.0,,85513.0,,10210.0,,1722,,14,,1150.0,,83.0,
25027724100,42.2566908,-72.158169,3830,,22.0,,3654,,324,,176.0,,78988.0,,19934.0,,1572,,0,,1153.0,,256.0,
25027725100,42.2675643,-72.0668759,4739,,25.0,,4736,,549,,355.0,,81010.0,,11662.0,,2563,,0,,973.0,,80.0,
25027726100,42.2808441,-72.0152926,6441,,612.0,,6404,,285,,150.0,,112736.0,,20101.0,,3115,,12,,1530.0,,459.0,
25027726200,42.2485746,-71.9931302,5520,,611.0,,5520,,630,,287.0,,59618.0,,17929.0,,2610,,113,,1052.0,,255.0,
25027727100,42.3116934,-71.940282,4996,,21.0,,4360,,70,,43.0,,133750.0,,12871.0,,2638,,14,,1364.0,,99.0,
25027728100,42.3281705,-71.8835053,5371,,456.0,,5357,,225,,142.0,,163603.0,,36390.0,,2715,,0,,2123.0,,364.0,
25027728200,42.3278133,-71.8209372,4144,,405.0,,4126,,291,,177.0,,131477.0,,23234.0,,1967,,0,,1443.0,,270.0,
25027728300,42.354646,-71.8529676,4875,,375.0,,4681,,122,,75.0,,147742.0,,14383.0,,2518,,18,,1330.0,,431.0,
25027728400,42.3866432,-71.8474545,5495,,406.0,,5495,,139,,61.0,,135969.0,,15133.0,,2621,,0,,1052.0,,694.0,
25027729100,42.3746407,-71.7862737,4942,,285.0,,3981,,377,,189.0,,97770.0,,14497.0,,1931,,0,,1375.0,,463.0,
25027729200,42.3498998,-71.7895644,2790,,287.0,,2734,,177,,113.0,,104091.0,,19129.0,,1594,,0,,1245.0,,156.0,
25027730100,42.3224657,-71.8069301,6866,,803.0,,6866,,345,,235.0,,131315.0,,17118.0,,3811,,29,,1809.0,,344.0,
25027730200,42.3156247,-71.780465,6927,,729.0,,6890,,876,,548.0,,81918.0,,12052.0,,3704,,27,,2019.0,,297.0,
25027730300,42.3082818,-71.7943837,5264,,709.0,,5139,,552,,344.0,,104211.0,,21409.0,,3080,,37,,1447.0,,161.0,
25027730401,42.2961636,-71.7872492,6152,,793.0,,5994,,969,,370.0,,52461.0,,8408.0,,2815,,135,,1352.0,,151.0,
25027730402,42.2869132,-71.7911885,2062,,227.0,,2047,,223,,115.0,,71607.0,,9569.0,,1053,,26,,1441.0,,120.0,
25027730500,42.2902384,-71.8050176,4126,,586.0,,3939,,504,,148.0,,71667.0,,14454.0,,2142,,27,,1659.0,,107.0,
25027730600,42.2987981,-71.8244884,9258,,1068.0,,7480,,328,,196.0,,115368.0,,22720.0,,4357,,42,,1125.0,,49.0,
25027730700,42.2827787,-71.8597373,7830,,921.0,,7695,,1131,,913.0,,127564.0,,25556.0,,4237,,167,,1837.0,,408.0,
25027730801,42.2816214,-71.8289741,4025,,460.0,,3977,,154,,88.0,,147679.0,,26513.0,,2304,,0,,1957.0,,618.0,
25027730802,42.2728831,-71.8270582,2203,,451.0,,2188,,194,,116.0,,126071.0,,42335.0,,1222,,29,,1548.0,,354.0,
25027730901,42.270288,-71.8354126,3926,,717.0,,3855,,379,,275.0,,100402.0,,22045.0,,2141,,26,,1649.0,,406.0,
25027730902,42.268846,-71.8472248,3924,,318.0,,2506,,334,,212.0,,82697.0,,10827.0,,2156,,21,,1301.0,,242.0,
25027731001,42.2555982,-71.8630249,2862,,488.0,,2814,,94,,79.0,,91765.0,,14253.0,,1718,,0,,1573.0,,221.0,
25027731002,42.2493451,-71.8462841,6546,,632.0,,6388,,1510,,590.0,,58768.0,,21767.0,,2749,,77,,873.0,,278.0,
25027731101,42.2561171,-71.8335016,3644,,541.0,,3644,,584,,246.0,,58269.0,,16949.0,,2023,,107,,1408.0,,242.0,
25027731102,42.2632052,-71.8277499,3630,,674.0,,3630,,124,,117.0,,119429.0,,19565.0,,2173,,200,,1505.0,,227.0,
25027731202,42.2515089,-71.823455,1561,,18.0,,0,,0,,14.0,,,-666666666,,-222222222,563,,0,,,-666666666,,-222222222
25027731203,42.2507499,-71.8257163,5903,,942.0,,5557,,2822,,721.0,,27113.0,,11505.0,,2523,,99,,1185.0,,122.0,
25027731204,42.2450472,-71.8263878,2504,,422.0,,2504,,707,,299.0,,50662.0,,12450.0,,1101,,7,,1398.0,,96.0,
25027731300,42.2513743,-71.8152408,5345,,709.0,,5263,,1840,,652.0,,41723.0,,7790.0,,2044,,12,,1338.0,,96.0,
25027731400,42.2584573,-71.8161911,5020,,608.0,,4922,,1829,,480.0,,37621.0,,22961.0,,2010,,163,,1169.0,,219.0,
25027731500,42.2630201,-71.8137677,5552,,814.0,,5507,,2098,,735.0,,32600.0,,6282.0,,1870,,40,,1156.0,,135.0,
25027731601,42.2681308,-71.8095005,4253,,789.0,,3989,,1448,,581.0,,38918.0,,13406.0,,2404,,150,,1194.0,,78.0,
25027731602,42.2731488,-71.808053,2989,,251.0,,896,,638,,286.0,,28235.0,,22358.0,,1088,,0,,1821.0,,362.0,
25027731700,42.2638178,-71.8003874,3711,,630.0,,3392,,1148,,458.0,,52782.0,,8129.0,,2085,,137,,1591.0,,139.0,
25027731801,42.2691857,-71.7815276,2985,,402.0,,2985,,842,,296.0,,53996.0,,16949.0,,1499,,31,,1139.0,,673.0,
25027731802,42.2680885,-71.7919773,4303,,609.0,,4262,,1624,,741.0,,32155.0,,15476.0,,1665,,0,,1167.0,,435.0,
25027731900,42.2774512,-71.7916493,6133,,936.0,,6097,,1408,,477.0,,50174.0,,4551.0,,2343,,43,,1494.0,,157.0,
25027732001,42.307585,-71.7734545,3839,,434.0,,3839,,2211,,564.0,,32952.0,,8169.0,,1194,,222,,713.0,,195.0,
25027732002,42.2840758,-71.7728194,4808,,660.0,,4234,,975,,415.0,,82882.0,,16271.0,,2135,,61,,2013.0,,274.0,
25027732201,42.2672651,-71.7590113,2894,,434.0,,2894,,451,,254.0,,75759.0,,9967.0,,1648,,35,,1289.0,,87.0,
25027732202,42.2611115,-71.7730067,4011,,717.0,,4007,,239,,99.0,,82318.0,,21506.0,,2040,,174,,1639.0,,377.0,
25027732203,42.2625853,-71.7826456,3067,,483.0,,2939,,543,,274.0,,74157.0,,15294.0,,1573,,48,,1671.0,,108.0,
25027732301,42.2494185,-71.7560903,4662,,819.0,,4662,,1007,,803.0,,63151.0,,29211.0,,2143,,17,,1600.0,,289.0,
25027732302,42.2536879,-71.7745049,4558,,521.0,,4558,,615,,320.0,,64864.0,,9376.0,,2350,,118,,1575.0,,113.0,
25027732400,42.2524275,-71.7890981,7426,,1224.0,,7134,,1512,,556.0,,68682.0,,6066.0,,3244,,29,,1631.0,,78.0,
25027732500,42.2542576,-71.8003483,1902,,262.0,,1861,,526,,177.0,,42534.0,,13237.0,,838,,17,,1349.0,,283.0,
25027732600,42.2467317,-71.7987258,4954,,717.0,,4946,,1172,,434.0,,48438.0,,17231.0,,2260,,0,,1330.0,,337.0,
25027732700,42.2421058,-71.7927264,4139,,643.0,,4087,,645,,360.0,,61563.0,,14453.0,,1896,,55,,1477.0,,256.0,
25027732801,42.2408955,-71.7618022,5700,,947.0,,5700,,283,,169.0,,96594.0,,14509.0,,3593,,56,,1744.0,,65.0,
25027732802,42.2285643,-71.7771492,4260,,391.0,,4260,,569,,296.0,,94563.0,,13384.0,,2315,,17,,1695.0,,107.0,
25027732901,42.2271679,-71.7985635,7867,,828.0,,7823,,1286,,457.0,,69712.0,,10802.0,,4327,,126,,1374.0,,121.0,
25027732902,42.2380581,-71.8056571,2731,,40.0,,0,,0,,14.0,,,-666666666,,-222222222,1216,,13,,,-666666666,,-222222222
25027733000,42.2468343,-71.8132705,4087,,755.0,,4042,,1031,,408.0,,52068.0,,10873.0,,1836,,71,,1427.0,,142.0,
25027733101,42.2338553,-71.8362759,2543,,520.0,,2543,,150,,76.0,,102404.0,,26203.0,,1581,,7,,1725.0,,452.0,
25027733102,42.2373601,-71.8490566,2549,,354.0,,2549,,149,,103.0,,80909.0,,16394.0,,1306,,33,,1658.0,,124.0,
25027735100,42.2402537,-71.9262509,6507,,586.0,,6332,,242,,243.0,,93504.0,,11659.0,,3440,,15,,1140.0,,512.0,
25027735200,42.2385639,-71.8906231,4569,,587.0,,4447,,125,,104.0,,100300.0,,16653.0,,2529,,9,,1273.0,,318.0,
25027736100,42.1889993,-71.8705138,2692,,283.0,,2576,,47,,51.0,,120000.0,,15401.0,,1294,,17,,1523.0,,489.0,
25027736200,42.2124221,-71.8584709,3867,,445.0,,3867,,217,,134.0,,98250.0,,20917.0,,1884,,56,,1194.0,,210.0,
25027736300,42.2148635,-71.8346413,2598,,278.0,,2590,,116,,73.0,,90956.0,,10603.0,,1355,,3,,1168.0,,212.0,
25027736400,42.2189036,-71.810171,3067,,367.0,,3051,,289,,276.0,,77625.0,,30455.0,,1435,,41,,680.0,,142.0,
25027736500,42.1880678,-71.8285898,4616,,403.0,,4616,,79,,46.0,,114116.0,,14669.0,,2450,,0,,1581.0,,321.0,
25027737100,42.1775003,-71.787182,5285,,589.0,,5285,,193,,167.0,,126518.0,,27789.0,,2645,,53,,1523.0,,802.0,
25027737200,42.1916969,-71.7582919,1675,,310.0,,1672,,149,,88.0,,62431.0,,22284.0,,831,,4,,1568.0,,302.0,
25027737300,42.2149058,-71.7457772,6939,,564.0,,6793,,191,,154.0,,123750.0,,18625.0,,3632,,29,,1419.0,,481.0,
25027738100,42.1757713,-71.6812089,5090,,467.0,,5079,,239,,133.0,,97902.0,,15879.0,,2821,,11,,1364.0,,114.0,
25027738201,42.2060872,-71.7151355,4793,,657.0,,4793,,37,,35.0,,130300.0,,14643.0,,2754,,68,,1906.0,,397.0,
25027738202,42.2094168,-71.6705188,6249,,511.0,,6232,,608,,335.0,,138309.0,,9386.0,,3123,,54,,890.0,,688.0,
25027739101,42.2588344,-71.7264649,4610,,463.0,,4578,,225,,242.0,,116354.0,,38555.0,,2531,,29,,1832.0,,164.0,
25027739102,42.2603743,-71.6858977,5552,,899.0,,5552,,213,,201.0,,129549.0,,32068.0,,2680,,37,,2128.0,,93.0,
25027739201,42.2666519,-71.7428443,3707,,613.0,,3707,,258,,178.0,,86314.0,,14549.0,,1872,,0,,1737.0,,178.0,
25027739202,42.2826533,-71.7488693,3548,,505.0,,3548,,148,,95.0,,106970.0,,36163.0,,1817,,16,,2014.0,,1249.0,
25027739300,42.2837187,-71.7210768,4430,,518.0,,4399,,95,,67.0,,114569.0,,18008.0,,2133,,0,,2009.0,,492.0,
25027739401,42.2881083,-71.6934542,6591,,681.0,,6513,,282,,167.0,,148304.0,,29296.0,,3154,,19,,2314.0,,377.0,
25027739402,42.306736,-71.698115,2543,,477.0,,2543,,18,,16.0,,184085.0,,35549.0,,1404,,67,,2789.0,,142.0,
25027739500,42.3085235,-71.726842,7459,,859.0,,7440,,232,,125.0,,189211.0,,26414.0,,4005,,65,,2425.0,,1333.0,
25027740101,42.3200355,-71.6654857,6499,,484.0,,6411,,352,,277.0,,171324.0,,39448.0,,3538,,65,,2755.0,,145.0,
25027740102,42.3233774,-71.6256671,6015,,469.0,,6015,,150,,96.0,,206639.0,,46964.0,,3154,,58,,,-666666666,,-222222222
25027740200,42.3173315,-71.6417351,3180,,454.0,,3134,,61,,34.0,,126875.0,,40526.0,,1702,,22,,1219.0,,438.0,
25027741101,42.3003871,-71.5103062,4735,,486.0,,4735,,72,,61.0,,181607.0,,21696.0,,2634,,41,,1903.0,,363.0,
25027741102,42.300873,-71.5474127,5706,,482.0,,5666,,324,,193.0,,210912.0,,32170.0,,2912,,142,,3018.0,,421.0,
25027742300,42.2674406,-71.6174916,4234,,447.0,,4086,,259,,161.0,,100037.0,,17358.0,,2417,,40,,1503.0,,151.0,
25027742401,42.2427977,-71.6214942,5896,,578.0,,5892,,133,,107.0,,217841.0,,29335.0,,3050,,79,,3127.0,,406.0,
25027742402,42.2570336,-71.645685,4857,,407.0,,4857,,171,,113.0,,146895.0,,15482.0,,2287,,79,,2060.0,,209.0,
25027743100,42.1765255,-71.6035879,8095,,43.0,,8086,,202,,152.0,,155952.0,,32215.0,,4138,,59,,,-666666666,,-222222222
25027744102,42.1557413,-71.5475586,5504,,746.0,,5404,,612,,548.0,,101881.0,,23459.0,,2741,,9,,1397.0,,806.0,
25027744103,42.1790674,-71.5188052,2963,,424.0,,2963,,162,,138.0,,102180.0,,27102.0,,1620,,24,,1701.0,,88.0,
25027744104,42.1716137,-71.5437787,4691,,534.0,,4691,,91,,89.0,,119848.0,,21196.0,,2609,,61,,2231.0,,19.0,
25027744201,42.1256931,-71.5037099,3177,,722.0,,3160,,173,,97.0,,86840.0,,18500.0,,1327,,35,,1759.0,,100.0,
25027744202,42.1413194,-71.4950004,5268,,520.0,,5134,,198,,114.0,,91750.0,,18385.0,,3070,,24,,1642.0,,349.0,
25027744300,42.1396995,-71.5195283,4211,,627.0,,4187,,371,,198.0,,64630.0,,7725.0,,2524,,32,,1675.0,,170.0,
25027744400,42.1430061,-71.5287235,4490,,683.0,,4373,,862,,506.0,,73063.0,,25969.0,,2265,,16,,1496.0,,366.0,
25027745100,42.1230066,-71.531404,6024,,20.0,,5995,,253,,144.0,,115216.0,,20974.0,,3014,,13,,1819.0,,408.0,
25027746100,42.0938697,-71.544519,6266,,18.0,,6246,,372,,376.0,,129837.0,,20701.0,,3566,,16,,1947.0,,411.0,
25027747101,42.0326121,-71.5110946,5230,,436.0,,5230,,223,,119.0,,88427.0,,26948.0,,2858,,0,,1226.0,,211.0,
25027747102,42.0402242,-71.5501487,3981,,434.0,,3951,,226,,137.0,,108836.0,,15329.0,,1953,,29,,1107.0,,81.0,
25027748100,42.036642,-71.5787791,3156,,26.0,,3137,,185,,72.0,,115789.0,,26734.0,,1869,,9,,1275.0,,554.0,
25027749100,42.056434,-71.6404009,8322,,561.0,,8275,,276,,176.0,,130283.0,,19302.0,,4812,,17,,1681.0,,171.0,
25027749200,42.0865173,-71.6358449,5996,,563.0,,5981,,295,,164.0,,122268.0,,14886.0,,3484,,0,,1333.0,,182.0,
25027750100,42.1187998,-71.6724964,6339,,580.0,,6232,,729,,466.0,,86569.0,,15538.0,,3330,,62,,1271.0,,126.0,
25027750200,42.1313837,-71.6529324,7061,,526.0,,7015,,378,,261.0,,146420.0,,23597.0,,3697,,0,,1221.0,,198.0,
25027750300,42.1526074,-71.6467991,2958,,406.0,,2830,,216,,144.0,,99559.0,,16226.0,,1378,,0,,1184.0,,168.0,
25027751101,42.1315653,-71.732624,6198,,385.0,,6198,,338,,190.0,,156866.0,,31668.0,,3915,,14,,1368.0,,894.0,
25027751102,42.1453698,-71.787223,3185,,387.0,,3166,,82,,58.0,,144583.0,,41268.0,,1498,,19,,889.0,,751.0,
25027752101,42.0656942,-71.7141426,5891,,514.0,,5891,,274,,200.0,,146033.0,,14644.0,,3204,,68,,1249.0,,670.0,
25027752102,42.0276799,-71.7570594,3205,,514.0,,3205,,186,,132.0,,153771.0,,23096.0,,1800,,0,,1805.0,,302.0,
25027753100,42.1355201,-71.8565164,7753,,752.0,,7753,,312,,164.0,,118750.0,,29964.0,,3845,,18,,1192.0,,158.0,
25027753200,42.1150332,-71.8663248,5596,,750.0,,5560,,367,,236.0,,91894.0,,22242.0,,2855,,0,,1047.0,,263.0,
25027754100,42.0503104,-71.8444428,6943,,540.0,,6866,,362,,164.0,,104093.0,,8172.0,,3539,,70,,1213.0,,269.0,
25027754200,42.0549855,-71.8649632,3758,,456.0,,3677,,1316,,460.0,,50472.0,,9125.0,,1620,,11,,870.0,,116.0,
25027754300,42.0535286,-71.8794773,2889,,482.0,,2865,,519,,165.0,,49318.0,,15094.0,,1380,,0,,1161.0,,78.0,
25027754400,42.029849,-71.8735434,4084,,462.0,,3812,,447,,180.0,,66131.0,,11599.0,,1837,,0,,1277.0,,116.0,
25027755100,42.0480061,-71.8938483,3373,,427.0,,3361,,526,,251.0,,58934.0,,4979.0,,1825,,0,,1258.0,,156.0,
25027755201,42.0577457,-71.9083915,4213,,550.0,,4189,,87,,66.0,,103063.0,,15875.0,,1883,,0,,718.0,,321.0,
25027755202,42.0549505,-71.9574705,4300,,484.0,,3377,,206,,175.0,,97833.0,,15755.0,,1903,,0,,1162.0,,131.0,
25027756101,42.1470735,-72.0047456,5110,,648.0,,5000,,258,,160.0,,109567.0,,10868.0,,2398,,0,,1167.0,,121.0,
25027756102,42.1249698,-71.9513754,8249,,648.0,,8249,,185,,233.0,,127315.0,,16522.0,,4100,,0,,1389.0,,648.0,
25027757100,42.0952104,-72.0296075,5014,,571.0,,5014,,1023,,490.0,,66958.0,,25397.0,,2330,,0,,1441.0,,333.0,
25027757200,42.0756169,-72.0294789,2295,,322.0,,2295,,568,,233.0,,33779.0,,6921.0,,808,,6,,1072.0,,108.0,
25027757300,42.078385,-72.0389731,3205,,558.0,,3094,,705,,275.0,,41719.0,,16055.0,,1711,,0,,1230.0,,79.0,
25027757400,42.0687053,-72.0445554,2730,,371.0,,2565,,197,,139.0,,68611.0,,14486.0,,1201,,0,,1188.0,,135.0,
25027757500,42.0488047,-72.0300847,4562,,501.0,,4562,,349,,179.0,,78030.0,,18705.0,,2229,,11,,667.0,,207.0,
25027758101,42.0723914,-72.114897,1836,,194.0,,1836,,34,,26.0,,98333.0,,17489.0,,831,,0,,,-666666666,,-222222222
25027758103,42.1508731,-72.086708,4622,,362.0,,4622,,234,,139.0,,118466.0,,30535.0,,2449,,0,,1027.0,,644.0,
25027758104,42.1111692,-72.0634261,3431,,377.0,,3431,,33,,46.0,,158235.0,,29747.0,,1900,,0,,1672.0,,159.0,
25027759100,42.2096822,-72.0401777,2120,,233.0,,2111,,90,,48.0,,76382.0,,15252.0,,1077,,0,,997.0,,166.0,
25027760100,42.1808069,-72.1078882,3442,,15.0,,3442,,243,,125.0,,71875.0,,22382.0,,1818,,0,,1043.0,,134.0,
25027761100,42.1996041,-72.2000063,4981,,17.0,,4947,,450,,345.0,,66587.0,,23382.0,,2714,,0,,866.0,,492.0,
25027761200,42.2837019,-71.5916328,6604,,549.0,,6402,,509,,299.0,,117301.0,,18864.0,,3401,,137,,2363.0,,182.0,
25027761300,42.2396833,-71.7017472,3639,,520.0,,3621,,373,,399.0,,114904.0,,25907.0,,1864,,11,,1433.0,,159.0,
25027761401,42.4897525,-71.5796769,4371,,286.0,,4356,,200,,137.0,,225347.0,,46006.0,,2258,,52,,2854.0,,765.0,
25027761402,42.5313417,-71.5927511,2510,,287.0,,1576,,61,,45.0,,134914.0,,54831.0,,776,,6,,1360.0,,227.0,
