row_id,label,score,sex,race
1,0,0.00325774,Male,Black
2,0,0.1223933,Male,White
3,1,0.48272729,Male,White
4,1,0.78476256,Male,Black
5,0,0.00146634,Female,White
6,0,0.0041486,Male,White
7,0,0.01325825,Male,Black
8,1,0.88799566,Male,White
9,0,0.0045766,Female,White
10,0,0.04776353,Male,White
11,1,0.73831915,Male,White
12,0,0.59687457,Male,White
13,0,0.00830214,Female,White
14,0,0.17705771,Male,White
15,1,0.4639206,Male,White
16,1,0.81494367,Male,White
17,0,0.00221308,Male,White
18,0,0.22468389,Female,White
19,0,0.00751182,Female,White
20,1,0.78440847,Male,Asian-Pac-Islander
21,1,0.67873349,Male,White
22,0,0.00176422,Female,Black
23,0,0.0019702,Female,White
24,0,0.09894192,Male,White
25,0,0.59180791,Male,White
26,1,0.91499131,Male,White
27,0,0.00441244,Male,White
28,0,0.03086153,Male,Black
29,0,0.29437261,Male,White
30,0,0.07969505,Male,White
31,1,0.8997505,Male,Black
32,0,0.00567286,Female,White
33,0,0.07798681,Male,White
34,0,0.32071623,Male,White
35,0,0.0323618,Female,White
36,0,0.22078043,Male,White
37,1,0.61172647,Male,White
38,0,0.00188787,Male,White
39,0,0.00629228,Male,White
40,0,0.00889682,Male,White
41,1,0.8492326,Male,White
42,1,0.51246788,Male,White
43,0,0.09257207,Male,White
44,0,0.05733332,Male,White
45,0,0.00218521,Male,White
46,1,0.48228882,Female,White
47,0,0.0414889,Male,White
48,0,0.70319805,Male,White
49,0,0.00314023,Female,Black
50,0,0.10239889,Female,White
51,0,0.00249264,Male,White
52,0,0.0094172,Male,Black
53,0,0.00266809,Female,White
54,1,0.62028526,Male,White
55,0,0.02990009,Male,White
56,0,0.00350884,Female,White
57,0,0.3637085,Male,White
58,1,0.86682484,Male,White
59,1,0.86766783,Male,White
60,0,0.12030178,Male,White
61,0,0.08868859,Female,White
62,0,0.0859839,Male,White
63,0,0.08386515,Female,White
64,0,0.0024621,Female,White
65,0,0.01922172,Female,White
66,0,0.01121644,Female,White
67,1,0.99574431,Male,White
68,0,0.00254242,Male,White
69,0,0.04880488,Male,White
70,0,0.33558825,Male,White
71,1,0.9947169,Male,White
72,0,0.55292921,Male,White
73,0,0.08593608,Male,White
74,0,0.00784447,Female,White
75,0,0.14376428,Male,Other
76,0,0.00167975,Male,White
77,0,0.22724187,Male,White
78,0,0.39025359,Male,White
79,0,0.26226004,Male,White
80,0,0.01011632,Female,White
81,0,0.34506811,Male,White
82,0,0.155228,Male,White
83,0,0.05469356,Male,White
84,1,0.99999999,Male,White
85,0,0.26057325,Male,White
86,0,0.01403842,Female,White
87,0,0.00048832,Female,White
88,1,0.44356674,Male,White
89,0,0.04879884,Male,White
90,1,0.82563287,Female,White
91,0,0.0803678,Female,White
92,0,0.00390165,Male,Black
93,1,0.86441744,Female,White
94,0,0.30456957,Male,White
95,0,0.03127025,Male,Amer-Indian-Eskimo
96,0,0.00387767,Male,White
97,0,0.02215606,Female,White
98,0,0.05224002,Male,White
99,1,0.29821205,Male,White
100,0,0.00758058,Female,White
101,0,0.15995682,Female,White
102,0,0.01013896,Female,Black
103,0,0.00944674,Male,Black
104,0,0.00276284,Female,White
105,0,0.01476264,Female,White
106,0,0.00461802,Female,White
107,0,0.33520331,Male,White
108,0,0.01909928,Male,White
109,0,0.00257764,Male,Black
110,0,0.00240774,Female,White
111,0,0.00227558,Female,White
112,0,0.2764632,Male,White
113,1,0.51462852,Male,White
114,0,0.00086839,Female,White
115,0,0.17369266,Male,White
116,0,0.01168625,Male,White
117,0,0.28980414,Male,White
118,0,0.00133302,Female,White
119,0,0.01836513,Female,White
120,1,0.07231546,Female,White
121,0,0.12862013,Female,White
122,0,0.00283132,Female,White
123,0,0.01380012,Male,White
124,0,0.05219396,Female,White
125,0,0.00951175,Female,White
126,0,0.02251668,Female,White
127,1,0.91776828,Female,White
128,0,0.01738034,Male,White
129,1,0.21929577,Male,White
130,1,0.92966232,Male,White
131,0,0.2882824,Male,White
132,0,0.00888188,Female,Black
133,0,0.00442245,Female,White
134,1,0.86079091,Male,White
135,0,0.38094019,Male,Black
136,0,0.04377581,Female,White
137,1,0.37891071,Male,White
138,0,0.0562702,Male,Black
139,0,0.16764217,Female,White
140,0,0.03186966,Male,White
141,0,0.74628494,Male,White
142,0,0.00235044,Female,Asian-Pac-Islander
143,1,0.92888115,Male,White
144,1,0.75792241,Male,White
145,0,0.02229749,Female,White
146,0,0.02870762,Female,White
147,0,0.06425162,Female,White
148,1,0.24979901,Male,White
149,1,0.99806905,Male,White
150,0,0.05050307,Male,White
151,0,0.00740734,Male,Black
152,0,0.05245281,Female,Black
153,0,0.0348858,Male,White
154,0,0.01387608,Male,White
155,1,0.69616963,Male,White
156,0,0.00379733,Female,White
157,0,0.02548677,Male,White
158,0,0.05848045,Male,White
159,0,0.0103693,Female,Black
160,0,0.34476376,Male,White
161,0,0.07193172,Male,White
162,0,0.2461022,Male,White
163,0,0.22519653,Male,White
164,0,0.03503173,Male,White
165,1,0.75213443,Male,White
166,1,0.45191483,Male,White
167,1,0.69643644,Male,White
168,0,0.30171838,Male,White
169,0,0.00665496,Male,White
170,0,0.12467282,Male,White
171,1,0.69426383,Male,White
172,0,0.20181384,Male,White
173,0,0.02682762,Female,White
174,0,0.59040053,Male,White
175,0,0.0596303,Female,Black
176,1,0.51067299,Male,White
177,0,0.24689267,Male,White
178,0,0.21289205,Male,White
179,1,0.3511642,Male,White
180,1,0.43857983,Male,White
181,0,0.31454691,Male,White
182,1,0.99519845,Male,White
183,1,0.01483906,Female,White
184,0,0.18857578,Female,White
185,0,0.02361397,Female,Black
186,0,0.13429729,Male,White
187,0,0.04266361,Male,White
188,0,0.02194997,Male,White
189,0,0.0270619,Male,Black
190,0,0.0041387,Female,White
191,1,0.85909706,Male,White
192,1,0.28204992,Male,White
193,0,0.02624048,Female,Black
194,0,0.01695699,Male,White
195,0,0.02306721,Female,Black
196,0,0.04708218,Female,White
197,0,0.05013658,Male,White
198,1,0.87719382,Female,White
199,0,0.00550548,Female,White
200,1,0.10827073,Male,White
201,1,0.45131183,Male,White
202,0,0.75151361,Male,White
203,0,0.25896634,Male,White
204,0,0.1014065,Female,White
205,1,0.5707328,Male,White
206,0,0.66364507,Male,White
207,0,0.0833658,Male,Black
208,0,0.41766358,Male,White
209,1,0.73351671,Female,White
210,1,0.39205289,Male,White
211,0,0.00710439,Male,White
212,0,0.00227962,Female,White
213,0,0.33588636,Female,White
214,0,0.47804914,Male,White
215,0,0.01400731,Female,Black
216,0,0.20777902,Male,White
217,0,0.01711189,Male,White
218,0,0.00067069,Male,White
219,0,0.07814574,Male,White
220,0,0.06881479,Female,White
221,0,0.52549841,Male,Asian-Pac-Islander
222,0,0.00811178,Female,Asian-Pac-Islander
223,0,0.03408077,Male,White
224,1,0.37513241,Male,White
225,1,0.59623035,Male,White
226,0,0.33084986,Male,White
227,1,0.9961343,Male,White
228,0,0.45441557,Male,White
229,0,0.00306708,Female,White
230,0,0.29554368,Male,White
231,0,0.00269267,Male,White
232,0,0.81524051,Male,White
233,0,0.11844807,Female,Asian-Pac-Islander
234,1,0.35260035,Male,White
235,0,0.13091106,Male,White
236,0,0.09161657,Female,White
237,0,0.83863932,Male,White
238,0,0.00249607,Female,Black
239,0,0.01461899,Female,White
240,0,0.19608631,Male,White
241,0,0.00098976,Female,White
242,0,0.63331702,Male,White
243,0,0.00071832,Female,White
244,0,0.24286125,Male,White
245,0,0.00349406,Female,White
246,0,0.211832,Female,White
247,0,0.12456156,Male,White
248,0,0.03405641,Female,White
249,1,0.43175858,Male,White
250,0,0.1502183,Male,White
251,0,0.00649412,Male,White
252,0,0.07761888,Male,White
253,1,0.5870101,Male,White
254,0,0.20003808,Male,White
255,0,0.06975762,Male,White
256,0,0.00900118,Male,White
257,0,0.63463412,Male,Black
258,0,0.00492536,Female,Black
259,0,0.00893191,Male,White
260,0,0.37666558,Male,White
261,0,0.65620132,Female,White
262,0,0.16398157,Male,White
263,0,0.02445949,Female,White
264,0,0.00922591,Female,White
265,0,0.08540099,Female,White
266,1,0.31377047,Male,White
267,0,0.20744006,Male,White
268,0,0.07472695,Male,White
269,0,0.00155605,Female,White
270,0,0.11125778,Female,White
271,0,0.5872363,Male,White
272,1,0.14817243,Male,White
273,1,0.65722441,Female,White
274,0,0.21465841,Male,White
275,1,0.16307323,Male,White
276,0,0.00057791,Female,Amer-Indian-Eskimo
277,0,0.03448842,Male,Black
278,0,0.00134859,Male,White
279,1,0.99701262,Male,White
280,0,0.08543597,Male,Black
281,1,0.35607441,Male,White
282,1,0.11264495,Male,White
283,0,0.0028411,Female,White
284,0,0.03951784,Female,White
285,0,0.61030593,Male,Black
286,0,0.01405254,Female,White
287,0,0.0054825,Male,Black
288,1,0.46019679,Male,White
289,0,0.49279977,Male,Black
290,0,0.06033647,Male,Black
291,1,0.53582581,Male,White
292,0,0.09379365,Male,White
293,0,0.27941935,Male,White
294,0,0.00766736,Female,White
295,0,0.11451524,Male,White
296,0,0.03737747,Male,White
297,1,0.01576513,Male,White
298,0,0.00995902,Male,White
299,1,0.99395053,Male,White
300,0,0.24509634,Male,White
301,1,0.32213126,Male,White
302,0,0.00551079,Male,White
303,0,0.01856996,Female,White
304,0,0.01224914,Female,White
305,0,0.00269742,Male,White
306,0,0.09439921,Male,Black
307,0,0.02931969,Female,White
308,0,0.02487396,Male,White
309,1,0.83987167,Male,White
310,0,0.57915238,Male,Asian-Pac-Islander
311,1,0.66895127,Male,White
312,0,0.00538968,Male,White
313,0,0.17629137,Male,White
314,1,0.46068496,Female,White
315,0,0.50573178,Female,White
316,1,0.10663714,Male,White
317,0,0.01665688,Male,White
318,0,0.0085012,Female,White
319,1,0.68983989,Male,White
320,1,0.27142595,Male,Black
321,0,0.09034467,Male,White
322,0,0.80039975,Male,White
323,0,0.25449819,Male,White
324,0,0.01859727,Male,White
325,0,0.00381856,Male,White
326,0,0.74916856,Male,White
327,0,0.13752842,Female,White
328,0,0.00090943,Male,White
329,1,0.15185736,Male,White
330,1,0.99815908,Male,White
331,0,0.00216251,Male,White
332,0,0.00651593,Male,White
333,1,0.33665059,Male,White
334,0,0.05860123,Female,White
335,1,0.91231655,Male,White
336,0,0.00871592,Female,White
337,0,0.00193499,Female,White
338,0,0.00488301,Female,White
339,0,0.27332521,Male,White
340,0,0.17096076,Female,White
341,1,0.18991112,Male,White
342,0,0.18118738,Male,White
343,0,0.01021224,Male,White
344,1,0.74585506,Male,White
345,1,0.97368928,Male,White
346,1,0.07048575,Female,White
347,1,0.9999999,Female,Black
348,1,0.45996843,Male,White
349,0,0.001324,Female,White
350,0,0.08480367,Male,White
351,0,0.00625366,Female,White
352,0,0.00313441,Male,White
353,0,0.01415221,Female,White
354,1,0.08300913,Female,White
355,1,0.45268288,Male,White
356,1,0.70196006,Male,Black
357,0,0.11766925,Male,White
358,1,1.0,Male,White
359,0,0.17156138,Male,Black
360,0,0.01073174,Female,Black
361,0,0.160165,Male,White
362,0,0.14518108,Male,White
363,0,0.01707777,Male,White
364,0,0.07489559,Female,White
365,1,0.3905764,Male,White
366,1,0.75282834,Male,White
367,0,0.55199608,Male,White
368,1,0.39220855,Male,White
369,0,0.43137326,Female,White
370,0,0.00293113,Female,White
371,0,0.4397019,Male,White
372,0,0.00698739,Male,White
373,0,0.20874717,Male,White
374,0,0.50953407,Male,White
375,0,0.00890259,Male,White
376,1,0.42418247,Male,White
377,0,0.81014991,Female,Asian-Pac-Islander
378,0,0.00285562,Female,Asian-Pac-Islander
379,0,0.16376819,Male,White
380,0,0.00671047,Male,White
381,1,0.3350842,Male,Black
382,0,0.08921903,Female,White
383,1,0.88535745,Female,White
384,0,0.01983176,Female,Black
385,1,0.3960325,Male,White
386,0,0.02905672,Male,White
387,0,0.01873268,Female,Black
388,0,0.0103706,Female,White
389,0,0.26849183,Female,White
390,1,0.79739117,Male,White
391,1,0.08884179,Female,White
392,0,0.00868028,Male,Black
393,0,0.1184962,Female,White
394,0,0.00911115,Female,White
395,0,0.00676368,Female,White
396,0,0.01873335,Male,Asian-Pac-Islander
397,1,0.75508858,Male,Asian-Pac-Islander
398,0,0.12389886,Male,White
399,0,0.67596956,Male,Asian-Pac-Islander
400,0,0.72271596,Male,White
401,0,0.04565243,Female,White
402,0,0.0115577,Female,White
403,0,0.00116095,Female,White
404,0,0.05913554,Male,White
405,0,0.31544713,Male,White
406,0,0.01443671,Male,White
407,0,0.05192869,Female,White
408,0,0.01780455,Male,White
409,0,0.00994079,Female,White
410,1,0.59435441,Female,White
411,0,0.00893553,Female,White
412,1,0.23797513,Female,White
413,0,0.01199682,Male,White
414,0,0.00702581,Male,White
415,0,0.10195692,Male,White
416,1,0.12924954,Male,White
417,0,0.08931166,Male,White
418,0,0.2440595,Male,Asian-Pac-Islander
419,1,1.0,Male,White
420,0,0.28771777,Male,White
421,0,0.01453144,Male,Other
422,0,0.02032208,Female,White
423,0,0.03054805,Male,White
424,0,0.10037023,Male,White
425,0,0.01991605,Female,Black
426,1,0.04348658,Male,White
427,0,0.01281447,Female,White
428,0,0.01100592,Female,White
429,0,0.00128569,Female,White
430,0,0.00185524,Female,White
431,0,0.43267613,Male,White
432,0,0.00129642,Male,Other
433,1,0.28531731,Female,Black
434,0,0.01881387,Female,Black
435,0,0.00110984,Female,Black
436,0,0.72764183,Male,White
437,1,0.59871385,Male,White
438,0,0.00353352,Female,White
439,0,0.48153918,Male,White
440,1,0.87991856,Male,White
441,0,0.36683512,Male,White
442,0,0.47162083,Male,White
443,0,0.01162943,Female,White
444,0,0.46178012,Male,White
445,0,0.00247093,Female,White
446,1,0.88401443,Male,White
447,0,0.794538,Male,White
448,0,0.14125656,Male,White
449,0,0.02439759,Male,White
450,0,0.0376055,Male,Other
451,0,0.16975247,Male,White
452,0,0.12980456,Male,White
453,1,0.8236668,Male,White
454,0,0.0383337,Male,White
455,0,0.04665839,Female,White
456,0,0.02402681,Male,White
457,0,0.03486681,Male,White
458,1,0.78446716,Male,White
459,0,0.00243079,Female,White
460,0,0.22988938,Male,White
461,0,0.12627417,Female,White
462,0,0.16957857,Male,White
463,0,0.67475611,Male,White
464,0,0.05418756,Male,White
465,0,0.1001296,Male,White
466,0,0.00733899,Male,White
467,1,0.85631286,Male,Black
468,0,0.21106133,Male,White
469,0,0.1713797,Male,White
470,0,0.00380184,Male,White
471,0,0.00113872,Female,White
472,0,0.07820421,Male,White
473,0,0.03401413,Male,White
474,1,0.25762195,Male,White
475,0,0.03328749,Male,White
476,0,0.03279902,Female,White
477,0,0.06426267,Male,White
478,0,0.02322464,Male,White
479,0,0.15364912,Female,White
480,0,0.03255985,Female,White
481,0,0.4481849,Female,White
482,0,0.0259784,Male,White
483,0,0.00668318,Male,Black
484,1,0.99979695,Male,White
485,0,0.07520538,Female,White
486,0,0.06479504,Male,White
487,0,0.0071722,Male,White
488,0,0.02037436,Male,White
489,0,0.11911087,Male,White
490,0,0.24588578,Male,White
491,0,0.01398466,Male,White
492,0,0.02966534,Male,White
493,0,0.24307623,Male,White
494,0,0.0728284,Male,Amer-Indian-Eskimo
495,0,0.07042508,Male,Black
496,0,0.54330751,Male,White
497,0,0.00708028,Male,White
498,0,0.11157956,Male,White
499,0,0.00123931,Male,Asian-Pac-Islander
500,0,0.18753052,Female,White
501,1,0.21817089,Male,White
502,0,0.26257775,Male,White
503,0,0.39847881,Male,White
504,0,0.04581727,Female,White
505,0,0.28853914,Male,White
506,1,0.19979311,Female,White
507,0,0.00109206,Female,White
508,1,0.99530662,Male,White
509,0,0.00693031,Female,White
510,1,0.25683131,Male,White
511,0,0.00620699,Male,White
512,0,0.00563309,Female,White
513,0,0.00997746,Male,Black
514,0,0.00086299,Female,White
515,0,0.02183991,Male,White
516,0,0.00140332,Female,White
517,0,0.01140199,Male,White
518,0,0.02736315,Female,White
519,0,0.96218482,Male,White
520,0,0.00508145,Male,Other
521,0,0.07155002,Female,White
522,1,0.21539725,Male,White
523,0,0.34120955,Male,White
524,0,0.00177029,Male,White
525,0,0.59418424,Male,White
526,0,0.01421591,Female,Amer-Indian-Eskimo
527,0,0.68558215,Male,White
528,0,0.34179684,Male,White
529,0,0.09589908,Female,White
530,1,0.99480835,Male,White
531,0,0.34287921,Male,Black
532,0,0.01457249,Female,White
533,0,0.0180745,Female,White
534,0,0.06779706,Male,Black
535,0,0.37419968,Male,White
536,0,0.66336402,Female,White
537,0,0.08022779,Male,White
538,1,0.73416221,Male,White
539,1,0.38970082,Male,White
540,0,0.00104231,Male,White
541,0,0.107388,Male,White
542,1,0.69903674,Male,White
543,1,0.12762982,Female,White
544,0,0.00357885,Female,White
545,1,0.73876977,Male,White
546,0,0.36994153,Male,White
547,0,0.6958108,Male,White
548,0,0.17999161,Male,White
549,0,0.21470779,Male,White
550,1,0.33829634,Male,Asian-Pac-Islander
551,0,0.00336768,Male,White
552,0,0.00382019,Male,White
553,0,0.68859268,Male,White
554,1,0.54368444,Male,Black
555,0,0.38077391,Male,White
556,1,0.18349406,Male,White
557,0,0.32689939,Male,White
558,1,0.70825086,Male,White
559,0,0.68008002,Male,White
560,0,0.01400686,Female,White
561,0,0.01509948,Female,Black
562,0,0.00436017,Female,White
563,1,0.58652269,Male,White
564,0,0.12172709,Male,White
565,0,0.0164727,Male,Asian-Pac-Islander
566,0,0.03454282,Male,White
567,1,0.26583129,Male,White
568,0,0.0225197,Female,White
569,0,0.5775493,Male,White
570,0,0.0019674,Female,White
571,0,0.60609342,Male,White
572,0,0.03121087,Female,White
573,0,0.2783713,Male,White
574,0,0.01522132,Female,White
575,1,0.72436253,Male,White
576,1,0.84046183,Female,White
577,0,0.23499195,Male,White
578,0,0.31013726,Male,White
579,1,0.78689326,Male,White
580,1,0.6166827,Male,White
581,1,0.2145122,Male,White
582,1,0.62744669,Female,White
583,1,0.8387962,Male,White
584,0,0.00532766,Female,Black
585,1,0.0142406,Male,White
586,0,0.03566789,Male,White
587,0,0.28707924,Male,White
588,0,0.81786286,Male,White
589,0,0.00327266,Female,Black
590,0,0.03413838,Male,White
591,0,0.0011463,Male,White
592,1,0.14955345,Male,White
593,0,0.21119199,Female,Black
594,0,0.00237182,Female,White
595,1,0.78756209,Male,White
596,0,0.01281447,Female,White
597,0,0.00734228,Female,Black
598,0,0.53761198,Male,White
599,0,0.73809838,Male,White
600,0,0.00664649,Male,Asian-Pac-Islander
601,1,0.25930399,Female,White
602,0,0.02908625,Male,White
603,0,0.19834628,Male,White
604,0,0.75002289,Male,White
605,0,0.00752212,Male,White
606,0,0.01211575,Female,White
607,0,0.00922745,Female,White
608,0,0.43992088,Male,White
609,0,0.02187464,Male,Asian-Pac-Islander
610,0,0.07138275,Male,Black
611,0,0.34571314,Male,White
612,1,0.97319625,Male,White
613,0,0.00416799,Male,White
614,0,0.02903536,Male,Black
615,0,0.15018348,Male,White
616,0,0.10102671,Male,White
617,0,0.00721267,Male,White
618,0,0.33753793,Male,White
619,0,0.06066049,Male,White
620,1,0.97475464,Male,White
621,0,0.21083006,Male,White
622,0,0.02055049,Female,White
623,0,0.02091999,Male,White
624,0,0.07506873,Male,White
625,0,0.15509033,Male,White
626,1,0.90359443,Male,White
627,0,0.49610114,Male,White
628,1,0.96801458,Male,White
629,0,0.13098547,Male,White
630,0,0.18287814,Male,White
631,0,0.04671808,Male,White
632,0,0.0288959,Female,Black
633,0,0.27065232,Male,Black
634,0,0.00283607,Female,White
635,0,0.07241485,Male,White
636,1,0.94901639,Male,White
637,0,0.09404895,Male,White
638,0,0.02394091,Male,White
639,1,0.5817645,Male,White
640,0,0.00053835,Male,White
641,0,0.01525873,Female,Black
642,0,0.00267914,Female,Black
643,1,0.87073788,Female,White
644,1,0.99760025,Male,White
645,0,0.01106252,Male,Black
646,0,0.00321204,Female,White
647,0,0.00361067,Female,White
648,0,0.45121149,Male,White
649,0,0.02879041,Female,Black
650,0,0.00135507,Female,Black
651,0,0.14978321,Male,White
652,0,0.00365789,Female,White
653,1,0.90443538,Female,White
654,0,0.2461022,Male,White
655,1,0.49734492,Male,Black
656,0,0.00250411,Female,Asian-Pac-Islander
657,1,0.86363639,Male,White
658,0,0.01614257,Male,White
659,0,0.10331851,Male,White
660,0,0.06591538,Male,White
661,1,0.4664635,Female,White
662,0,0.05854108,Male,White
663,0,0.00520932,Male,Asian-Pac-Islander
664,0,0.00271482,Female,Black
665,0,0.10492328,Male,White
666,1,0.030915,Female,White
667,0,0.20132783,Male,White
668,0,0.02552074,Female,White
669,0,0.22236176,Male,White
670,0,0.67652129,Male,Black
671,0,0.00218178,Female,White
672,0,0.00985536,Female,White
673,0,0.08841589,Female,Black
674,1,0.84327732,Male,White
675,0,0.00251074,Female,White
676,0,0.00075731,Female,White
677,0,0.06470126,Male,Asian-Pac-Islander
678,0,0.00651847,Female,Other
679,0,0.0122027,Female,White
680,1,0.97639354,Male,White
681,0,0.23865113,Male,White
682,0,0.01349562,Male,White
683,0,0.26594631,Male,White
684,0,0.41171069,Male,White
685,0,0.56373414,Male,White
686,0,0.06864838,Male,Black
687,1,0.67874028,Male,White
688,0,0.00680038,Female,White
689,0,0.02478132,Female,White
690,0,0.31641256,Male,White
691,1,0.18353695,Male,White
692,0,0.00668909,Female,White
693,1,1.0,Male,White
694,0,0.14207845,Male,White
695,0,0.26209914,Male,White
696,0,0.00354184,Female,White
697,0,0.01209005,Female,White
698,0,0.02164123,Male,White
699,1,0.68090174,Male,White
700,1,0.79802681,Male,White
701,0,0.07175038,Male,White
702,0,0.75618274,Male,White
703,1,0.99999996,Male,White
704,0,0.00872002,Male,White
705,0,0.0033455,Female,White
706,0,0.02895862,Female,White
707,0,0.25015895,Female,White
708,0,0.04045325,Male,White
709,1,0.51300766,Male,White
710,0,0.87342891,Male,White
711,0,0.22184931,Male,White
712,1,0.55580951,Male,White
713,1,0.39361878,Male,White
714,0,0.02012611,Male,White
715,1,0.37399698,Male,White
716,0,0.00782905,Male,White
717,1,0.23974732,Male,White
718,0,0.00760118,Female,Asian-Pac-Islander
719,1,0.80373011,Male,White
720,1,0.91348851,Male,White
721,0,0.14022926,Male,White
722,0,0.68892205,Male,White
723,0,0.07633317,Female,White
724,0,0.15214689,Male,Amer-Indian-Eskimo
725,0,0.04041579,Female,White
726,0,0.0873266,Male,White
727,1,0.98137108,Male,Asian-Pac-Islander
728,0,0.02250585,Female,Black
729,0,0.00273815,Female,Black
730,0,0.1465627,Male,White
731,0,0.1603574,Male,White
732,0,0.16001678,Male,White
733,1,0.66767527,Male,White
734,0,0.00684937,Male,White
735,0,0.00080155,Male,White
736,0,0.288871,Male,White
737,1,0.34268417,Male,White
738,1,0.4042752,Male,White
739,0,0.00337162,Male,White
740,0,0.01951879,Female,Black
741,0,0.10462156,Female,White
742,0,0.26594631,Male,White
743,0,0.09523122,Male,White
744,0,0.41895406,Male,White
745,0,0.08869888,Male,White
746,0,0.00914983,Female,Black
747,0,0.02750778,Male,Asian-Pac-Islander
748,1,0.14327254,Female,Other
749,1,0.47386297,Female,Black
750,0,0.43515127,Male,Asian-Pac-Islander
751,1,0.86266377,Female,Black
752,0,0.56046704,Male,White
753,0,0.04974644,Male,White
754,0,0.02923073,Female,Black
755,1,0.16075632,Female,White
756,1,0.35738412,Male,White
757,0,0.0591082,Male,White
758,0,0.0686779,Female,White
759,0,0.59953986,Male,White
760,0,0.49635748,Male,White
761,0,0.22733075,Male,White
762,1,0.23833489,Female,White
763,1,0.06453474,Female,White
764,0,0.00989736,Male,White
765,0,0.00132108,Female,White
766,0,0.00224611,Male,White
767,0,0.01513722,Female,White
768,0,0.00852996,Female,White
769,0,0.00568922,Male,White
770,1,0.46774264,Male,White
771,0,0.00131035,Female,White
772,0,0.00478221,Female,Asian-Pac-Islander
773,0,0.02012309,Male,White
774,0,0.00254351,Female,White
775,0,0.41584255,Male,White
776,0,0.77625402,Male,White
777,1,0.74505077,Male,White
778,0,0.03340173,Male,White
779,0,0.0852033,Female,White
780,0,0.03128923,Male,Asian-Pac-Islander
781,0,0.00754297,Female,White
782,1,0.5842175,Male,White
783,0,0.31353477,Male,White
784,0,0.10792378,Male,White
785,0,0.56639756,Male,White
786,1,0.8369899,Male,White
787,0,0.84314776,Male,White
788,1,0.17175462,Male,White
789,1,0.1471659,Female,White
790,0,0.04155038,Male,White
791,0,0.06343026,Female,White
792,0,0.00173021,Female,Amer-Indian-Eskimo
793,0,0.00856197,Male,White
794,0,0.04955876,Male,White
795,0,0.09169924,Male,White
796,1,0.41905063,Male,White
797,0,0.05834677,Female,White
798,0,0.57673168,Male,White
799,0,0.00693511,Female,White
800,1,0.50151941,Male,Black
801,0,0.02136315,Male,White
802,0,0.08116584,Female,White
803,1,0.35243858,Male,White
804,0,0.22429847,Male,Black
805,0,0.25075509,Male,White
806,0,0.33281278,Male,White
807,0,0.17512748,Male,White
808,1,0.79721788,Male,White
809,0,0.01338584,Female,White
810,1,0.18624273,Male,White
811,0,0.62694015,Male,White
812,0,0.09105218,Male,White
813,0,0.12844824,Male,Black
814,1,0.35458285,Male,White
815,0,0.06388271,Male,White
816,1,0.71064069,Male,White
817,0,0.06269973,Male,Black
818,0,0.00183462,Female,White
819,0,0.00027908,Male,White
820,0,0.24518514,Female,White
821,0,0.01130323,Female,Black
822,0,0.01167061,Female,White
823,0,0.03273288,Male,White
824,0,0.10006321,Male,White
825,0,0.45723716,Male,White
826,0,0.01472375,Female,White
827,0,0.01580643,Female,White
828,0,0.00108674,Female,White
829,1,0.87339138,Male,White
830,1,0.852927,Male,White
831,0,0.18703048,Female,White
832,0,0.02187648,Male,White
833,0,0.39326595,Male,White
834,1,0.21217499,Female,White
835,0,0.13165843,Male,White
836,0,0.0473336,Male,White
837,0,0.2281221,Male,White
838,0,0.05493836,Male,White
839,0,0.04057491,Male,White
840,0,0.17124331,Male,White
841,0,0.18603576,Male,White
842,0,0.0101239,Male,White
843,0,0.00193435,Male,White
844,1,0.43616061,Female,White
845,0,0.00970567,Female,Black
846,0,0.03764383,Female,Black
847,1,0.71377405,Male,White
848,0,0.47804933,Male,White
849,0,0.76227088,Male,White
850,0,0.02307286,Male,White
851,0,0.07284728,Male,White
852,1,0.96637854,Male,White
853,0,0.00395501,Male,White
854,0,0.16516552,Male,White
855,0,0.01363697,Male,White
856,0,0.16554422,Male,White
857,1,0.29232361,Male,Black
858,0,0.24096052,Male,White
859,1,0.72387656,Male,White
860,0,0.1847804,Male,White
861,0,0.0212158,Female,Black
862,0,0.24670693,Male,White
863,0,0.0178182,Female,White
864,0,0.03113736,Male,White
865,0,0.11911087,Male,White
866,0,0.11016685,Male,White
867,0,0.79470393,Male,White
868,0,0.11175455,Male,White
869,0,0.91985448,Male,White
870,0,0.04897437,Male,White
871,0,0.30178305,Female,White
872,0,0.0634435,Male,White
873,1,0.56064375,Male,White
874,0,0.14573634,Male,Black
875,0,0.01519012,Male,Black
876,1,0.25997473,Male,Black
877,0,0.07852429,Female,White
878,0,0.01463056,Male,White
879,1,0.73607784,Male,White
880,1,0.61598807,Male,White
881,0,0.01742294,Male,White
882,0,0.05918969,Female,White
883,1,1.0,Male,White
884,0,0.00459796,Female,White
885,1,0.38749634,Male,Black
886,0,0.80899013,Male,White
887,0,0.19630881,Male,White
888,1,0.71333186,Male,White
889,0,0.28808145,Male,White
890,0,0.71017387,Male,White
891,1,0.04380719,Male,White
892,0,0.14635543,Female,White
893,0,0.51152988,Male,White
894,0,0.00095913,Female,Black
895,1,0.49277136,Male,White
896,0,0.02774439,Male,White
897,0,0.20076757,Male,White
898,1,0.82689585,Male,White
899,0,0.00319697,Male,White
900,1,0.89851622,Male,White
901,1,0.4593756,Male,White
902,1,0.95265388,Male,White
903,0,0.01255058,Female,White
904,0,0.00143827,Male,White
905,0,0.02938548,Male,Black
906,0,0.89168217,Male,White
907,1,0.65732644,Male,White
908,0,0.38823813,Male,White
909,1,0.40224533,Male,White
910,0,0.32350019,Male,White
911,0,0.00770789,Male,White
912,0,0.03993279,Female,White
913,0,0.18887795,Male,White
914,0,0.00111831,Female,White
915,1,0.61716778,Male,White
916,0,0.00269312,Female,White
917,0,0.14609528,Male,White
918,1,0.25596029,Male,White
919,1,0.31294014,Male,Black
920,0,0.02076227,Male,White
921,0,0.5617613,Male,White
922,1,0.79924912,Male,White
923,0,0.5550778,Male,White
924,0,0.37385275,Male,White
925,0,0.02800095,Male,White
926,0,0.13776249,Male,White
927,0,0.03713086,Female,White
928,0,0.0724919,Male,White
929,0,0.15186484,Male,White
930,0,0.01503036,Male,White
931,0,0.00436853,Female,White
932,0,0.64341082,Male,White
933,0,0.15806399,Male,White
934,0,0.00191448,Female,Black
935,0,0.22456859,Male,White
936,0,0.49837639,Male,White
937,0,0.01259963,Female,White
938,1,0.53183829,Male,White
939,0,0.00131095,Female,White
940,0,0.01926422,Male,Black
941,0,0.25338203,Male,Black
942,1,0.50228297,Male,Black
943,0,0.00856056,Female,White
944,0,0.51954964,Male,White
945,0,0.00284434,Male,Black
946,1,0.69555243,Male,Asian-Pac-Islander
947,0,0.1003515,Male,White
948,0,0.00241544,Male,White
949,0,0.09205828,Male,White
950,0,0.30050072,Male,White
951,0,0.05529952,Male,White
952,0,0.01584147,Female,White
953,0,0.20963209,Female,White
954,0,0.00227541,Male,White
955,0,0.51479512,Male,White
956,0,0.00906526,Female,White
957,0,0.0878625,Male,White
958,1,0.33544487,Male,White
959,1,0.3484168,Female,White
960,0,0.39024062,Male,White
961,0,0.00178324,Female,White
962,0,0.00332471,Male,Black
963,0,0.01649354,Male,White
964,0,0.00426872,Male,Black
965,1,0.72396845,Male,White
966,0,0.00938392,Male,White
967,0,0.01074288,Female,White
968,1,0.59490416,Male,White
969,0,0.10593405,Female,Black
970,0,0.00215812,Female,Asian-Pac-Islander
971,0,0.26650449,Male,White
972,1,0.99928251,Male,White
973,0,0.26873083,Male,White
974,0,0.05153807,Male,White
975,0,0.13068617,Male,White
976,1,0.10537066,Male,White
977,0,0.00870423,Female,White
978,1,0.57159584,Male,White
979,1,0.99900867,Male,White
980,1,0.99965371,Male,White
981,1,0.55597433,Male,White
982,0,0.00165035,Female,White
983,0,0.03516244,Male,Amer-Indian-Eskimo
984,1,0.17048962,Male,Black
985,1,0.43820155,Male,White
986,0,0.07049324,Male,White
987,1,0.25008388,Male,White
988,0,0.12736444,Female,White
989,0,0.00410199,Female,White
990,0,0.0092766,Male,White
991,0,0.55005618,Female,White
992,0,0.82213071,Male,White
993,1,1.0,Male,White
994,0,0.44305852,Male,White
995,1,0.21418947,Female,White
996,0,0.00299287,Female,White
997,0,0.01023912,Female,White
998,0,0.01115058,Male,White
999,0,0.58420892,Male,White
1000,0,0.16081442,Male,Black
1001,0,0.0007428,Female,White
1002,1,0.45800136,Female,White
1003,0,0.00334428,Male,White
1004,0,0.04237924,Male,White
1005,0,0.29268037,Male,Black
1006,1,0.18257043,Male,White
1007,0,0.48437541,Male,White
1008,0,0.04665543,Female,White
1009,1,0.79806452,Male,White
1010,0,0.00251205,Female,White
1011,0,0.03234497,Male,White
1012,0,0.02569869,Male,White
1013,1,0.72888708,Male,White
1014,0,0.00411137,Male,Black
1015,0,0.10773864,Male,White
1016,1,0.66176231,Male,White
1017,0,0.53046138,Male,White
1018,0,0.29924473,Male,Asian-Pac-Islander
1019,0,0.21410078,Male,White
1020,0,0.4657098,Male,Black
1021,0,0.63547645,Female,White
1022,0,0.01267573,Female,White
1023,0,0.30053796,Male,White
1024,0,0.22386723,Male,White
1025,0,0.01186759,Male,White
1026,1,0.98164261,Male,White
1027,0,0.02114293,Female,White
1028,0,0.26506552,Female,White
1029,0,0.0349748,Female,White
1030,0,0.0036659,Male,White
1031,0,0.00227504,Female,White
1032,1,0.55798973,Male,White
1033,0,0.54905408,Male,White
1034,0,0.23358061,Male,White
1035,0,0.04111756,Female,White
1036,0,0.02120279,Male,White
1037,1,0.26594631,Male,White
1038,0,0.03397427,Female,White
1039,0,0.0914434,Female,Asian-Pac-Islander
1040,0,0.02102248,Female,White
1041,1,0.94395937,Male,White
1042,1,0.72085888,Male,Black
1043,0,0.01179259,Female,Black
1044,0,0.00427336,Female,White
1045,0,0.00101296,Female,White
1046,1,0.88075982,Male,White
1047,0,0.29226448,Male,Black
1048,0,0.31644467,Male,White
1049,0,0.00174457,Male,White
1050,0,0.01588314,Female,White
1051,1,0.63073623,Female,Black
1052,1,0.54454702,Male,White
1053,1,0.82660579,Male,White
1054,0,0.00948927,Male,White
1055,0,0.41452799,Male,White
1056,1,0.66471356,Male,White
1057,0,0.00743692,Male,White
1058,1,0.53547012,Male,White
1059,0,0.01533729,Male,Black
1060,0,0.0005321,Male,Amer-Indian-Eskimo
1061,0,0.16231786,Male,White
1062,0,0.00090041,Male,White
1063,0,0.0026333,Female,White
1064,0,0.00242199,Female,White
1065,0,0.06463173,Male,White
1066,0,0.02301891,Female,Amer-Indian-Eskimo
1067,0,0.71174612,Male,White
1068,1,0.03207545,Female,White
1069,0,0.85855724,Male,White
1070,1,0.95258308,Male,White
1071,0,0.0543595,Female,Other
1072,0,0.01053654,Male,White
1073,0,0.0842811,Male,White
1074,0,0.00909602,Female,Black
1075,1,0.99842169,Male,White
1076,1,0.99452916,Male,White
1077,0,0.00653128,Female,White
1078,0,0.3231915,Male,White
1079,1,0.62281294,Male,White
1080,0,0.01081889,Female,White
1081,0,0.00650593,Male,Asian-Pac-Islander
1082,0,0.00854423,Male,White
1083,1,0.58544609,Male,White
1084,0,0.30853947,Female,White
1085,0,0.02888085,Male,White
1086,0,0.00597149,Female,White
1087,1,0.99799017,Male,White
1088,0,0.24449159,Male,White
1089,0,0.00323309,Female,White
1090,1,0.59747925,Male,White
1091,1,0.72418072,Male,White
1092,0,0.0751232,Male,White
1093,0,0.01784397,Male,White
1094,0,0.05625053,Male,White
1095,0,0.00077815,Female,White
1096,0,0.00136058,Male,White
1097,0,0.47162166,Male,White
1098,1,0.88314878,Male,White
1099,0,0.75032852,Male,Black
1100,0,0.05371373,Male,White
1101,0,0.0048807,Female,White
1102,0,0.37126335,Male,Asian-Pac-Islander
1103,1,0.23318471,Male,White
1104,0,0.00034526,Male,White
1105,0,0.00053436,Female,White
1106,1,0.06121235,Male,White
1107,0,0.01586803,Female,White
1108,0,0.053906,Male,Asian-Pac-Islander
1109,0,0.16410758,Female,White
1110,0,0.11161271,Male,White
1111,1,0.99627384,Male,White
1112,1,0.37554484,Male,White
1113,1,0.83990664,Male,White
1114,1,0.72860775,Male,White
1115,0,0.01676364,Female,White
1116,0,0.27858681,Male,White
1117,0,0.00630542,Male,White
1118,0,0.06491885,Female,White
1119,1,0.27353116,Male,White
1120,1,0.32084614,Male,Black
1121,0,0.04175784,Male,White
1122,0,0.83465033,Male,White
1123,1,0.97435044,Male,White
1124,0,0.26431593,Male,White
1125,0,0.23089111,Male,White
1126,1,0.09087536,Male,White
1127,0,0.08718317,Male,White
1128,1,0.35364999,Male,White
1129,0,0.00683145,Female,White
1130,0,0.02550096,Female,White
1131,0,0.22312264,Male,White
1132,1,1.0,Male,White
1133,1,0.2281136,Male,Asian-Pac-Islander
1134,0,0.00074943,Female,Asian-Pac-Islander
1135,0,0.0003089,Female,White
1136,0,0.01871033,Male,White
1137,0,0.21645641,Male,White
1138,0,0.15784555,Male,White
1139,0,0.01955293,Male,White
1140,0,0.01155874,Female,White
1141,1,0.65442758,Male,White
1142,1,0.28474735,Male,White
1143,0,0.00761555,Female,White
1144,0,0.08870952,Female,White
1145,0,0.09295096,Male,White
1146,0,0.01461055,Female,White
1147,0,0.00429799,Female,White
1148,0,0.01252252,Male,White
1149,0,0.3041235,Male,White
1150,0,0.00295057,Female,White
1151,0,0.00432263,Female,Black
1152,1,0.77296239,Male,White
1153,0,0.31225577,Male,White
1154,1,0.48464726,Female,White
1155,1,1.0,Male,White
1156,0,0.24407797,Male,White
1157,0,0.03204203,Male,White
1158,1,1.0,Male,White
1159,0,0.97011072,Male,White
1160,0,0.01035451,Male,White
1161,0,0.19893206,Female,White
1162,0,0.28722989,Male,White
1163,0,0.0368199,Male,White
1164,0,0.16066559,Male,White
1165,0,0.02122488,Female,White
1166,0,0.0172513,Female,White
1167,0,0.03688725,Female,White
1168,0,0.0032188,Female,Black
1169,0,0.2337146,Male,White
1170,1,0.26321219,Male,Asian-Pac-Islander
1171,1,0.83249033,Male,White
1172,0,0.15476042,Male,White
1173,0,0.07796766,Female,Black
1174,0,0.38466105,Male,White
1175,0,0.00326675,Female,White
1176,0,0.00838276,Female,White
1177,0,0.00272612,Female,White
1178,0,0.00630299,Female,Black
1179,0,0.04709881,Female,Black
1180,0,0.01837726,Male,Asian-Pac-Islander
1181,0,0.10963824,Female,White
1182,1,0.10110762,Female,White
1183,1,0.76391526,Male,White
1184,0,0.11251289,Female,White
1185,1,0.31970681,Male,White
1186,0,0.00359999,Female,Black
1187,0,0.23112632,Female,White
1188,1,0.24936639,Male,White
1189,0,0.15337966,Male,White
1190,0,0.00111425,Male,White
1191,1,0.81898481,Male,White
1192,0,0.00820108,Female,White
1193,0,0.07125777,Male,White
1194,0,0.02778648,Male,White
1195,0,0.07382499,Male,Black
1196,0,0.02451612,Male,Black
1197,0,0.09669515,Male,White
1198,0,0.00442987,Male,White
1199,0,0.20176773,Male,White
1200,1,0.30141687,Male,White
1201,0,0.00346588,Female,White
1202,0,0.00406689,Female,Black
1203,1,0.79341765,Male,White
1204,0,0.05386266,Male,White
1205,1,0.5352614,Male,White
1206,0,0.00433584,Male,White
1207,1,0.71689742,Male,White
1208,0,0.08170271,Female,White
1209,0,0.02014234,Female,White
1210,0,0.01187231,Male,White
1211,0,0.05308305,Male,White
1212,1,0.41669481,Male,White
1213,0,0.2754711,Female,White
1214,0,0.0008691,Male,White
1215,1,0.44430631,Male,White
1216,0,0.01579665,Female,White
1217,0,0.21184975,Male,White
1218,0,0.06114306,Male,White
1219,1,0.89472157,Male,White
1220,0,0.02406191,Female,White
1221,0,0.04580351,Male,White
1222,1,0.2886245,Male,White
1223,1,0.99321663,Male,White
1224,0,0.10886893,Male,White
1225,0,0.00989066,Female,White
1226,0,0.01227398,Male,Black
1227,1,1.0,Male,White
1228,1,0.86595655,Male,White
1229,0,0.37626756,Male,White
1230,1,0.59380794,Male,White
1231,0,0.00375807,Female,White
1232,0,0.20888896,Male,White
1233,0,0.00435786,Male,White
1234,0,0.59241818,Male,White
1235,0,0.01122002,Male,White
1236,0,0.00093087,Female,Other
1237,1,0.99659359,Male,Amer-Indian-Eskimo
1238,1,0.13839281,Male,White
1239,1,0.29033187,Male,White
1240,0,0.57510098,Male,White
1241,1,0.8363065,Female,White
1242,1,0.73102501,Female,White
1243,0,0.00262765,Female,White
1244,0,0.0164604,Female,White
1245,0,0.03718067,Male,Black
1246,0,0.77261498,Male,White
1247,0,0.02233964,Female,White
1248,0,0.02781778,Male,White
1249,0,0.01245462,Male,White
1250,1,0.57196757,Male,Asian-Pac-Islander
1251,0,0.66859867,Female,White
1252,0,0.00204354,Female,White
1253,0,0.00661192,Female,Black
1254,0,0.06131135,Male,White
1255,1,0.62909579,Female,White
1256,0,0.02403476,Male,Amer-Indian-Eskimo
1257,0,0.22023875,Male,White
1258,0,0.31353477,Male,White
1259,0,0.00277605,Male,White
1260,0,0.00580248,Male,White
1261,0,0.34626499,Male,White
1262,1,0.23274819,Male,White
1263,0,0.30735895,Male,White
1264,1,0.2151789,Male,White
1265,0,0.01101007,Female,White
1266,0,0.04915402,Male,White
1267,1,0.31684171,Female,Black
1268,0,0.00500387,Female,Black
1269,1,0.81452704,Male,White
1270,0,0.14919651,Male,White
1271,1,0.12693952,Male,White
1272,0,0.02938515,Male,White
1273,0,0.00222889,Female,Black
1274,1,0.76673566,Male,White
1275,0,0.01712425,Male,White
1276,0,0.06416704,Male,White
1277,0,0.18741191,Male,White
1278,1,0.32350019,Male,White
1279,0,0.02401475,Female,White
1280,0,0.00703442,Male,White
1281,0,0.22733075,Male,White
1282,1,0.82305391,Male,White
1283,0,0.00024715,Female,White
1284,0,0.02435636,Female,Asian-Pac-Islander
1285,0,0.05389751,Female,White
1286,0,0.01125293,Male,White
1287,0,0.15101835,Male,White
1288,0,0.00267735,Female,White
1289,0,0.40180784,Male,White
1290,1,0.59029752,Male,White
1291,1,0.63036772,Male,White
1292,0,0.02942764,Female,White
1293,0,0.16852808,Male,White
1294,0,0.02184964,Female,White
1295,1,0.99903471,Female,White
1296,0,0.06391418,Female,White
1297,1,0.70878312,Male,White
1298,0,0.20241211,Male,White
1299,0,0.00167341,Female,White
1300,0,0.01476686,Female,White
1301,0,0.02323305,Male,Black
1302,0,0.1392816,Female,White
1303,0,0.00971546,Female,Black
1304,0,0.00144424,Female,Asian-Pac-Islander
1305,0,0.09417154,Female,White
1306,0,0.00523276,Male,White
1307,0,0.00046645,Female,White
1308,0,0.46028887,Male,Black
1309,0,0.00238721,Female,White
1310,0,0.00434588,Female,White
1311,0,0.13815285,Female,White
1312,0,0.31658702,Male,White
1313,0,0.01271286,Male,White
1314,0,0.11659831,Male,White
1315,1,0.70241745,Male,White
1316,0,0.08675982,Male,White
1317,0,0.00512918,Male,White
1318,0,0.12608523,Female,White
1319,0,0.0024922,Male,White
1320,0,0.68983989,Male,White
1321,1,0.20096322,Male,White
1322,0,0.10250736,Male,White
1323,0,0.00554202,Female,White
1324,1,0.9146629,Male,White
1325,0,0.01833363,Female,White
1326,0,0.10413693,Female,White
1327,1,0.99106954,Male,White
1328,0,0.00370048,Male,White
1329,0,0.72185759,Male,White
1330,0,0.48869771,Male,White
1331,1,0.90447491,Male,White
1332,1,0.24256998,Male,White
1333,0,0.0028611,Male,White
1334,0,0.03521018,Male,White
1335,0,0.07955429,Male,White
1336,0,0.0907845,Female,White
1337,1,0.62146085,Male,White
1338,0,0.00444456,Male,White
1339,0,0.00433584,Male,White
1340,0,0.07109383,Male,White
1341,1,0.37283141,Female,White
1342,0,0.43486624,Male,White
1343,0,0.29260364,Male,White
1344,1,1.0,Male,White
1345,0,0.18542296,Female,White
1346,1,0.88623593,Male,White
1347,1,0.38370671,Male,White
1348,0,0.05069587,Male,White
1349,0,0.48355473,Male,White
1350,0,0.01997147,Male,White
1351,0,0.00173895,Male,White
1352,0,0.37891071,Male,White
1353,0,0.16262956,Male,White
1354,0,0.03388772,Male,White
1355,1,0.72540233,Male,White
1356,0,0.08667613,Male,White
1357,0,0.01259611,Male,Asian-Pac-Islander
1358,0,0.49347479,Male,White
1359,0,0.10108954,Female,White
1360,1,0.95203606,Female,White
1361,1,0.78982248,Male,White
1362,0,0.1129032,Male,White
1363,0,0.00080139,Female,White
1364,1,0.96363696,Male,White
1365,1,0.05476195,Male,White
1366,0,0.00136907,Male,White
1367,1,0.09790527,Male,White
1368,1,0.05747583,Male,White
1369,0,0.0023869,Female,White
1370,0,0.21030664,Male,White
1371,0,0.4533921,Male,White
1372,0,0.18119234,Male,White
1373,0,0.00155659,Male,Black
1374,0,0.50729826,Male,White
1375,0,0.02886665,Female,White
1376,0,0.37382602,Female,White
1377,1,0.43064711,Male,White
1378,0,0.00664739,Female,Black
1379,1,0.63410604,Male,White
1380,1,0.9688598,Male,White
1381,1,0.6905764,Male,White
1382,0,0.02351158,Male,Black
1383,0,0.03870587,Male,White
1384,0,0.05100945,Male,White
1385,1,0.41585436,Male,Black
1386,0,0.00055136,Female,White
1387,0,0.06958651,Male,White
1388,1,0.1759347,Female,White
1389,0,0.34441043,Male,White
1390,1,0.66821577,Male,White
1391,0,0.01984493,Male,White
1392,0,0.01368449,Male,Black
1393,0,0.18365424,Male,White
1394,0,0.06380603,Male,White
1395,0,0.00230254,Female,White
1396,0,0.61803472,Male,White
1397,0,0.0101576,Female,White
1398,0,0.12276617,Female,Amer-Indian-Eskimo
1399,0,0.03279927,Female,White
1400,1,0.26110978,Male,White
1401,1,0.77604538,Female,White
1402,0,0.18687982,Male,White
1403,1,0.9990184,Male,Asian-Pac-Islander
1404,0,0.42091368,Male,Black
1405,0,0.0108344,Male,Amer-Indian-Eskimo
1406,0,0.3647412,Male,White
1407,0,0.02030471,Male,White
1408,0,0.52114113,Male,White
1409,0,0.0661208,Female,White
1410,1,0.93901092,Female,Black
1411,0,0.02551422,Male,White
1412,0,0.66978736,Female,White
1413,1,0.20453453,Male,White
1414,1,0.47260669,Male,White
1415,0,0.26215873,Male,White
1416,0,0.04212007,Female,White
1417,0,0.00054062,Female,Black
1418,0,0.02792841,Male,White
1419,0,0.97805911,Male,White
1420,0,0.00298111,Male,White
1421,0,0.57149762,Male,White
1422,0,0.06936347,Female,White
1423,0,0.01332587,Female,White
1424,0,0.01163928,Male,White
1425,0,0.09508169,Female,White
1426,1,0.56369357,Female,White
1427,0,0.08372279,Female,White
1428,0,0.00029823,Female,White
1429,1,0.78756209,Male,White
1430,1,0.6385638,Male,Black
1431,0,0.12927782,Male,White
1432,0,0.06550535,Female,White
1433,0,0.01465506,Male,White
1434,0,0.11785723,Male,White
1435,0,0.0139798,Female,White
1436,0,0.0168438,Male,White
1437,0,0.02875402,Female,White
1438,1,0.8847963,Female,White
1439,0,0.00082045,Male,Asian-Pac-Islander
1440,0,0.62522417,Male,White
1441,0,0.06484706,Male,White
1442,0,0.35101025,Male,White
1443,1,0.07712301,Female,White
1444,1,0.79311992,Male,White
1445,0,0.33385946,Male,White
1446,0,0.0093948,Female,White
1447,0,0.30428485,Male,White
1448,1,0.2576351,Female,White
1449,1,0.0381282,Male,White
1450,1,0.7138266,Male,White
1451,1,0.11328397,Female,White
1452,0,0.01385773,Male,White
1453,0,0.19061028,Male,White
1454,0,0.00124992,Female,Asian-Pac-Islander
1455,0,0.42530838,Male,White
1456,0,0.02648214,Female,White
1457,1,0.07891721,Female,White
1458,0,0.1443546,Male,White
1459,0,0.19297706,Male,White
1460,1,0.75441333,Male,White
1461,1,0.50176017,Male,White
1462,0,0.02535817,Female,White
1463,0,0.05761014,Female,White
1464,0,0.03564652,Female,White
1465,1,0.6388398,Male,White
1466,0,0.00102044,Female,White
1467,0,0.04947415,Male,White
1468,0,0.43925616,Male,White
1469,0,0.1846528,Male,White
1470,0,0.03251366,Female,White
1471,0,0.04660599,Male,White
1472,0,0.13930212,Male,White
1473,0,0.72387656,Male,White
1474,0,0.10605884,Male,White
1475,0,0.0042056,Female,White
1476,0,0.11193779,Male,White
1477,0,0.03195298,Female,White
1478,1,0.9728002,Male,White
1479,1,0.7218056,Male,White
1480,0,0.370018,Male,White
1481,0,0.04949085,Male,Black
1482,0,0.37843709,Male,White
1483,0,0.01054588,Female,White
1484,1,0.1636595,Male,White
1485,0,0.10052743,Male,White
1486,0,0.23267219,Male,White
1487,1,0.74094956,Male,Black
1488,0,0.51225161,Male,White
1489,1,0.0449602,Female,White
1490,0,0.00036216,Male,White
1491,0,0.31318705,Male,White
1492,0,0.03336687,Male,White
1493,0,0.00210627,Female,Black
1494,0,0.30377238,Male,White
1495,0,0.12403691,Male,White
1496,0,0.00708833,Female,White
1497,1,0.73734084,Male,White
1498,1,0.99901357,Male,White
1499,0,0.00914819,Male,White
1500,1,0.05106732,Female,White
1501,0,0.0019565,Female,White
1502,0,0.00151954,Female,White
1503,0,0.14074319,Male,White
1504,0,0.04134636,Male,Black
1505,1,0.51123999,Male,White
1506,0,0.53758005,Male,White
1507,1,0.48593881,Male,White
1508,0,0.31917672,Male,White
1509,1,0.07863386,Male,White
1510,0,0.00875013,Female,White
1511,0,0.25075509,Male,White
1512,0,0.19147391,Male,White
1513,0,0.21977336,Male,White
1514,1,0.55814518,Male,White
1515,0,0.25075509,Male,White
1516,0,0.77196403,Male,White
1517,0,0.48442215,Male,White
1518,0,0.847163,Male,White
1519,0,0.00468878,Female,Asian-Pac-Islander
1520,0,0.18181261,Male,White
1521,0,0.74134551,Male,White
1522,0,0.40085428,Male,White
1523,0,0.00371066,Male,White
1524,0,0.02025831,Female,White
1525,0,0.0040261,Male,White
1526,0,0.00673134,Male,Other
1527,1,0.63655063,Male,White
1528,0,0.00191817,Female,White
1529,0,0.01127342,Female,Black
1530,0,0.00363957,Male,White
1531,0,0.02806686,Male,White
1532,0,0.616559,Male,White
1533,0,0.00101381,Male,White
1534,0,0.01247686,Female,White
1535,0,0.39981552,Female,White
1536,0,0.00457807,Male,White
1537,1,0.34299788,Male,White
1538,0,0.00499973,Female,Black
1539,1,0.85567703,Male,White
1540,0,0.02235899,Female,White
1541,0,0.03969513,Female,Black
1542,0,0.00886145,Female,Black
1543,0,0.03198187,Female,Black
1544,0,0.03773578,Male,White
1545,0,0.00133366,Female,Black
1546,0,0.05664612,Female,White
1547,0,0.01927164,Male,White
1548,0,0.02025941,Female,White
1549,0,0.00086321,Female,White
1550,0,0.00131849,Female,White
1551,0,0.0036125,Female,White
1552,0,0.5666578,Male,White
1553,0,0.00332882,Female,White
1554,0,0.00736455,Male,White
1555,0,0.00511492,Female,White
1556,0,0.25054039,Male,White
1557,1,0.71282827,Male,Asian-Pac-Islander
1558,1,0.94931789,Male,White
1559,1,0.83987167,Male,White
1560,0,0.46486666,Male,White
1561,1,0.09993141,Female,White
1562,0,0.03656341,Male,White
1563,0,0.01244598,Female,White
1564,1,0.50608537,Male,Black
1565,0,0.00820108,Female,White
1566,1,0.73475328,Male,White
1567,1,0.35309952,Male,White
1568,0,0.40481366,Male,White
1569,0,0.04064653,Male,White
1570,0,0.05692259,Male,White
1571,0,0.0155117,Male,White
1572,0,0.16161109,Male,White
1573,0,0.01734869,Female,White
1574,0,0.00387368,Female,White
1575,0,0.0636369,Male,Asian-Pac-Islander
1576,0,0.00551148,Female,White
1577,1,0.39794978,Male,White
1578,0,0.00077851,Female,White
1579,0,0.12280361,Male,Black
1580,0,0.29779339,Male,White
1581,0,0.05672517,Female,White
1582,0,0.00891633,Female,White
1583,0,0.08706728,Male,White
1584,0,0.00799784,Female,Black
1585,0,0.01669697,Female,White
1586,0,0.01706628,Female,White
1587,0,0.04710874,Female,White
1588,0,0.06248631,Female,White
1589,0,0.04292269,Male,White
1590,0,0.00565667,Female,White
1591,1,0.95458322,Male,White
1592,0,0.00309028,Male,White
1593,1,0.68637776,Male,White
1594,0,0.09489533,Male,Asian-Pac-Islander
1595,0,0.35689253,Female,White
1596,0,0.18331162,Female,White
1597,0,0.54300836,Male,White
1598,0,0.01240127,Male,White
1599,0,0.00211763,Female,White
1600,0,0.02682762,Female,White
1601,1,0.84001215,Male,White
1602,0,0.04053822,Male,Black
1603,0,0.31752844,Male,White
1604,0,0.00929839,Female,White
1605,0,0.01467603,Female,White
1606,0,0.00891907,Male,White
1607,0,0.06543008,Male,White
1608,0,0.00568922,Male,White
1609,0,0.09228715,Male,White
1610,0,0.16637889,Male,White
1611,0,0.00774077,Male,Black
1612,0,0.4307743,Male,Asian-Pac-Islander
1613,0,0.00598712,Female,Asian-Pac-Islander
1614,1,0.44904483,Male,White
1615,0,0.02850651,Male,White
1616,1,0.1245601,Male,Black
1617,0,0.15531612,Female,White
1618,0,0.00106316,Male,White
1619,0,0.0317207,Female,White
1620,0,0.00691322,Male,Asian-Pac-Islander
1621,1,0.84811126,Male,White
1622,0,0.24069479,Male,White
1623,1,0.72024383,Male,White
1624,0,0.17516972,Male,Black
1625,0,0.07565754,Male,White
1626,0,0.00152818,Female,White
1627,0,0.05707678,Female,White
1628,0,0.14013439,Male,White
1629,0,0.3299903,Male,White
1630,1,0.59228683,Male,White
1631,0,0.00124335,Female,White
1632,1,0.49191293,Male,White
1633,0,0.41171707,Male,White
1634,0,0.0039437,Female,White
1635,0,0.14457716,Male,White
1636,0,0.01483821,Female,Black
1637,0,0.01822544,Female,White
1638,0,0.00677915,Male,White
1639,0,0.01346873,Male,White
1640,0,0.01644276,Female,White
1641,0,0.33968617,Male,White
1642,0,0.00161889,Female,White
1643,0,0.09411589,Male,White
1644,0,0.01189971,Male,White
1645,0,0.0259451,Female,White
1646,0,0.02377774,Male,Amer-Indian-Eskimo
1647,0,0.02640004,Female,White
1648,0,0.01335687,Male,White
1649,0,0.01565526,Female,Amer-Indian-Eskimo
1650,0,0.64347522,Male,Black
1651,0,0.46691437,Male,White
1652,0,0.23974732,Male,White
1653,0,0.00325341,Male,White
1654,0,0.03825915,Female,White
1655,1,0.4745993,Male,White
1656,1,0.48094578,Male,White
1657,1,0.20633135,Male,White
1658,0,0.3307504,Male,White
1659,0,0.02171589,Male,White
1660,0,0.00403344,Female,White
1661,0,0.0021994,Female,White
1662,0,0.80232177,Male,Black
1663,0,0.00141873,Female,White
1664,0,0.07885698,Male,White
1665,0,0.00202698,Female,Asian-Pac-Islander
1666,0,0.00809561,Female,White
1667,0,0.51664557,Male,White
1668,1,0.19577343,Male,White
1669,0,0.0006481,Male,White
1670,0,0.00939345,Male,Amer-Indian-Eskimo
1671,0,0.00497196,Female,White
1672,1,0.73592354,Male,White
1673,0,0.04997139,Male,White
1674,1,0.72607582,Male,White
1675,0,0.01035221,Male,Black
1676,1,0.26770179,Male,White
1677,1,0.48733186,Male,White
1678,0,0.10157975,Male,Black
1679,0,0.13776249,Male,White
1680,1,0.31819137,Male,White
1681,1,0.54072349,Male,White
1682,0,0.0006024,Female,Black
1683,0,0.0082148,Male,White
1684,0,0.05265079,Female,White
1685,0,0.04192227,Male,White
1686,0,0.01699495,Female,White
1687,0,0.48600628,Male,White
1688,0,0.00820815,Female,White
1689,0,0.00869782,Female,White
1690,0,0.77355195,Male,White
1691,0,0.0060757,Female,White
1692,0,0.46993956,Male,White
1693,1,0.35250844,Male,White
1694,0,0.00373608,Female,Black
1695,0,0.00654696,Female,Black
1696,0,0.1345053,Male,White
1697,0,0.20944197,Female,White
1698,0,0.05630894,Female,White
1699,0,0.5907111,Male,White
1700,1,0.99818079,Male,White
1701,0,0.12944614,Female,White
1702,0,0.36643391,Male,White
1703,0,0.00484954,Female,White
1704,0,0.02640724,Female,White
1705,0,0.14795569,Male,White
1706,1,0.62485849,Male,White
1707,1,0.86967439,Male,White
1708,0,0.01619691,Male,White
1709,1,0.51737716,Male,White
1710,1,0.25136743,Male,White
1711,0,0.31281528,Female,White
1712,0,0.1137488,Female,White
1713,0,0.15037805,Female,White
1714,1,0.93575059,Male,White
1715,0,0.14291075,Male,White
1716,0,0.02224385,Female,White
1717,1,0.99629347,Male,White
1718,0,0.03019705,Male,White
1719,0,0.03101919,Female,White
1720,1,0.34962913,Male,White
1721,1,0.42410178,Male,White
1722,0,0.3092836,Male,White
1723,0,0.00161813,Male,White
1724,0,0.0008419,Male,White
1725,0,0.21773938,Male,White
1726,0,0.0006503,Female,White
1727,0,0.71064069,Male,White
1728,0,0.48801464,Male,White
1729,1,0.72351544,Male,White
1730,0,0.19418885,Male,White
1731,0,0.0269258,Male,White
1732,1,0.94898672,Male,Black
1733,0,0.1911153,Male,White
1734,0,0.0016257,Male,White
1735,0,0.09500471,Male,White
1736,0,0.299307,Female,White
1737,0,0.22263192,Male,White
1738,0,0.01673606,Female,White
1739,0,0.00625069,Female,White
1740,0,0.334119,Male,White
1741,1,0.15133517,Male,White
1742,0,0.0014589,Male,Amer-Indian-Eskimo
1743,0,0.02117796,Male,Other
1744,0,0.3000218,Female,White
1745,0,0.34716221,Male,White
1746,0,0.45468456,Male,White
1747,1,0.59626054,Male,White
1748,0,0.07323405,Female,White
1749,1,0.14027126,Male,Other
1750,0,0.00349383,Male,White
1751,0,0.12197909,Female,White
1752,0,0.05866833,Male,White
1753,0,0.35913293,Male,White
1754,0,0.01300643,Female,White
1755,0,0.02053882,Male,White
1756,0,0.41234145,Male,White
1757,0,0.05675494,Male,White
1758,0,0.50258288,Male,White
1759,1,0.72830324,Male,White
1760,1,0.8457577,Male,White
1761,0,0.15320028,Female,Black
1762,0,0.7560824,Male,White
1763,0,0.02494772,Male,Black
1764,0,0.34986952,Male,Black
1765,0,0.10261847,Female,White
1766,1,0.68129296,Male,White
1767,0,0.05680385,Male,White
1768,0,0.87916335,Female,White
1769,0,0.00324968,Female,White
1770,1,0.80576077,Male,White
1771,0,0.42903198,Male,White
1772,0,0.00036721,Female,White
1773,0,0.35668647,Female,Black
1774,0,0.01094128,Female,White
1775,0,0.00034184,Female,White
1776,0,0.00057195,Female,White
1777,0,0.02972964,Male,White
1778,0,0.00966015,Male,White
1779,0,0.20063256,Male,White
1780,0,0.00284789,Female,Black
1781,0,0.0144939,Female,White
1782,0,0.28980414,Male,White
1783,0,0.33924757,Male,White
1784,0,0.08452295,Female,White
1785,0,0.25175827,Male,White
1786,1,0.21370314,Male,White
1787,0,0.39657934,Female,White
1788,0,0.0065366,Female,White
1789,0,0.00741663,Male,Black
1790,0,0.15046752,Male,White
1791,0,0.01533957,Female,Black
1792,0,0.00136875,Female,White
1793,0,0.03156451,Male,White
1794,0,0.23615244,Male,White
1795,0,0.16192325,Male,White
1796,1,0.32156751,Female,Amer-Indian-Eskimo
1797,0,0.00190557,Female,White
1798,0,0.00304232,Female,Black
1799,1,0.55850196,Male,White
1800,0,0.0067398,Female,White
1801,1,0.34669724,Male,White
1802,0,0.02254069,Male,Black
1803,0,0.04360241,Female,White
1804,0,0.0036063,Female,White
1805,1,0.79502201,Female,White
1806,0,0.04816027,Male,White
1807,0,0.08286126,Female,White
1808,0,0.73782738,Male,White
1809,1,0.9968864,Male,Asian-Pac-Islander
1810,0,0.02242312,Male,White
1811,0,0.0664944,Male,White
1812,0,0.07996611,Male,Amer-Indian-Eskimo
1813,0,0.06949072,Female,White
1814,0,0.00354294,Male,Black
1815,1,0.64271804,Female,White
1816,0,0.00788936,Female,White
1817,0,0.00539108,Female,White
1818,0,0.05851515,Female,Asian-Pac-Islander
1819,0,0.1274851,Female,Black
1820,1,0.23199934,Male,White
1821,0,0.02031245,Male,White
1822,1,0.58011537,Male,White
1823,1,0.36834851,Male,White
1824,0,0.00736793,Female,White
1825,1,1.0,Male,White
1826,0,0.00547354,Female,White
1827,0,0.16210375,Male,White
1828,0,0.157706,Male,White
1829,0,0.00596381,Male,White
1830,1,0.74560728,Male,White
1831,1,0.2050197,Female,White
1832,1,0.29067295,Male,White
1833,0,0.03595821,Female,White
1834,0,0.07040916,Female,Black
1835,0,0.05186296,Male,White
1836,0,0.0158542,Female,White
1837,0,0.14862628,Male,White
1838,0,0.03701381,Female,White
1839,1,0.72541616,Male,Asian-Pac-Islander
1840,0,0.0296267,Male,White
1841,1,0.9956853,Female,White
1842,0,0.03221766,Male,White
1843,0,0.07016421,Male,White
1844,0,0.00769492,Female,Black
1845,1,0.63869349,Male,White
1846,0,0.01896828,Female,White
1847,1,0.99739616,Male,White
1848,0,0.24647177,Male,White
1849,1,0.45982633,Male,White
1850,0,0.07109871,Male,White
1851,0,0.04140952,Female,White
1852,0,0.00757203,Female,White
1853,0,0.05079915,Female,White
1854,0,0.06968235,Female,White
1855,0,0.03237742,Male,White
1856,0,0.05403886,Male,White
1857,0,0.16953142,Male,White
1858,0,0.00086446,Male,White
1859,0,0.00233549,Female,White
1860,0,0.0075109,Male,White
1861,0,0.00387767,Male,White
1862,0,0.00132341,Male,White
1863,1,0.12608896,Male,Black
1864,0,0.0020035,Female,White
1865,0,0.05809528,Female,White
1866,0,0.06363243,Female,White
1867,0,0.00603575,Male,White
1868,0,0.07024414,Female,White
1869,1,0.60666697,Male,White
1870,0,0.03409272,Female,White
1871,0,0.05767769,Female,Black
1872,0,0.00904904,Female,White
1873,0,0.00077056,Female,Black
1874,0,0.00195355,Female,White
1875,1,0.58392025,Male,White
1876,1,0.08346907,Male,Asian-Pac-Islander
1877,0,0.00283945,Male,White
1878,0,0.01921502,Male,White
1879,0,0.00874335,Male,White
1880,0,0.00480563,Female,White
1881,0,0.01891985,Male,White
1882,0,0.50671612,Male,White
1883,1,0.98565354,Male,White
1884,0,0.00764769,Male,White
1885,1,0.7274043,Male,White
1886,0,0.04174934,Male,White
1887,0,0.00440109,Female,Black
1888,0,0.24704879,Male,White
1889,0,0.01211478,Female,White
1890,0,0.35652315,Male,White
1891,1,0.55861282,Male,Asian-Pac-Islander
1892,0,0.02372291,Female,White
1893,1,0.90465941,Female,Black
1894,0,0.00776134,Male,White
1895,0,0.00071881,Female,White
1896,0,0.02620009,Female,White
1897,1,0.87695605,Male,White
1898,0,0.00364843,Male,White
1899,0,0.06215513,Male,Black
1900,0,0.01553313,Male,Black
1901,1,0.99999743,Female,Black
1902,0,0.05770514,Male,White
1903,1,0.10509652,Male,White
1904,0,0.00340449,Male,White
1905,1,0.59873689,Male,White
1906,0,0.00557353,Female,White
1907,0,0.01945562,Male,White
1908,1,0.42656827,Male,White
1909,0,0.02512172,Female,White
1910,0,0.19592256,Male,White
1911,1,0.55031081,Male,White
1912,0,0.14339161,Female,White
1913,0,0.157706,Male,White
1914,0,0.00540705,Male,White
1915,0,0.02258498,Female,White
1916,1,0.43680313,Female,White
1917,1,0.68600655,Male,White
1918,0,0.01273151,Female,Asian-Pac-Islander
1919,0,0.35686997,Female,Black
1920,0,0.03267358,Male,White
1921,1,0.34556182,Male,White
1922,0,0.60262735,Male,White
1923,0,0.00210469,Male,White
1924,0,0.13470501,Female,White
1925,1,0.8928777,Male,White
1926,0,0.28287292,Male,White
1927,0,0.01516736,Female,White
1928,1,0.55990094,Male,Asian-Pac-Islander
1929,0,0.03122952,Male,Black
1930,0,0.1993315,Male,Amer-Indian-Eskimo
1931,0,0.48802798,Male,White
1932,1,0.63354628,Female,Black
1933,1,0.81787959,Female,White
1934,1,0.14437968,Male,White
1935,0,0.0325373,Female,White
1936,0,0.01806389,Female,White
1937,0,0.11580188,Female,White
1938,1,0.23509495,Male,White
1939,0,0.0178182,Female,White
1940,0,0.00133906,Female,Amer-Indian-Eskimo
1941,0,0.25442518,Female,Asian-Pac-Islander
1942,0,0.65705308,Male,White
1943,0,0.40793348,Male,White
1944,0,0.04061836,Female,White
1945,0,0.00978141,Male,White
1946,1,0.68378644,Male,White
1947,1,0.69516142,Male,White
1948,0,0.00249365,Female,Black
1949,0,0.00092669,Female,White
1950,0,0.00354802,Female,Black
1951,1,0.40698604,Male,Asian-Pac-Islander
1952,0,0.48741595,Male,White
1953,0,0.00807317,Male,White
1954,0,0.23991589,Male,White
1955,0,0.02247443,Male,White
1956,0,0.006105,Female,Amer-Indian-Eskimo
1957,0,0.2058622,Male,White
1958,0,0.2286701,Female,White
1959,0,0.01720089,Female,Black
1960,0,0.0082103,Female,Black
1961,1,0.49729624,Male,White
1962,0,0.1397047,Male,White
1963,0,0.34370566,Male,White
1964,0,0.01468412,Male,White
1965,0,0.01540794,Male,White
1966,0,0.00195955,Female,White
1967,0,0.00138984,Female,White
1968,1,0.81696337,Female,White
1969,0,0.01338178,Male,White
1970,0,0.00900303,Female,Black
1971,1,0.97649791,Male,White
1972,0,0.85337875,Male,White
1973,1,0.86505297,Male,White
1974,0,0.69077465,Male,White
1975,0,0.12007177,Male,White
1976,0,0.06194727,Female,Black
1977,1,0.51280461,Male,White
1978,0,0.00158815,Female,Amer-Indian-Eskimo
1979,1,0.90029352,Male,White
1980,0,0.71229691,Male,White
1981,1,0.92737274,Male,White
1982,0,0.60397743,Female,Black
1983,0,0.01649202,Female,White
1984,0,0.11656593,Female,White
1985,0,0.17604358,Male,White
1986,0,0.49290453,Male,White
1987,0,0.030202,Male,White
1988,0,0.72364605,Male,White
1989,0,0.04974644,Male,White
1990,0,0.00320032,Male,White
1991,0,0.14620403,Male,White
1992,0,0.04885268,Male,White
1993,0,0.00332761,Male,White
1994,0,0.00498411,Male,White
1995,0,0.05761414,Female,White
1996,0,0.68129296,Male,White
1997,0,0.09472641,Male,White
1998,0,0.02169571,Male,White
1999,0,0.46661298,Male,White
2000,0,0.01410811,Male,White
2001,0,0.02089935,Male,White
2002,0,0.02369669,Female,White
2003,0,0.00763183,Female,Black
2004,0,0.00356707,Female,Amer-Indian-Eskimo
2005,1,0.0143339,Female,White
2006,0,0.25990343,Male,White
2007,0,0.84497231,Male,White
2008,0,0.00622216,Female,Asian-Pac-Islander
2009,1,0.99762095,Male,White
2010,1,0.74965094,Male,White
2011,0,0.00042483,Female,White
2012,0,0.00435907,Female,Black
2013,0,0.00905952,Male,White
2014,0,0.00568671,Female,White
2015,0,0.05782656,Male,White
2016,1,0.71755086,Male,White
2017,1,0.68777979,Male,White
2018,0,0.03229463,Female,White
2019,0,0.09773954,Male,White
2020,0,0.00378213,Male,White
2021,0,0.0122866,Female,Black
2022,0,0.20828074,Male,White
2023,1,0.72444061,Male,White
2024,0,0.09622897,Male,White
2025,0,0.31062295,Male,White
2026,0,0.17809361,Male,Black
2027,0,0.0477115,Female,White
2028,0,0.02675891,Female,White
2029,0,0.10713612,Male,Asian-Pac-Islander
2030,0,0.00579784,Male,Black
2031,0,0.35937729,Female,White
2032,1,0.60387722,Female,White
2033,0,0.1906174,Male,White
2034,0,0.01217744,Male,White
2035,0,0.0042812,Female,White
2036,0,0.5154176,Male,White
2037,0,0.44525924,Male,White
2038,0,0.02794517,Male,White
2039,1,0.94713784,Male,White
2040,0,0.02124126,Male,White
2041,0,0.50016527,Female,White
2042,1,0.04168058,Female,White
2043,0,0.01369288,Female,White
2044,0,0.2164836,Male,White
2045,1,0.67343508,Male,White
2046,1,0.95333014,Male,White
2047,0,0.02270171,Male,White
2048,1,0.35771873,Male,White
2049,0,0.00077335,Male,White
2050,1,0.24698305,Male,White
2051,0,0.00686186,Female,White
2052,0,0.01440613,Male,White
2053,0,0.33192474,Male,White
2054,0,0.15740481,Male,White
2055,0,0.01554523,Female,White
2056,0,0.00330335,Male,White
2057,0,0.81075852,Male,White
2058,0,0.01056639,Female,White
2059,0,0.2601347,Male,White
2060,0,0.03305579,Male,Black
2061,0,0.01801303,Male,White
2062,0,0.01569508,Female,White
2063,0,0.00636746,Male,White
2064,1,0.84211869,Female,White
2065,0,0.23387271,Female,White
2066,0,0.00540624,Female,Black
2067,0,0.03004829,Male,White
2068,0,0.04529515,Female,Black
2069,0,0.00460659,Female,White
2070,0,0.00232072,Female,Black
2071,0,0.00561197,Female,White
2072,1,0.67377814,Male,White
2073,0,0.10962007,Female,White
2074,0,0.0103921,Female,White
2075,0,0.27761264,Male,Black
2076,0,0.03583684,Female,White
2077,0,0.08602712,Male,White
2078,1,0.93483827,Male,White
2079,1,0.03401102,Female,White
2080,0,0.23168219,Male,White
2081,0,0.00633289,Male,Other
2082,1,0.13105189,Female,White
2083,1,0.73447559,Male,White
2084,0,0.0035748,Female,White
2085,1,0.69644309,Female,White
2086,0,0.07355988,Male,White
2087,0,0.00217901,Male,White
2088,1,0.45194155,Male,White
2089,0,0.00196696,Male,Other
2090,0,0.90595529,Male,White
2091,1,0.30639363,Male,White
2092,0,0.03963012,Female,White
2093,0,0.0006944,Male,White
2094,0,0.00078656,Female,White
2095,0,0.06729345,Male,White
2096,0,0.11870787,Male,Black
2097,0,0.00262195,Female,White
2098,0,0.00079105,Female,White
2099,0,0.01811127,Male,White
2100,1,0.55390513,Female,White
2101,0,0.10985302,Male,Black
2102,1,0.71735815,Male,Asian-Pac-Islander
2103,0,0.02549758,Male,White
2104,0,0.58998357,Male,White
2105,0,0.07347148,Male,Black
2106,0,0.00755829,Female,White
2107,0,0.22097474,Male,Asian-Pac-Islander
2108,0,0.2461022,Male,White
2109,0,0.00527253,Female,Black
2110,1,0.62626775,Male,White
2111,0,0.07648388,Male,White
2112,0,0.01080581,Male,White
2113,0,0.02093808,Female,White
2114,0,0.06981918,Female,White
2115,1,0.72363147,Male,White
2116,0,0.01979432,Male,White
2117,0,0.01713738,Female,White
2118,0,0.00506199,Male,Black
2119,0,0.01076664,Female,White
2120,0,0.01838035,Female,White
2121,0,0.022848,Female,White
2122,1,0.70970661,Male,White
2123,0,0.06398183,Female,White
2124,0,0.04341584,Female,Amer-Indian-Eskimo
2125,0,0.71947158,Male,White
2126,0,0.00191077,Male,White
2127,0,0.02795437,Female,White
2128,0,0.00785459,Female,White
2129,0,0.09965101,Female,White
2130,1,0.89609884,Male,White
2131,0,0.52209669,Male,White
2132,0,0.00887192,Female,White
2133,0,0.09769074,Male,White
2134,0,0.72071385,Male,White
2135,1,0.92674113,Male,White
2136,0,0.00464381,Male,Asian-Pac-Islander
2137,0,0.13689752,Male,White
2138,0,0.02686535,Female,Asian-Pac-Islander
2139,0,0.00076709,Male,Black
2140,0,0.24296743,Male,White
2141,0,0.30105834,Male,White
2142,0,0.3565479,Male,White
2143,1,0.34890054,Male,White
2144,0,0.01122805,Female,White
2145,1,0.9633685,Male,White
2146,0,0.01735941,Female,White
2147,0,0.02073721,Female,White
2148,0,0.00673654,Female,White
2149,1,0.47861844,Male,White
2150,0,0.03109661,Female,White
2151,1,0.67006424,Male,White
2152,1,0.30985777,Male,White
2153,0,0.02061742,Female,White
2154,1,0.9936914,Male,White
2155,0,0.03232918,Female,White
2156,0,0.25827791,Male,White
2157,0,0.0019565,Female,White
2158,0,0.22672552,Male,White
2159,0,0.14254037,Male,White
2160,0,0.63779103,Male,Black
2161,0,0.02397824,Male,Asian-Pac-Islander
2162,0,0.0978222,Female,White
2163,0,0.05565074,Male,White
2164,0,0.0209078,Male,Black
2165,0,0.04549621,Male,White
2166,0,0.36173648,Male,White
2167,0,0.02690407,Male,White
2168,1,0.83783842,Male,White
2169,1,1.0,Male,White
2170,1,0.65705308,Male,White
2171,0,0.16643097,Female,White
2172,1,0.90474271,Male,Black
2173,1,0.77830511,Male,White
2174,0,0.00280967,Female,White
2175,0,0.00071257,Male,White
2176,0,0.01376728,Male,White
2177,0,0.02531175,Female,White
2178,0,0.01515366,Male,White
2179,0,0.04482585,Male,White
2180,0,0.01018471,Male,Black
2181,0,0.18123539,Male,White
2182,1,0.26209403,Male,White
2183,0,0.20786365,Male,Black
2184,1,0.69159838,Male,White
2185,0,0.2648387,Male,White
2186,0,0.18157234,Male,White
2187,1,0.5593891,Male,White
2188,0,0.02215948,Female,Black
2189,0,0.02685716,Male,White
2190,1,0.92881225,Male,White
2191,0,0.03701955,Male,White
2192,0,0.03829947,Male,White
2193,0,0.14061511,Female,Black
2194,0,0.02227351,Male,White
2195,0,0.32602007,Male,White
2196,0,0.32389839,Male,White
2197,0,0.00252452,Female,White
2198,1,0.45468456,Male,White
2199,0,0.08296876,Male,White
2200,1,0.16456007,Male,White
2201,1,0.0573413,Male,Other
2202,0,0.00922588,Female,Black
2203,1,0.34264251,Male,White
2204,0,0.135387,Male,Black
2205,0,0.00734539,Female,White
2206,0,0.00920673,Female,White
2207,0,0.26594631,Male,White
2208,0,0.00379733,Female,White
2209,0,0.42171286,Male,White
2210,0,0.02742995,Male,White
2211,0,0.18657823,Male,White
2212,0,0.0511545,Female,Black
2213,0,0.01633263,Male,White
2214,0,0.05121391,Male,White
2215,0,0.00640363,Female,White
2216,0,0.50599055,Male,White
2217,1,0.94621885,Male,White
2218,0,0.22149717,Male,White
2219,1,0.58120696,Male,White
2220,0,0.11251804,Female,White
2221,1,0.76327914,Male,White
2222,0,0.40652774,Male,White
2223,1,1.0,Male,White
2224,0,0.2949878,Male,White
2225,0,0.00324679,Female,White
2226,1,0.3092836,Male,White
2227,0,0.23860502,Male,White
2228,0,0.01746115,Male,White
2229,0,0.00591024,Female,Black
2230,0,0.00458502,Male,White
2231,0,0.00037607,Female,White
2232,0,0.01551854,Male,White
2233,1,0.83657091,Male,White
2234,1,0.69062959,Male,White
2235,0,0.01260997,Female,White
2236,1,0.93719216,Male,White
2237,0,0.01074005,Male,White
2238,0,0.02005947,Male,White
2239,0,0.3067777,Male,White
2240,0,0.95930983,Male,White
2241,1,0.7040856,Male,White
2242,0,0.02071949,Male,White
2243,0,0.05976771,Male,White
2244,1,0.9494212,Female,White
2245,0,0.70983356,Male,Black
2246,1,0.75645817,Male,White
2247,1,0.44633375,Female,White
2248,0,0.89758824,Male,White
2249,0,0.0368818,Male,White
2250,0,0.2919063,Male,White
2251,0,0.00118213,Female,White
2252,1,0.54187985,Male,White
2253,0,0.01444822,Female,White
2254,0,0.21962639,Male,White
2255,0,0.01572442,Male,Black
2256,0,0.00474605,Female,White
2257,0,0.17617063,Male,Black
2258,0,0.00363268,Female,White
2259,0,0.2857909,Male,White
2260,0,0.05191818,Female,White
2261,1,0.74495614,Male,White
2262,0,0.00079655,Female,White
2263,0,0.07573262,Male,White
2264,0,0.28804829,Male,White
2265,0,0.04542262,Male,White
2266,0,0.03973869,Male,White
2267,1,0.33084986,Male,White
2268,1,0.89394005,Male,White
2269,0,0.30815101,Male,White
2270,0,0.03030362,Male,White
2271,1,0.51684118,Male,White
2272,0,0.01795025,Male,White
2273,0,0.54411943,Male,White
2274,0,0.12288635,Male,White
2275,1,0.52735657,Male,White
2276,1,0.99335787,Male,White
2277,0,0.02553172,Male,Black
2278,0,0.01375394,Female,White
2279,1,0.9971321,Male,White
2280,0,0.31727751,Male,White
2281,1,0.43043217,Male,White
2282,0,0.00118653,Female,Amer-Indian-Eskimo
2283,0,0.0030308,Female,White
2284,0,0.00836392,Female,White
2285,0,0.10873798,Male,White
2286,1,0.64779223,Male,White
2287,1,0.20132783,Male,White
2288,0,0.03703829,Female,Black
2289,0,0.02838452,Female,White
2290,0,0.01899721,Male,White
2291,1,0.5848995,Male,White
2292,1,0.99924552,Male,White
2293,0,0.00273081,Female,White
2294,1,0.703315,Male,White
2295,1,0.233305,Male,White
2296,0,0.0019956,Female,White
2297,0,0.03014538,Female,Asian-Pac-Islander
2298,1,0.99777216,Male,White
2299,1,0.6622269,Male,Black
2300,0,0.4366858,Male,Asian-Pac-Islander
2301,0,0.01018822,Female,White
2302,0,0.1328233,Male,White
2303,0,0.9024709,Male,White
2304,0,0.56568187,Male,White
2305,0,0.59738374,Male,White
2306,1,0.88497785,Male,White
2307,1,0.28527792,Male,White
2308,0,0.09695318,Male,White
2309,0,0.005497,Male,White
2310,0,0.32139552,Male,White
2311,1,0.9221623,Male,Asian-Pac-Islander
2312,0,0.08313362,Male,White
2313,0,0.00213237,Female,Black
2314,0,0.28034077,Female,White
2315,0,0.04075706,Female,Black
2316,0,0.53555863,Male,White
2317,1,0.9883535,Male,White
2318,0,0.00291095,Female,Black
2319,0,0.00231595,Female,White
2320,0,0.01806389,Female,White
2321,1,0.9649891,Male,White
2322,0,0.01641241,Male,White
2323,0,0.04868884,Female,White
2324,0,0.20076597,Male,Asian-Pac-Islander
2325,1,0.57575664,Male,White
2326,0,0.00541759,Female,White
2327,0,0.19900464,Male,White
2328,0,0.00061037,Female,White
2329,1,0.16852808,Male,White
2330,1,0.852927,Male,White
2331,1,0.8698561,Male,White
2332,0,0.04203239,Female,White
2333,0,0.04134794,Male,White
2334,0,0.0004491,Female,White
2335,1,0.84224073,Male,White
2336,0,0.00291321,Male,White
2337,1,0.4637379,Male,White
2338,0,0.2047221,Male,White
2339,0,0.04102493,Male,Black
2340,0,0.08834079,Male,White
2341,1,0.13777475,Female,White
2342,1,0.99226768,Male,White
2343,0,0.01707085,Female,White
2344,0,0.77433631,Male,White
2345,0,0.0529334,Female,White
2346,0,0.55970933,Male,White
2347,0,0.17589769,Male,White
2348,0,0.00574767,Female,White
2349,0,0.32453865,Male,Black
2350,0,0.07731986,Male,White
2351,0,0.01537902,Male,White
2352,1,0.75576415,Male,White
2353,0,0.1036462,Male,White
2354,0,0.57841268,Male,White
2355,0,0.0107843,Male,White
2356,1,0.64535556,Male,White
2357,0,0.00986892,Female,White
2358,1,0.48151142,Male,White
2359,0,0.01011632,Female,White
2360,1,0.65101849,Male,Asian-Pac-Islander
2361,0,0.00302382,Male,White
2362,0,0.00620182,Male,Other
2363,0,0.25421278,Male,White
2364,0,0.05840186,Female,White
2365,0,0.00098777,Female,White
2366,0,0.00027147,Female,White
2367,1,0.5359614,Male,White
2368,0,0.00544147,Female,White
2369,1,0.34109217,Male,White
2370,0,0.0282541,Male,Black
2371,0,0.33858475,Male,White
2372,0,0.18287814,Male,White
2373,1,0.2576857,Male,White
2374,1,0.12353921,Female,White
2375,0,0.01103065,Female,Black
2376,0,0.11996919,Female,White
2377,0,0.09092138,Male,White
2378,0,0.28881055,Male,White
2379,0,0.36685314,Male,White
2380,0,0.01575992,Female,Black
2381,0,0.00641922,Female,White
2382,0,0.02247914,Male,White
2383,0,0.00565248,Male,White
2384,0,0.02117336,Female,White
2385,0,0.12177235,Male,White
2386,0,0.25862416,Male,White
2387,0,0.01304475,Male,White
2388,0,0.8345948,Male,White
2389,0,0.00236814,Male,White
2390,0,0.01913927,Male,White
2391,1,0.86921473,Male,White
2392,0,0.78216057,Male,White
2393,0,0.26246588,Male,White
2394,0,0.05594905,Male,White
2395,0,0.02897404,Female,White
2396,0,0.4617117,Male,White
2397,1,0.21896072,Female,Amer-Indian-Eskimo
2398,0,0.53941549,Male,White
2399,0,0.00377148,Female,Black
2400,0,0.0374443,Male,Black
2401,0,0.20549149,Male,White
2402,1,0.43880715,Male,White
2403,1,0.22088897,Male,White
2404,0,0.01286488,Male,Asian-Pac-Islander
2405,0,0.45077057,Male,White
2406,0,0.28851699,Male,White
2407,0,0.00121515,Female,White
2408,1,0.48143132,Male,White
2409,0,0.01605402,Male,White
2410,1,0.71667539,Male,White
2411,0,0.02500368,Male,White
2412,0,0.21551706,Male,White
2413,0,0.03909448,Female,White
2414,0,0.0128894,Male,White
2415,0,0.59435433,Male,White
2416,0,0.23472463,Male,White
2417,0,0.13917894,Male,Black
2418,0,0.05402749,Female,Black
2419,0,0.12068338,Male,Black
2420,0,0.3944101,Male,White
2421,0,0.00513046,Female,White
2422,0,0.10607271,Female,White
2423,0,0.07529033,Female,White
2424,1,0.9620581,Male,White
2425,1,0.9671919,Male,White
2426,1,0.61116789,Male,White
2427,0,0.01239759,Female,White
2428,1,0.10790217,Female,White
2429,0,0.61229787,Male,White
2430,1,0.22778841,Female,White
2431,0,0.01000939,Male,White
2432,0,0.00800458,Female,White
2433,0,0.36482009,Female,White
2434,0,0.00262042,Female,White
2435,0,0.5918189,Male,White
2436,0,0.11117169,Male,White
2437,0,0.00114587,Female,Black
2438,1,1.0,Male,White
2439,1,0.13224099,Male,White
2440,1,0.74711661,Male,White
2441,0,0.00438262,Female,Black
2442,1,0.65833639,Male,White
2443,0,0.1416091,Male,White
2444,0,0.00260096,Female,White
2445,0,0.00389654,Male,White
2446,0,0.60230726,Male,White
2447,0,0.04675247,Male,Amer-Indian-Eskimo
2448,0,0.20324379,Male,Black
2449,0,0.07246871,Male,Black
2450,0,0.02894596,Male,White
2451,0,0.1900842,Male,White
2452,0,0.00830814,Female,White
2453,0,0.0033729,Female,White
2454,0,0.17023213,Male,White
2455,1,0.92744413,Male,White
2456,0,0.00819797,Female,White
2457,0,0.00288785,Female,White
2458,0,0.01279852,Female,White
2459,1,0.24308202,Male,White
2460,0,0.04393657,Male,White
2461,1,0.70651311,Male,White
2462,0,0.0621067,Female,White
2463,0,0.02713876,Female,White
2464,0,0.00312361,Female,White
2465,0,0.44942194,Male,White
2466,0,0.00119779,Male,White
2467,1,0.27081914,Female,White
2468,0,0.07093152,Male,White
2469,0,0.01020776,Male,White
2470,0,0.64081616,Male,White
2471,0,0.73462822,Male,Black
2472,1,0.15525046,Female,White
2473,1,0.31846797,Male,White
2474,0,0.02742995,Male,White
2475,1,0.80933704,Male,White
2476,0,0.39003643,Male,White
2477,0,0.05671829,Male,Black
2478,0,0.80074437,Male,White
2479,0,0.13292157,Male,White
2480,0,0.02398691,Female,White
2481,1,0.6656666,Male,White
2482,0,0.06929614,Male,White
2483,0,0.00509153,Male,White
2484,1,0.71784471,Male,White
2485,0,0.37550599,Male,White
2486,0,0.01266375,Male,White
2487,0,0.0155333,Male,White
2488,0,0.0557968,Female,Black
2489,0,0.13276827,Male,Black
2490,0,0.0615064,Male,Black
2491,0,0.01191761,Male,White
2492,1,0.99645876,Male,White
2493,0,0.00591797,Male,White
2494,0,0.02332943,Female,White
2495,0,0.02877843,Female,White
2496,0,0.02290095,Female,Amer-Indian-Eskimo
2497,0,0.66258563,Male,White
2498,0,0.02984238,Male,White
2499,0,0.25595024,Female,Asian-Pac-Islander
2500,0,0.07436467,Female,White
2501,0,0.05456416,Female,White
2502,0,0.39601729,Male,White
2503,0,0.00139943,Female,White
2504,0,0.07125076,Male,Asian-Pac-Islander
2505,0,0.02160993,Male,White
2506,0,0.08722623,Female,White
2507,0,0.06393746,Female,White
2508,0,0.00520361,Female,White
2509,0,0.02581161,Female,White
2510,1,0.77121043,Male,White
2511,0,0.06085121,Male,White
2512,0,0.16441311,Male,White
2513,0,0.288871,Male,White
2514,0,0.1979902,Female,White
2515,0,0.00058161,Female,White
2516,0,0.13308381,Male,White
2517,0,0.13419468,Male,White
2518,1,0.46379981,Male,White
2519,0,0.04760456,Female,Black
2520,0,0.47669509,Male,White
2521,0,0.00184221,Female,White
2522,0,0.51042979,Male,White
2523,0,0.00178139,Female,White
2524,0,0.06721567,Male,White
2525,1,0.57634559,Male,White
2526,1,0.62388106,Male,Black
2527,0,0.02037128,Female,White
2528,0,0.0267662,Male,White
2529,0,0.06690224,Male,White
2530,1,0.92935327,Male,White
2531,1,0.63644303,Male,White
2532,0,0.00568922,Male,White
2533,0,0.0060938,Female,White
2534,0,0.15941277,Male,White
2535,1,0.49773766,Male,White
2536,0,0.0275847,Female,White
2537,0,0.0745643,Male,White
2538,0,0.00889682,Male,White
2539,0,0.03249,Female,White
2540,0,0.00838358,Female,White
2541,0,0.30886588,Male,White
2542,0,0.46379981,Male,White
2543,0,0.00651308,Male,White
2544,1,0.50406044,Male,White
2545,0,0.02254448,Female,White
2546,0,0.71064069,Male,White
2547,0,0.00025393,Female,White
2548,0,0.09164954,Male,Asian-Pac-Islander
2549,0,0.08952763,Female,White
2550,1,0.37182065,Male,White
2551,0,0.00029417,Female,White
2552,0,0.00154765,Male,White
2553,1,0.46034048,Female,White
2554,0,0.04993391,Male,White
2555,1,0.23196005,Male,White
2556,0,0.02590875,Male,White
2557,0,0.00867646,Female,White
2558,0,0.00957265,Male,White
2559,0,0.04997806,Male,Asian-Pac-Islander
2560,0,0.26023517,Male,White
2561,0,0.05713754,Female,White
2562,0,0.04078359,Male,Asian-Pac-Islander
2563,0,0.01786508,Female,White
2564,1,0.79030114,Male,White
2565,0,0.01514297,Male,White
2566,1,0.51599789,Male,White
2567,0,0.02606165,Male,White
2568,0,0.01234168,Male,White
2569,0,0.00263669,Male,White
2570,0,0.04301248,Male,White
2571,0,0.00612907,Male,Asian-Pac-Islander
2572,0,0.79939744,Male,White
2573,0,0.87273651,Male,White
2574,0,0.02134021,Male,White
2575,1,0.87705144,Male,White
2576,0,0.10298834,Female,White
2577,1,0.27192251,Male,White
2578,0,0.00403572,Female,Other
2579,0,0.13609174,Male,White
2580,0,0.01927824,Female,White
2581,0,0.21888782,Male,White
2582,1,0.70315701,Male,White
2583,0,0.01558522,Female,White
2584,1,0.28156416,Male,White
2585,0,0.02891342,Female,White
2586,1,0.55730268,Male,White
2587,0,0.35488246,Male,White
2588,0,0.05048411,Female,White
2589,0,0.00390432,Female,White
2590,0,0.04308668,Female,White
2591,0,0.04341532,Female,White
2592,0,0.39370232,Male,White
2593,1,0.75618274,Male,White
2594,0,0.20738507,Male,White
2595,0,0.35844466,Female,White
2596,1,0.20138163,Male,White
2597,0,0.19193401,Male,White
2598,0,0.03356414,Female,White
2599,0,0.04196425,Male,White
2600,1,0.5226507,Male,White
2601,0,0.14779429,Male,White
2602,0,0.39800838,Male,White
2603,0,0.0472408,Female,Black
2604,0,0.09062378,Female,White
2605,0,0.30928633,Male,Amer-Indian-Eskimo
2606,0,0.00865859,Female,White
2607,1,0.98135962,Male,White
2608,0,0.09431351,Male,White
2609,0,0.00294499,Female,Black
2610,0,0.01554138,Male,White
2611,0,0.0172024,Female,White
2612,0,0.00274747,Female,White
2613,0,0.00842994,Male,White
2614,0,0.00071832,Female,White
2615,0,0.00351574,Male,White
2616,0,0.69072807,Male,White
2617,0,0.14156979,Male,White
2618,0,0.00451985,Male,Other
2619,1,0.6047955,Male,White
2620,1,0.17987326,Male,White
2621,1,0.0247922,Female,White
2622,1,0.6281259,Female,White
2623,0,0.01611782,Female,White
2624,0,0.05118768,Female,White
2625,0,0.01805051,Male,White
2626,1,0.67343508,Male,White
2627,1,0.62626775,Male,White
2628,0,0.00910768,Male,White
2629,1,0.84496269,Female,White
2630,0,0.00098524,Female,White
2631,0,0.38989419,Male,White
2632,0,0.11760665,Male,Black
2633,0,0.00540705,Male,White
2634,0,0.26642463,Female,White
2635,0,0.00178506,Female,Asian-Pac-Islander
2636,1,0.24301946,Male,White
2637,0,0.01346017,Male,White
2638,0,0.02137725,Male,Black
2639,0,0.01610785,Female,White
2640,1,0.26501093,Male,White
2641,1,0.28446446,Male,White
2642,1,0.43362221,Male,White
2643,0,0.06468048,Male,White
2644,0,0.18551626,Male,White
2645,0,0.13476951,Male,White
2646,0,0.14903702,Male,White
2647,0,0.00155421,Male,White
2648,0,0.11746311,Male,White
2649,0,0.24270247,Male,White
2650,0,0.07734148,Female,Black
2651,0,0.01396099,Male,Asian-Pac-Islander
2652,0,0.18148861,Male,White
2653,1,0.5788322,Male,White
2654,0,0.63530965,Male,White
2655,0,0.05244192,Male,White
2656,0,0.05938727,Male,White
2657,0,0.00241058,Female,Amer-Indian-Eskimo
2658,0,0.01709533,Male,White
2659,0,0.07516872,Female,White
2660,0,0.11732444,Male,Black
2661,0,0.22907546,Male,Black
2662,1,0.02567642,Male,White
2663,0,0.55054141,Male,White
2664,0,0.33081364,Male,White
2665,1,0.76214205,Male,White
2666,0,0.18034652,Male,White
2667,0,0.05005284,Male,White
2668,0,0.6126171,Female,Asian-Pac-Islander
2669,0,0.07758072,Male,White
2670,1,0.95758472,Male,White
2671,1,0.87956195,Male,White
2672,0,0.32139552,Male,White
2673,0,0.02675808,Male,White
2674,1,0.73711229,Male,White
2675,1,0.26923262,Female,White
2676,0,0.05459799,Male,White
2677,1,0.69714417,Male,White
2678,1,0.2766482,Male,White
2679,0,0.01380995,Female,White
2680,0,0.12178421,Male,Black
2681,0,0.15426195,Female,White
2682,0,0.33022711,Male,White
2683,0,0.40686371,Male,White
2684,0,0.0114331,Male,White
2685,0,0.00976245,Male,White
2686,0,0.04042399,Male,White
2687,0,0.00692963,Female,White
2688,0,0.0147154,Female,Black
2689,1,0.12920934,Female,White
2690,0,0.03122561,Male,White
2691,1,0.84814311,Male,White
2692,0,0.0737433,Male,Other
2693,0,0.00218681,Female,White
2694,0,0.02662021,Female,White
2695,1,0.93959889,Male,White
2696,0,0.19919506,Female,White
2697,0,0.12412578,Male,White
2698,0,0.44920254,Female,White
2699,0,0.14856451,Male,White
2700,1,0.08377467,Female,Black
2701,0,0.1279867,Male,White
2702,0,0.33023931,Male,White
2703,0,0.38123771,Male,Asian-Pac-Islander
2704,0,0.59316083,Female,White
2705,0,0.09798948,Male,White
2706,0,0.08091697,Male,Asian-Pac-Islander
2707,0,0.24224799,Male,White
2708,0,0.01768638,Female,White
2709,1,0.86029821,Male,White
2710,0,0.00457225,Male,White
2711,0,0.01026276,Female,Black
2712,1,0.31308895,Male,White
2713,0,0.0023325,Female,White
2714,0,0.18612075,Female,White
2715,0,0.08059144,Male,White
2716,0,0.03307584,Male,White
2717,1,0.37758111,Male,White
2718,0,0.49576426,Male,White
2719,0,0.19785551,Male,Amer-Indian-Eskimo
2720,0,0.00420268,Male,White
2721,1,0.96336647,Male,White
2722,0,0.00426065,Male,White
2723,0,0.33975639,Male,White
2724,0,0.03658175,Female,White
2725,1,0.63075687,Male,White
2726,0,0.00093416,Female,White
2727,0,0.00141391,Female,Black
2728,0,0.04771129,Female,Black
2729,0,0.03832373,Female,White
2730,1,0.23494066,Male,White
2731,0,0.14440361,Male,White
2732,0,0.03276953,Male,White
2733,1,0.54179552,Male,White
2734,0,0.00507993,Female,White
2735,0,0.00863754,Female,Black
2736,0,0.00344083,Male,White
2737,1,0.87511446,Male,White
2738,0,0.05422786,Male,White
2739,1,0.32304248,Male,Other
2740,0,0.05247568,Male,White
2741,0,0.00131693,Female,White
2742,0,0.06170365,Female,White
2743,1,0.09257899,Female,White
2744,0,0.01232175,Male,White
2745,0,0.55417395,Female,Black
2746,0,0.04871562,Female,Black
2747,0,0.00556203,Female,White
2748,0,0.57987916,Male,White
2749,0,0.00147634,Female,White
2750,1,0.39422118,Male,White
2751,1,0.86694443,Male,White
2752,0,0.00374293,Female,White
2753,0,0.04219851,Female,White
2754,1,0.03771846,Female,White
2755,0,0.01546835,Male,White
2756,0,0.03160497,Female,White
2757,0,0.00512786,Female,White
2758,1,0.59155689,Male,White
2759,0,0.02002385,Female,White
2760,0,0.00736785,Male,Black
2761,0,0.00786287,Male,White
2762,0,0.05328466,Male,Black
2763,1,0.83624601,Female,White
2764,0,0.13822626,Male,Other
2765,0,0.00267735,Female,White
2766,1,0.05724971,Male,White
2767,1,0.77250715,Male,White
2768,0,0.02566136,Female,White
2769,1,0.93783268,Female,White
2770,0,0.0121163,Male,White
2771,0,0.21337805,Male,White
2772,0,0.00555914,Male,White
2773,0,0.00056489,Female,White
2774,0,0.00195686,Male,White
2775,0,0.00310505,Female,White
2776,0,0.00040695,Female,White
2777,1,0.85817442,Male,White
2778,0,0.01871448,Female,White
2779,0,0.08668278,Male,White
2780,0,0.14899705,Female,White
2781,0,0.22229637,Male,White
2782,0,0.65568573,Male,White
2783,0,0.32336439,Male,White
2784,1,0.74126668,Male,White
2785,0,0.31930501,Male,White
2786,0,0.00104454,Female,White
2787,0,0.00774591,Male,White
2788,1,0.85009256,Male,White
2789,0,0.01675627,Male,White
2790,0,0.07169752,Male,White
2791,0,0.29672404,Male,White
2792,0,0.28900975,Female,White
2793,0,0.03159088,Female,White
2794,0,0.09370387,Female,White
2795,1,0.31032091,Male,White
2796,0,0.56283745,Male,White
2797,0,0.22043035,Male,White
2798,0,0.01664421,Male,White
2799,1,0.40972478,Male,White
2800,0,0.00275167,Male,White
2801,0,0.02765819,Female,White
2802,0,0.49318564,Male,White
2803,0,0.58927714,Male,White
2804,0,0.00530957,Female,White
2805,0,0.00178324,Female,White
2806,0,0.04800461,Male,Black
2807,0,0.0291532,Female,White
2808,1,0.14263304,Male,White
2809,0,0.00602787,Female,Black
2810,1,0.65529208,Male,White
2811,0,0.02319953,Female,White
2812,0,0.02159729,Female,White
2813,1,0.99999999,Male,White
2814,0,0.00921834,Female,Amer-Indian-Eskimo
2815,0,0.05191102,Female,White
2816,1,0.86230373,Male,White
2817,0,0.23239101,Male,White
2818,0,0.39543508,Male,White
2819,1,0.83997914,Male,White
2820,0,0.48037935,Male,White
2821,0,0.02120868,Male,White
2822,0,0.00145941,Male,White
2823,1,0.24115209,Male,White
2824,0,0.00288785,Female,White
2825,0,0.01041003,Male,White
2826,1,0.54215265,Male,White
2827,1,0.43763355,Male,White
2828,0,0.02931089,Male,White
2829,0,0.67194628,Male,White
2830,0,0.19268481,Female,White
2831,0,0.01389222,Male,White
2832,0,0.20144857,Male,White
2833,0,0.07256864,Male,White
2834,1,0.91980431,Male,White
2835,0,0.0075467,Female,Black
2836,0,0.02155715,Female,White
2837,0,0.00240553,Male,White
2838,0,0.14560192,Male,White
2839,0,0.19365564,Male,White
2840,0,0.1637733,Female,Black
2841,1,0.30308466,Male,White
2842,0,0.23499017,Male,Asian-Pac-Islander
2843,0,0.25449819,Male,White
2844,0,0.0077485,Male,White
2845,0,0.00480617,Male,White
2846,0,0.00538515,Female,White
2847,0,0.44799641,Male,White
2848,0,0.25167167,Male,White
2849,0,0.016274,Male,White
2850,0,0.15543181,Male,White
2851,0,0.06502124,Male,White
2852,1,0.61694098,Male,White
2853,0,0.04220107,Male,White
2854,0,0.00970039,Female,White
2855,0,0.16154494,Male,White
2856,0,0.08344736,Male,White
2857,0,0.10927628,Male,Black
2858,0,0.01185435,Female,Black
2859,0,0.24316905,Male,White
2860,0,0.03180915,Female,White
2861,1,0.26594631,Male,White
2862,0,0.17780288,Male,White
2863,0,0.25408299,Male,White
2864,0,0.09856789,Male,White
2865,0,0.13335299,Male,White
2866,0,0.03333971,Male,White
2867,0,0.00356619,Female,Other
2868,0,0.00117116,Male,White
2869,0,0.02271091,Female,White
2870,0,0.02995622,Female,White
2871,1,0.25406792,Male,White
2872,1,0.08377736,Female,Black
2873,0,0.09471826,Male,White
2874,0,0.1221276,Male,White
2875,0,0.01420592,Male,White
2876,0,0.2354197,Female,White
2877,1,0.48250921,Male,White
2878,0,0.02214979,Male,White
2879,1,0.28022403,Male,White
2880,0,0.00696694,Female,White
2881,1,0.98119591,Male,White
2882,0,0.02022832,Male,White
2883,0,0.00142741,Female,White
2884,0,0.37028118,Male,White
2885,0,0.00044698,Male,White
2886,1,0.57166637,Male,Asian-Pac-Islander
2887,0,0.02404461,Male,White
2888,0,0.00108862,Female,White
2889,0,0.0032782,Male,White
2890,1,0.18333092,Male,White
2891,1,0.48873033,Male,White
2892,0,0.00272772,Female,White
2893,1,0.39379204,Female,White
2894,0,0.00168216,Male,White
2895,1,0.76371786,Male,White
2896,0,0.00757203,Female,White
2897,0,0.00824427,Female,White
2898,0,0.30820939,Male,Black
2899,0,0.00761791,Female,Black
2900,0,0.1603574,Male,White
2901,0,0.02000855,Male,White
2902,1,0.85208026,Female,White
2903,0,0.00442228,Male,White
2904,1,0.49736011,Male,White
2905,0,0.31311392,Male,White
2906,1,0.28633781,Female,White
2907,1,0.86010223,Female,White
2908,1,0.38201361,Male,White
2909,0,0.10785615,Male,White
2910,0,0.00710411,Female,White
2911,0,0.12726373,Male,White
2912,0,0.43803481,Male,White
2913,1,0.39618995,Male,White
2914,0,0.36269072,Male,White
2915,1,0.69888084,Male,Black
2916,0,0.01288704,Female,White
2917,1,0.73744621,Male,White
2918,0,0.54786788,Male,White
2919,0,0.27914537,Female,White
2920,0,0.01157193,Male,White
2921,0,0.00219135,Female,White
2922,0,0.00260146,Female,White
2923,1,0.69358367,Male,White
2924,0,0.02631943,Female,White
2925,1,0.03396533,Male,Asian-Pac-Islander
2926,0,0.00104231,Male,White
2927,0,0.7007288,Female,White
2928,0,0.00628449,Female,White
2929,0,0.00555538,Female,Other
2930,1,0.99874154,Male,White
2931,1,0.4665914,Female,White
2932,0,0.00280931,Female,Black
2933,0,0.27380102,Male,White
2934,0,0.12564364,Male,White
2935,0,0.00921237,Female,White
2936,0,0.08927544,Male,White
2937,0,0.01790592,Female,White
2938,0,0.21245931,Male,White
2939,0,0.00777823,Male,White
2940,0,0.00167374,Male,White
2941,0,0.03330312,Male,White
2942,0,0.02352119,Male,White
2943,0,0.05196806,Female,White
2944,1,0.30754546,Male,White
2945,1,0.65399096,Male,White
2946,1,0.65263663,Male,White
2947,0,0.21685296,Male,White
2948,1,0.16470066,Male,Asian-Pac-Islander
2949,0,0.00773212,Female,White
2950,0,0.255053,Male,White
2951,0,0.19246722,Female,White
2952,1,0.87604765,Male,White
2953,0,0.0016023,Female,White
2954,1,0.94699301,Male,White
2955,0,0.27517238,Male,White
2956,1,0.75591171,Female,White
2957,0,0.01208348,Female,White
2958,0,0.00107149,Male,White
2959,0,0.02808523,Male,White
2960,0,0.01419961,Female,White
2961,0,0.06182464,Male,White
2962,1,0.03161003,Female,White
2963,0,0.06099521,Female,White
2964,0,0.64495051,Male,White
2965,0,0.48895086,Male,White
2966,0,0.01698474,Male,White
2967,1,0.53046221,Male,White
2968,1,0.18631785,Male,White
2969,0,0.01169871,Female,Black
2970,0,0.48669364,Male,White
2971,0,0.03626806,Male,White
2972,0,0.0004926,Female,White
2973,1,1.0,Male,White
2974,0,0.00162675,Male,White
2975,0,0.02246295,Male,White
2976,1,0.53202163,Male,White
2977,1,0.13884417,Male,White
2978,0,0.03724625,Female,White
2979,1,0.24546727,Female,White
2980,0,0.01254621,Male,White
2981,0,0.07182907,Female,White
2982,0,0.01533313,Male,White
2983,0,0.04024763,Male,White
2984,0,0.01305318,Male,White
2985,1,0.36890164,Female,White
2986,1,0.54636615,Male,White
2987,0,0.00225882,Female,White
2988,1,0.94502219,Male,White
2989,0,0.34545724,Male,White
2990,0,0.34676731,Female,White
2991,0,0.24390785,Male,Black
2992,0,0.03979355,Male,Black
2993,1,0.18603381,Male,White
2994,0,0.08575796,Male,White
2995,0,0.02655245,Male,White
2996,0,0.06651186,Male,White
2997,0,0.17794201,Male,White
2998,0,0.06274736,Female,Black
2999,0,0.43821159,Male,White
3000,0,0.00106316,Male,White
3001,0,0.01021304,Male,White
3002,1,0.79101007,Male,White
3003,0,0.00350508,Female,White
3004,0,0.00528444,Male,White
3005,0,0.08178805,Male,White
3006,0,0.01217071,Female,White
3007,0,0.03932433,Female,White
3008,0,0.37582904,Male,White
3009,0,0.28523253,Male,White
3010,0,0.00149371,Male,Amer-Indian-Eskimo
3011,0,0.02101243,Male,White
3012,0,0.00674943,Female,White
3013,0,0.00129804,Female,White
3014,0,0.11535395,Male,White
3015,0,0.15993998,Male,Black
3016,0,0.00585049,Female,Black
3017,0,0.02265198,Female,Amer-Indian-Eskimo
3018,1,0.45628173,Male,White
3019,0,0.07283337,Female,White
3020,0,0.08195683,Male,White
3021,0,0.00158083,Male,White
3022,1,0.72402681,Male,White
3023,0,0.01281026,Female,White
3024,0,0.15565579,Female,White
3025,1,0.9940155,Female,White
3026,0,0.09661874,Male,White
3027,0,0.00526924,Female,White
3028,1,0.70654703,Male,White
3029,0,0.03691461,Female,Black
3030,0,0.34645107,Male,White
3031,0,0.58866922,Male,White
3032,0,0.1053196,Male,White
3033,1,0.18838284,Male,White
3034,1,0.22907503,Male,White
3035,0,0.12111531,Male,White
3036,0,0.01251502,Male,White
3037,0,0.0171298,Male,White
3038,0,0.01139193,Male,White
3039,0,0.05157351,Male,White
3040,0,0.24607371,Male,White
3041,1,0.99850891,Male,Black
3042,0,0.0138878,Female,White
3043,0,0.01072824,Female,White
3044,0,0.04626798,Female,White
3045,0,0.0144535,Female,Black
3046,1,0.66468616,Male,White
3047,0,0.01969134,Female,White
3048,1,0.46239281,Male,White
3049,0,0.9288109,Male,White
3050,0,0.06940767,Male,White
3051,0,0.01027946,Male,White
3052,0,0.06628184,Female,White
3053,0,0.14965094,Male,White
3054,0,0.18906921,Female,White
3055,0,0.00101587,Male,White
3056,1,0.76037087,Male,White
3057,0,0.93598301,Male,White
3058,0,0.10842451,Female,White
3059,0,0.00114466,Male,White
3060,1,0.02527947,Male,White
3061,0,0.15302499,Female,White
3062,1,0.66290779,Male,White
3063,0,0.215372,Male,White
3064,0,0.14708142,Female,White
3065,0,0.47238539,Male,White
3066,0,0.00279809,Female,White
3067,0,0.01714081,Male,White
3068,0,0.19310144,Male,White
3069,0,0.00437538,Female,Asian-Pac-Islander
3070,0,0.02668197,Female,White
3071,0,0.015035,Male,White
3072,0,0.0523979,Female,White
3073,0,0.00494064,Female,White
3074,0,0.01031679,Female,White
3075,0,0.00267284,Female,White
3076,0,0.0063087,Female,Black
3077,0,0.57621247,Male,White
3078,0,0.60335339,Male,White
3079,0,0.51430767,Male,White
3080,0,0.00083855,Male,White
3081,0,0.01254883,Female,Black
3082,0,0.34247018,Female,White
3083,1,0.71033653,Female,White
3084,0,0.02385585,Female,White
3085,0,0.3988319,Male,White
3086,0,0.08306781,Male,White
3087,0,0.11933409,Male,White
3088,0,0.01035887,Female,White
3089,0,0.31488414,Male,White
3090,0,0.00722255,Male,White
3091,0,0.0441153,Female,White
3092,0,0.04797617,Male,White
3093,0,0.01450473,Female,Black
3094,0,0.38079229,Male,White
3095,0,0.14854435,Male,White
3096,0,0.27212751,Male,White
3097,0,0.00148975,Female,White
3098,1,0.6739339,Male,White
3099,0,0.01816849,Female,White
3100,1,0.8715042,Male,White
3101,1,0.16801043,Male,White
3102,0,0.44420816,Male,White
3103,0,0.01054561,Female,Black
3104,0,0.0023525,Female,White
3105,0,0.14978321,Male,White
3106,0,0.16260378,Male,White
3107,0,0.00372032,Male,White
3108,0,0.00461791,Male,White
3109,0,0.38451393,Male,White
3110,1,0.38348702,Male,White
3111,1,0.73940966,Male,White
3112,0,0.08869888,Male,White
3113,0,0.33447724,Female,White
3114,0,0.00459907,Female,White
3115,1,0.34877023,Male,White
3116,1,0.89090005,Male,White
3117,1,0.97013971,Male,White
3118,0,0.00133915,Female,White
3119,0,0.48775556,Male,White
3120,0,0.00787649,Male,White
3121,0,0.01320271,Female,Black
3122,1,0.80218835,Male,White
3123,0,0.00138189,Female,White
3124,0,0.00362685,Female,Asian-Pac-Islander
3125,0,0.37478793,Male,White
3126,0,0.24880442,Male,White
3127,0,0.0142166,Female,White
3128,0,0.00381469,Female,White
3129,0,0.00225445,Female,White
3130,0,0.09989801,Male,Black
3131,0,0.01004844,Female,White
3132,1,0.96516543,Female,White
3133,0,0.12049297,Male,White
3134,0,0.00584575,Female,White
3135,1,0.88956369,Male,White
3136,0,0.01492855,Male,White
3137,0,0.54582461,Male,White
3138,0,0.04688629,Male,White
3139,0,0.00887559,Female,White
3140,0,0.12505767,Female,White
3141,0,0.01183446,Female,White
3142,1,0.5810115,Male,White
3143,0,0.28918154,Male,White
3144,0,0.00031833,Female,White
3145,0,7.075e-05,Female,White
3146,0,0.01900403,Female,White
3147,0,0.09881039,Male,White
3148,1,0.66729249,Male,White
3149,0,0.34781539,Male,White
3150,0,0.00896563,Female,White
3151,0,0.01997307,Male,White
3152,1,0.53089157,Male,White
3153,0,0.01768408,Male,White
3154,0,0.00151954,Female,White
3155,1,0.99640773,Male,White
3156,0,0.07080314,Male,White
3157,0,0.07626638,Female,White
3158,0,0.003153,Female,White
3159,1,0.9812818,Male,White
3160,0,0.02122752,Male,Asian-Pac-Islander
3161,1,0.96020214,Male,White
3162,0,0.13403132,Male,White
3163,1,0.18989667,Male,White
3164,1,0.85641528,Male,White
3165,0,0.3023832,Male,White
3166,0,0.02599162,Male,White
3167,0,0.00746211,Male,White
3168,0,0.10004578,Male,Black
3169,0,0.01053998,Male,White
3170,0,0.28061591,Male,White
3171,0,0.16037825,Male,White
3172,0,0.54556615,Female,Black
3173,0,0.00472822,Female,Asian-Pac-Islander
3174,1,0.79446437,Male,White
3175,0,0.16420239,Male,White
3176,0,0.02323353,Male,White
3177,1,0.06247916,Male,White
3178,0,0.02120069,Male,White
3179,1,0.15306795,Female,White
3180,0,0.00310545,Female,Black
3181,0,0.02173059,Female,White
3182,0,0.00293859,Male,White
3183,0,0.0326133,Male,White
3184,0,0.16639688,Male,White
3185,0,0.00358819,Female,White
3186,0,0.24704879,Male,White
3187,0,0.01015469,Female,White
3188,1,0.10437107,Male,White
3189,0,0.001535,Male,White
3190,1,0.2959371,Male,White
3191,0,0.02342531,Female,White
3192,1,0.99999999,Male,White
3193,0,0.00216333,Female,Black
3194,0,0.05452334,Male,White
3195,1,0.34115102,Male,White
3196,0,0.08984804,Male,White
3197,0,0.01409959,Female,White
3198,0,0.16178422,Male,White
3199,0,0.03229423,Male,White
3200,0,0.08038058,Female,White
3201,0,0.00232999,Male,White
3202,0,0.09511502,Female,White
3203,0,0.00150138,Male,White
3204,0,0.28993329,Male,White
3205,0,0.10149436,Male,White
3206,1,0.41722492,Male,Asian-Pac-Islander
3207,0,0.00670943,Female,Black
3208,0,0.00529328,Male,White
3209,0,0.00542197,Male,Black
3210,0,0.01844025,Female,White
3211,0,0.00620575,Male,White
3212,0,0.00956878,Female,Black
3213,0,0.19106313,Male,White
3214,0,0.63410604,Male,White
3215,0,0.02160113,Male,Other
3216,0,0.07874035,Male,White
3217,0,0.00409353,Male,White
3218,0,0.20319518,Female,Black
3219,0,0.0011992,Female,White
3220,0,0.00433584,Male,White
3221,0,0.00334654,Male,White
3222,1,0.22627283,Male,White
3223,0,0.66599478,Male,White
3224,0,0.06852842,Male,White
3225,0,0.52296317,Male,White
3226,0,0.69107927,Male,White
3227,0,0.80682401,Male,White
3228,0,0.2295785,Male,Black
3229,0,0.00318209,Female,Black
3230,0,0.33076253,Male,White
3231,0,0.40208832,Male,White
3232,0,0.00755676,Female,Black
3233,0,0.00532755,Male,White
3234,0,0.00075135,Male,White
3235,0,0.00391208,Male,Black
3236,0,0.0028887,Male,White
3237,0,0.05996401,Male,White
3238,0,0.04116242,Female,White
3239,0,0.05547157,Male,White
3240,1,0.54802569,Female,White
3241,1,0.11540809,Female,White
3242,0,0.08042996,Male,White
3243,0,0.56778077,Male,White
3244,0,0.0146132,Male,White
3245,0,0.14522666,Male,White
3246,0,0.03411741,Male,White
3247,1,0.99459949,Male,White
3248,1,0.46873355,Male,White
3249,0,0.00721267,Male,White
3250,0,0.00342021,Female,White
3251,0,0.03458727,Female,White
3252,0,0.00147825,Male,Amer-Indian-Eskimo
3253,1,0.33041695,Male,White
3254,1,0.81288944,Male,White
3255,0,0.00157672,Female,White
3256,0,0.00438664,Male,Black
3257,0,0.00546798,Male,White
3258,0,0.15035166,Male,White
3259,0,0.17002245,Male,White
3260,0,0.29399687,Male,White
3261,0,0.29602098,Male,White
3262,0,0.01194282,Female,White
3263,0,0.09802614,Male,White
3264,0,0.40180784,Male,White
3265,0,0.57729574,Male,White
3266,0,0.04104334,Male,White
3267,0,0.00125948,Male,White
3268,0,0.0679244,Female,White
3269,0,0.06286149,Female,White
3270,1,1.0,Male,White
3271,0,0.23234323,Male,White
3272,1,0.88369654,Male,White
3273,0,0.0016146,Female,White
3274,1,0.89040353,Female,White
3275,0,0.08225168,Male,White
3276,0,0.10752373,Male,White
3277,0,0.25133454,Male,Amer-Indian-Eskimo
3278,0,0.04360917,Male,Black
3279,0,0.35907234,Male,Black
3280,0,0.00272514,Male,White
3281,0,0.00216251,Male,White
3282,0,0.00881879,Female,Black
3283,0,0.00055318,Female,Other
3284,1,0.63410604,Male,White
3285,0,0.05397822,Male,White
3286,0,0.36619971,Male,White
3287,0,0.00164624,Female,White
3288,0,0.35295932,Male,White
3289,0,0.00302832,Female,White
3290,0,0.02407568,Female,White
3291,1,0.52602523,Female,White
3292,1,0.68973605,Male,White
3293,0,0.01146234,Female,Black
3294,0,0.04181137,Female,White
3295,0,0.05263845,Male,White
3296,1,0.40223095,Male,Black
3297,0,0.00184799,Female,White
3298,0,0.06920646,Male,White
3299,1,0.97525096,Female,White
3300,1,0.38654562,Male,White
3301,1,0.41142954,Male,Black
3302,0,0.00361858,Male,White
3303,0,0.00804139,Female,White
3304,0,0.10433092,Male,White
3305,0,0.348376,Male,White
3306,0,0.26760269,Male,White
3307,1,0.66139132,Male,White
3308,0,0.01920286,Male,White
3309,0,0.07598472,Male,White
3310,0,0.00164436,Male,White
3311,0,0.86124456,Female,White
3312,0,0.17175462,Male,White
3313,0,0.09155803,Female,White
3314,1,0.80410452,Male,White
3315,0,0.0319879,Female,White
3316,0,0.00030739,Female,White
3317,0,0.02523995,Male,White
3318,0,0.11356131,Female,White
3319,0,0.00595708,Female,Black
3320,1,0.69221451,Male,White
3321,0,0.21684045,Male,White
3322,0,0.00286715,Female,Black
3323,1,0.76327914,Male,White
3324,0,0.34263649,Male,White
3325,1,0.67236281,Male,White
3326,1,0.19631873,Male,Asian-Pac-Islander
3327,0,0.03625458,Male,White
3328,0,0.21142648,Male,White
3329,0,0.77972154,Male,Other
3330,0,0.26384215,Male,Black
3331,0,0.55836223,Male,White
3332,0,0.0454335,Male,White
3333,0,0.11327791,Male,Amer-Indian-Eskimo
3334,1,0.04545526,Female,White
3335,0,0.10899571,Male,White
3336,1,0.47540337,Male,White
3337,0,0.02975426,Male,White
3338,0,0.00264741,Female,Black
3339,0,0.00658442,Male,Black
3340,0,0.36658101,Male,White
3341,1,0.3645925,Male,White
3342,0,0.02209124,Male,White
3343,0,0.00254252,Female,White
3344,0,0.04278618,Female,White
3345,1,0.88754399,Male,White
3346,0,0.00664036,Female,White
3347,0,0.4499713,Male,White
3348,0,0.40818271,Male,White
3349,0,0.00180431,Male,White
3350,1,0.24965358,Male,White
3351,1,0.6163377,Male,White
3352,1,0.25449819,Male,White
3353,1,0.05787904,Female,Asian-Pac-Islander
3354,0,0.04421685,Female,Black
3355,0,0.02650113,Male,White
3356,0,0.00393954,Female,White
3357,0,0.00347839,Male,White
3358,0,0.16738593,Female,Black
3359,0,0.15701601,Male,White
3360,1,0.66860832,Male,Black
3361,0,0.01526079,Male,White
3362,0,0.03767471,Male,White
3363,0,0.01479001,Male,White
3364,0,0.78499318,Male,White
3365,1,0.24349634,Male,White
3366,0,0.21504653,Male,White
3367,1,0.69358367,Male,White
3368,0,0.04220378,Male,White
3369,0,0.01973327,Male,White
3370,0,0.07419769,Male,White
3371,0,0.27185954,Male,Black
3372,0,0.02689879,Male,White
3373,0,0.03991268,Male,White
3374,0,0.02070395,Male,Black
3375,0,0.07569447,Male,White
3376,0,0.00559058,Female,White
3377,1,0.56478722,Male,White
3378,1,0.52608638,Male,White
3379,1,0.96532014,Male,White
3380,0,0.02234195,Male,White
3381,0,0.42041175,Male,White
3382,1,0.53875092,Female,White
3383,0,0.00620884,Female,White
3384,0,0.13776249,Male,White
3385,0,0.01161919,Female,White
3386,0,0.0152013,Female,White
3387,0,0.00385215,Male,White
3388,0,0.06175972,Female,White
3389,1,0.35801222,Male,White
3390,1,0.77149879,Male,White
3391,1,0.5702502,Male,White
3392,1,0.77952617,Male,White
3393,1,0.1039045,Female,White
3394,1,0.78667274,Male,White
3395,0,0.30017569,Male,White
3396,0,0.02130458,Female,White
3397,0,0.37073176,Male,White
3398,0,0.08048601,Male,White
3399,0,0.00187891,Female,White
3400,0,0.00935572,Female,Black
3401,0,0.01632817,Male,White
3402,1,0.62419686,Male,Other
3403,0,0.00084386,Female,White
3404,0,0.00743929,Female,White
3405,1,0.04902265,Female,White
3406,1,0.77758909,Male,White
3407,0,0.00955417,Female,White
3408,0,0.01453517,Male,Black
3409,0,0.01235533,Male,White
3410,0,0.00890565,Female,White
3411,0,0.18205347,Female,White
3412,0,0.02359984,Male,White
3413,0,0.00874657,Male,Amer-Indian-Eskimo
3414,0,0.03121635,Male,Amer-Indian-Eskimo
3415,0,0.00341373,Male,White
3416,0,0.08922986,Female,White
3417,0,0.00097892,Female,White
3418,0,0.00964299,Male,White
3419,0,0.00091138,Female,White
3420,0,0.02854742,Male,White
3421,0,0.11414824,Male,White
3422,0,0.00790332,Male,White
3423,0,0.73561416,Male,White
3424,0,0.00268737,Male,White
3425,0,0.63287328,Male,White
3426,0,0.00596952,Female,Asian-Pac-Islander
3427,0,0.12759792,Male,White
3428,0,0.66383212,Male,White
3429,1,0.49184821,Male,White
3430,0,0.34312344,Male,White
3431,0,0.02439244,Female,White
3432,0,0.01174309,Female,White
3433,0,0.02391281,Male,White
3434,0,0.02821452,Male,White
3435,0,0.35354496,Male,White
3436,1,0.75769721,Male,White
3437,0,0.00564672,Male,Black
3438,0,0.431015,Male,White
3439,0,0.00276507,Male,Black
3440,0,0.09299852,Female,White
3441,0,0.43332705,Male,White
3442,0,0.09254786,Female,White
3443,0,0.2178036,Male,White
3444,0,0.64307235,Male,White
3445,0,0.21345589,Male,White
3446,0,0.09918593,Female,White
3447,0,0.05777363,Female,White
3448,1,0.77090611,Male,White
3449,0,0.09134547,Male,Black
3450,0,0.0017444,Female,White
3451,1,0.34954285,Male,White
3452,0,0.7067954,Male,White
3453,0,0.01084581,Female,White
3454,1,0.34049432,Female,White
3455,0,0.00329241,Female,White
3456,0,0.00199434,Male,White
3457,1,0.29863292,Male,White
3458,0,0.15374646,Male,White
3459,1,0.91980157,Male,White
3460,0,0.02089635,Male,White
3461,0,0.03692072,Male,Black
3462,0,0.72038661,Male,White
3463,1,0.47917195,Male,White
3464,0,0.01933269,Female,Black
3465,0,0.00832245,Female,White
3466,0,0.12373979,Male,White
3467,1,0.44908224,Male,White
3468,1,0.42928725,Male,White
3469,0,0.03442129,Female,White
3470,1,0.86171473,Male,White
3471,0,0.0760137,Male,White
3472,0,0.4981695,Male,Black
3473,0,0.03508702,Female,White
3474,0,0.48335025,Male,White
3475,1,0.29260364,Male,White
3476,0,0.54787504,Male,White
3477,0,0.00206614,Male,Black
3478,0,0.19584531,Female,White
3479,0,0.04894302,Male,White
3480,1,0.96648652,Female,Black
3481,0,0.01697441,Female,Black
3482,0,0.01470947,Female,White
3483,0,0.01351079,Male,White
3484,0,0.06407505,Female,White
3485,0,0.0943879,Male,Black
3486,0,0.01904476,Female,Black
3487,0,0.14996536,Male,White
3488,1,0.29803486,Male,White
3489,0,0.039134,Female,White
3490,1,0.08322537,Female,White
3491,0,0.01465028,Male,White
3492,1,0.77540018,Male,White
3493,0,0.00152556,Female,White
3494,0,0.10905554,Male,White
3495,0,0.25055484,Male,White
3496,1,0.36495177,Male,White
3497,0,0.75071883,Male,White
3498,0,0.00135628,Male,White
3499,0,0.09185646,Male,Asian-Pac-Islander
3500,0,0.03874594,Male,White
3501,0,0.06669291,Male,White
3502,0,0.00979097,Female,White
3503,0,0.23974732,Male,White
3504,0,0.04586524,Male,White
3505,0,0.07392271,Female,White
3506,1,0.93519983,Male,White
3507,0,0.00327257,Male,White
3508,0,0.00085299,Male,White
3509,0,0.24797996,Male,White
3510,0,0.12632715,Male,White
3511,1,0.71632522,Male,White
3512,0,0.15290186,Male,White
3513,0,0.01543505,Male,White
3514,0,0.00957555,Female,White
3515,0,0.00925726,Female,White
3516,1,0.05747059,Male,White
3517,0,0.04640511,Male,White
3518,0,0.55687476,Male,White
3519,0,0.30850864,Male,White
3520,1,0.6398958,Male,White
3521,0,0.03027943,Female,White
3522,0,0.20931739,Male,White
3523,0,0.06886502,Male,White
3524,0,0.1091143,Male,White
3525,0,0.0122395,Female,White
3526,0,0.0014471,Female,White
3527,0,0.00564803,Female,White
3528,0,0.12768207,Male,White
3529,1,0.24979901,Male,White
3530,0,0.05982863,Male,White
3531,0,0.00277672,Male,White
3532,1,0.66599553,Male,White
3533,1,0.33968617,Male,White
3534,1,0.61894837,Male,White
3535,0,0.43547628,Female,White
3536,0,0.0240273,Female,White
3537,0,0.46403887,Male,White
3538,0,0.01947182,Female,White
3539,1,0.41399194,Male,White
3540,0,0.05632342,Female,Black
3541,0,0.00058522,Male,Black
3542,0,0.04637671,Male,White
3543,0,0.00295145,Female,Black
3544,1,0.04082236,Male,White
3545,0,0.07879844,Female,White
3546,1,0.99571532,Male,White
3547,0,0.41647891,Male,White
3548,0,0.09513332,Male,White
3549,0,0.0237311,Male,White
3550,1,0.73051788,Female,White
3551,0,0.00758029,Male,White
3552,0,0.02025918,Female,White
3553,0,0.08541917,Male,White
3554,0,0.02480125,Male,White
3555,0,0.71826657,Male,White
3556,0,0.3637085,Male,White
3557,0,0.1309732,Male,White
3558,0,0.03378764,Female,Black
3559,0,0.03219813,Female,White
3560,0,0.13542442,Male,White
3561,0,0.07678288,Male,Asian-Pac-Islander
3562,0,0.30501662,Male,White
3563,1,0.65230218,Male,White
3564,1,0.59707519,Male,White
3565,1,0.22196028,Female,White
3566,0,0.1683527,Male,White
3567,0,0.05620829,Female,White
3568,0,0.00529032,Female,White
3569,1,0.03819443,Male,White
3570,0,0.01338981,Female,White
3571,1,0.46717446,Male,White
3572,0,0.26121729,Male,White
3573,1,0.22840556,Female,White
3574,1,0.99866723,Female,White
3575,0,0.01550531,Male,Black
3576,0,0.78085258,Male,White
3577,0,0.00858299,Female,Black
3578,1,0.44145672,Male,White
3579,0,0.09586389,Male,White
3580,0,0.09802073,Male,White
3581,0,0.03749241,Male,White
3582,0,0.01401722,Female,Black
3583,0,0.18818367,Male,White
3584,0,0.43125889,Male,White
3585,0,0.0380056,Male,White
3586,0,0.00384057,Female,Black
3587,0,0.30881954,Male,White
3588,1,0.51619256,Male,White
3589,0,0.01494995,Female,White
3590,0,0.01550383,Female,White
3591,1,0.38053416,Male,White
3592,0,0.0137759,Male,White
3593,1,0.45523947,Male,White
3594,0,0.01208266,Male,Black
3595,0,0.32842205,Male,Black
3596,0,0.00621483,Male,White
3597,0,0.20611811,Male,White
3598,0,0.41172308,Male,White
3599,0,0.21816653,Male,White
3600,0,0.0513612,Male,White
3601,0,0.19523515,Male,White
3602,0,0.02117542,Female,White
3603,1,0.92090984,Male,White
3604,0,0.00681437,Male,White
3605,0,0.00443553,Female,Black
3606,0,0.99999758,Male,Asian-Pac-Islander
3607,0,0.05597682,Male,White
3608,1,0.42847622,Male,White
3609,1,0.98617097,Female,White
3610,0,0.00474099,Male,White
3611,1,0.28446446,Male,White
3612,1,0.56758343,Female,White
3613,0,0.04983285,Male,White
3614,1,0.36180868,Female,White
3615,0,0.02290529,Female,White
3616,1,0.48163208,Male,White
3617,0,0.75208616,Male,White
3618,0,0.00561195,Female,Black
3619,0,0.02829328,Female,White
3620,0,0.5359614,Male,White
3621,0,0.00503527,Male,White
3622,0,0.47279949,Male,White
3623,0,0.00773505,Female,White
3624,1,0.55604347,Male,White
3625,0,0.00938937,Male,White
3626,1,0.43426852,Male,White
3627,0,0.01047804,Male,Black
3628,0,0.0029792,Female,White
3629,0,0.00527886,Female,White
3630,0,0.08469851,Male,White
3631,1,0.45518723,Female,White
3632,0,0.01952884,Female,White
3633,0,0.155228,Male,White
3634,0,0.00053469,Female,White
3635,0,0.00235274,Female,Black
3636,0,0.00538111,Male,White
3637,1,0.5446814,Male,White
3638,0,0.00710804,Female,Black
3639,0,0.00147766,Female,Black
3640,0,0.01773808,Male,White
3641,0,0.33169092,Male,White
3642,0,0.09050111,Male,White
3643,0,0.44776273,Male,Asian-Pac-Islander
3644,0,0.21138071,Female,White
3645,0,0.01710021,Male,White
3646,1,0.52461015,Female,White
3647,0,0.01060192,Female,White
3648,0,0.31147608,Male,White
3649,0,0.05306387,Male,White
3650,1,0.76327914,Male,White
3651,0,0.0052479,Female,White
3652,0,0.03396307,Male,White
3653,0,0.10097604,Male,White
3654,1,0.98381036,Male,White
3655,0,0.00281201,Female,White
3656,0,0.07554672,Male,White
3657,1,0.46114823,Male,White
3658,0,0.08998533,Male,White
3659,0,0.00898426,Male,Black
3660,0,0.23259497,Male,White
3661,0,0.26882378,Male,White
3662,0,0.32467615,Male,White
3663,0,0.00840851,Male,White
3664,1,0.69898687,Female,White
3665,0,0.02148212,Female,White
3666,0,0.05120571,Female,White
3667,0,0.00485088,Female,White
3668,0,0.01709358,Male,White
3669,0,0.03291399,Female,White
3670,0,0.01576416,Female,White
3671,0,0.00435498,Female,White
3672,0,0.00553508,Male,White
3673,0,0.00041771,Female,White
3674,0,0.01807656,Female,White
3675,0,0.05573832,Male,White
3676,0,0.0048244,Female,White
3677,0,0.00247232,Male,Other
3678,0,0.15988124,Male,White
3679,0,0.04041885,Male,Black
3680,0,0.02976793,Female,White
3681,1,0.99305425,Male,White
3682,0,0.04265415,Female,White
3683,0,0.00283132,Female,White
3684,0,0.20874717,Male,White
3685,0,0.00524914,Male,White
3686,0,0.62720693,Male,Asian-Pac-Islander
3687,1,0.51440643,Male,White
3688,1,0.25476953,Male,White
3689,0,0.00571807,Male,White
3690,0,0.00646089,Female,White
3691,0,0.01665688,Male,White
3692,1,0.72764083,Female,White
3693,1,0.98062466,Male,White
3694,0,0.58209562,Female,Asian-Pac-Islander
3695,0,0.53003086,Male,Black
3696,0,0.0012704,Female,White
3697,0,0.00733852,Female,White
3698,0,0.01585321,Female,Black
3699,0,0.10801236,Male,White
3700,0,0.00261203,Female,White
3701,0,0.00239146,Female,White
3702,0,0.00500066,Male,Black
3703,0,0.02355863,Female,White
3704,0,0.1217382,Male,Black
3705,1,0.73880439,Male,Asian-Pac-Islander
3706,0,0.00406703,Female,Black
3707,0,0.0164326,Male,White
3708,1,0.04687861,Female,White
3709,0,0.07625442,Female,White
3710,0,0.01267321,Male,White
3711,0,0.01569487,Male,White
3712,0,0.48770022,Male,White
3713,1,0.22216074,Male,White
3714,1,0.47308326,Male,White
3715,0,0.32592783,Male,Black
3716,0,0.01170958,Male,White
3717,0,0.41290315,Male,Black
3718,1,0.33583407,Male,White
3719,0,0.5034077,Male,White
3720,0,0.03475759,Female,White
3721,0,0.1162313,Male,White
3722,0,0.01033088,Female,White
3723,0,0.00062879,Female,Black
3724,0,0.0161269,Male,White
3725,0,0.38389617,Male,White
3726,0,0.00310562,Male,Black
3727,0,0.5253236,Male,White
3728,1,0.80923336,Male,White
3729,0,0.1865917,Male,White
3730,1,0.01434924,Male,White
3731,0,0.00140668,Female,White
3732,1,0.27771757,Male,White
3733,0,0.2529477,Female,White
3734,1,0.33063825,Male,White
3735,1,0.88004276,Male,White
3736,0,0.00800891,Male,White
3737,0,0.4662812,Male,White
3738,0,0.16852808,Male,White
3739,1,0.01852487,Female,Black
3740,0,0.0030944,Female,White
3741,0,0.0649161,Female,White
3742,0,0.08219238,Male,White
3743,0,0.01994399,Male,Black
3744,0,0.00714978,Female,White
3745,0,0.22420999,Male,White
3746,0,0.0537128,Male,White
3747,0,0.00290305,Male,Black
3748,0,0.00611522,Female,White
3749,1,0.35620378,Male,White
3750,0,0.02512172,Female,White
3751,0,0.17226905,Male,White
3752,0,0.0076716,Female,Asian-Pac-Islander
3753,0,0.00247767,Male,White
3754,0,0.00355038,Female,White
3755,1,0.76370666,Male,White
3756,0,0.07214548,Male,White
3757,0,0.18903891,Male,White
3758,0,0.00658649,Male,White
3759,1,0.80709044,Male,White
3760,1,0.64325578,Male,White
3761,0,0.21002048,Male,White
3762,0,0.09577653,Male,White
3763,1,0.46974845,Male,White
3764,1,0.26107331,Male,White
3765,0,0.07255107,Male,White
3766,0,0.22794047,Female,Black
3767,0,0.71064069,Male,White
3768,1,0.88033526,Male,White
3769,0,0.02958867,Male,Black
3770,0,0.67054926,Male,White
3771,0,0.0022503,Male,White
3772,0,0.00422106,Male,White
3773,0,0.29343083,Male,White
3774,0,0.00077113,Female,White
3775,0,0.23797513,Female,White
3776,0,0.23630728,Male,White
3777,0,0.02050219,Female,White
3778,0,0.00762495,Female,White
3779,0,0.03366092,Female,White
3780,1,0.73358961,Male,White
3781,1,0.96163255,Male,White
3782,0,0.19991997,Female,White
3783,0,0.02369669,Female,White
3784,1,0.87883434,Male,White
3785,0,0.78020839,Male,White
3786,0,0.00701795,Female,White
3787,0,0.00578299,Female,White
3788,0,0.00922747,Male,White
3789,0,0.00245645,Female,Black
3790,0,0.00393245,Female,White
3791,0,0.1654547,Male,White
3792,0,0.03777731,Male,White
3793,0,0.32188171,Male,White
3794,0,0.06352003,Male,White
3795,0,0.18383363,Male,White
3796,0,0.01642428,Female,White
3797,1,0.3991713,Male,White
3798,1,0.27274651,Male,White
3799,0,0.02335321,Female,White
3800,0,0.27784594,Male,White
3801,0,0.0074137,Female,White
3802,0,0.00429799,Female,White
3803,0,0.03106465,Male,White
3804,1,0.88433332,Male,White
3805,0,0.02535694,Male,White
3806,1,0.49037639,Male,White
3807,0,0.49676465,Male,White
3808,1,0.81162594,Male,White
3809,0,0.08079217,Male,White
3810,0,0.02498079,Male,White
3811,0,0.60279105,Male,White
3812,0,0.00289073,Male,White
3813,0,0.1102034,Female,White
3814,0,0.01339933,Male,White
3815,1,0.38882489,Male,White
3816,0,0.78173361,Male,Black
3817,0,0.27083778,Male,White
3818,0,0.00059611,Female,White
3819,0,0.21753185,Male,White
3820,1,0.59143115,Male,White
3821,0,0.04835709,Female,White
3822,0,0.06589972,Male,White
3823,0,0.03366057,Female,Black
3824,0,0.00406692,Female,Black
3825,0,0.30754135,Male,White
3826,0,0.02223081,Female,White
3827,0,0.01122896,Male,Amer-Indian-Eskimo
3828,0,0.70560521,Male,White
3829,0,0.02150848,Female,White
3830,0,0.38129494,Male,White
3831,0,0.28591598,Male,White
3832,0,0.00111105,Female,White
3833,0,0.24968148,Male,White
3834,0,0.03039768,Female,White
3835,1,0.98349419,Male,White
3836,0,0.01715263,Male,White
3837,0,0.00194395,Female,Black
3838,0,0.40201357,Male,Black
3839,0,0.00684937,Male,White
3840,1,0.15520036,Male,White
3841,0,0.0547866,Male,White
3842,0,0.00264499,Male,White
3843,1,0.42635956,Male,White
3844,0,0.04640059,Male,White
3845,0,0.00071297,Female,White
3846,0,0.0875004,Female,White
3847,0,0.06348028,Male,White
3848,0,0.01466078,Female,White
3849,1,0.60632149,Male,White
3850,0,0.01416899,Male,White
3851,0,0.00322479,Female,White
3852,1,0.57748395,Male,White
3853,0,0.02150952,Female,White
3854,1,0.06933472,Female,White
3855,1,0.29156291,Male,Black
3856,0,0.01231356,Male,White
3857,0,0.20923024,Male,White
3858,0,0.00247518,Female,White
3859,0,0.7669175,Male,White
3860,0,0.07016214,Male,White
3861,1,0.39066989,Male,Black
3862,0,0.24537425,Male,White
3863,0,0.04249257,Female,Black
3864,0,0.00923532,Female,White
3865,0,0.02606965,Female,White
3866,0,0.15140701,Male,White
3867,1,0.03433225,Male,White
3868,0,0.00530736,Female,Black
3869,0,0.14583967,Female,White
3870,1,0.0381342,Female,White
3871,0,0.00152556,Female,White
3872,0,0.00282398,Female,White
3873,0,0.42336688,Male,White
3874,0,0.11091282,Male,White
3875,1,0.1450617,Male,Amer-Indian-Eskimo
3876,1,0.44259963,Male,White
3877,0,0.05034694,Male,White
3878,0,0.01268863,Male,White
3879,0,0.72098831,Female,White
3880,1,0.97672269,Male,White
3881,0,0.02889624,Male,Black
3882,0,0.022056,Male,White
3883,0,0.00650541,Female,White
3884,0,0.00417527,Female,White
3885,1,0.28726293,Male,Black
3886,0,0.06580149,Female,White
3887,0,0.00494753,Female,White
3888,1,1.0,Male,White
3889,0,0.01468583,Male,White
3890,0,0.32972278,Male,White
3891,0,0.0008935,Female,White
3892,0,0.01996405,Male,White
3893,0,0.00711345,Male,Black
3894,0,0.03350701,Male,White
3895,0,0.03459709,Male,White
3896,0,0.03000523,Male,White
3897,0,0.4557965,Male,White
3898,0,0.60394749,Male,White
3899,0,0.01439101,Female,White
3900,0,0.04061345,Female,White
3901,0,0.00107084,Male,White
3902,1,0.66043853,Male,White
3903,0,0.14977284,Male,White
3904,0,0.00169156,Female,Black
3905,0,0.15089688,Male,White
3906,0,0.02283473,Male,Black
3907,0,0.848833,Male,White
3908,1,0.80461342,Male,White
3909,1,0.01832115,Male,White
3910,0,0.3092836,Male,White
3911,0,0.00323104,Female,White
3912,0,0.00718152,Male,Black
3913,0,0.02235977,Female,White
3914,0,0.0364367,Male,Asian-Pac-Islander
3915,0,0.00064295,Female,White
3916,0,0.0112595,Male,White
3917,0,0.01252291,Female,White
3918,0,0.27561712,Male,White
3919,0,0.00272612,Female,White
3920,0,0.00412598,Female,Black
3921,0,0.01017685,Female,White
3922,0,0.03177904,Female,White
3923,1,0.69487823,Male,White
3924,1,0.64463447,Male,White
3925,0,0.20921682,Male,White
3926,0,0.23259497,Male,White
3927,1,0.72387656,Male,White
3928,0,0.0080544,Male,White
3929,1,0.27375836,Male,White
3930,0,0.01819229,Male,White
3931,0,0.01111243,Male,Black
3932,1,0.29284521,Male,White
3933,1,0.23475465,Female,White
3934,1,0.98799672,Male,White
3935,0,0.09126025,Male,Black
3936,1,0.80299827,Male,White
3937,0,0.00167381,Male,Amer-Indian-Eskimo
3938,0,0.35315105,Male,White
3939,0,0.00537,Male,White
3940,1,0.8264912,Male,White
3941,0,0.16906472,Male,White
3942,0,0.27586754,Male,White
3943,1,0.38479293,Male,White
3944,0,0.07985854,Male,White
3945,0,0.0206675,Female,White
3946,1,0.99999999,Male,White
3947,0,0.12914695,Male,White
3948,0,0.0166493,Female,Black
3949,0,0.13548502,Male,Other
3950,0,0.14038369,Male,White
3951,0,0.02982912,Male,White
3952,1,0.98408262,Female,White
3953,0,0.09746847,Male,White
3954,0,0.05615275,Female,White
3955,0,0.31646136,Male,White
3956,0,0.00934422,Male,White
3957,0,0.00016748,Female,White
3958,0,0.02197159,Male,White
3959,0,0.00991971,Female,White
3960,0,0.26594631,Male,White
3961,0,0.04237194,Female,White
3962,1,0.56985331,Male,White
3963,1,0.5471593,Male,White
3964,0,0.00100101,Female,White
3965,1,0.38104906,Male,White
3966,1,0.28287292,Male,White
3967,1,0.73516342,Male,White
3968,0,0.17874076,Male,White
3969,1,0.46257268,Male,White
3970,0,0.02862286,Male,White
3971,0,0.02249974,Male,Black
3972,0,0.7579753,Male,Black
3973,0,0.00060858,Male,White
3974,0,0.17702731,Male,White
3975,1,0.33444507,Male,White
3976,0,0.73531891,Male,White
3977,0,0.27127105,Male,White
3978,0,0.12360628,Male,White
3979,0,0.35469391,Male,White
3980,0,0.38172578,Male,White
3981,0,0.13002057,Male,White
3982,1,0.39938,Male,Asian-Pac-Islander
3983,0,0.03620045,Male,White
3984,0,0.04932655,Male,White
3985,1,0.95994468,Female,White
3986,1,0.9752364,Male,White
3987,0,0.00157235,Female,White
3988,1,0.75305281,Male,White
3989,0,0.11076398,Female,Asian-Pac-Islander
3990,1,0.60874236,Male,White
3991,0,0.0195183,Female,White
3992,0,0.65775194,Male,White
3993,0,0.01794019,Female,White
3994,1,0.53275719,Female,White
3995,0,0.00433584,Male,White
3996,0,0.24750097,Male,White
3997,0,0.05178623,Female,White
3998,0,0.69247726,Male,White
3999,1,0.81757671,Male,White
4000,1,0.29890952,Male,White
4001,0,0.18022398,Male,Black
4002,0,0.11055054,Male,Asian-Pac-Islander
4003,0,0.08600329,Male,White
4004,0,0.01112184,Male,White
4005,1,0.99809924,Male,White
4006,0,0.00077291,Female,White
4007,0,0.02544657,Female,White
4008,0,0.0112595,Male,White
4009,0,0.6847394,Male,White
4010,0,0.01653404,Female,White
4011,0,0.00704659,Female,White
4012,1,0.59652918,Male,White
4013,0,0.47737603,Male,Asian-Pac-Islander
4014,0,0.00259696,Male,White
4015,0,0.01352059,Female,White
4016,1,0.17105329,Male,White
4017,1,0.7987663,Male,Asian-Pac-Islander
4018,0,0.00072823,Female,White
4019,0,0.05255446,Female,White
4020,1,0.58791828,Male,White
4021,0,0.35555278,Male,White
4022,0,0.21954143,Female,White
4023,1,0.95630424,Female,White
4024,1,0.86655034,Male,White
4025,0,0.44904483,Male,White
4026,0,0.01720292,Male,White
4027,0,0.03022221,Female,White
4028,0,0.00943688,Male,White
4029,1,0.88200565,Male,White
4030,1,0.32173717,Male,White
4031,1,0.98272691,Male,White
4032,0,0.22559269,Male,White
4033,0,0.0345582,Male,Asian-Pac-Islander
4034,0,0.01043166,Female,White
4035,1,0.07238723,Male,White
4036,0,0.14013439,Male,White
4037,0,0.13129982,Male,Black
4038,0,0.03315228,Female,White
4039,0,0.17771948,Male,White
4040,0,0.0964063,Male,White
4041,1,0.6700092,Male,White
4042,0,0.00099494,Female,White
4043,0,0.31974276,Male,White
4044,0,0.30759928,Male,White
4045,0,0.44365889,Male,White
4046,1,0.12908563,Male,White
4047,0,0.01053421,Female,White
4048,0,0.55912957,Male,White
4049,1,0.98641688,Female,White
4050,0,0.0032782,Male,White
4051,0,0.02233474,Male,Black
4052,1,0.35589954,Male,White
4053,0,0.00318782,Female,White
4054,0,0.16102872,Male,Black
4055,0,0.00443334,Male,White
4056,0,0.0105441,Male,White
4057,1,0.47601361,Male,White
4058,0,0.01875262,Female,White
4059,0,0.0041578,Female,White
4060,0,0.03401181,Male,White
4061,0,0.2691168,Male,White
4062,1,0.42489636,Male,White
4063,0,0.07247194,Male,White
4064,0,0.00879423,Male,Amer-Indian-Eskimo
4065,1,0.98716152,Male,White
4066,1,0.99426241,Male,White
4067,0,0.30087778,Male,White
4068,0,0.01297998,Female,White
4069,0,0.64393126,Male,White
4070,0,0.00148758,Male,Black
4071,0,0.11285758,Male,Asian-Pac-Islander
4072,1,0.44605602,Male,White
4073,1,0.99483175,Male,White
4074,0,0.02411597,Female,White
4075,0,0.1057133,Male,Black
4076,0,0.01685385,Male,White
4077,0,0.00202354,Female,Black
4078,0,0.00937877,Female,White
4079,0,0.44904483,Male,White
4080,0,0.16123788,Male,Amer-Indian-Eskimo
4081,0,0.09025717,Male,White
4082,0,0.0031253,Female,Black
4083,0,0.05483357,Male,White
4084,0,0.00347242,Male,White
4085,0,0.0420955,Male,White
4086,1,0.58371813,Male,White
4087,0,0.11725718,Male,White
4088,0,0.00819313,Female,White
4089,0,0.29445929,Male,White
4090,1,0.75884396,Male,White
4091,1,0.74587981,Male,White
4092,0,0.00593229,Male,Black
4093,1,0.16679974,Male,Black
4094,0,0.27343366,Male,White
4095,1,0.03025916,Male,White
4096,0,0.08408064,Male,White
4097,1,0.64670197,Female,White
4098,0,0.03338888,Female,Black
4099,0,0.42336607,Male,White
4100,0,0.19744378,Male,Black
4101,0,0.00043031,Female,White
4102,0,0.00142741,Female,White
4103,0,0.18176427,Male,White
4104,0,0.07194643,Male,White
4105,1,0.55346952,Male,White
4106,0,0.0075639,Female,White
4107,0,0.00216003,Female,White
4108,0,0.00978088,Female,White
4109,0,0.0066015,Female,Black
4110,0,0.00725391,Female,White
4111,0,0.00249264,Male,White
4112,0,0.47574761,Female,White
4113,0,0.06141276,Male,White
4114,0,0.00284095,Female,White
4115,0,0.0769678,Male,White
4116,1,0.35253943,Male,White
4117,0,0.01917711,Male,Black
4118,0,0.00434329,Male,White
4119,0,0.0050809,Male,White
4120,0,0.16765242,Male,White
4121,0,0.33525358,Male,White
4122,0,0.41188925,Male,White
4123,0,0.28851699,Male,White
4124,0,0.01035789,Female,Black
4125,1,0.76017861,Male,White
4126,0,0.0128425,Male,Black
4127,0,0.00674171,Female,Black
4128,0,0.10365931,Male,White
4129,1,0.85115748,Male,White
4130,0,0.00442979,Female,White
4131,1,0.83496557,Male,White
4132,0,0.04193455,Male,Other
4133,0,0.12359334,Male,Asian-Pac-Islander
4134,0,0.00151954,Female,White
4135,1,0.61224581,Male,White
4136,0,0.01336711,Male,Black
4137,0,0.00230107,Female,White
4138,1,0.22554202,Male,White
4139,1,0.14950573,Female,White
4140,0,0.23396235,Female,White
4141,0,0.01206857,Female,White
4142,0,0.01799245,Female,White
4143,0,0.02037126,Male,White
4144,0,0.93289758,Male,White
4145,0,0.00326902,Female,White
4146,0,0.15490309,Male,White
4147,0,0.32269536,Male,White
4148,0,0.05844133,Male,White
4149,0,0.10295906,Male,Amer-Indian-Eskimo
4150,0,0.00904132,Male,White
4151,1,0.80779603,Male,White
4152,0,0.13282948,Male,White
4153,0,0.0013548,Female,White
4154,0,0.09155634,Male,Black
4155,1,0.25449819,Male,White
4156,0,0.13797748,Male,White
4157,0,0.06318346,Female,White
4158,0,0.03385626,Female,Asian-Pac-Islander
4159,0,0.00574953,Male,White
4160,1,0.79309464,Male,White
4161,1,0.99921273,Male,White
4162,1,0.83435169,Male,White
4163,0,0.00491829,Female,Black
4164,1,0.95809635,Male,Asian-Pac-Islander
4165,0,0.05845769,Female,White
4166,0,0.05701989,Female,White
4167,1,0.82432481,Male,White
4168,0,0.17415745,Male,White
4169,0,0.0318181,Male,White
4170,0,0.03773113,Male,White
4171,0,0.04090123,Male,White
4172,0,0.01813777,Female,White
4173,0,0.25931809,Male,White
4174,1,0.99785565,Male,White
4175,0,0.02348478,Female,White
4176,0,0.0367356,Female,Black
4177,0,0.00417515,Male,White
4178,0,0.45715776,Male,White
4179,0,0.02157221,Male,White
4180,0,0.01503666,Male,White
4181,0,0.06616662,Male,Other
4182,0,0.00940358,Male,White
4183,0,0.00148736,Female,Black
4184,0,0.02263898,Male,White
4185,1,0.36606388,Male,Amer-Indian-Eskimo
4186,0,0.28578855,Female,Black
4187,0,0.78868768,Male,White
4188,0,0.00608691,Male,White
4189,0,0.36168508,Male,White
4190,0,0.0089908,Female,Black
4191,0,0.02591677,Male,Black
4192,0,0.00233453,Female,White
4193,1,0.67778,Male,White
4194,0,0.17771948,Male,White
4195,0,0.0022337,Female,Black
4196,0,0.0038205,Female,White
4197,0,0.0665726,Male,White
4198,0,0.01367838,Female,White
4199,0,0.07764753,Male,Black
4200,0,0.16629287,Male,White
4201,0,0.21441606,Male,White
4202,1,0.3134813,Female,White
4203,1,0.79383835,Male,White
4204,0,0.00851975,Female,White
4205,0,0.00816494,Female,White
4206,1,0.73245526,Male,White
4207,0,0.03613992,Female,White
4208,0,0.26078338,Male,White
4209,1,0.58267794,Male,White
4210,0,0.00851047,Male,White
4211,1,0.7269472,Male,White
4212,1,0.99201936,Male,White
4213,0,0.05152501,Female,White
4214,0,0.38729773,Male,White
4215,0,0.09068392,Male,White
4216,0,0.00679834,Female,Amer-Indian-Eskimo
4217,0,0.04797032,Male,Black
4218,0,0.1323243,Male,White
4219,0,0.01252252,Male,White
4220,1,0.32962518,Male,White
4221,0,0.02271133,Female,White
4222,0,0.00208437,Female,White
4223,0,0.03125734,Female,White
4224,0,0.04621747,Female,White
4225,0,0.31228906,Male,White
4226,0,0.39815541,Male,White
4227,0,0.11212135,Female,White
4228,0,0.09169746,Male,White
4229,0,0.04137951,Male,White
4230,0,0.50707486,Male,White
4231,0,0.00169575,Female,White
4232,1,0.70040688,Male,White
4233,0,0.00045179,Female,Black
4234,0,0.00691648,Female,White
4235,0,0.02850779,Male,White
4236,0,0.12543064,Male,White
4237,0,0.28357184,Male,White
4238,0,0.05044756,Male,Black
4239,1,0.85185134,Male,White
4240,1,0.43609299,Male,White
4241,0,0.00256912,Female,White
4242,0,0.01523616,Male,White
4243,0,0.03481334,Male,White
4244,0,0.01737367,Female,Black
4245,0,0.01724541,Female,White
4246,0,0.04096009,Female,White
4247,0,0.02892145,Female,White
4248,0,0.35891035,Female,White
4249,0,0.21479852,Male,White
4250,0,0.22486922,Female,Black
4251,0,0.25027566,Male,White
4252,0,0.16079094,Male,White
4253,0,0.00215725,Male,Black
4254,0,0.17993416,Male,White
4255,0,0.00862993,Male,White
4256,0,0.11422253,Male,White
4257,1,0.82625316,Male,White
4258,0,0.04802287,Female,Black
4259,0,0.32655707,Male,Black
4260,0,0.00859385,Female,White
4261,0,0.00782826,Male,White
4262,1,0.22687529,Female,White
4263,0,0.01403689,Female,White
4264,0,0.40289911,Male,White
4265,0,0.03727678,Male,White
4266,0,0.05855241,Female,White
4267,0,0.21613225,Female,Black
4268,0,0.31405135,Male,White
4269,0,0.00071133,Female,White
4270,1,0.6670234,Male,Amer-Indian-Eskimo
4271,1,0.36349334,Male,White
4272,0,0.06145849,Female,Asian-Pac-Islander
4273,0,0.74182672,Male,White
4274,0,0.03906493,Female,White
4275,0,0.33248023,Male,White
4276,1,0.58312219,Male,White
4277,0,0.0056994,Male,White
4278,1,0.23259497,Male,White
4279,1,0.29407963,Male,White
4280,1,0.76418341,Male,White
4281,0,0.24121331,Male,White
4282,0,0.00664602,Female,White
4283,0,0.67731396,Male,White
4284,0,0.04004262,Male,White
4285,0,0.02141719,Female,White
4286,1,0.55658708,Male,White
4287,0,0.19707919,Female,White
4288,1,0.9842403,Male,White
4289,0,0.01746115,Male,White
4290,0,0.10468592,Male,White
4291,0,0.01148202,Female,White
4292,0,0.13577924,Male,White
4293,1,0.36693084,Male,White
4294,0,0.08005359,Female,White
4295,0,0.00981483,Male,White
4296,0,0.01096532,Female,White
4297,0,0.02788247,Female,White
4298,0,0.00317534,Male,White
4299,0,0.48168241,Male,White
4300,0,0.01615296,Female,Black
4301,1,0.62079486,Male,White
4302,1,0.25523272,Female,White
4303,0,0.0256305,Female,White
4304,0,0.00688218,Female,Black
4305,0,0.00664931,Female,Black
4306,0,0.12682688,Male,Asian-Pac-Islander
4307,0,0.43216633,Male,White
4308,0,0.02930342,Female,White
4309,0,0.02500766,Male,White
4310,0,0.44717764,Male,White
4311,0,0.18387183,Male,White
4312,0,0.0517864,Male,Black
4313,0,0.0054771,Male,Asian-Pac-Islander
4314,1,0.64846382,Male,White
4315,0,0.25628346,Male,White
4316,1,0.4886398,Male,Asian-Pac-Islander
4317,1,0.7735008,Female,White
4318,0,0.06066173,Male,White
4319,1,0.43125889,Male,White
4320,0,0.00300184,Female,White
4321,1,0.8969031,Male,White
4322,0,0.00170035,Male,Black
4323,0,0.22975201,Male,White
4324,0,0.00472392,Male,White
4325,0,0.05151771,Male,Amer-Indian-Eskimo
4326,0,0.00358505,Male,White
4327,0,0.00283945,Male,White
4328,0,0.01013948,Female,White
4329,0,0.00640174,Female,White
4330,1,0.36511781,Female,White
4331,0,0.00896063,Male,Black
4332,1,0.5244767,Female,White
4333,0,0.00113003,Female,White
4334,0,0.05119435,Male,White
4335,0,0.01204685,Male,White
4336,0,0.02788247,Female,White
4337,0,0.00848768,Female,White
4338,0,0.05389501,Female,White
4339,1,0.37254146,Male,White
4340,0,0.01343317,Male,Amer-Indian-Eskimo
4341,1,0.88734513,Male,White
4342,0,0.03547021,Male,White
4343,1,0.66512498,Male,White
4344,1,0.39285674,Male,White
4345,0,0.00882502,Female,White
4346,0,0.02370553,Female,White
4347,0,0.06830656,Male,White
4348,0,0.53393376,Male,White
4349,0,0.06727811,Female,White
4350,0,0.00555624,Male,White
4351,1,0.26857126,Female,White
4352,0,0.0017846,Male,White
4353,0,0.41873467,Male,White
4354,0,0.15130632,Male,White
4355,0,0.01131355,Female,Black
4356,0,0.10836932,Male,White
4357,0,0.00146307,Female,White
4358,0,0.02483319,Female,White
4359,1,0.1583534,Female,White
4360,0,0.73183417,Male,White
4361,1,0.75686306,Male,White
4362,0,0.01016286,Female,White
4363,0,0.00266045,Male,Amer-Indian-Eskimo
4364,0,0.01548673,Female,White
4365,0,0.0608033,Male,White
4366,0,0.04989535,Male,White
4367,0,0.01236025,Female,White
4368,0,0.11593893,Female,Asian-Pac-Islander
4369,0,0.00115974,Female,White
4370,0,0.03122561,Male,White
4371,0,0.17140884,Male,White
4372,1,0.63426357,Male,White
4373,0,0.00054676,Male,White
4374,0,0.01789447,Female,White
4375,0,0.00507331,Female,White
4376,0,0.00062741,Male,White
4377,0,0.00217697,Male,White
4378,1,0.87321251,Male,White
4379,0,0.0053207,Female,White
4380,1,0.90465283,Male,Black
4381,1,0.66220011,Male,White
4382,0,0.00708364,Male,White
4383,1,0.60781378,Male,White
4384,0,0.01413045,Female,White
4385,1,0.13533722,Male,White
4386,1,0.64127879,Female,White
4387,0,0.09729144,Male,White
4388,0,0.96080427,Female,White
4389,1,0.21802006,Female,White
4390,0,0.00413515,Female,White
4391,0,0.16509551,Male,White
4392,0,0.02606298,Female,White
4393,0,0.07417574,Female,Black
4394,1,0.21041958,Female,White
4395,0,0.01144839,Female,White
4396,0,0.00615552,Female,White
4397,0,0.1103769,Male,White
4398,0,0.05374484,Female,White
4399,0,0.0343733,Male,White
4400,0,0.00083566,Female,White
4401,0,0.00456293,Female,Black
4402,0,0.00446825,Male,Asian-Pac-Islander
4403,0,0.10730351,Male,White
4404,0,0.22242623,Male,White
4405,0,0.04164021,Male,White
4406,0,0.07585021,Female,White
4407,1,0.78749968,Female,White
4408,0,0.04053328,Female,White
4409,0,0.04374843,Female,Asian-Pac-Islander
4410,0,0.01709265,Male,White
4411,1,0.55633842,Male,White
4412,0,0.10736893,Female,White
4413,0,0.12639297,Male,White
4414,0,0.03015064,Male,White
4415,0,0.0182798,Female,White
4416,0,0.00791206,Male,White
4417,0,0.22696408,Female,Black
4418,0,0.12674024,Male,White
4419,1,0.25165633,Male,White
4420,0,0.03791126,Male,White
4421,0,0.07476994,Male,White
4422,0,0.76060083,Male,White
4423,0,0.30381144,Male,White
4424,1,0.42165381,Male,White
4425,0,0.78061774,Female,White
4426,1,0.12589678,Male,White
4427,0,0.00108699,Male,White
4428,0,0.22559269,Male,White
4429,1,0.18517364,Male,White
4430,0,0.04444889,Male,White
4431,0,0.66728178,Male,Asian-Pac-Islander
4432,0,0.00332027,Female,White
4433,0,0.0273108,Male,White
4434,0,0.09750419,Female,White
4435,0,0.01912216,Male,White
4436,0,0.06634437,Male,White
4437,0,0.01155727,Female,White
4438,1,0.72167826,Male,White
4439,0,0.15079907,Male,White
4440,1,0.37297709,Male,White
4441,0,0.01309499,Female,White
4442,1,0.86096332,Male,White
4443,0,0.05726213,Female,White
4444,0,0.01356069,Female,White
4445,0,0.00108031,Female,Black
4446,0,0.02668321,Female,Black
4447,0,0.30465608,Female,White
4448,0,0.01830376,Female,Black
4449,0,0.69825912,Male,White
4450,0,0.77500476,Male,White
4451,0,0.04075917,Male,White
4452,0,0.03239475,Female,White
4453,0,0.14172001,Female,White
4454,0,0.00122605,Male,White
4455,0,0.21207228,Male,White
4456,0,0.01492369,Female,White
4457,0,0.35226406,Male,White
4458,0,0.44197933,Male,White
4459,0,0.04164882,Male,White
4460,0,0.42730791,Male,White
4461,0,0.01539221,Female,White
4462,0,0.01327972,Male,White
4463,1,0.73279413,Female,White
4464,1,0.2422999,Male,White
4465,0,0.0080259,Male,White
4466,1,0.73625807,Male,White
4467,1,0.50727226,Male,White
4468,0,0.05647399,Male,White
4469,0,0.08816126,Female,White
4470,0,0.07149594,Male,White
4471,0,0.00529589,Male,Black
4472,0,0.60858857,Male,White
4473,0,0.05939565,Male,White
4474,0,0.34925204,Male,White
4475,0,0.04543315,Female,White
4476,0,0.0024667,Female,White
4477,0,0.00565758,Female,White
4478,0,0.01067353,Female,White
4479,1,0.59380714,Male,White
4480,0,0.00589472,Male,White
4481,1,0.96301639,Male,White
4482,0,0.00106543,Female,White
4483,1,0.77605958,Male,White
4484,0,0.00442987,Male,White
4485,0,0.00116245,Male,White
4486,0,0.00629703,Male,Black
4487,0,0.00368312,Male,White
4488,0,0.59158162,Male,White
4489,0,0.00302134,Female,White
4490,0,0.28730364,Female,White
4491,0,0.00551472,Male,White
4492,0,0.0020765,Male,White
4493,1,0.96176112,Female,White
4494,0,0.44358495,Male,White
4495,0,0.29268699,Male,White
4496,0,0.11957965,Male,White
4497,0,0.17415745,Male,White
4498,1,0.11668775,Female,White
4499,0,0.21706002,Male,White
4500,1,0.51599789,Male,White
4501,0,0.01330065,Female,White
4502,0,0.31708699,Male,White
4503,0,0.02441958,Female,White
4504,0,0.05794939,Male,White
4505,0,0.11427962,Female,White
4506,1,0.94603483,Male,White
4507,0,0.01211141,Male,White
4508,0,0.16481462,Male,White
4509,0,0.00027511,Female,White
4510,0,0.00156506,Female,White
4511,0,0.02724543,Female,White
4512,0,0.03492737,Male,White
4513,0,0.06882315,Male,White
4514,1,0.81884566,Male,White
4515,0,0.03797605,Male,White
4516,0,0.17926549,Male,White
4517,0,0.00109932,Female,White
4518,1,0.71844838,Male,White
4519,0,0.37491849,Female,White
4520,0,0.07165469,Male,White
4521,0,0.11857025,Female,White
4522,0,0.17773763,Male,White
4523,0,0.09786695,Male,Asian-Pac-Islander
4524,0,0.0060078,Female,White
4525,1,0.4929825,Male,White
4526,0,0.25840048,Male,Asian-Pac-Islander
4527,0,0.09889521,Female,White
4528,0,0.04269202,Female,White
4529,0,0.16576825,Male,White
4530,0,0.29386745,Male,White
4531,0,0.1306966,Female,White
4532,1,0.41873651,Male,White
4533,0,0.19158599,Male,White
4534,0,0.00077262,Female,White
4535,0,0.02441254,Female,White
4536,0,0.06403957,Female,White
4537,0,0.03025674,Male,White
4538,0,0.01137366,Male,White
4539,0,0.23760986,Male,Black
4540,1,0.53970929,Female,White
4541,1,0.73359718,Male,White
4542,0,0.26976861,Male,White
4543,0,0.09290778,Female,White
4544,1,0.63779103,Male,Black
4545,0,0.00248279,Female,Black
4546,0,0.11001038,Male,White
4547,0,0.0030782,Female,White
4548,0,0.09556855,Male,White
4549,0,0.29343083,Male,White
4550,0,0.34695579,Male,White
4551,0,0.01465207,Male,White
4552,0,0.08231368,Male,White
4553,0,0.08292475,Female,White
4554,1,0.06476631,Female,White
4555,0,0.02219906,Female,White
4556,0,0.09081173,Female,Black
4557,0,0.0020608,Female,White
4558,1,0.1797735,Male,Other
4559,0,0.00257504,Female,White
4560,1,0.77714271,Male,White
4561,0,0.44149743,Male,White
4562,0,0.20530493,Male,White
4563,0,0.00375216,Female,White
4564,0,0.00330484,Female,White
4565,0,0.01452101,Female,Black
4566,1,0.50149162,Male,White
4567,0,0.09808832,Male,White
4568,0,0.00070423,Female,White
4569,0,0.06210176,Female,White
4570,0,0.03679224,Female,White
4571,1,0.16895269,Male,White
4572,0,0.07416597,Female,White
4573,0,0.05847736,Female,Black
4574,0,0.12456156,Male,White
4575,0,0.06593431,Female,White
4576,0,0.0065083,Male,White
4577,0,0.05071019,Female,White
4578,1,0.58287035,Male,White
4579,0,0.00356976,Female,Black
4580,0,0.01699502,Female,Black
4581,0,0.0407148,Female,White
4582,0,0.00036595,Female,White
4583,0,0.04657015,Female,Black
4584,1,0.14753626,Male,White
4585,0,0.012594,Female,White
4586,0,0.0064986,Male,White
4587,1,0.36382178,Male,White
4588,0,0.00781232,Male,White
4589,0,0.00577522,Female,White
4590,1,0.99851237,Male,White
4591,0,0.04139386,Female,Black
4592,1,0.54666207,Male,White
4593,1,0.157706,Male,White
4594,0,0.30434155,Male,White
4595,0,0.04848259,Male,Asian-Pac-Islander
4596,0,0.02718972,Female,White
4597,0,0.02561185,Female,White
4598,0,0.01651301,Female,White
4599,0,0.01917114,Female,White
4600,0,0.00807949,Male,Other
4601,1,0.36404007,Male,White
4602,0,0.00204339,Male,White
4603,1,0.93785023,Male,White
4604,0,0.11373686,Female,White
4605,1,0.30856384,Male,White
4606,0,0.61586871,Male,White
4607,0,0.00201414,Female,Black
4608,0,0.01349453,Male,Asian-Pac-Islander
4609,0,0.02590875,Male,White
4610,0,0.01616351,Male,Black
4611,1,0.4055564,Male,Black
4612,0,0.05376896,Male,White
4613,0,0.0088315,Female,White
4614,0,0.54368169,Male,White
4615,0,0.40454938,Male,White
4616,1,1.0,Male,White
4617,0,0.07962007,Female,White
4618,0,0.04975549,Female,Black
4619,0,0.00216213,Female,White
4620,0,0.01271916,Male,White
4621,0,0.22588221,Male,White
4622,0,0.00073648,Female,White
4623,1,0.63502658,Male,White
4624,0,0.1820744,Male,White
4625,0,0.00030648,Female,White
4626,0,0.00327257,Male,White
4627,1,0.69198711,Male,White
4628,0,0.01503945,Male,Black
4629,0,0.24965358,Male,White
4630,0,0.00045716,Male,White
4631,1,0.77734697,Male,White
4632,0,0.08248482,Female,White
4633,0,0.19923035,Male,White
4634,0,0.54742066,Male,White
4635,0,0.11857025,Female,White
4636,0,0.21676776,Female,White
4637,0,0.01792713,Male,White
4638,1,0.99639431,Male,White
4639,0,0.02378048,Female,White
4640,0,0.00176117,Female,White
4641,0,0.28513435,Female,White
4642,0,0.01510182,Female,White
4643,1,0.22013608,Male,White
4644,0,0.00308826,Female,Other
4645,0,0.00791192,Male,White
4646,0,0.00198254,Female,Black
4647,0,0.00757291,Male,White
4648,0,0.02428074,Male,Asian-Pac-Islander
4649,1,0.84917791,Male,White
4650,1,0.58846709,Male,White
4651,0,0.04209873,Male,White
4652,1,0.04662647,Female,White
4653,0,0.06583788,Female,White
4654,1,0.49759288,Male,White
4655,0,0.00128599,Female,White
4656,0,0.03787129,Male,White
4657,1,0.83771275,Male,White
4658,0,0.02136179,Female,Amer-Indian-Eskimo
4659,0,0.76404952,Male,White
4660,1,0.13946164,Female,Black
4661,0,0.00670114,Male,White
4662,0,0.0007651,Male,White
4663,0,0.01359701,Female,Asian-Pac-Islander
4664,0,0.00754509,Female,White
4665,0,0.12895007,Male,White
4666,0,0.01575828,Female,White
4667,0,0.05274328,Male,White
4668,0,0.03902455,Male,White
4669,0,0.00311855,Male,White
4670,0,0.257303,Male,White
4671,1,0.93683594,Male,White
4672,1,0.99459658,Male,White
4673,1,0.33352534,Female,White
4674,0,0.00641688,Male,Other
4675,0,0.27651422,Male,White
4676,1,0.26068913,Male,White
4677,0,0.04792215,Male,White
4678,0,0.13010107,Male,White
4679,0,0.29631738,Male,White
4680,1,0.60281149,Male,White
4681,0,0.04138929,Female,White
4682,0,0.00201951,Female,White
4683,0,0.31191563,Male,Black
4684,0,0.20888896,Male,White
4685,0,0.02018312,Female,White
4686,0,0.03489473,Female,White
4687,0,0.49917804,Female,White
4688,0,0.00456243,Female,Black
4689,0,0.36226054,Male,White
4690,0,0.13132756,Male,White
4691,0,0.11414824,Male,White
4692,0,0.08974761,Male,White
4693,0,0.3668782,Male,White
4694,0,0.08779064,Male,White
4695,0,0.1008152,Male,White
4696,0,0.01137853,Female,Black
4697,1,0.10967611,Female,Asian-Pac-Islander
4698,1,0.98398083,Female,Asian-Pac-Islander
4699,1,0.4584837,Female,White
4700,0,0.01840893,Male,White
4701,0,0.04980023,Male,White
4702,1,1.0,Male,Asian-Pac-Islander
4703,0,0.09580451,Male,White
4704,0,0.10824097,Male,White
4705,0,0.00655757,Female,White
4706,0,0.00160553,Male,White
4707,0,0.48532983,Male,White
4708,0,0.00567619,Male,White
4709,0,0.12307614,Female,White
4710,0,0.51123916,Male,White
4711,0,0.01231519,Female,White
4712,0,0.06971753,Male,Black
4713,0,0.01565002,Male,Asian-Pac-Islander
4714,1,0.30728774,Male,White
4715,1,0.70010511,Male,White
4716,0,0.14171134,Male,White
4717,1,0.62269626,Male,Asian-Pac-Islander
4718,0,0.04224607,Male,White
4719,0,0.02952071,Female,White
4720,1,0.27931599,Male,Amer-Indian-Eskimo
4721,0,0.03591603,Male,White
4722,0,0.00336073,Female,White
4723,0,0.05200484,Female,White
4724,0,0.00162945,Male,Asian-Pac-Islander
4725,0,0.39966769,Male,White
4726,0,0.50628521,Male,White
4727,0,0.00445982,Male,White
4728,0,0.0024028,Female,White
4729,0,0.01861461,Female,White
4730,0,0.00918948,Male,Black
4731,1,0.97116543,Male,White
4732,0,0.00757128,Male,White
4733,0,0.53834931,Female,White
4734,0,0.02205159,Female,White
4735,0,0.00796018,Female,White
4736,0,0.00527634,Male,White
4737,0,0.60354402,Male,White
4738,0,0.0830477,Female,White
4739,0,0.04081967,Female,White
4740,1,0.11144984,Female,White
4741,0,0.18403845,Male,Amer-Indian-Eskimo
4742,0,0.04348154,Male,White
4743,0,0.00268319,Male,White
4744,0,0.04647458,Male,White
4745,0,0.00118472,Female,White
4746,0,0.00146573,Male,White
4747,0,0.33784174,Female,Black
4748,1,0.55201932,Male,White
4749,0,0.01991391,Female,White
4750,0,0.02411091,Female,White
4751,0,0.00113407,Female,Black
4752,0,0.01348759,Female,White
4753,0,0.01086136,Female,Black
4754,0,0.00082668,Male,White
4755,0,0.09180186,Male,White
4756,0,0.33399772,Male,White
4757,0,0.03302198,Female,White
4758,0,0.11671102,Female,White
4759,0,0.0409155,Male,White
4760,0,0.1671787,Male,White
4761,0,0.00772209,Female,Black
4762,0,0.00534451,Male,White
4763,0,0.00981483,Male,White
4764,0,0.10498123,Male,Black
4765,0,0.03514528,Female,White
4766,0,0.0389412,Female,White
4767,1,0.92780795,Male,White
4768,0,0.17070051,Female,White
4769,0,0.0162634,Male,Black
4770,0,0.04774239,Female,White
4771,0,0.03504145,Female,White
4772,0,0.0144066,Male,White
4773,1,0.70626281,Male,White
4774,1,0.79383835,Male,White
4775,0,0.01596058,Male,White
4776,0,0.21106133,Male,White
4777,0,0.01325839,Male,White
4778,0,0.0041129,Female,White
4779,1,0.64974775,Male,White
4780,0,0.42939117,Male,White
4781,0,0.02303439,Female,White
4782,1,0.49452856,Male,Asian-Pac-Islander
4783,1,1.0,Male,Asian-Pac-Islander
4784,0,0.27522312,Male,White
4785,1,0.83560128,Male,White
4786,0,0.84806681,Male,White
4787,0,0.16318812,Male,White
4788,1,0.49141735,Male,White
4789,0,0.00061366,Female,White
4790,0,0.10844493,Female,White
4791,0,0.12980551,Female,Black
4792,1,0.34218403,Male,White
4793,0,0.59197194,Male,White
4794,0,0.05048019,Female,White
4795,0,0.00070888,Female,White
4796,0,0.00310034,Female,White
4797,0,0.00368925,Female,White
4798,0,0.14026343,Male,White
4799,0,0.01382535,Female,White
4800,0,0.05685803,Female,White
4801,0,0.2308596,Female,White
4802,0,0.01050147,Male,Black
4803,0,0.44646974,Male,Asian-Pac-Islander
4804,0,0.00068586,Female,White
4805,1,0.25075509,Male,White
4806,1,0.50231641,Male,White
4807,0,0.08167229,Male,White
4808,0,0.00220789,Female,Black
4809,0,0.0413504,Male,Black
4810,1,0.34518298,Male,White
4811,0,0.04205785,Female,White
4812,0,0.00084226,Female,White
4813,0,0.43210183,Male,White
4814,0,0.31864532,Female,White
4815,0,0.69643232,Male,White
4816,1,0.0442347,Female,White
4817,0,0.0856809,Male,White
4818,0,0.12890041,Female,White
4819,0,0.01710765,Female,White
4820,0,0.15917894,Female,White
4821,0,0.38669359,Male,White
4822,0,0.00775719,Female,White
4823,0,0.0078848,Male,White
4824,0,0.00109191,Female,Amer-Indian-Eskimo
4825,0,0.02491879,Female,White
4826,0,0.03489883,Female,White
4827,0,0.08684604,Male,White
4828,0,0.00974004,Female,White
4829,0,0.04695833,Male,White
4830,1,0.30381122,Female,White
4831,0,0.00584135,Male,Other
4832,0,0.63444896,Male,White
4833,0,0.01713738,Female,White
4834,1,0.3031271,Male,Asian-Pac-Islander
4835,1,0.54282083,Male,White
4836,0,0.00158547,Female,White
4837,0,0.07085182,Male,White
4838,0,0.00037297,Female,White
4839,1,0.04962157,Female,White
4840,1,0.97801184,Male,Black
4841,0,0.00048344,Male,White
4842,0,0.41192378,Male,White
4843,1,0.19733891,Male,White
4844,0,0.00204354,Female,White
4845,1,0.6858721,Male,White
4846,0,0.35093948,Male,White
4847,0,0.00306714,Male,White
4848,0,0.05136478,Male,Black
4849,1,0.55919209,Male,White
4850,1,0.51919168,Female,White
4851,0,0.52250722,Male,White
4852,0,0.18344393,Female,White
4853,0,0.1870548,Female,White
4854,0,0.5456614,Male,White
4855,1,0.5577934,Male,Asian-Pac-Islander
4856,1,0.83408981,Male,White
4857,0,0.33422663,Female,White
4858,1,0.59949638,Female,White
4859,0,0.00208437,Female,White
4860,0,0.85499308,Male,White
4861,0,0.04494574,Male,White
4862,0,0.00960075,Female,White
4863,0,0.01407821,Male,White
4864,1,0.98593495,Male,Black
4865,0,0.06407767,Female,White
4866,0,0.00072182,Female,White
4867,1,0.58270239,Male,White
4868,0,0.00200021,Female,White
4869,1,0.81474083,Male,White
4870,1,0.51614845,Male,White
4871,0,0.00596563,Male,White
4872,0,0.03027799,Female,White
4873,1,0.27375836,Male,White
4874,1,0.19294548,Female,White
4875,0,0.00764928,Male,White
4876,0,0.25235,Male,White
4877,0,0.00732763,Female,White
4878,0,0.27726264,Male,White
4879,0,0.01576936,Female,White
4880,0,0.04607901,Male,White
4881,0,0.60279185,Male,White
4882,1,0.47812614,Male,White
4883,0,0.5870101,Male,White
4884,1,0.67667308,Male,White
4885,1,0.22500973,Male,White
4886,0,0.00271703,Male,White
4887,0,0.0469956,Female,White
4888,0,0.1381217,Male,Black
4889,0,0.18336392,Female,White
4890,0,0.01049465,Male,Black
4891,0,0.00079977,Female,White
4892,1,0.56037303,Male,White
4893,1,0.46379981,Male,White
4894,1,0.52330924,Male,Amer-Indian-Eskimo
4895,0,0.09941905,Male,White
4896,0,0.21916918,Female,Black
4897,0,0.022848,Female,White
4898,0,0.00307319,Female,Black
4899,0,0.02467012,Female,White
4900,1,0.70889409,Female,White
4901,1,0.43865161,Male,White
4902,1,0.15640617,Female,White
4903,0,0.00294295,Male,White
4904,0,0.02547349,Female,White
4905,0,0.28003292,Male,White
4906,0,0.01099837,Male,Black
4907,0,0.20726828,Male,White
4908,0,0.02919948,Female,White
4909,1,0.65678497,Male,White
4910,0,0.00139707,Male,Black
4911,0,0.00476132,Female,Black
4912,0,0.00325075,Female,White
4913,0,0.07864331,Male,Black
4914,0,0.02637796,Female,White
4915,0,0.28948013,Male,White
4916,0,0.00775381,Female,Black
4917,0,0.74902155,Female,White
4918,0,0.00925335,Male,White
4919,1,0.70475979,Female,White
4920,1,0.84058819,Male,White
4921,0,0.67109678,Male,White
4922,1,0.31745158,Male,White
4923,0,0.17463156,Male,White
4924,0,0.09650232,Male,White
4925,0,0.0438974,Male,White
4926,0,0.01146597,Female,Black
4927,1,0.99667135,Male,White
4928,0,0.02313897,Female,White
4929,1,0.79967374,Male,White
4930,0,0.00257062,Female,White
4931,0,0.00322884,Female,Asian-Pac-Islander
4932,0,0.00023494,Female,White
4933,1,0.79264134,Male,White
4934,0,0.20549149,Male,White
4935,0,0.00494867,Female,White
4936,0,0.00451043,Male,White
4937,0,0.02969029,Female,White
4938,1,0.30496921,Male,White
4939,1,0.43509161,Male,White
4940,0,0.28118764,Male,Black
4941,0,0.02036826,Female,Black
4942,0,0.03719357,Female,White
4943,1,0.70031061,Male,White
4944,1,0.10180958,Female,White
4945,1,0.32049129,Male,White
4946,0,0.08075348,Male,White
4947,0,0.00152556,Female,White
4948,0,0.00677496,Male,Black
4949,1,0.83912334,Male,White
4950,0,0.11359369,Male,White
4951,1,0.58563182,Female,White
4952,0,0.27240718,Male,White
4953,1,0.36494639,Male,White
4954,0,0.02067385,Male,White
4955,0,0.01764778,Male,White
4956,1,0.44667592,Male,White
4957,0,0.00536887,Female,White
4958,0,0.00903288,Female,White
4959,0,0.55705302,Male,White
4960,0,0.20635761,Male,White
4961,0,0.12276319,Male,White
4962,0,0.00094984,Female,Asian-Pac-Islander
4963,0,0.1548593,Male,White
4964,0,0.12068586,Male,White
4965,0,0.06287247,Male,White
4966,0,0.14743036,Male,Black
4967,0,0.06693716,Male,White
4968,0,0.01516676,Female,White
4969,0,0.40686371,Male,White
4970,0,0.02313492,Male,White
4971,0,0.00359122,Male,White
4972,0,0.05660885,Male,White
4973,0,0.01291404,Male,White
4974,1,0.87270379,Female,White
4975,0,0.0139494,Male,White
4976,0,0.01358907,Female,White
4977,0,0.01768716,Male,White
4978,0,0.01554345,Female,White
4979,0,0.26887555,Male,White
4980,1,0.74547717,Male,White
4981,1,0.67343508,Male,White
4982,0,0.00034591,Female,White
4983,0,0.00999352,Female,White
4984,0,0.01244041,Male,White
4985,0,0.00618158,Female,White
4986,0,0.14706853,Male,White
4987,0,0.07899049,Female,White
4988,0,0.00594798,Male,White
4989,1,0.49637208,Male,White
4990,0,0.00473674,Female,White
4991,0,0.38335897,Male,White
4992,1,0.01368373,Female,White
4993,0,0.00446846,Male,White
4994,0,0.02265872,Male,White
4995,1,0.96627825,Male,White
4996,0,0.09431625,Female,White
4997,0,0.39012532,Male,Black
4998,0,0.07719782,Female,White
4999,1,0.47429464,Male,White
5000,1,0.56912689,Male,White
5001,1,0.83648255,Male,White
5002,0,0.0219379,Female,White
5003,1,0.64051362,Female,White
5004,1,0.49226312,Female,White
5005,0,0.00119714,Female,White
5006,0,0.07700265,Male,White
5007,0,0.0288503,Male,White
5008,1,0.99880799,Male,White
5009,0,0.48679262,Female,White
5010,1,0.93056771,Male,White
5011,0,0.31353477,Male,White
5012,0,0.05897578,Male,White
5013,0,0.01171939,Male,Black
5014,1,1.0,Male,White
5015,0,0.21365825,Male,Black
5016,0,0.00170527,Male,White
5017,1,0.50262914,Male,White
5018,0,0.0378136,Male,White
5019,0,0.06131489,Male,White
5020,0,0.08012591,Female,White
5021,0,0.02126146,Female,White
5022,0,0.32699845,Male,White
5023,0,0.0089934,Female,White
5024,0,0.04318255,Male,White
5025,1,0.75981937,Male,White
5026,0,0.08444496,Female,White
5027,1,0.19172421,Male,Amer-Indian-Eskimo
5028,1,0.85694514,Male,White
5029,0,0.00538065,Female,White
5030,0,0.0686212,Female,White
5031,0,0.19541089,Male,White
5032,0,0.07773321,Male,White
5033,0,0.31769931,Male,White
5034,0,0.09373582,Male,White
5035,0,0.30229193,Male,White
5036,0,0.10511719,Male,White
5037,0,0.00586585,Male,White
5038,1,0.05607803,Male,Black
5039,0,0.19111106,Male,White
5040,0,0.02717893,Female,Asian-Pac-Islander
5041,0,0.09606796,Male,White
5042,1,1.0,Male,White
5043,1,0.43536031,Male,White
5044,0,0.00522054,Male,White
5045,0,0.00943688,Male,White
5046,1,0.03058151,Female,White
5047,0,0.00236132,Male,Black
5048,0,0.03007377,Female,White
5049,0,0.007868,Male,White
5050,0,0.01283582,Male,White
5051,0,0.01894262,Female,White
5052,1,0.55902852,Female,White
5053,0,0.00207571,Female,Asian-Pac-Islander
5054,0,0.03424224,Female,White
5055,0,0.78222214,Male,White
5056,0,0.80964123,Male,White
5057,0,0.00292445,Female,White
5058,1,0.55660273,Male,White
5059,1,0.38466105,Male,White
5060,0,0.06087476,Male,Asian-Pac-Islander
5061,1,0.75451484,Male,White
5062,0,0.00160468,Female,White
5063,0,0.2531286,Male,Asian-Pac-Islander
5064,0,0.03404405,Female,Black
5065,0,0.37519805,Male,White
5066,0,0.00780329,Male,White
5067,0,0.21071843,Male,White
5068,0,0.00173372,Female,Amer-Indian-Eskimo
5069,1,0.7421594,Male,Black
5070,0,0.46824312,Male,White
5071,0,0.79729435,Male,White
5072,0,0.24003194,Male,White
5073,0,0.00323889,Male,Other
5074,0,0.04957771,Female,White
5075,0,0.1603574,Male,White
5076,0,0.00373199,Male,Amer-Indian-Eskimo
5077,1,0.54687712,Male,White
5078,0,0.0438213,Male,White
5079,0,0.09620629,Male,White
5080,0,0.05156269,Male,Asian-Pac-Islander
5081,1,0.04381939,Male,White
5082,1,0.6413327,Male,White
5083,1,0.63497428,Male,White
5084,1,0.34441043,Male,White
5085,0,0.00192211,Female,White
5086,0,0.03310878,Male,White
5087,0,0.00215632,Female,White
5088,0,0.01018847,Male,White
5089,0,0.15003791,Male,White
5090,1,0.91855013,Male,White
5091,0,0.67804163,Male,White
5092,0,0.02414635,Male,White
5093,0,0.06531024,Male,White
5094,1,0.61694098,Male,White
5095,1,0.9994231,Male,White
5096,0,0.58455568,Male,White
5097,0,0.02958785,Female,White
5098,0,0.414693,Male,Black
5099,0,0.0262963,Male,White
5100,0,0.27168114,Male,White
5101,0,0.01255871,Male,White
5102,0,0.02894444,Male,White
5103,0,0.02994273,Female,Black
5104,0,0.01469309,Female,White
5105,0,0.00188169,Female,White
5106,0,0.02428287,Female,White
5107,0,0.00341035,Male,White
5108,0,0.15858424,Male,White
5109,0,0.01164364,Male,White
5110,1,0.47091401,Male,White
5111,0,0.0015283,Female,White
5112,0,0.25522543,Male,White
5113,0,0.00630263,Male,White
5114,0,0.04860807,Male,White
5115,1,0.37206858,Male,White
5116,0,0.09452433,Male,White
5117,0,0.17430855,Male,White
5118,0,0.01284264,Male,White
5119,1,0.64266164,Female,White
5120,0,0.03797609,Female,White
5121,0,0.07117168,Male,White
5122,0,0.01428667,Female,White
5123,0,0.00072876,Female,Amer-Indian-Eskimo
5124,1,0.53596057,Male,White
5125,0,0.35442421,Male,White
5126,0,0.23220441,Male,White
5127,0,0.33647005,Male,White
5128,0,0.21636384,Male,White
5129,0,0.77970646,Male,White
5130,0,0.72178901,Male,White
5131,0,0.74095662,Male,White
5132,0,0.11670291,Female,White
5133,0,0.52492631,Female,White
5134,1,0.71183168,Male,White
5135,0,0.04785726,Female,White
5136,0,0.05893981,Male,White
5137,0,0.03529993,Female,White
5138,1,0.70464336,Male,White
5139,0,0.19102481,Male,White
5140,1,0.68307765,Male,White
5141,0,0.24630681,Male,White
5142,1,0.88369261,Male,White
5143,1,0.67734971,Male,White
5144,1,0.54544099,Male,White
5145,0,0.06618746,Male,White
5146,0,0.01029696,Female,Black
5147,0,0.39867243,Male,White
5148,0,0.15214034,Male,Black
5149,1,0.67510107,Male,White
5150,0,0.02167968,Male,White
5151,1,0.31062295,Male,White
5152,0,0.5964322,Female,Black
5153,0,0.27653735,Male,Black
5154,0,0.02581161,Female,White
5155,1,0.61352217,Male,Black
5156,0,0.00294888,Male,White
5157,0,0.00106543,Female,White
5158,1,0.52278793,Male,White
5159,0,0.00416947,Male,White
5160,0,0.02116497,Female,Black
5161,1,0.87452105,Male,White
5162,0,0.0333374,Female,White
5163,1,0.34453624,Male,White
5164,0,0.30233048,Male,White
5165,0,0.0101367,Female,White
5166,1,0.27910042,Male,Asian-Pac-Islander
5167,0,0.02391234,Female,White
5168,0,0.3766879,Male,White
5169,0,0.01139945,Female,White
5170,0,0.01876314,Male,White
5171,0,0.02196092,Male,Black
5172,0,0.17374481,Male,Black
5173,0,0.64413625,Male,White
5174,0,0.01319507,Male,White
5175,0,0.00242268,Male,White
5176,1,0.58418729,Male,Asian-Pac-Islander
5177,0,0.82264769,Male,White
5178,0,0.00133917,Male,White
5179,1,0.16334919,Female,White
5180,0,0.00508935,Female,White
5181,0,0.0917414,Male,Black
5182,1,0.69418824,Male,White
5183,0,0.03870489,Male,White
5184,0,0.04145638,Female,White
5185,1,0.11726624,Male,White
5186,0,0.41728622,Male,White
5187,0,0.02351364,Male,White
5188,1,0.62069112,Male,White
5189,0,0.08282808,Female,Black
5190,0,0.50863999,Male,White
5191,1,0.79412034,Male,White
5192,1,0.43711025,Male,White
5193,0,0.00549889,Male,White
5194,1,0.28772232,Female,White
5195,0,0.00852264,Male,White
5196,0,0.01239956,Female,White
5197,1,0.09959541,Male,White
5198,0,0.01524043,Female,White
5199,0,0.01527185,Female,White
5200,1,0.88004276,Male,White
5201,0,0.0830493,Female,White
5202,1,0.4315451,Male,White
5203,0,0.00440488,Male,White
5204,0,0.05957889,Female,White
5205,0,0.09207591,Female,White
5206,1,0.94386857,Male,White
5207,1,0.06759662,Male,White
5208,1,0.99831654,Male,White
5209,0,0.00904581,Female,White
5210,0,0.26760269,Male,White
5211,0,0.01382594,Female,White
5212,1,0.87223254,Male,White
5213,0,0.02676494,Female,Amer-Indian-Eskimo
5214,0,0.62649159,Male,White
5215,1,0.39181656,Male,White
5216,0,0.37236135,Female,White
5217,0,0.01232175,Male,White
5218,0,0.90982764,Male,White
5219,0,0.15069223,Male,White
5220,0,0.1178448,Male,White
5221,0,0.23158516,Male,White
5222,0,0.31078382,Male,White
5223,0,0.02751616,Female,White
5224,1,1.0,Male,White
5225,0,0.36553809,Male,White
5226,1,0.66274386,Male,White
5227,1,0.63309535,Male,White
5228,0,0.17672733,Male,White
5229,1,0.58124645,Male,White
5230,0,0.2718951,Female,White
5231,0,0.55252292,Male,White
5232,1,0.23865712,Male,White
5233,0,0.16686721,Male,Black
5234,0,0.16563986,Female,White
5235,0,0.29566186,Male,White
5236,1,0.42149602,Male,White
5237,0,0.29366689,Male,White
5238,1,0.58773103,Male,White
5239,0,0.01632693,Male,Other
5240,1,0.97155878,Male,White
5241,0,0.52493502,Male,White
5242,0,0.02553046,Male,White
5243,1,0.86493191,Male,White
5244,0,0.01427249,Male,White
5245,0,0.47162166,Male,White
5246,0,0.20047228,Female,White
5247,0,0.16668794,Male,White
5248,1,0.56849831,Male,White
5249,1,0.68043537,Male,White
5250,0,0.023251,Female,White
5251,1,0.99862336,Male,White
5252,0,0.13657603,Male,Asian-Pac-Islander
5253,0,0.25982902,Male,White
5254,0,0.00725322,Female,White
5255,0,0.0988467,Male,White
5256,0,0.14102318,Male,White
5257,0,0.00148371,Male,Black
5258,1,0.08685042,Male,White
5259,1,0.39731488,Male,White
5260,1,0.1405313,Female,Black
5261,0,0.22809158,Male,White
5262,0,0.00527519,Female,White
5263,0,0.32951419,Female,White
5264,0,0.00704588,Female,Black
5265,1,0.78198156,Female,White
5266,1,0.78270623,Male,Black
5267,1,0.80580557,Male,White
5268,1,0.49637292,Male,White
5269,1,0.9732993,Male,White
5270,0,0.00198586,Female,White
5271,0,0.07618045,Female,White
5272,1,0.82730323,Male,White
5273,0,0.01326884,Male,White
5274,0,0.0029686,Male,White
5275,0,0.11927468,Male,White
5276,0,0.00195582,Female,Black
5277,0,0.19510888,Male,White
5278,0,0.02224545,Female,White
5279,0,0.00827374,Male,White
5280,0,0.93484566,Male,Black
5281,0,0.64582653,Female,White
5282,1,0.26021319,Female,White
5283,0,0.07765366,Female,White
5284,0,0.02385043,Male,White
5285,0,0.17322624,Male,White
5286,0,0.08183543,Male,White
5287,0,0.00478738,Female,White
5288,1,0.36226054,Male,White
5289,0,0.06263195,Male,White
5290,0,0.2952466,Female,White
5291,0,0.01148202,Female,White
5292,0,0.00026818,Female,White
5293,0,0.00262493,Female,White
5294,0,0.19577102,Male,White
5295,0,0.37436687,Female,White
5296,1,0.77115757,Male,White
5297,0,0.00442401,Female,White
5298,0,0.40352563,Male,White
5299,0,0.46401204,Male,White
5300,0,0.11556135,Female,White
5301,0,0.097414,Female,White
5302,0,0.03063266,Female,White
5303,0,0.05437017,Female,White
5304,0,0.0056798,Male,White
5305,0,0.03291222,Male,White
5306,0,0.01002905,Female,Black
5307,0,0.02022185,Male,White
5308,1,0.64588568,Male,White
5309,0,0.2549115,Male,Black
5310,0,0.00865327,Female,Black
5311,0,0.03291351,Female,Black
5312,1,0.78073127,Male,White
5313,0,0.03307137,Male,White
5314,0,0.19338355,Male,White
5315,0,0.11146981,Male,Black
5316,1,0.48361207,Male,White
5317,1,0.13780317,Male,White
5318,0,0.0033369,Female,White
5319,1,0.3263557,Male,White
5320,1,0.17497201,Male,White
5321,0,0.0258871,Male,White
5322,0,0.08552011,Male,White
5323,1,0.51668774,Male,White
5324,0,0.00066899,Female,White
5325,0,0.00220277,Female,White
5326,1,0.89934002,Male,White
5327,0,0.01413777,Male,White
5328,0,0.00904585,Female,White
5329,1,0.75208616,Male,White
5330,0,0.00328125,Female,White
5331,0,0.05154158,Male,White
5332,0,0.00091295,Female,White
5333,0,0.41871662,Male,White
5334,0,0.01071996,Female,White
5335,0,0.0035473,Male,White
5336,0,0.00899846,Female,White
5337,0,0.05529506,Female,White
5338,0,0.075665,Male,White
5339,0,0.00083066,Female,White
5340,0,0.00413854,Male,White
5341,0,0.07055733,Female,White
5342,0,0.00892043,Female,White
5343,0,0.00184799,Female,White
5344,1,0.9953092,Male,White
5345,0,0.03007935,Male,Other
5346,0,0.02918982,Female,White
5347,0,0.24364284,Male,White
5348,0,0.07597207,Female,White
5349,0,0.00721655,Male,White
5350,0,0.024542,Male,White
5351,0,0.00029053,Female,White
5352,0,0.00542088,Female,White
5353,0,0.00446927,Female,White
5354,0,0.00091708,Male,White
5355,0,0.01867815,Female,White
5356,0,0.00283868,Female,White
5357,1,0.58751576,Male,White
5358,0,0.01777248,Female,White
5359,1,0.81757671,Male,White
5360,0,0.00764068,Male,White
5361,0,0.01008335,Male,White
5362,0,0.000745,Female,White
5363,0,0.28404287,Male,White
5364,1,0.34902711,Male,White
5365,0,0.00956353,Male,Black
5366,1,0.07645692,Male,White
5367,1,0.6802888,Male,White
5368,1,0.05784105,Female,White
5369,0,0.03241575,Female,Black
5370,0,0.49729921,Male,White
5371,0,0.03347761,Male,Other
5372,0,0.00396806,Male,White
5373,0,0.08809019,Male,White
5374,0,0.17958103,Male,White
5375,1,0.22214804,Male,White
5376,1,0.50762554,Male,Black
5377,0,0.01496416,Male,Black
5378,1,0.64219682,Female,White
5379,0,0.0896269,Male,Other
5380,0,0.29644546,Male,White
5381,0,0.02274732,Male,White
5382,0,0.31646136,Male,White
5383,0,0.00331955,Female,White
5384,0,0.00467374,Male,White
5385,0,0.19963783,Male,White
5386,0,0.37522541,Male,White
5387,0,0.01294514,Male,Black
5388,0,0.09109911,Male,White
5389,0,0.00420604,Female,White
5390,0,0.22907503,Male,White
5391,0,0.58586034,Female,Black
5392,0,0.00260046,Male,White
5393,1,0.93715721,Male,White
5394,0,0.05124137,Male,White
5395,0,0.00226789,Female,White
5396,0,0.06739888,Female,Black
5397,0,0.12360595,Female,Black
5398,0,0.02830465,Female,White
5399,0,0.09363227,Male,White
5400,0,0.25596029,Male,White
5401,1,0.15482052,Male,White
5402,0,0.24642803,Male,White
5403,0,0.73560498,Male,White
5404,0,0.28980414,Male,White
5405,1,0.35910148,Female,White
5406,0,0.00265607,Female,White
5407,0,0.75808356,Male,White
5408,0,0.01103296,Female,White
5409,0,0.02515538,Male,White
5410,0,0.30137028,Male,White
5411,0,0.002229,Female,White
5412,0,0.38438491,Male,White
5413,0,0.0204088,Male,White
5414,0,0.41413584,Male,White
5415,0,0.02255742,Female,White
5416,0,0.00411412,Female,White
5417,0,0.00085615,Female,White
5418,1,0.96720467,Male,Black
5419,0,0.07342492,Female,White
5420,0,0.04450341,Male,White
5421,1,0.73828626,Female,White
5422,1,0.99674482,Male,White
5423,1,0.88869785,Male,White
5424,0,0.61551893,Male,White
5425,0,0.02145099,Male,White
5426,0,0.01132374,Female,White
5427,1,0.25091636,Male,White
5428,1,0.16265426,Male,Black
5429,0,0.20909143,Male,White
5430,1,0.62323596,Male,White
5431,1,0.74634918,Male,White
5432,0,0.12348179,Male,White
5433,0,0.58303506,Female,White
5434,0,0.01409888,Female,White
5435,0,0.00645028,Female,Black
5436,1,0.87049285,Male,White
5437,1,0.95770599,Male,White
5438,1,0.39721015,Male,White
5439,0,0.00115263,Female,White
5440,0,0.02807917,Male,Asian-Pac-Islander
5441,0,0.07247688,Female,White
5442,1,0.38869344,Male,White
5443,0,0.107881,Male,White
5444,0,0.16282143,Female,White
5445,0,0.02602472,Female,Black
5446,0,0.16946399,Male,White
5447,0,0.26611388,Male,White
5448,1,0.29627074,Male,White
5449,0,0.31001807,Male,White
5450,1,0.66516142,Male,White
5451,0,0.04655452,Male,White
5452,0,0.01094212,Male,White
5453,0,0.00243221,Female,White
5454,0,0.48696246,Male,White
5455,0,0.13067692,Male,White
5456,0,0.05281424,Male,Black
5457,1,0.78196416,Male,White
5458,0,0.1037846,Female,White
5459,0,0.20117231,Male,White
5460,0,0.01578905,Male,White
5461,0,0.43091814,Male,White
5462,0,0.00269124,Male,Black
5463,0,0.03054036,Male,White
5464,1,0.99999994,Female,White
5465,0,0.1694732,Male,White
5466,0,0.00156938,Male,White
5467,0,0.00206729,Female,White
5468,1,0.77061407,Male,Black
5469,0,0.4609949,Male,White
5470,0,0.29289965,Male,White
5471,0,0.01449805,Female,White
5472,1,0.99999999,Male,White
5473,1,0.07018437,Male,White
5474,0,0.00441486,Female,White
5475,1,0.25306342,Female,White
5476,0,0.14967634,Male,White
5477,0,0.00605491,Female,White
5478,1,0.83527801,Male,White
5479,0,0.00179808,Male,White
5480,1,0.16773709,Female,Amer-Indian-Eskimo
5481,0,0.15341882,Male,White
5482,0,0.00917473,Female,White
5483,0,0.00132914,Male,White
5484,0,0.0112595,Male,White
5485,0,0.00149502,Female,White
5486,1,0.99911136,Male,White
5487,0,0.00093176,Female,White
5488,0,0.30624132,Female,White
5489,0,0.22678193,Male,White
5490,0,0.2061174,Male,White
5491,0,0.04374394,Male,White
5492,0,0.04321753,Male,White
5493,0,0.05082202,Male,White
5494,1,0.9086728,Male,White
5495,1,0.82908452,Male,White
5496,0,0.52213751,Male,White
5497,0,0.0704078,Female,White
5498,0,0.44375256,Male,White
5499,0,0.59106845,Male,Asian-Pac-Islander
5500,1,0.50481252,Male,Black
5501,0,0.12569941,Male,White
5502,0,0.29189826,Male,White
5503,0,0.03736407,Male,Black
5504,1,0.32523649,Male,White
5505,0,0.00453598,Male,White
5506,0,0.04122098,Male,Black
5507,1,0.71097928,Male,Asian-Pac-Islander
5508,0,0.00364432,Female,White
5509,0,0.06805288,Male,White
5510,0,0.00687797,Female,White
5511,1,0.60860966,Male,White
5512,0,0.02288846,Female,Black
5513,0,0.02179161,Male,Black
5514,0,0.57153988,Male,White
5515,1,0.22195058,Male,White
5516,0,0.07885927,Male,White
5517,0,0.04987414,Male,White
5518,1,0.03244762,Male,White
5519,0,0.0097218,Female,White
5520,0,0.0019226,Female,White
5521,0,0.00110787,Female,White
5522,0,0.39099251,Male,White
5523,1,0.66913081,Male,White
5524,0,0.57000798,Male,White
5525,1,0.55115116,Male,White
5526,0,0.32101964,Male,White
5527,0,0.69151688,Male,White
5528,0,0.00558265,Female,White
5529,1,0.03771861,Male,White
5530,0,0.0262408,Male,Black
5531,0,0.017938,Female,White
5532,1,0.29142909,Male,White
5533,0,0.00759481,Female,White
5534,0,0.0087237,Male,White
5535,1,0.77438155,Male,White
5536,1,0.50430857,Female,White
5537,0,0.05330879,Male,Black
5538,0,0.03777457,Male,White
5539,0,0.00194881,Female,White
5540,1,0.95172542,Male,Asian-Pac-Islander
5541,0,0.41029897,Male,White
5542,0,0.04734874,Male,White
5543,0,0.51424425,Male,White
5544,0,0.01113222,Male,White
5545,1,0.28248455,Female,White
5546,0,0.22338541,Male,White
5547,0,0.01206841,Female,White
5548,0,0.5830976,Male,White
5549,0,0.06527953,Female,White
5550,0,0.03803327,Male,White
5551,1,0.74724306,Female,White
5552,0,0.01070032,Female,White
5553,0,0.36591178,Male,White
5554,0,0.00923689,Female,White
5555,0,0.00863751,Female,White
5556,0,0.29881591,Male,White
5557,0,0.00151132,Female,White
5558,1,0.15039439,Male,White
5559,0,0.00292851,Female,White
5560,0,0.00573649,Male,White
5561,1,0.32922844,Male,White
5562,0,0.30903946,Male,White
5563,0,0.09483671,Female,White
5564,0,0.09857577,Male,White
5565,0,0.00775698,Female,White
5566,0,0.05364283,Male,White
5567,0,0.02140068,Female,White
5568,0,0.32914649,Female,White
5569,1,0.23208635,Male,White
5570,1,0.89190346,Male,White
5571,0,0.06022823,Male,White
5572,0,0.09027559,Female,White
5573,0,0.12241573,Male,White
5574,0,0.12768633,Male,White
5575,0,0.12120678,Male,White
5576,0,0.00834445,Female,White
5577,0,0.08116584,Female,White
5578,0,0.04087026,Male,White
5579,0,0.00474314,Female,White
5580,0,0.02761698,Female,Black
5581,0,0.04751732,Male,White
5582,0,0.23397074,Male,White
5583,0,0.12340188,Female,White
5584,0,0.00561413,Female,White
5585,0,0.00052808,Female,White
5586,0,0.85342677,Male,White
5587,0,0.00730196,Female,White
5588,0,0.00813859,Female,White
5589,0,0.28267217,Male,White
5590,1,0.41471353,Male,White
5591,0,0.04369427,Male,White
5592,1,0.25032902,Male,White
5593,0,0.14164696,Male,White
5594,0,0.27576697,Male,White
5595,0,0.03735271,Male,White
5596,1,0.65930987,Female,White
5597,0,0.26209403,Male,White
5598,0,0.01374599,Female,White
5599,0,0.23615244,Male,White
5600,1,0.72222819,Male,White
5601,0,0.00382515,Male,White
5602,0,0.02649302,Female,White
5603,0,0.60299089,Male,White
5604,0,0.1269319,Female,White
5605,0,0.87563255,Male,White
5606,0,0.00429602,Female,Black
5607,0,0.78729092,Male,White
5608,0,0.0023598,Male,White
5609,1,0.28707513,Male,Black
5610,0,0.03130166,Female,White
5611,1,0.73084561,Female,White
5612,0,0.01947502,Female,Black
5613,1,0.85275256,Male,White
5614,0,0.09458005,Male,White
5615,0,0.01730814,Male,Black
5616,0,0.00506664,Male,Black
5617,0,0.2422999,Male,White
5618,1,0.84779939,Male,White
5619,0,0.04367409,Female,White
5620,0,0.08068806,Male,White
5621,0,0.24276497,Male,White
5622,0,0.34294331,Male,White
5623,1,0.10911375,Male,White
5624,0,0.04442027,Male,Asian-Pac-Islander
5625,0,0.01619995,Female,White
5626,0,0.00889682,Male,White
5627,0,0.15097506,Male,White
5628,1,0.46444854,Male,White
5629,0,0.02217147,Female,White
5630,0,0.08726697,Male,White
5631,0,0.00169447,Female,White
5632,0,0.02330708,Male,Other
5633,0,0.0050329,Female,White
5634,0,0.0038194,Male,White
5635,0,0.00894164,Female,White
5636,0,0.12730445,Female,White
5637,1,0.62805201,Male,White
5638,1,0.4645203,Male,White
5639,1,0.77661675,Male,White
5640,0,0.10099566,Male,White
5641,0,0.08939461,Female,White
5642,0,0.05367686,Female,White
5643,0,0.00754551,Female,White
5644,0,0.01816674,Female,White
5645,0,0.38077391,Male,White
5646,1,0.31353477,Male,White
5647,0,0.00204354,Female,White
5648,0,0.25246972,Male,White
5649,0,0.02088778,Female,White
5650,0,0.01020215,Male,White
5651,0,0.01994426,Female,White
5652,0,0.23615244,Male,White
5653,1,0.15290186,Male,White
5654,0,0.01729332,Female,White
5655,0,0.41893174,Female,Asian-Pac-Islander
5656,0,0.33665059,Male,White
5657,0,0.00501461,Female,White
5658,0,0.0202334,Female,Black
5659,0,0.01414437,Male,White
5660,1,0.9972924,Female,White
5661,0,0.06346899,Male,White
5662,0,0.22920976,Male,White
5663,0,0.08388198,Female,White
5664,1,0.44210013,Male,Amer-Indian-Eskimo
5665,0,0.66525141,Male,White
5666,0,0.00476083,Female,White
5667,0,0.25134803,Male,White
5668,0,0.37147005,Male,White
5669,0,0.00160591,Male,White
5670,0,0.70970661,Male,White
5671,0,0.00455753,Male,White
5672,1,0.1874149,Male,White
5673,0,0.00057647,Female,White
5674,0,0.0011234,Female,Black
5675,1,0.70727266,Male,White
5676,0,0.01322163,Female,Asian-Pac-Islander
5677,0,0.01638114,Male,Black
5678,0,0.01207892,Female,White
5679,0,0.30990819,Male,White
5680,0,0.02777185,Male,White
5681,1,1.0,Female,White
5682,0,0.00241852,Male,White
5683,0,0.18004542,Male,White
5684,0,0.0027817,Male,White
5685,1,0.11003124,Male,White
5686,0,0.02113572,Female,Black
5687,0,0.07073866,Female,Black
5688,0,0.01303801,Female,White
5689,0,0.01763146,Female,White
5690,0,0.02749013,Male,White
5691,0,0.00272314,Female,Black
5692,1,0.71000378,Male,Asian-Pac-Islander
5693,1,0.42100806,Male,White
5694,0,0.16369312,Male,White
5695,0,0.005083,Female,White
5696,0,0.00771948,Female,White
5697,0,0.15557351,Female,White
5698,0,0.36955872,Male,White
5699,0,0.10263853,Male,White
5700,0,0.28173105,Male,White
5701,0,0.43757155,Male,White
5702,0,0.00208052,Female,White
5703,1,0.25217707,Female,White
5704,0,0.6274588,Male,White
5705,0,0.01232188,Male,White
5706,1,0.89459679,Male,White
5707,0,0.00159799,Female,White
5708,0,0.02462694,Female,Asian-Pac-Islander
5709,0,0.01867809,Female,White
5710,0,0.00592185,Female,White
5711,0,0.03306236,Female,White
5712,1,0.02431926,Male,White
5713,0,0.23849784,Male,White
5714,0,0.22963242,Male,White
5715,0,0.03064393,Male,White
5716,0,0.69699462,Male,White
5717,0,0.00176639,Female,Asian-Pac-Islander
5718,1,0.80545025,Male,White
5719,0,0.23154859,Male,White
5720,1,0.59348362,Male,White
5721,0,0.01163125,Female,Black
5722,0,0.06268879,Male,White
5723,1,0.74608213,Male,White
5724,0,0.65561492,Male,White
5725,0,0.00344221,Female,White
5726,0,0.15184485,Male,White
5727,0,0.0004491,Female,White
5728,0,0.05664612,Female,White
5729,1,0.87637197,Male,White
5730,0,0.01459744,Female,White
5731,0,0.49759579,Male,White
5732,1,0.36075989,Male,Asian-Pac-Islander
5733,0,0.00190815,Male,Black
5734,1,0.44855761,Male,White
5735,0,0.48275322,Female,White
5736,0,0.00431789,Male,Black
5737,0,0.00139934,Male,White
5738,0,0.79911541,Male,White
5739,0,0.13397114,Male,White
5740,0,0.58165347,Female,White
5741,0,0.01201047,Female,White
5742,0,0.00717524,Female,White
5743,1,0.92645523,Male,White
5744,0,0.00755872,Male,White
5745,1,0.36822525,Female,White
5746,0,0.13973291,Male,White
5747,0,0.01245537,Female,White
5748,0,0.77143206,Male,Black
5749,0,0.01041261,Male,White
5750,0,0.47092527,Male,White
5751,0,0.01098542,Male,White
5752,0,0.28342848,Male,White
5753,0,0.19684695,Male,White
5754,0,0.08412084,Female,White
5755,0,0.30819615,Male,White
5756,0,0.00422913,Female,White
5757,1,0.29366434,Male,White
5758,0,0.01153634,Female,Amer-Indian-Eskimo
5759,1,0.3026048,Male,White
5760,0,0.01143997,Male,White
5761,0,0.03459984,Male,White
5762,0,0.06805187,Female,White
5763,0,0.01324587,Female,Asian-Pac-Islander
5764,0,0.00349782,Female,White
5765,1,0.81881313,Male,White
5766,1,0.99925775,Male,White
5767,1,0.79093438,Male,White
5768,0,0.19158243,Male,White
5769,0,0.00790004,Male,White
5770,0,0.01529533,Female,White
5771,0,0.0258871,Male,White
5772,1,0.55584616,Male,White
5773,0,0.04029575,Female,White
5774,1,1.0,Male,White
5775,0,0.12411884,Male,White
5776,0,0.04254015,Male,White
5777,0,0.14968337,Male,White
5778,0,0.06531006,Male,White
5779,0,0.00146741,Male,White
5780,0,0.08140519,Male,Black
5781,0,0.14957285,Male,White
5782,1,0.98318379,Male,Black
5783,0,0.01220397,Male,White
5784,0,0.03007537,Male,Black
5785,0,0.0652382,Female,White
5786,0,0.03045733,Female,White
5787,0,0.00045386,Female,White
5788,0,0.07887244,Male,White
5789,0,0.47784921,Female,Amer-Indian-Eskimo
5790,0,0.01030955,Female,Black
5791,1,0.65245541,Male,White
5792,1,0.95588852,Male,White
5793,0,0.00238706,Male,White
5794,0,0.13588401,Female,White
5795,0,0.05604715,Male,White
5796,0,6.28e-05,Female,Black
5797,1,0.72495011,Male,White
5798,0,0.09737721,Female,White
5799,1,0.72904347,Male,White
5800,1,0.27244976,Male,White
5801,1,0.11136899,Male,White
5802,1,0.322082,Male,White
5803,1,0.84271892,Female,White
5804,1,0.30448846,Male,White
5805,0,0.00113133,Female,White
5806,0,0.34149495,Male,White
5807,0,0.00784779,Female,Black
5808,1,0.04187151,Male,White
5809,0,0.01045963,Female,White
5810,0,0.03359031,Male,White
5811,1,0.77399197,Male,White
5812,0,0.02307012,Male,White
5813,0,0.64007995,Male,White
5814,0,0.06803062,Female,White
5815,1,0.82174022,Male,White
5816,0,0.23615244,Male,White
5817,0,0.18597345,Male,White
5818,0,0.21854585,Male,White
5819,1,0.53001452,Female,White
5820,1,0.16426284,Female,White
5821,0,0.01690176,Female,White
5822,0,0.03638684,Male,Black
5823,0,0.00329194,Female,White
5824,0,0.07833951,Male,White
5825,0,0.00764449,Male,White
5826,0,0.03919734,Female,White
5827,0,0.08955134,Male,White
5828,0,0.02402529,Female,White
5829,0,0.14070747,Male,White
5830,0,0.00464057,Male,White
5831,1,0.87225593,Male,White
5832,1,0.52552144,Male,White
5833,1,0.68685022,Female,White
5834,0,0.06308714,Male,White
5835,0,0.01668167,Female,White
5836,0,0.16609816,Male,White
5837,0,0.01010338,Male,Asian-Pac-Islander
5838,0,0.00065487,Female,White
5839,0,0.76157292,Male,White
5840,1,0.8045877,Male,White
5841,0,0.09313546,Male,White
5842,0,0.07802679,Male,White
5843,0,0.00142991,Female,White
5844,0,0.1247014,Female,White
5845,0,0.15767268,Male,White
5846,0,0.0368818,Male,White
5847,0,0.01926042,Female,White
5848,1,0.45474756,Male,White
5849,0,0.09679369,Female,Black
5850,0,0.11635383,Male,White
5851,1,0.39487914,Male,White
5852,0,0.01103065,Female,Black
5853,1,0.29278131,Male,White
5854,0,0.33735414,Male,White
5855,1,0.28289917,Male,White
5856,1,0.45936554,Male,White
5857,0,0.02386992,Female,White
5858,0,0.35687267,Male,White
5859,0,0.39955747,Male,White
5860,0,0.05673198,Male,White
5861,0,0.06030885,Female,White
5862,1,0.67382617,Male,White
5863,0,0.00828047,Female,White
5864,0,0.30652575,Male,White
5865,0,0.23840019,Male,White
5866,0,0.01685599,Female,White
5867,1,0.66518092,Male,Asian-Pac-Islander
5868,1,0.37856366,Male,White
5869,0,0.01051421,Female,White
5870,0,0.12893588,Female,White
5871,1,0.44145463,Female,White
5872,0,0.00906308,Male,White
5873,0,0.03905367,Male,White
5874,0,0.01286038,Female,White
5875,1,0.49384347,Male,White
5876,1,0.84039,Male,White
5877,0,0.13920552,Male,White
5878,0,0.00219279,Male,Black
5879,0,0.01117264,Female,White
5880,0,0.0480856,Female,White
5881,0,0.20565116,Male,White
5882,1,0.33714935,Female,White
5883,1,0.68799583,Female,White
5884,0,0.24338891,Female,White
5885,0,0.00042127,Female,Other
5886,0,0.02538867,Female,White
5887,1,0.65245617,Male,White
5888,0,0.26983452,Male,White
5889,0,0.01508108,Female,White
5890,0,0.04383835,Female,White
5891,1,0.98880779,Male,White
5892,0,0.00471832,Female,White
5893,0,0.73454008,Male,White
5894,0,0.06261405,Male,Asian-Pac-Islander
5895,0,0.10142588,Female,White
5896,0,0.0516731,Female,White
5897,0,0.00414361,Male,Black
5898,0,0.07075386,Male,White
5899,0,0.17540921,Male,White
5900,0,0.31604189,Female,White
5901,0,0.0118577,Male,White
5902,0,0.01181573,Female,White
5903,0,0.17294642,Male,White
5904,0,0.27019304,Male,White
5905,0,0.22735814,Female,White
5906,1,0.09063975,Male,White
5907,0,0.37763969,Male,White
5908,1,0.70654703,Male,White
5909,0,0.0171336,Female,Black
5910,0,0.19684482,Female,White
5911,0,0.01805482,Male,White
5912,0,0.02033777,Male,White
5913,0,0.00024044,Female,White
5914,0,0.17481967,Male,White
5915,0,0.00190378,Female,White
5916,0,0.01162943,Female,White
5917,0,0.52810391,Male,White
5918,0,0.17204162,Male,White
5919,1,0.38553861,Male,White
5920,0,0.05880258,Female,White
5921,0,0.04625963,Female,White
5922,0,0.36180875,Male,White
5923,0,0.00844336,Male,White
5924,1,0.42529233,Male,White
5925,0,0.00189339,Male,White
5926,0,0.00266724,Female,White
5927,0,0.0550665,Male,White
5928,0,0.0269639,Female,White
5929,0,0.14804967,Male,White
5930,0,0.13345501,Female,White
5931,0,0.08971581,Male,White
5932,0,0.00320979,Female,White
5933,1,0.82998059,Male,Asian-Pac-Islander
5934,1,0.70319116,Male,White
5935,0,0.0996632,Female,White
5936,0,0.03319664,Female,White
5937,1,0.30290613,Male,White
5938,0,0.07214683,Female,White
5939,1,0.71246346,Male,Asian-Pac-Islander
5940,0,0.04707246,Male,White
5941,0,0.40317984,Male,White
5942,0,0.2003228,Male,White
5943,0,0.00093458,Male,White
5944,0,0.12583835,Male,Asian-Pac-Islander
5945,1,0.73206912,Male,White
5946,0,0.1560975,Male,White
5947,0,0.19452502,Male,Black
5948,0,0.00943688,Male,White
5949,0,0.07221737,Male,White
5950,1,0.63720046,Male,White
5951,0,0.50695098,Male,White
5952,1,0.95263014,Male,White
5953,0,0.00265597,Female,White
5954,1,0.00212746,Male,Black
5955,0,0.0369453,Male,Black
5956,0,0.00328863,Female,White
5957,0,0.14498069,Male,White
5958,0,0.00496688,Male,White
5959,0,0.66862394,Male,White
5960,0,0.03344274,Male,White
5961,0,0.18336036,Male,White
5962,0,0.51619173,Male,White
5963,0,0.0438974,Male,White
5964,0,0.01814689,Male,White
5965,0,0.0040829,Female,White
5966,0,0.00518124,Male,White
5967,0,0.00240765,Male,White
5968,0,0.02097415,Female,White
5969,1,0.71898032,Male,White
5970,0,0.03161123,Male,White
5971,0,0.07474483,Female,White
5972,1,0.30454369,Male,Asian-Pac-Islander
5973,0,0.00381844,Female,White
5974,1,0.78704828,Male,White
5975,0,0.00465844,Male,Black
5976,1,0.91239572,Male,White
5977,0,0.23990377,Male,White
5978,0,0.00291332,Female,White
5979,0,0.71064069,Male,White
5980,0,0.08765156,Male,White
5981,1,0.26611388,Male,White
5982,0,0.00124284,Male,White
5983,0,0.16750469,Male,Black
5984,0,0.06551855,Male,White
5985,0,0.00701801,Male,Black
5986,0,0.0035478,Male,White
5987,0,0.10029611,Male,White
5988,0,0.0225228,Female,White
5989,0,0.01834727,Male,Black
5990,0,0.00507257,Male,White
5991,0,0.21071843,Male,White
5992,0,0.1363429,Female,White
5993,0,0.07654452,Male,White
5994,0,0.15587586,Male,White
5995,0,0.0033194,Female,Amer-Indian-Eskimo
5996,0,0.00088382,Female,White
5997,0,0.005497,Male,White
5998,0,0.32647556,Male,White
5999,0,0.05910408,Female,White
6000,0,0.15557975,Male,White
6001,0,0.06925994,Male,White
6002,1,0.0240729,Female,White
6003,0,0.12051652,Female,Black
6004,0,0.18431309,Male,White
6005,0,0.05553614,Male,Black
6006,0,0.28805143,Male,White
6007,0,0.05464471,Female,White
6008,0,0.00339135,Male,Asian-Pac-Islander
6009,1,0.77852277,Male,White
6010,0,0.01594638,Male,Black
6011,0,0.10946522,Male,Asian-Pac-Islander
6012,0,0.06612997,Female,White
6013,1,0.99665899,Male,White
6014,1,0.36972134,Male,White
6015,1,0.40263396,Male,White
6016,0,0.04630276,Female,White
6017,0,0.03426418,Male,White
6018,0,0.00796794,Female,White
6019,0,0.06694784,Male,White
6020,1,0.99954081,Male,White
6021,0,0.01229486,Female,White
6022,0,0.00251844,Female,White
6023,0,0.02561185,Female,White
6024,1,0.91352398,Male,White
6025,0,0.00980885,Male,White
6026,0,0.15702757,Male,White
6027,0,0.06852709,Male,White
6028,0,0.1257903,Female,White
6029,1,0.92504654,Female,Asian-Pac-Islander
6030,0,0.00634204,Female,White
6031,0,0.01281374,Male,White
6032,0,0.19395854,Male,White
6033,0,0.00257937,Female,White
6034,0,0.05463373,Male,Asian-Pac-Islander
6035,1,0.20285541,Male,White
6036,1,0.01362278,Male,White
6037,0,0.41171069,Male,White
6038,1,0.60666697,Male,White
6039,0,0.00027709,Female,White
6040,0,0.00300255,Female,White
6041,0,0.03410568,Male,White
6042,0,0.13725472,Male,White
6043,0,0.01349596,Male,White
6044,0,0.00192348,Male,White
6045,0,0.1024167,Male,White
6046,1,0.25075466,Female,White
6047,1,0.44308801,Male,White
6048,0,0.07114994,Male,Black
6049,0,0.00262493,Female,White
6050,1,0.30286208,Male,White
6051,0,0.00204354,Female,White
6052,1,0.99947271,Female,White
6053,0,0.18755413,Female,Black
6054,0,0.01285796,Female,White
6055,0,0.01064731,Female,White
6056,0,0.00308181,Male,White
6057,0,0.01897133,Female,White
6058,1,0.53576636,Male,White
6059,1,0.10404666,Female,White
6060,1,0.84959305,Male,White
6061,0,0.22374874,Male,Asian-Pac-Islander
6062,1,0.54926902,Male,White
6063,0,0.02623755,Female,White
6064,0,0.01679215,Female,Asian-Pac-Islander
6065,0,0.00299281,Female,White
6066,0,0.06529397,Female,White
6067,0,0.00965963,Male,White
6068,0,0.12958842,Male,White
6069,0,0.40440651,Male,White
6070,0,0.01827026,Male,White
6071,0,0.36237042,Female,White
6072,0,0.43181933,Male,White
6073,1,0.91273321,Male,White
6074,0,0.00917871,Female,White
6075,0,0.00962199,Male,White
6076,0,0.10469594,Male,White
6077,1,0.90070063,Male,White
6078,0,0.00116602,Female,White
6079,0,0.15887762,Male,White
6080,0,0.53614158,Female,Amer-Indian-Eskimo
6081,0,0.20864466,Male,White
6082,0,0.01539779,Male,White
6083,0,0.16750685,Female,White
6084,0,0.29289965,Male,White
6085,0,0.00956553,Male,White
6086,0,0.00217376,Female,Black
6087,0,0.07817154,Male,White
6088,0,0.04519445,Female,Black
6089,0,0.005411,Female,Amer-Indian-Eskimo
6090,1,0.72751239,Male,White
6091,1,0.31556486,Male,White
6092,1,0.35628026,Male,White
6093,0,0.04286041,Male,Black
6094,0,0.14783656,Male,White
6095,0,0.22963242,Male,White
6096,0,0.01156648,Male,White
6097,1,0.99974545,Male,White
6098,0,0.5955425,Male,White
6099,1,0.27390012,Male,White
6100,0,0.10209775,Male,White
6101,0,0.0813852,Male,White
6102,0,0.03265844,Male,White
6103,0,0.00103322,Female,White
6104,1,0.65183435,Male,Black
6105,0,0.01243786,Male,White
6106,1,0.3938843,Male,White
6107,1,0.80879853,Male,White
6108,0,0.03495943,Male,White
6109,0,0.01777014,Female,Asian-Pac-Islander
6110,0,0.03403085,Male,Asian-Pac-Islander
6111,0,0.02306953,Female,White
6112,0,0.01094197,Female,Black
6113,0,0.00207593,Female,White
6114,1,0.89380725,Male,White
6115,0,0.38737244,Male,White
6116,0,0.81198908,Male,White
6117,0,0.37425639,Male,White
6118,0,0.27275882,Male,Black
6119,0,0.16473122,Female,White
6120,0,0.02570956,Female,White
6121,0,0.10657272,Male,White
6122,0,0.0370178,Female,White
6123,0,0.5707328,Male,White
6124,0,0.45469554,Female,White
6125,0,0.0005091,Female,White
6126,0,0.22151279,Male,White
6127,0,0.18903891,Male,White
6128,1,0.57399246,Male,White
6129,1,0.97861523,Male,White
6130,0,0.0070005,Female,White
6131,0,0.00569556,Male,Black
6132,1,0.27210451,Male,White
6133,1,0.79057484,Male,White
6134,0,0.27041105,Female,White
6135,0,0.0007718,Female,White
6136,0,0.00160282,Female,White
6137,0,0.43446934,Female,White
6138,0,0.17564793,Male,White
6139,1,0.18500384,Female,White
6140,1,0.93919483,Male,White
6141,1,0.39994322,Male,White
6142,0,0.00614056,Male,White
6143,0,0.02926191,Female,White
6144,0,0.60875984,Male,White
6145,1,0.55870268,Male,Black
6146,0,0.03123129,Male,White
6147,1,0.21942105,Male,White
6148,0,0.0378136,Male,White
6149,1,1.0,Male,White
6150,1,0.24364284,Male,White
6151,0,0.00410738,Female,Black
6152,0,0.00728702,Male,Black
6153,0,0.0009155,Female,White
6154,0,0.00134226,Female,Black
6155,0,0.14989889,Male,White
6156,1,0.58236086,Male,White
6157,0,0.00743929,Female,White
6158,0,0.14727366,Male,Black
6159,0,0.01552982,Female,White
6160,0,0.13170293,Female,White
6161,0,0.00866994,Female,White
6162,1,0.81019848,Male,White
6163,0,0.27358628,Male,White
6164,0,0.2415324,Male,White
6165,1,0.66073152,Male,White
6166,1,0.04393109,Female,White
6167,1,0.61551893,Male,White
6168,0,0.2923532,Male,White
6169,1,0.2020236,Female,White
6170,0,0.02764897,Female,White
6171,0,0.01053065,Male,Black
6172,0,0.0557968,Female,Black
6173,0,0.08969802,Female,White
6174,1,0.62963207,Female,White
6175,0,0.06965381,Male,Asian-Pac-Islander
6176,0,0.01886462,Female,White
6177,0,0.01046538,Male,Black
6178,1,0.99696648,Male,White
6179,0,0.07649319,Male,White
6180,0,0.00570779,Male,White
6181,0,0.00817364,Female,White
6182,0,0.04143289,Male,White
6183,1,0.97385028,Male,White
6184,0,0.1260702,Female,White
6185,1,0.58112399,Male,White
6186,0,0.56211019,Male,White
6187,0,0.02043548,Female,White
6188,0,0.00896519,Male,White
6189,0,0.00393411,Female,White
6190,0,0.03745441,Female,White
6191,0,0.47595734,Male,White
6192,0,0.02797166,Male,White
6193,0,0.01363697,Male,White
6194,0,0.17746876,Male,White
6195,0,0.24002202,Male,Black
6196,1,0.14284711,Male,White
6197,0,0.0207242,Male,White
6198,1,0.86813843,Female,White
6199,0,0.51529008,Male,White
6200,0,0.25900953,Female,White
6201,0,0.19330156,Male,White
6202,0,0.00869782,Female,White
6203,0,0.00406697,Female,White
6204,0,0.14021314,Male,Amer-Indian-Eskimo
6205,1,0.48638249,Male,White
6206,0,0.54359557,Male,Asian-Pac-Islander
6207,0,0.00808078,Female,White
6208,0,0.04298178,Female,Black
6209,1,0.48745003,Male,White
6210,1,0.21217101,Male,White
6211,0,0.00998195,Male,White
6212,0,0.13074867,Female,White
6213,0,0.09384441,Female,Black
6214,0,0.00340462,Female,White
6215,0,0.12146296,Male,White
6216,0,0.12237968,Male,White
6217,0,0.13247762,Male,White
6218,0,0.37187264,Male,White
6219,1,0.73220913,Female,White
6220,0,0.00064383,Female,White
6221,0,0.69663897,Male,White
6222,0,0.00431843,Male,White
6223,0,0.00243489,Female,White
6224,1,0.65529786,Male,White
6225,0,0.00918924,Male,White
6226,0,0.23178876,Male,White
6227,0,0.00550249,Male,Other
6228,0,0.00081109,Female,White
6229,0,0.11215881,Male,White
6230,1,0.71375636,Male,Asian-Pac-Islander
6231,0,0.2266157,Female,White
6232,1,0.36592681,Male,White
6233,0,0.00360336,Female,White
6234,0,0.0170739,Male,White
6235,0,0.53512428,Male,White
6236,0,0.09895381,Female,White
6237,0,0.03962102,Male,White
6238,0,0.03674442,Male,White
6239,0,0.23154859,Male,White
6240,0,0.00058085,Male,White
6241,0,0.01017538,Female,White
6242,1,0.67457382,Male,White
6243,1,0.85954036,Male,White
6244,0,0.00212128,Female,White
6245,1,0.72170675,Male,White
6246,0,0.01497747,Female,White
6247,1,0.01552982,Female,White
6248,1,0.2634164,Male,White
6249,1,0.39733142,Male,White
6250,1,0.29787395,Male,White
6251,0,0.00083828,Female,Other
6252,0,0.06056576,Female,White
6253,0,0.00495426,Female,Black
6254,0,0.49419726,Male,White
6255,0,0.06423451,Female,White
6256,0,0.07811365,Male,White
6257,0,0.01490866,Male,White
6258,0,0.00522368,Female,White
6259,0,0.00468402,Male,White
6260,0,0.05271206,Male,White
6261,0,0.05030576,Female,Asian-Pac-Islander
6262,0,0.49355182,Male,White
6263,0,0.11775909,Male,White
6264,0,0.01800223,Male,Black
6265,0,0.00145161,Male,White
6266,1,0.26190852,Male,Other
6267,0,0.00787588,Female,White
6268,0,0.0052216,Female,White
6269,0,0.22559269,Male,White
6270,0,0.00296683,Female,White
6271,0,0.21671546,Male,White
6272,0,0.70295355,Male,White
6273,0,0.21041661,Female,White
6274,0,0.01527611,Female,White
6275,0,0.00396778,Male,White
6276,0,0.09991606,Male,White
6277,0,0.16576825,Male,White
6278,0,0.00789328,Female,White
6279,0,0.39367657,Male,White
6280,1,0.67500376,Male,White
6281,0,0.01075472,Male,Amer-Indian-Eskimo
6282,0,0.21874113,Male,White
6283,0,0.02190627,Female,White
6284,0,0.00655931,Female,White
6285,0,0.21195434,Male,White
6286,0,0.12762982,Female,White
6287,0,0.14659757,Male,White
6288,1,0.7538444,Male,White
6289,0,0.00337463,Male,White
6290,0,0.37611056,Male,White
6291,0,0.13419468,Male,White
6292,0,0.8183862,Male,White
6293,0,0.38405619,Male,White
6294,0,0.10435803,Male,White
6295,1,0.02143603,Female,White
6296,1,1.0,Male,White
6297,0,0.13503432,Male,White
6298,0,0.08648387,Female,White
6299,0,0.0636538,Female,Asian-Pac-Islander
6300,0,0.39542147,Male,White
6301,0,0.02391982,Male,White
6302,0,0.71409272,Male,White
6303,0,0.18413607,Male,White
6304,0,0.0013443,Female,White
6305,1,0.18452898,Male,White
6306,0,0.26073582,Male,Black
6307,0,0.06887706,Male,White
6308,0,0.04006896,Female,White
6309,0,0.03293023,Male,White
6310,0,0.18590999,Male,White
6311,0,0.03199358,Male,White
6312,1,0.99719007,Male,White
6313,1,0.99999959,Female,Other
6314,0,0.03996171,Female,Black
6315,0,0.1603574,Male,White
6316,0,0.00700075,Female,White
6317,0,0.23266171,Female,White
6318,1,0.82803991,Male,White
6319,0,0.07604172,Male,White
6320,0,0.00448588,Female,White
6321,0,0.00507516,Female,White
6322,0,0.49040409,Male,White
6323,1,0.80853809,Male,White
6324,0,0.00530147,Male,White
6325,1,0.79427174,Male,White
6326,0,0.01295965,Female,White
6327,0,0.14182181,Male,Black
6328,1,0.99902628,Male,White
6329,1,0.97512628,Male,White
6330,1,0.70410943,Male,Asian-Pac-Islander
6331,0,0.01258413,Male,White
6332,0,0.28753078,Male,White
6333,0,0.03281197,Female,Black
6334,1,0.08097994,Female,White
6335,0,0.00090454,Female,White
6336,0,0.20209168,Male,White
6337,1,0.56521985,Male,White
6338,0,0.42249649,Male,White
6339,1,0.63208123,Male,White
6340,1,0.45218061,Male,Other
6341,0,0.53223744,Male,White
6342,0,0.04880316,Female,Black
6343,1,0.97077316,Male,White
6344,0,0.47792754,Male,White
6345,1,0.61551893,Male,White
6346,0,0.03122139,Male,White
6347,0,0.52604259,Male,White
6348,0,0.00694853,Male,White
6349,1,0.89561407,Female,White
6350,1,0.75162176,Male,White
6351,1,0.22214804,Male,White
6352,1,0.40570019,Male,White
6353,0,0.03413835,Male,Black
6354,0,0.01753883,Male,Black
6355,0,0.2766349,Male,White
6356,1,0.23523456,Male,White
6357,0,0.07690027,Male,White
6358,1,0.51505913,Male,White
6359,0,0.24824724,Male,White
6360,0,0.59539196,Male,White
6361,0,0.00966841,Male,White
6362,1,0.42253526,Male,White
6363,0,0.29075418,Male,Black
6364,0,0.04377501,Male,White
6365,0,0.04911634,Female,White
6366,0,0.02923802,Female,White
6367,0,0.03216718,Male,White
6368,0,0.67072025,Male,White
6369,0,0.00551472,Male,White
6370,0,0.43720067,Male,White
6371,0,0.35166707,Male,Amer-Indian-Eskimo
6372,1,0.99692642,Female,White
6373,0,0.47023469,Male,White
6374,0,0.01336724,Male,White
6375,0,0.10171321,Male,White
6376,0,0.01551561,Female,White
6377,0,0.47697411,Male,White
6378,0,0.16318812,Male,White
6379,0,0.09288655,Male,White
6380,0,0.23193876,Male,White
6381,0,0.14167025,Female,White
6382,0,0.0626187,Male,White
6383,1,0.87213721,Male,White
6384,0,0.4273045,Male,White
6385,0,0.00478569,Female,White
6386,0,0.0044886,Male,White
6387,0,0.07401496,Female,White
6388,0,0.06879006,Male,White
6389,0,0.00105027,Female,White
6390,0,0.38545936,Male,White
6391,0,0.03569688,Female,White
6392,1,0.47060039,Male,White
6393,0,0.02806183,Female,White
6394,1,0.41998414,Male,White
6395,0,0.02965138,Male,White
6396,0,0.46273491,Male,White
6397,0,0.47644362,Male,White
6398,1,0.62732855,Male,White
6399,0,0.01517441,Female,White
6400,0,0.00743929,Female,White
6401,0,0.02759098,Male,Black
6402,1,0.93834979,Male,White
6403,0,0.04724422,Female,White
6404,0,0.00142063,Female,White
6405,0,0.00095984,Male,White
6406,0,0.20838845,Male,White
6407,0,0.00436535,Male,White
6408,0,0.03775232,Female,White
6409,0,0.11978394,Female,White
6410,0,0.33193056,Male,White
6411,1,0.79917934,Male,White
6412,0,0.00652113,Male,Amer-Indian-Eskimo
6413,0,0.0429544,Male,White
6414,0,0.30189922,Male,White
6415,0,0.03791229,Male,White
6416,0,0.00084275,Male,Black
6417,0,0.70408808,Female,White
6418,0,0.76832247,Male,White
6419,0,0.01685552,Female,White
6420,0,0.09251715,Male,White
6421,0,0.03810091,Male,White
6422,0,0.29518424,Male,White
6423,0,0.00309331,Female,White
6424,1,0.77356614,Male,White
6425,1,0.44566852,Female,White
6426,0,0.00518341,Female,Asian-Pac-Islander
6427,0,0.00257062,Female,White
6428,0,0.02644601,Female,White
6429,0,0.13097469,Male,White
6430,0,0.69566076,Male,White
6431,0,0.0093083,Female,Black
6432,0,0.03302198,Female,White
6433,0,0.01731894,Male,White
6434,0,0.00732899,Male,White
6435,0,0.03849527,Male,Black
6436,1,0.89399077,Female,White
6437,0,0.28446446,Male,White
6438,0,0.3052182,Male,White
6439,0,0.37227262,Male,White
6440,0,0.11304641,Male,White
6441,0,0.18697908,Male,White
6442,0,0.01070853,Female,White
6443,0,0.00084462,Female,White
6444,1,0.10662964,Male,White
6445,0,0.00999871,Male,White
6446,0,0.02426861,Female,Black
6447,1,0.86223494,Male,White
6448,0,0.03448359,Male,White
6449,0,0.01801111,Female,White
6450,0,0.00852854,Female,White
6451,0,0.13008651,Male,White
6452,0,0.01443755,Male,White
6453,0,0.00333268,Male,White
6454,0,0.05239843,Female,White
6455,1,0.30756374,Male,White
6456,0,0.14613508,Male,White
6457,0,0.00288785,Female,White
6458,0,0.7641858,Male,White
6459,0,0.2003228,Male,White
6460,0,0.00313607,Female,White
6461,0,0.01803774,Female,White
6462,0,0.00498978,Male,White
6463,1,0.27790073,Female,White
6464,1,0.54280079,Male,White
6465,0,0.2245069,Female,White
6466,1,0.66366516,Male,White
6467,0,0.49140898,Male,White
6468,1,0.99830829,Male,White
6469,1,0.78121266,Male,White
6470,0,0.12146302,Male,Black
6471,1,0.27623461,Male,White
6472,0,0.23872354,Female,White
6473,0,0.00158462,Female,White
6474,0,0.00455417,Female,Black
6475,1,0.29265643,Male,White
6476,0,0.05881977,Male,White
6477,0,0.01049107,Female,White
6478,1,1.0,Male,White
6479,1,0.58889827,Male,Asian-Pac-Islander
6480,1,0.39972078,Male,White
6481,0,0.01926042,Female,White
6482,0,0.70680837,Male,White
6483,1,0.98168344,Female,White
6484,0,0.05115781,Male,White
6485,0,0.62573572,Male,White
6486,0,0.66549492,Male,White
6487,0,0.00580383,Female,White
6488,0,0.02246557,Male,Black
6489,0,0.06519179,Male,Black
6490,0,0.00223725,Male,White
6491,0,0.00117569,Female,White
6492,0,0.03820208,Male,White
6493,1,0.77883259,Male,White
6494,0,0.00683847,Female,White
6495,0,0.00021989,Female,White
6496,0,0.33256907,Male,Asian-Pac-Islander
6497,0,0.01524035,Female,Black
6498,0,0.04214097,Male,White
6499,0,0.05702759,Female,White
6500,0,0.02059736,Male,White
6501,0,0.30543004,Male,White
6502,0,0.00297148,Female,White
6503,1,0.68248001,Male,White
6504,0,0.00500226,Female,White
6505,1,0.5280794,Male,White
6506,0,0.0032625,Female,White
6507,0,0.01429815,Female,White
6508,0,0.38466105,Male,White
6509,0,0.18163774,Male,White
6510,1,0.71989634,Male,White
6511,0,0.0029642,Male,White
6512,1,0.27848359,Female,White
6513,0,0.00909213,Female,Black
6514,0,0.45519799,Male,White
6515,0,0.17134537,Male,White
6516,1,0.74062559,Male,White
6517,1,0.44430418,Male,White
6518,1,0.95988602,Female,Asian-Pac-Islander
6519,0,0.20563164,Male,White
6520,0,0.22430429,Male,White
6521,0,0.00549801,Male,Other
6522,0,0.01407066,Male,White
6523,0,0.02107908,Male,White
6524,1,1.0,Male,White
6525,0,0.03440318,Female,Asian-Pac-Islander
6526,0,0.01355405,Male,White
6527,0,0.25565343,Male,White
6528,0,0.00698355,Female,Black
6529,0,0.27383277,Male,White
6530,0,0.04519652,Male,White
6531,1,0.71745784,Male,White
6532,0,0.08231358,Male,White
6533,1,0.56424071,Female,White
6534,0,0.01800843,Female,White
6535,0,0.02948815,Male,White
6536,1,0.77429339,Male,White
6537,0,0.00550542,Female,Black
6538,0,0.01594436,Male,White
6539,1,0.09703373,Female,White
6540,0,0.0310421,Male,White
6541,1,0.74965094,Male,White
6542,0,0.0206675,Female,White
6543,1,0.00725454,Female,Asian-Pac-Islander
6544,1,0.87885953,Male,White
6545,1,0.26983452,Male,White
6546,0,0.02298631,Male,White
6547,1,0.93053508,Male,Black
6548,0,0.0054788,Female,White
6549,0,0.03986038,Female,Black
6550,0,0.02613903,Male,White
6551,0,0.10678368,Male,White
6552,0,0.10618056,Male,Black
6553,0,0.27001961,Male,White
6554,0,0.00120924,Male,White
6555,0,0.59200638,Male,White
6556,0,0.00506521,Male,Black
6557,0,0.00907335,Male,White
6558,0,0.18685118,Female,Other
6559,0,0.0990652,Male,White
6560,0,0.62120965,Male,White
6561,0,0.07936143,Male,White
6562,0,0.00113509,Female,Asian-Pac-Islander
6563,0,0.00049393,Female,White
6564,0,0.04937799,Female,Black
6565,1,0.92228879,Male,White
6566,1,0.12456156,Male,White
6567,0,0.08307443,Female,Asian-Pac-Islander
6568,0,0.30639363,Male,White
6569,0,0.0454406,Female,White
6570,0,0.00238408,Female,White
6571,0,0.0019681,Male,White
6572,0,0.01957983,Male,White
6573,1,0.18887795,Male,White
6574,0,0.01460266,Male,White
6575,0,0.00218106,Male,White
6576,0,0.02895583,Male,White
6577,0,0.00474117,Female,White
6578,0,0.08125762,Female,White
6579,0,0.0039783,Male,White
6580,1,0.99866442,Male,White
6581,0,0.19330156,Male,White
6582,1,0.59904474,Male,White
6583,0,0.02439759,Male,White
6584,0,0.00370568,Male,Black
6585,1,0.91666658,Female,Black
6586,1,0.95786735,Male,White
6587,0,0.00354048,Female,Other
6588,1,0.65586774,Female,White
6589,1,0.90690257,Male,White
6590,0,0.32203317,Male,White
6591,1,0.02452381,Male,White
6592,0,0.01527717,Female,Black
6593,0,0.1623232,Male,Black
6594,0,0.02128334,Male,White
6595,0,0.25750959,Male,White
6596,0,0.00166057,Male,White
6597,0,0.25449819,Male,White
6598,0,0.0075847,Male,White
6599,0,0.01419487,Female,White
6600,1,0.65123114,Male,White
6601,0,0.28465271,Male,White
6602,1,0.99502042,Male,White
6603,1,0.32113156,Female,Other
6604,0,0.00396623,Female,White
6605,0,0.01092482,Female,White
6606,0,0.00173943,Female,White
6607,0,0.0395807,Female,Amer-Indian-Eskimo
6608,0,0.05632071,Male,White
6609,0,0.01914945,Female,Black
6610,1,0.06058862,Male,White
6611,0,0.50516579,Male,White
6612,0,0.0099089,Female,Asian-Pac-Islander
6613,1,0.84501155,Male,White
6614,0,0.00146025,Female,Black
6615,1,0.54633265,Female,White
6616,0,0.34876745,Male,White
6617,0,0.0909277,Male,White
6618,0,0.28904732,Male,White
6619,0,0.02551062,Male,White
6620,0,0.09877229,Female,White
6621,0,0.04108644,Male,White
6622,1,0.44072775,Male,White
6623,0,0.11146715,Male,White
6624,0,0.01237696,Female,White
6625,0,0.02512982,Female,White
6626,0,0.00144399,Female,White
6627,1,0.85448859,Male,White
6628,0,0.29919532,Female,Amer-Indian-Eskimo
6629,0,0.01075449,Female,White
6630,0,0.00900312,Female,White
6631,0,0.40962743,Male,White
6632,1,0.61747708,Male,White
6633,1,0.03684891,Female,White
6634,1,0.25097499,Male,White
6635,0,0.18623937,Male,White
6636,0,0.50287338,Male,White
6637,0,0.00066207,Male,White
6638,0,0.08829679,Male,White
6639,1,0.8158862,Male,White
6640,0,0.05176366,Female,White
6641,1,0.19355369,Male,White
6642,0,0.00116466,Male,White
6643,0,0.04875218,Male,White
6644,0,0.01295799,Female,Asian-Pac-Islander
6645,0,0.00726709,Female,White
6646,0,0.01208279,Male,White
6647,0,0.29958483,Male,White
6648,0,0.71883592,Male,White
6649,0,0.00568922,Male,White
6650,0,0.00428027,Female,White
6651,1,0.93189817,Male,White
6652,0,0.00853255,Male,White
6653,1,0.65698871,Male,Other
6654,0,0.15906852,Female,White
6655,0,0.28000809,Male,White
6656,1,0.25905335,Male,White
6657,0,0.00078148,Female,Black
6658,0,0.00098014,Female,Black
6659,0,0.03490979,Male,White
6660,1,0.48890093,Male,White
6661,0,0.01033404,Male,White
6662,1,0.18792045,Male,White
6663,0,0.01215447,Male,White
6664,1,0.18931608,Male,White
6665,0,0.42164462,Female,White
6666,0,0.19446514,Male,White
6667,0,0.0423433,Male,White
6668,0,0.0017544,Female,White
6669,0,0.03513967,Male,White
6670,0,0.07568551,Male,White
6671,0,0.69499336,Male,White
6672,0,0.00478104,Male,White
6673,0,0.25466105,Male,White
6674,0,0.00546926,Male,White
6675,0,0.35690252,Male,White
6676,1,0.90445561,Male,White
6677,0,0.05308848,Male,White
6678,1,0.38567842,Male,White
6679,0,0.00881057,Female,White
6680,0,0.04543038,Female,Amer-Indian-Eskimo
6681,0,0.03448485,Male,White
6682,0,0.32104316,Male,White
6683,0,0.00207051,Male,White
6684,0,0.27588589,Male,White
6685,0,0.00276225,Male,Asian-Pac-Islander
6686,1,0.25075509,Male,White
6687,1,0.35458285,Male,White
6688,0,0.18597409,Male,White
6689,0,0.01227972,Male,White
6690,0,0.00110657,Female,Asian-Pac-Islander
6691,0,0.02561185,Female,White
6692,0,0.29691703,Male,White
6693,1,0.74591184,Male,White
6694,0,0.12648866,Male,White
6695,0,0.16669011,Male,White
6696,1,0.95737693,Male,Black
6697,1,0.52813906,Male,White
6698,0,0.01696691,Female,White
6699,0,0.56209008,Male,White
6700,0,0.00411432,Male,White
6701,0,0.20815969,Male,White
6702,0,0.83753498,Male,White
6703,0,0.00106399,Female,White
6704,0,0.17636712,Male,White
6705,1,0.29266844,Male,White
6706,0,0.01926739,Female,Asian-Pac-Islander
6707,0,0.94516676,Male,White
6708,0,0.09143532,Male,White
6709,0,0.00338475,Male,White
6710,0,0.02114625,Male,Black
6711,0,0.06856648,Male,White
6712,0,0.00278389,Female,White
6713,0,0.70120117,Male,White
6714,1,0.74644485,Male,White
6715,0,0.00865471,Female,White
6716,0,0.06870895,Female,Black
6717,0,0.318018,Male,White
6718,0,0.00223473,Female,Amer-Indian-Eskimo
6719,0,0.02097477,Female,White
6720,0,0.28424015,Male,White
6721,0,0.00485452,Female,White
6722,1,0.85992322,Male,White
6723,0,0.07086961,Female,White
6724,0,0.23518155,Male,White
6725,0,0.31062295,Male,White
6726,0,0.25718446,Male,White
6727,0,0.32839521,Male,White
6728,0,0.76909848,Male,White
6729,0,0.07854318,Male,White
6730,0,0.02483311,Female,White
6731,0,0.00854423,Male,White
6732,0,0.07167331,Male,White
6733,1,0.95348669,Female,White
6734,0,0.02629292,Female,White
6735,0,0.47541904,Male,White
6736,0,0.11654097,Male,White
6737,0,0.15784555,Male,White
6738,0,0.00923032,Male,White
6739,0,0.12299144,Male,White
6740,0,0.01643651,Male,White
6741,0,0.0004748,Male,White
6742,1,0.55258643,Male,White
6743,0,0.03081784,Female,White
6744,0,0.01742343,Female,White
6745,0,0.00113117,Male,White
6746,0,0.07295895,Male,White
6747,1,0.08276317,Female,White
6748,0,0.22495296,Male,White
6749,0,0.31642793,Male,White
6750,0,0.06598673,Female,White
6751,0,0.12446992,Female,White
6752,0,0.01700633,Female,White
6753,0,0.0462047,Male,White
6754,0,0.02061534,Female,White
6755,0,0.00580191,Female,White
6756,0,0.00225544,Female,White
6757,0,0.05523355,Female,White
6758,1,0.93819912,Male,White
6759,0,0.02988342,Male,White
6760,0,0.39431734,Male,White
6761,1,0.11155661,Female,White
6762,1,0.6408955,Male,White
6763,1,0.02070138,Male,Other
6764,0,0.01360751,Male,White
6765,0,0.00672215,Female,White
6766,0,0.03235862,Male,White
6767,0,0.00242277,Female,White
6768,0,0.77512832,Male,White
6769,0,0.03177324,Female,White
6770,0,0.13012466,Male,White
6771,0,0.03102108,Male,Black
6772,0,0.12828599,Female,White
6773,0,0.12209209,Male,White
6774,0,0.00065208,Female,White
6775,1,0.9541944,Male,White
6776,0,0.03164469,Male,White
6777,1,0.39069191,Male,White
6778,0,0.27771757,Male,White
6779,1,0.95535598,Male,White
6780,0,0.04451012,Male,White
6781,0,0.2929606,Male,White
6782,1,0.62331238,Male,White
6783,0,0.16592607,Female,White
6784,0,0.02281641,Female,White
6785,0,0.00399374,Female,White
6786,0,0.1703075,Female,White
6787,0,0.30124053,Male,White
6788,0,0.00502613,Female,White
6789,1,0.94479785,Male,White
6790,0,0.45872752,Male,White
6791,0,0.46597745,Male,White
6792,0,0.50786317,Female,White
6793,0,0.0100302,Female,White
6794,0,0.01337296,Female,White
6795,1,0.34299788,Male,White
6796,0,0.19813838,Male,White
6797,1,0.21339086,Male,Black
6798,0,0.05143873,Female,White
6799,1,0.52340571,Male,White
6800,1,0.6677203,Male,White
6801,0,0.00260478,Male,Asian-Pac-Islander
6802,0,0.00728231,Male,Amer-Indian-Eskimo
6803,0,0.02287618,Female,White
6804,0,0.01951293,Female,White
6805,0,0.0155242,Male,Black
6806,0,0.01378497,Male,White
6807,0,0.15290186,Male,White
6808,0,0.03311173,Female,White
6809,0,0.01183449,Male,White
6810,1,0.77872964,Male,White
6811,0,0.00924742,Female,White
6812,0,0.44700916,Male,White
6813,0,0.04055915,Male,Black
6814,0,0.04889581,Female,White
6815,1,0.8181715,Male,White
6816,0,0.36743286,Male,White
6817,1,0.74464308,Female,Asian-Pac-Islander
6818,0,0.07384012,Female,White
6819,0,0.01341842,Male,White
6820,0,0.00251127,Female,White
6821,0,0.03924534,Male,White
6822,0,0.20583537,Male,White
6823,1,0.18172062,Male,White
6824,0,0.0022063,Female,White
6825,0,0.01082653,Male,White
6826,1,0.39642299,Male,White
6827,0,0.00408468,Male,White
6828,0,0.00814082,Female,White
6829,0,0.06479504,Male,White
6830,0,0.02739948,Male,White
6831,0,0.01733219,Female,Black
6832,0,0.00244978,Female,White
6833,0,0.33311009,Male,White
6834,0,0.00139252,Female,White
6835,1,0.79160341,Female,White
6836,0,0.50229767,Male,White
6837,1,0.41793595,Male,Asian-Pac-Islander
6838,0,0.19855237,Male,White
6839,0,0.0805193,Male,White
6840,0,0.11806657,Female,White
6841,1,0.48499308,Male,White
6842,0,0.00196118,Female,Black
6843,0,0.02451418,Male,White
6844,0,0.00689131,Male,White
6845,0,0.02518565,Female,White
6846,0,0.09710765,Male,White
6847,0,0.02246832,Male,Black
6848,0,0.01390774,Female,Black
6849,0,0.07436467,Female,White
6850,0,0.00217046,Female,White
6851,0,0.31944487,Male,White
6852,0,0.01076585,Male,White
6853,0,0.0769234,Female,White
6854,1,0.56028989,Female,White
6855,0,0.77087685,Male,White
6856,0,0.03300744,Male,White
6857,0,0.0720831,Male,White
6858,0,0.01538415,Female,White
6859,1,1.0,Female,White
6860,0,0.03703869,Female,White
6861,0,0.00143439,Female,White
6862,1,0.83092777,Male,White
6863,1,0.87156992,Male,Asian-Pac-Islander
6864,0,0.02445545,Female,White
6865,0,0.6678835,Male,White
6866,1,0.07585448,Male,White
6867,0,0.00241108,Female,Black
6868,0,0.02993823,Female,White
6869,1,0.51359165,Male,White
6870,1,0.60548675,Male,White
6871,0,0.00103893,Female,White
6872,0,0.00111884,Male,White
6873,0,0.00806834,Male,White
6874,0,0.07434512,Male,White
6875,0,0.04091631,Female,White
6876,0,0.00131754,Female,White
6877,0,0.01588262,Female,White
6878,1,0.71624705,Male,White
6879,0,0.00130663,Male,White
6880,0,0.04165792,Male,White
6881,0,0.05791204,Female,White
6882,0,0.00732001,Female,White
6883,0,0.00109643,Female,Black
6884,1,0.38364338,Male,White
6885,0,0.00583871,Male,White
6886,0,0.06108667,Female,Black
6887,0,0.00159579,Female,White
6888,1,0.03220339,Female,White
6889,0,0.10232913,Male,White
6890,0,0.88273856,Male,White
6891,0,0.02068964,Female,White
6892,0,0.1060393,Male,Amer-Indian-Eskimo
6893,0,0.0125584,Female,Other
6894,1,0.09800939,Female,White
6895,0,0.29966143,Male,White
6896,0,0.0009422,Female,White
6897,0,0.05544735,Female,Amer-Indian-Eskimo
6898,0,0.21802087,Male,White
6899,0,0.11648976,Male,White
6900,0,0.67072289,Male,White
6901,0,0.24667056,Male,White
6902,0,0.00447358,Male,White
6903,1,0.33471635,Male,White
6904,0,0.31101258,Male,White
6905,1,0.71368166,Male,White
6906,0,0.00566386,Male,Black
6907,1,0.94507071,Male,White
6908,0,0.5884679,Male,White
6909,0,0.05051298,Male,White
6910,0,0.84910544,Male,White
6911,1,0.32322068,Male,White
6912,0,0.00364145,Female,White
6913,1,0.10291101,Male,White
6914,0,0.28980414,Male,White
6915,0,0.25509198,Male,White
6916,0,0.08908211,Male,White
6917,1,0.99041789,Male,White
6918,1,0.52582271,Female,White
6919,1,0.63444896,Male,White
6920,0,0.00551472,Male,White
6921,0,0.00185118,Female,White
6922,0,0.01669271,Male,White
6923,0,0.07223502,Male,White
6924,0,0.01207007,Male,Black
6925,0,0.00477921,Male,White
6926,0,0.6866959,Male,White
6927,1,0.28637948,Male,White
6928,1,0.66740753,Male,White
6929,0,0.01301596,Female,Black
6930,0,0.09211969,Female,White
6931,0,0.16152699,Female,White
6932,0,0.23572086,Male,White
6933,0,0.00579633,Male,White
6934,0,0.21002048,Male,White
6935,0,0.0637059,Female,White
6936,0,0.02996448,Male,White
6937,1,0.63142373,Male,White
6938,0,0.00980608,Female,White
6939,0,0.26209403,Male,White
6940,1,0.47812697,Male,White
6941,0,0.4030692,Male,White
6942,0,0.00765727,Female,White
6943,0,0.66651832,Male,White
6944,0,0.00358191,Male,White
6945,0,0.01082653,Male,White
6946,0,0.00352025,Male,White
6947,1,0.25947936,Male,White
6948,0,0.005854,Female,Black
6949,0,0.00135047,Female,White
6950,1,0.26552228,Male,White
6951,0,0.00547944,Male,White
6952,0,0.00195828,Male,Black
6953,0,0.03898426,Female,White
6954,0,0.28171182,Male,White
6955,0,0.08806591,Female,White
6956,1,0.46155466,Male,White
6957,1,0.7411191,Male,White
6958,0,0.00268742,Female,Black
6959,0,0.04567257,Male,White
6960,0,0.10941428,Male,White
6961,0,0.66498961,Male,White
6962,0,0.16210375,Male,White
6963,0,0.31862666,Male,White
6964,0,0.05687654,Male,White
6965,1,0.41728622,Male,White
6966,1,0.80629737,Male,White
6967,0,0.11222659,Male,White
6968,1,0.88361548,Male,White
6969,0,0.02258328,Male,White
6970,0,0.0228784,Male,White
6971,0,0.1511157,Male,White
6972,0,0.0187027,Male,White
6973,1,0.17810546,Male,White
6974,1,0.99881526,Male,White
6975,0,0.56133193,Female,White
6976,1,0.95344432,Male,White
6977,0,0.63017999,Male,White
6978,0,0.15752832,Male,White
6979,0,0.0087237,Male,White
6980,0,0.02235229,Male,White
6981,0,0.00119508,Female,White
6982,1,0.48745003,Male,White
6983,0,0.02499115,Female,White
6984,0,0.601063,Female,White
6985,0,0.07125859,Female,White
6986,0,0.3878493,Female,White
6987,1,0.53463369,Male,White
6988,0,0.00141863,Female,Black
6989,0,0.15509033,Male,White
6990,1,0.25827791,Male,White
6991,0,0.2722916,Male,White
6992,0,0.00353717,Female,White
6993,0,0.0013135,Female,Black
6994,0,0.13931299,Male,White
6995,0,0.0008935,Female,White
6996,0,0.00178313,Female,Black
6997,0,0.3873378,Male,White
6998,0,0.30506445,Male,White
6999,0,0.78680182,Male,White
7000,1,0.27052221,Male,White
7001,0,0.07352534,Female,White
7002,0,0.06451251,Female,White
7003,0,0.00278534,Female,White
7004,0,0.20919376,Male,White
7005,1,0.94920707,Male,White
7006,0,0.0275759,Male,White
7007,0,0.02415971,Female,White
7008,1,0.12581508,Male,White
7009,0,0.05322813,Male,White
7010,1,0.69159838,Male,White
7011,0,0.07982456,Male,White
7012,0,0.1270534,Male,White
7013,0,0.00048116,Male,White
7014,0,0.00130796,Male,Asian-Pac-Islander
7015,0,0.06755222,Male,Black
7016,0,0.04377085,Male,White
7017,0,0.07170519,Female,White
7018,0,0.49793756,Male,White
7019,0,0.07436467,Female,White
7020,0,0.00060601,Male,White
7021,0,0.00809699,Male,Black
7022,0,0.05695328,Male,White
7023,0,0.02531556,Male,Black
7024,1,0.13998314,Female,White
7025,1,0.99999984,Female,White
7026,0,0.02675269,Male,White
7027,0,0.26474663,Male,White
7028,1,0.05986955,Female,White
7029,0,0.14475372,Male,White
7030,1,0.72743085,Male,White
7031,0,0.02090347,Female,White
7032,0,0.215372,Male,White
7033,0,0.09210107,Female,White
7034,0,0.02499842,Female,White
7035,1,0.28148058,Male,White
7036,0,0.07487137,Male,White
7037,0,0.04036849,Female,Asian-Pac-Islander
7038,0,0.25734554,Male,White
7039,0,0.68209262,Male,White
7040,1,0.60151318,Male,White
7041,0,0.02195841,Female,Black
7042,0,0.06547837,Male,White
7043,0,0.01187918,Female,White
7044,0,0.71667539,Male,White
7045,0,0.00515738,Female,White
7046,0,0.00023646,Female,White
7047,1,0.80805624,Male,White
7048,1,0.56393902,Male,White
7049,0,0.39855218,Male,White
7050,0,0.00037419,Female,White
7051,0,0.01655357,Female,Black
7052,0,0.00259701,Female,White
7053,0,0.0092686,Female,White
7054,0,0.01400354,Female,White
7055,0,0.01169765,Female,White
7056,0,0.00496025,Female,White
7057,0,0.40964934,Male,White
7058,0,0.42193989,Male,White
7059,0,0.06286149,Female,White
7060,0,0.26815028,Male,Asian-Pac-Islander
7061,0,0.01152544,Female,Black
7062,1,0.88032214,Male,White
7063,1,0.13259798,Male,White
7064,0,0.15034742,Male,White
7065,1,0.20351757,Male,White
7066,0,0.08291154,Male,White
7067,0,0.00716043,Female,White
7068,0,0.11115267,Female,White
7069,0,0.00849385,Female,White
7070,0,0.28856992,Male,White
7071,0,0.42362833,Male,White
7072,0,0.0105441,Male,White
7073,0,0.25449819,Male,White
7074,1,0.18331655,Female,White
7075,1,0.97489548,Male,Asian-Pac-Islander
7076,0,0.0023016,Female,Black
7077,0,0.02682762,Female,White
7078,0,0.05181926,Female,White
7079,0,0.00266037,Male,Black
7080,1,0.55017163,Male,White
7081,0,0.01603768,Female,White
7082,0,0.19377759,Male,White
7083,0,0.01567482,Female,Black
7084,0,0.07325082,Male,Black
7085,0,0.08857473,Male,White
7086,0,0.35820066,Male,White
7087,0,0.00426851,Male,White
7088,1,0.97685722,Male,White
7089,1,0.68767072,Male,White
7090,0,0.01637083,Female,White
7091,1,0.72192393,Female,White
7092,1,0.44933917,Male,White
7093,0,0.00146055,Female,White
7094,0,0.00527049,Male,Black
7095,0,0.00262299,Male,White
7096,0,0.10719865,Male,White
7097,1,0.67996234,Male,White
7098,0,0.37924385,Male,White
7099,0,0.11637208,Male,White
7100,0,0.42886648,Male,Black
7101,0,0.04832373,Female,White
7102,0,0.03523892,Male,Black
7103,0,0.04548843,Female,Asian-Pac-Islander
7104,1,0.48546601,Male,White
7105,0,0.01168625,Male,White
7106,0,0.0028611,Male,White
7107,0,0.00889682,Male,White
7108,0,0.02688365,Female,White
7109,0,0.01835904,Male,White
7110,0,0.00245775,Female,White
7111,1,0.11420356,Female,White
7112,0,0.05875263,Male,White
7113,0,0.00829823,Female,White
7114,0,0.5870101,Male,White
7115,0,0.00353576,Female,White
7116,1,0.36567044,Male,White
7117,1,0.7638283,Male,White
7118,1,0.67979508,Male,White
7119,0,0.00310716,Male,White
7120,0,0.31697575,Male,White
7121,0,0.10744951,Female,White
7122,0,0.02228108,Female,White
7123,0,0.03061751,Female,Black
7124,1,0.82465316,Male,White
7125,0,0.07106725,Male,White
7126,0,0.30344813,Male,White
7127,1,0.79601019,Male,Black
7128,0,0.03597962,Female,White
7129,0,0.06932003,Female,White
7130,0,0.00409187,Male,White
7131,1,0.68983989,Male,White
7132,0,0.31232204,Male,White
7133,0,0.38340678,Male,White
7134,0,0.0398459,Male,White
7135,0,0.51040539,Male,White
7136,0,0.00436799,Male,Black
7137,0,0.03521795,Female,White
7138,0,0.01575811,Female,Black
7139,0,0.00796549,Male,White
7140,0,0.00347815,Female,White
7141,0,0.5612026,Male,White
7142,0,0.01169448,Male,White
7143,0,0.04819184,Female,White
7144,0,0.0015007,Male,White
7145,1,0.69313785,Female,White
7146,0,0.44374228,Female,White
7147,1,0.76490222,Male,White
7148,0,0.215372,Male,White
7149,0,0.00511289,Female,White
7150,0,0.15195684,Female,White
7151,0,0.1913422,Male,White
7152,0,0.04844368,Female,White
7153,0,0.00557816,Male,White
7154,0,0.00835386,Female,White
7155,0,0.01327204,Male,White
7156,0,0.0137048,Male,White
7157,0,0.06244475,Female,White
7158,1,0.36429963,Male,Amer-Indian-Eskimo
7159,0,0.02839681,Female,White
7160,1,0.46196633,Male,White
7161,0,0.13328197,Male,White
7162,1,0.67089145,Male,White
7163,0,0.36196064,Male,Other
7164,0,0.0151567,Female,White
7165,0,0.02387212,Female,Black
7166,0,0.05061482,Female,White
7167,0,0.00435749,Male,White
7168,0,0.01136013,Female,Black
7169,1,0.65477891,Male,Asian-Pac-Islander
7170,1,0.43653096,Male,White
7171,0,0.00381054,Male,Black
7172,0,0.00461325,Male,White
7173,0,0.00228552,Male,White
7174,0,0.19022885,Male,White
7175,1,0.29107638,Male,White
7176,1,0.81094877,Male,White
7177,0,0.46329784,Male,White
7178,0,0.0198671,Male,White
7179,0,0.69467347,Male,White
7180,0,0.01173376,Female,Black
7181,0,0.00175345,Male,White
7182,0,0.01146984,Female,White
7183,0,0.0680883,Male,White
7184,0,0.03567379,Male,White
7185,0,0.01585949,Male,White
7186,1,0.81285581,Female,White
7187,0,0.0254405,Female,White
7188,1,0.58240257,Male,White
7189,0,0.00679565,Female,White
7190,0,0.00207484,Male,White
7191,0,0.29755797,Male,White
7192,0,0.05242748,Male,White
7193,0,0.00271633,Male,Amer-Indian-Eskimo
7194,0,0.39390788,Female,White
7195,0,0.1806352,Male,White
7196,0,0.01165177,Male,White
7197,0,0.01607058,Female,White
7198,0,0.00876059,Male,White
7199,0,0.00503006,Male,White
7200,0,0.01963535,Female,White
7201,0,0.01847013,Male,White
7202,0,0.00473987,Female,White
7203,0,0.02889624,Male,Black
7204,0,0.02283114,Male,White
7205,0,0.01625747,Male,White
7206,0,0.0138175,Female,White
7207,0,0.29984029,Male,White
7208,0,0.00664045,Female,White
7209,0,0.05176366,Female,White
7210,0,0.0030332,Female,Black
7211,0,0.13049851,Male,White
7212,1,0.26226004,Male,White
7213,0,0.3487197,Male,Black
7214,0,0.01641292,Female,White
7215,0,0.0037796,Male,Black
7216,0,0.07902095,Male,White
7217,0,0.05763275,Male,Black
7218,1,0.29484814,Male,White
7219,1,0.12880641,Male,White
7220,0,0.01006908,Female,White
7221,0,0.01125637,Male,White
7222,0,0.00769551,Male,Other
7223,0,0.56595116,Male,White
7224,0,0.00580248,Male,White
7225,0,0.09165559,Male,White
7226,1,0.99849773,Male,White
7227,0,0.58793815,Male,White
7228,0,0.10569468,Female,White
7229,1,0.40478747,Male,White
7230,0,0.04786666,Male,White
7231,0,0.44302497,Male,White
7232,0,0.01190083,Male,White
7233,0,0.34837878,Male,White
7234,0,0.45918313,Male,White
7235,1,0.81199305,Male,White
7236,0,0.02980127,Female,Black
7237,0,0.06729107,Male,White
7238,0,0.01334665,Male,White
7239,0,0.23515768,Male,White
7240,0,0.36473501,Female,White
7241,0,0.00462632,Female,White
7242,0,0.01916488,Male,White
7243,0,0.36285729,Male,White
7244,0,0.00865616,Female,White
7245,0,0.22574266,Male,White
7246,1,0.12379842,Male,White
7247,0,0.05192869,Female,White
7248,0,0.36588495,Male,White
7249,0,0.00835732,Female,White
7250,0,0.3109249,Male,Black
7251,0,0.00830431,Female,White
7252,0,0.11854522,Male,Other
7253,0,0.01190812,Male,Asian-Pac-Islander
7254,0,0.01307646,Female,White
7255,1,0.30833714,Male,White
7256,0,0.42951451,Male,White
7257,0,0.11438166,Female,White
7258,1,0.02222286,Female,White
7259,0,0.2993224,Male,White
7260,0,0.01306696,Male,White
7261,0,0.00116212,Male,White
7262,1,0.67536827,Male,White
7263,0,0.17040791,Male,White
7264,0,0.08859001,Male,White
7265,0,0.14633499,Male,White
7266,0,0.0848333,Male,White
7267,0,0.01775015,Male,White
7268,0,0.01757945,Male,White
7269,0,0.50375578,Male,White
7270,0,0.05444096,Female,White
7271,0,0.17581806,Male,White
7272,0,0.14703674,Male,White
7273,0,0.03298186,Male,Black
7274,0,0.00070766,Female,White
7275,1,0.53405169,Female,Black
7276,0,0.2322073,Male,White
7277,0,0.00528444,Male,White
7278,0,0.14658881,Male,White
7279,0,0.00865532,Female,White
7280,0,0.83834325,Male,White
7281,1,0.63823964,Female,White
7282,0,0.33450266,Male,White
7283,0,0.01948534,Female,White
7284,0,0.00325901,Male,Black
7285,0,0.00350599,Male,White
7286,0,0.44679641,Male,White
7287,0,0.00253544,Female,White
7288,0,0.00106876,Female,Black
7289,0,0.01852318,Male,White
7290,0,0.1441776,Male,White
7291,0,0.00715796,Male,White
7292,0,0.021767,Male,White
7293,0,0.17430742,Male,White
7294,0,0.40731032,Male,Black
7295,0,0.0030299,Female,Black
7296,0,0.01430689,Male,White
7297,1,0.86519678,Male,White
7298,0,0.00907734,Male,White
7299,1,0.38240952,Male,White
7300,0,0.28483104,Male,Black
7301,0,0.01603853,Male,White
7302,1,0.68278837,Male,White
7303,0,0.15256497,Female,White
7304,0,0.14928679,Male,White
7305,1,0.79309464,Male,White
7306,0,0.75654568,Male,White
7307,0,0.10310848,Male,White
7308,0,0.00040577,Female,White
7309,0,0.1697639,Male,White
7310,0,0.13459683,Male,White
7311,0,0.00246234,Female,White
7312,0,0.07106725,Male,White
7313,1,0.16895269,Male,White
7314,0,0.19560889,Male,White
7315,1,0.62513855,Male,White
7316,0,0.00937951,Female,White
7317,0,0.21874113,Male,White
7318,0,0.04458536,Male,Black
7319,0,0.04954684,Female,Asian-Pac-Islander
7320,1,0.34109217,Male,White
7321,1,0.22744431,Male,White
7322,0,0.12278785,Male,White
7323,1,0.61505272,Male,White
7324,1,0.59482989,Male,White
7325,0,0.27570439,Male,Black
7326,0,0.02504961,Male,White
7327,0,0.01023207,Female,White
7328,0,0.00695492,Female,White
7329,0,0.00602917,Male,White
7330,0,0.06218134,Female,Black
7331,0,0.09383693,Male,White
7332,0,0.02045421,Male,White
7333,1,0.9046053,Male,White
7334,0,0.00579125,Male,White
7335,0,0.05685151,Female,White
7336,1,0.67827536,Male,White
7337,0,0.01415939,Female,White
7338,0,0.05594905,Male,White
7339,0,0.25421923,Male,White
7340,0,0.34799671,Male,White
7341,0,0.00501762,Male,White
7342,0,0.47755998,Male,White
7343,1,0.87716246,Female,White
7344,0,0.10899392,Male,White
7345,0,0.09581265,Male,White
7346,0,0.02046851,Female,White
7347,1,0.46287101,Male,White
7348,1,1.0,Male,White
7349,0,0.32722591,Male,White
7350,1,0.173741,Female,White
7351,0,0.0134338,Male,White
7352,1,0.31917672,Male,White
7353,0,0.02590906,Female,White
7354,0,0.05483391,Male,White
7355,0,0.01447071,Male,Other
7356,1,0.45964857,Male,White
7357,1,1.0,Male,Black
7358,0,0.09573833,Male,White
7359,0,0.00736578,Male,White
7360,0,0.50877353,Male,White
7361,0,0.61995984,Male,Black
7362,0,0.05192344,Male,Asian-Pac-Islander
7363,1,0.16433411,Male,White
7364,0,0.04208201,Male,White
7365,1,0.93303635,Male,White
7366,0,0.63410604,Male,White
7367,1,0.6809338,Male,White
7368,0,0.19139363,Male,White
7369,0,0.01581586,Male,White
7370,0,0.58832519,Male,White
7371,0,0.01179893,Male,White
7372,0,0.01024179,Female,White
7373,0,0.00620507,Female,White
7374,1,0.38104309,Female,White
7375,0,0.0085286,Female,White
7376,0,0.00485621,Female,White
7377,0,0.01330622,Female,White
7378,0,0.00373236,Female,White
7379,0,0.69256549,Male,White
7380,0,0.4891095,Male,White
7381,0,0.04082282,Male,White
7382,1,0.44450925,Male,White
7383,0,0.55037224,Male,White
7384,1,0.66700352,Male,White
7385,1,0.66157104,Male,White
7386,1,0.56776811,Male,White
7387,0,0.00334739,Female,White
7388,1,0.9779147,Male,White
7389,0,0.01227262,Male,White
7390,0,0.0082871,Male,White
7391,0,0.00577816,Male,White
7392,1,0.98445148,Male,White
7393,0,0.2281221,Male,White
7394,0,0.00039354,Female,White
7395,0,0.0241037,Male,White
7396,1,0.59464932,Male,White
7397,0,0.15505589,Male,White
7398,0,0.00744533,Male,White
7399,0,0.01597769,Female,Black
7400,0,0.00768978,Female,Black
7401,0,0.96734496,Male,White
7402,0,0.03523583,Male,White
7403,1,0.83109063,Male,White
7404,0,0.01616383,Female,White
7405,1,0.87305954,Male,White
7406,0,0.0040583,Male,White
7407,0,0.17800989,Male,White
7408,0,0.03209459,Male,White
7409,0,0.00359766,Female,Black
7410,0,0.00694107,Female,White
7411,0,0.33339877,Male,White
7412,0,0.01338585,Male,White
7413,1,0.03362221,Male,White
7414,0,0.31917672,Male,White
7415,1,0.80767539,Male,White
7416,0,0.0354356,Female,White
7417,0,0.47812697,Male,White
7418,0,0.10516012,Female,White
7419,0,0.04481397,Female,Black
7420,1,0.99977434,Male,White
7421,0,0.28171182,Male,White
7422,1,0.30462747,Male,Black
7423,0,0.00652355,Male,White
7424,0,0.64159217,Male,Asian-Pac-Islander
7425,0,0.65902233,Male,Black
7426,0,0.21154432,Female,White
7427,0,0.49511715,Male,White
7428,1,0.83496557,Male,White
7429,1,0.68983989,Male,White
7430,0,0.00451792,Female,White
7431,1,0.75114198,Male,Black
7432,0,0.01700886,Female,White
7433,0,0.00787443,Male,White
7434,0,0.04019071,Male,White
7435,0,0.01947325,Male,White
7436,0,0.04715481,Female,White
7437,0,0.0074662,Male,Black
7438,1,0.18287814,Male,White
7439,0,0.03418076,Male,White
7440,0,0.03257532,Male,Other
7441,0,0.01080202,Male,White
7442,0,0.00746711,Male,Black
7443,0,0.1140358,Male,White
7444,0,0.01082776,Female,Black
7445,0,0.00493057,Female,Amer-Indian-Eskimo
7446,0,0.13204525,Male,White
7447,0,0.0011152,Female,White
7448,0,0.15031534,Male,Black
7449,0,0.08268679,Male,White
7450,1,0.70845084,Male,White
7451,0,0.13481998,Male,White
7452,0,0.02575476,Male,White
7453,0,0.12689492,Male,White
7454,1,0.27722986,Male,White
7455,0,0.73215994,Male,White
7456,1,0.78499318,Male,White
7457,0,0.00196425,Female,White
7458,0,0.13093491,Male,White
7459,0,0.00402696,Male,White
7460,0,0.18358578,Male,White
7461,1,0.81888209,Male,White
7462,0,0.04568523,Female,Asian-Pac-Islander
7463,0,0.0009015,Female,White
7464,0,0.03443161,Male,White
7465,0,0.21585249,Male,White
7466,0,0.08920663,Male,White
7467,0,0.13272718,Female,White
7468,0,0.25827791,Male,White
7469,1,0.42821319,Male,White
7470,1,0.61563128,Male,White
7471,0,0.27729259,Male,White
7472,1,0.31088801,Male,Asian-Pac-Islander
7473,0,0.10404567,Male,White
7474,0,0.53089157,Male,White
7475,0,0.0021732,Female,White
7476,0,0.31641233,Male,White
7477,0,0.05454691,Female,White
7478,1,0.71563188,Male,White
7479,0,0.04385844,Male,Black
7480,0,0.02322136,Female,White
7481,0,0.00688765,Male,Black
7482,0,0.37271446,Female,White
7483,0,0.26022353,Male,White
7484,1,0.4556835,Male,White
7485,0,0.02553776,Male,White
7486,0,0.00526708,Male,White
7487,0,0.21954327,Male,White
7488,0,0.39019181,Male,White
7489,0,0.02985738,Female,White
7490,1,0.39937835,Female,White
7491,0,0.27939038,Male,White
7492,0,0.19139363,Male,White
7493,1,0.01281998,Male,White
7494,1,0.99871405,Male,White
7495,0,0.11464178,Male,White
7496,0,0.30226721,Male,White
7497,0,0.10231315,Female,White
7498,0,0.00936184,Female,White
7499,1,0.54468223,Male,White
7500,0,0.6959614,Male,White
7501,0,0.00561879,Female,Amer-Indian-Eskimo
7502,0,0.27440652,Male,White
7503,0,0.00329721,Female,White
7504,0,0.37662908,Male,White
7505,0,0.62798613,Male,White
7506,0,0.00084606,Female,White
7507,0,0.13542442,Male,White
7508,0,0.7767415,Male,Asian-Pac-Islander
7509,0,0.30515559,Male,Amer-Indian-Eskimo
7510,1,0.8964963,Male,White
7511,1,0.87466561,Female,White
7512,0,0.00240781,Female,Black
7513,1,0.59271286,Male,White
7514,0,0.07505893,Female,White
7515,0,0.44263105,Male,White
7516,0,0.01339933,Male,White
7517,1,0.87053121,Male,White
7518,0,0.01547727,Male,White
7519,1,0.98743025,Male,White
7520,0,0.09950533,Female,White
7521,0,0.2463123,Male,White
7522,0,0.01250166,Female,White
7523,0,0.21114412,Male,White
7524,1,0.51619173,Male,White
7525,0,0.37758346,Female,White
7526,0,0.04164021,Male,White
7527,0,0.00297821,Female,White
7528,1,0.16180972,Female,White
7529,1,0.79403136,Male,White
7530,0,0.40425458,Male,White
7531,0,0.59052467,Male,White
7532,0,0.13011195,Male,White
7533,0,0.01337285,Male,White
7534,1,0.52319582,Male,White
7535,0,0.26318458,Male,White
7536,0,0.18646012,Male,White
7537,0,0.00510836,Female,Black
7538,0,0.00495316,Female,White
7539,0,0.00289073,Male,White
7540,0,0.00688837,Male,White
7541,0,0.11677694,Male,White
7542,0,0.02327281,Female,White
7543,0,0.00346174,Female,White
7544,1,0.22430163,Male,White
7545,0,0.01041003,Male,White
7546,1,0.98103234,Female,White
7547,0,0.02057848,Male,White
7548,0,0.02831692,Male,Black
7549,0,0.2145917,Female,White
7550,1,0.12706253,Male,White
7551,1,0.67900607,Male,Black
7552,1,1.0,Male,White
7553,1,1.0,Male,Asian-Pac-Islander
7554,0,0.00037976,Female,White
7555,0,0.0224884,Male,White
7556,0,0.35610907,Female,White
7557,0,0.00367825,Female,White
7558,0,0.03865271,Male,White
7559,0,0.58472902,Male,White
7560,0,0.00131687,Male,White
7561,0,0.00466035,Female,White
7562,0,0.20728674,Female,Black
7563,1,0.8457577,Male,White
7564,0,0.00280768,Female,White
7565,0,0.02419554,Male,White
7566,1,0.56122622,Male,White
7567,0,0.09822128,Male,White
7568,1,0.5220636,Male,White
7569,0,0.74111602,Male,White
7570,0,0.02640314,Female,White
7571,0,0.00418156,Male,White
7572,0,0.09997247,Male,White
7573,0,0.05565278,Female,Black
7574,0,0.27375836,Male,White
7575,0,0.09650891,Male,White
7576,0,0.00970085,Female,Black
7577,0,0.67954548,Male,White
7578,0,0.55441617,Female,White
7579,1,0.74640498,Male,White
7580,0,0.17746876,Male,White
7581,0,0.12634184,Male,White
7582,0,0.24757765,Male,White
7583,1,0.26110978,Male,White
7584,0,0.00744101,Female,White
7585,0,0.02177533,Male,White
7586,0,0.20888896,Male,White
7587,0,0.0195636,Female,White
7588,0,0.07314832,Female,White
7589,0,0.22569402,Male,White
7590,0,0.00225719,Female,White
7591,0,0.67345598,Male,White
7592,0,0.91501914,Male,White
7593,0,0.04128929,Female,Black
7594,1,0.18585936,Male,White
7595,0,0.13830919,Male,White
7596,0,0.00430559,Female,White
7597,1,0.1511999,Male,White
7598,0,0.31318471,Female,White
7599,0,0.0037342,Male,White
7600,0,0.00256299,Female,White
7601,0,0.04717446,Female,Other
7602,1,0.82935196,Male,White
7603,0,0.07037288,Female,White
7604,1,0.95668205,Male,White
7605,0,0.24337948,Male,White
7606,1,0.84167758,Female,White
7607,1,0.68172046,Male,White
7608,0,0.09046282,Male,White
7609,0,0.00578869,Male,White
7610,1,0.9407962,Male,White
7611,0,0.00506582,Male,White
7612,0,0.07052603,Male,White
7613,0,0.00490322,Female,White
7614,0,0.00878532,Female,Black
7615,0,0.73263994,Male,White
7616,1,0.54131567,Male,White
7617,1,0.54465308,Female,White
7618,0,0.02155722,Female,White
7619,0,0.01438137,Female,Black
7620,0,0.01669746,Female,White
7621,0,0.12884482,Male,Black
7622,0,0.00337804,Male,White
7623,0,0.27058967,Male,White
7624,0,0.00155274,Male,White
7625,1,0.66925259,Male,White
7626,0,0.0007598,Female,White
7627,0,0.10533978,Male,White
7628,0,0.15945934,Male,White
7629,0,0.00518138,Male,White
7630,0,0.08117127,Male,White
7631,0,0.10906862,Male,White
7632,0,0.08203645,Male,Asian-Pac-Islander
7633,1,0.44443879,Male,White
7634,0,0.03596273,Male,White
7635,1,0.75622802,Male,White
7636,0,0.33761122,Male,White
7637,1,0.61716026,Male,White
7638,0,0.0043777,Female,White
7639,1,0.84915965,Male,White
7640,0,0.01705515,Male,White
7641,0,0.00470006,Male,White
7642,0,0.06444661,Male,White
7643,0,0.03013006,Male,White
7644,1,0.84546369,Female,White
7645,1,0.28904732,Male,White
7646,0,0.01539035,Female,White
7647,0,0.61205605,Male,White
7648,0,0.00072823,Female,White
7649,0,0.0028611,Male,White
7650,1,0.1187322,Female,White
7651,1,0.82373992,Male,White
7652,0,0.10084876,Male,White
7653,1,0.4315451,Male,White
7654,0,0.05414776,Male,White
7655,0,0.72661182,Male,White
7656,0,0.37924539,Male,White
7657,0,0.09370695,Male,White
7658,1,0.84661595,Male,White
7659,0,0.02109518,Female,White
7660,0,0.67840597,Male,White
7661,0,0.00238233,Male,White
7662,0,0.01283155,Male,White
7663,0,0.0530526,Male,White
7664,0,0.00558836,Female,White
7665,0,0.06377883,Male,White
7666,0,0.04308668,Female,White
7667,0,0.00120924,Male,White
7668,0,0.05406893,Male,White
7669,1,0.37997267,Male,Amer-Indian-Eskimo
7670,0,0.10637143,Male,White
7671,0,0.00966812,Female,White
7672,0,0.25975416,Male,White
7673,0,0.01149642,Female,White
7674,0,0.00402648,Female,White
7675,0,0.02463406,Male,Amer-Indian-Eskimo
7676,0,0.01868175,Female,White
7677,0,0.1843103,Male,White
7678,0,0.02525898,Male,Black
7679,0,0.0056628,Female,Asian-Pac-Islander
7680,0,0.33525358,Male,White
7681,0,0.060826,Male,Black
7682,1,0.69855914,Male,White
7683,0,0.80076202,Male,White
7684,0,0.00172501,Male,White
7685,0,0.11232696,Male,White
7686,0,0.03079829,Male,Other
7687,1,0.61157749,Male,White
7688,0,0.00101296,Female,White
7689,0,0.4004879,Male,White
7690,0,0.16345826,Male,White
7691,0,0.18447071,Female,Black
7692,0,0.37662908,Male,White
7693,0,0.0050575,Female,White
7694,0,0.01041686,Male,White
7695,0,0.02656147,Female,White
7696,0,0.01262003,Female,White
7697,0,0.0178546,Male,White
7698,0,0.00550527,Male,White
7699,0,0.0991199,Female,White
7700,0,0.00999232,Male,White
7701,0,0.09624681,Male,White
7702,0,0.00050068,Male,White
7703,1,0.1036462,Male,White
7704,1,0.84166014,Male,White
7705,0,0.03510458,Female,Other
7706,0,0.19266844,Male,White
7707,0,0.01141604,Male,White
7708,0,0.09926588,Male,White
7709,0,0.28409203,Male,White
7710,0,0.00051851,Female,Amer-Indian-Eskimo
7711,0,0.0657013,Male,White
7712,1,0.82031306,Male,White
7713,0,0.02345276,Male,White
7714,1,0.34816511,Male,White
7715,0,0.0612843,Female,White
7716,0,0.01137966,Male,White
7717,0,0.0195287,Male,Other
7718,0,0.27771757,Male,White
7719,0,0.03086353,Male,White
7720,0,0.59901202,Male,Black
7721,1,0.00858026,Male,Asian-Pac-Islander
7722,0,0.2160128,Female,White
7723,0,0.41778319,Male,White
7724,0,0.44205549,Male,White
7725,0,0.01459575,Male,White
7726,1,0.51718887,Male,White
7727,0,0.14437771,Male,White
7728,0,0.5976469,Male,White
7729,0,0.31781749,Male,White
7730,1,0.50117326,Female,White
7731,1,0.80888911,Male,White
7732,0,0.13640804,Male,White
7733,0,0.34556182,Male,White
7734,0,0.03752522,Female,Black
7735,0,0.2959976,Male,White
7736,0,0.00177447,Female,Black
7737,0,0.00044501,Male,White
7738,0,0.02345878,Female,Black
7739,0,0.4682817,Male,White
7740,0,0.01046084,Male,White
7741,0,0.02842709,Female,White
7742,1,0.60127173,Male,White
7743,0,0.01806389,Female,White
7744,0,0.00190119,Male,White
7745,0,0.0112242,Male,White
7746,0,0.03681681,Male,White
7747,1,0.37325676,Female,White
7748,1,0.10731486,Male,White
7749,0,0.33648923,Female,White
7750,1,0.68708902,Male,White
7751,0,0.20777902,Male,White
7752,0,0.21213178,Male,White
7753,1,0.20476667,Female,White
7754,0,0.04969296,Male,White
7755,0,0.27611286,Male,White
7756,0,0.83928275,Male,White
7757,0,0.00852996,Female,White
7758,0,0.04423925,Female,White
7759,0,0.28944946,Male,White
7760,1,0.13045941,Male,Asian-Pac-Islander
7761,1,0.31466464,Male,White
7762,0,0.06769827,Female,White
7763,0,0.01101953,Female,White
7764,0,0.80541192,Male,White
7765,0,0.50830955,Male,Black
7766,1,0.21002048,Male,White
7767,0,0.04001284,Male,White
7768,0,0.19435545,Male,White
7769,0,0.0044347,Male,White
7770,0,0.05351016,Male,Black
7771,0,0.01252256,Male,White
7772,0,0.15734376,Male,White
7773,0,0.01031679,Female,White
7774,0,0.00053068,Male,White
7775,0,0.23033956,Male,White
7776,0,0.01178408,Male,Black
7777,0,0.02696546,Male,White
7778,0,0.14197341,Male,White
7779,0,0.00642122,Male,White
7780,0,0.00223752,Female,White
7781,0,0.19999336,Male,White
7782,0,0.0128595,Male,White
7783,0,0.10788229,Male,White
7784,0,0.05464935,Female,Other
7785,0,0.04365151,Male,White
7786,1,0.04649667,Male,White
7787,0,0.02523851,Female,White
7788,0,0.01439266,Female,White
7789,0,0.1544529,Male,White
7790,0,0.01525938,Female,White
7791,1,0.87548764,Male,White
7792,0,0.05959954,Female,White
7793,0,0.29314499,Male,White
7794,0,0.21403462,Male,White
7795,0,0.05417111,Female,White
7796,0,0.20070528,Female,White
7797,1,0.39617695,Male,White
7798,0,0.01241353,Female,White
7799,0,0.01366721,Female,White
7800,0,0.14809707,Male,White
7801,0,0.00032372,Male,White
7802,0,0.0012512,Female,White
7803,0,0.14762705,Male,White
7804,1,0.52313372,Male,White
7805,1,0.95585219,Male,White
7806,1,1.0,Male,White
7807,0,0.75358741,Male,White
7808,0,0.01439208,Female,White
7809,1,0.37545042,Male,White
7810,0,0.55863187,Male,White
7811,0,0.02504901,Male,White
7812,0,0.01272801,Male,White
7813,1,0.88895405,Female,White
7814,0,0.26594631,Male,White
7815,0,0.03593564,Female,White
7816,0,0.02161815,Male,White
7817,0,0.00779867,Female,White
7818,0,0.0342512,Female,Black
7819,0,0.07355893,Male,White
7820,0,0.48036103,Female,White
7821,0,0.01464329,Male,White
7822,1,0.45279165,Male,White
7823,0,0.23974732,Male,White
7824,1,0.69898687,Female,White
7825,0,0.03164507,Female,White
7826,0,0.06204025,Female,White
7827,0,0.03602565,Male,White
7828,0,0.24505478,Male,White
7829,1,0.93483599,Male,Black
7830,0,0.04070003,Female,White
7831,0,0.03980634,Male,White
7832,1,0.04053911,Female,White
7833,0,0.01388775,Male,White
7834,0,0.18460395,Male,White
7835,0,0.43526367,Male,White
7836,0,0.15093343,Male,White
7837,1,0.07297458,Male,White
7838,1,0.25449819,Male,White
7839,1,0.23168673,Male,White
7840,0,0.34100789,Male,White
7841,0,0.00542335,Male,White
7842,0,0.02122496,Female,White
7843,0,0.01701259,Female,White
7844,0,0.52868816,Male,White
7845,0,0.00158824,Male,White
7846,0,0.00085288,Female,White
7847,0,0.10081666,Male,White
7848,1,0.16852808,Male,White
7849,0,0.02663561,Female,White
7850,0,0.12984235,Male,White
7851,0,0.01743374,Male,White
7852,0,0.01269025,Female,White
7853,1,0.31278505,Female,White
7854,0,0.29598158,Male,White
7855,1,1.0,Male,White
7856,0,0.84321245,Female,White
7857,0,0.00633778,Male,Black
7858,1,0.8076322,Male,White
7859,0,0.0003281,Female,White
7860,0,0.23274819,Male,White
7861,0,0.00658485,Male,White
7862,1,0.29803247,Male,White
7863,1,0.31062295,Male,White
7864,0,0.0357702,Female,White
7865,0,0.02398691,Female,White
7866,1,0.62219381,Male,White
7867,0,0.43287233,Male,White
7868,0,0.03499802,Male,White
7869,0,0.130985,Male,White
7870,0,0.15977085,Female,White
7871,0,0.065462,Male,Black
7872,0,0.00096836,Female,Black
7873,0,0.00206674,Female,White
7874,0,0.00129912,Female,Black
7875,1,0.29705039,Male,Black
7876,0,0.50182157,Male,White
7877,0,0.00218961,Female,White
7878,0,0.00143274,Male,White
7879,0,0.00652523,Male,White
7880,1,0.20617943,Male,White
7881,0,0.05178694,Male,White
7882,1,0.99791412,Male,White
7883,0,0.08538803,Male,White
7884,0,0.12481856,Male,Amer-Indian-Eskimo
7885,0,0.0060757,Female,White
7886,0,0.00308967,Female,White
7887,0,0.01256537,Male,White
7888,0,0.0129912,Male,Black
7889,1,0.43461615,Male,Other
7890,0,0.30453646,Male,White
7891,0,0.05321127,Male,White
7892,1,0.86580781,Male,White
7893,0,0.02956238,Male,White
7894,0,0.69372244,Male,White
7895,0,0.03667657,Male,White
7896,0,0.02959021,Female,White
7897,0,0.01732306,Female,White
7898,1,0.31371951,Male,White
7899,0,0.39390788,Female,White
7900,0,0.00176284,Male,White
7901,0,0.01047292,Female,White
7902,1,0.38787641,Male,White
7903,0,0.01228884,Female,White
7904,0,0.89429343,Male,White
7905,1,0.79023324,Male,Black
7906,0,0.00549049,Female,White
7907,0,0.00369443,Male,White
7908,0,0.435407,Male,White
7909,0,0.72265592,Male,White
7910,0,0.12230269,Female,White
7911,1,0.86192003,Male,White
7912,0,0.38339505,Male,Asian-Pac-Islander
7913,0,0.0615926,Male,White
7914,0,0.2121841,Male,White
7915,1,0.92483624,Male,White
7916,1,0.22893227,Male,White
7917,0,0.05958145,Female,Other
7918,0,0.02244138,Male,White
7919,0,0.15657259,Male,White
7920,0,0.10009947,Male,White
7921,0,0.02920064,Female,White
7922,0,0.41728622,Male,White
7923,0,0.00255308,Female,White
7924,0,0.00295234,Male,White
7925,0,0.00151313,Male,White
7926,0,0.02693723,Male,White
7927,0,0.00204354,Female,White
7928,0,0.02756101,Female,White
7929,0,0.57064383,Female,White
7930,0,0.73852676,Female,Black
7931,0,0.23612284,Male,White
7932,0,0.023732,Female,White
7933,0,0.32711844,Male,White
7934,1,0.82810569,Male,White
7935,0,0.00113003,Female,White
7936,0,0.20146265,Male,Black
7937,0,0.0533011,Male,White
7938,0,0.01170854,Female,White
7939,0,0.00569417,Male,Black
7940,0,0.02181381,Male,White
7941,0,0.23213164,Male,White
7942,0,0.00750844,Male,Black
7943,0,0.19475777,Male,White
7944,0,0.01416588,Male,White
7945,0,0.25543007,Male,White
7946,0,0.0115969,Female,Amer-Indian-Eskimo
7947,1,0.4222051,Male,Black
7948,0,0.00179817,Male,Black
7949,0,0.11717744,Male,White
7950,0,0.20241211,Male,White
7951,1,0.19669067,Male,White
7952,0,0.00671946,Female,White
7953,1,0.38379475,Male,White
7954,1,0.27264462,Male,White
7955,0,0.00106313,Female,White
7956,1,0.82125463,Male,White
7957,1,0.925834,Male,White
7958,0,0.31506931,Male,White
7959,0,0.01517142,Male,White
7960,0,0.46535748,Male,White
7961,0,0.39403725,Female,White
7962,0,0.03245171,Male,White
7963,1,0.34651807,Male,Asian-Pac-Islander
7964,1,0.95765255,Male,White
7965,0,0.38669487,Male,Asian-Pac-Islander
7966,0,0.03700813,Male,White
7967,0,0.00129801,Male,Other
7968,0,0.11656411,Male,White
7969,0,0.03004812,Female,White
7970,0,0.13557726,Female,Black
7971,0,0.00077603,Female,Black
7972,1,0.75910691,Male,White
7973,0,0.46166061,Female,White
7974,0,0.04451498,Male,White
7975,0,0.43235763,Male,White
7976,1,0.09534098,Female,White
7977,1,0.63823887,Male,White
7978,0,0.16591354,Male,White
7979,0,0.08007963,Male,White
7980,0,0.12383005,Male,White
7981,0,0.18726795,Male,White
7982,0,0.00980184,Female,White
7983,1,0.27771757,Male,White
7984,0,0.00357076,Male,Other
7985,1,0.89934002,Male,White
7986,0,0.06213059,Female,White
7987,0,0.01463,Male,Black
7988,0,0.12985894,Male,White
7989,0,0.06751526,Female,White
7990,0,0.01223714,Female,White
7991,0,0.01020776,Male,White
7992,1,0.97957453,Male,White
7993,1,0.76506866,Male,Black
7994,0,0.0107788,Male,Asian-Pac-Islander
7995,0,0.05069177,Female,White
7996,0,0.01490539,Female,White
7997,0,0.19448121,Male,White
7998,0,0.01404641,Female,Black
7999,1,0.79011494,Male,White
8000,0,0.04234712,Male,White
8001,0,0.00981088,Female,White
8002,0,0.31353477,Male,White
8003,1,0.73788532,Male,White
8004,0,0.00515096,Male,Black
8005,0,0.01914965,Female,White
8006,0,0.0016125,Female,White
8007,1,0.84585164,Male,White
8008,0,0.02637418,Female,White
8009,1,0.03172739,Female,White
8010,0,0.01032956,Female,White
8011,1,0.10254346,Male,White
8012,0,0.00328007,Female,Black
8013,0,0.37289234,Male,White
8014,1,0.14783938,Male,White
8015,0,0.11610374,Female,White
8016,0,0.41312974,Male,White
8017,0,0.05515254,Male,White
8018,0,0.31150814,Male,White
8019,0,0.00961963,Female,White
8020,1,0.76698067,Male,White
8021,0,0.1250296,Male,White
8022,0,0.40764537,Female,White
8023,1,0.96524565,Male,White
8024,0,0.02787034,Male,White
8025,0,0.00094247,Female,Black
8026,0,0.00313607,Female,White
8027,0,0.14601435,Female,Black
8028,0,0.00580248,Male,White
8029,0,0.00818817,Male,White
8030,0,0.75653216,Female,White
8031,1,0.33176085,Female,White
8032,1,0.86710582,Male,White
8033,0,0.01950729,Male,White
8034,0,0.1202769,Female,Black
8035,0,0.0436047,Male,White
8036,1,0.11112159,Male,Asian-Pac-Islander
8037,1,0.45234186,Male,White
8038,0,0.15596229,Male,White
8039,0,0.30084534,Male,White
8040,0,0.79341765,Male,White
8041,0,0.00509111,Male,White
8042,0,0.00420159,Male,White
8043,0,0.01776624,Female,White
8044,0,0.01817555,Female,White
8045,1,0.36607041,Male,White
8046,0,0.45602586,Male,White
8047,0,0.01196012,Male,White
8048,0,0.01104091,Male,White
8049,1,0.61537252,Female,White
8050,1,0.99773017,Male,White
8051,0,0.48110797,Male,White
8052,0,0.66073152,Male,White
8053,0,0.07020852,Male,White
8054,0,0.11458401,Female,White
8055,0,0.09606579,Female,Asian-Pac-Islander
8056,0,0.01535331,Male,White
8057,0,0.59472064,Male,White
8058,0,0.10109694,Female,White
8059,0,0.0010057,Female,White
8060,0,0.19716576,Male,White
8061,0,0.01836883,Female,White
8062,0,0.16374377,Male,White
8063,1,0.6214272,Male,White
8064,1,0.38282513,Male,White
8065,1,0.452406,Male,White
8066,1,0.21730301,Male,White
8067,1,0.50701562,Male,White
8068,1,0.6843108,Male,Black
8069,0,0.00251993,Female,White
8070,1,0.9490319,Male,White
8071,0,0.01065121,Male,White
8072,1,0.2857408,Male,White
8073,0,0.72798334,Male,White
8074,1,0.19368664,Male,White
8075,0,0.01127199,Female,White
8076,1,0.63299741,Female,White
8077,0,0.17146044,Male,Black
8078,0,0.00780484,Female,White
8079,0,0.20364845,Male,White
8080,0,0.05551289,Male,White
8081,0,0.02944206,Female,White
8082,0,0.010467,Female,White
8083,0,0.08186078,Female,White
8084,0,0.00991971,Female,White
8085,0,0.00350884,Female,White
8086,0,0.02957109,Female,White
8087,0,0.33631354,Male,White
8088,1,0.69547414,Male,White
8089,0,0.04191269,Male,White
8090,1,0.92839401,Male,White
8091,0,0.01255058,Female,White
8092,0,0.05687654,Male,White
8093,0,0.09452572,Female,White
8094,0,0.00403851,Male,White
8095,1,0.27788975,Male,White
8096,0,0.03751804,Female,White
8097,0,0.54594477,Male,White
8098,0,0.00029638,Female,White
8099,0,0.00468634,Male,White
8100,1,0.03556973,Female,White
8101,0,0.00383968,Female,White
8102,0,0.38602603,Male,White
8103,0,0.02077918,Male,Amer-Indian-Eskimo
8104,0,0.01229369,Female,White
8105,0,0.00057099,Female,White
8106,0,0.07417691,Male,Black
8107,0,0.12255349,Female,White
8108,0,0.23158037,Male,White
8109,0,0.11664703,Male,White
8110,0,0.05012094,Female,White
8111,0,0.00305841,Male,Black
8112,0,0.19064653,Male,White
8113,0,0.01659515,Female,White
8114,0,0.00143311,Female,White
8115,0,0.00035877,Female,White
8116,0,0.68700572,Male,White
8117,0,0.00557816,Male,White
8118,0,0.04489972,Male,White
8119,1,0.66103359,Female,Black
8120,0,0.12863946,Male,White
8121,0,0.26524884,Male,White
8122,0,0.11974359,Male,White
8123,0,0.00470006,Male,White
8124,0,0.03951083,Male,White
8125,0,0.00300775,Male,White
8126,0,0.02586023,Female,White
8127,0,0.00968439,Female,White
8128,0,0.00087598,Female,White
8129,0,0.18145437,Female,White
8130,0,0.12468927,Male,White
8131,1,0.7935563,Male,White
8132,0,0.00039443,Female,White
8133,0,0.01410695,Female,White
8134,0,0.62120965,Male,White
8135,0,0.23809009,Male,White
8136,0,0.4147346,Male,White
8137,0,0.0024478,Male,White
8138,0,0.58222865,Male,White
8139,0,0.0057511,Female,White
8140,1,0.45118975,Male,White
8141,0,0.00479673,Male,White
8142,0,0.22214804,Male,White
8143,0,0.38087346,Female,White
8144,0,0.06345233,Female,White
8145,1,0.86700397,Male,White
8146,0,0.20225014,Male,White
8147,1,0.1010779,Female,White
8148,1,0.28998081,Male,White
8149,0,0.16857497,Male,White
8150,0,0.04747666,Male,White
8151,0,0.10789854,Male,White
8152,0,0.04294853,Male,White
8153,0,0.00972688,Female,White
8154,0,0.00474099,Male,White
8155,0,0.01661336,Female,White
8156,0,0.47874144,Male,White
8157,1,0.57194723,Female,White
8158,1,0.16618729,Male,White
8159,0,0.01025711,Male,White
8160,0,0.01027391,Male,White
8161,0,0.00405308,Female,White
8162,0,0.20099672,Male,White
8163,0,0.03085894,Male,White
8164,0,0.00304854,Male,Asian-Pac-Islander
8165,0,0.32300381,Male,White
8166,0,0.04372808,Female,White
8167,1,0.70413746,Male,White
8168,1,0.8933523,Male,White
8169,1,0.27680817,Male,White
8170,0,0.02010056,Male,White
8171,0,0.1859582,Male,White
8172,0,0.26050774,Male,White
8173,0,0.60376746,Male,White
8174,1,0.94563227,Male,White
8175,0,0.07796335,Female,White
8176,1,0.57728773,Female,White
8177,0,0.00599522,Female,White
8178,0,0.60333422,Male,White
8179,0,0.00633504,Male,White
8180,0,0.14722199,Female,White
8181,0,0.01072266,Male,White
8182,0,0.02682436,Female,White
8183,1,0.70398672,Female,White
8184,1,0.28285272,Male,White
8185,1,0.73832395,Male,White
8186,0,0.3092836,Male,White
8187,0,0.00093976,Male,White
8188,1,0.99999994,Female,White
8189,0,0.59587078,Male,White
8190,0,0.00252043,Male,White
8191,0,0.18631785,Male,White
8192,0,0.15371376,Male,White
8193,0,0.00723339,Male,White
8194,0,0.0032209,Female,Black
8195,0,0.15363162,Male,White
8196,1,0.41875477,Male,White
8197,0,0.1843446,Male,White
8198,0,0.53932749,Male,Asian-Pac-Islander
8199,0,0.01039039,Female,White
8200,0,0.01357233,Female,White
8201,0,0.0115437,Female,White
8202,0,0.62019983,Male,White
8203,0,0.0580643,Male,White
8204,0,0.00832194,Male,White
8205,0,0.13270841,Male,White
8206,0,0.03979966,Female,White
8207,0,0.07203481,Male,White
8208,0,0.0382573,Female,White
8209,0,0.60878764,Male,White
8210,0,0.51717869,Male,White
8211,0,0.1590875,Male,Black
8212,1,0.39281773,Male,White
8213,0,0.00889545,Female,White
8214,0,0.07021419,Male,White
8215,1,0.86863628,Female,White
8216,1,0.99708365,Male,White
8217,0,0.00719306,Male,White
8218,0,0.00279165,Female,White
8219,0,0.29821205,Male,White
8220,0,0.49796785,Male,White
8221,0,0.02183905,Male,White
8222,1,0.93015498,Male,White
8223,0,0.04446808,Male,White
8224,0,0.03195322,Male,White
8225,0,0.12237968,Male,White
8226,0,0.45838413,Male,White
8227,0,0.21287393,Male,White
8228,0,0.34326806,Male,White
8229,0,0.00197344,Female,Black
8230,0,0.00378301,Female,Black
8231,1,0.29121641,Male,White
8232,0,0.11486837,Male,White
8233,0,0.06021979,Female,White
8234,1,0.99847071,Male,White
8235,0,0.02312373,Male,White
8236,0,0.01930703,Female,Black
8237,1,0.98065619,Male,White
8238,0,0.58210731,Male,White
8239,0,0.05033234,Male,White
8240,0,0.27544538,Male,White
8241,0,0.00238603,Male,White
8242,0,0.01000939,Male,White
8243,0,0.00902941,Female,White
8244,0,0.01688628,Male,White
8245,1,0.99834471,Male,White
8246,0,0.33809502,Female,White
8247,0,0.29303648,Male,White
8248,0,0.18587116,Male,White
8249,0,0.01028235,Male,White
8250,0,0.10892803,Male,White
8251,0,0.00106858,Female,Black
8252,0,0.00222719,Male,White
8253,1,0.7748432,Male,White
8254,1,0.23615244,Male,White
8255,0,0.62477331,Male,White
8256,0,0.63679176,Male,White
8257,1,0.80806351,Male,White
8258,0,0.00068693,Female,White
8259,0,0.46534237,Male,White
8260,0,0.09194598,Female,White
8261,1,0.16304475,Male,White
8262,0,0.01219304,Male,Black
8263,0,0.00117011,Male,Other
8264,0,0.04569287,Female,Black
8265,0,0.18586308,Male,White
8266,1,0.68505707,Male,White
8267,0,0.09175794,Male,White
8268,0,0.81367273,Male,Black
8269,0,0.61614778,Male,White
8270,1,0.76378497,Male,White
8271,0,0.00856554,Female,White
8272,0,0.01133672,Male,White
8273,1,0.30639363,Male,White
8274,0,0.31154647,Female,White
8275,0,0.01241377,Female,White
8276,0,0.01137964,Female,White
8277,1,0.78727352,Male,White
8278,1,0.32484218,Female,White
8279,0,0.00109836,Female,White
8280,0,0.00586299,Male,White
8281,0,0.11389951,Male,White
8282,0,0.00082328,Male,White
8283,0,0.02356191,Female,Black
8284,1,0.45231274,Female,White
8285,0,0.08528911,Female,Black
8286,0,0.26611388,Male,White
8287,1,0.27102953,Male,White
8288,0,0.16739666,Female,White
8289,0,0.31730663,Male,White
8290,0,0.10487542,Male,White
8291,0,0.00282662,Male,White
8292,0,0.38936426,Male,White
8293,0,0.13233902,Male,White
8294,0,0.1874561,Male,White
8295,1,0.31062295,Male,White
8296,1,0.02857042,Female,White
8297,0,0.22862259,Male,White
8298,1,0.5111843,Male,White
8299,0,0.06949072,Female,White
8300,0,0.58646312,Male,White
8301,0,0.09111485,Female,White
8302,0,0.17687195,Male,White
8303,0,0.04404642,Female,White
8304,0,0.0077553,Female,White
8305,0,0.21743135,Male,Amer-Indian-Eskimo
8306,1,0.77860313,Male,Other
8307,0,0.22968449,Male,White
8308,0,0.10789924,Male,White
8309,0,0.02225674,Male,White
8310,0,0.14400036,Male,Black
8311,0,0.03939392,Female,White
8312,0,0.71873354,Male,White
8313,0,0.02109472,Male,White
8314,0,0.27063185,Male,Black
8315,0,0.18821848,Female,White
8316,0,0.0922535,Male,White
8317,1,0.62770705,Female,White
8318,1,0.17064757,Male,White
8319,0,0.02256852,Male,White
8320,1,0.45488274,Male,White
8321,0,0.01470187,Male,White
8322,1,0.69712788,Male,White
8323,0,0.00163585,Female,White
8324,0,0.19030408,Male,White
8325,0,0.09402017,Male,White
8326,0,0.02521833,Male,Black
8327,0,0.13044326,Male,White
8328,0,0.60079529,Male,Asian-Pac-Islander
8329,0,0.00980581,Female,White
8330,0,0.65187907,Male,White
8331,0,0.00346957,Female,White
8332,1,0.9984677,Male,White
8333,1,0.19302624,Male,Asian-Pac-Islander
8334,1,0.6958108,Male,White
8335,0,0.45201838,Male,Black
8336,0,0.00303766,Female,White
8337,0,0.01596408,Male,White
8338,0,0.01927889,Male,White
8339,1,0.42647957,Male,White
8340,1,0.57982484,Male,White
8341,0,0.02423823,Female,Black
8342,0,0.00807874,Male,White
8343,1,0.98238714,Male,White
8344,0,0.19189376,Male,White
8345,1,0.15265171,Male,White
8346,0,0.27726264,Male,White
8347,0,0.04421058,Male,White
8348,0,0.15177693,Male,White
8349,1,0.8678174,Male,White
8350,0,0.14210099,Male,White
8351,0,0.01755742,Male,White
8352,0,0.14049954,Male,White
8353,0,0.01971693,Female,Black
8354,1,0.62122491,Male,White
8355,0,0.39201628,Male,White
8356,0,0.00515668,Male,White
8357,0,0.00929246,Male,White
8358,1,0.88801844,Male,White
8359,0,0.38596088,Male,Black
8360,0,0.00574917,Female,Amer-Indian-Eskimo
8361,0,0.37192276,Male,White
8362,0,0.00195765,Female,White
8363,0,0.44689683,Female,White
8364,0,0.00089159,Male,White
8365,0,0.25075509,Male,White
8366,1,0.33665059,Male,White
8367,1,0.99999999,Male,White
8368,0,0.24657867,Female,White
8369,1,0.99496175,Male,Asian-Pac-Islander
8370,1,0.86072149,Male,White
8371,0,0.52930029,Male,White
8372,0,0.00099188,Female,White
8373,1,0.26187302,Male,White
8374,0,0.56969404,Male,White
8375,1,0.06963846,Male,White
8376,0,0.00307677,Male,Other
8377,1,0.52831621,Male,White
8378,0,0.01115636,Female,White
8379,0,0.03836018,Female,White
8380,0,0.05001092,Female,White
8381,0,0.00191687,Male,White
8382,0,0.05887909,Female,Asian-Pac-Islander
8383,0,0.00497492,Female,White
8384,0,0.23830455,Male,White
8385,0,0.01790064,Male,White
8386,0,0.00308599,Female,White
8387,0,0.04376553,Female,White
8388,0,0.11255047,Male,White
8389,0,0.16304475,Male,White
8390,0,0.00103322,Female,White
8391,0,0.03301065,Male,White
8392,0,0.03034589,Female,White
8393,1,0.11320031,Female,White
8394,0,0.00278534,Female,White
8395,0,0.47899436,Male,White
8396,0,0.85358431,Female,White
8397,0,0.16224944,Male,White
8398,0,0.44211327,Male,White
8399,1,0.391857,Male,White
8400,1,0.384922,Male,White
8401,0,0.8972206,Male,White
8402,0,0.00131895,Female,White
8403,0,0.04694126,Male,White
8404,0,0.00241935,Female,White
8405,0,0.45173276,Male,White
8406,0,0.01051952,Male,Black
8407,0,0.00144888,Female,White
8408,1,0.3092836,Male,White
8409,0,0.46717446,Male,White
8410,1,0.74476602,Male,White
8411,0,0.45321606,Male,White
8412,1,0.75002039,Male,White
8413,1,0.78680182,Male,White
8414,0,0.27735596,Male,Black
8415,0,0.00767507,Female,Other
8416,0,0.28171182,Male,White
8417,0,0.1026654,Male,White
8418,0,0.0002884,Female,White
8419,0,0.01665981,Male,White
8420,0,0.08855021,Male,Black
8421,1,0.33041695,Male,White
8422,0,0.21204068,Male,White
8423,0,0.00308851,Female,White
8424,0,0.18564313,Male,White
8425,1,0.95810454,Female,White
8426,0,0.01015641,Male,White
8427,0,0.20239694,Male,White
8428,0,0.91757986,Male,White
8429,0,0.38347648,Male,Asian-Pac-Islander
8430,1,0.82149446,Male,White
8431,0,0.17232017,Male,White
8432,0,0.04019676,Male,White
8433,0,0.01181892,Male,White
8434,1,0.74297135,Male,White
8435,1,0.45668289,Male,White
8436,0,0.86270106,Male,White
8437,1,0.68263109,Male,Black
8438,0,0.00497979,Male,White
8439,0,0.68235593,Male,White
8440,1,0.923623,Male,White
8441,0,0.09968997,Female,White
8442,1,0.76500024,Male,White
8443,0,0.02400468,Female,White
8444,0,0.28393654,Male,White
8445,0,0.05868452,Female,White
8446,0,0.1451658,Male,White
8447,0,0.00595715,Female,White
8448,0,0.00551472,Male,White
8449,1,0.89393187,Male,White
8450,1,0.50826327,Male,Amer-Indian-Eskimo
8451,0,0.03273635,Female,Black
8452,0,0.47289074,Male,White
8453,1,0.28591598,Male,White
8454,0,0.00941048,Female,White
8455,0,0.06341051,Female,White
8456,0,0.00304929,Female,Black
8457,0,0.04157447,Male,White
8458,1,0.22559269,Male,White
8459,0,0.03263029,Male,White
8460,0,0.38709086,Male,Black
8461,0,0.0152842,Female,White
8462,1,0.13027143,Female,White
8463,0,0.01996726,Female,Black
8464,1,0.5474204,Male,White
8465,0,0.10814724,Male,White
8466,0,0.0329897,Female,Black
8467,0,0.24979901,Male,White
8468,0,0.2962918,Male,White
8469,0,0.02281459,Female,White
8470,0,0.00026888,Female,White
8471,0,0.01302894,Male,White
8472,0,0.00426813,Female,White
8473,0,0.00036595,Female,White
8474,0,0.10621173,Female,White
8475,0,0.05686876,Female,White
8476,0,0.038249,Male,White
8477,0,0.00384396,Female,Black
8478,0,0.00633049,Male,White
8479,0,0.03592612,Male,White
8480,0,0.60609342,Male,White
8481,1,0.2108495,Female,White
8482,0,0.02388901,Male,White
8483,0,0.18687351,Male,White
8484,1,0.54842511,Male,White
8485,0,0.01885354,Female,White
8486,0,0.00148224,Female,Black
8487,0,0.2675421,Male,White
8488,0,0.2170207,Male,White
8489,1,0.65565023,Male,White
8490,1,0.55071188,Female,White
8491,0,0.19448063,Male,White
8492,0,0.00593229,Male,Black
8493,0,0.28524567,Male,White
8494,0,0.00938937,Male,White
8495,0,0.02814336,Female,White
8496,0,0.00946545,Female,White
8497,0,0.12479317,Male,Black
8498,0,0.16850664,Male,Asian-Pac-Islander
8499,0,0.02054859,Female,Black
8500,1,0.72987434,Male,White
8501,0,0.02395261,Female,White
8502,1,0.38849392,Male,White
8503,0,0.18585936,Male,White
8504,1,0.35615249,Male,White
8505,1,0.70194518,Male,White
8506,0,0.29108164,Male,White
8507,0,0.01443632,Female,White
8508,1,0.81469983,Male,White
8509,0,0.42371062,Male,White
8510,0,0.02331184,Male,White
8511,1,0.71906568,Male,White
8512,0,0.12168618,Male,White
8513,1,0.92065849,Male,White
8514,0,0.90178238,Male,White
8515,1,0.87833999,Male,White
8516,1,0.7780513,Male,White
8517,1,0.87790679,Male,White
8518,0,0.05855911,Male,White
8519,0,0.65265598,Male,White
8520,1,0.77269146,Female,Other
8521,1,0.54082748,Male,White
8522,0,0.01747177,Female,White
8523,0,0.00433483,Male,White
8524,1,0.97333582,Male,White
8525,0,0.00978553,Female,White
8526,0,0.56004395,Male,White
8527,1,0.9351989,Male,White
8528,0,0.15222036,Female,White
8529,0,0.26108902,Male,White
8530,0,0.01399052,Female,Black
8531,0,0.01212126,Female,White
8532,0,0.07323218,Female,White
8533,1,0.55611031,Male,White
8534,0,0.00646513,Female,White
8535,0,0.01993007,Male,White
8536,0,0.00394493,Female,Black
8537,0,0.15875848,Male,White
8538,0,0.11028304,Male,White
8539,0,0.62819241,Male,White
8540,0,0.00236497,Male,White
8541,0,0.01248859,Male,White
8542,0,0.16370527,Male,White
8543,0,0.05911896,Female,Black
8544,0,0.00133484,Female,Black
8545,0,0.01026574,Female,White
8546,0,0.0040698,Female,White
8547,0,0.04930229,Male,White
8548,0,0.24676759,Male,White
8549,0,0.0039272,Female,Black
8550,1,0.35315105,Male,White
8551,1,0.66487031,Male,White
8552,0,0.00151652,Male,White
8553,0,0.04118834,Male,White
8554,0,0.03478753,Male,White
8555,0,0.35406373,Male,White
8556,0,0.03652082,Female,White
8557,0,0.5434055,Male,Black
8558,0,0.02250936,Female,White
8559,0,0.25075509,Male,White
8560,0,0.03208622,Male,White
8561,0,0.4035107,Male,White
8562,0,0.37800578,Male,White
8563,1,0.32673218,Male,White
8564,0,0.03397266,Female,White
8565,0,0.25336016,Male,White
8566,0,0.4702489,Male,White
8567,0,0.01533115,Female,White
8568,0,0.04085449,Female,White
8569,0,0.00704041,Male,White
8570,0,0.06434775,Male,White
8571,0,0.00966306,Male,White
8572,1,0.73189589,Male,White
8573,1,0.99749713,Male,White
8574,0,0.70954192,Male,White
8575,0,0.00813691,Male,White
8576,0,0.7572682,Male,White
8577,0,0.00743276,Male,White
8578,0,0.0444502,Male,Black
8579,0,0.734136,Male,White
8580,0,0.02297397,Female,Black
8581,0,0.17720527,Male,White
8582,0,0.00384545,Male,White
8583,0,0.02206395,Male,White
8584,1,0.71872551,Male,White
8585,0,0.28920766,Male,White
8586,0,0.24202592,Male,White
8587,0,0.02044866,Female,White
8588,0,0.00390818,Female,White
8589,0,0.0971496,Male,White
8590,1,0.17269985,Female,White
8591,0,0.0797742,Female,White
8592,1,0.77564051,Female,Asian-Pac-Islander
8593,0,0.02257847,Female,White
8594,0,0.01409423,Female,White
8595,0,0.16430156,Female,White
8596,1,0.18254596,Male,White
8597,1,0.94427609,Male,White
8598,0,0.25004672,Male,White
8599,0,0.08166101,Male,White
8600,0,0.34078032,Male,White
8601,1,0.15509033,Male,White
8602,1,0.40450794,Female,White
8603,0,0.31864532,Female,White
8604,1,0.71257101,Male,White
8605,1,0.27695214,Female,White
8606,1,0.11735106,Male,White
8607,0,0.02798717,Male,White
8608,0,0.00075168,Male,White
8609,0,0.18715778,Male,White
8610,0,0.00081433,Female,White
8611,1,0.67006424,Male,White
8612,0,0.00323871,Male,White
8613,1,0.10585774,Female,White
8614,0,0.02000855,Male,White
8615,1,0.99792504,Female,White
8616,0,0.27947761,Male,White
8617,1,0.79471421,Female,White
8618,0,0.44649005,Male,White
8619,0,0.1603574,Male,White
8620,0,0.00902339,Female,White
8621,0,0.2316318,Male,White
8622,0,0.18803037,Male,White
8623,0,0.03709624,Male,White
8624,0,0.00032166,Female,White
8625,0,0.27974404,Male,White
8626,0,0.35937746,Male,White
8627,0,0.00857342,Female,White
8628,0,0.08049823,Male,White
8629,0,0.00067459,Female,White
8630,0,0.00804292,Male,White
8631,1,0.68255079,Male,White
8632,1,0.62110145,Male,White
8633,0,0.48947699,Male,White
8634,1,0.65621368,Male,White
8635,1,0.02388591,Female,Asian-Pac-Islander
8636,0,0.00664931,Female,Black
8637,0,0.07652724,Female,White
8638,0,0.00079051,Female,White
8639,1,0.33968617,Male,White
8640,0,0.00670451,Female,Black
8641,0,0.04496697,Female,White
8642,0,0.67381409,Male,White
8643,1,0.75972005,Male,White
8644,0,0.03495943,Male,White
8645,0,0.00993627,Male,White
8646,0,0.24441211,Male,Black
8647,0,0.12696782,Female,White
8648,0,0.02165667,Male,White
8649,0,0.00626421,Male,White
8650,0,0.80121929,Male,White
8651,0,0.48356107,Male,White
8652,1,0.25075509,Male,White
8653,0,0.080862,Male,Black
8654,1,0.74884447,Male,White
8655,1,1.0,Male,White
8656,0,0.0178115,Female,White
8657,0,0.06674977,Male,White
8658,0,0.00589049,Male,White
8659,0,0.20576958,Male,White
8660,0,0.0184646,Female,White
8661,0,0.21154432,Female,White
8662,0,0.03225699,Female,White
8663,0,0.0138485,Female,White
8664,1,0.57581487,Male,White
8665,0,0.00109812,Female,White
8666,1,0.14674795,Male,White
8667,1,0.97163866,Male,White
8668,0,0.02144347,Male,Black
8669,1,0.8807628,Male,Asian-Pac-Islander
8670,0,0.37268186,Female,Black
8671,0,0.09448769,Male,White
8672,0,0.02017606,Female,White
8673,0,0.05152409,Male,Black
8674,0,0.15678271,Female,White
8675,0,0.3498017,Male,White
8676,1,0.80642964,Male,White
8677,1,0.88552755,Male,White
8678,0,0.01659347,Female,White
8679,0,0.28441854,Male,White
8680,1,0.47205128,Male,White
8681,1,0.81632056,Male,White
8682,0,0.01163509,Female,White
8683,0,0.10603459,Male,White
8684,1,0.18601833,Male,White
8685,0,0.00356658,Female,White
8686,0,0.41570334,Female,White
8687,0,0.78668648,Male,White
8688,0,0.14061759,Male,Black
8689,0,0.02464364,Female,White
8690,0,0.59284396,Male,White
8691,0,0.00042443,Male,Black
8692,0,0.18746243,Male,White
8693,1,0.33890479,Female,White
8694,0,0.00585388,Male,White
8695,0,0.02295645,Female,White
8696,0,0.23259497,Male,White
8697,0,0.00519794,Male,White
8698,0,0.0076619,Female,White
8699,1,0.02475532,Female,Black
8700,1,0.23217335,Male,White
8701,0,0.10891401,Female,White
8702,0,0.01851137,Male,White
8703,0,0.03705265,Male,White
8704,1,0.18008919,Male,White
8705,1,0.40395915,Male,White
8706,1,0.9263619,Male,Black
8707,0,0.50138011,Male,Asian-Pac-Islander
8708,0,0.02997579,Male,White
8709,0,0.04353415,Male,White
8710,0,0.23315939,Female,Black
8711,0,0.00781035,Male,White
8712,1,0.82595437,Male,White
8713,0,0.21486093,Male,White
8714,0,0.15290132,Male,White
8715,0,0.00640557,Female,Amer-Indian-Eskimo
8716,1,0.74678725,Male,White
8717,1,0.63756882,Male,Asian-Pac-Islander
8718,0,0.2006044,Male,White
8719,0,0.26165542,Male,White
8720,1,0.44680365,Male,White
8721,0,0.32017341,Male,White
8722,0,0.0267204,Male,White
8723,0,0.04232469,Male,Black
8724,0,0.07451501,Male,White
8725,0,0.04076799,Male,White
8726,0,0.17817451,Male,White
8727,0,0.04342975,Female,Black
8728,0,0.01486343,Female,Black
8729,0,0.00749864,Female,White
8730,0,0.04007575,Male,White
8731,0,0.05061482,Female,White
8732,0,0.49966933,Male,White
8733,0,0.00525633,Female,White
8734,0,0.28519426,Male,Asian-Pac-Islander
8735,1,0.78680182,Male,White
8736,0,0.07335017,Male,White
8737,0,0.21696739,Male,White
8738,0,0.05381264,Male,White
8739,1,0.7911857,Male,White
8740,0,0.40980649,Female,White
8741,1,0.99829833,Male,White
8742,0,0.03351797,Female,White
8743,0,0.69062959,Male,White
8744,0,0.02856391,Male,White
8745,0,0.00695027,Female,White
8746,0,0.00206674,Female,White
8747,1,0.99833392,Male,White
8748,0,0.05121429,Male,White
8749,0,0.02777563,Female,White
8750,0,0.37758111,Male,White
8751,0,0.08475504,Male,White
8752,0,0.00428067,Male,White
8753,0,0.03263717,Male,White
8754,0,0.0032978,Female,White
8755,0,0.00871281,Male,White
8756,1,0.99754483,Female,White
8757,0,0.01559422,Female,White
8758,1,0.84781299,Male,White
8759,0,0.14745561,Male,White
8760,1,0.76300865,Male,White
8761,0,0.00406555,Male,White
8762,0,0.65659013,Female,White
8763,0,0.13909556,Male,White
8764,0,0.0042962,Male,White
8765,0,0.00394353,Female,Black
8766,0,0.03207393,Female,White
8767,0,0.03096664,Male,White
8768,0,0.32018314,Male,White
8769,1,0.28822746,Male,White
8770,0,0.2806034,Female,White
8771,0,0.03636212,Male,White
8772,0,0.03035489,Male,White
8773,0,0.0019839,Female,Black
8774,0,0.11339664,Female,White
8775,1,0.23223193,Male,Asian-Pac-Islander
8776,0,0.02288512,Male,White
8777,1,0.66325085,Male,White
8778,1,0.99318428,Male,Black
8779,1,0.05558008,Female,Black
8780,0,0.05135088,Female,White
8781,1,0.33450965,Male,White
8782,0,0.30725801,Male,White
8783,1,0.89401506,Male,White
8784,0,0.27378007,Male,White
8785,0,0.11321708,Male,White
8786,0,0.00057682,Female,Black
8787,0,0.02017705,Male,White
8788,0,0.34058238,Male,White
8789,1,0.96308534,Male,White
8790,0,0.05522307,Male,Black
8791,0,0.01522869,Male,White
8792,0,0.32430162,Male,White
8793,0,0.00753774,Female,Black
8794,1,0.72265859,Male,White
8795,0,0.05484408,Female,Asian-Pac-Islander
8796,0,0.23499195,Male,White
8797,0,0.55363381,Male,Black
8798,0,0.0032394,Male,White
8799,0,0.03351986,Male,Black
8800,1,0.31583446,Female,White
8801,1,0.58730055,Male,White
8802,1,0.80295731,Male,White
8803,0,0.35792951,Male,White
8804,0,0.01405711,Male,White
8805,0,0.1873781,Female,White
8806,0,0.0265825,Female,Black
8807,0,0.1710791,Male,White
8808,0,0.00370723,Female,White
8809,0,0.01940608,Female,White
8810,0,0.02143603,Female,White
8811,0,0.03088196,Male,White
8812,0,0.4024007,Male,White
8813,0,0.00213757,Female,White
8814,0,0.09250668,Female,White
8815,1,0.22689869,Male,White
8816,1,0.72431282,Male,White
8817,0,0.31255884,Male,White
8818,1,0.65043287,Male,White
8819,0,0.11190242,Male,White
8820,0,0.0058719,Female,White
8821,0,0.19087639,Male,White
8822,0,0.00585069,Male,White
8823,0,0.00254242,Male,White
8824,0,0.00464057,Female,White
8825,1,0.82112976,Male,White
8826,0,0.00992824,Female,White
8827,0,0.01235476,Female,White
8828,1,0.77246871,Female,White
8829,0,0.30953291,Male,White
8830,0,0.08172865,Female,White
8831,0,0.04463057,Male,White
8832,0,0.10026912,Female,White
8833,0,0.01523286,Male,Black
8834,0,0.00454111,Male,White
8835,0,0.07725165,Female,White
8836,0,0.00746329,Female,White
8837,0,0.00284858,Female,Black
8838,0,0.68581372,Male,White
8839,0,0.00999758,Female,White
8840,0,0.00132107,Female,Black
8841,1,0.47241453,Male,White
8842,0,0.08333748,Male,White
8843,0,0.25610814,Male,White
8844,0,0.07427511,Male,White
8845,0,0.08846285,Male,Asian-Pac-Islander
8846,0,0.11906299,Male,White
8847,0,0.64044507,Female,Black
8848,0,0.2962084,Male,White
8849,0,0.33915167,Male,White
8850,0,0.28171182,Male,White
8851,1,0.75618274,Male,White
8852,1,0.21071843,Male,White
8853,0,0.01124878,Male,White
8854,0,0.04301248,Male,White
8855,0,0.00821307,Female,White
8856,1,0.89168748,Male,White
8857,0,0.70064595,Male,White
8858,1,0.29280365,Male,White
8859,0,0.28021889,Male,White
8860,1,0.76752076,Male,White
8861,0,0.50173952,Male,White
8862,1,0.99827346,Male,Asian-Pac-Islander
8863,0,0.00338932,Female,White
8864,0,0.30639363,Male,White
8865,0,0.00209797,Male,White
8866,0,0.47229873,Male,Black
8867,0,0.17147358,Male,White
8868,1,0.43181553,Male,White
8869,0,0.78525606,Male,White
8870,0,0.06759675,Male,White
8871,0,0.13998093,Male,White
8872,0,0.41228218,Male,White
8873,0,0.02887022,Male,White
8874,0,0.01536975,Female,Asian-Pac-Islander
8875,0,0.04294316,Female,White
8876,0,0.01577849,Female,White
8877,0,0.59126662,Male,White
8878,1,0.76339982,Female,White
8879,0,0.00403752,Female,White
8880,1,0.19608631,Male,White
8881,0,0.01645216,Male,Asian-Pac-Islander
8882,0,0.00736152,Female,Amer-Indian-Eskimo
8883,1,0.15303218,Female,White
8884,1,0.81597674,Male,White
8885,0,0.13462942,Female,Black
8886,0,0.53202163,Male,White
8887,0,0.04357229,Female,White
8888,0,0.01219968,Male,White
8889,1,0.13488002,Female,White
8890,0,0.02039512,Male,Black
8891,0,0.12269116,Male,White
8892,0,0.05142786,Male,White
8893,0,0.26209403,Male,White
8894,1,0.99962361,Male,White
8895,1,0.21461016,Female,White
8896,1,0.73150166,Male,White
8897,0,0.27468048,Male,White
8898,0,0.24704879,Male,White
8899,0,0.00143073,Female,White
8900,1,0.91730583,Male,White
8901,0,0.47091401,Male,White
8902,0,0.16296679,Male,White
8903,0,0.09719423,Female,Black
8904,1,0.24409494,Male,White
8905,0,0.00990965,Male,White
8906,0,0.00925335,Male,White
8907,0,0.00788478,Female,White
8908,0,0.19574127,Male,Black
8909,0,0.43756069,Male,White
8910,0,0.01762217,Female,White
8911,0,0.00332405,Male,Black
8912,0,0.03315588,Female,Black
8913,0,0.11427197,Female,White
8914,1,0.92232986,Male,White
8915,0,0.11464189,Male,White
8916,1,0.55561704,Male,White
8917,0,0.0022509,Female,White
8918,0,0.01091739,Male,White
8919,1,0.80417368,Male,White
8920,0,0.14990628,Male,White
8921,0,0.00757415,Female,White
8922,0,0.00430656,Male,White
8923,0,0.00429128,Female,White
8924,1,0.38339847,Male,White
8925,1,0.47203069,Male,White
8926,0,0.05042009,Male,Other
8927,1,0.62949413,Male,White
8928,0,0.42058789,Male,White
8929,0,0.01370398,Female,White
8930,0,0.08688592,Male,White
8931,0,0.0286885,Male,White
8932,0,0.05818296,Female,White
8933,0,0.29188316,Male,White
8934,0,0.08029331,Female,White
8935,0,0.14928445,Male,White
8936,0,0.02153948,Male,White
8937,0,0.53209394,Male,White
8938,0,0.02021221,Female,White
8939,0,0.37728365,Male,White
8940,0,0.37282092,Male,White
8941,0,0.32137061,Female,White
8942,1,0.77601584,Female,White
8943,0,0.22070775,Male,Black
8944,1,0.3994609,Male,White
8945,1,0.2320482,Female,White
8946,1,0.79894006,Male,White
8947,1,0.43763355,Male,White
8948,0,0.00090477,Female,Asian-Pac-Islander
8949,0,0.31558816,Male,White
8950,0,0.13480487,Male,White
8951,1,0.49141652,Male,White
8952,0,0.00467042,Female,White
8953,0,0.04652465,Male,White
8954,0,0.0022224,Male,Asian-Pac-Islander
8955,0,0.31367231,Male,White
8956,0,0.14533577,Female,White
8957,0,0.06171713,Male,White
8958,1,0.85175879,Male,White
8959,0,0.54726385,Male,White
8960,1,0.51717869,Male,White
8961,1,0.75019485,Male,White
8962,1,0.2003569,Male,White
8963,0,0.00791573,Female,White
8964,0,0.70014182,Female,White
8965,1,0.2973672,Female,White
8966,1,0.22539306,Male,White
8967,0,0.24359918,Male,White
8968,0,0.06345635,Male,White
8969,0,0.38693696,Female,White
8970,0,0.00518124,Male,White
8971,0,0.3610842,Male,White
8972,0,0.03887825,Female,White
8973,0,0.00380184,Male,White
8974,0,0.00204861,Male,White
8975,0,0.0013548,Female,White
8976,0,0.13415092,Male,White
8977,0,0.03203518,Male,White
8978,0,0.46628203,Male,White
8979,0,0.03625866,Female,White
8980,0,0.05901488,Female,White
8981,0,0.69414075,Male,White
8982,0,0.03316421,Male,White
8983,0,0.28739112,Male,Asian-Pac-Islander
8984,0,0.00283132,Female,White
8985,0,0.16926371,Male,Asian-Pac-Islander
8986,0,0.53836756,Male,White
8987,1,0.2875481,Male,Black
8988,0,0.0004069,Female,Other
8989,0,0.00188205,Female,White
8990,0,0.00731476,Male,White
8991,0,0.01329456,Male,Black
8992,0,0.02258968,Female,White
8993,1,0.20351757,Male,White
8994,0,0.01508628,Female,White
8995,0,0.07316518,Female,White
8996,0,0.11856611,Female,White
8997,1,0.99999998,Male,White
8998,0,0.11605011,Male,White
8999,0,0.0127987,Male,White
9000,1,0.98912146,Male,White
9001,0,0.00258215,Female,White
9002,1,0.31703097,Male,White
9003,0,0.68409508,Male,White
9004,1,0.15894287,Male,White
9005,0,0.02150848,Female,White
9006,0,0.01898975,Male,White
9007,1,0.92020028,Male,White
9008,0,0.0033284,Female,White
9009,0,0.00300004,Female,Black
9010,1,0.71200995,Male,White
9011,0,0.22281046,Male,White
9012,0,0.05456416,Female,White
9013,1,0.33084986,Male,White
9014,0,0.02393012,Male,White
9015,0,0.00749835,Female,White
9016,0,0.23760332,Male,White
9017,0,0.01156763,Male,White
9018,0,0.00971553,Female,White
9019,0,0.07305087,Male,White
9020,0,0.00075731,Female,White
9021,1,0.7024197,Male,White
9022,0,0.00333788,Male,White
9023,0,0.59598762,Male,White
9024,0,0.36632625,Male,White
9025,0,0.00086419,Male,White
9026,0,0.01687092,Male,White
9027,0,0.00423624,Female,White
9028,1,0.37765973,Male,White
9029,1,0.84803406,Male,White
9030,1,0.7615482,Female,White
9031,0,0.00289418,Female,White
9032,0,0.01132189,Male,White
9033,0,0.01539481,Male,White
9034,1,0.38077391,Male,White
9035,0,0.36181587,Female,White
9036,0,0.27186255,Male,White
9037,1,0.22944099,Male,White
9038,0,0.12491475,Male,White
9039,1,0.85007039,Male,White
9040,0,0.34353274,Male,White
9041,0,0.00182739,Male,White
9042,1,0.73386274,Female,White
9043,0,0.07226492,Male,Black
9044,0,0.80332099,Female,White
9045,0,0.00268336,Male,Other
9046,0,0.05223625,Male,White
9047,1,0.75662655,Male,White
9048,0,0.01790594,Female,White
9049,0,0.00313131,Female,Black
9050,0,0.02486589,Male,Asian-Pac-Islander
9051,0,0.01923679,Male,Black
9052,0,0.049229,Male,White
9053,0,0.58688265,Male,White
9054,0,0.10322738,Female,White
9055,0,0.0034826,Male,Asian-Pac-Islander
9056,0,0.40430189,Male,White
9057,0,0.02583194,Male,White
9058,0,0.3950352,Male,White
9059,0,0.02084143,Female,White
9060,0,0.13704879,Male,Amer-Indian-Eskimo
9061,0,0.12745554,Female,White
9062,0,0.00190378,Female,White
9063,0,0.01046568,Female,White
9064,0,0.00254252,Female,White
9065,0,0.0074768,Female,Black
9066,0,0.00435769,Male,White
9067,0,0.08496723,Male,White
9068,0,0.36129755,Male,White
9069,0,0.68558215,Male,White
9070,0,0.11749464,Female,White
9071,0,0.03509441,Female,White
9072,0,0.00097837,Female,White
9073,1,0.57397227,Male,White
9074,0,0.00100356,Male,White
9075,1,0.84437903,Male,White
9076,0,0.00646619,Female,Black
9077,0,0.00354921,Male,White
9078,0,0.27347795,Male,White
9079,0,0.58778619,Male,White
9080,0,0.03716452,Female,Asian-Pac-Islander
9081,0,0.00548645,Male,White
9082,0,0.01370825,Female,White
9083,0,0.01096128,Female,White
9084,0,0.00781035,Male,White
9085,0,0.32036491,Male,White
9086,0,0.209069,Male,White
9087,0,0.00205811,Male,White
9088,0,0.34382864,Male,White
9089,1,0.36318077,Male,White
9090,0,0.01453517,Male,Black
9091,0,0.01729865,Male,Black
9092,0,0.00210657,Female,Black
9093,0,0.07079051,Male,White
9094,1,0.73834218,Male,White
9095,0,0.55445667,Male,White
9096,0,0.01035974,Female,White
9097,1,0.78176454,Female,White
9098,1,0.70607634,Male,White
9099,1,0.55089666,Male,White
9100,1,0.5188304,Male,White
9101,0,0.02173059,Female,White
9102,0,0.01453354,Female,Asian-Pac-Islander
9103,0,0.00580248,Male,White
9104,0,0.02364904,Female,Black
9105,0,0.00709951,Female,White
9106,0,0.03371986,Male,White
9107,1,0.08363856,Female,Black
9108,0,0.07306005,Female,White
9109,0,0.70310922,Male,White
9110,0,0.08332793,Male,White
9111,0,0.1918454,Male,White
9112,0,0.01088798,Female,White
9113,1,0.75063565,Male,White
9114,0,0.00836424,Female,White
9115,1,0.11685354,Male,White
9116,0,0.00611066,Female,White
9117,0,0.00428002,Male,White
9118,1,0.17538387,Male,White
9119,1,0.31353477,Male,White
9120,0,0.34158757,Male,White
9121,1,0.66093167,Male,White
9122,0,0.00826055,Male,White
9123,0,0.03533888,Female,White
9124,0,0.01871036,Female,White
9125,0,0.00032372,Female,White
9126,0,0.34982391,Male,White
9127,0,0.07692288,Male,White
9128,0,0.16304475,Male,White
9129,0,0.00568922,Male,White
9130,1,0.13346962,Male,White
9131,0,0.28103647,Male,White
9132,1,0.88663399,Male,White
9133,0,0.21551706,Male,White
9134,0,0.00818636,Male,White
9135,0,0.01857013,Male,Asian-Pac-Islander
9136,0,0.00195273,Female,Black
9137,0,0.28946275,Male,White
9138,0,0.00371066,Male,White
9139,1,0.88804851,Male,White
9140,0,0.00887043,Female,White
9141,0,0.01747303,Male,Black
9142,0,0.01217657,Female,Black
9143,0,0.00331528,Female,Other
9144,0,0.00458446,Female,White
9145,0,0.13015446,Female,Black
9146,0,0.15898801,Male,White
9147,0,0.00954429,Female,White
9148,0,0.10901298,Male,White
9149,0,0.1307388,Male,White
9150,0,0.20848037,Male,White
9151,0,0.05584568,Male,Amer-Indian-Eskimo
9152,0,0.38908688,Male,White
9153,0,0.00694083,Female,White
9154,0,0.10778593,Male,White
9155,1,0.157706,Male,White
9156,0,0.4881163,Male,White
9157,0,0.10933776,Female,White
9158,0,0.019538,Male,Amer-Indian-Eskimo
9159,1,0.99914741,Female,White
9160,0,0.40960743,Male,White
9161,0,0.34721483,Male,White
9162,0,0.07604618,Male,White
9163,0,0.00295971,Female,White
9164,0,0.02600965,Male,White
9165,0,0.00546721,Male,White
9166,0,0.00953328,Female,White
9167,0,0.01066459,Female,White
9168,1,0.64349676,Male,White
9169,0,0.00240514,Male,White
9170,0,0.32604212,Female,Black
9171,1,0.73636428,Male,White
9172,1,0.7072607,Male,White
9173,0,0.00584321,Male,White
9174,0,0.2388603,Male,White
9175,0,0.02538632,Male,White
9176,0,0.28306353,Male,White
9177,0,0.25766285,Male,White
9178,0,0.20985838,Male,White
9179,0,0.00876059,Male,White
9180,0,0.08570095,Male,White
9181,0,0.02412374,Male,White
9182,0,0.00502163,Female,White
9183,0,0.73431082,Male,White
9184,0,0.18058063,Female,White
9185,0,0.27897544,Male,White
9186,1,0.99849128,Male,White
9187,1,0.50570128,Male,White
9188,1,0.51780228,Female,Asian-Pac-Islander
9189,0,0.03105837,Female,White
9190,1,0.4284045,Male,White
9191,0,0.55896415,Male,White
9192,0,0.000313,Female,White
9193,1,0.52394144,Female,White
9194,1,0.6043301,Male,White
9195,0,0.88033954,Male,White
9196,0,0.00569917,Female,White
9197,0,0.19888323,Male,White
9198,0,0.03598927,Male,White
9199,0,0.32847535,Male,White
9200,1,0.55201932,Male,White
9201,1,0.37013472,Male,White
9202,0,0.34863553,Male,White
9203,1,0.99143884,Female,White
9204,0,0.03522358,Female,White
9205,0,0.65492702,Male,White
9206,1,0.97464104,Female,Black
9207,1,0.63312205,Male,White
9208,0,0.05837073,Male,White
9209,1,0.8787055,Male,White
9210,0,0.20453129,Male,Black
9211,1,0.66601377,Male,White
9212,0,0.01166732,Female,White
9213,0,0.14214543,Male,White
9214,0,0.28998081,Male,White
9215,1,0.10088453,Male,White
9216,0,0.0117224,Female,White
9217,1,0.63775457,Female,White
9218,0,0.25827791,Male,White
9219,0,0.7024197,Male,White
9220,0,0.02445438,Female,White
9221,0,0.00599904,Female,White
9222,0,0.00819412,Female,White
9223,0,0.07263146,Female,White
9224,0,0.01724167,Female,White
9225,1,0.8501203,Male,White
9226,0,0.00625941,Female,White
9227,0,0.01763894,Male,White
9228,1,0.38505493,Female,White
9229,0,0.00170781,Male,White
9230,0,0.32868338,Female,Black
9231,0,0.38091377,Male,White
9232,1,0.29708391,Male,White
9233,0,0.25128923,Male,White
9234,0,0.051256,Female,White
9235,0,0.02375792,Male,White
9236,0,0.26983452,Male,White
9237,0,0.00525612,Male,White
9238,0,0.5234087,Male,White
9239,0,0.075812,Female,White
9240,0,0.11616697,Male,Black
9241,0,0.03728736,Male,White
9242,1,0.90956384,Male,White
9243,0,0.0350492,Male,White
9244,0,0.09281693,Male,Black
9245,0,0.00316275,Male,White
9246,1,0.73447559,Male,White
9247,1,0.91984603,Male,White
9248,0,0.01306478,Male,White
9249,1,0.99782567,Male,White
9250,0,0.02842489,Female,White
9251,0,0.22157144,Male,White
9252,0,0.13563131,Female,White
9253,0,0.00220877,Male,Black
9254,0,0.01832082,Female,White
9255,0,0.04061879,Male,White
9256,0,0.01871447,Female,White
9257,1,0.6718548,Male,White
9258,0,0.02386783,Male,White
9259,1,0.67443233,Male,White
9260,0,0.4155932,Male,White
9261,0,0.66668116,Male,White
9262,0,0.79660846,Male,White
9263,0,0.00354811,Female,Asian-Pac-Islander
9264,0,0.01086046,Male,White
9265,0,0.04471682,Female,Black
9266,0,0.0772958,Male,White
9267,0,0.06066173,Male,White
9268,1,0.32903811,Male,White
9269,0,0.00568774,Female,White
9270,0,0.01255058,Female,White
9271,0,0.00735534,Male,White
9272,0,0.58041868,Male,White
9273,0,0.0028037,Female,White
9274,0,0.13432607,Male,Black
9275,1,0.51405843,Female,White
9276,0,0.11162353,Female,White
9277,0,0.00534086,Female,White
9278,0,0.18450793,Male,White
9279,0,0.00404422,Female,Black
9280,1,1.0,Male,White
9281,1,0.3100134,Male,White
9282,0,0.00866403,Female,White
9283,0,0.0098728,Female,Black
9284,0,0.01682275,Female,White
9285,0,0.00137308,Female,White
9286,0,0.31658419,Male,White
9287,0,0.02573233,Male,White
9288,0,0.18151325,Female,White
9289,0,0.02665582,Male,White
9290,0,0.0220768,Female,White
9291,0,0.16509551,Male,White
9292,0,0.0189833,Male,White
9293,0,0.37147005,Male,White
9294,0,0.02624296,Male,Black
9295,0,0.00673079,Female,Black
9296,0,0.09273896,Female,Black
9297,0,0.0017239,Female,White
9298,1,0.29883134,Female,White
9299,1,0.90437568,Male,White
9300,0,0.85551772,Male,White
9301,0,0.12189321,Male,White
9302,0,0.09125041,Female,White
9303,0,0.00655751,Female,Asian-Pac-Islander
9304,0,0.56022388,Male,White
9305,0,0.16920632,Male,White
9306,0,0.08022066,Male,White
9307,0,0.00469509,Male,White
9308,1,0.76469748,Male,White
9309,0,0.00916517,Female,Asian-Pac-Islander
9310,0,0.01478135,Female,White
9311,0,0.02159835,Female,White
9312,0,0.07728177,Female,White
9313,0,0.14129568,Male,Black
9314,1,0.72244124,Male,White
9315,0,0.0113992,Male,White
9316,0,0.01127757,Female,Black
9317,0,0.00744872,Female,White
9318,1,0.92515983,Male,Asian-Pac-Islander
9319,1,0.38190207,Male,White
9320,0,0.01698474,Male,White
9321,0,0.42261324,Male,White
9322,0,0.00537047,Male,White
9323,0,0.33031151,Male,White
9324,0,0.05473021,Male,White
9325,0,0.0410807,Female,White
9326,1,0.69109393,Male,White
9327,0,0.02145304,Male,White
9328,0,0.16629957,Male,White
9329,0,0.05837128,Female,Black
9330,0,0.02464485,Male,White
9331,1,0.48178066,Male,White
9332,1,0.88524261,Male,White
9333,0,0.01295609,Female,White
9334,1,0.55687476,Male,White
9335,1,0.47370608,Male,White
9336,1,0.86994986,Male,White
9337,0,0.00214029,Female,White
9338,0,0.28261846,Male,White
9339,0,0.02772486,Female,Other
9340,1,1.0,Male,White
9341,0,0.0144638,Female,White
9342,1,0.29672404,Male,White
9343,0,0.00939542,Female,White
9344,1,0.40568762,Male,White
9345,0,0.22907503,Male,White
9346,0,0.56384488,Male,White
9347,0,0.25025078,Male,White
9348,1,0.67732479,Female,White
9349,0,0.1686753,Male,White
9350,1,0.35286269,Male,White
9351,0,0.4546223,Male,White
9352,0,0.00544476,Male,White
9353,1,0.84736746,Male,White
9354,1,0.97544657,Male,White
9355,0,0.0086007,Female,White
9356,0,0.2533858,Male,White
9357,0,0.00625044,Male,White
9358,0,0.04875116,Female,White
9359,0,0.01995384,Female,White
9360,0,0.00179831,Female,White
9361,0,0.51886217,Male,Black
9362,0,0.01241003,Female,White
9363,0,0.29083114,Male,White
9364,0,0.00302118,Male,White
9365,0,0.00869487,Female,White
9366,0,0.09960001,Male,Black
9367,0,0.08128851,Male,White
9368,0,0.11103865,Male,White
9369,0,0.09714103,Male,White
9370,0,0.05229229,Female,White
9371,0,0.00726381,Female,White
9372,1,0.55561713,Female,White
9373,0,0.02093853,Male,White
9374,0,0.00100854,Female,White
9375,0,0.26363781,Male,Asian-Pac-Islander
9376,1,0.48194266,Male,White
9377,0,0.01304668,Female,White
9378,0,0.32215221,Male,White
9379,1,0.64828813,Male,White
9380,0,0.00955922,Female,White
9381,0,0.00571538,Male,White
9382,0,0.01612513,Female,Black
9383,0,0.00645028,Female,Black
9384,0,0.60912577,Female,White
9385,0,0.00357543,Female,White
9386,1,0.76379878,Male,White
9387,0,0.26492955,Male,Other
9388,0,0.05567347,Female,White
9389,0,0.02444441,Male,White
9390,0,0.02708227,Female,White
9391,0,0.25895362,Male,Black
9392,1,0.52285093,Male,White
9393,0,0.01542833,Male,White
9394,0,0.0103229,Female,White
9395,1,0.10688987,Male,White
9396,1,0.36574804,Male,White
9397,0,0.34322797,Male,White
9398,0,0.48123985,Male,White
9399,0,0.02626114,Female,White
9400,1,0.3637085,Male,White
9401,0,0.02487904,Male,White
9402,0,0.0237404,Female,White
9403,1,0.32585441,Male,White
9404,1,0.3030048,Male,White
9405,1,0.58875724,Male,White
9406,0,0.22396179,Male,White
9407,1,0.50176017,Male,White
9408,1,0.2649528,Male,White
9409,0,0.00775953,Male,White
9410,0,0.18585936,Male,White
9411,0,0.00267589,Female,White
9412,0,0.0299992,Female,White
9413,1,0.79239936,Male,White
9414,0,0.00217788,Female,White
9415,0,0.04816532,Male,Asian-Pac-Islander
9416,0,0.00366916,Male,Black
9417,0,0.06894195,Female,White
9418,0,0.45677379,Male,White
9419,1,0.60509534,Male,White
9420,0,0.09558215,Male,White
9421,0,0.00398301,Female,White
9422,1,0.99999999,Male,White
9423,0,0.00096717,Female,White
9424,0,0.0026978,Male,White
9425,0,9.144e-05,Female,Other
9426,0,0.10696431,Male,Asian-Pac-Islander
9427,0,0.21714587,Male,White
9428,1,0.17371675,Male,White
9429,0,0.00991718,Male,Asian-Pac-Islander
9430,0,0.01983431,Female,White
9431,1,0.50231641,Male,White
9432,0,0.04823566,Male,White
9433,0,0.0326686,Female,White
9434,0,0.17173969,Male,White
9435,0,0.00462475,Female,White
9436,1,0.34696156,Male,White
9437,1,0.75240764,Male,White
9438,0,0.00761014,Male,White
9439,0,0.01919102,Male,White
9440,1,0.15831025,Male,White
9441,0,0.02759453,Male,White
9442,0,0.54094943,Male,White
9443,1,0.39862722,Male,White
9444,0,0.66034138,Male,White
9445,0,0.00131231,Male,White
9446,1,0.28687671,Male,White
9447,0,0.69536305,Male,White
9448,0,0.22624365,Male,White
9449,0,0.0085707,Male,Black
9450,1,0.86776125,Female,White
9451,0,0.43332705,Male,White
9452,1,0.89133647,Male,White
9453,1,0.2990439,Female,White
9454,0,0.27719321,Male,White
9455,0,0.01901499,Male,White
9456,0,0.61016039,Male,White
9457,0,0.00924987,Female,White
9458,0,0.22891386,Female,White
9459,0,0.01640314,Female,White
9460,1,0.66682598,Male,White
9461,0,0.08710948,Male,White
9462,1,0.29285806,Male,Black
9463,0,0.50941764,Male,White
9464,0,0.13080104,Female,White
9465,1,0.5869407,Male,White
9466,0,0.01460505,Male,White
9467,0,0.15713867,Male,White
9468,1,0.26911009,Male,White
9469,1,0.32325277,Male,White
9470,0,0.77187473,Male,Black
9471,1,0.75202378,Male,White
9472,0,0.02667423,Female,Black
9473,0,0.09678042,Male,White
9474,1,0.14149974,Male,White
9475,1,0.51201715,Female,White
9476,0,0.09321949,Female,White
9477,0,0.00127662,Female,White
9478,1,0.58027658,Male,White
9479,0,0.00378817,Female,White
9480,0,0.00953765,Female,Black
9481,0,0.02343355,Female,Black
9482,0,0.02013108,Female,Black
9483,1,0.99175297,Male,White
9484,1,0.5632776,Male,White
9485,1,0.09802073,Male,White
9486,0,0.00837028,Male,Black
9487,0,0.24082942,Male,White
9488,1,0.52693093,Male,White
9489,1,0.36687844,Male,White
9490,0,0.08142328,Male,White
9491,0,0.08495441,Male,White
9492,0,0.01204927,Male,White
9493,0,0.01216627,Female,White
9494,0,0.00596558,Female,White
9495,0,0.00568922,Male,White
9496,0,0.01911225,Male,White
9497,1,0.97845307,Male,White
9498,0,0.02176973,Female,White
9499,0,0.11832515,Male,White
9500,0,0.45648982,Male,White
9501,0,0.06223936,Male,White
9502,0,0.0158945,Male,White
9503,0,0.0167089,Male,White
9504,0,0.00576482,Female,Black
9505,1,0.31222568,Female,White
9506,1,0.9961387,Male,White
9507,0,0.01465089,Female,Black
9508,0,0.00723448,Female,White
9509,0,0.05398217,Male,White
9510,0,0.07742503,Male,White
9511,1,0.66705153,Male,Asian-Pac-Islander
9512,0,0.04907344,Female,Asian-Pac-Islander
9513,0,0.07265523,Male,White
9514,0,0.17441124,Male,White
9515,0,0.01281374,Male,White
9516,0,0.44040643,Male,White
9517,0,0.00070946,Male,Black
9518,0,0.00050986,Female,White
9519,0,0.12720897,Female,White
9520,1,0.44683419,Male,White
9521,1,0.63900745,Female,White
9522,1,0.62949413,Male,White
9523,0,0.00490649,Male,White
9524,1,0.18893474,Male,Black
9525,1,0.28818161,Male,White
9526,1,0.82141135,Male,White
9527,0,0.00211772,Female,White
9528,0,0.04831553,Male,White
9529,0,0.00224594,Female,Black
9530,0,0.00077113,Female,White
9531,0,0.06327648,Male,White
9532,0,0.0352516,Female,Black
9533,0,0.00181667,Male,Black
9534,0,0.61901281,Male,White
9535,0,0.00487774,Female,White
9536,0,0.05095292,Male,White
9537,0,0.02406524,Male,White
9538,0,0.02654328,Male,White
9539,0,0.23056327,Female,White
9540,0,0.0721013,Female,White
9541,1,0.90939695,Male,White
9542,0,0.00616275,Male,Black
9543,1,0.51547869,Male,White
9544,0,0.00886181,Male,White
9545,1,0.54141502,Male,White
9546,0,0.0517782,Female,White
9547,1,0.40017068,Male,White
9548,1,0.18960578,Male,White
9549,1,0.34286929,Male,White
9550,0,0.01824605,Female,White
9551,0,0.00573968,Male,White
9552,0,0.07436287,Male,Asian-Pac-Islander
9553,0,0.07789947,Male,White
9554,0,0.09830768,Male,White
9555,0,0.00703954,Female,Black
9556,0,0.35887271,Male,White
9557,0,0.08197774,Female,White
9558,0,0.0027288,Male,White
9559,0,0.12111605,Male,Black
9560,0,0.28829077,Male,White
9561,0,0.2933787,Female,White
9562,0,0.05649623,Female,White
9563,0,0.77538531,Male,White
9564,0,0.0276196,Male,White
9565,1,0.60733752,Male,White
9566,0,0.4284909,Male,White
9567,1,0.86336065,Male,White
9568,0,0.00580248,Male,White
9569,1,0.68273333,Male,White
9570,0,0.04336334,Female,White
9571,1,0.5563857,Female,White
9572,0,0.015663,Male,White
9573,1,0.51824803,Male,White
9574,0,0.00385836,Male,White
9575,1,0.50934062,Male,White
9576,0,0.01857252,Female,White
9577,1,1.0,Male,White
9578,1,0.99816332,Male,White
9579,0,0.04132303,Female,White
9580,0,0.01459824,Female,Asian-Pac-Islander
9581,0,0.17082233,Male,White
9582,0,0.04898296,Male,White
9583,0,0.01552466,Male,Black
9584,0,0.02537057,Male,White
9585,0,0.22865945,Male,White
9586,0,0.02023386,Male,White
9587,0,0.74661122,Male,White
9588,0,0.215372,Male,White
9589,0,0.00732001,Female,White
9590,1,0.74991816,Male,White
9591,0,0.22475474,Female,White
9592,0,0.0013548,Female,White
9593,0,0.00996918,Male,White
9594,0,0.19382292,Male,White
9595,0,0.01178022,Male,Black
9596,0,0.03387523,Male,White
9597,0,0.36882221,Male,White
9598,0,0.00054134,Female,White
9599,0,0.00998463,Female,White
9600,0,0.0081397,Female,Black
9601,1,0.5565957,Male,White
9602,0,0.5468749,Male,White
9603,0,0.00092264,Female,White
9604,0,0.66285767,Male,White
9605,0,0.00551472,Male,White
9606,0,0.02310067,Female,White
9607,1,0.20262151,Male,White
9608,0,0.0020035,Female,White
9609,0,0.14650816,Female,White
9610,0,0.00417527,Female,White
9611,0,0.06066173,Male,White
9612,0,0.00117569,Female,White
9613,1,0.44994707,Male,White
9614,1,0.3905764,Male,White
9615,0,0.11970671,Male,White
9616,1,0.40216478,Male,White
9617,1,0.77589671,Male,White
9618,0,0.4605964,Female,White
9619,0,0.2145917,Female,White
9620,1,0.79446437,Male,White
9621,1,0.83974728,Male,White
9622,0,0.00029038,Female,Other
9623,0,0.05337911,Female,White
9624,0,0.00107547,Female,White
9625,1,0.05667145,Male,White
9626,0,0.00233311,Male,White
9627,1,0.14706231,Female,White
9628,1,0.334119,Male,White
9629,0,0.31119246,Female,White
9630,0,0.01183046,Male,White
9631,0,0.01551111,Male,White
9632,0,0.53746003,Male,White
9633,1,0.62268205,Male,White
9634,0,0.28505962,Male,White
9635,0,0.03674378,Male,White
9636,0,0.34910729,Male,Asian-Pac-Islander
9637,0,0.00294913,Male,White
9638,0,0.05374194,Male,Other
9639,0,0.00952077,Female,Black
9640,0,0.00165087,Male,Black
9641,0,0.26359937,Male,White
9642,1,0.63768328,Male,Amer-Indian-Eskimo
9643,0,0.01540762,Female,White
9644,0,0.01494252,Female,Black
9645,0,0.16477,Male,White
9646,0,0.0135883,Male,White
9647,0,0.09493034,Male,White
9648,0,0.00836159,Male,White
9649,0,0.06977876,Male,Black
9650,0,0.0110136,Female,Black
9651,0,0.47656466,Male,White
9652,0,0.41756996,Male,White
9653,0,0.6327466,Male,White
9654,0,0.10365931,Male,White
9655,1,0.30046648,Male,White
9656,0,0.00725391,Female,White
9657,0,0.26594631,Male,White
9658,0,0.05493595,Male,White
9659,0,0.02992855,Male,White
9660,0,0.65662518,Male,White
9661,0,0.33223768,Male,White
9662,1,0.80877015,Male,White
9663,1,0.84829465,Male,White
9664,0,0.1793112,Male,White
9665,0,0.00261228,Female,White
9666,0,0.06342503,Male,Black
9667,0,0.70970661,Male,White
9668,0,0.00177638,Male,White
9669,1,0.78169294,Male,White
9670,0,0.00248321,Female,White
9671,0,0.00015257,Female,White
9672,1,0.99999997,Male,White
9673,0,0.19182122,Female,White
9674,0,0.36003789,Male,White
9675,0,0.03462935,Female,White
9676,0,0.17724486,Male,White
9677,1,0.59753127,Female,White
9678,0,0.14862721,Male,White
9679,0,0.01212572,Female,White
9680,0,0.17005503,Male,White
9681,0,0.01380012,Male,White
9682,0,0.65813917,Male,White
9683,0,0.05288198,Male,White
9684,0,0.00991852,Female,Asian-Pac-Islander
9685,0,0.21437809,Male,Black
9686,0,0.08393956,Female,White
9687,0,0.29009848,Male,White
9688,0,0.01321288,Female,White
9689,1,0.22177274,Male,White
9690,0,0.29487454,Male,White
9691,0,0.10904744,Female,White
9692,0,0.00045404,Male,Black
9693,1,0.13672869,Male,White
9694,0,0.0759259,Female,Black
9695,1,0.26209403,Male,White
9696,0,0.11150036,Male,White
9697,0,0.00386658,Female,White
9698,1,0.90867123,Male,White
9699,1,0.67599425,Male,White
9700,0,0.008482,Female,White
9701,1,0.41067226,Female,White
9702,1,1.0,Male,White
9703,0,0.00108351,Female,White
9704,0,0.03905238,Male,White
9705,1,0.53506258,Male,White
9706,0,0.08697537,Male,White
9707,0,0.00889682,Male,White
9708,0,0.20120933,Male,White
9709,0,0.02828894,Male,White
9710,0,0.10620768,Male,White
9711,0,0.01412483,Male,White
9712,0,0.0012704,Female,White
9713,0,0.5632776,Male,White
9714,1,0.9001066,Male,White
9715,0,0.32572571,Male,White
9716,0,0.16855732,Male,White
9717,1,0.1582672,Male,White
9718,0,0.00079315,Female,White
9719,0,0.00485159,Female,White
9720,0,0.0639584,Female,Black
9721,0,0.24406694,Male,White
9722,1,0.47625171,Male,White
9723,0,0.01920066,Male,White
9724,1,0.14077327,Male,White
9725,0,0.04931095,Female,White
9726,0,0.00122416,Male,White
9727,0,0.72465693,Male,White
9728,1,0.99988922,Male,White
9729,0,0.48895314,Male,White
9730,0,0.03701206,Male,White
9731,1,0.40240821,Male,Black
9732,0,0.34592713,Male,White
9733,0,0.00683852,Female,Black
9734,0,0.01919017,Female,White
9735,0,0.04868588,Female,Asian-Pac-Islander
9736,0,0.13561286,Male,White
9737,0,0.2636652,Female,White
9738,1,0.46010297,Male,White
9739,0,0.00252752,Male,White
9740,0,0.03604093,Male,Asian-Pac-Islander
9741,1,0.7373783,Female,White
9742,0,0.00482736,Female,White
9743,0,0.61332263,Male,White
9744,0,0.21888782,Male,White
9745,0,0.04870625,Male,Black
9746,0,0.00067336,Female,White
9747,0,0.01545533,Female,Black
9748,0,0.00174995,Female,White
9749,0,0.03704366,Female,Asian-Pac-Islander
9750,1,0.96103918,Female,Black
9751,0,0.00196425,Female,White
9752,1,0.38888178,Male,White
9753,0,0.00157946,Female,White
9754,0,0.00588485,Female,White
9755,0,0.25505825,Male,White
9756,0,0.29923636,Male,White
9757,0,0.02213715,Female,White
9758,0,0.06515229,Male,White
9759,1,0.32672591,Male,White
9760,0,0.16940673,Male,White
9761,0,0.32184268,Male,White
9762,0,0.30879907,Male,White
9763,0,0.10803173,Male,White
9764,0,0.00236296,Female,White
9765,0,0.43837318,Male,White
9766,0,0.05865648,Female,White
9767,0,0.00938197,Male,Black
9768,1,0.05187872,Male,White
9769,1,0.13328134,Female,Black
9770,0,0.08900437,Male,White
9771,0,0.80873816,Male,Asian-Pac-Islander
9772,0,0.20324833,Male,White
9773,1,0.59419609,Male,White
9774,0,0.00080924,Male,White
9775,0,0.00932576,Male,White
9776,0,0.01260017,Female,White
9777,0,0.0362378,Female,Black
9778,0,0.33665059,Male,White
9779,0,0.27827876,Male,White
9780,0,0.01128628,Female,White
9781,1,0.77152892,Male,White
9782,1,0.59523819,Male,White
9783,1,0.99692696,Male,White
9784,0,0.00208876,Female,Other
9785,0,0.61172873,Male,White
9786,1,0.6911142,Male,White
9787,0,0.157706,Male,White
9788,1,0.61224502,Male,White
9789,0,0.24604495,Male,White
9790,0,0.20549149,Male,White
9791,0,0.28188551,Male,White
9792,1,0.49269003,Male,White
9793,1,0.93638192,Male,White
9794,0,0.01082653,Male,White
9795,1,0.32782391,Female,White
9796,1,0.99999998,Female,White
9797,1,0.5333227,Male,White
9798,0,0.00245914,Male,White
9799,0,0.01649777,Female,White
9800,0,0.27941935,Male,White
9801,0,0.00032166,Female,White
9802,0,0.04573962,Female,Black
9803,0,0.30216312,Female,White
9804,0,0.01908666,Male,White
9805,0,0.46529899,Male,White
9806,0,0.15697624,Male,White
9807,0,0.02304091,Female,White
9808,0,0.32145551,Male,White
9809,0,0.0019542,Female,White
9810,0,0.01067705,Female,White
9811,0,0.18692591,Male,White
9812,0,0.0037716,Female,White
9813,0,0.0227286,Male,White
9814,1,0.90991356,Male,White
9815,1,0.33745365,Male,White
9816,1,0.93106655,Female,White
9817,0,0.29407963,Male,White
9818,0,0.00754077,Female,Black
9819,1,0.82098484,Male,White
9820,0,0.00091138,Female,White
9821,0,0.01901045,Female,White
9822,1,0.26043858,Male,Asian-Pac-Islander
9823,0,0.27045355,Male,White
9824,0,0.06938812,Male,Black
9825,0,0.16780705,Male,Asian-Pac-Islander
9826,0,0.13651487,Male,White
9827,0,0.00101296,Female,White
9828,0,0.00076578,Female,White
9829,0,0.00257062,Female,White
9830,0,0.11195364,Male,Black
9831,1,0.46059634,Male,White
9832,0,0.00543731,Male,Black
9833,0,0.11338516,Male,Black
9834,1,0.30682174,Male,Asian-Pac-Islander
9835,0,0.3303477,Male,White
9836,0,0.1375831,Male,White
9837,0,0.04473704,Male,White
9838,0,0.05381511,Male,White
9839,0,0.06373098,Female,Black
9840,1,0.66955886,Male,White
9841,0,0.03601303,Female,White
9842,0,0.00196996,Female,White
9843,1,0.70676434,Female,Black
9844,0,0.0456824,Male,White
9845,0,0.00341035,Male,White
9846,0,0.24028034,Male,White
9847,0,0.00111006,Female,White
9848,0,0.76626627,Male,White
9849,0,0.10676335,Male,White
9850,0,0.00152556,Female,White
9851,1,0.62214957,Male,White
9852,1,0.3799793,Male,White
9853,0,0.03595284,Male,White
9854,0,0.04043398,Male,White
9855,1,0.95311902,Female,White
9856,0,0.00463504,Female,Black
9857,0,0.00409117,Female,White
9858,0,0.09327876,Male,White
9859,0,0.13226067,Female,White
9860,1,0.41422855,Male,White
9861,0,0.07315928,Male,White
9862,0,0.05675128,Female,Asian-Pac-Islander
9863,0,0.24401753,Male,White
9864,1,0.6648362,Male,White
9865,0,0.00132174,Female,White
9866,0,0.38499611,Male,White
9867,0,0.02164118,Female,White
9868,1,0.9700118,Male,White
9869,0,0.31062295,Male,White
9870,1,0.30639363,Male,White
9871,0,0.67558407,Male,White
9872,1,0.80972684,Male,White
9873,0,0.08984956,Male,White
9874,1,0.66917749,Male,White
9875,1,0.56199629,Male,White
9876,0,0.00045809,Female,White
9877,0,0.00366513,Female,Black
9878,1,0.95388949,Female,White
9879,0,0.04750194,Female,White
9880,1,0.12827918,Female,Asian-Pac-Islander
9881,0,0.00490088,Male,White
9882,0,0.56037745,Female,White
9883,0,0.00278534,Female,White
9884,0,0.15834898,Male,White
9885,0,0.17010626,Female,White
9886,0,0.01679375,Male,White
9887,0,0.3612711,Male,White
9888,0,0.00487057,Male,White
9889,0,0.03981434,Male,White
9890,0,0.0419773,Male,Amer-Indian-Eskimo
9891,1,0.79958223,Male,White
9892,0,0.20114089,Male,Black
9893,1,0.97929037,Male,White
9894,1,0.85425963,Male,White
9895,0,0.00844706,Male,White
9896,0,0.17071091,Male,Asian-Pac-Islander
9897,1,1.0,Male,White
9898,0,0.00155711,Male,White
9899,0,0.0005249,Female,White
9900,1,0.35516955,Male,White
9901,1,0.70646969,Female,White
9902,0,0.06721641,Male,Black
9903,0,0.38371635,Male,White
9904,0,0.73849731,Male,White
9905,0,0.00454875,Male,Asian-Pac-Islander
9906,1,0.86246873,Male,White
9907,0,0.49211989,Male,White
9908,0,0.09319867,Male,White
9909,0,0.02097564,Male,White
9910,1,0.5322142,Female,Asian-Pac-Islander
9911,0,0.02080101,Male,White
9912,0,0.00474099,Male,White
9913,1,0.53366047,Male,White
9914,0,0.00924822,Female,White
9915,0,0.34768972,Male,Black
9916,1,0.89605586,Female,White
9917,1,0.99596635,Male,Asian-Pac-Islander
9918,1,0.63550006,Male,White
9919,0,0.16125247,Male,Black
9920,1,0.66383212,Male,White
9921,1,0.23845568,Male,Asian-Pac-Islander
9922,1,0.63410604,Male,White
9923,0,0.01035079,Female,White
9924,0,0.04065947,Male,White
9925,0,0.0228752,Female,White
9926,1,0.82141135,Male,White
9927,0,0.3119274,Female,White
9928,1,0.96344733,Male,Asian-Pac-Islander
9929,0,0.27794596,Male,White
9930,0,0.00221332,Male,White
9931,0,0.24200729,Male,Black
9932,0,0.06438804,Female,White
9933,1,0.25763552,Female,White
9934,0,0.26184992,Male,White
9935,0,0.03776922,Male,White
9936,0,0.00891245,Male,White
9937,0,0.00247374,Female,White
9938,0,0.09942232,Male,Black
9939,0,0.00106301,Male,White
9940,1,0.56482743,Male,White
9941,1,0.45482725,Male,White
9942,0,0.00203548,Female,White
9943,0,0.34553091,Female,White
9944,1,0.08705507,Male,White
9945,0,0.01042477,Male,White
9946,0,0.65416903,Male,White
9947,0,0.0251369,Female,Black
9948,0,0.00762254,Male,White
9949,1,0.97860783,Male,White
9950,1,0.67991218,Male,White
9951,0,0.38545936,Male,White
9952,0,0.03033627,Female,White
9953,0,0.14908441,Male,White
9954,0,0.4810431,Male,White
9955,0,0.00963055,Female,White
9956,0,0.00731358,Male,White
9957,0,0.00040555,Female,Black
9958,0,0.41934751,Male,White
9959,0,0.00887192,Female,White
9960,0,0.24567672,Male,White
9961,0,0.2882824,Male,White
9962,0,0.01111744,Female,Black
9963,0,0.03359941,Female,Black
9964,0,0.47305138,Male,White
9965,1,0.69551664,Male,White
9966,0,0.41440041,Male,White
9967,0,0.01809972,Male,White
9968,0,0.39663942,Male,White
9969,0,0.00063196,Female,White
9970,0,0.1404238,Male,White
9971,1,0.27653735,Male,Black
9972,0,0.71036416,Male,White
9973,0,0.60028334,Male,White
9974,0,0.00121918,Female,White
9975,0,0.32350019,Male,White
9976,0,0.12923804,Male,White
9977,0,0.02161127,Female,White
9978,1,0.21874113,Male,White
9979,0,0.00189114,Male,White
9980,0,0.07095257,Male,White
9981,0,0.02926597,Female,White
9982,1,0.78071577,Male,White
9983,0,0.06759121,Male,White
9984,1,0.18063294,Male,White
9985,0,0.00477519,Female,White
9986,0,0.0439168,Male,White
9987,1,0.99947831,Male,White
9988,0,0.00386118,Male,White
9989,0,0.00091087,Male,Black
9990,0,0.04666951,Male,White
9991,0,0.07097469,Male,White
9992,0,0.00244469,Male,White
9993,0,0.04326521,Male,White
9994,0,0.00040249,Female,White
9995,1,0.74939854,Male,White
9996,0,0.14357838,Male,White
9997,0,0.00928137,Female,White
9998,0,0.03248056,Male,White
9999,0,0.20911195,Male,White
10000,1,0.95239404,Female,White
10001,1,0.09511445,Female,White
10002,0,0.00557816,Male,White
10003,0,0.19143278,Male,White
10004,0,0.00611398,Female,White
10005,1,0.48063298,Male,White
10006,0,0.00615222,Female,White
10007,0,0.27544151,Male,White
10008,0,0.14558076,Male,White
10009,0,0.08350414,Male,White
10010,0,0.03076968,Male,White
10011,0,0.05457813,Male,White
10012,0,0.0999494,Male,Black
10013,0,0.71678851,Male,White
10014,0,0.05333395,Female,White
10015,0,0.53967734,Male,White
10016,0,0.04069384,Female,White
10017,0,0.03469107,Female,White
10018,0,0.12924954,Male,White
10019,0,0.08810853,Female,White
10020,1,0.75611758,Male,White
10021,1,0.99811116,Male,White
10022,0,0.00100701,Female,Black
10023,1,0.33250234,Male,White
10024,0,0.28377045,Male,White
10025,0,0.14970289,Male,White
10026,0,0.06709674,Male,Black
10027,0,0.24275169,Male,White
10028,1,0.26933886,Male,White
10029,0,0.00546926,Male,White
10030,0,0.01987006,Male,Black
10031,0,0.05351041,Female,White
10032,0,0.00551778,Male,White
10033,1,0.75489013,Male,Asian-Pac-Islander
10034,0,0.2205611,Male,White
10035,1,0.45053296,Male,White
10036,0,0.10564456,Male,White
10037,0,0.00090943,Male,White
10038,0,0.07639628,Male,White
10039,1,0.43181553,Male,White
10040,0,0.00587953,Male,Asian-Pac-Islander
10041,0,0.01277003,Female,White
10042,0,0.24202592,Male,White
10043,0,0.01885199,Male,White
10044,0,0.00280968,Female,White
10045,0,0.50474684,Male,White
10046,0,0.05445768,Male,White
10047,0,0.00882795,Female,White
10048,1,0.30918061,Male,White
10049,0,0.03297443,Female,Asian-Pac-Islander
10050,1,0.47815327,Female,White
10051,0,0.03763888,Male,White
10052,0,0.0045705,Female,Black
10053,1,0.48698246,Male,White
10054,0,0.28423049,Female,White
10055,0,0.0028019,Female,White
10056,0,0.26152388,Male,White
10057,0,0.51548328,Male,White
10058,0,0.02144935,Female,White
10059,1,0.79952558,Male,White
10060,0,0.00987931,Female,White
10061,0,0.01788135,Male,White
10062,1,0.59826535,Male,White
10063,0,0.02411256,Female,White
10064,0,0.338669,Male,White
10065,0,0.26594631,Male,White
10066,0,0.27912109,Male,Black
10067,0,0.28188551,Male,White
10068,0,0.00252028,Female,White
10069,0,0.05323679,Male,White
10070,1,0.68013478,Male,White
10071,0,0.24285473,Male,White
10072,0,0.04170112,Male,White
10073,0,0.00147908,Male,White
10074,1,0.84001953,Male,White
10075,0,0.00053269,Male,White
10076,0,0.03022715,Male,White
10077,0,0.00204354,Female,White
10078,0,0.14029703,Male,White
10079,1,1.0,Male,White
10080,0,0.25410453,Female,Black
10081,1,0.44762794,Male,White
10082,0,0.01042159,Female,White
10083,0,0.24316905,Male,White
10084,1,0.94200552,Male,White
10085,0,0.11821942,Male,White
10086,0,0.00707392,Female,White
10087,0,0.35639809,Male,White
10088,0,0.30052278,Male,White
10089,0,0.03457247,Male,Asian-Pac-Islander
10090,0,0.15303417,Male,White
10091,1,0.61540905,Male,Black
10092,0,0.00222505,Female,Black
10093,0,0.00938937,Male,White
10094,0,0.00078135,Female,Black
10095,0,0.01394958,Female,White
10096,0,0.18481576,Male,White
10097,1,0.9989274,Male,White
10098,0,0.04041742,Female,White
10099,0,0.08932705,Male,White
10100,0,0.09385773,Male,White
10101,0,0.00225638,Male,White
10102,1,0.87634967,Male,White
10103,0,0.11711981,Male,White
10104,1,0.27771757,Male,White
10105,1,0.99875929,Male,White
10106,0,0.00837878,Male,White
10107,0,0.05215881,Female,White
10108,0,0.02879376,Female,White
10109,0,0.10068341,Male,White
10110,0,0.21888782,Male,White
10111,0,0.0030554,Female,Amer-Indian-Eskimo
10112,1,0.59273267,Male,White
10113,0,0.06447929,Female,White
10114,0,0.04996881,Female,White
10115,1,0.99871417,Male,White
10116,0,0.11657327,Male,White
10117,0,0.10551619,Male,White
10118,0,0.01448748,Male,White
10119,1,0.52319582,Male,White
10120,1,0.04742523,Male,White
10121,0,0.01526962,Male,White
10122,1,0.53170193,Female,White
10123,1,0.58489356,Male,White
10124,0,0.01866572,Male,White
10125,0,0.5417968,Male,White
10126,0,0.49793839,Male,White
10127,0,0.34945672,Male,Black
10128,1,0.9601066,Male,White
10129,1,0.21594747,Female,White
10130,0,0.73870429,Male,White
10131,0,0.19502763,Male,White
10132,0,0.0977722,Male,White
10133,0,0.18767812,Female,White
10134,1,0.82399597,Male,White
10135,0,0.00027854,Female,White
10136,0,0.12441013,Male,White
10137,0,0.03745899,Female,White
10138,1,0.87167178,Male,White
10139,0,0.7669674,Male,White
10140,0,0.12184714,Female,White
10141,0,0.04478242,Female,White
10142,0,0.00410609,Female,White
10143,1,0.81262709,Male,White
10144,0,0.24362289,Male,White
10145,0,0.16852808,Male,White
10146,1,0.20607081,Female,White
10147,0,0.08362837,Male,White
10148,0,0.00303463,Female,White
10149,0,0.0660511,Male,White
10150,0,0.08050657,Female,White
10151,0,0.00590918,Female,Black
10152,0,0.01786138,Female,Black
10153,1,0.44097438,Male,White
10154,0,0.67002808,Male,White
10155,0,0.37729319,Male,Asian-Pac-Islander
10156,1,0.7624384,Male,White
10157,0,0.02807014,Male,White
10158,0,0.00949811,Male,Black
10159,0,0.03014503,Female,White
10160,0,0.01565155,Female,Asian-Pac-Islander
10161,0,0.01500804,Male,White
10162,0,0.01196459,Male,Black
10163,0,0.00292437,Male,White
10164,0,0.00804139,Female,White
10165,0,0.09045652,Male,White
10166,0,0.09177142,Female,White
10167,0,0.00120769,Male,Asian-Pac-Islander
10168,1,0.59705753,Female,White
10169,0,0.07966912,Male,White
10170,0,0.20395892,Male,Black
10171,0,0.00332009,Female,White
10172,0,0.37957324,Male,White
10173,0,0.37013307,Male,White
10174,0,0.02007743,Female,White
10175,1,0.65433061,Male,White
10176,1,0.57399165,Male,White
10177,0,0.002756,Female,Black
10178,0,0.00441519,Female,White
10179,0,0.06128293,Male,White
10180,0,0.18417474,Male,White
10181,0,0.00098667,Female,Black
10182,1,0.61332184,Male,White
10183,0,0.0039437,Female,White
10184,1,0.03244982,Female,Asian-Pac-Islander
10185,0,0.11098858,Female,White
10186,1,0.40809393,Male,White
10187,0,0.01759533,Female,White
10188,1,0.64241014,Male,White
10189,0,0.01551249,Female,White
10190,0,0.05396413,Male,White
10191,0,0.07076231,Female,White
10192,0,0.32554718,Male,White
10193,0,0.00857762,Female,White
10194,0,0.7883241,Female,White
10195,1,0.99746526,Male,White
10196,0,0.01291969,Male,White
10197,0,0.00403388,Male,White
10198,0,0.17383134,Male,White
10199,0,0.03945661,Male,White
10200,0,0.00334452,Male,White
10201,0,0.0470863,Male,White
10202,0,0.03453967,Female,White
10203,0,0.16921296,Male,White
10204,0,0.01887587,Male,Black
10205,0,0.41822279,Male,White
10206,0,0.00977288,Female,White
10207,0,0.52906186,Male,White
10208,1,1.0,Male,Asian-Pac-Islander
10209,0,0.86926766,Male,White
10210,0,0.00083797,Male,White
10211,0,0.16304475,Male,White
10212,0,0.00708865,Female,White
10213,0,0.00782921,Male,Black
10214,1,0.5296979,Male,White
10215,0,0.04624952,Male,White
10216,0,0.06079322,Male,White
10217,0,0.06395039,Male,White
10218,0,0.01170762,Female,Black
10219,0,0.02302506,Male,White
10220,0,0.47502665,Male,White
10221,0,0.00247093,Female,White
10222,0,0.03024249,Male,Asian-Pac-Islander
10223,0,0.10785615,Male,White
10224,0,0.08416052,Male,White
10225,0,0.12463956,Female,White
10226,0,0.00317834,Male,White
10227,0,0.00048873,Female,White
10228,0,0.65025358,Male,White
10229,0,0.02247914,Male,White
10230,0,0.25758458,Male,Black
10231,0,0.0344306,Female,White
10232,0,0.26209403,Male,White
10233,1,0.16028719,Male,White
10234,0,0.15914015,Male,White
10235,1,0.61538944,Male,White
10236,1,0.86713406,Male,White
10237,0,0.07557504,Male,White
10238,0,0.02591235,Male,White
10239,0,0.23974732,Male,White
10240,0,0.04668439,Female,White
10241,0,0.24936639,Male,White
10242,0,0.02593465,Male,White
10243,0,0.03072643,Female,White
10244,1,0.97429809,Male,Asian-Pac-Islander
10245,1,0.71305333,Male,White
10246,0,0.00471796,Male,White
10247,0,0.0299992,Female,White
10248,0,0.00166234,Female,White
10249,0,0.004947,Female,White
10250,0,0.33905522,Male,White
10251,0,0.07678616,Male,White
10252,0,0.00953328,Female,White
10253,0,0.00284095,Female,White
10254,1,0.43612803,Male,White
10255,0,0.10887697,Female,White
10256,0,0.16959084,Male,White
10257,0,0.00681547,Female,White
10258,0,0.00704607,Male,White
10259,1,0.44643018,Female,White
10260,1,0.50573369,Male,White
10261,0,0.05828555,Female,White
10262,0,0.0445223,Male,White
10263,0,0.00174159,Male,White
10264,0,0.69263376,Male,White
10265,1,0.69799028,Male,White
10266,0,0.00300284,Male,White
10267,0,0.00315581,Female,White
10268,1,0.26163333,Male,White
10269,0,0.06044637,Female,White
10270,0,0.03001884,Male,White
10271,0,0.02509839,Male,White
10272,0,0.52730108,Male,White
10273,0,0.00113872,Female,White
10274,1,0.69311397,Male,White
10275,0,0.00197723,Female,White
10276,0,0.02726139,Male,White
10277,0,0.00226797,Male,White
10278,1,0.92147194,Male,White
10279,1,0.24158939,Male,White
10280,0,0.01993991,Female,White
10281,0,0.00116879,Female,Black
10282,0,0.01094209,Female,White
10283,0,0.73443633,Male,Asian-Pac-Islander
10284,0,0.02468978,Male,White
10285,0,0.01183446,Female,White
10286,0,0.00152556,Female,White
10287,0,0.13542442,Male,White
10288,0,0.02102084,Female,White
10289,0,0.52278877,Female,White
10290,1,0.04479214,Male,White
10291,0,0.289873,Male,White
10292,0,0.00459218,Female,White
10293,0,0.06312222,Female,White
10294,0,0.59912509,Male,White
10295,0,0.01310136,Male,White
10296,0,0.04323776,Male,White
10297,0,0.0236699,Male,White
10298,0,0.0469732,Female,White
10299,1,0.31353477,Male,White
10300,0,0.19802547,Male,White
10301,0,0.00064964,Male,Black
10302,0,0.43349825,Male,White
10303,0,0.02722072,Female,Black
10304,0,0.07149829,Female,White
10305,0,0.00833057,Male,White
10306,0,0.18782962,Female,Asian-Pac-Islander
10307,0,0.19086429,Male,White
10308,0,0.03105341,Female,White
10309,0,0.08659384,Male,White
10310,0,0.00096762,Male,White
10311,0,0.00749522,Male,White
10312,0,0.03481834,Male,Black
10313,0,0.27698,Male,White
10314,0,0.12134439,Male,White
10315,0,0.04397634,Male,White
10316,0,0.04348901,Female,White
10317,0,0.01456167,Female,White
10318,0,0.08869542,Female,White
10319,0,0.61668116,Male,White
10320,0,0.22803495,Female,White
10321,1,0.86480349,Male,White
10322,0,0.02279999,Female,Black
10323,0,0.00051643,Female,White
10324,0,0.13150022,Male,White
10325,0,0.05093503,Male,White
10326,0,0.04671203,Male,White
10327,0,0.24391757,Female,White
10328,1,0.90840958,Male,White
10329,0,0.01325516,Male,White
10330,0,0.38237059,Male,White
10331,0,0.04551642,Male,White
10332,0,0.0947831,Male,White
10333,0,0.01959956,Male,White
10334,0,0.05182069,Male,Asian-Pac-Islander
10335,1,0.39750474,Male,White
10336,0,0.01111129,Female,Asian-Pac-Islander
10337,0,0.07525153,Male,White
10338,1,0.99755169,Male,White
10339,0,0.07435652,Male,White
10340,0,0.41046287,Male,Black
10341,1,0.24353755,Male,White
10342,0,0.39739104,Male,White
10343,0,0.07458252,Male,White
10344,0,0.00332503,Female,Black
10345,0,0.00929717,Female,White
10346,0,0.80083695,Male,Black
10347,1,0.73863472,Female,White
10348,1,0.80903201,Male,White
10349,0,0.02861825,Female,White
10350,0,0.00254644,Male,White
10351,0,0.09919047,Male,White
10352,1,0.16920632,Male,White
10353,0,0.0111995,Female,White
10354,0,0.13156249,Male,White
10355,1,0.65058134,Male,White
10356,0,0.04443315,Female,White
10357,0,0.01329317,Male,White
10358,0,0.05343034,Male,White
10359,0,0.00196719,Female,White
10360,0,0.03080332,Male,White
10361,0,0.0042809,Male,Asian-Pac-Islander
10362,0,0.00068499,Male,White
10363,0,0.01363342,Male,White
10364,0,0.19560634,Male,White
10365,1,0.13901014,Male,White
10366,1,0.35991754,Male,White
10367,0,0.0019015,Male,White
10368,0,0.04662804,Male,White
10369,0,0.74585506,Male,White
10370,1,0.20434537,Male,Black
10371,1,0.44079916,Male,White
10372,0,0.14491289,Female,White
10373,1,0.69032518,Male,White
10374,0,0.00809014,Female,White
10375,1,0.99999999,Male,White
10376,0,0.15661351,Male,White
10377,0,0.04469768,Female,White
10378,0,0.25610328,Male,White
10379,1,0.2571547,Male,White
10380,0,0.38895446,Male,White
10381,1,0.64618334,Female,Black
10382,0,0.11508065,Female,Black
10383,0,0.25441242,Male,White
10384,1,0.46379981,Male,White
10385,1,0.42668535,Male,White
10386,0,0.04742276,Female,White
10387,1,0.25147523,Male,White
10388,0,0.04643015,Male,White
10389,0,0.12653414,Female,White
10390,0,0.00450604,Female,White
10391,0,0.11981479,Female,Black
10392,0,0.03817291,Female,White
10393,0,0.47191567,Male,White
10394,0,0.08927802,Male,White
10395,0,0.07472536,Male,White
10396,0,0.25373727,Male,White
10397,0,0.00821702,Male,White
10398,1,0.99704789,Male,White
10399,0,0.04094703,Female,White
10400,1,0.87102459,Male,Asian-Pac-Islander
10401,0,0.02386414,Female,Black
10402,0,0.00641347,Male,White
10403,0,0.04700901,Male,White
10404,1,0.98464444,Male,White
10405,1,0.69825912,Male,White
10406,0,0.00179808,Male,White
10407,0,0.23274819,Male,White
10408,0,0.32984593,Male,White
10409,1,0.00201145,Male,White
10410,0,0.17415745,Male,White
10411,0,0.0623901,Male,Black
10412,0,0.18287814,Male,White
10413,0,0.00201825,Female,White
10414,0,0.01200873,Female,Black
10415,1,0.99999996,Female,White
10416,1,0.43333788,Male,White
10417,1,0.56561228,Male,White
10418,0,0.00250552,Female,Black
10419,0,0.53444773,Male,White
10420,1,0.59748906,Male,White
10421,0,0.00699434,Female,Black
10422,0,0.00946699,Female,White
10423,0,0.24194524,Male,White
10424,1,0.01647578,Female,White
10425,0,0.05625053,Male,White
10426,0,0.01119541,Female,White
10427,0,0.05256107,Female,White
10428,0,0.00329923,Male,White
10429,0,0.11693583,Male,White
10430,0,0.00365134,Male,Asian-Pac-Islander
10431,0,0.1747884,Male,White
10432,0,0.00146634,Female,White
10433,0,0.00094172,Female,White
10434,0,0.16030789,Male,White
10435,1,0.65082905,Male,White
10436,0,0.03916657,Female,Black
10437,0,0.00062398,Female,White
10438,0,0.00117569,Female,White
10439,0,0.009458,Male,White
10440,0,0.16395445,Male,White
10441,0,0.04026376,Female,White
10442,0,0.00296747,Female,Black
10443,0,0.34052531,Male,White
10444,0,0.00382423,Male,White
10445,1,0.84530482,Male,White
10446,0,0.03022416,Male,White
10447,1,0.15364817,Female,White
10448,0,0.05740247,Male,Asian-Pac-Islander
10449,0,0.01239368,Male,White
10450,1,0.4954133,Male,White
10451,0,0.06341338,Male,Black
10452,0,0.10284155,Male,White
10453,1,0.54155397,Male,White
10454,0,0.24975053,Male,White
10455,0,0.00445237,Male,White
10456,0,0.86477477,Male,White
10457,0,0.39199459,Male,White
10458,1,0.99999996,Male,Asian-Pac-Islander
10459,0,0.00276438,Female,Black
10460,0,0.00336416,Female,White
10461,0,0.02315186,Female,White
10462,0,0.37809965,Male,White
10463,0,0.32652973,Male,White
10464,0,0.14324343,Male,White
10465,0,0.43377597,Male,White
10466,0,0.06372866,Male,White
10467,0,0.14447348,Male,White
10468,1,0.10057561,Male,White
10469,0,0.08790786,Female,White
10470,0,0.10247956,Male,White
10471,0,0.49617306,Male,Black
10472,0,0.06583401,Male,White
10473,0,0.18996344,Male,White
10474,0,0.11171262,Male,Black
10475,1,0.39707307,Male,Black
10476,0,0.63771984,Female,Asian-Pac-Islander
10477,1,0.30790475,Male,White
10478,0,0.14745561,Male,White
10479,1,0.76803466,Male,White
10480,0,0.14013439,Male,White
10481,0,0.04130831,Male,White
10482,0,0.00160153,Female,White
10483,0,0.14656695,Male,White
10484,0,0.02542594,Male,White
10485,0,0.2467483,Male,White
10486,0,0.06252162,Female,White
10487,0,0.1205731,Male,White
10488,0,0.03329059,Male,White
10489,1,0.59936212,Male,Amer-Indian-Eskimo
10490,0,0.04583513,Female,Black
10491,1,0.52608638,Male,White
10492,1,0.50521554,Male,White
10493,0,0.00250478,Male,White
10494,0,0.13506392,Male,White
10495,0,0.00170728,Female,White
10496,1,0.48130597,Female,White
10497,1,0.18810226,Male,White
10498,0,0.01232762,Female,Black
10499,0,0.23018279,Male,White
10500,0,0.11366009,Female,White
10501,1,0.38896921,Male,Black
10502,0,0.31917672,Male,White
10503,1,0.80638288,Male,White
10504,0,0.06852761,Male,White
10505,0,0.0006895,Female,White
10506,1,0.51662225,Male,White
10507,0,0.11447577,Male,White
10508,0,0.1319079,Male,White
10509,0,0.00074823,Female,White
10510,0,0.00601553,Female,White
10511,0,0.3678575,Male,White
10512,0,0.00063052,Female,White
10513,1,0.94574006,Male,White
10514,0,0.08311989,Male,White
10515,0,0.04187742,Female,White
10516,0,0.14002385,Female,White
10517,0,0.65043287,Male,White
10518,0,0.03142608,Male,White
10519,1,0.90701418,Male,White
10520,1,0.02822769,Male,White
10521,0,0.20547687,Male,White
10522,0,0.06087383,Male,White
10523,1,0.59832265,Male,White
10524,1,0.67335521,Female,White
10525,0,0.00372307,Female,White
10526,0,0.26021363,Male,White
10527,1,0.9963959,Male,Asian-Pac-Islander
10528,1,0.15509033,Male,White
10529,1,0.45657685,Male,White
10530,0,0.2996604,Male,White
10531,0,0.00728776,Male,White
10532,0,0.07620153,Female,White
10533,1,0.5011929,Male,White
10534,1,0.04845767,Male,White
10535,0,0.17415745,Male,White
10536,1,0.12743346,Male,White
10537,0,0.0156941,Male,White
10538,0,0.16296679,Male,White
10539,1,0.42020425,Male,White
10540,0,0.00412652,Female,White
10541,0,0.0763282,Male,White
10542,1,0.36943008,Female,White
10543,1,0.61894837,Male,White
10544,0,0.76096187,Female,White
10545,0,0.06170365,Female,White
10546,0,0.01311037,Male,White
10547,1,0.06641382,Male,White
10548,1,0.33916009,Male,White
10549,0,0.0091044,Male,White
10550,0,0.06415787,Male,White
10551,0,0.01601206,Female,Black
10552,1,0.15640007,Male,White
10553,0,0.57905841,Male,White
10554,0,0.21872278,Male,White
10555,0,0.00423436,Male,White
10556,0,0.00276142,Female,Asian-Pac-Islander
10557,1,0.08027171,Male,White
10558,1,0.4670726,Male,White
10559,1,0.21850011,Male,White
10560,0,0.09329795,Female,White
10561,0,0.00225784,Female,Black
10562,0,0.0078874,Male,White
10563,1,0.2882824,Male,White
10564,0,0.09334824,Male,White
10565,1,0.1309798,Male,White
10566,0,0.05043763,Female,White
10567,0,0.02267407,Female,Black
10568,1,0.99739849,Male,White
10569,0,0.00889682,Male,White
10570,1,0.6456734,Male,White
10571,0,0.00204354,Female,White
10572,0,0.0067053,Female,White
10573,0,0.19923035,Male,White
10574,1,0.82750149,Male,White
10575,1,0.7292702,Male,White
10576,1,0.80915546,Male,White
10577,0,0.00697183,Female,Black
10578,0,0.00285344,Female,White
10579,0,0.19948961,Male,White
10580,0,0.00760601,Male,White
10581,0,0.08540099,Female,White
10582,0,0.28834096,Male,Black
10583,0,0.11665212,Female,White
10584,0,0.17112155,Male,White
10585,1,0.58023682,Female,White
10586,0,0.8599593,Male,White
10587,0,0.10888613,Male,White
10588,0,0.00854419,Female,White
10589,0,0.0044796,Female,Black
10590,0,0.00518124,Male,White
10591,0,0.05478586,Female,White
10592,0,0.11038588,Male,White
10593,1,0.4322661,Female,White
10594,0,0.59677474,Male,Black
10595,1,0.5593891,Male,White
10596,1,0.77420185,Male,White
10597,1,0.83767936,Male,White
10598,0,0.00720853,Female,Black
10599,1,0.50594915,Male,White
10600,0,0.09066988,Female,White
10601,0,0.17081828,Female,White
10602,1,0.43493658,Male,White
10603,0,0.00218837,Female,Black
10604,0,0.00906328,Male,White
10605,1,0.90173217,Male,White
10606,0,0.29649406,Male,White
10607,0,0.13882553,Male,White
10608,0,0.06453474,Female,White
10609,0,0.16509551,Male,White
10610,0,0.01003009,Female,Black
10611,0,0.10409637,Female,Asian-Pac-Islander
10612,0,0.00183914,Female,White
10613,0,0.01399814,Male,White
10614,0,0.00417825,Female,Black
10615,0,0.05670957,Female,White
10616,0,0.00167911,Male,White
10617,0,0.00274439,Male,White
10618,1,0.12357236,Female,White
10619,1,0.81558228,Male,White
10620,0,0.00492004,Female,White
10621,0,0.00083466,Female,White
10622,1,0.77512832,Male,White
10623,0,0.33220735,Female,White
10624,0,0.00771406,Female,Black
10625,0,0.01234168,Male,White
10626,1,0.3945279,Male,Black
10627,0,0.10689559,Female,White
10628,0,0.00711728,Female,Other
10629,1,0.96410925,Male,White
10630,1,0.99764073,Male,White
10631,0,0.00266135,Female,White
10632,1,0.65835508,Male,White
10633,0,0.00646351,Male,White
10634,1,0.74126668,Male,White
10635,1,0.23846749,Male,Black
10636,0,0.00327448,Female,White
10637,0,0.01643865,Female,White
10638,0,0.30338482,Male,White
10639,1,0.62885035,Male,White
10640,0,0.00224334,Female,White
10641,0,0.00921615,Male,White
10642,0,0.0043232,Male,White
10643,0,0.00502349,Female,Black
10644,0,0.05760206,Female,White
10645,0,0.67087179,Male,Asian-Pac-Islander
10646,1,0.92864703,Male,White
10647,0,0.00065721,Female,Asian-Pac-Islander
10648,1,0.06134146,Female,White
10649,0,0.23933398,Male,White
10650,0,0.27238782,Male,White
10651,0,0.01685552,Female,White
10652,0,0.00774862,Female,White
10653,0,0.01875481,Female,White
10654,0,0.09797977,Female,White
10655,1,0.144599,Male,White
10656,0,0.00234289,Female,White
10657,0,0.28977265,Female,Black
10658,0,0.01096115,Female,White
10659,1,0.74497992,Female,White
10660,0,0.25449819,Male,White
10661,0,0.0228027,Male,White
10662,0,0.02117207,Male,Black
10663,1,0.66971262,Male,White
10664,0,0.0146289,Male,White
10665,0,0.01134985,Female,White
10666,1,0.1757772,Female,White
10667,0,0.03853564,Male,White
10668,0,0.01513451,Male,Black
10669,0,0.01281711,Male,White
10670,0,0.39069191,Male,White
10671,0,0.00485818,Male,Black
10672,0,0.02107261,Female,White
10673,1,0.62575572,Male,White
10674,0,0.00039182,Female,White
10675,0,0.04716566,Male,White
10676,1,0.9463786,Male,White
10677,0,0.14842915,Male,White
10678,0,0.74095662,Male,White
10679,0,0.24875165,Male,Amer-Indian-Eskimo
10680,1,0.94227091,Male,White
10681,0,0.53933246,Male,White
10682,0,0.00628344,Male,White
10683,0,0.00215632,Female,White
10684,0,0.02666122,Female,White
10685,1,0.39703402,Male,White
10686,0,0.00457273,Female,White
10687,0,0.18857857,Male,White
10688,0,0.23995261,Male,White
10689,0,0.08974761,Male,White
10690,1,0.31732574,Male,White
10691,0,0.00799308,Female,Black
10692,0,0.10707894,Male,White
10693,0,0.18500816,Male,White
10694,1,0.5474423,Male,White
10695,0,0.05748856,Male,White
10696,0,0.00276967,Male,Black
10697,0,0.06695554,Male,White
10698,0,0.02865192,Male,White
10699,0,0.24759276,Male,White
10700,0,0.10845724,Male,White
10701,0,0.08444967,Male,White
10702,0,0.18870694,Male,White
10703,0,0.01939951,Female,Black
10704,0,0.60638974,Female,White
10705,0,0.04239927,Female,White
10706,0,0.0093332,Female,Black
10707,0,0.28731406,Male,White
10708,1,0.84067288,Male,White
10709,1,0.35380235,Male,White
10710,0,0.13577924,Male,White
10711,0,0.00451673,Male,White
10712,0,0.02010938,Female,White
10713,0,0.0087237,Male,White
10714,0,0.00328805,Male,White
10715,1,0.77279746,Female,White
10716,1,0.80504924,Male,White
10717,0,0.3704111,Male,White
10718,0,0.00769696,Male,White
10719,1,0.73099458,Male,White
10720,0,0.1035048,Female,White
10721,1,0.71667539,Male,White
10722,0,0.00063035,Male,White
10723,0,0.09730977,Male,White
10724,0,0.25075509,Male,White
10725,0,0.0005269,Female,White
10726,0,0.01682288,Female,White
10727,0,0.00270403,Female,Black
10728,0,0.79268615,Male,White
10729,0,0.0067822,Female,White
10730,0,0.05264684,Female,White
10731,0,0.62895622,Male,White
10732,0,0.62995648,Male,White
10733,0,0.08468872,Female,Black
10734,0,0.00404274,Female,White
10735,0,0.0107296,Female,White
10736,1,0.5708021,Male,White
10737,1,0.2939015,Male,White
10738,1,0.70234174,Female,White
10739,0,0.00294006,Female,Asian-Pac-Islander
10740,0,0.00162226,Female,White
10741,1,0.57885301,Male,White
10742,0,0.02901029,Male,White
10743,1,0.42692546,Female,White
10744,0,0.01273183,Female,Black
10745,0,0.0427913,Female,White
10746,0,0.18097128,Male,White
10747,0,0.34167757,Male,White
10748,1,0.32535615,Male,White
10749,0,0.01420095,Female,White
10750,1,0.7898693,Male,White
10751,0,0.0227246,Male,White
10752,1,0.28980414,Male,White
10753,0,0.06202435,Male,White
10754,0,0.01254275,Male,White
10755,0,0.08825417,Female,Black
10756,0,0.02692094,Female,White
10757,1,0.19113844,Male,Black
10758,0,0.13660814,Female,White
10759,0,0.02787123,Male,White
10760,0,0.02864271,Female,White
10761,1,0.6549296,Male,White
10762,0,0.01503275,Male,Other
10763,0,0.03675515,Female,White
10764,0,0.08367594,Female,White
10765,0,0.02742966,Male,Black
10766,0,0.0039783,Male,White
10767,0,0.34053788,Female,Black
10768,0,0.00385369,Female,White
10769,0,0.08989599,Male,White
10770,0,0.00310139,Male,Black
10771,0,0.67458068,Male,White
10772,0,0.04633306,Male,Black
10773,0,0.42728747,Male,White
10774,0,0.07252467,Male,White
10775,0,0.00115326,Female,White
10776,0,0.11691496,Male,White
10777,0,0.5742527,Male,White
10778,0,0.00018967,Female,White
10779,1,0.70475173,Male,White
10780,0,0.19036865,Male,White
10781,0,0.00148618,Female,Black
10782,0,0.10418342,Female,White
10783,0,0.25410478,Male,White
10784,0,0.04124799,Female,White
10785,1,0.97954216,Male,White
10786,0,0.02180014,Female,White
10787,0,0.01079901,Female,White
10788,0,0.0068856,Female,White
10789,0,0.0019956,Female,White
10790,0,0.00626141,Female,White
10791,0,0.15509033,Male,White
10792,0,0.00151566,Female,White
10793,1,0.6376737,Male,Black
10794,0,0.01538371,Female,White
10795,0,0.29803247,Male,White
10796,0,0.00122995,Male,White
10797,1,0.89566502,Male,White
10798,0,0.24796835,Female,Black
10799,1,0.35625552,Male,White
10800,1,0.43998162,Male,White
10801,0,0.02412176,Female,Black
10802,0,0.00764976,Female,White
10803,1,0.81280563,Male,White
10804,0,0.00691966,Male,Asian-Pac-Islander
10805,1,0.734964,Male,Black
10806,0,0.34569533,Male,White
10807,1,0.2263029,Male,Amer-Indian-Eskimo
10808,1,0.78349898,Male,White
10809,0,0.56036217,Male,White
10810,0,0.026821,Female,Black
10811,0,0.08116584,Female,White
10812,0,0.01540406,Female,White
10813,0,0.03567379,Male,White
10814,1,0.53434923,Male,Black
10815,0,0.69910385,Male,White
10816,0,0.0172331,Female,White
10817,0,0.06080523,Male,White
10818,0,0.60793988,Male,White
10819,0,0.01491505,Female,White
10820,0,0.07541801,Male,White
10821,0,0.0371248,Male,White
10822,0,0.00539253,Female,White
10823,0,0.61375176,Female,White
10824,0,0.2720588,Female,White
10825,0,0.31390593,Male,White
10826,0,0.39561578,Male,White
10827,0,0.03239475,Female,White
10828,1,0.84101818,Male,White
10829,0,0.00400943,Male,Black
10830,0,0.0131927,Male,White
10831,0,0.00920477,Female,White
10832,0,0.01176766,Female,White
10833,1,0.65691873,Male,White
10834,0,0.00245398,Female,Amer-Indian-Eskimo
10835,0,0.57079961,Male,White
10836,0,0.01718703,Female,Black
10837,1,0.24268807,Male,White
10838,0,0.00068586,Female,White
10839,0,0.13670373,Male,White
10840,0,0.05325261,Female,Black
10841,1,0.56871491,Male,White
10842,0,0.00272346,Female,Asian-Pac-Islander
10843,0,0.26669185,Female,White
10844,0,0.09300708,Male,White
10845,0,0.06005942,Male,Asian-Pac-Islander
10846,1,0.60017817,Male,White
10847,0,0.66054512,Male,White
10848,0,0.12471902,Male,Asian-Pac-Islander
10849,1,0.35326388,Male,White
10850,0,0.04021489,Male,White
10851,0,0.00591797,Male,White
10852,0,0.3496096,Male,White
10853,0,0.20893575,Male,White
10854,0,0.01914965,Female,White
10855,0,0.03238048,Male,White
10856,0,0.03581141,Male,White
10857,0,0.03776911,Male,White
10858,0,0.14114514,Male,White
10859,1,0.83518047,Male,White
10860,1,0.41867699,Male,White
10861,0,0.15418677,Male,White
10862,0,0.6312279,Male,White
10863,1,0.3487115,Male,White
10864,0,0.00231315,Female,Black
10865,0,0.00104645,Male,White
10866,0,0.1210109,Female,White
10867,0,0.05386327,Male,White
10868,0,0.24083751,Male,White
10869,1,0.46557812,Male,White
10870,0,0.00319148,Male,White
10871,0,0.03359143,Male,White
10872,0,0.00072823,Female,White
10873,0,0.18496954,Male,Black
10874,0,0.5139049,Male,White
10875,0,0.00100827,Female,White
10876,0,0.3119519,Male,White
10877,0,0.33218102,Male,Black
10878,0,0.00362874,Male,White
10879,1,0.81791489,Male,White
10880,0,0.31227243,Male,White
10881,0,0.80580557,Male,White
10882,0,0.02492665,Male,White
10883,0,0.0141131,Male,White
10884,0,0.37704056,Male,White
10885,0,0.02626115,Male,White
10886,1,0.80912148,Male,White
10887,0,0.00432966,Female,White
10888,0,0.00920122,Female,Black
10889,0,0.0107296,Female,White
10890,0,0.03083474,Female,White
10891,0,0.02941056,Female,Black
10892,0,0.24398561,Female,White
10893,0,0.000975,Female,White
10894,1,0.7601354,Female,White
10895,0,0.00247518,Female,White
10896,0,0.00113729,Male,White
10897,0,0.10827073,Male,White
10898,0,0.01921757,Male,White
10899,1,0.82247075,Male,White
10900,0,0.01160652,Male,White
10901,0,0.1393036,Male,White
10902,0,0.01554138,Male,White
10903,0,0.00803955,Male,Asian-Pac-Islander
10904,1,0.98990499,Male,White
10905,1,0.99421388,Male,Black
10906,0,0.0697041,Male,White
10907,1,0.85018236,Male,White
10908,1,0.99765657,Male,White
10909,0,0.73145106,Male,White
10910,0,0.19300012,Male,Amer-Indian-Eskimo
10911,0,0.11694993,Female,Black
10912,0,0.04074124,Female,White
10913,0,0.22777259,Male,White
10914,0,0.013603,Female,White
10915,0,0.00442228,Male,White
10916,0,0.01183034,Male,White
10917,1,0.30249822,Male,White
10918,1,0.86322052,Male,White
10919,1,0.23239101,Male,White
10920,0,0.12131048,Male,White
10921,1,0.98436353,Male,White
10922,0,0.0206873,Male,White
10923,1,0.2712776,Female,Black
10924,0,0.00751054,Male,Asian-Pac-Islander
10925,0,0.00668144,Male,White
10926,0,0.07062382,Female,White
10927,0,0.03577034,Female,White
10928,0,0.03072049,Male,White
10929,1,0.78611736,Male,White
10930,0,0.01571714,Male,White
10931,1,0.43969649,Male,White
10932,0,0.00328246,Male,Black
10933,1,0.20532057,Female,White
10934,0,0.10052413,Female,Black
10935,1,0.39964052,Male,White
10936,1,0.55906503,Male,White
10937,1,0.99653718,Male,White
10938,0,0.29672404,Male,White
10939,0,0.06202782,Female,White
10940,0,0.53649566,Male,White
10941,0,0.00273833,Male,White
10942,0,0.04526976,Female,White
10943,0,0.34626104,Male,White
10944,1,0.57784054,Female,White
10945,1,0.17344056,Female,Asian-Pac-Islander
10946,0,0.05582237,Male,White
10947,0,0.0795751,Male,White
10948,1,0.69145918,Male,White
10949,1,0.19815888,Male,White
10950,0,0.34819146,Male,White
10951,0,0.00242021,Male,White
10952,1,0.72958978,Male,White
10953,0,0.54865632,Male,White
10954,0,0.3878279,Male,White
10955,0,0.00053309,Male,White
10956,1,0.13368452,Male,White
10957,0,0.79258906,Female,White
10958,0,0.35898705,Male,White
10959,0,0.03696705,Male,White
10960,0,0.00580112,Male,White
10961,0,0.06753108,Male,White
10962,0,0.58998357,Male,White
10963,0,0.09600229,Male,White
10964,0,0.68787683,Male,White
10965,0,0.01126244,Male,White
10966,0,0.07803299,Male,White
10967,0,0.03610507,Male,White
10968,0,0.86758524,Male,White
10969,0,0.71667539,Male,White
10970,1,0.25058362,Female,White
10971,1,0.73162413,Male,White
10972,1,0.45182245,Female,White
10973,0,0.21312123,Female,Black
10974,0,0.0058895,Male,White
10975,1,0.83722089,Male,White
10976,0,0.03868541,Male,White
10977,0,0.04218327,Male,White
10978,0,0.17364265,Female,White
10979,1,0.63739219,Male,White
10980,1,0.58844887,Female,White
10981,0,0.02511357,Female,White
10982,1,0.86510353,Male,White
10983,1,0.91919003,Male,White
10984,0,0.04252246,Female,White
10985,0,0.35565666,Male,White
10986,0,0.23259497,Male,White
10987,0,0.23990377,Male,White
10988,1,0.67697284,Male,White
10989,0,0.03078776,Female,White
10990,0,0.01460372,Female,White
10991,0,0.01552533,Female,White
10992,0,0.00092643,Female,White
10993,0,0.02713847,Female,Black
10994,0,0.12324892,Male,White
10995,1,0.53649952,Female,White
10996,0,0.6940886,Male,White
10997,1,0.78135415,Male,White
10998,1,0.88549988,Female,White
10999,0,0.00916301,Male,Asian-Pac-Islander
11000,1,0.66079866,Male,White
11001,0,0.23057744,Male,White
11002,0,0.00562452,Male,White
11003,0,0.01963103,Male,White
11004,0,0.00097576,Female,White
11005,0,0.20453453,Male,White
11006,0,0.0058712,Female,White
11007,1,0.482241,Male,White
11008,1,0.55659267,Male,White
11009,0,0.57843818,Male,White
11010,0,0.37000916,Male,White
11011,0,0.31275399,Male,White
11012,0,0.47318242,Male,White
11013,0,0.09710974,Female,White
11014,0,0.00911731,Male,White
11015,0,0.00263518,Female,White
11016,0,0.86061589,Male,White
11017,0,0.01634028,Female,Black
11018,1,0.12617167,Female,White
11019,0,0.00942526,Female,White
11020,0,0.00727825,Female,Black
11021,0,0.28423185,Male,White
11022,0,0.00755628,Female,White
11023,0,0.17925281,Male,White
11024,0,0.11015344,Male,White
11025,0,0.00395256,Female,White
11026,0,0.00769556,Female,White
11027,0,0.01721482,Male,White
11028,0,0.06227565,Male,White
11029,0,0.28295296,Female,White
11030,0,0.43628091,Male,White
11031,0,0.00433677,Male,White
11032,0,0.00719424,Female,White
11033,0,0.077681,Female,White
11034,0,0.02235168,Female,White
11035,1,0.83234801,Male,White
11036,0,0.2483076,Female,Asian-Pac-Islander
11037,0,0.23867876,Male,White
11038,0,0.01570215,Male,White
11039,0,0.47885537,Male,White
11040,0,0.06111072,Female,White
11041,0,0.00340449,Male,White
11042,0,0.00778904,Female,White
11043,0,0.03359528,Female,White
11044,0,0.05816632,Female,White
11045,1,0.95706875,Male,White
11046,0,0.62283932,Female,White
11047,0,0.01626973,Male,White
11048,0,0.12757663,Male,White
11049,1,0.2246143,Male,White
11050,0,0.67853764,Male,Amer-Indian-Eskimo
11051,1,0.82628189,Male,White
11052,0,0.31706226,Female,White
11053,0,0.00233756,Female,Black
11054,0,0.05052256,Female,White
11055,0,0.00084855,Female,Asian-Pac-Islander
11056,0,0.01684634,Female,White
11057,0,0.78400417,Male,White
11058,0,0.30983548,Male,White
11059,0,0.0473336,Male,White
11060,0,0.10694089,Male,White
11061,1,0.4896955,Male,White
11062,0,0.05113429,Male,White
11063,0,0.08142328,Male,White
11064,0,0.25686962,Male,White
11065,0,0.08901886,Male,White
11066,0,0.06376317,Female,White
11067,0,0.15430153,Male,White
11068,0,0.70855554,Male,White
11069,0,0.01219678,Male,White
11070,0,0.02711789,Male,Black
11071,0,0.06128293,Male,White
11072,0,0.18000271,Male,White
11073,0,0.14613508,Male,White
11074,0,0.01247609,Male,Black
11075,0,0.07266399,Male,Asian-Pac-Islander
11076,0,0.03488057,Male,White
11077,0,0.14931517,Male,White
11078,0,0.01358015,Male,Asian-Pac-Islander
11079,0,0.67647643,Male,White
11080,1,0.88040691,Female,White
11081,1,0.2013018,Male,Black
11082,0,0.66685726,Male,White
11083,0,0.01627496,Male,White
11084,0,0.0035636,Female,White
11085,0,0.02285688,Male,White
11086,0,0.16011086,Male,White
11087,0,0.15523579,Male,White
11088,0,0.12712721,Male,Amer-Indian-Eskimo
11089,1,0.61221791,Female,White
11090,1,0.51479876,Male,White
11091,0,0.00276463,Female,Black
11092,0,0.01096529,Female,White
11093,0,0.01608881,Female,White
11094,0,0.27274651,Male,White
11095,0,0.10049239,Male,Black
11096,0,0.05636682,Male,Asian-Pac-Islander
11097,1,0.57993814,Male,White
11098,1,0.38793715,Female,White
11099,0,0.10671506,Male,White
11100,0,0.0105886,Male,White
11101,0,0.05182975,Female,Asian-Pac-Islander
11102,0,0.04161134,Male,Black
11103,0,0.00767721,Male,White
11104,0,0.09948242,Male,White
11105,0,0.07147048,Female,Asian-Pac-Islander
11106,0,0.66948065,Male,White
11107,0,0.74056804,Male,White
11108,0,0.00229075,Female,White
11109,0,0.1129032,Male,White
11110,0,0.19399378,Male,White
11111,0,0.2820443,Male,White
11112,1,0.25686184,Male,White
11113,0,0.23826669,Male,White
11114,0,0.00240653,Female,White
11115,0,0.00566037,Male,Other
11116,1,0.72495894,Female,White
11117,0,0.00943688,Male,White
11118,0,0.02645013,Male,White
11119,0,0.05370883,Female,White
11120,1,0.77433863,Male,White
11121,1,0.77305693,Male,White
11122,0,0.08003475,Male,White
11123,0,0.22147365,Male,White
11124,0,0.15180015,Male,White
11125,1,0.97643108,Male,White
11126,0,0.09900972,Male,White
11127,0,0.00373149,Female,White
11128,0,0.09022854,Male,White
11129,0,0.84348707,Male,White
11130,0,0.14778819,Male,White
11131,0,0.01884644,Male,White
11132,1,0.99863582,Male,White
11133,0,0.00208437,Female,White
11134,1,0.68701132,Male,White
11135,0,0.04789327,Female,Black
11136,0,0.02539183,Male,White
11137,0,0.02105624,Female,White
11138,0,0.07189671,Female,White
11139,0,0.28842478,Male,White
11140,0,0.00675717,Female,White
11141,0,0.00264054,Female,White
11142,0,0.17056891,Female,White
11143,0,0.25672058,Male,White
11144,1,0.81310059,Male,White
11145,1,0.00728188,Male,White
11146,0,0.00135256,Female,White
11147,1,1.0,Male,White
11148,1,0.56822233,Female,White
11149,0,0.00031635,Female,White
11150,1,0.85897184,Male,White
11151,0,0.00433533,Male,White
11152,0,0.08486455,Male,White
11153,1,0.37568702,Male,White
11154,0,0.21247131,Male,White
11155,0,0.01971702,Male,White
11156,1,0.99529599,Male,White
11157,0,0.0095971,Female,White
11158,0,0.02090693,Female,White
11159,0,0.0046476,Female,White
11160,0,0.00066596,Female,White
11161,0,0.02755078,Female,White
11162,1,0.82468868,Male,White
11163,0,0.00313405,Male,White
11164,1,0.77755708,Male,White
11165,0,0.16462861,Male,White
11166,1,0.75132547,Male,White
11167,1,0.7818901,Male,White
11168,0,0.08327053,Female,White
11169,0,0.28096778,Male,White
11170,0,0.0020252,Male,White
11171,0,0.41549863,Male,White
11172,0,0.01643525,Female,White
11173,0,0.00280445,Male,White
11174,0,0.413407,Male,White
11175,1,0.28467114,Male,White
11176,0,0.00129641,Male,White
11177,0,0.04975855,Male,White
11178,1,0.30219666,Male,White
11179,0,0.20751461,Female,White
11180,0,0.25522279,Female,White
11181,0,0.41020345,Male,White
11182,0,0.00684638,Male,White
11183,1,0.50830787,Male,White
11184,0,0.26953784,Male,White
11185,0,0.00235642,Female,White
11186,0,0.38862358,Male,White
11187,0,0.47922627,Male,White
11188,0,0.04170315,Male,White
11189,1,0.10500315,Male,White
11190,0,0.68983989,Male,White
11191,0,0.01942549,Female,White
11192,0,0.39172861,Male,Black
11193,1,0.59720313,Male,White
11194,0,0.62037942,Male,Asian-Pac-Islander
11195,0,0.24245382,Male,Black
11196,1,0.8838683,Male,White
11197,0,0.25605654,Female,White
11198,0,0.23699906,Male,White
11199,0,0.62614014,Male,White
11200,1,0.28869319,Male,White
11201,0,0.37327639,Male,Amer-Indian-Eskimo
11202,0,0.30043864,Male,White
11203,0,0.00943179,Male,White
11204,0,0.05781583,Male,White
11205,0,0.01165077,Male,White
11206,1,0.96505813,Male,White
11207,0,0.06742113,Male,White
11208,0,0.02574408,Female,White
11209,0,0.1397047,Male,White
11210,0,0.10656894,Male,White
11211,0,0.1176951,Male,White
11212,0,0.01057883,Male,White
11213,0,0.02842489,Female,White
11214,0,0.00674561,Female,White
11215,0,0.17621166,Male,Amer-Indian-Eskimo
11216,0,0.0010936,Female,White
11217,1,0.56538426,Male,White
11218,0,0.69448375,Male,White
11219,0,0.1986403,Male,White
11220,0,0.02428986,Female,White
11221,0,0.05157023,Male,White
11222,0,0.02776154,Male,White
11223,0,0.2649528,Male,White
11224,0,0.53837464,Male,White
11225,1,0.05015932,Male,Black
11226,0,0.4944729,Male,White
11227,0,0.20772442,Male,White
11228,1,0.43372271,Male,White
11229,0,0.34786107,Male,White
11230,0,0.09948408,Male,White
11231,0,0.3722554,Male,White
11232,0,0.01089794,Female,White
11233,0,0.1836565,Female,White
11234,0,0.00570242,Female,White
11235,0,0.00176023,Female,Black
11236,1,0.68001237,Male,Black
11237,0,0.68166717,Male,White
11238,0,0.47634627,Male,White
11239,0,0.00065487,Female,White
11240,0,0.26046537,Male,White
11241,0,0.07741217,Female,Asian-Pac-Islander
11242,0,0.00196849,Male,White
11243,1,0.80402572,Male,White
11244,0,0.30672533,Male,White
11245,0,0.01687181,Male,White
11246,0,0.00023397,Female,White
11247,1,0.95011835,Male,White
11248,0,0.21582087,Female,White
11249,0,0.15601149,Male,White
11250,0,0.11083803,Male,White
11251,1,0.95362964,Male,White
11252,0,0.12511891,Male,White
11253,0,0.00160379,Female,White
11254,0,0.04174828,Male,White
11255,1,0.64779223,Male,White
11256,1,0.37790264,Male,White
11257,0,0.029692,Male,White
11258,1,0.07733109,Male,White
11259,1,0.82011573,Male,White
11260,0,0.03805791,Male,White
11261,0,0.01647851,Female,Black
11262,0,0.01401721,Female,Black
11263,0,0.15163064,Female,White
11264,1,0.13554241,Male,White
11265,0,0.00186648,Female,White
11266,0,0.44502253,Female,White
11267,0,0.00027977,Female,White
11268,0,0.485876,Male,White
11269,0,0.27982212,Male,White
11270,0,0.07813001,Male,White
11271,1,0.69826749,Male,White
11272,0,0.13264628,Male,White
11273,0,0.06919785,Female,White
11274,0,0.04595846,Female,Black
11275,0,0.05223783,Male,White
11276,1,0.71510173,Male,White
11277,0,0.48151142,Male,White
11278,0,0.11158271,Male,White
11279,0,0.18194422,Male,White
11280,0,0.0343985,Male,White
11281,0,0.02527947,Male,White
11282,0,0.13871667,Male,White
11283,0,0.00315761,Male,White
11284,0,0.02850779,Male,White
11285,0,0.02172573,Male,Black
11286,0,0.00411775,Female,Other
11287,0,0.65058134,Male,White
11288,0,0.22720746,Male,White
11289,1,0.73655234,Female,White
11290,0,0.03471624,Female,White
11291,1,0.97020538,Male,White
11292,0,0.31287118,Male,White
11293,0,0.016021,Male,White
11294,0,0.01035767,Male,White
11295,0,0.03798751,Female,White
11296,1,0.35769294,Male,White
11297,0,0.00785378,Female,White
11298,1,0.98388424,Male,White
11299,0,0.11517192,Male,White
11300,0,0.01118426,Female,White
11301,0,0.3850318,Male,White
11302,1,0.49242312,Female,White
11303,0,0.02016984,Male,White
11304,1,0.66304438,Female,White
11305,1,0.26552551,Male,White
11306,1,0.15484009,Male,White
11307,0,0.03916807,Female,White
11308,0,0.50770426,Male,White
11309,0,0.03417271,Male,Black
11310,1,0.41736756,Male,White
11311,1,0.22474257,Male,White
11312,0,0.00343488,Male,White
11313,1,0.56968323,Male,White
11314,0,0.3496561,Male,White
11315,0,0.0070034,Female,White
11316,0,0.47295096,Male,White
11317,1,0.60876587,Male,White
11318,0,0.00056015,Female,White
11319,0,0.03187649,Female,White
11320,0,0.00617702,Female,White
11321,0,0.00182001,Female,Amer-Indian-Eskimo
11322,0,0.02271902,Female,White
11323,0,0.27978175,Male,Black
11324,1,0.87793376,Male,White
11325,0,0.02012229,Female,White
11326,0,0.0191487,Male,White
11327,0,0.23259497,Male,White
11328,0,0.01133242,Male,Black
11329,0,0.0060088,Male,White
11330,1,0.35458285,Male,White
11331,0,0.08677364,Female,White
11332,0,0.00289554,Male,White
11333,0,0.00338393,Female,White
11334,0,0.00825703,Female,White
11335,0,0.00996748,Male,White
11336,1,0.52200933,Male,White
11337,0,0.62654738,Male,White
11338,1,0.57769755,Male,White
11339,0,0.00922442,Female,White
11340,0,0.01709921,Female,White
11341,0,0.24233482,Male,White
11342,1,0.95660035,Male,White
11343,0,0.03087712,Female,White
11344,0,0.03570407,Male,Black
11345,0,0.06607173,Male,Asian-Pac-Islander
11346,0,0.06500754,Female,White
11347,0,0.01554011,Female,White
11348,0,0.08469468,Male,White
11349,1,0.07926449,Male,White
11350,0,0.00664735,Female,White
11351,0,0.00417242,Female,White
11352,1,0.5018907,Male,White
11353,0,0.00196256,Female,White
11354,1,0.7000307,Male,White
11355,0,0.24120415,Male,Black
11356,0,0.00135777,Female,White
11357,0,0.03254486,Female,Black
11358,1,0.99979649,Male,White
11359,0,0.00110459,Male,White
11360,1,0.22495045,Male,White
11361,0,0.01895677,Male,White
11362,0,0.17147358,Male,White
11363,0,0.32903298,Male,White
11364,0,0.21812636,Female,White
11365,0,0.23564301,Male,White
11366,0,0.23274819,Male,White
11367,0,0.01202221,Male,White
11368,1,0.23231406,Male,White
11369,0,0.40946578,Female,White
11370,1,0.58423342,Male,White
11371,0,0.19766772,Male,White
11372,1,0.22400448,Male,White
11373,1,0.87368092,Male,White
11374,0,0.01963381,Male,Black
11375,0,0.00728776,Male,White
11376,0,0.2061954,Male,White
11377,0,0.02189206,Male,White
11378,1,0.33786158,Male,White
11379,0,0.01257483,Female,White
11380,0,0.0529516,Male,White
11381,0,0.22430163,Male,White
11382,0,0.02282417,Male,White
11383,1,0.87525303,Male,Asian-Pac-Islander
11384,0,0.0098706,Female,White
11385,0,0.08472445,Male,White
11386,0,0.22494033,Male,White
11387,0,0.00307415,Female,White
11388,0,0.00339038,Male,Black
11389,0,0.00123554,Male,White
11390,0,0.01833356,Male,White
11391,0,0.1345594,Male,White
11392,0,0.00825559,Male,White
11393,0,0.02077781,Male,Asian-Pac-Islander
11394,0,0.50953891,Male,White
11395,0,0.00303068,Male,White
11396,1,0.77400132,Male,Asian-Pac-Islander
11397,1,0.53153197,Male,White
11398,0,0.00527049,Male,Black
11399,0,0.14914194,Female,White
11400,0,0.44661046,Male,White
11401,0,0.43235712,Male,White
11402,0,0.00379362,Male,White
11403,0,0.17770836,Male,Black
11404,0,0.08209109,Male,White
11405,0,0.0110539,Male,Amer-Indian-Eskimo
11406,0,0.29188269,Female,White
11407,0,0.03283943,Male,White
11408,0,0.04628552,Male,White
11409,0,0.00625449,Female,White
11410,0,0.01273122,Female,White
11411,0,0.34900495,Male,White
11412,0,0.00190563,Male,Black
11413,0,0.05049724,Female,Black
11414,0,0.91205893,Male,White
11415,0,0.01076337,Female,White
11416,0,0.02257715,Male,White
11417,1,0.6154608,Male,White
11418,0,0.01776472,Male,Black
11419,0,0.248075,Female,White
11420,0,0.00805881,Male,White
11421,0,0.00087598,Female,White
11422,1,0.322082,Male,White
11423,1,0.99729725,Male,White
11424,1,0.60279105,Male,White
11425,0,0.00077958,Female,White
11426,0,0.00182878,Female,White
11427,0,0.01174477,Female,White
11428,0,0.11095359,Male,White
11429,0,0.24055049,Female,White
11430,0,0.28109899,Male,White
11431,0,0.21184975,Male,White
11432,0,0.02891558,Male,White
11433,0,0.00402481,Female,White
11434,0,0.23719998,Female,White
11435,0,0.00124023,Male,White
11436,0,0.50569883,Female,White
11437,0,0.01827749,Male,White
11438,0,0.00086689,Female,White
11439,0,0.00051766,Female,White
11440,0,0.00071832,Female,White
11441,0,0.09990633,Male,White
11442,0,0.25988147,Female,White
11443,0,0.0112372,Male,White
11444,1,0.81284833,Female,White
11445,0,0.87328159,Male,White
11446,0,0.00162955,Male,White
11447,0,0.09669424,Male,White
11448,1,0.78016852,Male,White
11449,0,0.00290266,Male,White
11450,0,0.01126792,Male,White
11451,0,0.23226695,Male,White
11452,0,0.00591636,Female,White
11453,0,0.01882631,Male,Other
11454,0,0.07106725,Male,White
11455,0,0.00255763,Female,White
11456,1,0.58696112,Male,White
11457,0,0.00043487,Female,Black
11458,0,0.03539268,Male,White
11459,0,0.20665732,Male,White
11460,0,0.23615244,Male,White
11461,0,0.00321041,Female,White
11462,0,0.07952544,Male,White
11463,0,0.00745686,Male,White
11464,0,0.09871266,Female,White
11465,0,0.10441515,Male,Black
11466,0,0.01080494,Male,White
11467,1,0.66650146,Male,White
11468,0,0.00192577,Female,White
11469,0,0.66800201,Female,White
11470,0,0.01310052,Female,White
11471,0,0.29874325,Male,White
11472,0,0.59895535,Female,White
11473,0,0.02135776,Female,White
11474,1,0.3092836,Male,White
11475,0,0.06468978,Male,White
11476,0,0.07442834,Female,White
11477,0,0.28747218,Male,White
11478,1,0.43820155,Male,White
11479,0,0.01296742,Female,White
11480,0,0.01056287,Male,White
11481,0,0.31781749,Male,White
11482,0,0.0011461,Male,White
11483,1,0.25827791,Male,White
11484,0,0.04704844,Male,White
11485,0,0.03456306,Female,White
11486,0,0.30639363,Male,White
11487,0,0.00449867,Male,White
11488,0,0.00850899,Female,White
11489,1,0.21888782,Male,White
11490,0,0.08154278,Female,White
11491,1,0.87962045,Male,White
11492,0,0.02134883,Male,White
11493,0,0.16941906,Male,White
11494,0,0.00525066,Female,White
11495,0,0.00121498,Male,White
11496,0,0.02012288,Female,White
11497,0,0.26187302,Male,White
11498,1,0.57303045,Male,White
11499,0,0.0010924,Male,White
11500,0,0.17636712,Male,White
11501,0,0.18068996,Male,White
11502,0,0.24266476,Male,White
11503,0,0.01186759,Male,White
11504,0,0.36973513,Female,White
11505,0,0.11802414,Male,White
11506,0,0.35553975,Male,White
11507,0,0.09532146,Male,White
11508,0,0.10057531,Male,White
11509,0,0.45846718,Male,White
11510,0,0.0005093,Male,Amer-Indian-Eskimo
11511,0,0.01092707,Female,White
11512,1,0.61486571,Male,White
11513,0,0.06175023,Male,White
11514,1,0.30290987,Male,Black
11515,0,0.22708314,Male,Black
11516,0,0.15251019,Male,White
11517,0,0.00257062,Female,White
11518,1,0.45967962,Male,White
11519,1,0.16679647,Male,White
11520,0,0.5495579,Male,White
11521,0,0.01946351,Female,White
11522,0,0.00034132,Female,White
11523,0,0.00563376,Male,Black
11524,1,0.73704001,Female,White
11525,0,0.00181699,Male,White
11526,1,0.35211506,Male,White
11527,0,0.01205599,Female,White
11528,0,0.01112351,Male,White
11529,0,0.00104454,Female,White
11530,0,0.338669,Male,White
11531,1,0.2461022,Male,White
11532,0,0.001806,Female,White
11533,0,0.12292654,Female,White
11534,0,0.01053825,Male,Asian-Pac-Islander
11535,0,0.07664857,Male,White
11536,0,0.00451242,Female,White
11537,1,0.97322445,Male,White
11538,0,0.00228619,Female,White
11539,0,0.06825932,Male,White
11540,0,0.00958754,Female,White
11541,0,0.64088135,Male,White
11542,0,0.77582356,Male,White
11543,0,0.02545047,Female,Black
11544,1,0.28190511,Male,White
11545,1,0.99557403,Female,Black
11546,1,0.29188269,Female,White
11547,0,0.01736237,Female,White
11548,0,0.00370568,Male,Black
11549,0,0.10171321,Male,White
11550,1,0.48151225,Male,White
11551,1,0.40440651,Male,White
11552,1,0.28537248,Male,White
11553,1,0.79412034,Male,White
11554,0,0.60645952,Male,White
11555,0,0.51815474,Male,Asian-Pac-Islander
11556,0,0.01378668,Female,Other
11557,0,0.00800791,Male,Black
11558,0,0.08635399,Female,Black
11559,0,0.1637733,Female,Black
11560,0,0.03646327,Female,White
11561,0,0.0024152,Female,Black
11562,0,0.00425121,Female,Black
11563,1,0.47189955,Female,White
11564,0,0.00586639,Female,White
11565,0,0.00944908,Male,White
11566,0,0.00387767,Male,White
11567,0,0.06403957,Female,White
11568,0,0.11848238,Female,White
11569,1,0.72045399,Male,White
11570,0,0.03503732,Female,White
11571,0,0.31884538,Female,White
11572,0,0.31788536,Male,White
11573,1,0.35665098,Male,White
11574,1,0.96073142,Male,White
11575,0,0.359326,Male,White
11576,0,0.01317552,Male,White
11577,0,0.38370671,Male,White
11578,0,0.74478166,Female,White
11579,1,0.62293706,Male,White
11580,0,0.02279394,Female,White
11581,0,0.19955727,Female,White
11582,0,0.00395501,Male,White
11583,1,0.34268417,Male,White
11584,1,0.79019891,Male,White
11585,1,0.2005991,Male,White
11586,0,0.09328227,Male,White
11587,0,0.59707519,Male,White
11588,0,0.0028817,Male,White
11589,1,0.9546465,Male,White
11590,1,0.65221981,Female,White
11591,1,0.99641101,Male,Black
11592,0,0.01210234,Male,White
11593,0,0.06395324,Male,White
11594,0,0.59940921,Male,White
11595,0,0.02628607,Male,White
11596,0,0.00978141,Male,White
11597,0,0.1037846,Female,White
11598,0,0.00907335,Male,White
11599,1,0.26884399,Male,Black
11600,1,0.02463797,Female,White
11601,0,0.00728776,Male,White
11602,1,0.95727198,Male,White
11603,0,0.19887777,Male,Black
11604,0,0.10527484,Male,White
11605,0,0.01669447,Female,White
11606,0,0.00864862,Female,Black
11607,0,0.03447048,Female,Black
11608,0,0.01119516,Male,White
11609,1,0.10725671,Female,White
11610,0,0.20222581,Male,Asian-Pac-Islander
11611,0,0.01113956,Female,White
11612,0,0.10646406,Male,White
11613,0,0.35061164,Male,White
11614,0,0.21476386,Male,White
11615,0,0.00633419,Male,Amer-Indian-Eskimo
11616,0,0.02941455,Male,White
11617,0,0.07990796,Male,White
11618,1,0.05072603,Female,White
11619,1,0.56086298,Male,White
11620,0,0.73211838,Male,White
11621,0,0.37855746,Male,White
11622,0,0.34627087,Male,White
11623,0,0.0607837,Male,White
11624,0,0.00062261,Male,White
11625,0,0.05734092,Male,White
11626,0,0.00350884,Female,White
11627,1,0.59435433,Male,White
11628,0,0.04102264,Female,White
11629,0,0.00222693,Female,Black
11630,1,0.98404782,Male,White
11631,0,0.01384284,Female,Black
11632,0,0.00976544,Male,White
11633,0,0.00104685,Female,White
11634,1,0.30219666,Male,White
11635,0,0.62806431,Female,White
11636,0,0.03340376,Male,White
11637,0,0.01626875,Male,Black
11638,0,0.00173459,Male,White
11639,0,0.00253363,Female,Black
11640,0,0.00070888,Female,White
11641,0,0.15259185,Female,White
11642,0,0.02397691,Male,White
11643,0,0.13695567,Female,White
11644,0,0.00333845,Male,White
11645,1,0.27748834,Male,White
11646,0,0.005497,Male,White
11647,0,0.01041434,Female,White
11648,1,0.95044012,Male,White
11649,0,0.02391086,Female,White
11650,0,0.22822471,Male,White
11651,0,0.37170431,Male,White
11652,0,0.00715894,Male,White
11653,0,0.00541594,Male,Black
11654,1,0.58247862,Male,White
11655,0,0.04891103,Male,Black
11656,1,0.19156283,Male,White
11657,0,0.1280284,Male,White
11658,1,0.83372609,Male,Asian-Pac-Islander
11659,0,0.07100608,Male,White
11660,1,0.73131765,Male,White
11661,0,0.27680817,Male,White
11662,0,0.4863703,Female,White
11663,0,0.05343274,Male,White
11664,1,0.82692496,Male,White
11665,0,0.0402701,Male,White
11666,1,0.75268116,Male,White
11667,1,0.9833784,Male,White
11668,0,0.30185346,Male,White
11669,1,0.90196477,Male,White
11670,0,0.00053046,Female,White
11671,0,0.00895893,Male,White
11672,0,0.00111582,Female,White
11673,0,0.03553787,Female,Asian-Pac-Islander
11674,0,0.00527464,Female,White
11675,0,0.00464836,Male,White
11676,1,0.78089688,Male,White
11677,0,0.02860017,Female,Asian-Pac-Islander
11678,0,0.00105397,Female,Black
11679,0,0.01310443,Female,Black
11680,0,0.01000939,Male,White
11681,0,0.46141918,Male,White
11682,1,0.80666365,Male,White
11683,0,0.00701146,Male,Black
11684,0,0.29877522,Female,White
11685,0,0.18258612,Male,White
11686,0,0.07184863,Male,White
11687,0,0.01895011,Male,Amer-Indian-Eskimo
11688,0,0.14226362,Female,White
11689,0,0.29231169,Male,White
11690,1,0.2574301,Male,White
11691,0,0.32571008,Male,White
11692,0,0.17993416,Male,White
11693,0,0.22922662,Male,White
11694,0,0.3148535,Male,White
11695,0,0.00053481,Female,Asian-Pac-Islander
11696,0,0.32304606,Female,Black
11697,0,0.00906521,Female,White
11698,0,0.00288785,Female,White
11699,0,0.02253492,Male,White
11700,0,0.00969774,Female,White
11701,0,0.5963192,Male,White
11702,0,0.2041995,Male,White
11703,1,0.08710964,Male,White
11704,0,0.65327511,Male,White
11705,0,0.05900321,Female,White
11706,0,0.04846077,Female,Black
11707,0,0.00107121,Female,White
11708,0,0.2454546,Male,White
11709,0,0.01450513,Male,White
11710,0,0.01633806,Male,White
11711,0,0.14800737,Male,White
11712,0,0.08227514,Male,Asian-Pac-Islander
11713,0,0.45504468,Male,White
11714,0,0.04651311,Male,Black
11715,0,0.30037074,Male,White
11716,1,0.78864885,Male,White
11717,0,0.26472562,Male,White
11718,0,0.01870507,Female,White
11719,0,0.11488357,Male,White
11720,0,0.04091753,Male,White
11721,0,0.00575258,Female,Asian-Pac-Islander
11722,0,0.00472261,Male,Black
11723,0,0.68117823,Male,Black
11724,0,0.03709386,Male,White
11725,0,0.00153221,Female,White
11726,1,0.30731705,Male,White
11727,0,0.00666787,Female,Black
11728,1,0.79989907,Male,White
11729,0,0.0884494,Male,White
11730,0,0.00682699,Female,White
11731,0,0.00356769,Male,White
11732,1,0.72510945,Male,White
11733,0,0.00400339,Female,Asian-Pac-Islander
11734,0,0.01363342,Male,White
11735,0,0.05590553,Female,White
11736,0,0.03034589,Female,White
11737,0,0.28005186,Male,White
11738,0,0.03756374,Male,Black
11739,0,0.0336833,Male,White
11740,0,0.52079091,Male,Black
11741,0,0.015363,Male,White
11742,1,0.60218983,Male,White
11743,0,0.01728021,Male,White
11744,0,0.82210003,Male,White
11745,0,0.03999682,Male,White
11746,0,0.48550007,Male,White
11747,1,0.48356765,Male,White
11748,0,0.01306331,Male,White
11749,1,0.97165884,Male,White
11750,0,0.10100679,Male,White
11751,0,0.13367856,Male,White
11752,0,0.13754329,Male,White
11753,0,0.04550796,Male,White
11754,0,0.07360292,Male,White
11755,0,0.04050819,Male,White
11756,0,0.17771724,Male,White
11757,0,0.00920732,Male,Black
11758,1,0.00548001,Female,White
11759,0,0.22933359,Male,White
11760,0,0.17938903,Male,White
11761,0,0.13082296,Male,White
11762,0,0.00634222,Male,White
11763,0,0.03022387,Male,White
11764,0,0.55100842,Male,White
11765,0,0.43051715,Male,White
11766,1,0.51756831,Male,White
11767,0,0.00057647,Female,White
11768,0,0.00425126,Female,White
11769,0,0.01044712,Male,White
11770,0,0.34626907,Male,White
11771,0,0.18094477,Male,White
11772,1,0.36736642,Male,White
11773,0,0.15065202,Male,Black
11774,0,0.00080322,Male,White
11775,0,0.16321429,Male,Asian-Pac-Islander
11776,1,0.8836742,Male,White
11777,0,0.20544555,Female,White
11778,1,0.89182894,Male,White
11779,0,0.0085612,Male,White
11780,0,0.00262299,Male,White
11781,1,0.8272667,Male,White
11782,0,0.14087029,Male,White
11783,0,0.22364819,Female,White
11784,0,0.08546835,Male,White
11785,0,0.26283263,Female,White
11786,0,0.01891979,Male,White
11787,0,0.12456156,Male,White
11788,0,0.01144394,Female,Amer-Indian-Eskimo
11789,0,0.00603575,Male,White
11790,0,0.50262698,Male,White
11791,1,0.32008208,Male,White
11792,1,1.0,Male,White
11793,0,0.53216645,Male,White
11794,1,0.95575821,Male,White
11795,0,0.00398962,Female,White
11796,0,0.04655091,Male,White
11797,1,0.28947165,Male,White
11798,1,0.41188925,Male,White
11799,0,0.01983684,Male,White
11800,0,0.11972983,Female,White
11801,1,0.80326874,Male,White
11802,0,0.14289727,Male,White
11803,0,0.00627027,Female,Asian-Pac-Islander
11804,0,0.00164384,Female,White
11805,1,0.99906359,Male,White
11806,0,0.18358578,Male,White
11807,0,0.16893515,Male,Black
11808,0,0.36727287,Male,White
11809,0,0.04931361,Male,White
11810,0,0.03324462,Male,White
11811,0,0.0450927,Male,White
11812,0,0.11723405,Female,Asian-Pac-Islander
11813,1,0.89545593,Male,White
11814,0,0.00502937,Male,White
11815,0,0.26924544,Female,White
11816,0,0.18342762,Male,White
11817,0,0.77797013,Male,White
11818,0,0.05608711,Male,White
11819,0,0.61247285,Male,White
11820,1,0.24468264,Female,White
11821,0,0.28964819,Male,White
11822,1,0.00904532,Male,White
11823,0,0.20310086,Male,White
11824,1,0.37000916,Male,White
11825,0,0.14805811,Female,White
11826,0,0.22951416,Female,Black
11827,1,0.63735621,Female,White
11828,1,0.75725031,Male,White
11829,0,0.18564313,Male,White
11830,0,0.02959385,Male,White
11831,0,0.15032617,Male,Asian-Pac-Islander
11832,0,0.1603574,Male,White
11833,0,0.67832054,Male,Black
11834,0,0.00440871,Female,Black
11835,0,0.04367754,Male,White
11836,0,0.16537944,Male,White
11837,0,0.00929817,Male,White
11838,1,0.99064256,Male,White
11839,0,0.03356365,Female,Black
11840,1,0.99809397,Male,White
11841,1,0.29237553,Male,White
11842,0,0.02243004,Female,White
11843,0,0.00205941,Female,White
11844,0,0.09545343,Male,Amer-Indian-Eskimo
11845,0,0.16576825,Male,White
11846,1,0.99749756,Female,White
11847,0,0.13282985,Male,Black
11848,1,0.68588869,Male,White
11849,0,0.04369567,Male,White
11850,0,0.27976658,Male,White
11851,1,0.14748562,Male,Black
11852,0,0.22220636,Female,White
11853,0,0.22539306,Male,White
11854,0,0.22907503,Male,White
11855,1,0.71592484,Male,White
11856,1,0.75603535,Male,White
11857,0,0.007292,Male,White
11858,1,0.99981493,Male,Asian-Pac-Islander
11859,0,0.00213269,Male,Amer-Indian-Eskimo
11860,0,0.01579672,Male,White
11861,0,0.04271075,Male,White
11862,0,0.1993148,Male,Black
11863,0,0.09005248,Female,White
11864,0,0.02699443,Female,White
11865,0,0.68230585,Female,Asian-Pac-Islander
11866,0,0.04855967,Female,White
11867,0,0.02323419,Male,White
11868,0,0.47862445,Male,White
11869,1,0.93239577,Male,White
11870,0,0.01167076,Male,White
11871,1,0.70132018,Male,White
11872,0,0.00516202,Female,White
11873,0,0.34551128,Male,White
11874,1,0.50392109,Male,White
11875,0,0.09238295,Male,White
11876,1,0.16580895,Male,White
11877,0,0.334119,Male,White
11878,1,0.7163758,Male,White
11879,0,0.72068362,Male,White
11880,0,0.59369854,Male,White
11881,0,0.61040272,Male,White
11882,0,0.08294736,Male,White
11883,0,0.01943525,Female,White
11884,0,0.33836597,Male,Black
11885,0,0.33520331,Male,White
11886,0,0.01160485,Female,White
11887,0,0.00350045,Male,White
11888,0,0.00118416,Female,White
11889,1,0.3969466,Male,Black
11890,0,0.00218651,Female,Black
11891,0,0.09299414,Male,Amer-Indian-Eskimo
11892,1,0.56164159,Male,White
11893,0,0.23154859,Male,White
11894,0,0.00187282,Female,Asian-Pac-Islander
11895,0,0.07610993,Female,White
11896,0,0.00199099,Male,White
11897,0,0.03144039,Male,Amer-Indian-Eskimo
11898,0,0.00295552,Female,White
11899,0,0.07061003,Female,White
11900,1,0.34287503,Male,White
11901,0,0.01028918,Male,White
11902,1,0.37662305,Male,White
11903,0,0.29059849,Female,White
11904,0,0.00167638,Male,White
11905,0,0.01608123,Female,White
11906,0,0.01079275,Female,White
11907,0,0.23194133,Male,White
11908,0,0.01660499,Female,Black
11909,0,0.0252692,Female,White
11910,1,0.69903674,Male,White
11911,0,0.16970167,Female,White
11912,0,0.07846953,Female,Black
11913,0,0.28747218,Male,White
11914,0,0.01404591,Female,White
11915,0,0.0498379,Female,White
11916,1,0.97876824,Male,White
11917,1,0.82465316,Male,White
11918,1,0.48816336,Male,White
11919,0,0.11696611,Male,White
11920,0,0.06054469,Male,White
11921,0,0.00585034,Male,White
11922,0,0.01709741,Male,White
11923,0,0.00508591,Female,Black
11924,0,0.01776999,Female,White
11925,0,0.48530048,Female,White
11926,0,0.49936582,Male,White
11927,0,0.00187388,Female,Black
11928,0,0.04422253,Female,Black
11929,1,0.97639354,Male,White
11930,0,0.01148236,Male,White
11931,0,0.06610559,Male,White
11932,0,0.1877413,Female,White
11933,0,0.4456916,Male,White
11934,1,0.8155451,Male,White
11935,0,0.05900076,Female,White
11936,1,0.55373898,Male,White
11937,0,0.09898482,Male,White
11938,1,0.67589008,Male,White
11939,0,0.00362889,Female,Black
11940,0,0.0076582,Male,White
11941,0,0.00459925,Male,Black
11942,0,0.302246,Female,Black
11943,1,0.96231131,Male,White
11944,0,0.00280999,Female,White
11945,0,0.34075296,Male,White
11946,0,0.17509628,Female,White
11947,0,0.00038566,Female,White
11948,0,0.1339804,Female,White
11949,1,0.76625312,Female,White
11950,0,0.04736393,Female,White
11951,0,0.57803847,Male,White
11952,0,0.02036626,Male,White
11953,0,0.03924144,Female,Asian-Pac-Islander
11954,0,0.03822832,Female,White
11955,0,0.31037823,Male,White
11956,0,0.12057816,Female,White
11957,0,0.16530689,Male,White
11958,0,0.43628091,Male,White
11959,1,0.66601377,Male,White
11960,0,0.37484337,Male,White
11961,0,0.09105491,Male,White
11962,0,0.01692849,Male,White
11963,1,0.91722428,Male,White
11964,0,0.00337487,Female,White
11965,0,0.36830886,Male,White
11966,0,0.55141597,Male,White
11967,0,0.00107674,Female,White
11968,0,0.26594631,Male,White
11969,0,0.01213042,Female,White
11970,0,0.5848019,Male,White
11971,0,0.01287732,Male,White
11972,0,0.31177939,Male,White
11973,0,0.00142123,Female,White
11974,0,0.00591797,Male,White
11975,0,0.0854481,Male,White
11976,0,0.00385041,Female,Black
11977,0,0.00118472,Female,White
11978,1,0.96350254,Male,White
11979,0,0.24759276,Male,White
11980,0,0.0029291,Female,White
11981,1,0.04720686,Female,White
11982,0,0.00131818,Male,White
11983,0,0.14897842,Male,Asian-Pac-Islander
11984,1,0.11992146,Male,White
11985,0,0.24818998,Female,White
11986,0,0.00309777,Female,White
11987,0,0.05608734,Male,White
11988,0,0.46718958,Male,White
11989,0,0.32977148,Female,White
11990,0,0.11595333,Female,White
11991,0,0.01959601,Male,White
11992,0,0.28208003,Male,White
11993,0,0.56069188,Male,Asian-Pac-Islander
11994,0,0.456872,Male,White
11995,0,0.00769127,Female,Black
11996,0,0.12473587,Female,White
11997,0,0.01427681,Male,Black
11998,0,0.31921814,Male,White
11999,0,0.00327826,Female,White
12000,0,0.00090826,Female,White
12001,1,0.77901201,Male,White
12002,0,0.01137964,Female,White
12003,0,0.05226291,Male,White
12004,1,0.25729521,Male,White
12005,0,0.75785868,Male,White
12006,1,0.80260115,Male,White
12007,0,0.00806201,Male,White
12008,0,0.01095477,Female,White
12009,1,0.64506139,Female,Black
12010,1,0.61040801,Male,Other
12011,0,0.00238668,Female,White
12012,0,0.01326999,Male,White
12013,0,0.02070878,Male,White
12014,0,0.13681375,Male,White
12015,0,0.23330847,Male,White
12016,0,0.02113472,Female,Asian-Pac-Islander
12017,1,0.99218652,Male,White
12018,0,0.01230725,Female,White
12019,0,0.03135568,Female,White
12020,0,0.06936419,Male,White
12021,0,0.02483754,Female,White
12022,0,0.0470488,Female,Black
12023,0,0.0335674,Female,White
12024,0,0.00887043,Female,White
12025,0,0.0013541,Male,White
12026,1,0.42857282,Male,White
12027,0,0.00367525,Female,White
12028,0,0.44173234,Male,White
12029,1,0.54111394,Female,White
12030,0,0.00224334,Female,White
12031,0,0.34556182,Male,White
12032,0,0.01383975,Female,White
12033,0,0.07195328,Male,White
12034,0,0.06920626,Male,White
12035,0,0.00321706,Female,White
12036,0,0.00107547,Female,White
12037,1,0.76779076,Male,White
12038,0,0.69346233,Male,White
12039,0,0.19528886,Male,White
12040,1,0.78121068,Male,Asian-Pac-Islander
12041,0,0.00102187,Male,White
12042,0,0.15894287,Male,White
12043,1,0.26580797,Male,White
12044,0,0.04340537,Female,White
12045,1,0.76871785,Male,White
12046,0,0.00837042,Female,Black
12047,0,0.02415468,Female,White
12048,0,0.08328381,Male,White
12049,0,0.01557255,Male,White
12050,0,0.13577924,Male,White
12051,0,0.33060586,Male,White
12052,0,0.01246303,Male,White
12053,0,0.01672012,Male,Black
12054,0,0.91744948,Male,White
12055,0,0.20107663,Female,White
12056,0,0.21399953,Male,White
12057,0,0.09461798,Male,Asian-Pac-Islander
12058,0,0.00755345,Female,White
12059,0,0.00504436,Female,White
12060,1,0.71589591,Male,White
12061,0,0.00943329,Female,White
12062,0,0.00706272,Male,White
12063,1,0.15887762,Male,White
12064,0,0.04663174,Male,Black
12065,0,0.4969508,Male,White
12066,0,0.31229045,Female,White
12067,0,0.02087721,Female,White
12068,0,0.05357444,Male,White
12069,1,0.66445121,Male,White
12070,0,0.00726605,Male,White
12071,0,0.06218196,Female,White
12072,0,0.00510071,Female,White
12073,0,0.23978179,Male,White
12074,0,0.28019569,Male,White
12075,0,0.00061128,Female,Amer-Indian-Eskimo
12076,0,0.53194397,Male,White
12077,0,0.01079071,Female,White
12078,0,0.04637715,Female,White
12079,0,0.0541347,Female,White
12080,1,0.66169235,Male,White
12081,1,0.32510009,Male,White
12082,0,0.09336357,Male,White
12083,1,0.19814605,Male,White
12084,0,0.16524032,Male,White
12085,0,0.10968226,Male,White
12086,1,0.4868404,Male,Black
12087,0,0.35769294,Male,White
12088,0,0.07122566,Male,White
12089,0,0.02332972,Female,Black
12090,0,0.18503698,Male,White
12091,0,0.00751512,Female,White
12092,0,0.11117291,Male,White
12093,0,0.50648633,Male,White
12094,1,0.13843891,Female,White
12095,0,0.47202069,Female,Asian-Pac-Islander
12096,0,0.00511155,Female,White
12097,1,0.08522248,Male,White
12098,0,0.03698877,Female,Black
12099,0,0.36081507,Male,White
12100,0,0.03819788,Female,White
12101,0,0.056976,Female,White
12102,0,0.0112778,Male,Black
12103,0,0.08652991,Male,White
12104,1,0.3704111,Male,White
12105,0,0.12056919,Female,White
12106,0,0.01445557,Female,White
12107,0,0.13014634,Male,White
12108,0,0.10233943,Female,White
12109,0,0.05586762,Male,White
12110,1,0.41723136,Male,White
12111,0,0.00460796,Female,White
12112,1,0.92388634,Male,White
12113,0,0.11921983,Male,Asian-Pac-Islander
12114,0,0.05576173,Male,White
12115,0,0.2562767,Male,White
12116,0,0.02538022,Male,White
12117,1,0.89926505,Male,White
12118,1,0.43781205,Male,White
12119,0,0.01700526,Male,White
12120,1,0.43407585,Male,White
12121,0,0.00515909,Female,White
12122,0,0.30799746,Male,White
12123,0,0.23055999,Female,White
12124,0,0.00051741,Female,White
12125,1,0.39334426,Male,White
12126,1,0.71078636,Female,Black
12127,0,0.02531776,Female,White
12128,1,0.87573321,Male,White
12129,0,0.22250271,Male,White
12130,0,0.00242163,Female,White
12131,0,0.00195978,Female,Black
12132,0,0.00103441,Male,White
12133,0,0.47850589,Female,White
12134,1,0.78085258,Male,White
12135,0,0.45946988,Male,White
12136,0,0.00498637,Female,White
12137,1,0.84039,Male,White
12138,0,0.0067398,Female,White
12139,1,0.11438071,Female,Black
12140,1,0.1204538,Female,White
12141,0,0.56738733,Male,White
12142,0,0.10922894,Male,White
12143,0,0.12727741,Male,White
12144,1,0.7615482,Female,White
12145,0,0.0907866,Male,White
12146,0,0.09505027,Male,White
12147,0,0.28497851,Male,White
12148,1,0.10492384,Male,White
12149,0,0.07291496,Male,White
12150,0,0.33593752,Male,White
12151,0,0.02183273,Male,White
12152,1,0.93440711,Male,White
12153,1,0.95360252,Female,White
12154,0,0.00996311,Female,White
12155,1,0.51621692,Female,White
12156,0,0.01235428,Male,Black
12157,0,0.0531169,Male,White
12158,1,0.02860482,Female,Black
12159,0,0.35231087,Male,White
12160,1,0.99999999,Male,White
12161,0,0.06886785,Male,White
12162,0,0.38293245,Male,White
12163,0,0.00580248,Male,White
12164,0,0.0068073,Female,Black
12165,0,0.02930337,Female,White
12166,0,0.13694207,Male,White
12167,1,0.17702731,Male,White
12168,0,0.03615996,Male,Black
12169,0,0.01192777,Male,White
12170,0,0.07612475,Male,White
12171,0,0.0020603,Female,White
12172,0,0.00194183,Female,White
12173,1,0.43543313,Male,White
12174,0,0.00869782,Female,White
12175,1,0.36793981,Male,Other
12176,0,0.00972688,Female,White
12177,0,0.34169021,Male,White
12178,0,0.36539984,Male,White
12179,0,0.05633212,Female,Black
12180,0,0.00688865,Male,White
12181,0,0.17619938,Male,White
12182,0,0.35913293,Male,White
12183,0,0.00839455,Male,White
12184,0,0.01471695,Male,Black
12185,0,0.00651794,Male,White
12186,0,0.21572485,Male,White
12187,0,0.08548343,Male,Black
12188,0,0.01051659,Male,White
12189,0,0.75615258,Male,White
12190,0,0.00960609,Male,White
12191,0,0.01363595,Female,White
12192,0,0.7510256,Male,Asian-Pac-Islander
12193,1,0.77788947,Male,White
12194,0,0.12372479,Male,White
12195,0,0.00580248,Male,White
12196,0,0.00227833,Female,White
12197,1,0.2766349,Male,White
12198,0,0.21755976,Male,White
12199,1,0.83103619,Male,White
12200,0,0.00743378,Male,White
12201,0,0.00780758,Female,White
12202,0,0.29050342,Male,White
12203,0,0.00352894,Male,White
12204,0,0.04788883,Female,White
12205,0,0.11821942,Male,White
12206,0,0.27897544,Male,White
12207,0,0.05297639,Male,White
12208,0,0.37872296,Male,White
12209,0,0.11455282,Male,Black
12210,1,0.5127331,Male,White
12211,0,0.07106725,Male,White
12212,1,0.66661985,Male,White
12213,0,0.11433092,Male,White
12214,0,0.0063632,Female,White
12215,0,0.14753849,Male,White
12216,1,0.17509553,Female,White
12217,0,0.17542584,Male,White
12218,1,0.34771524,Male,White
12219,0,0.01169314,Male,White
12220,0,0.00118472,Female,White
12221,0,0.02377651,Male,Other
12222,1,0.73474681,Male,White
12223,1,0.59803464,Male,White
12224,0,0.01616383,Female,White
12225,1,0.88161238,Male,White
12226,1,0.11240192,Female,White
12227,0,0.22574266,Male,White
12228,1,0.23425321,Male,White
12229,0,0.00569609,Male,White
12230,0,0.29013987,Male,White
12231,0,0.0133615,Male,Black
12232,0,0.08404079,Male,White
12233,1,0.27302734,Male,White
12234,0,0.14049954,Male,White
12235,1,0.04885623,Male,White
12236,0,0.4446869,Male,White
12237,1,0.81475874,Female,White
12238,0,0.00417515,Male,White
12239,0,0.0564158,Female,White
12240,0,0.6064463,Male,White
12241,0,0.15908224,Male,White
12242,0,0.13955385,Female,White
12243,0,0.0005353,Female,White
12244,0,0.0073307,Female,White
12245,0,0.06882469,Male,White
12246,0,0.20744275,Male,White
12247,0,0.06966502,Female,White
12248,1,0.62588865,Male,White
12249,0,0.06691463,Male,White
12250,0,0.22078043,Male,White
12251,0,0.01552722,Female,Black
12252,1,0.76029931,Male,White
12253,0,0.06910585,Male,White
12254,0,0.01153448,Female,White
12255,0,0.00340449,Male,White
12256,0,0.74879827,Male,White
12257,0,0.01598542,Male,White
12258,0,0.02942865,Male,White
12259,1,0.28299751,Male,White
12260,0,0.09238295,Male,White
12261,0,0.47980761,Male,White
12262,0,0.56898625,Male,White
12263,1,0.2058622,Male,White
12264,0,0.00403996,Male,White
12265,0,0.36105838,Male,White
12266,0,0.19945553,Male,White
12267,0,0.07307808,Male,White
12268,1,0.73003701,Male,White
12269,1,0.87871821,Male,Black
12270,0,0.171047,Male,White
12271,0,0.41241889,Male,White
12272,0,0.44611276,Female,White
12273,0,0.56289997,Male,White
12274,0,0.18672239,Male,White
12275,1,0.26400883,Male,White
12276,0,0.00842287,Male,White
12277,0,0.16540874,Male,Black
12278,1,0.56546105,Male,White
12279,0,0.01474584,Male,White
12280,1,0.98102697,Male,Black
12281,1,0.27330747,Male,White
12282,0,0.00149645,Male,White
12283,1,0.50336732,Male,White
12284,0,0.06520262,Male,White
12285,0,0.7542457,Male,White
12286,0,0.04848652,Male,White
12287,0,0.12915299,Male,White
12288,0,0.19676732,Male,White
12289,0,0.01331842,Male,White
12290,0,0.0195183,Female,White
12291,0,0.0014081,Male,Other
12292,1,0.70607634,Male,White
12293,1,0.766215,Male,White
12294,0,0.00457441,Female,White
12295,0,0.29195935,Female,Black
12296,0,0.01208279,Male,White
12297,0,0.00824905,Female,White
12298,0,0.04348489,Female,White
12299,0,0.03233402,Female,Black
12300,1,0.52213751,Male,White
12301,0,0.00973219,Female,White
12302,0,0.01515654,Female,Black
12303,0,0.16870477,Male,White
12304,0,0.01881797,Male,White
12305,0,0.56228233,Male,Black
12306,0,0.02620881,Female,White
12307,0,0.00183354,Female,White
12308,0,0.00167975,Male,White
12309,0,0.00090943,Male,White
12310,1,0.35432411,Male,White
12311,0,0.13941233,Male,White
12312,0,0.13500691,Male,White
12313,0,0.01177197,Male,White
12314,1,0.16618671,Male,White
12315,0,0.32121248,Male,White
12316,0,0.04382517,Female,White
12317,0,0.00065487,Female,White
12318,0,0.48147089,Male,White
12319,1,0.01953561,Female,Black
12320,0,0.00973762,Male,Black
12321,0,0.00703834,Female,White
12322,0,0.23553749,Male,White
12323,0,0.04649667,Male,White
12324,0,0.00171954,Female,White
12325,1,0.64749068,Female,White
12326,0,0.46416664,Male,White
12327,0,0.07287827,Female,White
12328,0,0.00686683,Male,White
12329,0,0.00429324,Female,White
12330,0,0.00760837,Male,White
12331,0,0.42518361,Male,White
12332,1,0.30923923,Female,Black
12333,0,0.0316215,Male,Black
12334,1,0.57784935,Male,White
12335,0,0.12177703,Male,White
12336,0,0.02409129,Female,Black
12337,0,0.23967965,Female,White
12338,0,0.00579325,Female,White
12339,1,0.97720986,Male,Black
12340,0,0.1099718,Female,White
12341,0,0.22804715,Male,White
12342,0,0.69938804,Male,Black
12343,0,0.01403115,Female,White
12344,0,0.65334945,Male,White
12345,0,0.00803904,Male,White
12346,0,0.00227065,Female,White
12347,0,0.00595708,Female,Black
12348,1,0.13863867,Male,White
12349,0,0.081555,Male,White
12350,0,0.00308695,Female,White
12351,0,0.42847622,Male,White
12352,0,0.22735814,Female,White
12353,1,0.69510665,Male,White
12354,0,0.0387095,Male,White
12355,1,0.41688567,Male,White
12356,0,0.00572669,Male,White
12357,0,0.12504677,Female,White
12358,0,0.0300594,Female,Black
12359,0,0.4076941,Male,White
12360,0,0.05096587,Male,White
12361,0,0.00195376,Female,Black
12362,0,0.04512098,Female,White
12363,0,0.16109363,Female,White
12364,0,0.2147355,Male,White
12365,0,0.00870676,Female,White
12366,0,0.02526196,Male,White
12367,1,0.12270097,Female,White
12368,0,0.03335159,Male,White
12369,0,0.00788879,Female,White
12370,0,0.00295334,Male,White
12371,0,0.00887903,Male,White
12372,0,0.04725419,Male,White
12373,0,0.78782016,Male,White
12374,0,0.00103371,Female,White
12375,0,0.21328982,Male,White
12376,0,0.00968857,Male,White
12377,0,0.00224822,Female,Black
12378,0,0.0628763,Female,White
12379,0,0.00767893,Female,Asian-Pac-Islander
12380,0,0.0096221,Female,White
12381,0,0.13123745,Male,White
12382,0,0.37012763,Male,Black
12383,1,0.55938827,Male,White
12384,0,0.56197561,Male,White
12385,0,0.06945971,Male,White
12386,1,0.87692467,Male,White
12387,0,0.2164321,Male,White
12388,0,0.00108489,Male,White
12389,0,0.00965875,Female,White
12390,0,0.00127156,Female,White
12391,0,0.00337487,Female,White
12392,1,0.99984116,Male,White
12393,0,0.68159791,Male,White
12394,1,0.60429747,Female,White
12395,1,0.34388907,Male,White
12396,0,0.41822279,Male,White
12397,0,0.01912829,Female,White
12398,0,0.06227385,Female,White
12399,0,0.05647399,Male,White
12400,0,0.24229623,Male,Black
12401,1,0.6360735,Male,Asian-Pac-Islander
12402,1,0.60932703,Male,Black
12403,0,0.13798305,Male,White
12404,0,0.16044655,Female,White
12405,0,0.01507071,Female,White
12406,0,0.02415442,Female,Black
12407,0,0.05772269,Female,White
12408,0,0.00354184,Female,White
12409,0,0.0014359,Female,White
12410,0,0.10810305,Male,White
12411,0,0.03011433,Female,White
12412,0,0.06140402,Male,White
12413,0,0.190723,Male,White
12414,0,0.00503682,Female,White
12415,0,0.00804784,Male,White
12416,0,0.01926296,Male,White
12417,1,0.43159971,Male,White
12418,1,0.94786592,Male,White
12419,0,0.04216133,Male,White
12420,0,0.13339628,Female,Asian-Pac-Islander
12421,0,0.0116864,Male,White
12422,0,0.00034184,Female,White
12423,0,0.02658567,Female,White
12424,1,0.87783942,Male,White
12425,0,0.00255048,Female,White
12426,0,0.00603962,Male,White
12427,0,0.0455972,Male,White
12428,1,0.63537905,Male,White
12429,0,0.06323206,Male,White
12430,1,0.08633779,Female,White
12431,0,0.00632099,Male,White
12432,0,0.02268879,Female,White
12433,1,0.07212709,Male,White
12434,0,0.15496868,Female,White
12435,0,0.01825271,Female,White
12436,1,0.94671991,Female,White
12437,0,0.39630478,Male,White
12438,1,0.5927089,Male,White
12439,1,0.36295987,Female,White
12440,0,0.00575257,Female,White
12441,0,0.61737072,Male,White
12442,1,0.98914514,Male,White
12443,0,0.05291345,Female,White
12444,0,0.00803192,Female,Black
12445,0,0.22293193,Male,White
12446,0,0.14129194,Male,White
12447,0,0.01841749,Female,White
12448,1,0.39576791,Female,White
12449,0,0.20549149,Male,White
12450,0,0.02118286,Male,White
12451,1,0.38709086,Male,Black
12452,0,0.00347324,Female,White
12453,0,0.05187737,Male,White
12454,1,0.8045877,Male,White
12455,0,0.06652288,Female,White
12456,0,0.42479005,Male,White
12457,0,0.34363505,Male,White
12458,1,0.61460523,Male,White
12459,1,0.6118613,Male,White
12460,0,0.00163186,Female,White
12461,1,0.35047288,Male,White
12462,1,0.21709548,Male,White
12463,1,0.73702712,Male,White
12464,1,0.2463868,Female,White
12465,0,0.0399452,Male,White
12466,0,0.42336607,Male,White
12467,1,0.16471173,Male,White
12468,0,0.02558157,Male,White
12469,0,0.04581933,Male,White
12470,1,0.98945009,Male,Black
12471,0,0.39974692,Male,White
12472,0,0.01909405,Male,White
12473,0,0.18530544,Male,Other
12474,0,0.09719305,Male,White
12475,1,0.66549059,Male,White
12476,0,0.25757356,Male,White
12477,0,0.01207706,Male,White
12478,0,0.05675125,Male,White
12479,0,0.01311354,Male,Black
12480,0,0.01250277,Female,White
12481,0,0.00262416,Male,White
12482,1,0.2036008,Male,White
12483,0,0.05069587,Male,White
12484,0,0.02040102,Male,White
12485,0,0.49860848,Male,White
12486,1,0.29332071,Male,White
12487,1,0.73010415,Male,White
12488,1,0.98704588,Male,White
12489,0,0.17702731,Male,White
12490,0,0.04862088,Male,Black
12491,0,0.78502465,Male,White
12492,0,0.42265316,Male,White
12493,1,0.65433491,Male,White
12494,0,0.09748416,Male,White
12495,1,0.66769128,Male,Asian-Pac-Islander
12496,1,0.772874,Male,White
12497,0,0.5018538,Male,White
12498,0,0.00174412,Female,White
12499,1,0.7432443,Male,White
12500,0,0.00107974,Male,Black
12501,0,0.00346644,Male,White
12502,0,0.00267947,Female,White
12503,0,0.32151443,Male,White
12504,0,0.01657098,Female,White
12505,0,0.12915299,Male,White
12506,0,0.50653096,Male,White
12507,0,0.00620699,Male,White
12508,0,0.00035409,Female,White
12509,1,0.54310828,Male,White
12510,0,0.04805919,Male,White
12511,0,0.00099144,Male,White
12512,0,0.02752548,Male,White
12513,0,0.00849703,Male,White
12514,1,0.19921536,Male,White
12515,0,0.12703344,Female,White
12516,0,0.00176284,Male,White
12517,0,0.05280182,Male,White
12518,0,0.04089633,Female,White
12519,1,0.67032719,Male,White
12520,0,0.35341763,Male,White
12521,1,0.5125419,Female,White
12522,0,0.12280429,Male,White
12523,0,0.40059649,Male,White
12524,0,0.00231008,Male,White
12525,1,0.10108201,Male,White
12526,0,0.00298118,Male,Black
12527,0,0.01734733,Female,White
12528,1,0.2255344,Female,White
12529,1,0.84322688,Male,White
12530,0,0.03718137,Female,White
12531,0,0.22801438,Male,White
12532,0,0.09146707,Female,White
12533,0,0.6825171,Female,White
12534,1,0.26983452,Male,White
12535,1,0.47898652,Male,White
12536,1,0.48695884,Male,White
12537,0,0.05231753,Male,White
12538,0,0.12819457,Male,White
12539,1,0.18551626,Male,White
12540,1,0.99912321,Male,White
12541,1,0.86926766,Male,White
12542,0,0.09341553,Male,White
12543,0,0.02893175,Female,White
12544,0,0.03683294,Male,White
12545,0,0.05808249,Male,White
12546,0,0.25187042,Male,White
12547,0,0.0021645,Female,Black
12548,1,0.90185354,Male,White
12549,0,0.0291641,Male,White
12550,0,0.00073018,Female,White
12551,0,0.57565828,Male,White
12552,1,0.04888442,Male,White
12553,1,0.71998972,Male,White
12554,0,0.00181829,Male,White
12555,0,0.23944384,Female,White
12556,0,0.26917697,Male,White
12557,0,0.00238026,Male,White
12558,0,0.35469224,Female,Black
12559,0,0.00160379,Female,White
12560,0,0.09690336,Male,White
12561,0,0.00743991,Male,White
12562,0,0.06006357,Male,Black
12563,0,0.19891126,Male,White
12564,0,0.04164927,Male,White
12565,0,0.29983041,Male,White
12566,0,0.1068073,Male,Black
12567,0,0.01607058,Female,White
12568,0,0.16686048,Female,White
12569,0,0.01568038,Female,White
12570,1,0.42164327,Male,White
12571,1,0.99929483,Male,White
12572,0,0.02414133,Male,White
12573,0,0.01932819,Male,Black
12574,0,0.01627636,Male,Black
12575,0,0.46889618,Male,White
12576,1,0.26837801,Male,White
12577,0,0.00808398,Male,White
12578,0,0.02557916,Female,White
12579,0,0.05045575,Male,Asian-Pac-Islander
12580,1,0.42265367,Male,White
12581,0,0.00683374,Male,Black
12582,0,0.00722079,Male,Black
12583,0,0.49970966,Male,Black
12584,0,0.41433398,Male,Black
12585,0,0.02427911,Male,Asian-Pac-Islander
12586,0,0.06259823,Female,White
12587,0,0.0078848,Male,White
12588,0,0.64162632,Male,White
12589,0,0.12623816,Male,White
12590,0,0.16332869,Male,White
12591,0,0.3933981,Male,White
12592,0,0.03997303,Female,Black
12593,0,0.0035974,Male,Black
12594,0,0.08660011,Female,Asian-Pac-Islander
12595,0,0.00299287,Female,White
12596,0,0.08043703,Female,White
12597,0,0.26032084,Male,White
12598,0,0.01315083,Female,Black
12599,0,0.02277912,Male,White
12600,0,0.25058404,Male,White
12601,1,0.76779017,Male,White
12602,0,0.00385323,Female,White
12603,0,0.06475358,Female,White
12604,0,0.23560094,Female,White
12605,0,0.12936073,Male,White
12606,1,0.55759031,Male,White
12607,0,0.05783071,Male,White
12608,0,0.34453624,Male,White
12609,1,0.46379981,Male,White
12610,0,0.73416031,Male,White
12611,0,0.03385481,Male,White
12612,0,0.00497829,Female,White
12613,0,0.45894749,Male,White
12614,0,0.2063377,Female,White
12615,0,0.05187095,Female,White
12616,0,0.02196872,Male,Black
12617,0,0.01174309,Female,White
12618,1,0.68465747,Male,White
12619,1,0.3870374,Male,White
12620,0,0.17791915,Male,Black
12621,0,0.10710693,Male,White
12622,1,0.6995139,Male,White
12623,1,0.95123343,Male,White
12624,1,0.9159856,Male,White
12625,0,0.00486466,Male,White
12626,0,0.00213684,Female,White
12627,0,0.0732568,Female,White
12628,0,0.02753107,Male,White
12629,0,0.32464083,Male,White
12630,1,0.51165973,Male,White
12631,0,0.45656415,Male,White
12632,0,0.124511,Male,White
12633,1,0.85071102,Male,White
12634,1,0.26262924,Male,Other
12635,0,0.04897365,Female,White
12636,0,0.01070931,Female,White
12637,1,0.93143843,Female,White
12638,0,0.6546914,Male,White
12639,0,0.00143891,Female,Black
12640,0,0.11129622,Male,White
12641,1,0.87224444,Male,White
12642,0,0.00112254,Male,White
12643,0,0.3391774,Male,White
12644,0,0.02031616,Female,White
12645,0,0.01174444,Female,White
12646,0,0.40671163,Male,White
12647,0,0.00189633,Female,White
12648,0,0.0067298,Female,White
12649,0,0.02846672,Male,White
12650,0,0.17993416,Male,White
12651,0,0.06028797,Male,White
12652,0,0.04082548,Female,White
12653,1,0.57938527,Male,White
12654,0,0.063604,Male,White
12655,0,0.0037894,Male,White
12656,0,0.22009498,Male,White
12657,0,0.02697363,Female,Black
12658,0,0.00798261,Female,Asian-Pac-Islander
12659,0,0.00153964,Female,White
12660,0,0.03170724,Female,White
12661,0,0.02195304,Male,White
12662,0,0.01465377,Male,White
12663,0,0.03529462,Male,White
12664,0,0.20345244,Male,Black
12665,0,0.0105273,Female,White
12666,0,0.02114546,Female,White
12667,1,0.85767295,Male,White
12668,1,0.14495716,Male,White
12669,0,0.01199981,Female,White
12670,1,0.67594407,Female,Asian-Pac-Islander
12671,0,0.02857843,Male,Other
12672,0,0.00403388,Male,White
12673,0,0.1724465,Male,White
12674,0,0.31435957,Male,White
12675,0,0.24365429,Male,White
12676,0,0.03905367,Male,White
12677,1,0.11152054,Male,White
12678,0,0.17640682,Male,White
12679,0,0.00812345,Female,White
12680,0,0.16139771,Male,White
12681,0,0.23102308,Female,White
12682,0,0.00528809,Male,Asian-Pac-Islander
12683,0,0.00061827,Male,Other
12684,1,0.74509995,Male,White
12685,1,0.82345184,Male,White
12686,0,0.08238288,Male,White
12687,0,0.01246597,Female,Black
12688,1,0.77719402,Male,White
12689,0,0.17959967,Male,White
12690,0,0.33690483,Male,White
12691,0,0.00828506,Female,White
12692,0,0.02445324,Male,White
12693,1,0.42788223,Male,White
12694,0,0.01250548,Female,White
12695,0,0.58140105,Male,White
12696,1,0.52831621,Male,White
12697,0,0.38383537,Male,White
12698,0,0.00709801,Female,Asian-Pac-Islander
12699,0,0.01765959,Male,White
12700,1,0.7797665,Female,White
12701,0,0.01525412,Male,White
12702,1,0.99999987,Female,White
12703,0,0.01239584,Female,White
12704,1,0.68607996,Male,White
12705,0,0.01310901,Female,White
12706,0,0.01177116,Female,White
12707,0,0.25156163,Male,White
12708,0,0.0046005,Female,White
12709,0,0.0034022,Male,Other
12710,0,0.36454981,Male,White
12711,0,0.47162083,Male,White
12712,1,0.34740762,Male,White
12713,0,0.18005788,Male,Black
12714,1,0.93289631,Male,White
12715,0,0.57918114,Female,White
12716,0,0.71221692,Male,White
12717,0,0.11133934,Male,Asian-Pac-Islander
12718,0,0.12326729,Female,White
12719,1,0.1523902,Female,White
12720,1,0.97681767,Male,White
12721,1,0.49023954,Male,White
12722,0,0.0211414,Male,Black
12723,1,0.98848819,Male,White
12724,0,0.22396179,Male,White
12725,0,0.07700633,Male,White
12726,0,0.02560233,Female,White
12727,0,0.03902694,Male,White
12728,0,0.09975592,Female,White
12729,1,0.36142613,Male,White
12730,1,0.82938658,Male,White
12731,1,0.76667243,Male,White
12732,0,0.02796383,Male,White
12733,0,0.78469558,Female,White
12734,1,0.0527348,Female,White
12735,1,0.02168364,Female,White
12736,0,0.33775883,Female,White
12737,1,0.2361024,Male,Black
12738,0,0.00955803,Female,White
12739,0,0.27959749,Male,White
12740,0,0.36567044,Male,White
12741,0,0.00119216,Female,Black
12742,0,0.49737306,Female,White
12743,0,0.00063052,Female,White
12744,0,0.00945367,Male,White
12745,1,0.16677828,Male,Other
12746,0,0.4853092,Male,White
12747,0,0.24092911,Male,White
12748,1,0.42401099,Male,White
12749,0,0.06907104,Male,White
12750,0,0.64465492,Female,White
12751,0,0.01453628,Female,White
12752,0,0.00124631,Male,White
12753,0,0.06684792,Male,White
12754,0,0.38082243,Female,White
12755,1,0.61081653,Male,White
12756,0,0.00443636,Female,White
12757,0,0.0096076,Male,White
12758,0,0.11767539,Male,Black
12759,0,0.15860706,Female,White
12760,1,0.29188269,Female,White
12761,0,0.49624067,Male,White
12762,1,0.83192289,Female,White
12763,1,0.57565617,Male,White
12764,0,0.05049033,Female,White
12765,1,0.72969712,Male,White
12766,0,0.02177004,Male,White
12767,1,0.83003493,Male,Asian-Pac-Islander
12768,0,0.3634069,Female,White
12769,0,0.00520531,Female,White
12770,0,0.00917221,Female,Black
12771,0,0.02919981,Female,White
12772,0,0.72632047,Male,White
12773,0,0.03687728,Female,White
12774,0,0.03186859,Male,White
12775,0,0.0155195,Female,White
12776,0,0.80048295,Male,White
12777,1,0.74312395,Male,White
12778,0,0.01272616,Male,White
12779,0,0.05146245,Male,White
12780,0,0.02004512,Male,White
12781,0,0.12259232,Male,White
12782,0,0.01021724,Female,Black
12783,0,0.04707246,Male,White
12784,0,0.35776487,Male,White
12785,1,0.53049779,Male,White
12786,0,0.01206857,Female,White
12787,0,0.03903169,Male,White
12788,1,0.35625552,Male,White
12789,0,0.24544942,Male,White
12790,0,0.00766014,Male,White
12791,0,0.09191028,Female,White
12792,0,0.01543304,Male,White
12793,0,0.00252028,Female,White
12794,0,0.23231406,Male,White
12795,0,0.22155046,Male,White
12796,0,0.00575689,Female,White
12797,0,0.00150042,Male,White
12798,1,0.26404007,Male,White
12799,0,0.06960992,Female,White
12800,0,0.00661049,Female,White
12801,0,0.05537836,Male,White
12802,0,0.04146237,Male,Asian-Pac-Islander
12803,0,0.04657713,Male,White
12804,0,0.27082153,Male,Black
12805,0,0.00803365,Female,Amer-Indian-Eskimo
12806,1,0.43281295,Male,White
12807,1,0.27771757,Male,White
12808,0,0.14162903,Male,White
12809,1,0.05124482,Male,Black
12810,0,0.30671108,Male,Asian-Pac-Islander
12811,0,0.45258164,Male,White
12812,0,0.0155542,Female,White
12813,0,0.00423398,Female,White
12814,0,0.00214206,Female,White
12815,0,0.3793239,Male,White
12816,0,0.01219884,Female,White
12817,0,0.30482541,Male,White
12818,1,0.85616618,Female,White
12819,0,0.2278935,Male,Asian-Pac-Islander
12820,1,0.99834895,Male,White
12821,0,0.02983088,Male,White
12822,1,0.67475684,Male,White
12823,0,0.03715109,Female,White
12824,0,0.20523926,Male,White
12825,1,0.09133404,Female,White
12826,0,0.03150329,Male,Black
12827,0,0.01003968,Female,White
12828,0,0.02090693,Female,White
12829,0,0.3933981,Male,White
12830,0,0.00260407,Female,White
12831,0,0.01327913,Female,White
12832,1,0.74349107,Male,Asian-Pac-Islander
12833,1,1.0,Male,White
12834,1,0.35691838,Female,Asian-Pac-Islander
12835,0,0.00586639,Female,White
12836,0,0.03556916,Female,Asian-Pac-Islander
12837,0,0.09047782,Male,White
12838,0,0.00378195,Female,White
12839,0,0.01311037,Male,White
12840,0,0.00204354,Female,White
12841,1,0.27375836,Male,White
12842,1,0.91607352,Male,White
12843,0,0.00115492,Female,White
12844,0,0.84108857,Male,White
12845,0,0.02735781,Female,White
12846,0,0.47039903,Male,White
12847,0,0.02681679,Male,White
12848,0,0.01396454,Female,White
12849,0,0.0010551,Male,White
12850,0,0.10662964,Male,White
12851,0,0.02263229,Female,White
12852,0,0.03701775,Female,Asian-Pac-Islander
12853,0,0.2374702,Male,White
12854,1,0.52038221,Male,White
12855,0,0.16278655,Female,White
12856,0,0.0179932,Female,White
12857,0,0.00318265,Female,White
12858,0,0.00069958,Female,White
12859,0,0.02820549,Female,White
12860,0,0.26777175,Male,White
12861,0,0.01841203,Female,White
12862,0,0.02984901,Male,White
12863,1,0.99999998,Male,White
12864,0,0.07933203,Male,White
12865,1,0.99697935,Male,White
12866,0,0.02668809,Male,White
12867,1,0.1518709,Male,White
12868,0,0.00146634,Female,White
12869,0,0.01518515,Female,Other
12870,0,0.00217467,Female,White
12871,0,0.02046716,Female,Asian-Pac-Islander
12872,1,0.48875242,Male,White
12873,0,0.00425109,Male,White
12874,0,0.36995657,Male,White
12875,1,0.04008466,Female,White
12876,1,0.76140843,Male,White
12877,0,0.12350834,Male,Other
12878,0,0.02403307,Female,White
12879,0,0.02273019,Female,White
12880,0,0.14797894,Female,White
12881,1,0.50018604,Male,Asian-Pac-Islander
12882,0,0.00222758,Male,White
12883,0,0.31683439,Male,White
12884,0,0.05354069,Male,White
12885,0,0.38123846,Male,White
12886,0,0.00370486,Female,White
12887,0,0.12206937,Male,Black
12888,0,0.32711844,Male,White
12889,0,0.00636022,Female,White
12890,0,0.0046228,Female,White
12891,0,0.02260302,Female,Black
12892,0,0.24162127,Male,Black
12893,0,0.51802251,Male,White
12894,0,0.25995132,Male,White
12895,0,0.00276071,Male,White
12896,1,0.66487511,Male,White
12897,0,0.22959149,Male,White
12898,0,0.56407308,Male,White
12899,0,0.15858946,Male,White
12900,1,0.84019164,Male,White
12901,0,0.03292004,Female,White
12902,1,0.90170084,Male,White
12903,0,0.00547734,Female,White
12904,1,0.23630396,Male,White
12905,0,0.00603541,Female,White
12906,0,0.00787122,Female,Black
12907,0,0.00214646,Female,White
12908,0,0.01925639,Female,White
12909,0,0.17068109,Male,White
12910,1,0.8643565,Male,Other
12911,0,0.24025235,Male,Black
12912,0,0.2003228,Male,White
12913,1,0.07123932,Male,White
12914,0,0.32685475,Male,White
12915,0,0.06336942,Female,White
12916,0,0.00425425,Female,White
12917,0,0.0859767,Female,White
12918,1,0.68885095,Male,White
12919,0,0.0577149,Female,White
12920,0,0.5303876,Male,White
12921,0,0.35968888,Male,White
12922,0,0.31055135,Male,White
12923,0,0.27308789,Male,White
12924,1,0.52330017,Male,White
12925,1,0.7274043,Male,White
12926,0,0.60305717,Male,White
12927,0,0.04270701,Male,Black
12928,0,0.5762984,Male,White
12929,1,0.19238241,Female,White
12930,0,0.01948748,Male,White
12931,1,0.62626775,Male,White
12932,0,0.11156661,Female,White
12933,0,0.00652952,Male,Other
12934,0,0.27911424,Male,White
12935,0,0.01265213,Female,White
12936,0,0.00468979,Female,White
12937,0,0.27415276,Male,White
12938,1,0.99712663,Male,White
12939,0,0.01669757,Male,White
12940,0,0.09576177,Male,White
12941,0,0.67006424,Male,White
12942,1,0.29803247,Male,White
12943,0,0.2154834,Male,White
12944,0,0.2911826,Male,White
12945,1,0.71588127,Male,White
12946,0,0.15900449,Female,White
12947,0,0.01213421,Female,White
12948,1,0.35652315,Male,White
12949,0,0.27189852,Male,White
12950,0,0.00283132,Female,White
12951,0,0.42058789,Male,White
12952,0,0.02743527,Male,White
12953,0,0.00728776,Male,White
12954,0,0.01006496,Female,White
12955,0,0.01980932,Female,White
12956,0,0.00089642,Male,White
12957,0,0.54656758,Male,Asian-Pac-Islander
12958,0,0.00409025,Male,Black
12959,0,0.01106512,Female,Amer-Indian-Eskimo
12960,1,0.21204068,Male,White
12961,1,0.06660147,Female,White
12962,0,0.01979432,Male,White
12963,0,0.62102229,Male,Black
12964,0,0.00997819,Male,White
12965,0,0.0210496,Male,White
12966,1,0.33110822,Male,White
12967,1,0.08201608,Female,White
12968,0,0.04240474,Female,White
12969,1,0.57058751,Male,White
12970,0,0.00203548,Female,White
12971,0,0.33507179,Male,White
12972,0,0.31259698,Female,White
12973,1,0.04315779,Female,Black
12974,0,0.0092902,Female,White
12975,0,0.00098835,Female,White
12976,0,0.001806,Female,White
12977,0,0.03523478,Female,Black
12978,1,0.49974531,Female,White
12979,0,0.030935,Male,White
12980,0,0.02416871,Female,White
12981,0,0.00904319,Male,White
12982,1,0.99842997,Male,White
12983,1,0.99090655,Male,White
12984,1,0.73397123,Male,White
12985,0,0.02687166,Male,White
12986,1,0.63641791,Male,White
12987,0,0.29651414,Male,Asian-Pac-Islander
12988,0,0.00628484,Female,Black
12989,1,0.41728622,Male,White
12990,0,0.02851272,Male,White
12991,0,0.70632269,Female,White
12992,0,0.13827512,Female,White
12993,0,0.01786978,Female,Black
12994,0,0.08150444,Male,White
12995,0,0.01274564,Male,Black
12996,1,0.75867349,Male,Asian-Pac-Islander
12997,0,0.05848405,Female,White
12998,0,0.14783656,Male,White
12999,0,0.0129022,Female,White
13000,0,0.30087778,Male,White
13001,1,0.85779508,Male,White
13002,0,0.00066655,Male,White
13003,0,0.00902765,Male,White
13004,0,0.00607392,Female,Black
13005,0,0.00639687,Male,White
13006,0,0.51615492,Male,White
13007,0,0.00306004,Female,White
13008,0,0.68643275,Male,White
13009,0,0.00072505,Female,White
13010,0,0.02100697,Male,White
13011,0,0.00224508,Male,Black
13012,0,0.18597409,Male,White
13013,1,0.49736011,Male,White
13014,1,0.69728466,Male,White
13015,0,0.06124357,Female,White
13016,0,0.00652355,Male,White
13017,0,0.00304293,Male,White
13018,0,0.15290186,Male,White
13019,0,0.00320747,Male,Asian-Pac-Islander
13020,0,0.09246693,Male,White
13021,0,0.01925639,Female,White
13022,0,0.03045113,Female,White
13023,0,0.00318508,Female,White
13024,0,0.51885588,Male,White
13025,0,0.00275972,Female,White
13026,0,0.20718715,Male,White
13027,0,0.238245,Male,White
13028,0,0.1314195,Male,White
13029,1,0.29591401,Male,Amer-Indian-Eskimo
13030,0,0.56932264,Male,White
13031,0,0.00216683,Female,White
13032,0,0.01432281,Female,Black
13033,0,0.05729055,Male,White
13034,1,0.27319177,Male,White
13035,1,0.99965786,Male,White
13036,0,0.00302338,Female,Black
13037,0,0.04956428,Male,Other
13038,1,0.65185762,Male,White
13039,0,0.12943715,Male,White
13040,1,0.99999999,Male,White
13041,0,0.07654365,Male,White
13042,0,0.06566309,Male,White
13043,0,0.30319249,Male,White
13044,1,0.69947952,Male,White
13045,0,0.33538304,Male,White
13046,0,0.00289767,Female,White
13047,1,0.05311709,Male,White
13048,0,0.15335476,Female,White
13049,0,0.00311289,Female,White
13050,0,0.09342101,Male,White
13051,1,0.99999999,Male,White
13052,0,0.05456416,Female,White
13053,0,0.01061626,Male,White
13054,0,0.60775694,Male,White
13055,1,0.99817982,Female,White
13056,0,0.00121341,Male,White
13057,0,0.01722466,Female,White
13058,0,0.03839379,Female,White
13059,0,0.03389245,Female,White
13060,0,0.30388804,Male,White
13061,0,0.07585108,Female,Black
13062,1,0.82990365,Male,White
13063,0,0.10474014,Female,White
13064,1,0.45326302,Female,White
13065,0,0.11256077,Female,White
13066,0,0.03921566,Male,White
13067,0,0.76508698,Male,White
13068,0,0.00048955,Female,White
13069,1,0.33399772,Male,White
13070,0,0.69211745,Male,White
13071,1,0.25981849,Male,White
13072,0,0.22821672,Male,White
13073,1,0.32417882,Male,White
13074,0,0.00725086,Female,White
13075,1,0.55936071,Male,White
13076,1,0.69778082,Male,White
13077,0,0.31488414,Male,White
13078,0,0.76394104,Male,White
13079,0,0.0093948,Female,White
13080,0,0.49419889,Male,White
13081,0,0.1738764,Male,White
13082,0,0.01646984,Female,White
13083,0,0.01582097,Female,White
13084,0,0.01507022,Female,Black
13085,1,1.0,Female,White
13086,0,0.36612207,Male,White
13087,0,0.08423187,Female,White
13088,0,0.05077102,Male,White
13089,0,0.0069332,Female,Black
13090,1,0.84969394,Male,White
13091,0,0.00897334,Female,White
13092,0,0.05648461,Female,White
13093,1,0.25380062,Male,White
13094,0,0.0053517,Female,Black
13095,0,0.00559581,Male,White
13096,0,0.10634818,Male,White
13097,0,0.00112971,Female,White
13098,1,0.85807164,Male,White
13099,0,0.00297566,Female,White
13100,0,0.00871776,Female,White
13101,0,0.19297992,Male,White
13102,1,0.66499924,Male,White
13103,1,0.80092892,Male,White
13104,0,0.46216126,Male,White
13105,0,0.00146768,Female,Black
13106,0,0.83910211,Male,White
13107,0,0.22294241,Male,White
13108,0,0.09092009,Male,White
13109,1,0.426363,Male,White
13110,0,0.49921138,Male,White
13111,0,0.09349246,Female,White
13112,0,0.18438252,Male,Asian-Pac-Islander
13113,0,0.09886161,Male,White
13114,0,0.25456123,Female,White
13115,0,0.03824826,Female,White
13116,0,0.51738141,Male,White
13117,1,0.53555863,Male,White
13118,1,0.68546648,Female,White
13119,1,0.64657988,Male,White
13120,0,0.4132673,Male,White
13121,0,0.01413018,Male,Black
13122,0,0.06800242,Male,Other
13123,0,0.0438497,Male,White
13124,1,0.15079591,Female,White
13125,0,0.03041128,Female,White
13126,1,0.2936933,Female,White
13127,1,0.37402928,Male,White
13128,0,0.06864489,Female,Black
13129,0,0.55457797,Female,White
13130,0,0.07506873,Male,White
13131,0,0.01098279,Male,White
13132,0,0.02565045,Female,White
13133,0,0.0272712,Male,Black
13134,0,0.15943944,Male,White
13135,0,0.0799633,Male,White
13136,0,0.29988004,Male,White
13137,0,0.00089504,Female,White
13138,0,0.66076975,Male,White
13139,0,0.15215774,Male,White
13140,1,0.38820048,Male,White
13141,0,0.02405813,Male,Black
13142,0,0.04909041,Male,White
13143,0,0.27766016,Male,White
13144,0,0.01361363,Male,White
13145,1,0.80032657,Female,White
13146,0,0.49397338,Male,White
13147,0,0.03213014,Male,Black
13148,0,0.21186181,Male,White
13149,1,0.79233537,Male,White
13150,1,0.54088761,Male,White
13151,0,0.72350731,Male,White
13152,1,0.35315105,Male,White
13153,0,0.20790383,Male,White
13154,0,0.05981244,Female,White
13155,0,0.00454028,Female,Black
13156,0,0.00747041,Female,Black
13157,0,0.31388445,Female,White
13158,1,0.46379981,Male,White
13159,0,0.01227118,Female,White
13160,0,0.09186922,Male,White
13161,0,0.06118763,Male,White
13162,1,0.99289605,Male,White
13163,0,0.72657715,Male,Black
13164,0,0.03261001,Female,White
13165,0,0.05790617,Male,Black
13166,1,0.89124748,Male,White
13167,0,0.32482313,Male,White
13168,0,0.21475078,Male,White
13169,0,0.02686371,Male,White
13170,0,0.01271047,Female,White
13171,0,0.19662305,Male,Black
13172,0,0.15316892,Male,White
13173,0,0.47211249,Male,White
13174,0,0.0433489,Female,White
13175,0,0.22271791,Female,Black
13176,1,0.50628438,Male,White
13177,1,0.45760188,Male,Asian-Pac-Islander
13178,0,0.03951469,Male,White
13179,1,1.0,Male,White
13180,0,0.30839826,Male,White
13181,0,0.04629372,Male,Black
13182,1,0.9968926,Female,White
13183,0,0.00380869,Male,White
13184,0,0.02211134,Male,Amer-Indian-Eskimo
13185,1,0.49793756,Male,White
13186,1,0.93408648,Male,White
13187,0,0.60226765,Female,Black
13188,0,0.15311437,Female,White
13189,0,0.04868908,Male,White
13190,0,0.04213914,Female,White
13191,0,0.0625119,Male,White
13192,1,0.77563131,Male,Black
13193,1,0.42024712,Male,White
13194,0,0.01382889,Female,White
13195,1,0.2812529,Male,White
13196,0,0.00580248,Male,White
13197,0,0.00369072,Male,White
13198,0,0.0214162,Female,White
13199,0,0.00442962,Female,White
13200,1,0.58487159,Male,White
13201,0,0.02738877,Male,White
13202,0,0.00300768,Female,White
13203,0,0.00697689,Female,Black
13204,0,0.00205135,Male,White
13205,1,0.42967243,Male,White
13206,0,0.00638884,Male,White
13207,1,0.02825642,Male,White
13208,0,0.13419468,Male,White
13209,0,0.00411432,Male,White
13210,1,0.13024767,Male,White
13211,0,0.13189834,Female,White
13212,0,0.42122202,Male,White
13213,0,0.62992781,Male,White
13214,1,0.62268284,Male,White
13215,0,0.02736895,Male,White
13216,0,0.00206352,Female,Amer-Indian-Eskimo
13217,1,0.37585193,Male,White
13218,1,0.17060727,Male,White
13219,1,0.01968181,Male,White
13220,0,0.04219814,Male,White
13221,1,0.3895952,Male,White
13222,0,0.02184731,Female,White
13223,0,0.31864532,Female,White
13224,0,0.00211165,Male,White
13225,0,0.13440543,Male,White
13226,0,0.15295296,Male,White
13227,0,0.00205749,Female,White
13228,1,0.84274474,Male,Asian-Pac-Islander
13229,0,0.0136612,Female,Black
13230,1,0.43258458,Male,White
13231,0,0.14130145,Male,White
13232,1,0.63957671,Male,White
13233,0,0.23259497,Male,White
13234,1,0.22088897,Male,White
13235,0,0.00331291,Male,White
13236,0,0.00183401,Male,White
13237,0,0.09360035,Male,White
13238,0,0.19763971,Male,White
13239,0,0.24642803,Male,White
13240,0,0.28327086,Male,White
13241,0,0.0038188,Male,White
13242,0,0.0130516,Female,White
13243,0,0.11355042,Male,White
13244,0,0.04533084,Female,Black
13245,0,0.06605973,Male,White
13246,0,0.0207886,Female,White
13247,0,0.00413461,Female,White
13248,1,0.49069337,Male,White
13249,0,0.10079271,Male,White
13250,1,0.72473141,Male,White
13251,1,0.48995925,Female,White
13252,1,0.79395093,Male,White
13253,0,0.01099684,Male,Black
13254,0,0.04527951,Male,White
13255,0,0.64112478,Male,White
13256,0,0.87493592,Male,Black
13257,0,0.000975,Female,White
13258,0,0.42205806,Male,White
13259,0,0.00173895,Male,White
13260,0,0.01302238,Male,White
13261,0,0.18662369,Male,White
13262,1,0.26983452,Male,White
13263,1,0.54182634,Male,White
13264,0,0.04500531,Female,Black
13265,0,0.04464965,Female,White
13266,0,0.14480356,Male,White
13267,0,0.86094769,Male,White
13268,1,0.84504371,Male,White
13269,1,0.76727276,Male,White
13270,1,0.73569504,Male,White
13271,0,0.02333951,Male,White
13272,0,0.74563156,Male,White
13273,1,0.60922136,Male,White
13274,0,0.1940464,Male,White
13275,1,0.86635302,Male,White
13276,0,0.03107331,Female,White
13277,1,0.61551893,Male,White
13278,0,0.06292509,Male,White
13279,0,0.00549616,Female,White
13280,0,0.32384176,Male,White
13281,1,0.44710078,Male,Black
13282,0,0.36277107,Male,White
13283,0,0.2754902,Male,Asian-Pac-Islander
13284,0,0.41587098,Male,Black
13285,1,0.4014284,Male,Black
13286,0,0.00301718,Female,White
13287,0,0.09600488,Male,Black
13288,0,0.2246115,Female,White
13289,0,0.28044642,Male,White
13290,0,0.01442202,Female,White
13291,0,0.00323954,Female,White
13292,0,0.25054039,Male,White
13293,0,0.18924063,Female,White
13294,1,0.80323008,Male,White
13295,0,0.50904976,Male,White
13296,0,0.00094308,Male,Black
13297,0,0.00549766,Female,White
13298,0,0.07851686,Male,White
13299,0,0.01343171,Female,White
13300,0,0.02005595,Female,White
13301,0,0.25309577,Male,White
13302,1,0.6656666,Male,White
13303,0,0.27432525,Male,White
13304,0,0.75952432,Male,White
13305,1,0.58261884,Male,Black
13306,1,0.52726938,Male,Asian-Pac-Islander
13307,0,0.09505741,Male,Black
13308,0,0.08297867,Female,White
13309,0,0.00731723,Male,White
13310,0,0.02614001,Female,White
13311,1,0.54219495,Male,White
13312,0,0.18161958,Female,White
13313,0,0.00973892,Female,White
13314,0,0.16393711,Male,Amer-Indian-Eskimo
13315,0,0.00067756,Female,White
13316,0,0.00271558,Female,Amer-Indian-Eskimo
13317,0,0.04933305,Male,White
13318,1,0.24043303,Male,White
13319,0,0.41465124,Male,Asian-Pac-Islander
13320,0,0.00236142,Female,White
13321,0,0.01302243,Male,White
13322,0,0.08444967,Male,White
13323,0,0.01238163,Female,White
13324,1,0.6040104,Male,White
13325,1,0.17415745,Male,White
13326,0,0.01310248,Male,Black
13327,0,0.35779853,Male,White
13328,1,0.1564306,Female,White
13329,1,0.50701478,Male,White
13330,1,0.37802714,Female,White
13331,1,0.77394912,Male,White
13332,0,0.00033983,Female,White
13333,0,0.02262111,Female,White
13334,0,0.1603574,Male,White
13335,0,0.01765377,Male,Black
13336,0,0.02627509,Male,White
13337,0,0.02270223,Female,White
13338,0,0.04065093,Female,White
13339,0,0.19632225,Male,White
13340,0,0.3698054,Female,White
13341,0,0.00036688,Male,White
13342,0,0.00358791,Male,White
13343,0,0.00800376,Female,White
13344,0,0.01251528,Male,White
13345,0,0.00459871,Female,White
13346,0,0.00920814,Male,White
13347,1,0.28847068,Male,White
13348,0,0.02631485,Female,White
13349,0,0.00143896,Male,Amer-Indian-Eskimo
13350,0,0.06600681,Male,White
13351,0,0.1605188,Male,White
13352,0,0.6198191,Male,White
13353,0,0.3603373,Male,White
13354,0,0.16345826,Male,White
13355,1,0.70170186,Female,White
13356,0,0.00480888,Female,White
13357,0,0.09403232,Male,White
13358,0,0.01192421,Female,Black
13359,1,0.78550633,Female,White
13360,0,0.01015194,Female,White
13361,1,0.79366446,Male,White
13362,0,0.16444971,Male,Black
13363,0,0.02003551,Male,White
13364,0,0.01010205,Male,White
13365,0,0.0884494,Male,White
13366,0,0.56985787,Male,White
13367,1,0.36161061,Male,White
13368,0,0.11065473,Female,White
13369,1,1.0,Male,White
13370,1,0.09353668,Male,White
13371,0,0.01833246,Female,Black
13372,1,0.63775457,Female,White
13373,0,0.07668773,Male,White
13374,0,0.00686687,Female,White
13375,1,0.38111848,Male,Asian-Pac-Islander
13376,1,0.69993835,Male,White
13377,1,0.2004861,Female,White
13378,1,0.53191578,Female,Asian-Pac-Islander
13379,0,0.00077335,Male,White
13380,0,0.05729794,Male,White
13381,1,0.40709536,Male,White
13382,1,0.83911379,Female,White
13383,0,0.01239404,Male,White
13384,0,0.11043136,Female,White
13385,1,0.8302364,Male,White
13386,1,0.38116166,Male,White
13387,1,0.99308146,Male,White
13388,0,0.00657793,Male,Black
13389,1,0.74975294,Female,Asian-Pac-Islander
13390,1,0.98320068,Male,White
13391,0,0.02504901,Male,White
13392,0,0.00035877,Female,White
13393,0,0.11468967,Female,Asian-Pac-Islander
13394,0,0.0229364,Female,White
13395,0,0.10244231,Male,Amer-Indian-Eskimo
13396,0,0.00436298,Female,White
13397,0,0.01438654,Male,White
13398,0,0.03864613,Male,White
13399,0,0.00253623,Male,White
13400,0,0.05272922,Male,White
13401,0,0.0135883,Male,White
13402,0,0.18996815,Male,Black
13403,1,0.80199754,Male,Black
13404,0,0.01755689,Female,White
13405,1,0.7838712,Female,White
13406,0,0.25181456,Male,White
13407,0,0.00220906,Male,Other
13408,0,0.15465371,Male,White
13409,1,0.77289467,Male,White
13410,1,0.76856882,Male,White
13411,0,0.42779978,Male,White
13412,0,0.44018336,Male,White
13413,0,0.0919566,Male,White
13414,1,0.33968617,Male,White
13415,0,0.00442245,Female,White
13416,0,0.71791758,Male,White
13417,0,0.00158716,Female,White
13418,0,0.00664553,Male,White
13419,0,0.00113133,Female,White
13420,0,0.46510707,Male,White
13421,1,0.94994463,Male,White
13422,1,0.99768352,Male,White
13423,0,0.00092961,Female,White
13424,0,0.08966825,Female,White
13425,0,0.05766046,Female,White
13426,0,0.79725482,Male,White
13427,0,0.64410515,Male,White
13428,0,0.02258328,Male,White
13429,0,0.2117688,Male,White
13430,0,0.04323291,Female,White
13431,0,0.2281878,Female,White
13432,1,0.09619156,Female,White
13433,0,0.00097367,Male,White
13434,0,0.00300162,Male,White
13435,0,0.10430875,Male,Black
13436,0,0.01743374,Male,White
13437,0,0.03945731,Male,White
13438,0,0.00262493,Female,White
13439,0,0.00108278,Female,Black
13440,0,0.00118676,Female,White
13441,1,0.99626593,Male,White
13442,1,0.996714,Male,White
13443,1,0.81873194,Male,Black
13444,0,0.00348003,Female,Black
13445,1,0.77062058,Male,White
13446,1,0.52816595,Male,White
13447,0,0.01748702,Female,Black
13448,0,0.0030983,Female,White
13449,0,0.00306427,Female,White
13450,0,0.02766713,Female,White
13451,0,0.00610852,Female,White
13452,0,0.05823008,Male,White
13453,0,0.01241849,Female,Asian-Pac-Islander
13454,0,0.01253886,Male,White
13455,1,0.98970318,Male,White
13456,1,0.64352872,Male,White
13457,0,0.1272427,Male,White
13458,0,0.81173472,Male,White
13459,0,0.00163162,Female,White
13460,0,0.08693379,Male,White
13461,0,0.30053906,Male,White
13462,0,0.08146125,Male,White
13463,1,0.95055224,Male,White
13464,0,0.02634565,Male,White
13465,1,0.75903756,Male,White
13466,0,0.09927974,Male,White
13467,0,0.14576155,Female,Amer-Indian-Eskimo
13468,0,0.00130227,Male,White
13469,0,0.00636975,Female,White
13470,0,0.00397003,Female,White
13471,0,0.08026874,Female,Other
13472,0,0.00392,Female,White
13473,0,0.00229098,Male,White
13474,0,0.00944901,Male,White
13475,0,0.01401624,Male,White
13476,0,0.08359964,Male,White
13477,0,0.08463963,Female,White
13478,0,0.00480395,Female,White
13479,0,0.13751717,Male,White
13480,0,0.50076109,Male,White
13481,1,0.27578118,Male,White
13482,1,0.41329689,Female,Black
13483,0,0.56053636,Male,White
13484,0,0.59762367,Male,White
13485,0,0.01709827,Male,White
13486,0,0.36700605,Female,White
13487,0,0.00264461,Male,White
13488,0,0.24244242,Male,White
13489,0,0.01539523,Female,Black
13490,0,0.00428479,Female,White
13491,1,0.03291277,Female,White
13492,0,0.00277678,Male,Black
13493,0,0.01678263,Male,White
13494,0,0.0648538,Female,White
13495,1,0.99652121,Male,White
13496,0,0.50571159,Male,White
13497,0,0.01058647,Female,Black
13498,0,0.0453732,Male,White
13499,0,0.03520621,Male,White
13500,0,0.03421653,Female,White
13501,1,0.9933359,Male,White
13502,0,0.00252462,Female,White
13503,0,0.0567948,Male,White
13504,0,0.00308499,Male,White
13505,1,0.74922485,Male,White
13506,0,0.14805811,Female,White
13507,1,0.44831007,Female,Black
13508,0,0.12931783,Male,Black
13509,0,0.00310244,Female,White
13510,0,0.02164067,Female,White
13511,0,0.01568588,Female,White
13512,0,0.10434572,Male,White
13513,0,0.00512721,Female,White
13514,0,0.00624324,Male,White
13515,0,0.03364612,Male,White
13516,0,0.02841213,Female,White
13517,0,0.01975859,Female,White
13518,1,0.49141652,Male,White
13519,0,0.21651542,Male,White
13520,0,0.03963513,Male,Black
13521,0,0.01279244,Female,White
13522,0,0.23840019,Male,White
13523,0,0.02053437,Male,White
13524,1,0.54493656,Female,White
13525,1,0.06088453,Female,White
13526,0,0.08735481,Male,White
13527,0,0.10761564,Male,Black
13528,1,0.22189081,Male,White
13529,0,0.07222764,Male,White
13530,0,0.01424901,Male,White
13531,0,0.01883303,Female,White
13532,0,0.07465429,Female,Black
13533,0,0.0204983,Female,White
13534,1,0.74340671,Male,White
13535,0,0.04315845,Male,White
13536,1,0.032607,Male,White
13537,0,0.02080101,Male,White
13538,0,0.02138507,Female,White
13539,1,0.48743316,Male,Black
13540,0,0.04411656,Female,White
13541,1,0.56538426,Male,White
13542,1,0.30819902,Male,Other
13543,0,0.00281646,Female,Black
13544,0,0.70051858,Male,White
13545,0,0.44225676,Female,White
13546,1,0.99897012,Female,White
13547,0,0.00046092,Female,Other
13548,0,0.00376283,Female,White
13549,0,0.17248326,Male,White
13550,0,0.00871133,Male,White
13551,0,0.35803794,Male,White
13552,0,0.08584369,Male,Black
13553,0,0.02413406,Female,White
13554,1,0.27941935,Male,White
13555,1,0.55801318,Male,White
13556,1,0.84255259,Male,White
13557,0,0.22471459,Male,Black
13558,0,0.0189976,Female,White
13559,0,0.03652213,Male,Black
13560,1,0.75997289,Male,White
13561,1,0.44237654,Male,White
13562,1,0.27774002,Male,White
13563,0,0.24759276,Male,White
13564,0,0.01884545,Male,White
13565,0,0.0006693,Female,White
13566,0,0.06252929,Male,Black
13567,0,0.3030048,Male,White
13568,0,0.0046941,Female,White
13569,0,0.00220094,Male,White
13570,1,0.63667952,Male,White
13571,0,0.01080494,Male,White
13572,1,0.43399346,Male,Asian-Pac-Islander
13573,0,0.21204068,Male,White
13574,1,0.24337948,Male,White
13575,1,0.38786523,Male,White
13576,0,0.01876244,Female,Amer-Indian-Eskimo
13577,1,0.3092836,Male,White
13578,0,0.42723504,Male,White
13579,0,0.01630835,Female,White
13580,1,0.74284229,Male,White
13581,1,0.99934505,Male,White
13582,1,0.99942989,Male,White
13583,0,0.01390045,Male,Black
13584,1,0.2420373,Male,Black
13585,1,0.73056265,Male,White
13586,1,0.99955573,Female,White
13587,0,0.09195688,Male,White
13588,0,0.01857439,Female,White
13589,0,0.0028492,Female,White
13590,1,0.96526238,Male,White
13591,0,0.29059294,Male,White
13592,0,0.17967381,Male,Black
13593,0,0.14790304,Male,White
13594,0,0.02809736,Female,White
13595,0,0.32139552,Male,White
13596,1,0.48710436,Male,White
13597,0,0.07959626,Female,White
13598,0,0.03796824,Female,White
13599,1,0.89910878,Male,White
13600,0,0.00885165,Male,White
13601,0,0.02805033,Male,Black
13602,0,0.11024653,Male,White
13603,0,0.35172188,Male,White
13604,0,0.49564632,Male,White
13605,0,0.03796383,Male,White
13606,0,0.33814892,Male,White
13607,0,0.04399335,Female,White
13608,0,0.01301069,Male,White
13609,0,0.02199716,Female,White
13610,0,0.394309,Female,White
13611,0,0.07973546,Female,Amer-Indian-Eskimo
13612,0,0.36551752,Female,White
13613,1,0.59849513,Male,White
13614,0,0.06513022,Female,Asian-Pac-Islander
13615,1,0.71805934,Male,White
13616,1,0.15727675,Male,White
13617,0,0.41791422,Male,White
13618,0,0.54991524,Male,White
13619,0,0.09347603,Male,White
13620,0,0.77599025,Male,White
13621,0,0.27302734,Male,White
13622,0,0.04169131,Male,White
13623,1,0.23754273,Male,White
13624,0,0.00788714,Male,Black
13625,1,0.93857121,Male,White
13626,0,0.21874113,Male,White
13627,0,0.24704879,Male,White
13628,1,0.03011886,Male,White
13629,0,0.05785002,Female,White
13630,0,0.12521832,Male,White
13631,0,0.3061695,Male,White
13632,1,0.99613205,Male,White
13633,0,0.00597503,Female,White
13634,0,0.02275791,Male,White
13635,0,0.37754898,Female,White
13636,1,0.52057567,Male,White
13637,0,0.00536122,Male,White
13638,0,0.01234168,Male,White
13639,1,0.78932206,Male,White
13640,0,0.03910675,Female,Black
13641,0,0.0148066,Male,White
13642,0,0.00387307,Female,White
13643,0,0.01170633,Male,White
13644,0,0.10571435,Male,White
13645,1,0.56050651,Male,White
13646,0,0.01600945,Male,Black
13647,0,0.23615244,Male,White
13648,0,0.00297592,Female,Black
13649,1,0.74465226,Female,White
13650,0,0.17702731,Male,White
13651,0,0.03632209,Male,White
13652,0,0.0100319,Male,White
13653,0,0.02490362,Female,White
13654,0,0.47879582,Male,White
13655,0,0.00173798,Female,White
13656,0,0.04048915,Male,White
13657,0,0.0670584,Female,Black
13658,0,0.00863364,Female,Black
13659,1,0.82048257,Male,White
13660,0,0.00061314,Male,Black
13661,0,0.02486831,Male,White
13662,0,0.00496688,Male,White
13663,0,0.1042304,Female,White
13664,1,0.58744328,Male,White
13665,0,0.36906442,Male,White
13666,1,0.80903201,Male,White
13667,0,0.00701017,Male,Asian-Pac-Islander
13668,1,0.39858228,Female,White
13669,0,0.04824318,Male,White
13670,1,0.55969377,Male,White
13671,0,0.41165678,Male,White
13672,0,0.01880799,Male,Black
13673,1,0.45088336,Male,White
13674,0,0.46744703,Male,White
13675,0,0.02307012,Male,White
13676,1,0.46107537,Male,White
13677,0,0.01232175,Male,White
13678,0,0.01589606,Male,Other
13679,0,0.14237313,Male,White
13680,0,0.0039364,Male,Asian-Pac-Islander
13681,1,0.6118613,Male,White
13682,0,0.00441924,Female,Asian-Pac-Islander
13683,0,0.02192513,Female,White
13684,0,0.03486656,Male,White
13685,0,0.11699922,Male,White
13686,0,0.2857408,Male,White
13687,1,0.73522174,Male,White
13688,0,0.57132921,Male,White
13689,0,0.00571429,Female,White
13690,1,0.28481549,Male,White
13691,0,0.00156987,Male,White
13692,1,0.5960244,Female,White
13693,0,0.0495432,Female,White
13694,0,0.00622985,Male,White
13695,0,0.00272109,Male,White
13696,0,0.0172994,Male,Amer-Indian-Eskimo
13697,0,0.0323837,Male,Black
13698,0,0.22909197,Male,White
13699,0,0.32474562,Male,White
13700,0,0.1893935,Male,White
13701,1,0.32137061,Female,White
13702,1,0.76134308,Male,White
13703,0,0.00534094,Female,White
13704,1,0.4952178,Male,White
13705,0,0.00070466,Male,White
13706,1,0.67089031,Male,White
13707,0,0.11903749,Male,Black
13708,0,0.00054134,Female,White
13709,1,0.42502401,Male,White
13710,0,0.02811153,Male,White
13711,0,0.01959043,Male,White
13712,0,0.00993245,Female,White
13713,0,0.38559987,Male,White
13714,1,0.03246595,Female,White
13715,0,0.46473589,Male,White
13716,1,0.23878335,Male,White
13717,0,0.03153459,Female,White
13718,1,0.84385861,Male,White
13719,0,0.20074899,Male,White
13720,0,0.23789878,Male,White
13721,0,0.00859182,Male,White
13722,1,0.36333469,Male,Other
13723,1,0.71989634,Male,White
13724,0,0.00539628,Female,White
13725,0,0.01113452,Female,White
13726,0,0.03894146,Male,Black
13727,0,0.04241709,Male,White
13728,0,0.12269116,Male,White
13729,1,0.96522646,Male,White
13730,0,0.19666007,Female,White
13731,1,0.99520225,Male,White
13732,0,0.3567228,Male,White
13733,0,0.07081252,Male,White
13734,0,0.03462935,Female,White
13735,1,0.64325578,Male,White
13736,0,0.3729333,Male,White
13737,1,0.75981937,Male,White
13738,0,0.00258509,Female,Black
13739,1,0.51026075,Male,Asian-Pac-Islander
13740,0,0.30446815,Male,White
13741,1,0.73007852,Male,White
13742,0,0.00262959,Female,Black
13743,0,0.60493319,Female,White
13744,0,0.00508005,Male,White
13745,1,0.13249696,Male,White
13746,1,0.01888088,Male,White
13747,0,0.00219857,Female,White
13748,1,0.86555308,Male,White
13749,1,0.71218517,Male,White
13750,0,0.03602099,Male,White
13751,0,0.05868961,Male,White
13752,0,0.00104231,Male,White
13753,0,0.09447723,Female,White
13754,1,0.96738587,Male,White
13755,0,0.01676229,Female,White
13756,0,0.00865211,Male,Amer-Indian-Eskimo
13757,0,0.07392689,Male,White
13758,0,0.6979906,Male,White
13759,0,0.00454989,Female,White
13760,1,0.07951977,Male,White
13761,0,0.13334893,Male,White
13762,0,0.00470858,Female,White
13763,0,0.04474217,Male,White
13764,0,0.03753548,Female,White
13765,1,0.99985346,Male,White
13766,0,0.22455878,Female,Black
13767,0,0.00298743,Female,White
13768,1,0.98693996,Male,White
13769,0,0.30625959,Male,White
13770,0,0.23168695,Male,White
13771,0,0.00962402,Male,White
13772,0,0.00130506,Female,White
13773,1,0.5121085,Male,White
13774,0,0.29260364,Male,White
13775,0,0.01152054,Male,White
13776,0,0.37836727,Male,White
13777,0,0.00671112,Female,Black
13778,0,0.00163676,Female,White
13779,0,0.02306632,Female,White
13780,0,0.06980935,Female,White
13781,1,0.17918502,Female,White
13782,0,0.19775183,Male,White
13783,0,0.02553307,Female,Black
13784,0,0.777308,Male,White
13785,1,0.39240402,Male,Black
13786,0,0.00272612,Female,White
13787,0,0.00923292,Female,White
13788,1,0.15942161,Male,White
13789,0,0.41731248,Male,White
13790,0,0.21006931,Male,White
13791,1,0.65630482,Male,White
13792,0,0.05901917,Male,White
13793,0,0.00352703,Male,Black
13794,0,0.17857091,Male,White
13795,0,0.09272391,Female,White
13796,1,0.99740802,Male,White
13797,0,0.16548351,Male,White
13798,0,0.63119793,Female,Black
13799,1,0.85006701,Male,White
13800,0,0.06128293,Male,White
13801,0,0.14760309,Female,Asian-Pac-Islander
13802,0,0.01689569,Female,Black
13803,0,0.00187992,Female,White
13804,0,0.00207615,Female,White
13805,0,0.07803953,Female,White
13806,0,0.34865289,Male,White
13807,0,0.00814931,Female,Black
13808,0,0.62195018,Male,White
13809,0,0.02605365,Female,White
13810,0,0.2883549,Male,White
13811,1,0.83090343,Female,Black
13812,0,0.10155851,Female,White
13813,0,0.01878316,Female,White
13814,0,0.01413015,Male,White
13815,0,0.06925196,Male,White
13816,1,0.81774102,Male,White
13817,0,0.07160711,Male,White
13818,1,1.0,Male,White
13819,0,0.02565498,Female,White
13820,0,0.18940021,Male,White
13821,1,0.91063608,Male,White
13822,1,0.05367005,Female,White
13823,0,0.45830669,Male,White
13824,0,0.01016175,Female,White
13825,0,0.07288614,Male,White
13826,0,0.00417515,Male,White
13827,0,0.12809102,Male,White
13828,1,0.93246403,Male,Black
13829,0,0.02395567,Female,White
13830,0,0.12825155,Male,Black
13831,0,0.10662489,Male,White
13832,0,0.88450893,Male,White
13833,0,0.08328009,Male,White
13834,0,0.0680149,Male,White
13835,0,0.00179934,Female,Amer-Indian-Eskimo
13836,1,0.03570813,Male,White
13837,0,0.3482237,Male,White
13838,0,0.00602565,Female,White
13839,0,0.02019485,Male,White
13840,1,0.7646529,Male,White
13841,1,0.95317144,Male,White
13842,0,0.00142362,Female,White
13843,1,0.24424373,Male,White
13844,0,0.55737735,Male,White
13845,0,0.00356793,Male,White
13846,0,0.41728622,Male,White
13847,1,0.44460429,Male,White
13848,0,0.40702421,Male,White
13849,0,0.05695328,Male,White
13850,0,0.00146307,Female,White
13851,0,0.21182499,Male,White
13852,1,0.82073992,Male,White
13853,1,0.90425804,Male,White
13854,0,0.00043288,Female,White
13855,0,0.55455775,Male,White
13856,0,0.01768992,Female,White
13857,0,0.001324,Female,White
13858,0,0.06170365,Female,White
13859,0,0.0429433,Female,White
13860,1,0.76779076,Male,White
13861,0,0.10875129,Male,White
13862,0,0.01453287,Male,Black
13863,1,0.4350359,Male,White
13864,1,0.02747911,Female,White
13865,0,0.12982336,Male,White
13866,0,0.02256227,Male,White
13867,0,0.13295501,Male,White
13868,0,0.0141917,Male,White
13869,0,0.39259385,Male,White
13870,0,0.00100672,Male,White
13871,0,0.01517252,Male,Asian-Pac-Islander
13872,1,0.98812992,Male,White
13873,0,0.00062621,Female,Asian-Pac-Islander
13874,0,0.00367309,Male,White
13875,1,0.39813901,Male,White
13876,0,0.0010023,Female,White
13877,0,0.00525383,Female,White
13878,0,0.51735706,Male,White
13879,1,0.16933003,Male,White
13880,0,0.1257159,Male,White
13881,0,0.59893386,Male,Black
13882,0,0.2071417,Female,White
13883,1,0.19743879,Male,White
13884,1,0.20023558,Male,White
13885,0,0.2910257,Male,White
13886,0,0.03415625,Male,White
13887,0,0.01851859,Female,White
13888,1,0.2648927,Male,White
13889,0,0.6902842,Male,White
13890,0,0.0017867,Female,White
13891,1,0.06217935,Male,White
13892,0,0.00371282,Female,White
13893,1,0.22003756,Male,White
13894,0,0.03932669,Female,White
13895,0,0.61860458,Female,White
13896,1,0.02148548,Female,White
13897,0,0.00395501,Male,White
13898,0,0.00113891,Female,White
13899,0,0.00258622,Male,White
13900,1,0.5869112,Female,Asian-Pac-Islander
13901,0,0.04996702,Female,White
13902,0,0.08157504,Female,White
13903,0,0.0039437,Female,White
13904,1,0.13931897,Male,White
13905,0,0.02845296,Male,White
13906,0,0.22907503,Male,White
13907,0,0.03022816,Male,White
13908,0,0.00040695,Female,White
13909,1,0.87595043,Male,White
13910,0,0.26618913,Male,White
13911,0,0.29755797,Male,White
13912,0,0.03267633,Female,White
13913,1,0.11272515,Male,White
13914,1,0.79811492,Male,White
13915,1,0.81082606,Male,White
13916,0,0.00229895,Male,Black
13917,0,0.04816027,Male,White
13918,1,0.43925616,Male,White
13919,0,0.05683984,Female,White
13920,0,0.00909987,Female,Asian-Pac-Islander
13921,0,0.80018726,Male,White
13922,0,0.01522076,Female,White
13923,0,0.0907643,Female,White
13924,0,0.02106469,Female,Black
13925,0,0.4666834,Male,White
13926,0,0.00514597,Male,White
13927,0,0.01284672,Male,White
13928,1,0.70970661,Male,White
13929,1,0.2388603,Male,White
13930,0,0.05680134,Male,White
13931,1,0.67170696,Male,White
13932,0,0.40765791,Male,White
13933,0,0.29980707,Male,White
13934,0,0.0119834,Female,Asian-Pac-Islander
13935,0,0.01737386,Female,White
13936,0,0.10379618,Female,Asian-Pac-Islander
13937,0,0.00617068,Female,White
13938,0,0.59893691,Male,White
13939,0,0.00553472,Female,White
13940,1,0.48903074,Female,White
13941,0,0.12550968,Female,White
13942,0,0.00514514,Female,White
13943,0,0.19820564,Male,White
13944,0,0.01171153,Female,White
13945,0,0.03654192,Male,White
13946,0,0.00679791,Female,White
13947,0,0.20850438,Female,White
13948,0,0.0455972,Male,White
13949,1,0.46711332,Male,White
13950,0,0.00759327,Male,White
13951,0,0.00421398,Female,White
13952,0,0.00101941,Female,White
13953,0,0.00190051,Female,White
13954,0,0.00396844,Male,White
13955,0,0.03300468,Female,White
13956,1,0.05697084,Female,White
13957,0,0.10221154,Female,Amer-Indian-Eskimo
13958,1,0.59543025,Male,White
13959,0,0.00786445,Male,White
13960,0,0.46225782,Female,Black
13961,0,0.00306018,Female,Black
13962,0,0.00679462,Female,White
13963,0,0.03443166,Female,White
13964,0,0.79391635,Male,Black
13965,1,0.07436467,Female,White
13966,1,0.38645284,Male,White
13967,0,0.01259593,Female,White
13968,0,0.03792643,Male,White
13969,1,0.47861844,Male,White
13970,0,0.09134494,Female,White
13971,1,0.31744028,Male,Black
13972,1,0.46818946,Male,White
13973,0,0.11482307,Male,White
13974,0,0.23523456,Male,White
13975,0,0.22559269,Male,White
13976,0,0.18629891,Male,Black
13977,1,0.99967198,Male,White
13978,0,0.91749051,Male,White
13979,0,0.26594631,Male,White
13980,0,0.01417146,Female,White
13981,1,0.6864335,Male,White
13982,0,0.0095596,Female,White
13983,1,0.78678951,Female,White
13984,0,0.0024763,Female,White
13985,0,0.00935422,Female,Black
13986,0,0.38305106,Male,White
13987,0,0.002578,Male,White
13988,0,0.00263167,Female,White
13989,0,0.39758405,Male,White
13990,0,0.18425097,Female,White
13991,1,0.08304964,Male,White
13992,1,0.76528063,Male,White
13993,1,0.97532296,Male,White
13994,1,0.9998128,Male,White
13995,0,0.01649606,Male,White
13996,0,0.09989696,Female,White
13997,1,0.99801005,Male,White
13998,0,0.00910083,Female,White
13999,0,0.04709931,Female,White
14000,0,0.35167044,Male,White
14001,1,0.32625159,Male,Black
14002,0,0.01014841,Male,Black
14003,0,0.03541043,Male,White
14004,0,0.24121992,Male,Black
14005,1,0.31080416,Male,White
14006,0,0.04084414,Female,White
14007,0,0.26983452,Male,White
14008,0,0.02480992,Male,White
14009,0,0.01894622,Male,White
14010,0,0.00625241,Female,White
14011,0,0.93064708,Female,White
14012,1,0.29940014,Male,Black
14013,1,1.0,Female,White
14014,0,0.215372,Male,White
14015,1,0.05593054,Male,White
14016,0,0.16179858,Female,White
14017,1,0.26911009,Male,White
14018,1,0.72935696,Male,White
14019,0,0.05426494,Female,White
14020,0,0.26226004,Male,White
14021,0,0.3810711,Male,White
14022,0,0.00380184,Male,White
14023,0,0.19099755,Male,White
14024,0,0.02142961,Male,White
14025,0,0.00458636,Female,White
14026,0,0.05255446,Female,White
14027,0,0.15424533,Male,Black
14028,0,0.26699563,Male,White
14029,1,0.09212609,Female,White
14030,1,0.89812931,Male,Asian-Pac-Islander
14031,0,0.00473499,Male,White
14032,0,0.17466696,Male,Asian-Pac-Islander
14033,0,0.20694675,Male,White
14034,0,0.01095096,Female,White
14035,0,0.00081528,Female,White
14036,1,0.80912148,Male,White
14037,1,0.46295938,Male,White
14038,0,0.02453163,Female,Black
14039,0,0.26237062,Male,White
14040,0,0.28139112,Male,Black
14041,1,0.79593378,Female,Black
14042,0,0.65530783,Male,White
14043,0,0.14448316,Male,White
14044,0,0.15978683,Male,White
14045,0,0.19238763,Male,White
14046,0,0.00338455,Male,White
14047,0,0.00918841,Female,White
14048,0,0.38490172,Male,White
14049,1,0.96527083,Male,White
14050,0,0.05790753,Male,Black
14051,0,0.45897857,Male,White
14052,0,0.31892738,Female,White
14053,1,0.62533269,Male,White
14054,0,0.22811885,Male,White
14055,0,0.7104668,Male,White
14056,1,0.87172608,Male,White
14057,1,0.42140746,Male,White
14058,0,0.54580666,Male,White
14059,1,0.55015528,Male,White
14060,0,0.58524542,Male,Black
14061,0,0.01877061,Male,White
14062,0,0.25406792,Male,White
14063,0,0.01764844,Male,White
14064,0,0.00475447,Female,White
14065,0,0.34633619,Female,White
14066,1,0.98678665,Male,White
14067,1,0.8325697,Male,White
14068,0,0.0231006,Female,White
14069,1,0.46379981,Male,White
14070,0,0.05406235,Female,White
14071,0,0.10579019,Female,White
14072,0,0.0163038,Male,Black
14073,0,0.08005022,Female,White
14074,0,0.00513867,Male,White
14075,1,0.93046136,Male,White
14076,0,0.02639176,Male,White
14077,1,0.9509093,Male,White
14078,1,0.27653198,Female,White
14079,0,0.07287963,Male,White
14080,0,0.0361202,Male,White
14081,0,0.00970012,Male,White
14082,0,0.01207295,Male,Asian-Pac-Islander
14083,1,0.75371899,Male,White
14084,0,0.09446081,Male,White
14085,0,0.51828302,Male,White
14086,0,0.00284095,Female,White
14087,1,0.95725305,Male,Black
14088,0,0.24704879,Male,White
14089,0,0.18358578,Male,White
14090,0,0.36277107,Male,White
14091,1,0.91395065,Male,White
14092,0,0.30916714,Male,White
14093,0,0.01315195,Female,White
14094,1,0.76128865,Male,White
14095,0,0.04810662,Female,White
14096,0,0.06332876,Male,Black
14097,0,0.02655851,Female,White
14098,1,0.35095354,Male,White
14099,1,0.28256325,Male,White
14100,1,0.56348739,Male,White
14101,0,0.08016087,Male,White
14102,1,0.80894375,Male,White
14103,0,0.0016172,Male,White
14104,0,0.12800081,Male,White
14105,1,0.59803464,Male,White
14106,0,0.09068167,Male,White
14107,1,0.60320454,Male,White
14108,0,0.01484448,Female,White
14109,0,0.56750908,Male,White
14110,0,0.02419183,Male,White
14111,0,0.01389345,Female,White
14112,1,0.29260364,Male,White
14113,0,0.04744247,Male,White
14114,0,0.53397969,Male,White
14115,0,0.00088149,Male,White
14116,0,0.37545042,Male,White
14117,0,0.58503074,Male,White
14118,1,0.36502242,Male,White
14119,0,0.01588666,Male,White
14120,1,0.78384202,Male,White
14121,0,0.59126199,Male,Asian-Pac-Islander
14122,0,0.0088452,Male,White
14123,0,0.02674676,Female,White
14124,0,0.02061742,Female,White
14125,0,0.01052108,Female,Black
14126,0,0.02162704,Male,Black
14127,0,0.52200446,Female,White
14128,0,0.00049039,Male,White
14129,0,0.56687067,Male,White
14130,1,0.19743879,Male,White
14131,0,0.02192489,Female,Black
14132,0,0.00932178,Male,White
14133,0,0.02488884,Female,Black
14134,1,0.54614236,Female,White
14135,0,0.00277557,Male,Black
14136,1,0.86386152,Male,Black
14137,0,0.10154099,Female,White
14138,1,0.1490864,Male,White
14139,1,0.85359873,Male,White
14140,0,0.18184906,Male,White
14141,0,0.01135332,Male,Asian-Pac-Islander
14142,1,0.78320641,Male,White
14143,1,0.3767217,Male,White
14144,1,0.62626775,Male,White
14145,1,0.57477323,Male,White
14146,0,0.28527792,Male,White
14147,1,0.96161855,Male,White
14148,0,0.02635209,Male,White
14149,1,0.23956658,Male,White
14150,1,0.70764276,Male,White
14151,0,0.00551472,Male,White
14152,0,0.04630437,Female,White
14153,1,0.44717764,Male,White
14154,0,0.00055213,Male,White
14155,1,0.73321191,Female,White
14156,0,0.02191299,Male,White
14157,0,0.24251902,Male,White
14158,1,0.4443119,Male,White
14159,0,0.05101264,Female,White
14160,1,0.74709675,Male,White
14161,0,0.02454592,Female,White
14162,0,0.00167977,Female,Asian-Pac-Islander
14163,0,0.27852422,Female,White
14164,0,0.00041945,Female,White
14165,0,0.01133795,Female,Other
14166,0,0.08730001,Male,White
14167,0,0.01599185,Female,White
14168,0,0.00522013,Female,Black
14169,0,0.03376745,Male,White
14170,0,0.02585829,Male,White
14171,0,0.00066074,Female,White
14172,0,0.0046357,Female,White
14173,0,0.00654643,Male,Black
14174,0,0.01294578,Male,Other
14175,1,0.44509069,Male,White
14176,1,0.17079508,Male,White
14177,0,0.00852854,Female,White
14178,0,0.0080828,Male,White
14179,0,0.00378468,Male,White
14180,1,0.86834758,Male,White
14181,0,0.0184732,Male,White
14182,1,0.89908472,Male,White
14183,0,0.06872486,Male,Black
14184,0,0.00093513,Male,White
14185,1,0.97091817,Male,White
14186,1,0.41652716,Male,White
14187,1,0.87023683,Male,White
14188,0,0.02045481,Male,White
14189,1,0.77225109,Male,White
14190,0,0.00512167,Female,White
14191,1,0.16700554,Male,White
14192,1,0.42378779,Male,White
14193,0,0.31742621,Male,White
14194,1,0.9985234,Male,White
14195,0,0.00453105,Female,Black
14196,0,0.04693393,Female,White
14197,0,0.03555974,Female,Other
14198,0,0.01959344,Male,White
14199,0,0.01764224,Female,White
14200,0,0.0103955,Male,White
14201,0,0.02396627,Female,White
14202,1,0.76468269,Male,Asian-Pac-Islander
14203,0,0.00049013,Female,Other
14204,0,0.00058716,Female,White
14205,1,0.50514694,Male,White
14206,0,0.35273046,Female,White
14207,0,0.0710021,Male,White
14208,0,0.03538107,Male,White
14209,0,0.0005249,Female,White
14210,1,0.7218056,Male,White
14211,1,0.71123652,Male,White
14212,0,0.27330747,Male,White
14213,0,0.19955983,Male,White
14214,0,0.02594958,Female,White
14215,0,0.16518281,Female,White
14216,0,0.02175912,Male,White
14217,0,0.00327257,Male,White
14218,0,0.03814586,Male,White
14219,0,0.05399095,Male,White
14220,0,0.03765785,Male,White
14221,0,0.0009482,Female,White
14222,1,0.56605615,Male,White
14223,0,0.00465844,Male,Black
14224,0,0.4419392,Male,White
14225,1,0.36401739,Male,Black
14226,1,0.67486756,Male,White
14227,0,0.12050266,Male,White
14228,0,0.00405082,Female,White
14229,1,0.9773985,Female,White
14230,1,0.69782448,Male,Black
14231,0,0.36712242,Male,White
14232,0,0.08479661,Female,White
14233,0,0.01703397,Female,White
14234,0,0.05944752,Female,White
14235,0,0.72724214,Male,White
14236,0,0.27576652,Female,White
14237,1,0.86315585,Male,White
14238,0,0.0067906,Female,Other
14239,0,0.0010254,Male,White
14240,0,0.00275298,Female,White
14241,0,0.0174633,Male,White
14242,0,0.10330122,Male,White
14243,0,0.39474048,Male,White
14244,0,0.04660599,Male,White
14245,0,0.00718455,Male,White
14246,0,0.09576077,Male,White
14247,0,0.00331453,Female,White
14248,0,0.05940355,Male,Black
14249,0,0.03332763,Male,Black
14250,1,0.31917672,Male,White
14251,0,0.3663711,Female,Black
14252,0,0.50317018,Female,White
14253,1,0.65079882,Female,White
14254,0,0.19075855,Male,White
14255,0,0.00924871,Female,White
14256,0,0.83732979,Male,White
14257,0,0.0176183,Male,White
14258,0,0.00978059,Male,White
14259,0,0.64136458,Male,White
14260,1,0.86872306,Male,White
14261,0,0.23615244,Male,White
14262,0,0.03624655,Male,White
14263,0,0.06271639,Male,White
14264,0,0.00147671,Female,Asian-Pac-Islander
14265,0,0.27680817,Male,White
14266,0,0.0900219,Female,White
14267,0,0.01714922,Male,White
14268,1,0.71872551,Male,White
14269,0,0.060695,Female,White
14270,1,0.52187031,Male,White
14271,0,0.06142545,Female,White
14272,0,0.17132458,Female,White
14273,0,0.00081118,Female,White
14274,0,0.00666075,Female,White
14275,1,0.61472616,Male,White
14276,0,0.09695076,Male,White
14277,0,0.01707213,Female,Asian-Pac-Islander
14278,0,0.00966865,Female,White
14279,1,0.53307679,Male,White
14280,0,0.01507337,Male,White
14281,1,0.20777902,Male,White
14282,0,0.0069118,Female,White
14283,0,0.1825393,Male,White
14284,0,0.58383398,Male,White
14285,0,0.05381495,Female,White
14286,0,0.00130506,Female,White
14287,0,0.00455753,Male,White
14288,0,0.06788065,Male,Amer-Indian-Eskimo
14289,0,0.00804141,Male,White
14290,0,0.10587128,Male,White
14291,1,0.65711738,Male,White
14292,1,0.45472564,Male,White
14293,0,0.07887586,Male,White
14294,0,0.27719321,Male,White
14295,0,0.13876847,Female,White
14296,0,0.00943688,Male,White
14297,0,0.08170855,Male,White
14298,0,0.00014569,Female,White
14299,0,0.0067398,Female,White
14300,1,0.45290373,Male,White
14301,1,0.67006424,Male,White
14302,0,0.05758171,Male,White
14303,0,0.12919204,Male,White
14304,1,0.7948988,Female,White
14305,0,0.29798391,Male,White
14306,1,0.62485849,Male,White
14307,0,0.77704828,Male,White
14308,1,0.31781749,Male,White
14309,0,0.04682278,Male,White
14310,1,0.96802476,Male,Black
14311,0,0.03677579,Female,White
14312,0,0.006683,Female,White
14313,0,0.00587014,Female,White
14314,1,0.96521202,Male,White
14315,0,0.01323075,Male,White
14316,1,0.01383814,Female,White
14317,0,0.53180725,Male,White
14318,1,0.13513564,Male,White
14319,0,0.26528127,Female,White
14320,1,0.42626967,Male,White
14321,1,0.77847111,Male,White
14322,0,0.5319809,Male,White
14323,0,0.02402146,Female,White
14324,0,0.11289424,Female,White
14325,0,0.73431082,Male,White
14326,0,0.00886152,Female,White
14327,0,0.26133918,Male,White
14328,0,0.00978603,Female,White
14329,0,0.01718722,Female,White
14330,0,0.01712425,Male,White
14331,0,0.00411432,Male,White
14332,0,0.1708181,Male,White
14333,0,0.00451792,Female,White
14334,0,0.02808063,Male,Asian-Pac-Islander
14335,0,0.11075348,Male,White
14336,0,0.04678597,Female,Black
14337,0,0.64413407,Male,White
14338,1,0.74965094,Male,White
14339,1,0.20933006,Male,White
14340,0,0.04642523,Female,White
14341,0,0.02195257,Female,White
14342,0,0.21586621,Male,White
14343,0,0.05334037,Male,White
14344,0,0.04841863,Female,White
14345,0,0.36506951,Male,White
14346,1,0.44933917,Male,White
14347,1,0.76573946,Male,White
14348,0,0.01676773,Male,White
14349,1,0.75383668,Male,White
14350,0,0.02025451,Female,White
14351,1,0.53695128,Male,White
14352,0,0.00289533,Male,Asian-Pac-Islander
14353,0,0.01257714,Female,White
14354,0,0.0635877,Male,White
14355,0,0.03839529,Female,White
14356,0,0.0149565,Female,White
14357,0,0.06096907,Male,White
14358,0,0.27808011,Male,White
14359,0,0.02089732,Male,Black
14360,0,0.00086003,Female,White
14361,0,0.33830715,Male,White
14362,0,0.23311697,Male,White
14363,0,0.00497746,Female,White
14364,1,0.86466661,Male,White
14365,0,0.15414111,Male,White
14366,0,0.27091954,Male,White
14367,0,0.06816545,Female,White
14368,0,0.26570613,Female,Black
14369,1,0.98016231,Male,White
14370,0,0.00221719,Female,Black
14371,0,0.395848,Male,White
14372,0,0.05922167,Male,White
14373,0,0.00637487,Male,White
14374,0,0.00152484,Female,White
14375,1,0.39733142,Male,White
14376,1,0.65963837,Male,White
14377,0,0.74965094,Male,White
14378,0,0.0089533,Male,White
14379,0,0.27454245,Male,White
14380,0,0.03949165,Male,White
14381,0,0.05037934,Female,Asian-Pac-Islander
14382,1,0.26209403,Male,White
14383,1,0.8457535,Male,White
14384,1,0.54524491,Male,White
14385,0,0.22229637,Male,White
14386,0,0.00525089,Female,Black
14387,0,0.0006593,Female,White
14388,0,0.23201218,Male,White
14389,1,0.19247557,Male,White
14390,0,0.42016784,Male,White
14391,0,0.0209477,Female,Asian-Pac-Islander
14392,0,0.54425679,Female,White
14393,1,0.8191194,Female,White
14394,0,0.02874898,Male,Black
14395,0,0.00376806,Female,White
14396,0,0.20563164,Male,White
14397,0,0.06204977,Female,White
14398,1,0.81232934,Male,Black
14399,0,0.00743288,Female,White
14400,0,0.03454654,Female,White
14401,0,0.0009857,Female,White
14402,0,0.00097669,Female,White
14403,0,0.02637418,Female,White
14404,0,0.01993616,Male,White
14405,0,0.30506445,Male,White
14406,1,0.86651253,Male,Asian-Pac-Islander
14407,0,0.12966338,Male,Asian-Pac-Islander
14408,1,0.72514057,Female,White
14409,0,0.00940469,Female,White
14410,0,0.01304662,Male,Amer-Indian-Eskimo
14411,0,0.12583635,Female,White
14412,0,0.6761834,Male,White
14413,0,0.05651376,Male,White
14414,1,0.8155451,Male,White
14415,1,0.65492702,Male,White
14416,1,0.79022204,Male,White
14417,1,0.34090353,Male,White
14418,1,0.24270247,Male,White
14419,0,0.01169009,Female,White
14420,0,0.00766035,Female,Black
14421,0,0.51336156,Male,White
14422,0,0.00608347,Male,White
14423,0,0.09730311,Female,White
14424,0,0.05736423,Male,White
14425,0,0.00301506,Female,White
14426,0,0.00708028,Male,White
14427,1,0.28173506,Male,Other
14428,0,0.653162,Male,White
14429,0,0.00797803,Female,Black
14430,0,0.00335733,Female,Black
14431,0,0.00557816,Male,White
14432,0,0.03947573,Female,White
14433,0,0.04278656,Male,White
14434,1,0.51123999,Male,White
14435,0,0.17686016,Male,Black
14436,0,0.03709386,Male,White
14437,1,0.62494264,Female,Asian-Pac-Islander
14438,0,0.00267739,Male,White
14439,0,0.02381059,Female,White
14440,0,0.34331689,Male,White
14441,0,0.05661067,Male,White
14442,1,0.58796664,Male,Asian-Pac-Islander
14443,0,0.02519599,Male,Asian-Pac-Islander
14444,0,0.34530614,Male,White
14445,0,0.80621415,Male,White
14446,1,0.77752411,Male,White
14447,1,0.91828807,Male,White
14448,1,0.17687195,Male,White
14449,0,0.09677293,Male,White
14450,0,0.02397607,Male,White
14451,1,1.0,Male,White
14452,0,0.27811549,Male,White
14453,0,0.09981593,Male,Amer-Indian-Eskimo
14454,1,0.81155098,Male,White
14455,1,0.2523242,Male,White
14456,0,0.05653953,Male,Asian-Pac-Islander
14457,0,0.37081322,Male,White
14458,0,0.01348491,Female,White
14459,0,0.00041001,Female,White
14460,0,0.07001386,Female,Amer-Indian-Eskimo
14461,0,0.0482505,Male,White
14462,0,0.04879094,Male,White
14463,0,0.00826986,Male,White
14464,0,0.01710131,Female,Other
14465,0,0.00216849,Female,White
14466,1,0.03897153,Female,White
14467,0,0.14611467,Male,White
14468,0,0.00813024,Male,White
14469,0,0.07530063,Male,Black
14470,1,0.75368863,Male,White
14471,0,0.55937413,Male,White
14472,1,0.13737001,Male,White
14473,0,0.01306346,Female,White
14474,0,0.08304885,Male,White
14475,0,0.11055421,Male,White
14476,0,0.00593184,Female,Black
14477,1,0.33250234,Male,White
14478,0,0.1841625,Male,White
14479,1,0.82098484,Male,White
14480,0,0.50289469,Male,White
14481,1,0.17143234,Male,Black
14482,0,0.81498071,Male,White
14483,0,0.00789828,Male,White
14484,0,0.70604239,Male,White
14485,0,0.24779007,Male,White
14486,0,0.1537383,Female,White
14487,0,0.00270698,Female,White
14488,0,0.23259497,Male,White
14489,0,0.03485736,Female,Asian-Pac-Islander
14490,0,0.04539755,Female,White
14491,0,0.00204354,Female,White
14492,0,0.31378485,Male,Black
14493,0,0.01115874,Female,White
14494,0,0.33471635,Male,White
14495,0,0.00265607,Female,White
14496,0,0.01960314,Female,White
14497,0,0.00516894,Female,White
14498,0,0.00473138,Male,White
14499,1,0.48810835,Male,White
14500,0,0.02416871,Female,White
14501,0,0.00887192,Female,White
14502,0,0.04980981,Male,White
14503,0,0.21550174,Male,White
14504,1,0.04258888,Female,Asian-Pac-Islander
14505,0,0.00181889,Female,White
14506,0,0.00953116,Female,White
14507,0,0.14793803,Female,White
14508,0,0.02815699,Female,White
14509,1,0.62507954,Male,White
14510,0,0.02681253,Male,White
14511,1,1.0,Female,White
14512,0,0.03695527,Female,White
14513,1,0.92804049,Male,White
14514,1,0.79086012,Male,White
14515,0,0.00281037,Female,Asian-Pac-Islander
14516,0,0.73431082,Male,White
14517,0,0.01589849,Female,White
14518,0,0.37150218,Male,White
14519,0,0.85755466,Male,White
14520,0,0.10346413,Male,White
14521,1,0.90925825,Male,White
14522,0,0.71915054,Male,White
14523,0,0.01512685,Male,White
14524,0,0.11137035,Female,White
14525,0,0.28550756,Male,White
14526,0,0.00027125,Female,Amer-Indian-Eskimo
14527,0,0.00605711,Male,White
14528,0,0.19452559,Male,White
14529,0,0.01013321,Male,White
14530,0,0.00142197,Female,White
14531,0,0.03192338,Male,White
14532,0,0.08434867,Male,White
14533,0,0.05735992,Male,White
14534,0,0.00194593,Female,Other
14535,1,0.17704232,Male,White
14536,0,0.35204793,Male,White
14537,0,0.4405408,Male,White
14538,0,0.01455008,Male,White
14539,0,0.11251879,Male,White
14540,0,0.60509108,Male,White
14541,0,0.60224763,Male,White
14542,0,0.03239475,Female,White
14543,1,0.76203743,Male,White
14544,1,0.24046168,Male,Asian-Pac-Islander
14545,0,0.13930567,Female,White
14546,0,0.1603574,Male,White
14547,0,0.96260585,Male,White
14548,0,0.00288305,Male,White
14549,0,0.28844833,Male,White
14550,0,0.02605952,Male,White
14551,0,0.10982685,Male,White
14552,0,0.0326133,Male,White
14553,0,0.33211409,Male,White
14554,0,0.02874336,Female,White
14555,0,0.00090943,Male,White
14556,0,0.01007227,Female,White
14557,1,0.74099715,Male,White
14558,0,0.03068549,Male,White
14559,0,0.01375359,Male,White
14560,0,0.06588294,Male,White
14561,0,0.03437536,Male,Black
14562,0,0.32764133,Male,White
14563,1,0.73657094,Female,Other
14564,0,0.03769932,Female,Black
14565,0,0.00226615,Female,White
14566,0,0.00256297,Male,White
14567,0,0.18708488,Male,White
14568,0,0.23194765,Male,White
14569,1,0.8046187,Male,White
14570,0,0.76673586,Male,White
14571,0,0.10844515,Male,White
14572,0,0.00348697,Female,White
14573,0,0.2348891,Male,Asian-Pac-Islander
14574,0,0.00591797,Male,White
14575,0,0.11245632,Male,White
14576,1,0.17132443,Male,White
14577,0,0.00631635,Female,Black
14578,0,0.02688624,Male,White
14579,0,0.00140069,Female,White
14580,0,0.05053953,Male,White
14581,1,0.22693928,Male,White
14582,1,0.99048536,Male,White
14583,0,0.0112372,Male,White
14584,0,0.03656978,Male,White
14585,1,0.12524188,Male,White
14586,0,0.14720968,Female,White
14587,1,0.1609968,Female,Black
14588,1,0.83571696,Male,White
14589,0,0.39854099,Male,White
14590,1,0.66269277,Male,White
14591,1,0.65184612,Male,White
14592,0,0.6682165,Male,White
14593,1,0.8014518,Male,White
14594,0,0.0046998,Female,White
14595,0,0.01233137,Female,White
14596,1,0.06717257,Female,White
14597,0,0.22797039,Male,White
14598,0,0.24337948,Male,White
14599,1,0.33963557,Male,White
14600,0,0.00316432,Female,Other
14601,0,0.02109518,Female,White
14602,0,0.01252343,Male,White
14603,0,0.0127258,Female,White
14604,0,0.00127184,Female,White
14605,0,0.46613511,Male,White
14606,0,0.38617199,Female,White
14607,0,0.57281175,Male,White
14608,1,0.8246889,Male,White
14609,0,0.03362431,Male,White
14610,1,0.4189278,Male,White
14611,0,0.15047077,Male,White
14612,0,0.01035166,Male,White
14613,0,0.01504245,Female,White
14614,0,0.05045007,Male,White
14615,1,0.7151252,Male,White
14616,0,0.35795451,Male,White
14617,0,0.0012455,Female,White
14618,0,0.00080193,Female,White
14619,0,0.20587842,Male,White
14620,0,0.02918982,Female,White
14621,0,0.01989718,Female,White
14622,0,0.04897995,Male,White
14623,0,0.29044558,Male,White
14624,0,0.02228674,Female,White
14625,1,1.0,Male,White
14626,1,0.22106614,Male,White
14627,1,0.76706497,Female,White
14628,0,0.01050588,Male,White
14629,0,0.00557816,Male,White
14630,0,0.02770397,Male,White
14631,0,0.35545654,Female,White
14632,0,0.07435652,Male,White
14633,0,0.13346962,Male,White
14634,0,0.00376053,Female,White
14635,0,0.00092961,Female,White
14636,0,0.010467,Female,White
14637,0,0.56369131,Male,White
14638,0,0.02580097,Male,White
14639,0,0.10840147,Male,White
14640,0,0.01382594,Female,White
14641,1,0.6961333,Male,White
14642,0,0.01937271,Female,White
14643,0,0.03703869,Female,White
14644,0,0.73661649,Male,White
14645,0,0.26550358,Male,White
14646,0,0.33665059,Male,White
14647,1,0.49184821,Male,White
14648,1,0.80607519,Male,White
14649,1,0.11137131,Male,White
14650,1,0.98477701,Male,White
14651,0,0.06668718,Female,White
14652,0,0.03377278,Female,Asian-Pac-Islander
14653,0,0.29566126,Female,Asian-Pac-Islander
14654,1,0.07024414,Female,White
14655,1,0.59180791,Male,White
14656,0,0.02298074,Male,White
14657,0,0.00351874,Female,White
14658,0,0.03795722,Male,White
14659,0,0.00898087,Male,White
14660,0,0.00753007,Female,White
14661,1,0.54540601,Male,White
14662,0,0.00300255,Female,White
14663,1,0.95705994,Male,White
14664,0,0.00788807,Female,Black
14665,0,0.00417515,Male,White
14666,0,0.00568922,Male,White
14667,0,0.24922876,Male,White
14668,0,0.00019327,Female,White
14669,0,0.0387864,Female,White
14670,0,0.00116149,Female,White
14671,0,0.02662878,Female,White
14672,1,0.38222778,Male,White
14673,1,0.24708424,Male,White
14674,0,0.15992231,Male,White
14675,0,0.00364646,Female,White
14676,0,0.21908017,Male,White
14677,0,0.00192037,Female,White
14678,0,0.0327631,Male,White
14679,1,0.81534943,Male,Asian-Pac-Islander
14680,0,0.01743524,Male,White
14681,0,0.0020035,Female,White
14682,0,0.0120321,Male,Black
14683,0,0.005497,Male,White
14684,0,0.2246143,Male,White
14685,0,0.02170435,Female,White
14686,1,0.06212291,Female,White
14687,1,0.04316915,Male,White
14688,0,0.26406992,Male,White
14689,0,0.22352493,Male,White
14690,0,0.00968971,Female,White
14691,0,0.7894049,Male,White
14692,0,0.60862949,Male,White
14693,1,0.99436306,Female,White
14694,1,0.65601512,Female,White
14695,0,0.01632817,Male,White
14696,0,0.07792496,Male,White
14697,0,0.00980608,Female,White
14698,0,0.05371042,Male,White
14699,0,0.05620962,Male,White
14700,1,0.2857408,Male,White
14701,0,0.17508742,Male,White
14702,0,0.17768013,Female,Black
14703,0,0.05594132,Male,White
14704,1,0.27275882,Male,Black
14705,0,0.32147065,Male,White
14706,0,0.00113872,Female,White
14707,0,0.00710117,Female,White
14708,0,0.05545737,Female,White
14709,1,0.85408178,Male,White
14710,0,0.00908408,Male,White
14711,0,0.01133513,Female,Black
14712,0,0.21209121,Female,White
14713,0,0.334119,Male,White
14714,0,0.24757267,Male,White
14715,0,0.22214804,Male,White
14716,0,0.334119,Male,White
14717,0,0.09212208,Male,White
14718,1,0.70391974,Male,White
14719,0,0.22559269,Male,White
14720,1,0.24244242,Male,White
14721,0,0.50720841,Male,White
14722,0,0.00530898,Male,White
14723,0,0.09957821,Female,White
14724,0,0.0091598,Female,White
14725,1,0.56681584,Male,White
14726,0,0.1039312,Male,White
14727,0,0.00206168,Male,Black
14728,1,0.70085581,Male,White
14729,0,0.01876941,Male,White
14730,0,0.02564249,Female,Black
14731,0,0.00138021,Female,White
14732,0,0.00451021,Male,White
14733,0,0.01815045,Male,White
14734,1,0.42636815,Male,White
14735,0,0.13468561,Male,Asian-Pac-Islander
14736,1,0.97873086,Female,White
14737,1,0.53062404,Male,White
14738,0,0.11887332,Male,White
14739,0,0.63265501,Male,White
14740,1,0.71159746,Male,White
14741,1,0.44516359,Male,White
14742,0,0.34414703,Male,White
14743,0,0.24964984,Male,Black
14744,1,0.91965421,Male,White
14745,0,0.01232175,Male,White
14746,0,0.53619927,Male,White
14747,0,0.02675298,Female,White
14748,0,0.01525536,Male,White
14749,0,0.4662812,Male,White
14750,0,0.71665249,Male,White
14751,0,0.59967227,Female,White
14752,0,0.08117022,Female,White
14753,0,0.01054487,Male,White
14754,1,0.67697284,Male,White
14755,0,0.07497453,Female,White
14756,1,0.90496299,Male,White
14757,1,0.09874893,Male,White
14758,1,0.01409444,Female,White
14759,0,0.00579169,Female,Black
14760,0,0.21693316,Male,White
14761,0,0.11150474,Male,White
14762,0,0.00640326,Male,White
14763,0,0.33360529,Male,White
14764,0,0.45303861,Male,White
14765,0,0.21815857,Male,White
14766,0,0.04009884,Female,White
14767,0,0.19714222,Male,White
14768,0,0.00365025,Female,White
14769,1,0.42636815,Male,White
14770,0,0.03077562,Male,Black
14771,0,0.34367059,Female,White
14772,1,0.7309814,Male,White
14773,0,0.26579616,Male,Asian-Pac-Islander
14774,0,0.00993627,Male,White
14775,1,0.31641256,Male,White
14776,0,0.18033787,Male,White
14777,0,0.14538806,Female,White
14778,0,0.10021428,Male,White
14779,0,0.58188893,Female,Black
14780,0,0.15994528,Male,White
14781,0,0.00104229,Female,White
14782,0,0.0107296,Female,White
14783,0,0.01123729,Female,White
14784,0,0.2922301,Male,White
14785,0,0.01086978,Female,White
14786,1,0.21438145,Male,White
14787,0,0.02879747,Male,White
14788,0,0.00270638,Female,Black
14789,0,0.00185437,Female,White
14790,1,0.21389372,Female,White
14791,0,0.59603446,Female,White
14792,0,0.1333695,Male,Black
14793,0,0.1838534,Female,White
14794,0,0.00289767,Female,White
14795,0,0.00691625,Female,White
14796,0,0.00145805,Female,White
14797,0,0.00467595,Female,White
14798,1,0.15371376,Male,White
14799,0,0.32052177,Male,White
14800,0,0.00159035,Female,Black
14801,0,0.46402382,Female,White
14802,1,0.99666828,Male,White
14803,1,0.8603884,Female,White
14804,1,0.1875367,Female,White
14805,0,0.02151652,Female,White
14806,1,0.51206925,Male,White
14807,0,0.01316629,Female,White
14808,0,0.01220137,Male,White
14809,0,0.11398311,Male,White
14810,1,0.18559738,Male,White
14811,0,0.00050339,Female,White
14812,0,0.03458149,Male,White
14813,0,0.00862306,Female,Black
14814,0,0.04084518,Male,White
14815,0,0.31702017,Male,White
14816,1,0.49589396,Male,White
14817,0,0.01419527,Male,White
14818,1,0.84497951,Male,White
14819,1,0.68767072,Male,White
14820,0,0.48921387,Male,Black
14821,0,0.17798453,Male,White
14822,0,0.00215545,Male,White
14823,1,0.66087557,Female,White
14824,0,0.13942599,Male,Black
14825,0,0.00622588,Female,White
14826,0,0.11505462,Female,White
14827,1,0.95821689,Male,White
14828,0,0.00621607,Female,Amer-Indian-Eskimo
14829,0,0.4203014,Female,White
14830,0,0.00970026,Male,Asian-Pac-Islander
14831,1,0.92928085,Male,White
14832,0,0.0323618,Female,White
14833,1,0.99448757,Male,White
14834,0,0.01704126,Female,Black
14835,0,0.00307814,Female,White
14836,1,0.76688341,Male,White
14837,0,0.00421778,Male,Other
14838,0,0.00557392,Female,Black
14839,1,0.27771757,Male,White
14840,0,0.18072905,Male,White
14841,0,0.17669117,Female,White
14842,1,0.94936083,Male,White
14843,0,0.18123539,Male,White
14844,0,0.04673304,Male,White
14845,0,0.03562091,Female,White
14846,0,0.09232651,Male,White
14847,0,0.00176862,Female,White
14848,0,0.0234599,Male,White
14849,0,0.16817528,Male,White
14850,0,0.00262195,Female,White
14851,1,0.61373286,Male,White
14852,0,0.07262638,Male,White
14853,0,0.11631003,Female,Black
14854,0,0.01173807,Female,White
14855,0,0.40317984,Male,White
14856,0,0.603572,Male,White
14857,0,0.6916536,Male,White
14858,0,0.01245021,Male,White
14859,1,0.99437229,Male,White
14860,1,0.55649161,Male,White
14861,0,0.00759327,Male,White
14862,1,0.1523902,Female,White
14863,0,0.00285785,Female,White
14864,0,0.01765977,Female,Amer-Indian-Eskimo
14865,0,0.37747243,Male,White
14866,1,0.09458125,Male,White
14867,0,0.0046147,Male,White
14868,0,0.00942002,Male,White
14869,0,0.00969955,Male,White
14870,1,0.78413414,Male,White
14871,0,0.03627761,Female,White
14872,0,0.03260085,Male,White
14873,0,0.01498308,Male,White
14874,0,0.28956894,Male,White
14875,0,0.25900953,Female,White
14876,0,0.01094209,Female,White
14877,0,0.60170941,Male,White
14878,0,0.04460649,Male,Black
14879,0,0.35305311,Male,White
14880,0,0.06479504,Male,White
14881,0,0.01293941,Male,White
14882,0,0.00845942,Male,Black
14883,0,0.00027104,Female,White
14884,0,0.00094212,Female,White
14885,0,0.38918212,Male,White
14886,0,0.35309124,Male,White
14887,1,0.14348298,Male,White
14888,0,0.37407745,Male,White
14889,0,0.21663004,Male,White
14890,0,0.31488414,Male,White
14891,1,0.80541192,Male,White
14892,1,0.73087156,Male,White
14893,0,0.08720319,Male,Black
14894,0,0.37835965,Male,White
14895,0,0.18222742,Male,Asian-Pac-Islander
14896,0,0.38817034,Male,White
14897,0,0.10068341,Male,White
14898,0,0.15654338,Female,White
14899,0,0.42499646,Male,White
14900,1,0.97543195,Male,White
14901,0,0.14745561,Male,White
14902,0,0.30543004,Male,White
14903,1,0.52437058,Female,White
14904,0,0.12030178,Male,White
14905,0,0.02033666,Female,Black
14906,0,0.16648782,Male,Amer-Indian-Eskimo
14907,0,0.021483,Male,White
14908,1,0.78413414,Male,White
14909,0,0.00081931,Female,White
14910,0,0.10082658,Male,White
14911,0,0.02433492,Female,White
14912,0,0.00081867,Male,White
14913,0,0.22207662,Male,White
14914,0,0.14147273,Male,White
14915,0,0.12792211,Female,White
14916,0,0.00058034,Male,White
14917,0,0.00620067,Female,White
14918,0,0.33687747,Male,White
14919,1,0.20826158,Male,White
14920,0,0.02276849,Female,White
14921,0,0.47588648,Male,White
14922,0,0.20858225,Male,White
14923,0,0.01021996,Female,White
14924,0,0.12424033,Female,Asian-Pac-Islander
14925,0,0.33223768,Male,White
14926,0,0.08585537,Male,White
14927,0,0.05077062,Female,White
14928,0,0.07478356,Male,Black
14929,0,0.07240031,Female,White
14930,0,0.13895371,Male,White
14931,1,0.39962302,Male,White
14932,0,0.00046278,Female,White
14933,0,0.06414488,Female,White
14934,0,0.00027307,Female,White
14935,0,0.007626,Male,White
14936,0,0.25399761,Male,White
14937,0,0.0402701,Male,White
14938,0,0.00649034,Male,White
14939,0,0.13737868,Male,White
14940,0,0.67389795,Male,White
14941,0,0.41669139,Male,White
14942,0,0.00143784,Female,White
14943,0,0.01885843,Female,White
14944,0,0.23615244,Male,White
14945,0,0.37299566,Male,Black
14946,0,0.00595002,Male,White
14947,0,0.21085844,Male,White
14948,0,0.11579135,Male,White
14949,0,0.14896438,Male,White
14950,0,0.30455342,Male,White
14951,1,0.42613342,Male,White
14952,0,0.00368665,Male,White
14953,1,0.35555459,Male,Asian-Pac-Islander
14954,0,0.41728622,Male,White
14955,0,0.02768683,Male,White
14956,0,0.10239385,Female,White
14957,0,0.00203909,Female,Black
14958,1,0.66439307,Male,White
14959,1,0.22897665,Male,White
14960,0,0.03297574,Female,Black
14961,0,0.00521894,Female,White
14962,0,0.05403362,Female,White
14963,0,0.39044379,Male,White
14964,0,0.01133239,Male,White
14965,0,0.06008695,Female,Black
14966,0,0.00455753,Male,White
14967,0,0.01056627,Female,Black
14968,0,0.01689529,Female,White
14969,1,0.99597075,Male,White
14970,1,0.8208489,Male,White
14971,0,0.24716684,Male,White
14972,0,0.0058928,Female,White
14973,1,0.22907503,Male,White
14974,0,0.01270909,Male,White
14975,0,0.00685494,Female,Black
14976,0,0.08252081,Male,White
14977,0,0.16378515,Female,White
14978,1,0.20660998,Male,White
14979,1,0.76925513,Male,White
14980,0,0.22392516,Male,White
14981,1,0.51680519,Female,White
14982,0,0.07950523,Male,White
14983,0,0.09123594,Male,Amer-Indian-Eskimo
14984,0,0.00995594,Female,White
14985,0,0.14527854,Male,White
14986,0,0.02462642,Female,White
14987,0,0.00180928,Female,White
14988,1,0.6717466,Male,White
14989,0,0.31416405,Male,White
14990,0,0.20174681,Male,White
14991,1,0.54499726,Male,White
14992,0,0.32008462,Female,White
14993,0,0.00266566,Female,Asian-Pac-Islander
14994,0,0.00128397,Female,White
14995,0,0.05018299,Female,White
14996,0,0.01814629,Female,White
14997,0,0.01139895,Female,White
14998,0,0.04656936,Female,White
14999,0,0.03185157,Female,White
15000,1,0.89919085,Male,White
15001,1,0.84758926,Female,White
15002,0,0.77175871,Male,White
15003,0,0.00671582,Male,White
15004,0,0.0428747,Male,White
15005,0,0.19737206,Female,White
15006,1,0.86627261,Male,White
15007,0,0.05250596,Male,White
15008,0,0.00162918,Female,White
15009,0,0.22023326,Male,White
15010,1,0.83793904,Male,White
15011,0,0.0020677,Female,White
15012,1,0.17621619,Female,White
15013,1,0.28769075,Male,White
15014,0,0.7256607,Male,White
15015,1,0.17038312,Male,Asian-Pac-Islander
15016,1,0.96972829,Male,White
15017,0,0.20513745,Male,White
15018,0,0.29974229,Male,White
15019,1,0.75657073,Male,White
15020,1,0.30124053,Male,White
15021,0,0.006331,Female,White
15022,1,0.96712907,Male,White
15023,1,0.49553798,Male,White
15024,0,0.0049944,Male,White
15025,1,0.17395893,Female,White
15026,1,0.99963708,Male,White
15027,0,0.00108674,Female,White
15028,0,0.00559913,Female,Black
15029,0,0.01453475,Female,White
15030,0,0.24035349,Male,White
15031,0,0.00230626,Male,White
15032,0,0.32602007,Male,White
15033,1,0.35769294,Male,White
15034,0,0.49793839,Male,White
15035,0,0.09888925,Female,White
15036,0,0.00553232,Male,White
15037,1,0.99336369,Male,White
15038,0,0.22922662,Male,White
15039,0,0.07091307,Male,White
15040,1,0.99747643,Female,White
15041,0,0.23524021,Male,White
15042,1,0.92358005,Male,White
15043,0,0.56425156,Female,White
15044,0,0.143449,Male,White
15045,1,0.8012511,Male,White
15046,0,0.0025932,Male,White
15047,1,0.91878496,Male,White
15048,0,0.03336607,Female,Black
15049,1,0.20096322,Male,White
15050,1,0.17462741,Male,White
15051,0,0.00922591,Female,White
15052,1,0.37903902,Male,White
15053,0,0.01156631,Male,White
15054,0,0.29106649,Female,White
15055,1,0.1607654,Male,White
15056,0,0.13525781,Male,Other
15057,0,0.01743935,Female,White
15058,0,0.01558495,Female,White
15059,0,0.24937414,Male,White
15060,0,0.02128634,Female,White
15061,1,0.17144551,Male,Asian-Pac-Islander
15062,1,0.86250829,Male,White
15063,0,0.00302281,Male,Black
15064,0,0.05023671,Male,White
15065,0,0.08201933,Female,White
15066,0,0.58447666,Male,White
15067,0,0.0627188,Male,White
15068,0,0.05556133,Female,White
15069,0,0.23523456,Male,White
15070,0,0.02563209,Male,White
15071,0,0.46175248,Male,White
15072,0,0.23974732,Male,White
15073,0,0.2959371,Male,White
15074,1,0.51109275,Male,White
15075,0,0.00088423,Female,White
15076,0,0.20549149,Male,White
15077,0,0.27599487,Female,White
15078,0,0.0843481,Female,White
15079,1,0.04045071,Female,Asian-Pac-Islander
15080,1,0.80118759,Female,White
15081,0,0.05037136,Female,Black
15082,0,0.00486037,Male,White
15083,1,0.48434746,Male,White
15084,1,0.99171767,Male,White
15085,0,0.21933091,Male,White
15086,0,0.74054898,Male,White
15087,0,0.28652016,Female,White
15088,0,0.18472443,Male,White
15089,1,0.02969075,Female,White
15090,1,0.65813917,Male,White
15091,0,0.45621155,Male,White
15092,0,0.00150312,Male,White
15093,0,0.00189553,Male,White
15094,0,0.01777763,Male,White
15095,0,0.00515721,Female,White
15096,0,0.00191477,Female,White
15097,1,0.01990416,Female,White
15098,0,0.51173544,Male,White
15099,0,0.61446936,Male,White
15100,1,0.77090611,Male,White
15101,0,0.01255058,Female,White
15102,1,0.85028279,Male,White
15103,0,0.00789002,Male,Other
15104,0,0.37530298,Male,White
15105,0,0.00051105,Female,White
15106,1,0.95163596,Male,White
15107,0,0.00192752,Female,White
15108,0,0.00881879,Female,Black
15109,1,0.45622576,Male,White
15110,1,0.4163906,Male,Black
15111,0,0.00281797,Male,Black
15112,0,0.0050615,Male,White
15113,0,0.215372,Male,White
15114,0,0.00394706,Female,White
15115,0,0.01283983,Male,White
15116,0,0.00704846,Female,Black
15117,0,0.01993228,Female,Black
15118,0,0.21184975,Male,White
15119,0,0.00097372,Female,White
15120,1,0.48646347,Male,White
15121,0,0.85439342,Female,White
15122,1,0.41770546,Male,White
15123,0,0.00458627,Male,Black
15124,1,0.73844634,Male,White
15125,0,0.01137639,Female,White
15126,0,0.18114767,Male,White
15127,1,0.69778082,Male,White
15128,0,0.36982508,Male,White
15129,0,0.00957557,Male,White
15130,0,0.13408938,Male,White
15131,0,0.00228276,Female,White
15132,0,0.00577,Female,White
15133,0,0.01013291,Male,White
15134,0,0.32085709,Male,White
15135,0,0.00614972,Male,White
15136,0,0.79175796,Male,White
15137,0,0.25932503,Female,White
15138,1,0.1603574,Male,White
15139,1,0.2939015,Male,White
15140,0,0.02075712,Female,Black
15141,0,0.34875051,Male,Black
15142,0,0.00309251,Female,White
15143,0,0.67970482,Male,White
15144,0,0.41538491,Male,Black
15145,0,0.09897185,Male,White
15146,1,0.63410604,Male,White
15147,0,0.10500289,Male,White
15148,0,0.01424002,Female,Black
15149,1,0.72870334,Male,White
15150,0,0.14306782,Female,White
15151,0,0.03899346,Female,White
15152,1,0.71695996,Male,White
15153,0,0.01000939,Male,White
15154,0,0.02149184,Male,Black
15155,1,0.70574084,Male,White
15156,0,0.17277611,Female,Black
15157,0,0.10266482,Female,White
15158,0,0.82437999,Male,White
15159,0,0.0248473,Female,White
15160,0,0.03309724,Female,White
15161,0,0.73361069,Male,White
15162,0,0.00902652,Female,White
15163,1,0.8158862,Male,White
15164,0,0.05904924,Male,Other
15165,0,0.19583168,Male,White
15166,1,0.2164321,Male,White
15167,0,0.027797,Male,White
15168,0,0.00668425,Female,White
15169,0,0.00158347,Female,Black
15170,0,0.01788864,Male,White
15171,0,0.00698964,Male,White
15172,0,0.06803856,Male,White
15173,0,0.32033031,Male,White
15174,0,0.81306249,Male,White
15175,0,0.00195016,Female,Black
15176,0,0.00342624,Male,White
15177,1,0.70319116,Male,White
15178,0,0.11299095,Male,White
15179,1,1.0,Male,White
15180,0,0.19569468,Male,White
15181,0,0.00937768,Male,Black
15182,0,0.00645474,Female,White
15183,0,0.09497598,Male,White
15184,0,0.02547861,Female,Black
15185,1,0.99645478,Male,White
15186,0,0.67443233,Male,White
15187,0,0.55975938,Male,White
15188,0,0.15258862,Female,Amer-Indian-Eskimo
15189,0,0.00739693,Female,White
15190,0,0.00804235,Female,White
15191,1,0.7784429,Male,White
15192,1,0.27045111,Male,White
15193,0,0.00906392,Male,Black
15194,0,0.00344147,Female,Black
15195,0,0.0155333,Male,White
15196,0,0.02476587,Female,Black
15197,0,0.00820815,Female,White
15198,0,0.04981492,Male,White
15199,0,0.10827073,Male,White
15200,0,0.62508265,Male,Black
15201,0,0.0016699,Male,Black
15202,0,0.03686356,Male,White
15203,1,0.08977708,Male,White
15204,0,0.00205976,Female,White
15205,0,0.03487026,Female,White
15206,0,0.00300947,Female,White
15207,1,0.72733274,Male,White
15208,0,0.00384869,Female,Black
15209,0,0.70862988,Male,Asian-Pac-Islander
15210,0,0.58804984,Male,White
15211,0,0.38241465,Male,White
15212,0,0.21284534,Male,White
15213,1,0.45663644,Male,White
15214,1,0.59682506,Male,White
15215,0,0.07877341,Male,White
15216,0,0.22559269,Male,White
15217,0,0.00230394,Female,White
15218,0,0.34721483,Male,White
15219,0,0.05090894,Male,Black
15220,1,0.79341983,Male,White
15221,0,0.00731066,Male,White
15222,0,0.03576762,Male,White
15223,0,0.15313584,Male,White
15224,0,0.00020412,Female,White
15225,0,0.52835172,Male,White
15226,0,0.62805543,Male,White
15227,0,0.05558976,Male,White
15228,1,0.80906995,Male,White
15229,0,0.37288104,Male,White
15230,0,0.25075509,Male,White
15231,0,0.00992879,Female,White
15232,0,0.04397466,Male,Black
15233,0,0.02779407,Female,White
15234,1,0.80764915,Male,White
15235,0,0.01101007,Female,White
15236,0,0.00068017,Female,White
15237,0,0.76764012,Male,White
15238,0,0.22647409,Male,White
15239,1,0.89632704,Female,Asian-Pac-Islander
15240,0,0.03291249,Female,White
15241,0,0.27521761,Male,White
15242,0,0.05896333,Male,White
15243,0,0.02342905,Female,White
15244,0,0.06827579,Male,White
15245,0,0.00380758,Female,White
15246,0,0.42454878,Male,White
15247,0,0.37850509,Male,White
15248,0,0.00212381,Male,Black
15249,0,0.0022291,Male,Black
15250,0,0.0515084,Female,White
15251,0,0.59417008,Male,White
15252,0,0.04846586,Female,White
15253,0,0.00551472,Male,White
15254,0,0.233406,Male,White
15255,0,0.03673118,Male,White
15256,0,0.54510973,Male,White
15257,0,0.00759418,Female,White
15258,0,0.01743664,Male,White
15259,0,0.00082976,Female,Black
15260,0,0.00417515,Male,White
15261,0,0.00393229,Female,White
15262,0,0.39739104,Male,White
15263,0,0.28324299,Male,Asian-Pac-Islander
15264,0,0.78121266,Male,White
15265,1,0.2996604,Male,White
15266,0,0.0020054,Female,White
15267,0,0.0513671,Female,White
15268,1,0.62019983,Male,White
15269,1,0.16126022,Female,Asian-Pac-Islander
15270,0,0.03262069,Male,White
15271,0,0.04077068,Female,White
15272,0,0.06717278,Female,White
15273,0,0.102481,Male,White
15274,0,0.05061482,Female,White
15275,0,0.06681834,Female,White
15276,0,0.00379532,Male,White
15277,0,0.03514848,Male,White
15278,0,0.01245842,Female,Black
15279,1,0.41503561,Male,Black
15280,0,0.05020381,Male,White
15281,0,0.00524769,Female,White
15282,0,0.00724276,Male,White
15283,0,0.34481645,Male,White
15284,1,0.33313406,Male,White
15285,0,0.05471359,Male,White
15286,0,0.01201824,Male,White
15287,0,0.23843246,Male,White
15288,0,0.00100438,Female,White
15289,0,0.42737992,Male,White
15290,0,0.37035918,Male,White
15291,0,0.14046314,Female,Black
15292,1,0.65532859,Male,Asian-Pac-Islander
15293,0,0.04648589,Male,White
15294,0,0.00528008,Female,White
15295,0,0.25721985,Male,Asian-Pac-Islander
15296,0,0.27659385,Male,White
15297,0,0.03436063,Male,White
15298,1,0.74837122,Male,White
15299,1,0.65356739,Male,White
15300,0,0.00973892,Female,White
15301,0,0.03348546,Male,White
15302,0,0.0058921,Female,Black
15303,1,0.54110945,Male,White
15304,0,0.02852825,Male,White
15305,0,0.02232579,Female,White
15306,0,0.33873911,Male,White
15307,0,0.01528278,Male,White
15308,1,0.81073318,Male,White
15309,1,0.2964297,Male,White
15310,0,0.08131285,Female,White
15311,1,0.99397272,Female,White
15312,0,0.25740948,Male,White
15313,0,0.47233787,Male,White
15314,0,0.0117983,Female,Black
15315,1,0.53973207,Female,White
15316,0,0.00197169,Female,Black
15317,0,0.01000939,Male,White
15318,0,0.00044091,Female,White
15319,0,0.00086003,Female,White
15320,0,0.14817872,Male,White
15321,1,0.64687717,Male,White
15322,0,0.05762052,Male,White
15323,0,0.00995814,Male,White
15324,0,0.00869782,Female,White
15325,0,0.00233273,Male,White
15326,1,0.48814909,Male,Black
15327,0,0.59200339,Male,White
15328,1,0.22550784,Male,Asian-Pac-Islander
15329,0,0.0046998,Female,White
15330,0,0.00839455,Male,White
15331,0,0.02300969,Male,White
15332,0,0.31769931,Male,White
15333,1,0.25683131,Male,White
15334,0,0.00088382,Female,White
15335,0,0.17870937,Male,White
15336,0,0.03831641,Male,White
15337,0,0.00996742,Male,White
15338,0,0.33199606,Male,Asian-Pac-Islander
15339,0,0.26744143,Female,White
15340,1,0.64877023,Male,White
15341,0,0.43778723,Male,White
15342,0,0.34414703,Male,White
15343,0,0.00953974,Female,Black
15344,0,0.56462276,Male,White
15345,0,0.23867513,Male,Black
15346,0,0.00167907,Female,White
15347,0,0.55657051,Male,White
15348,0,0.14013439,Male,White
15349,0,0.78411607,Male,White
15350,0,0.02739447,Female,Asian-Pac-Islander
15351,1,0.23615244,Male,White
15352,0,0.00096728,Female,White
15353,0,0.0034122,Male,White
15354,0,0.16910311,Female,White
15355,0,0.64429652,Male,White
15356,0,0.02562589,Male,White
15357,0,0.01475123,Male,Black
15358,0,0.06426916,Male,White
15359,0,0.0056793,Male,Asian-Pac-Islander
15360,0,0.02756101,Female,White
15361,0,0.01017538,Female,White
15362,0,0.2384871,Male,White
15363,1,0.77912395,Male,White
15364,0,0.00118553,Male,White
15365,0,0.01734604,Male,White
15366,1,0.88479877,Male,Amer-Indian-Eskimo
15367,0,0.39690105,Male,White
15368,1,0.25075509,Male,White
15369,0,0.15264599,Male,White
15370,0,0.0191922,Female,White
15371,1,0.46429279,Female,White
15372,0,0.21874113,Male,White
15373,1,0.33803629,Male,White
15374,0,0.03004099,Female,Black
15375,0,0.02604106,Female,White
15376,0,0.00254242,Male,White
15377,0,0.0070015,Female,White
15378,0,0.33424797,Female,White
15379,1,0.11002095,Male,White
15380,1,0.86262812,Male,White
15381,0,0.45682986,Male,White
15382,0,0.6203129,Male,White
15383,0,0.13514674,Male,White
15384,0,0.04849692,Female,White
15385,1,0.82907939,Male,Other
15386,0,0.04245508,Male,White
15387,0,0.40440651,Male,White
15388,0,0.15190174,Male,Asian-Pac-Islander
15389,0,0.44400678,Male,White
15390,0,0.14949447,Male,White
15391,0,0.10165243,Male,White
15392,1,0.72424907,Male,White
15393,0,0.68290644,Male,White
15394,0,0.22922662,Male,White
15395,1,0.32413693,Male,Black
15396,0,0.04714771,Female,White
15397,0,0.03740935,Male,Black
15398,0,0.31488414,Male,White
15399,1,0.73014444,Male,White
15400,0,0.05126692,Male,Black
15401,0,0.06967853,Male,White
15402,0,0.00456721,Female,Black
15403,1,0.44795596,Male,White
15404,0,0.02509399,Male,White
15405,0,0.11769729,Male,White
15406,0,0.37023646,Male,Asian-Pac-Islander
15407,0,0.00733783,Female,White
15408,0,0.00549151,Female,White
15409,0,0.09932878,Male,White
15410,0,0.6453759,Female,White
15411,1,0.44355013,Male,White
15412,0,0.02281786,Male,Black
15413,1,0.31917672,Male,White
15414,0,0.00113872,Female,White
15415,0,0.01907745,Male,White
15416,0,0.3223861,Male,White
15417,0,0.07055461,Female,White
15418,1,0.99306338,Male,White
15419,0,0.06920075,Female,Black
15420,0,0.07643244,Female,White
15421,0,0.28124957,Male,Black
15422,0,0.00161457,Female,Asian-Pac-Islander
15423,0,0.01212297,Male,White
15424,1,0.82555675,Male,White
15425,0,0.18797624,Male,White
15426,0,0.0116126,Male,White
15427,1,0.74505077,Male,White
15428,0,0.00517861,Female,White
15429,0,0.11607434,Male,White
15430,0,0.0145617,Male,White
15431,0,0.11442291,Male,White
15432,0,0.00182326,Male,Black
15433,0,0.16125499,Male,White
15434,0,0.00490414,Female,Black
15435,0,0.00555969,Female,White
15436,0,0.11042324,Male,White
15437,1,0.50063617,Male,White
15438,0,0.08404178,Male,White
15439,0,0.22214804,Male,White
15440,1,0.655375,Male,White
15441,0,0.00754556,Female,Black
15442,0,0.75339914,Male,White
15443,0,0.38427861,Male,White
15444,0,0.00161331,Male,White
15445,0,0.41791422,Male,White
15446,0,0.04536046,Female,White
15447,0,0.06972937,Female,Black
15448,0,0.0343118,Female,White
15449,1,0.85584639,Male,White
15450,1,0.99828682,Male,White
15451,0,0.12280406,Male,White
15452,0,0.07281529,Female,White
15453,0,0.14241003,Male,White
15454,1,0.82337497,Female,White
15455,1,0.98210455,Male,White
15456,1,0.31693897,Male,White
15457,0,0.0005838,Female,White
15458,1,0.71717995,Male,White
15459,0,0.00562452,Male,White
15460,1,0.94079362,Male,White
15461,0,0.00804576,Male,White
15462,0,0.04682563,Male,Black
15463,0,0.00161999,Male,White
15464,0,0.20889797,Female,White
15465,1,0.59283466,Male,White
15466,0,0.09935695,Female,White
15467,0,0.21551706,Male,White
15468,0,0.0086625,Female,Black
15469,0,0.03241332,Female,White
15470,0,0.01082935,Male,White
15471,0,0.00289721,Female,White
15472,0,0.39483955,Male,White
15473,0,0.00986174,Female,White
15474,0,0.03339797,Female,White
15475,0,0.02531963,Female,White
15476,0,0.7114275,Male,White
15477,1,0.96580343,Male,White
15478,0,0.01615143,Male,White
15479,0,0.00372307,Female,White
15480,0,0.02001347,Female,White
15481,0,0.3311802,Male,White
15482,0,0.38787641,Male,White
15483,1,0.7764952,Female,White
15484,0,0.00068626,Female,White
15485,0,0.01648617,Female,Black
15486,0,0.00395145,Female,White
15487,0,0.00267735,Female,White
15488,0,0.01056114,Female,White
15489,0,0.26772198,Male,White
15490,0,0.36830886,Male,White
15491,0,0.07422918,Male,Black
15492,0,0.29477195,Male,White
15493,1,0.57989592,Male,White
15494,0,0.13792761,Male,White
15495,0,0.00120577,Female,White
15496,1,0.69662072,Male,White
15497,0,0.05860486,Female,White
15498,0,0.0057799,Female,White
15499,0,0.02223533,Female,White
15500,1,0.85074221,Male,White
15501,0,0.02023683,Male,White
15502,0,0.00893861,Male,White
15503,0,0.0020035,Female,White
15504,1,0.99976125,Male,White
15505,0,0.14226422,Male,White
15506,0,0.33773626,Male,White
15507,0,0.00301917,Female,White
15508,0,0.12481136,Male,White
15509,0,0.00479906,Female,Black
15510,0,0.13278971,Male,Black
15511,0,0.62885035,Male,White
15512,1,0.04125647,Female,White
15513,0,0.13690521,Male,White
15514,0,0.01556236,Male,White
15515,0,0.16049886,Male,White
15516,0,0.0976066,Female,White
15517,0,0.40698913,Male,White
15518,0,0.29741815,Male,White
15519,0,0.00376885,Male,White
15520,0,0.00620699,Male,White
15521,0,0.00069589,Female,White
15522,0,0.31246232,Male,White
15523,1,0.75681091,Male,White
15524,0,0.03614751,Male,White
15525,1,0.58891781,Male,White
15526,0,0.04332038,Male,White
15527,0,0.02423917,Female,White
15528,1,0.48452114,Male,White
15529,1,0.91365234,Male,White
15530,0,0.00233674,Male,White
15531,0,0.0258528,Female,White
15532,0,0.01318061,Male,Black
15533,0,0.73247807,Male,Asian-Pac-Islander
15534,0,0.30117012,Male,White
15535,0,0.04174678,Male,White
15536,0,0.47912556,Male,White
15537,0,0.00824072,Female,White
15538,0,0.00066395,Female,Amer-Indian-Eskimo
15539,0,0.12115734,Male,Black
15540,1,0.59971068,Female,White
15541,0,0.00118089,Male,White
15542,1,0.58989954,Male,White
15543,0,0.00674561,Female,White
15544,0,0.1147322,Female,Asian-Pac-Islander
15545,0,0.1960262,Male,Black
15546,0,0.0228655,Male,Black
15547,0,0.68350675,Male,White
15548,0,0.00066197,Female,Black
15549,0,0.1991974,Female,Asian-Pac-Islander
15550,0,0.01084212,Female,White
15551,0,0.00093204,Male,White
15552,0,0.10696863,Male,Other
15553,1,0.25972639,Male,White
15554,0,0.00746733,Male,White
15555,0,0.16576825,Male,White
15556,0,0.37188641,Male,White
15557,0,0.01069182,Female,Black
15558,0,0.08905922,Male,Black
15559,1,0.59748906,Male,White
15560,1,0.43181553,Male,White
15561,1,0.72184385,Female,White
15562,1,0.74820195,Female,White
15563,0,0.00884201,Female,White
15564,0,0.02146274,Female,White
15565,0,0.2103972,Male,White
15566,0,0.00073854,Female,White
15567,0,0.55406314,Female,Other
15568,0,0.03241486,Male,White
15569,0,0.07732081,Male,White
15570,1,0.84255968,Male,White
15571,0,0.00353576,Female,White
15572,0,0.29678937,Male,White
15573,0,0.10842698,Male,White
15574,0,0.00053058,Female,Black
15575,0,0.00165805,Female,White
15576,0,0.00131623,Female,Black
15577,0,0.00496861,Female,White
15578,0,0.18790392,Male,White
15579,0,0.00241554,Female,Black
15580,1,0.50132836,Male,White
15581,0,0.52186545,Male,White
15582,0,0.21767117,Male,White
15583,0,0.49764587,Male,White
15584,0,0.00036595,Female,White
15585,1,0.53977684,Male,White
15586,1,0.87548607,Male,White
15587,0,0.00393145,Female,Black
15588,1,0.6678835,Male,White
15589,1,0.41878437,Male,White
15590,0,0.00661049,Female,White
15591,1,0.30796751,Female,White
15592,0,0.01450965,Male,Amer-Indian-Eskimo
15593,0,0.0011251,Female,Other
15594,0,0.01022859,Female,White
15595,1,0.45881913,Male,White
15596,1,0.69190878,Female,White
15597,0,0.02377219,Female,White
15598,0,0.58140438,Male,White
15599,0,0.13024449,Male,White
15600,0,0.00107674,Female,White
15601,0,0.02570628,Female,White
15602,1,0.69564339,Male,White
15603,1,0.39954508,Male,White
15604,0,0.00328805,Male,White
15605,0,0.0035579,Female,Black
15606,0,0.01872728,Female,Black
15607,1,0.7456476,Male,Asian-Pac-Islander
15608,0,0.07947794,Female,White
15609,0,0.06007259,Male,White
15610,0,0.00976544,Male,White
15611,1,0.984689,Male,White
15612,1,0.45490391,Male,White
15613,0,0.7155138,Male,White
15614,0,0.00279228,Male,White
15615,0,0.00682454,Male,White
15616,0,0.01789958,Male,White
15617,0,0.03119779,Female,White
15618,0,0.32350019,Male,White
15619,0,0.31144059,Female,White
15620,0,0.01046116,Female,White
15621,0,0.01677042,Male,White
15622,0,0.00229075,Female,White
15623,1,0.4835767,Male,White
15624,0,0.01484894,Male,White
15625,0,0.00642891,Female,Other
15626,0,0.32350019,Male,White
15627,0,0.10097604,Male,White
15628,0,0.00189702,Male,White
15629,0,0.03901534,Male,Black
15630,1,0.33525358,Male,White
15631,0,0.1145444,Male,White
15632,0,0.12215856,Male,Black
15633,0,0.00441634,Male,Black
15634,1,0.82465268,Male,White
15635,0,0.00250836,Female,Black
15636,0,0.01815458,Male,White
15637,0,0.09275912,Male,Black
15638,0,0.28989873,Male,White
15639,0,0.00185524,Female,White
15640,0,0.03099741,Male,White
15641,0,0.41299264,Female,White
15642,0,0.15006202,Male,White
15643,0,0.05375189,Female,White
15644,0,0.10115396,Female,White
15645,0,0.03245293,Male,White
15646,1,0.73703065,Female,Asian-Pac-Islander
15647,0,0.01957407,Male,White
15648,0,0.57606946,Male,White
15649,1,0.66383212,Male,White
15650,0,0.27000364,Male,White
15651,0,0.16882818,Male,White
15652,1,0.85071102,Male,White
15653,0,0.00757545,Female,Amer-Indian-Eskimo
15654,0,0.00977697,Male,Black
15655,0,0.00123513,Female,White
15656,0,0.00046435,Female,White
15657,0,0.27814551,Female,White
15658,0,0.06520596,Female,White
15659,0,0.07648388,Male,White
15660,1,0.51237307,Male,White
15661,0,0.04392948,Female,White
15662,0,0.6702086,Male,White
15663,0,0.10797957,Male,White
15664,0,0.00589214,Male,White
15665,0,0.01640591,Male,White
15666,0,0.24466952,Male,White
15667,0,0.03530696,Male,White
15668,0,0.0270028,Female,Other
15669,0,0.04172211,Male,Black
15670,0,0.00212071,Female,Black
15671,0,0.00299993,Male,Black
15672,0,0.00931216,Female,White
15673,0,0.00367976,Male,White
15674,0,0.01503666,Male,White
15675,1,0.66902394,Male,Black
15676,0,0.31760829,Female,White
15677,0,0.07037288,Female,White
15678,0,0.00865329,Female,White
15679,0,0.01511354,Male,White
15680,0,0.00132836,Female,White
15681,0,0.16033738,Male,White
15682,1,0.99722284,Female,White
15683,0,0.01172586,Female,White
15684,0,0.00204037,Female,White
15685,0,0.06454527,Female,White
15686,0,0.09227329,Female,White
15687,0,0.00711564,Male,White
15688,1,0.43677439,Male,White
15689,0,0.0112595,Male,White
15690,1,0.99745196,Female,White
15691,1,0.774579,Male,White
15692,0,0.06008051,Male,Black
15693,1,0.64955548,Male,White
15694,0,0.0214873,Female,Black
15695,0,0.68122032,Male,White
15696,0,0.02472137,Female,White
15697,0,0.25103546,Male,White
15698,0,0.00258777,Male,White
15699,0,0.00479306,Male,White
15700,0,0.01061626,Male,White
15701,1,0.65325127,Female,White
15702,0,0.19909347,Male,White
15703,1,0.56636601,Male,White
15704,0,0.08951051,Female,White
15705,0,0.06795821,Female,Black
15706,1,0.75576415,Male,White
15707,0,0.01655816,Female,White
15708,1,0.0861986,Male,White
15709,1,0.59694403,Male,White
15710,1,0.26983452,Male,White
15711,0,0.00199923,Male,White
15712,0,0.00103449,Female,White
15713,0,0.00284777,Male,White
15714,0,0.47552574,Male,White
15715,0,0.04799712,Female,White
15716,0,0.01169499,Female,White
15717,0,0.08777725,Male,White
15718,0,0.00856344,Female,White
15719,0,0.02822091,Male,White
15720,1,0.79252885,Male,White
15721,0,0.01424661,Male,White
15722,0,0.0845747,Male,White
15723,0,0.06208943,Male,Black
15724,0,0.01723965,Male,White
15725,0,0.04423255,Male,White
15726,1,0.99562991,Male,White
15727,0,0.0162707,Male,White
15728,0,0.00711831,Female,Black
15729,0,0.60819893,Male,White
15730,1,0.34441629,Male,White
15731,0,0.36194999,Male,White
15732,0,0.00425361,Male,White
15733,1,0.20105045,Male,White
15734,0,0.05941256,Male,White
15735,0,0.0337584,Male,White
15736,0,0.46440536,Male,White
15737,1,0.67525389,Male,White
15738,0,0.18258644,Female,White
15739,0,0.03058151,Female,White
15740,0,0.06431978,Male,White
15741,1,0.10342516,Male,White
15742,1,0.56183836,Male,White
15743,1,0.59809449,Male,White
15744,0,0.00302336,Female,White
15745,0,0.00260945,Male,White
15746,0,0.00357885,Female,White
15747,0,0.00855392,Male,White
15748,0,0.005713,Female,White
15749,0,0.50837995,Female,White
15750,1,0.97037255,Male,White
15751,0,0.00370589,Female,Black
15752,0,0.05578598,Male,Black
15753,0,0.04292572,Female,White
15754,0,0.1806352,Male,White
15755,0,0.05843143,Male,Black
15756,0,0.15394348,Female,White
15757,0,0.25465755,Male,White
15758,1,0.15137185,Male,White
15759,0,0.44025324,Male,White
15760,0,0.00752192,Female,Amer-Indian-Eskimo
15761,0,0.1875523,Male,White
15762,0,0.00360584,Female,White
15763,0,0.0327776,Female,White
15764,0,0.71166498,Male,White
15765,0,0.10294062,Male,Black
15766,0,0.00136671,Male,White
15767,0,0.3582864,Male,White
15768,0,0.14338955,Male,White
15769,0,0.00568922,Male,White
15770,0,0.44724262,Male,White
15771,1,0.84901175,Male,White
15772,1,0.58059178,Male,White
15773,0,0.01972514,Female,White
15774,0,0.00886375,Male,White
15775,0,0.31355799,Male,White
15776,1,0.32782533,Male,White
15777,0,0.37611027,Male,Black
15778,0,0.17975438,Male,White
15779,0,0.01484822,Female,White
15780,0,0.40372884,Male,White
15781,0,0.00726877,Male,White
15782,0,0.01906075,Female,White
15783,0,0.00344373,Female,White
15784,0,0.3554827,Male,White
15785,1,0.14535634,Male,White
15786,1,0.93315821,Male,White
15787,0,0.00179291,Male,White
15788,0,0.06823959,Male,White
15789,0,0.0096193,Male,White
15790,1,0.36773984,Female,White
15791,0,0.03067236,Male,White
15792,1,0.75457096,Male,White
15793,1,0.57877523,Female,White
15794,0,0.00081876,Male,White
15795,0,0.25496698,Male,Black
15796,1,0.60722661,Male,White
15797,0,0.04773485,Male,White
15798,0,0.57061858,Male,White
15799,0,0.02147204,Male,White
15800,0,0.17712378,Female,White
15801,0,0.00152902,Female,White
15802,0,0.07278061,Male,Black
15803,1,0.24245382,Male,Black
15804,0,0.08932245,Female,White
15805,0,0.00185326,Female,White
15806,0,0.01094209,Female,White
15807,1,0.78676491,Male,White
15808,0,0.77935241,Male,Asian-Pac-Islander
15809,1,0.76702694,Male,White
15810,0,0.38033091,Male,White
15811,0,0.03839529,Female,White
15812,0,0.00319883,Female,White
15813,0,0.00178324,Female,White
15814,0,0.58035805,Male,White
15815,0,0.07260002,Female,White
15816,1,0.61611236,Female,White
15817,0,0.00425191,Female,White
15818,0,0.03327524,Female,White
15819,1,0.08842021,Male,White
15820,0,0.04975203,Female,White
15821,0,0.00350884,Female,White
15822,0,0.03428095,Female,Black
15823,0,0.00196425,Female,White
15824,0,0.0016259,Female,White
15825,1,0.76075632,Male,White
15826,1,0.98838004,Male,White
15827,0,0.06042068,Male,White
15828,0,0.14313781,Male,White
15829,0,0.00143895,Female,White
15830,0,0.03916593,Male,Black
15831,0,0.00491665,Male,White
15832,0,0.00743185,Female,White
15833,0,0.09175507,Male,White
15834,1,0.98112919,Female,White
15835,1,0.71420428,Male,White
15836,0,0.01387194,Female,White
15837,1,0.33389848,Female,White
15838,0,0.13903176,Male,White
15839,0,0.00437374,Female,Black
15840,0,0.11962341,Male,White
15841,1,0.94652801,Male,White
15842,1,0.29708391,Male,White
15843,0,0.04851374,Female,Black
15844,1,0.0483911,Female,White
15845,0,0.06346499,Male,Other
15846,0,0.00975826,Male,White
15847,0,0.00228704,Male,White
15848,1,0.79166507,Male,White
15849,0,0.00012274,Female,Black
15850,0,0.27099031,Male,White
15851,0,0.01004345,Male,Black
15852,0,0.00432802,Female,White
15853,0,0.22118559,Male,Black
15854,0,0.03389452,Female,White
15855,1,0.2321902,Male,White
15856,1,0.28671967,Male,White
15857,0,0.02458223,Female,Black
15858,0,0.01417395,Female,White
15859,0,0.03366092,Female,White
15860,0,0.05379272,Male,White
15861,0,0.02488508,Female,White
15862,0,0.01160531,Female,Black
15863,0,0.00202134,Female,White
15864,0,0.00069738,Female,White
15865,0,0.00523822,Female,White
15866,0,0.02258968,Female,White
15867,0,0.01617716,Female,Asian-Pac-Islander
15868,1,0.69752189,Male,Asian-Pac-Islander
15869,0,0.01280955,Female,White
15870,0,0.00937217,Female,White
15871,0,0.20637853,Female,White
15872,0,0.66066735,Male,White
15873,0,0.02403008,Female,White
15874,1,0.17376292,Male,White
15875,1,0.9778046,Male,White
15876,0,0.0009482,Female,White
15877,0,0.00016663,Female,White
15878,0,0.04472476,Male,White
15879,0,0.05804775,Male,Black
15880,0,0.00135254,Male,White
15881,0,0.00371247,Male,White
15882,0,0.01032783,Female,White
15883,0,0.56624914,Male,White
15884,0,0.00981483,Male,White
15885,0,0.16681831,Male,White
15886,0,0.21813578,Male,White
15887,0,0.14073827,Male,White
15888,0,0.2114464,Male,White
15889,0,0.00068499,Male,White
15890,0,0.15589216,Male,White
15891,0,0.01183961,Female,White
15892,1,0.7307155,Male,White
15893,0,0.01978471,Female,White
15894,0,0.02719222,Male,White
15895,0,0.10285325,Female,White
15896,0,0.05216595,Male,White
15897,0,0.60163556,Male,White
15898,0,0.00330691,Female,White
15899,0,0.00168831,Male,White
15900,1,0.28851699,Male,White
15901,1,0.28021581,Male,White
15902,0,0.08812301,Female,White
15903,0,0.08113492,Male,White
15904,0,0.00681867,Male,Black
15905,0,0.00136671,Male,White
15906,0,0.44205256,Male,White
15907,0,0.33084986,Male,White
15908,0,0.00356907,Female,White
15909,0,0.01695371,Male,White
15910,0,0.67857333,Male,White
15911,0,0.42849575,Male,White
15912,0,0.01257379,Female,White
15913,1,0.30515805,Male,White
15914,0,0.00580926,Male,White
15915,0,0.14716728,Male,White
15916,1,0.19796588,Male,White
15917,0,0.00074421,Female,White
15918,1,0.99665258,Male,White
15919,0,0.23681455,Male,White
15920,0,0.48424556,Male,White
15921,0,0.01892684,Male,White
15922,0,0.01398985,Male,White
15923,0,0.00417515,Male,White
15924,0,0.11626997,Male,White
15925,0,0.00197755,Male,White
15926,0,0.02430779,Female,White
15927,1,0.63089549,Male,White
15928,0,0.00580419,Male,White
15929,1,0.68230339,Male,White
15930,0,0.04839984,Male,White
15931,0,0.18367586,Female,Black
15932,0,0.6255493,Male,White
15933,0,0.00267431,Female,White
15934,0,0.0009465,Female,Asian-Pac-Islander
15935,0,0.02327812,Female,White
15936,0,0.01248754,Male,White
15937,0,0.02101623,Female,White
15938,1,0.32066078,Male,Black
15939,0,0.00842052,Female,White
15940,1,0.18465001,Female,White
15941,0,0.00323266,Female,White
15942,0,0.00252028,Female,White
15943,1,0.98869643,Male,White
15944,0,0.04442606,Male,White
15945,0,0.00779265,Female,White
15946,0,0.07066545,Female,White
15947,0,0.09857577,Male,White
15948,0,0.02496881,Female,White
15949,1,0.26594631,Male,White
15950,0,0.63491982,Male,White
15951,0,0.01553994,Female,White
15952,1,0.39764257,Male,White
15953,0,0.00642593,Female,Black
15954,0,0.17935704,Male,White
15955,0,0.01580657,Female,Black
15956,1,0.68129296,Male,White
15957,1,0.77744114,Male,White
15958,0,0.06152248,Male,White
15959,0,0.00330781,Female,Black
15960,0,0.00713138,Female,Black
15961,0,0.00107084,Male,White
15962,0,0.0008935,Female,White
15963,0,0.0087237,Male,White
15964,0,0.04966042,Male,White
15965,1,0.39491429,Male,Black
15966,0,0.01138371,Female,White
15967,0,0.00487001,Male,White
15968,0,0.01234374,Male,White
15969,0,0.12477794,Male,White
15970,0,0.34336072,Female,White
15971,1,0.51459785,Male,White
15972,0,0.22848479,Male,Other
15973,0,0.03305579,Male,Black
15974,1,0.26110978,Male,White
15975,0,0.00365657,Male,White
15976,0,0.07797302,Female,White
15977,0,0.02640004,Female,White
15978,0,0.15157595,Male,White
15979,0,0.13052326,Male,Black
15980,1,0.34924319,Male,White
15981,0,0.25476953,Male,White
15982,0,0.07196788,Male,White
15983,0,0.08601257,Male,White
15984,0,0.00207278,Male,White
15985,0,0.05255446,Female,White
15986,0,0.44074721,Male,Asian-Pac-Islander
15987,1,0.15075635,Male,White
15988,0,0.00475482,Female,Amer-Indian-Eskimo
15989,0,0.00442245,Female,White
15990,1,0.59790463,Male,White
15991,0,0.04328887,Male,White
15992,0,0.02428358,Female,White
15993,0,0.01799028,Female,White
15994,0,0.00101296,Female,White
15995,0,0.02625901,Female,White
15996,0,0.13922957,Male,White
15997,1,0.7046205,Male,White
15998,0,0.52114196,Male,White
15999,0,0.09402306,Male,Black
16000,1,0.77720393,Male,White
16001,1,0.63618008,Male,White
16002,0,0.00299733,Female,Asian-Pac-Islander
16003,0,0.00126077,Male,Other
16004,0,0.00314791,Male,White
16005,0,0.03105341,Female,White
16006,0,0.00936584,Female,White
16007,0,0.00837031,Female,White
16008,0,0.01983356,Male,White
16009,1,0.42584812,Male,White
16010,1,0.96675454,Male,White
16011,0,0.01748473,Male,White
16012,0,0.00491988,Female,Amer-Indian-Eskimo
16013,0,0.10948586,Male,White
16014,0,0.23199934,Male,White
16015,0,0.03618777,Male,White
16016,0,0.11193676,Female,White
16017,0,0.2126812,Male,White
16018,0,0.05431693,Male,White
16019,0,0.00193515,Female,White
16020,0,0.00397976,Male,White
16021,0,0.05865648,Female,White
16022,1,1.0,Male,White
16023,0,0.0081874,Female,White
16024,0,0.54774708,Male,White
16025,0,0.00039354,Female,White
16026,0,0.01425922,Female,Black
16027,0,0.01033402,Male,White
16028,0,0.04752089,Male,White
16029,1,0.98691151,Male,White
16030,0,0.21000121,Male,White
16031,1,0.99999998,Male,White
16032,0,0.00296229,Female,White
16033,1,0.50400993,Male,White
16034,0,0.0737058,Male,White
16035,0,0.03136818,Male,White
16036,0,0.00465469,Male,White
16037,0,0.38773731,Male,White
16038,1,1.0,Male,White
16039,0,0.005689,Female,White
16040,0,0.0038228,Male,White
16041,1,0.69144719,Male,White
16042,0,0.28808178,Male,Black
16043,0,0.00087561,Male,White
16044,0,0.03479528,Male,Black
16045,0,0.44566516,Male,Amer-Indian-Eskimo
16046,0,0.00880607,Female,Black
16047,0,0.01909688,Female,White
16048,0,0.03020744,Female,White
16049,0,0.09249392,Female,White
16050,0,0.03864859,Male,Asian-Pac-Islander
16051,0,0.35260035,Male,White
16052,0,0.04207987,Female,White
16053,1,0.76081016,Male,White
16054,0,0.00474532,Female,White
16055,0,0.00838873,Female,White
16056,1,0.59803464,Male,White
16057,0,0.0504174,Male,White
16058,0,0.01622679,Female,White
16059,0,0.27000364,Male,White
16060,0,0.00077113,Female,White
16061,1,0.82374582,Male,White
16062,1,0.46247882,Male,White
16063,0,0.27723072,Male,White
16064,0,0.0158008,Male,White
16065,0,0.1580642,Male,Asian-Pac-Islander
16066,1,0.30903946,Male,White
16067,1,0.98254777,Male,White
16068,0,0.05138958,Female,White
16069,1,1.0,Male,White
16070,1,0.56561228,Male,White
16071,0,0.00833641,Male,Black
16072,0,0.05733332,Male,White
16073,1,0.16386591,Male,White
16074,1,0.79767421,Male,White
16075,0,0.12732213,Male,White
16076,0,0.2256808,Female,White
16077,1,0.79952558,Male,White
16078,0,0.00131167,Female,White
16079,0,0.41048904,Male,White
16080,1,0.18091772,Male,White
16081,0,0.03855408,Male,Amer-Indian-Eskimo
16082,0,0.10966984,Female,White
16083,1,0.83737058,Male,White
16084,1,0.81347354,Male,White
16085,0,0.04274034,Male,White
16086,0,0.25862652,Male,White
16087,0,0.0107067,Female,Black
16088,1,0.48910297,Male,White
16089,1,0.65711813,Male,White
16090,0,0.02321188,Female,White
16091,1,0.15912937,Male,Black
16092,0,0.01967511,Female,White
16093,0,0.01356368,Female,White
16094,0,0.0008457,Female,Black
16095,0,0.32031962,Male,White
16096,0,0.02803435,Female,White
16097,0,0.04765324,Female,White
16098,1,0.14727597,Male,White
16099,0,0.11472219,Male,Asian-Pac-Islander
16100,1,0.72517959,Male,Black
16101,0,0.70790643,Male,White
16102,1,0.67553881,Male,White
16103,0,0.06732738,Female,Black
16104,0,0.88836085,Male,White
16105,0,0.13430485,Male,White
16106,0,0.00178951,Female,White
16107,0,0.06222397,Female,White
16108,1,0.12209174,Male,White
16109,0,0.09430151,Female,White
16110,0,0.01263337,Male,White
16111,0,0.18160847,Male,White
16112,0,0.12564364,Male,White
16113,0,0.13965528,Male,White
16114,1,0.02392925,Female,Black
16115,0,0.1563105,Male,White
16116,1,0.31488414,Male,White
16117,0,0.00104083,Female,Black
16118,0,0.00397175,Female,White
16119,0,0.15725678,Male,White
16120,0,0.11742069,Female,White
16121,1,0.80084173,Male,White
16122,0,0.14689663,Male,White
16123,0,0.00252028,Female,White
16124,0,0.03426956,Male,Amer-Indian-Eskimo
16125,0,0.05508649,Female,White
16126,0,0.0500809,Male,White
16127,0,0.02776067,Female,White
16128,0,0.74874551,Male,White
16129,0,0.15717685,Male,White
16130,0,0.11080634,Female,White
16131,0,0.45678831,Male,White
16132,0,0.07169557,Male,White
16133,0,0.00278409,Male,White
16134,0,0.07438933,Female,White
16135,1,0.80616767,Male,White
16136,0,0.0107848,Male,Black
16137,0,0.0068068,Female,Black
16138,0,0.03772564,Male,White
16139,0,0.29203365,Male,White
16140,0,0.41570164,Male,White
16141,1,0.42058789,Male,White
16142,0,0.00368,Female,White
16143,0,0.64532244,Male,Black
16144,0,0.06319153,Female,White
16145,0,0.09273454,Male,White
16146,0,0.15656636,Female,White
16147,0,0.01679139,Female,White
16148,0,0.34588521,Male,White
16149,0,0.26791867,Male,White
16150,0,0.2939015,Male,White
16151,0,0.24804518,Female,White
16152,0,0.02959385,Male,White
16153,0,0.42511808,Male,White
16154,1,0.77050512,Male,White
16155,0,0.52657823,Male,White
16156,1,0.38822982,Male,White
16157,1,0.49375994,Female,White
16158,1,0.31390593,Male,White
16159,1,0.8059549,Male,White
16160,0,0.92926488,Male,White
16161,0,0.0040616,Female,White
16162,1,0.22922662,Male,White
16163,1,0.62214878,Male,White
16164,0,0.79129786,Male,White
16165,0,0.39116086,Male,White
16166,1,0.94405264,Male,White
16167,0,0.01193029,Female,White
16168,0,0.04775031,Male,White
16169,0,0.17483857,Male,White
16170,0,0.03202309,Female,White
16171,0,0.01928961,Male,Asian-Pac-Islander
16172,0,0.20779777,Female,White
16173,0,0.55782615,Female,White
16174,0,0.0349748,Female,White
16175,1,0.87496365,Male,White
16176,1,0.92128755,Male,White
16177,0,0.00931735,Female,White
16178,0,0.03544846,Male,White
16179,0,0.22235421,Male,White
16180,1,0.09878131,Male,White
16181,1,0.40776637,Female,White
16182,1,0.67734971,Male,White
16183,0,0.2879338,Male,White
16184,0,0.01899548,Female,White
16185,1,0.85136121,Male,White
16186,1,0.99545756,Male,White
16187,0,0.05794939,Male,White
16188,0,0.00948825,Female,White
16189,0,0.08030539,Female,White
16190,0,0.02777907,Male,White
16191,0,0.66924475,Male,Asian-Pac-Islander
16192,0,0.24244242,Male,White
16193,0,0.05137067,Male,Black
16194,0,0.01554523,Female,White
16195,1,0.157706,Male,White
16196,0,0.3162768,Male,White
16197,0,0.40877591,Male,White
16198,0,0.0481126,Male,White
16199,0,0.24759276,Male,White
16200,0,0.00347256,Female,White
16201,0,0.19757492,Male,White
16202,0,0.56887426,Male,White
16203,0,0.14631922,Male,White
16204,0,0.04274788,Female,Asian-Pac-Islander
16205,0,0.00670074,Female,Asian-Pac-Islander
16206,1,0.09605365,Male,White
16207,0,0.18558573,Male,Amer-Indian-Eskimo
16208,0,0.00211957,Female,White
16209,0,0.00155605,Female,White
16210,1,0.73874792,Female,Asian-Pac-Islander
16211,0,0.00728796,Female,Black
16212,0,0.11583249,Female,White
16213,0,0.00509399,Female,White
16214,0,0.01187194,Male,Black
16215,0,0.0268028,Female,White
16216,1,0.63444896,Male,White
16217,0,0.00314227,Female,Asian-Pac-Islander
16218,0,0.3502858,Male,White
16219,1,0.08616223,Male,White
16220,0,0.038067,Male,White
16221,0,0.16754241,Male,White
16222,0,0.14860814,Male,White
16223,0,0.00161119,Female,White
16224,0,0.00528289,Female,White
16225,1,0.99854288,Male,White
16226,1,0.37414055,Female,White
16227,0,0.69148624,Male,White
16228,0,0.01332512,Male,White
16229,1,0.23126501,Male,Black
16230,0,0.26601162,Male,White
16231,0,0.07657298,Male,White
16232,1,0.39589006,Female,White
16233,0,0.26024712,Male,Black
16234,0,0.54571987,Male,Black
16235,0,0.00890137,Female,White
16236,0,0.37758963,Male,Asian-Pac-Islander
16237,0,0.27500513,Male,White
16238,1,0.89518903,Male,White
16239,0,0.00105918,Female,White
16240,0,0.19058312,Male,White
16241,1,0.95868214,Male,White
16242,0,0.52363671,Male,White
16243,0,0.18877635,Male,White
16244,0,0.42072945,Male,White
16245,1,0.8415055,Male,White
16246,1,0.50205889,Male,White
16247,0,0.00158837,Male,White
16248,0,0.01188746,Male,White
16249,0,0.02891747,Male,Black
16250,0,0.01962349,Male,White
16251,1,0.53776894,Male,White
16252,0,0.50848214,Male,White
16253,1,0.95020793,Male,White
16254,0,0.1558928,Female,White
16255,1,0.76733249,Male,White
16256,1,0.91636763,Male,White
16257,0,0.00573649,Male,White
16258,0,0.13365977,Female,White
16259,0,0.40669875,Male,White
16260,0,0.00871641,Female,White
16261,0,0.01705058,Female,White
16262,1,0.99846724,Male,White
16263,0,0.31062295,Male,White
16264,0,0.01234168,Male,White
16265,0,0.01834016,Male,White
16266,1,0.69261692,Female,White
16267,0,0.00891857,Female,White
16268,0,0.01704971,Female,Black
16269,0,0.25947135,Male,White
16270,0,0.11821942,Male,White
16271,0,0.25805899,Male,White
16272,0,0.41917516,Male,White
16273,0,0.23259497,Male,White
16274,0,0.00129804,Female,White
16275,0,0.10025979,Male,White
16276,0,0.05889593,Male,White
16277,0,0.10140974,Female,White
16278,0,0.02474726,Male,Black
16279,0,0.71139959,Male,White
16280,0,0.27539871,Male,Asian-Pac-Islander
16281,1,0.82031689,Male,White
