city,date,service_family,requests
Chicago,2022-01-01,housing_buildings,45
Chicago,2022-01-01,information_administration,1836
Chicago,2022-01-01,noise,397
Chicago,2022-01-01,other,43
Chicago,2022-01-01,sanitation,104
Chicago,2022-01-01,transport_public_realm,227
Chicago,2022-01-02,housing_buildings,89
Chicago,2022-01-02,information_administration,2104
Chicago,2022-01-02,noise,448
Chicago,2022-01-02,other,44
Chicago,2022-01-02,sanitation,127
Chicago,2022-01-02,transport_public_realm,381
Chicago,2022-01-03,housing_buildings,195
Chicago,2022-01-03,information_administration,3549
Chicago,2022-01-03,noise,337
Chicago,2022-01-03,other,66
Chicago,2022-01-03,sanitation,411
Chicago,2022-01-03,transport_public_realm,856
Chicago,2022-01-04,housing_buildings,184
Chicago,2022-01-04,information_administration,3190
Chicago,2022-01-04,noise,341
Chicago,2022-01-04,other,65
Chicago,2022-01-04,sanitation,417
Chicago,2022-01-04,transport_public_realm,1020
Chicago,2022-01-05,housing_buildings,196
Chicago,2022-01-05,information_administration,2819
Chicago,2022-01-05,noise,334
Chicago,2022-01-05,other,73
Chicago,2022-01-05,sanitation,288
Chicago,2022-01-05,transport_public_realm,727
Chicago,2022-01-06,housing_buildings,185
Chicago,2022-01-06,information_administration,3188
Chicago,2022-01-06,noise,462
Chicago,2022-01-06,other,58
Chicago,2022-01-06,sanitation,424
Chicago,2022-01-06,transport_public_realm,677
Chicago,2022-01-07,housing_buildings,241
Chicago,2022-01-07,information_administration,3184
Chicago,2022-01-07,noise,337
Chicago,2022-01-07,other,96
Chicago,2022-01-07,sanitation,272
Chicago,2022-01-07,transport_public_realm,607
Chicago,2022-01-08,housing_buildings,164
Chicago,2022-01-08,information_administration,1969
Chicago,2022-01-08,noise,580
Chicago,2022-01-08,other,87
Chicago,2022-01-08,sanitation,152
Chicago,2022-01-08,transport_public_realm,393
Chicago,2022-01-09,housing_buildings,146
Chicago,2022-01-09,information_administration,1970
Chicago,2022-01-09,noise,618
Chicago,2022-01-09,other,84
Chicago,2022-01-09,sanitation,119
Chicago,2022-01-09,transport_public_realm,498
Chicago,2022-01-10,housing_buildings,275
Chicago,2022-01-10,information_administration,4054
Chicago,2022-01-10,noise,469
Chicago,2022-01-10,other,154
Chicago,2022-01-10,sanitation,407
Chicago,2022-01-10,transport_public_realm,2944
Chicago,2022-01-11,housing_buildings,262
Chicago,2022-01-11,information_administration,2783
Chicago,2022-01-11,noise,342
Chicago,2022-01-11,other,130
Chicago,2022-01-11,sanitation,361
Chicago,2022-01-11,transport_public_realm,806
Chicago,2022-01-12,housing_buildings,226
Chicago,2022-01-12,information_administration,2321
Chicago,2022-01-12,noise,571
Chicago,2022-01-12,other,155
Chicago,2022-01-12,sanitation,322
Chicago,2022-01-12,transport_public_realm,758
Chicago,2022-01-13,housing_buildings,232
Chicago,2022-01-13,information_administration,2998
Chicago,2022-01-13,noise,776
Chicago,2022-01-13,other,134
Chicago,2022-01-13,sanitation,436
Chicago,2022-01-13,transport_public_realm,671
Chicago,2022-01-14,housing_buildings,163
Chicago,2022-01-14,information_administration,3017
Chicago,2022-01-14,noise,553
Chicago,2022-01-14,other,134
Chicago,2022-01-14,sanitation,350
Chicago,2022-01-14,transport_public_realm,534
Chicago,2022-01-15,housing_buildings,102
Chicago,2022-01-15,information_administration,1479
Chicago,2022-01-15,noise,414
Chicago,2022-01-15,other,78
Chicago,2022-01-15,sanitation,119
Chicago,2022-01-15,transport_public_realm,323
Chicago,2022-01-16,housing_buildings,85
Chicago,2022-01-16,information_administration,1725
Chicago,2022-01-16,noise,713
Chicago,2022-01-16,other,76
Chicago,2022-01-16,sanitation,138
Chicago,2022-01-16,transport_public_realm,270
Chicago,2022-01-17,housing_buildings,140
Chicago,2022-01-17,information_administration,2637
Chicago,2022-01-17,noise,615
Chicago,2022-01-17,other,75
Chicago,2022-01-17,sanitation,198
Chicago,2022-01-17,transport_public_realm,379
Chicago,2022-01-18,housing_buildings,219
Chicago,2022-01-18,information_administration,3335
Chicago,2022-01-18,noise,725
Chicago,2022-01-18,other,133
Chicago,2022-01-18,sanitation,502
Chicago,2022-01-18,transport_public_realm,684
Chicago,2022-01-19,housing_buildings,176
Chicago,2022-01-19,information_administration,3115
Chicago,2022-01-19,noise,426
Chicago,2022-01-19,other,109
Chicago,2022-01-19,sanitation,439
Chicago,2022-01-19,transport_public_realm,618
Chicago,2022-01-20,housing_buildings,179
Chicago,2022-01-20,information_administration,2573
Chicago,2022-01-20,noise,584
Chicago,2022-01-20,other,126
Chicago,2022-01-20,sanitation,399
Chicago,2022-01-20,transport_public_realm,498
Chicago,2022-01-21,housing_buildings,179
Chicago,2022-01-21,information_administration,2581
Chicago,2022-01-21,noise,842
Chicago,2022-01-21,other,132
Chicago,2022-01-21,sanitation,328
Chicago,2022-01-21,transport_public_realm,739
Chicago,2022-01-22,housing_buildings,99
Chicago,2022-01-22,information_administration,1870
Chicago,2022-01-22,noise,1117
Chicago,2022-01-22,other,101
Chicago,2022-01-22,sanitation,155
Chicago,2022-01-22,transport_public_realm,276
Chicago,2022-01-23,housing_buildings,82
Chicago,2022-01-23,information_administration,1989
Chicago,2022-01-23,noise,911
Chicago,2022-01-23,other,57
Chicago,2022-01-23,sanitation,89
Chicago,2022-01-23,transport_public_realm,449
Chicago,2022-01-24,housing_buildings,187
Chicago,2022-01-24,information_administration,3486
Chicago,2022-01-24,noise,473
Chicago,2022-01-24,other,79
Chicago,2022-01-24,sanitation,293
Chicago,2022-01-24,transport_public_realm,756
Chicago,2022-01-25,housing_buildings,186
Chicago,2022-01-25,information_administration,3194
Chicago,2022-01-25,noise,368
Chicago,2022-01-25,other,87
Chicago,2022-01-25,sanitation,284
Chicago,2022-01-25,transport_public_realm,791
Chicago,2022-01-26,housing_buildings,291
Chicago,2022-01-26,information_administration,3088
Chicago,2022-01-26,noise,322
Chicago,2022-01-26,other,107
Chicago,2022-01-26,sanitation,293
Chicago,2022-01-26,transport_public_realm,694
Chicago,2022-01-27,housing_buildings,267
Chicago,2022-01-27,information_administration,2753
Chicago,2022-01-27,noise,642
Chicago,2022-01-27,other,118
Chicago,2022-01-27,sanitation,531
Chicago,2022-01-27,transport_public_realm,813
Chicago,2022-01-28,housing_buildings,214
Chicago,2022-01-28,information_administration,2988
Chicago,2022-01-28,noise,447
Chicago,2022-01-28,other,103
Chicago,2022-01-28,sanitation,250
Chicago,2022-01-28,transport_public_realm,552
Chicago,2022-01-29,housing_buildings,144
Chicago,2022-01-29,information_administration,1705
Chicago,2022-01-29,noise,335
Chicago,2022-01-29,other,69
Chicago,2022-01-29,sanitation,104
Chicago,2022-01-29,transport_public_realm,347
Chicago,2022-01-30,housing_buildings,92
Chicago,2022-01-30,information_administration,1801
Chicago,2022-01-30,noise,712
Chicago,2022-01-30,other,58
Chicago,2022-01-30,sanitation,121
Chicago,2022-01-30,transport_public_realm,368
Chicago,2022-01-31,housing_buildings,298
Chicago,2022-01-31,information_administration,2987
Chicago,2022-01-31,noise,480
Chicago,2022-01-31,other,106
Chicago,2022-01-31,sanitation,417
Chicago,2022-01-31,transport_public_realm,835
Chicago,2022-02-01,housing_buildings,245
Chicago,2022-02-01,information_administration,3292
Chicago,2022-02-01,noise,520
Chicago,2022-02-01,other,116
Chicago,2022-02-01,sanitation,362
Chicago,2022-02-01,transport_public_realm,999
Chicago,2022-02-02,housing_buildings,169
Chicago,2022-02-02,information_administration,3185
Chicago,2022-02-02,noise,248
Chicago,2022-02-02,other,48
Chicago,2022-02-02,sanitation,176
Chicago,2022-02-02,transport_public_realm,455
Chicago,2022-02-03,housing_buildings,162
Chicago,2022-02-03,information_administration,4202
Chicago,2022-02-03,noise,380
Chicago,2022-02-03,other,64
Chicago,2022-02-03,sanitation,227
Chicago,2022-02-03,transport_public_realm,908
Chicago,2022-02-04,housing_buildings,163
Chicago,2022-02-04,information_administration,3388
Chicago,2022-02-04,noise,350
Chicago,2022-02-04,other,62
Chicago,2022-02-04,sanitation,297
Chicago,2022-02-04,transport_public_realm,936
Chicago,2022-02-05,housing_buildings,94
Chicago,2022-02-05,information_administration,2024
Chicago,2022-02-05,noise,373
Chicago,2022-02-05,other,61
Chicago,2022-02-05,sanitation,112
Chicago,2022-02-05,transport_public_realm,483
Chicago,2022-02-06,housing_buildings,96
Chicago,2022-02-06,information_administration,1725
Chicago,2022-02-06,noise,517
Chicago,2022-02-06,other,47
Chicago,2022-02-06,sanitation,101
Chicago,2022-02-06,transport_public_realm,484
Chicago,2022-02-07,housing_buildings,206
Chicago,2022-02-07,information_administration,2827
Chicago,2022-02-07,noise,649
Chicago,2022-02-07,other,73
Chicago,2022-02-07,sanitation,324
Chicago,2022-02-07,transport_public_realm,1037
Chicago,2022-02-08,housing_buildings,188
Chicago,2022-02-08,information_administration,3299
Chicago,2022-02-08,noise,561
Chicago,2022-02-08,other,80
Chicago,2022-02-08,sanitation,318
Chicago,2022-02-08,transport_public_realm,931
Chicago,2022-02-09,housing_buildings,260
Chicago,2022-02-09,information_administration,3072
Chicago,2022-02-09,noise,630
Chicago,2022-02-09,other,88
Chicago,2022-02-09,sanitation,339
Chicago,2022-02-09,transport_public_realm,915
Chicago,2022-02-10,housing_buildings,174
Chicago,2022-02-10,information_administration,2946
Chicago,2022-02-10,noise,876
Chicago,2022-02-10,other,86
Chicago,2022-02-10,sanitation,304
Chicago,2022-02-10,transport_public_realm,1040
Chicago,2022-02-11,housing_buildings,185
Chicago,2022-02-11,information_administration,2741
Chicago,2022-02-11,noise,741
Chicago,2022-02-11,other,79
Chicago,2022-02-11,sanitation,282
Chicago,2022-02-11,transport_public_realm,914
Chicago,2022-02-12,housing_buildings,87
Chicago,2022-02-12,information_administration,1901
Chicago,2022-02-12,noise,638
Chicago,2022-02-12,other,52
Chicago,2022-02-12,sanitation,111
Chicago,2022-02-12,transport_public_realm,418
Chicago,2022-02-13,housing_buildings,58
Chicago,2022-02-13,information_administration,1427
Chicago,2022-02-13,noise,522
Chicago,2022-02-13,other,47
Chicago,2022-02-13,sanitation,87
Chicago,2022-02-13,transport_public_realm,315
Chicago,2022-02-14,housing_buildings,172
Chicago,2022-02-14,information_administration,2498
Chicago,2022-02-14,noise,606
Chicago,2022-02-14,other,98
Chicago,2022-02-14,sanitation,335
Chicago,2022-02-14,transport_public_realm,797
Chicago,2022-02-15,housing_buildings,181
Chicago,2022-02-15,information_administration,2489
Chicago,2022-02-15,noise,732
Chicago,2022-02-15,other,87
Chicago,2022-02-15,sanitation,379
Chicago,2022-02-15,transport_public_realm,917
Chicago,2022-02-16,housing_buildings,295
Chicago,2022-02-16,information_administration,2978
Chicago,2022-02-16,noise,1071
Chicago,2022-02-16,other,110
Chicago,2022-02-16,sanitation,495
Chicago,2022-02-16,transport_public_realm,1158
Chicago,2022-02-17,housing_buildings,405
Chicago,2022-02-17,information_administration,3189
Chicago,2022-02-17,noise,457
Chicago,2022-02-17,other,147
Chicago,2022-02-17,sanitation,308
Chicago,2022-02-17,transport_public_realm,1321
Chicago,2022-02-18,housing_buildings,244
Chicago,2022-02-18,information_administration,2670
Chicago,2022-02-18,noise,637
Chicago,2022-02-18,other,75
Chicago,2022-02-18,sanitation,263
Chicago,2022-02-18,transport_public_realm,918
Chicago,2022-02-19,housing_buildings,106
Chicago,2022-02-19,information_administration,1925
Chicago,2022-02-19,noise,571
Chicago,2022-02-19,other,62
Chicago,2022-02-19,sanitation,119
Chicago,2022-02-19,transport_public_realm,557
Chicago,2022-02-20,housing_buildings,91
Chicago,2022-02-20,information_administration,1889
Chicago,2022-02-20,noise,1038
Chicago,2022-02-20,other,54
Chicago,2022-02-20,sanitation,125
Chicago,2022-02-20,transport_public_realm,564
Chicago,2022-02-21,housing_buildings,168
Chicago,2022-02-21,information_administration,2828
Chicago,2022-02-21,noise,1023
Chicago,2022-02-21,other,93
Chicago,2022-02-21,sanitation,366
Chicago,2022-02-21,transport_public_realm,978
Chicago,2022-02-22,housing_buildings,498
Chicago,2022-02-22,information_administration,2579
Chicago,2022-02-22,noise,538
Chicago,2022-02-22,other,104
Chicago,2022-02-22,sanitation,414
Chicago,2022-02-22,transport_public_realm,1575
Chicago,2022-02-23,housing_buildings,428
Chicago,2022-02-23,information_administration,2837
Chicago,2022-02-23,noise,621
Chicago,2022-02-23,other,159
Chicago,2022-02-23,sanitation,421
Chicago,2022-02-23,transport_public_realm,1438
Chicago,2022-02-24,housing_buildings,216
Chicago,2022-02-24,information_administration,2795
Chicago,2022-02-24,noise,647
Chicago,2022-02-24,other,98
Chicago,2022-02-24,sanitation,362
Chicago,2022-02-24,transport_public_realm,1144
Chicago,2022-02-25,housing_buildings,152
Chicago,2022-02-25,information_administration,2874
Chicago,2022-02-25,noise,564
Chicago,2022-02-25,other,67
Chicago,2022-02-25,sanitation,257
Chicago,2022-02-25,transport_public_realm,1218
Chicago,2022-02-26,housing_buildings,180
Chicago,2022-02-26,information_administration,1686
Chicago,2022-02-26,noise,787
Chicago,2022-02-26,other,43
Chicago,2022-02-26,sanitation,118
Chicago,2022-02-26,transport_public_realm,631
Chicago,2022-02-27,housing_buildings,108
Chicago,2022-02-27,information_administration,1811
Chicago,2022-02-27,noise,1241
Chicago,2022-02-27,other,53
Chicago,2022-02-27,sanitation,149
Chicago,2022-02-27,transport_public_realm,594
Chicago,2022-02-28,housing_buildings,251
Chicago,2022-02-28,information_administration,3201
Chicago,2022-02-28,noise,885
Chicago,2022-02-28,other,116
Chicago,2022-02-28,sanitation,415
Chicago,2022-02-28,transport_public_realm,1334
Chicago,2022-03-01,housing_buildings,236
Chicago,2022-03-01,information_administration,3011
Chicago,2022-03-01,noise,1032
Chicago,2022-03-01,other,97
Chicago,2022-03-01,sanitation,578
Chicago,2022-03-01,transport_public_realm,1296
Chicago,2022-03-02,housing_buildings,223
Chicago,2022-03-02,information_administration,3070
Chicago,2022-03-02,noise,794
Chicago,2022-03-02,other,102
Chicago,2022-03-02,sanitation,543
Chicago,2022-03-02,transport_public_realm,1273
Chicago,2022-03-03,housing_buildings,194
Chicago,2022-03-03,information_administration,2590
Chicago,2022-03-03,noise,873
Chicago,2022-03-03,other,93
Chicago,2022-03-03,sanitation,448
Chicago,2022-03-03,transport_public_realm,1205
Chicago,2022-03-04,housing_buildings,207
Chicago,2022-03-04,information_administration,3087
Chicago,2022-03-04,noise,813
Chicago,2022-03-04,other,101
Chicago,2022-03-04,sanitation,397
Chicago,2022-03-04,transport_public_realm,1018
Chicago,2022-03-05,housing_buildings,98
Chicago,2022-03-05,information_administration,2291
Chicago,2022-03-05,noise,959
Chicago,2022-03-05,other,96
Chicago,2022-03-05,sanitation,289
Chicago,2022-03-05,transport_public_realm,661
Chicago,2022-03-06,housing_buildings,90
Chicago,2022-03-06,information_administration,2215
Chicago,2022-03-06,noise,1219
Chicago,2022-03-06,other,150
Chicago,2022-03-06,sanitation,197
Chicago,2022-03-06,transport_public_realm,756
Chicago,2022-03-07,housing_buildings,202
Chicago,2022-03-07,information_administration,2955
Chicago,2022-03-07,noise,741
Chicago,2022-03-07,other,99
Chicago,2022-03-07,sanitation,347
Chicago,2022-03-07,transport_public_realm,767
Chicago,2022-03-08,housing_buildings,254
Chicago,2022-03-08,information_administration,3398
Chicago,2022-03-08,noise,489
Chicago,2022-03-08,other,144
Chicago,2022-03-08,sanitation,520
Chicago,2022-03-08,transport_public_realm,1304
Chicago,2022-03-09,housing_buildings,200
Chicago,2022-03-09,information_administration,3019
Chicago,2022-03-09,noise,578
Chicago,2022-03-09,other,122
Chicago,2022-03-09,sanitation,605
Chicago,2022-03-09,transport_public_realm,1269
Chicago,2022-03-10,housing_buildings,199
Chicago,2022-03-10,information_administration,3401
Chicago,2022-03-10,noise,1143
Chicago,2022-03-10,other,107
Chicago,2022-03-10,sanitation,433
Chicago,2022-03-10,transport_public_realm,1065
Chicago,2022-03-11,housing_buildings,175
Chicago,2022-03-11,information_administration,2907
Chicago,2022-03-11,noise,474
Chicago,2022-03-11,other,95
Chicago,2022-03-11,sanitation,292
Chicago,2022-03-11,transport_public_realm,790
Chicago,2022-03-12,housing_buildings,112
Chicago,2022-03-12,information_administration,2502
Chicago,2022-03-12,noise,499
Chicago,2022-03-12,other,52
Chicago,2022-03-12,sanitation,135
Chicago,2022-03-12,transport_public_realm,369
Chicago,2022-03-13,housing_buildings,84
Chicago,2022-03-13,information_administration,1875
Chicago,2022-03-13,noise,875
Chicago,2022-03-13,other,52
Chicago,2022-03-13,sanitation,164
Chicago,2022-03-13,transport_public_realm,506
Chicago,2022-03-14,housing_buildings,226
Chicago,2022-03-14,information_administration,3288
Chicago,2022-03-14,noise,953
Chicago,2022-03-14,other,157
Chicago,2022-03-14,sanitation,539
Chicago,2022-03-14,transport_public_realm,1244
Chicago,2022-03-15,housing_buildings,204
Chicago,2022-03-15,information_administration,3032
Chicago,2022-03-15,noise,1008
Chicago,2022-03-15,other,126
Chicago,2022-03-15,sanitation,489
Chicago,2022-03-15,transport_public_realm,1287
Chicago,2022-03-16,housing_buildings,203
Chicago,2022-03-16,information_administration,2507
Chicago,2022-03-16,noise,778
Chicago,2022-03-16,other,133
Chicago,2022-03-16,sanitation,567
Chicago,2022-03-16,transport_public_realm,1324
Chicago,2022-03-17,housing_buildings,205
Chicago,2022-03-17,information_administration,2892
Chicago,2022-03-17,noise,1085
Chicago,2022-03-17,other,158
Chicago,2022-03-17,sanitation,519
Chicago,2022-03-17,transport_public_realm,1230
Chicago,2022-03-18,housing_buildings,182
Chicago,2022-03-18,information_administration,2641
Chicago,2022-03-18,noise,762
Chicago,2022-03-18,other,98
Chicago,2022-03-18,sanitation,394
Chicago,2022-03-18,transport_public_realm,1075
Chicago,2022-03-19,housing_buildings,107
Chicago,2022-03-19,information_administration,1815
Chicago,2022-03-19,noise,856
Chicago,2022-03-19,other,50
Chicago,2022-03-19,sanitation,128
Chicago,2022-03-19,transport_public_realm,629
Chicago,2022-03-20,housing_buildings,95
Chicago,2022-03-20,information_administration,1917
Chicago,2022-03-20,noise,1004
Chicago,2022-03-20,other,67
Chicago,2022-03-20,sanitation,229
Chicago,2022-03-20,transport_public_realm,639
Chicago,2022-03-21,housing_buildings,217
Chicago,2022-03-21,information_administration,2972
Chicago,2022-03-21,noise,1111
Chicago,2022-03-21,other,179
Chicago,2022-03-21,sanitation,648
Chicago,2022-03-21,transport_public_realm,1346
Chicago,2022-03-22,housing_buildings,203
Chicago,2022-03-22,information_administration,3115
Chicago,2022-03-22,noise,1018
Chicago,2022-03-22,other,131
Chicago,2022-03-22,sanitation,509
Chicago,2022-03-22,transport_public_realm,1234
Chicago,2022-03-23,housing_buildings,284
Chicago,2022-03-23,information_administration,3012
Chicago,2022-03-23,noise,650
Chicago,2022-03-23,other,124
Chicago,2022-03-23,sanitation,449
Chicago,2022-03-23,transport_public_realm,1428
Chicago,2022-03-24,housing_buildings,345
Chicago,2022-03-24,information_administration,2620
Chicago,2022-03-24,noise,889
Chicago,2022-03-24,other,102
Chicago,2022-03-24,sanitation,489
Chicago,2022-03-24,transport_public_realm,1304
Chicago,2022-03-25,housing_buildings,223
Chicago,2022-03-25,information_administration,2341
Chicago,2022-03-25,noise,1133
Chicago,2022-03-25,other,119
Chicago,2022-03-25,sanitation,391
Chicago,2022-03-25,transport_public_realm,1176
Chicago,2022-03-26,housing_buildings,95
Chicago,2022-03-26,information_administration,1529
Chicago,2022-03-26,noise,812
Chicago,2022-03-26,other,53
Chicago,2022-03-26,sanitation,135
Chicago,2022-03-26,transport_public_realm,564
Chicago,2022-03-27,housing_buildings,71
Chicago,2022-03-27,information_administration,1717
Chicago,2022-03-27,noise,970
Chicago,2022-03-27,other,61
Chicago,2022-03-27,sanitation,141
Chicago,2022-03-27,transport_public_realm,396
Chicago,2022-03-28,housing_buildings,203
Chicago,2022-03-28,information_administration,2876
Chicago,2022-03-28,noise,832
Chicago,2022-03-28,other,110
Chicago,2022-03-28,sanitation,458
Chicago,2022-03-28,transport_public_realm,1337
Chicago,2022-03-29,housing_buildings,207
Chicago,2022-03-29,information_administration,3108
Chicago,2022-03-29,noise,1091
Chicago,2022-03-29,other,124
Chicago,2022-03-29,sanitation,449
Chicago,2022-03-29,transport_public_realm,1088
Chicago,2022-03-30,housing_buildings,352
Chicago,2022-03-30,information_administration,3015
Chicago,2022-03-30,noise,771
Chicago,2022-03-30,other,118
Chicago,2022-03-30,sanitation,508
Chicago,2022-03-30,transport_public_realm,1456
Chicago,2022-03-31,housing_buildings,384
Chicago,2022-03-31,information_administration,2495
Chicago,2022-03-31,noise,832
Chicago,2022-03-31,other,108
Chicago,2022-03-31,sanitation,423
Chicago,2022-03-31,transport_public_realm,1504
Chicago,2022-04-01,housing_buildings,251
Chicago,2022-04-01,information_administration,2540
Chicago,2022-04-01,noise,896
Chicago,2022-04-01,other,110
Chicago,2022-04-01,sanitation,378
Chicago,2022-04-01,transport_public_realm,1300
Chicago,2022-04-02,housing_buildings,84
Chicago,2022-04-02,information_administration,1681
Chicago,2022-04-02,noise,830
Chicago,2022-04-02,other,67
Chicago,2022-04-02,sanitation,147
Chicago,2022-04-02,transport_public_realm,606
Chicago,2022-04-03,housing_buildings,90
Chicago,2022-04-03,information_administration,1777
Chicago,2022-04-03,noise,1052
Chicago,2022-04-03,other,57
Chicago,2022-04-03,sanitation,201
Chicago,2022-04-03,transport_public_realm,726
Chicago,2022-04-04,housing_buildings,271
Chicago,2022-04-04,information_administration,2143
Chicago,2022-04-04,noise,818
Chicago,2022-04-04,other,129
Chicago,2022-04-04,sanitation,524
Chicago,2022-04-04,transport_public_realm,1562
Chicago,2022-04-05,housing_buildings,239
Chicago,2022-04-05,information_administration,2267
Chicago,2022-04-05,noise,1127
Chicago,2022-04-05,other,145
Chicago,2022-04-05,sanitation,490
Chicago,2022-04-05,transport_public_realm,1474
Chicago,2022-04-06,housing_buildings,321
Chicago,2022-04-06,information_administration,2804
Chicago,2022-04-06,noise,1232
Chicago,2022-04-06,other,202
Chicago,2022-04-06,sanitation,427
Chicago,2022-04-06,transport_public_realm,1525
Chicago,2022-04-07,housing_buildings,271
Chicago,2022-04-07,information_administration,3034
Chicago,2022-04-07,noise,1163
Chicago,2022-04-07,other,144
Chicago,2022-04-07,sanitation,452
Chicago,2022-04-07,transport_public_realm,1412
Chicago,2022-04-08,housing_buildings,188
Chicago,2022-04-08,information_administration,2852
Chicago,2022-04-08,noise,1082
Chicago,2022-04-08,other,97
Chicago,2022-04-08,sanitation,382
Chicago,2022-04-08,transport_public_realm,1061
Chicago,2022-04-09,housing_buildings,89
Chicago,2022-04-09,information_administration,1849
Chicago,2022-04-09,noise,1243
Chicago,2022-04-09,other,87
Chicago,2022-04-09,sanitation,132
Chicago,2022-04-09,transport_public_realm,653
Chicago,2022-04-10,housing_buildings,76
Chicago,2022-04-10,information_administration,1854
Chicago,2022-04-10,noise,1105
Chicago,2022-04-10,other,81
Chicago,2022-04-10,sanitation,198
Chicago,2022-04-10,transport_public_realm,586
Chicago,2022-04-11,housing_buildings,239
Chicago,2022-04-11,information_administration,2292
Chicago,2022-04-11,noise,1446
Chicago,2022-04-11,other,175
Chicago,2022-04-11,sanitation,512
Chicago,2022-04-11,transport_public_realm,1180
Chicago,2022-04-12,housing_buildings,275
Chicago,2022-04-12,information_administration,2453
Chicago,2022-04-12,noise,923
Chicago,2022-04-12,other,146
Chicago,2022-04-12,sanitation,496
Chicago,2022-04-12,transport_public_realm,1152
Chicago,2022-04-13,housing_buildings,288
Chicago,2022-04-13,information_administration,2376
Chicago,2022-04-13,noise,975
Chicago,2022-04-13,other,189
Chicago,2022-04-13,sanitation,472
Chicago,2022-04-13,transport_public_realm,1054
Chicago,2022-04-14,housing_buildings,320
Chicago,2022-04-14,information_administration,2347
Chicago,2022-04-14,noise,1492
Chicago,2022-04-14,other,323
Chicago,2022-04-14,sanitation,434
Chicago,2022-04-14,transport_public_realm,1250
Chicago,2022-04-15,housing_buildings,218
Chicago,2022-04-15,information_administration,3288
Chicago,2022-04-15,noise,1246
Chicago,2022-04-15,other,168
Chicago,2022-04-15,sanitation,368
Chicago,2022-04-15,transport_public_realm,908
Chicago,2022-04-16,housing_buildings,112
Chicago,2022-04-16,information_administration,1574
Chicago,2022-04-16,noise,964
Chicago,2022-04-16,other,44
Chicago,2022-04-16,sanitation,202
Chicago,2022-04-16,transport_public_realm,468
Chicago,2022-04-17,housing_buildings,55
Chicago,2022-04-17,information_administration,1622
Chicago,2022-04-17,noise,898
Chicago,2022-04-17,other,51
Chicago,2022-04-17,sanitation,169
Chicago,2022-04-17,transport_public_realm,397
Chicago,2022-04-18,housing_buildings,241
Chicago,2022-04-18,information_administration,2477
Chicago,2022-04-18,noise,657
Chicago,2022-04-18,other,137
Chicago,2022-04-18,sanitation,461
Chicago,2022-04-18,transport_public_realm,1302
Chicago,2022-04-19,housing_buildings,233
Chicago,2022-04-19,information_administration,2769
Chicago,2022-04-19,noise,1065
Chicago,2022-04-19,other,147
Chicago,2022-04-19,sanitation,497
Chicago,2022-04-19,transport_public_realm,1019
Chicago,2022-04-20,housing_buildings,213
Chicago,2022-04-20,information_administration,2573
Chicago,2022-04-20,noise,1230
Chicago,2022-04-20,other,143
Chicago,2022-04-20,sanitation,408
Chicago,2022-04-20,transport_public_realm,1009
Chicago,2022-04-21,housing_buildings,252
Chicago,2022-04-21,information_administration,2730
Chicago,2022-04-21,noise,815
Chicago,2022-04-21,other,152
Chicago,2022-04-21,sanitation,503
Chicago,2022-04-21,transport_public_realm,1131
Chicago,2022-04-22,housing_buildings,238
Chicago,2022-04-22,information_administration,2846
Chicago,2022-04-22,noise,922
Chicago,2022-04-22,other,123
Chicago,2022-04-22,sanitation,356
Chicago,2022-04-22,transport_public_realm,982
Chicago,2022-04-23,housing_buildings,126
Chicago,2022-04-23,information_administration,2474
Chicago,2022-04-23,noise,839
Chicago,2022-04-23,other,116
Chicago,2022-04-23,sanitation,267
Chicago,2022-04-23,transport_public_realm,663
Chicago,2022-04-24,housing_buildings,100
Chicago,2022-04-24,information_administration,2115
Chicago,2022-04-24,noise,1137
Chicago,2022-04-24,other,85
Chicago,2022-04-24,sanitation,199
Chicago,2022-04-24,transport_public_realm,558
Chicago,2022-04-25,housing_buildings,291
Chicago,2022-04-25,information_administration,3085
Chicago,2022-04-25,noise,748
Chicago,2022-04-25,other,172
Chicago,2022-04-25,sanitation,593
Chicago,2022-04-25,transport_public_realm,1180
Chicago,2022-04-26,housing_buildings,267
Chicago,2022-04-26,information_administration,2923
Chicago,2022-04-26,noise,771
Chicago,2022-04-26,other,136
Chicago,2022-04-26,sanitation,555
Chicago,2022-04-26,transport_public_realm,1007
Chicago,2022-04-27,housing_buildings,259
Chicago,2022-04-27,information_administration,2272
Chicago,2022-04-27,noise,1137
Chicago,2022-04-27,other,101
Chicago,2022-04-27,sanitation,467
Chicago,2022-04-27,transport_public_realm,968
Chicago,2022-04-28,housing_buildings,210
Chicago,2022-04-28,information_administration,2685
Chicago,2022-04-28,noise,1146
Chicago,2022-04-28,other,126
Chicago,2022-04-28,sanitation,478
Chicago,2022-04-28,transport_public_realm,1081
Chicago,2022-04-29,housing_buildings,227
Chicago,2022-04-29,information_administration,2653
Chicago,2022-04-29,noise,834
Chicago,2022-04-29,other,138
Chicago,2022-04-29,sanitation,409
Chicago,2022-04-29,transport_public_realm,810
Chicago,2022-04-30,housing_buildings,135
Chicago,2022-04-30,information_administration,2010
Chicago,2022-04-30,noise,1155
Chicago,2022-04-30,other,84
Chicago,2022-04-30,sanitation,202
Chicago,2022-04-30,transport_public_realm,496
Chicago,2022-05-01,housing_buildings,95
Chicago,2022-05-01,information_administration,2060
Chicago,2022-05-01,noise,663
Chicago,2022-05-01,other,59
Chicago,2022-05-01,sanitation,190
Chicago,2022-05-01,transport_public_realm,577
Chicago,2022-05-02,housing_buildings,266
Chicago,2022-05-02,information_administration,3166
Chicago,2022-05-02,noise,761
Chicago,2022-05-02,other,146
Chicago,2022-05-02,sanitation,553
Chicago,2022-05-02,transport_public_realm,1183
Chicago,2022-05-03,housing_buildings,577
Chicago,2022-05-03,information_administration,2403
Chicago,2022-05-03,noise,596
Chicago,2022-05-03,other,154
Chicago,2022-05-03,sanitation,415
Chicago,2022-05-03,transport_public_realm,1450
Chicago,2022-05-04,housing_buildings,322
Chicago,2022-05-04,information_administration,2709
Chicago,2022-05-04,noise,749
Chicago,2022-05-04,other,171
Chicago,2022-05-04,sanitation,480
Chicago,2022-05-04,transport_public_realm,1135
Chicago,2022-05-05,housing_buildings,276
Chicago,2022-05-05,information_administration,2226
Chicago,2022-05-05,noise,972
Chicago,2022-05-05,other,111
Chicago,2022-05-05,sanitation,444
Chicago,2022-05-05,transport_public_realm,1049
Chicago,2022-05-06,housing_buildings,225
Chicago,2022-05-06,information_administration,2332
Chicago,2022-05-06,noise,1058
Chicago,2022-05-06,other,102
Chicago,2022-05-06,sanitation,363
Chicago,2022-05-06,transport_public_realm,911
Chicago,2022-05-07,housing_buildings,90
Chicago,2022-05-07,information_administration,1932
Chicago,2022-05-07,noise,631
Chicago,2022-05-07,other,81
Chicago,2022-05-07,sanitation,278
Chicago,2022-05-07,transport_public_realm,658
Chicago,2022-05-08,housing_buildings,59
Chicago,2022-05-08,information_administration,1708
Chicago,2022-05-08,noise,1109
Chicago,2022-05-08,other,79
Chicago,2022-05-08,sanitation,200
Chicago,2022-05-08,transport_public_realm,501
Chicago,2022-05-09,housing_buildings,333
Chicago,2022-05-09,information_administration,3236
Chicago,2022-05-09,noise,1368
Chicago,2022-05-09,other,213
Chicago,2022-05-09,sanitation,606
Chicago,2022-05-09,transport_public_realm,1139
Chicago,2022-05-10,housing_buildings,273
Chicago,2022-05-10,information_administration,3293
Chicago,2022-05-10,noise,726
Chicago,2022-05-10,other,184
Chicago,2022-05-10,sanitation,552
Chicago,2022-05-10,transport_public_realm,1069
Chicago,2022-05-11,housing_buildings,297
Chicago,2022-05-11,information_administration,3487
Chicago,2022-05-11,noise,1156
Chicago,2022-05-11,other,185
Chicago,2022-05-11,sanitation,526
Chicago,2022-05-11,transport_public_realm,1004
Chicago,2022-05-12,housing_buildings,274
Chicago,2022-05-12,information_administration,3074
Chicago,2022-05-12,noise,1044
Chicago,2022-05-12,other,234
Chicago,2022-05-12,sanitation,549
Chicago,2022-05-12,transport_public_realm,1017
Chicago,2022-05-13,housing_buildings,188
Chicago,2022-05-13,information_administration,2516
Chicago,2022-05-13,noise,920
Chicago,2022-05-13,other,157
Chicago,2022-05-13,sanitation,505
Chicago,2022-05-13,transport_public_realm,863
Chicago,2022-05-14,housing_buildings,129
Chicago,2022-05-14,information_administration,2153
Chicago,2022-05-14,noise,741
Chicago,2022-05-14,other,104
Chicago,2022-05-14,sanitation,283
Chicago,2022-05-14,transport_public_realm,438
Chicago,2022-05-15,housing_buildings,114
Chicago,2022-05-15,information_administration,1984
Chicago,2022-05-15,noise,1198
Chicago,2022-05-15,other,86
Chicago,2022-05-15,sanitation,264
Chicago,2022-05-15,transport_public_realm,461
Chicago,2022-05-16,housing_buildings,292
Chicago,2022-05-16,information_administration,3021
Chicago,2022-05-16,noise,987
Chicago,2022-05-16,other,181
Chicago,2022-05-16,sanitation,779
Chicago,2022-05-16,transport_public_realm,956
Chicago,2022-05-17,housing_buildings,239
Chicago,2022-05-17,information_administration,2887
Chicago,2022-05-17,noise,1187
Chicago,2022-05-17,other,153
Chicago,2022-05-17,sanitation,588
Chicago,2022-05-17,transport_public_realm,823
Chicago,2022-05-18,housing_buildings,262
Chicago,2022-05-18,information_administration,2989
Chicago,2022-05-18,noise,899
Chicago,2022-05-18,other,158
Chicago,2022-05-18,sanitation,564
Chicago,2022-05-18,transport_public_realm,946
Chicago,2022-05-19,housing_buildings,286
Chicago,2022-05-19,information_administration,3570
Chicago,2022-05-19,noise,983
Chicago,2022-05-19,other,162
Chicago,2022-05-19,sanitation,597
Chicago,2022-05-19,transport_public_realm,943
Chicago,2022-05-20,housing_buildings,242
Chicago,2022-05-20,information_administration,2988
Chicago,2022-05-20,noise,780
Chicago,2022-05-20,other,299
Chicago,2022-05-20,sanitation,621
Chicago,2022-05-20,transport_public_realm,901
Chicago,2022-05-21,housing_buildings,167
Chicago,2022-05-21,information_administration,1725
Chicago,2022-05-21,noise,835
Chicago,2022-05-21,other,124
Chicago,2022-05-21,sanitation,203
Chicago,2022-05-21,transport_public_realm,554
Chicago,2022-05-22,housing_buildings,91
Chicago,2022-05-22,information_administration,2030
Chicago,2022-05-22,noise,1347
Chicago,2022-05-22,other,87
Chicago,2022-05-22,sanitation,282
Chicago,2022-05-22,transport_public_realm,462
Chicago,2022-05-23,housing_buildings,333
Chicago,2022-05-23,information_administration,2885
Chicago,2022-05-23,noise,1047
Chicago,2022-05-23,other,169
Chicago,2022-05-23,sanitation,695
Chicago,2022-05-23,transport_public_realm,1044
Chicago,2022-05-24,housing_buildings,353
Chicago,2022-05-24,information_administration,3029
Chicago,2022-05-24,noise,913
Chicago,2022-05-24,other,198
Chicago,2022-05-24,sanitation,592
Chicago,2022-05-24,transport_public_realm,1065
Chicago,2022-05-25,housing_buildings,260
Chicago,2022-05-25,information_administration,2928
Chicago,2022-05-25,noise,722
Chicago,2022-05-25,other,158
Chicago,2022-05-25,sanitation,511
Chicago,2022-05-25,transport_public_realm,872
Chicago,2022-05-26,housing_buildings,252
Chicago,2022-05-26,information_administration,3160
Chicago,2022-05-26,noise,1032
Chicago,2022-05-26,other,168
Chicago,2022-05-26,sanitation,551
Chicago,2022-05-26,transport_public_realm,965
Chicago,2022-05-27,housing_buildings,207
Chicago,2022-05-27,information_administration,3187
Chicago,2022-05-27,noise,901
Chicago,2022-05-27,other,141
Chicago,2022-05-27,sanitation,450
Chicago,2022-05-27,transport_public_realm,800
Chicago,2022-05-28,housing_buildings,117
Chicago,2022-05-28,information_administration,2127
Chicago,2022-05-28,noise,768
Chicago,2022-05-28,other,113
Chicago,2022-05-28,sanitation,233
Chicago,2022-05-28,transport_public_realm,464
Chicago,2022-05-29,housing_buildings,80
Chicago,2022-05-29,information_administration,2151
Chicago,2022-05-29,noise,681
Chicago,2022-05-29,other,114
Chicago,2022-05-29,sanitation,238
Chicago,2022-05-29,transport_public_realm,422
Chicago,2022-05-30,housing_buildings,110
Chicago,2022-05-30,information_administration,2691
Chicago,2022-05-30,noise,1220
Chicago,2022-05-30,other,165
Chicago,2022-05-30,sanitation,241
Chicago,2022-05-30,transport_public_realm,428
Chicago,2022-05-31,housing_buildings,306
Chicago,2022-05-31,information_administration,2853
Chicago,2022-05-31,noise,1093
Chicago,2022-05-31,other,253
Chicago,2022-05-31,sanitation,784
Chicago,2022-05-31,transport_public_realm,1011
Chicago,2022-06-01,housing_buildings,252
Chicago,2022-06-01,information_administration,2767
Chicago,2022-06-01,noise,992
Chicago,2022-06-01,other,187
Chicago,2022-06-01,sanitation,685
Chicago,2022-06-01,transport_public_realm,1018
Chicago,2022-06-02,housing_buildings,295
Chicago,2022-06-02,information_administration,2798
Chicago,2022-06-02,noise,768
Chicago,2022-06-02,other,220
Chicago,2022-06-02,sanitation,644
Chicago,2022-06-02,transport_public_realm,936
Chicago,2022-06-03,housing_buildings,251
Chicago,2022-06-03,information_administration,2692
Chicago,2022-06-03,noise,934
Chicago,2022-06-03,other,253
Chicago,2022-06-03,sanitation,588
Chicago,2022-06-03,transport_public_realm,822
Chicago,2022-06-04,housing_buildings,137
Chicago,2022-06-04,information_administration,1791
Chicago,2022-06-04,noise,770
Chicago,2022-06-04,other,88
Chicago,2022-06-04,sanitation,249
Chicago,2022-06-04,transport_public_realm,395
Chicago,2022-06-05,housing_buildings,92
Chicago,2022-06-05,information_administration,2345
Chicago,2022-06-05,noise,1218
Chicago,2022-06-05,other,74
Chicago,2022-06-05,sanitation,293
Chicago,2022-06-05,transport_public_realm,424
Chicago,2022-06-06,housing_buildings,280
Chicago,2022-06-06,information_administration,3678
Chicago,2022-06-06,noise,1047
Chicago,2022-06-06,other,203
Chicago,2022-06-06,sanitation,721
Chicago,2022-06-06,transport_public_realm,906
Chicago,2022-06-07,housing_buildings,329
Chicago,2022-06-07,information_administration,3606
Chicago,2022-06-07,noise,1232
Chicago,2022-06-07,other,218
Chicago,2022-06-07,sanitation,581
Chicago,2022-06-07,transport_public_realm,902
Chicago,2022-06-08,housing_buildings,338
Chicago,2022-06-08,information_administration,3476
Chicago,2022-06-08,noise,948
Chicago,2022-06-08,other,159
Chicago,2022-06-08,sanitation,579
Chicago,2022-06-08,transport_public_realm,977
Chicago,2022-06-09,housing_buildings,269
Chicago,2022-06-09,information_administration,3062
Chicago,2022-06-09,noise,1219
Chicago,2022-06-09,other,182
Chicago,2022-06-09,sanitation,620
Chicago,2022-06-09,transport_public_realm,874
Chicago,2022-06-10,housing_buildings,219
Chicago,2022-06-10,information_administration,3525
Chicago,2022-06-10,noise,1142
Chicago,2022-06-10,other,243
Chicago,2022-06-10,sanitation,551
Chicago,2022-06-10,transport_public_realm,819
Chicago,2022-06-11,housing_buildings,134
Chicago,2022-06-11,information_administration,2408
Chicago,2022-06-11,noise,624
Chicago,2022-06-11,other,111
Chicago,2022-06-11,sanitation,250
Chicago,2022-06-11,transport_public_realm,449
Chicago,2022-06-12,housing_buildings,75
Chicago,2022-06-12,information_administration,2588
Chicago,2022-06-12,noise,1545
Chicago,2022-06-12,other,103
Chicago,2022-06-12,sanitation,247
Chicago,2022-06-12,transport_public_realm,396
Chicago,2022-06-13,housing_buildings,307
Chicago,2022-06-13,information_administration,4127
Chicago,2022-06-13,noise,1973
Chicago,2022-06-13,other,664
Chicago,2022-06-13,sanitation,724
Chicago,2022-06-13,transport_public_realm,1087
Chicago,2022-06-14,housing_buildings,303
Chicago,2022-06-14,information_administration,3578
Chicago,2022-06-14,noise,693
Chicago,2022-06-14,other,949
Chicago,2022-06-14,sanitation,618
Chicago,2022-06-14,transport_public_realm,1236
Chicago,2022-06-15,housing_buildings,278
Chicago,2022-06-15,information_administration,4053
Chicago,2022-06-15,noise,428
Chicago,2022-06-15,other,498
Chicago,2022-06-15,sanitation,561
Chicago,2022-06-15,transport_public_realm,1073
Chicago,2022-06-16,housing_buildings,283
Chicago,2022-06-16,information_administration,3433
Chicago,2022-06-16,noise,789
Chicago,2022-06-16,other,530
Chicago,2022-06-16,sanitation,539
Chicago,2022-06-16,transport_public_realm,1032
Chicago,2022-06-17,housing_buildings,245
Chicago,2022-06-17,information_administration,3493
Chicago,2022-06-17,noise,821
Chicago,2022-06-17,other,338
Chicago,2022-06-17,sanitation,571
Chicago,2022-06-17,transport_public_realm,872
Chicago,2022-06-18,housing_buildings,101
Chicago,2022-06-18,information_administration,2302
Chicago,2022-06-18,noise,525
Chicago,2022-06-18,other,126
Chicago,2022-06-18,sanitation,281
Chicago,2022-06-18,transport_public_realm,487
Chicago,2022-06-19,housing_buildings,61
Chicago,2022-06-19,information_administration,2323
Chicago,2022-06-19,noise,1181
Chicago,2022-06-19,other,112
Chicago,2022-06-19,sanitation,193
Chicago,2022-06-19,transport_public_realm,455
Chicago,2022-06-20,housing_buildings,172
Chicago,2022-06-20,information_administration,3060
Chicago,2022-06-20,noise,936
Chicago,2022-06-20,other,186
Chicago,2022-06-20,sanitation,486
Chicago,2022-06-20,transport_public_realm,657
Chicago,2022-06-21,housing_buildings,272
Chicago,2022-06-21,information_administration,3289
Chicago,2022-06-21,noise,1031
Chicago,2022-06-21,other,249
Chicago,2022-06-21,sanitation,648
Chicago,2022-06-21,transport_public_realm,961
Chicago,2022-06-22,housing_buildings,292
Chicago,2022-06-22,information_administration,3317
Chicago,2022-06-22,noise,777
Chicago,2022-06-22,other,250
Chicago,2022-06-22,sanitation,764
Chicago,2022-06-22,transport_public_realm,1011
Chicago,2022-06-23,housing_buildings,261
Chicago,2022-06-23,information_administration,3018
Chicago,2022-06-23,noise,1040
Chicago,2022-06-23,other,180
Chicago,2022-06-23,sanitation,691
Chicago,2022-06-23,transport_public_realm,1017
Chicago,2022-06-24,housing_buildings,269
Chicago,2022-06-24,information_administration,3288
Chicago,2022-06-24,noise,1278
Chicago,2022-06-24,other,195
Chicago,2022-06-24,sanitation,581
Chicago,2022-06-24,transport_public_realm,816
Chicago,2022-06-25,housing_buildings,158
Chicago,2022-06-25,information_administration,2327
Chicago,2022-06-25,noise,967
Chicago,2022-06-25,other,131
Chicago,2022-06-25,sanitation,254
Chicago,2022-06-25,transport_public_realm,409
Chicago,2022-06-26,housing_buildings,100
Chicago,2022-06-26,information_administration,2468
Chicago,2022-06-26,noise,1078
Chicago,2022-06-26,other,107
Chicago,2022-06-26,sanitation,272
Chicago,2022-06-26,transport_public_realm,446
Chicago,2022-06-27,housing_buildings,298
Chicago,2022-06-27,information_administration,3426
Chicago,2022-06-27,noise,1507
Chicago,2022-06-27,other,230
Chicago,2022-06-27,sanitation,754
Chicago,2022-06-27,transport_public_realm,938
Chicago,2022-06-28,housing_buildings,243
Chicago,2022-06-28,information_administration,3902
Chicago,2022-06-28,noise,1182
Chicago,2022-06-28,other,211
Chicago,2022-06-28,sanitation,637
Chicago,2022-06-28,transport_public_realm,880
Chicago,2022-06-29,housing_buildings,278
Chicago,2022-06-29,information_administration,3865
Chicago,2022-06-29,noise,1169
Chicago,2022-06-29,other,210
Chicago,2022-06-29,sanitation,686
Chicago,2022-06-29,transport_public_realm,928
Chicago,2022-06-30,housing_buildings,292
Chicago,2022-06-30,information_administration,3502
Chicago,2022-06-30,noise,1400
Chicago,2022-06-30,other,171
Chicago,2022-06-30,sanitation,649
Chicago,2022-06-30,transport_public_realm,809
Chicago,2022-07-01,housing_buildings,199
Chicago,2022-07-01,information_administration,3248
Chicago,2022-07-01,noise,1430
Chicago,2022-07-01,other,160
Chicago,2022-07-01,sanitation,543
Chicago,2022-07-01,transport_public_realm,721
Chicago,2022-07-02,housing_buildings,100
Chicago,2022-07-02,information_administration,2174
Chicago,2022-07-02,noise,1120
Chicago,2022-07-02,other,102
Chicago,2022-07-02,sanitation,248
Chicago,2022-07-02,transport_public_realm,377
Chicago,2022-07-03,housing_buildings,91
Chicago,2022-07-03,information_administration,2167
Chicago,2022-07-03,noise,1145
Chicago,2022-07-03,other,93
Chicago,2022-07-03,sanitation,186
Chicago,2022-07-03,transport_public_realm,340
Chicago,2022-07-04,housing_buildings,65
Chicago,2022-07-04,information_administration,2604
Chicago,2022-07-04,noise,1194
Chicago,2022-07-04,other,106
Chicago,2022-07-04,sanitation,214
Chicago,2022-07-04,transport_public_realm,366
Chicago,2022-07-05,housing_buildings,383
Chicago,2022-07-05,information_administration,3483
Chicago,2022-07-05,noise,1109
Chicago,2022-07-05,other,698
Chicago,2022-07-05,sanitation,754
Chicago,2022-07-05,transport_public_realm,1144
Chicago,2022-07-06,housing_buildings,421
Chicago,2022-07-06,information_administration,3351
Chicago,2022-07-06,noise,1265
Chicago,2022-07-06,other,325
Chicago,2022-07-06,sanitation,713
Chicago,2022-07-06,transport_public_realm,1042
Chicago,2022-07-07,housing_buildings,301
Chicago,2022-07-07,information_administration,2999
Chicago,2022-07-07,noise,1335
Chicago,2022-07-07,other,232
Chicago,2022-07-07,sanitation,711
Chicago,2022-07-07,transport_public_realm,1138
Chicago,2022-07-08,housing_buildings,237
Chicago,2022-07-08,information_administration,3112
Chicago,2022-07-08,noise,1373
Chicago,2022-07-08,other,191
Chicago,2022-07-08,sanitation,577
Chicago,2022-07-08,transport_public_realm,866
Chicago,2022-07-09,housing_buildings,120
Chicago,2022-07-09,information_administration,2342
Chicago,2022-07-09,noise,1269
Chicago,2022-07-09,other,120
Chicago,2022-07-09,sanitation,309
Chicago,2022-07-09,transport_public_realm,454
Chicago,2022-07-10,housing_buildings,100
Chicago,2022-07-10,information_administration,2126
Chicago,2022-07-10,noise,1430
Chicago,2022-07-10,other,95
Chicago,2022-07-10,sanitation,273
Chicago,2022-07-10,transport_public_realm,399
Chicago,2022-07-11,housing_buildings,302
Chicago,2022-07-11,information_administration,2854
Chicago,2022-07-11,noise,1250
Chicago,2022-07-11,other,253
Chicago,2022-07-11,sanitation,782
Chicago,2022-07-11,transport_public_realm,1225
Chicago,2022-07-12,housing_buildings,243
Chicago,2022-07-12,information_administration,2925
Chicago,2022-07-12,noise,1364
Chicago,2022-07-12,other,183
Chicago,2022-07-12,sanitation,709
Chicago,2022-07-12,transport_public_realm,844
Chicago,2022-07-13,housing_buildings,279
Chicago,2022-07-13,information_administration,3046
Chicago,2022-07-13,noise,1638
Chicago,2022-07-13,other,187
Chicago,2022-07-13,sanitation,644
Chicago,2022-07-13,transport_public_realm,1009
Chicago,2022-07-14,housing_buildings,243
Chicago,2022-07-14,information_administration,2897
Chicago,2022-07-14,noise,1534
Chicago,2022-07-14,other,210
Chicago,2022-07-14,sanitation,602
Chicago,2022-07-14,transport_public_realm,877
Chicago,2022-07-15,housing_buildings,228
Chicago,2022-07-15,information_administration,2626
Chicago,2022-07-15,noise,977
Chicago,2022-07-15,other,169
Chicago,2022-07-15,sanitation,417
Chicago,2022-07-15,transport_public_realm,616
Chicago,2022-07-16,housing_buildings,103
Chicago,2022-07-16,information_administration,1875
Chicago,2022-07-16,noise,1050
Chicago,2022-07-16,other,111
Chicago,2022-07-16,sanitation,277
Chicago,2022-07-16,transport_public_realm,402
Chicago,2022-07-17,housing_buildings,402
Chicago,2022-07-17,information_administration,1777
Chicago,2022-07-17,noise,960
Chicago,2022-07-17,other,121
Chicago,2022-07-17,sanitation,269
Chicago,2022-07-17,transport_public_realm,447
Chicago,2022-07-18,housing_buildings,797
Chicago,2022-07-18,information_administration,2784
Chicago,2022-07-18,noise,1417
Chicago,2022-07-18,other,211
Chicago,2022-07-18,sanitation,826
Chicago,2022-07-18,transport_public_realm,836
Chicago,2022-07-19,housing_buildings,442
Chicago,2022-07-19,information_administration,2718
Chicago,2022-07-19,noise,1323
Chicago,2022-07-19,other,197
Chicago,2022-07-19,sanitation,706
Chicago,2022-07-19,transport_public_realm,833
Chicago,2022-07-20,housing_buildings,356
Chicago,2022-07-20,information_administration,3128
Chicago,2022-07-20,noise,1105
Chicago,2022-07-20,other,296
Chicago,2022-07-20,sanitation,654
Chicago,2022-07-20,transport_public_realm,822
Chicago,2022-07-21,housing_buildings,326
Chicago,2022-07-21,information_administration,3174
Chicago,2022-07-21,noise,1277
Chicago,2022-07-21,other,268
Chicago,2022-07-21,sanitation,610
Chicago,2022-07-21,transport_public_realm,899
Chicago,2022-07-22,housing_buildings,262
Chicago,2022-07-22,information_administration,3028
Chicago,2022-07-22,noise,1104
Chicago,2022-07-22,other,179
Chicago,2022-07-22,sanitation,525
Chicago,2022-07-22,transport_public_realm,715
Chicago,2022-07-23,housing_buildings,263
Chicago,2022-07-23,information_administration,2133
Chicago,2022-07-23,noise,986
Chicago,2022-07-23,other,326
Chicago,2022-07-23,sanitation,221
Chicago,2022-07-23,transport_public_realm,789
Chicago,2022-07-24,housing_buildings,142
Chicago,2022-07-24,information_administration,2253
Chicago,2022-07-24,noise,946
Chicago,2022-07-24,other,212
Chicago,2022-07-24,sanitation,249
Chicago,2022-07-24,transport_public_realm,553
Chicago,2022-07-25,housing_buildings,331
Chicago,2022-07-25,information_administration,2873
Chicago,2022-07-25,noise,1367
Chicago,2022-07-25,other,280
Chicago,2022-07-25,sanitation,741
Chicago,2022-07-25,transport_public_realm,940
Chicago,2022-07-26,housing_buildings,312
Chicago,2022-07-26,information_administration,2829
Chicago,2022-07-26,noise,1731
Chicago,2022-07-26,other,253
Chicago,2022-07-26,sanitation,785
Chicago,2022-07-26,transport_public_realm,920
Chicago,2022-07-27,housing_buildings,330
Chicago,2022-07-27,information_administration,2804
Chicago,2022-07-27,noise,1432
Chicago,2022-07-27,other,234
Chicago,2022-07-27,sanitation,672
Chicago,2022-07-27,transport_public_realm,966
Chicago,2022-07-28,housing_buildings,339
Chicago,2022-07-28,information_administration,3080
Chicago,2022-07-28,noise,1284
Chicago,2022-07-28,other,214
Chicago,2022-07-28,sanitation,671
Chicago,2022-07-28,transport_public_realm,830
Chicago,2022-07-29,housing_buildings,314
Chicago,2022-07-29,information_administration,2998
Chicago,2022-07-29,noise,1368
Chicago,2022-07-29,other,190
Chicago,2022-07-29,sanitation,562
Chicago,2022-07-29,transport_public_realm,757
Chicago,2022-07-30,housing_buildings,101
Chicago,2022-07-30,information_administration,2815
Chicago,2022-07-30,noise,1265
Chicago,2022-07-30,other,109
Chicago,2022-07-30,sanitation,243
Chicago,2022-07-30,transport_public_realm,398
Chicago,2022-07-31,housing_buildings,107
Chicago,2022-07-31,information_administration,2327
Chicago,2022-07-31,noise,1450
Chicago,2022-07-31,other,107
Chicago,2022-07-31,sanitation,264
Chicago,2022-07-31,transport_public_realm,366
Chicago,2022-08-01,housing_buildings,321
Chicago,2022-08-01,information_administration,3106
Chicago,2022-08-01,noise,574
Chicago,2022-08-01,other,209
Chicago,2022-08-01,sanitation,780
Chicago,2022-08-01,transport_public_realm,882
Chicago,2022-08-02,housing_buildings,265
Chicago,2022-08-02,information_administration,3164
Chicago,2022-08-02,noise,943
Chicago,2022-08-02,other,181
Chicago,2022-08-02,sanitation,733
Chicago,2022-08-02,transport_public_realm,768
Chicago,2022-08-03,housing_buildings,324
Chicago,2022-08-03,information_administration,2786
Chicago,2022-08-03,noise,509
Chicago,2022-08-03,other,620
Chicago,2022-08-03,sanitation,636
Chicago,2022-08-03,transport_public_realm,750
Chicago,2022-08-04,housing_buildings,244
Chicago,2022-08-04,information_administration,2856
Chicago,2022-08-04,noise,908
Chicago,2022-08-04,other,280
Chicago,2022-08-04,sanitation,604
Chicago,2022-08-04,transport_public_realm,728
Chicago,2022-08-05,housing_buildings,263
Chicago,2022-08-05,information_administration,2973
Chicago,2022-08-05,noise,794
Chicago,2022-08-05,other,213
Chicago,2022-08-05,sanitation,523
Chicago,2022-08-05,transport_public_realm,655
Chicago,2022-08-06,housing_buildings,133
Chicago,2022-08-06,information_administration,2271
Chicago,2022-08-06,noise,554
Chicago,2022-08-06,other,128
Chicago,2022-08-06,sanitation,224
Chicago,2022-08-06,transport_public_realm,385
Chicago,2022-08-07,housing_buildings,124
Chicago,2022-08-07,information_administration,2099
Chicago,2022-08-07,noise,492
Chicago,2022-08-07,other,154
Chicago,2022-08-07,sanitation,246
Chicago,2022-08-07,transport_public_realm,401
Chicago,2022-08-08,housing_buildings,332
Chicago,2022-08-08,information_administration,3252
Chicago,2022-08-08,noise,1116
Chicago,2022-08-08,other,264
Chicago,2022-08-08,sanitation,600
Chicago,2022-08-08,transport_public_realm,743
Chicago,2022-08-09,housing_buildings,289
Chicago,2022-08-09,information_administration,2679
Chicago,2022-08-09,noise,1224
Chicago,2022-08-09,other,261
Chicago,2022-08-09,sanitation,676
Chicago,2022-08-09,transport_public_realm,731
Chicago,2022-08-10,housing_buildings,283
Chicago,2022-08-10,information_administration,3046
Chicago,2022-08-10,noise,1047
Chicago,2022-08-10,other,199
Chicago,2022-08-10,sanitation,659
Chicago,2022-08-10,transport_public_realm,769
Chicago,2022-08-11,housing_buildings,257
Chicago,2022-08-11,information_administration,2991
Chicago,2022-08-11,noise,1170
Chicago,2022-08-11,other,194
Chicago,2022-08-11,sanitation,592
Chicago,2022-08-11,transport_public_realm,705
Chicago,2022-08-12,housing_buildings,207
Chicago,2022-08-12,information_administration,2337
Chicago,2022-08-12,noise,1271
Chicago,2022-08-12,other,158
Chicago,2022-08-12,sanitation,497
Chicago,2022-08-12,transport_public_realm,678
Chicago,2022-08-13,housing_buildings,120
Chicago,2022-08-13,information_administration,1776
Chicago,2022-08-13,noise,655
Chicago,2022-08-13,other,93
Chicago,2022-08-13,sanitation,267
Chicago,2022-08-13,transport_public_realm,317
Chicago,2022-08-14,housing_buildings,104
Chicago,2022-08-14,information_administration,2051
Chicago,2022-08-14,noise,574
Chicago,2022-08-14,other,116
Chicago,2022-08-14,sanitation,249
Chicago,2022-08-14,transport_public_realm,324
Chicago,2022-08-15,housing_buildings,243
Chicago,2022-08-15,information_administration,2809
Chicago,2022-08-15,noise,709
Chicago,2022-08-15,other,216
Chicago,2022-08-15,sanitation,735
Chicago,2022-08-15,transport_public_realm,632
Chicago,2022-08-16,housing_buildings,247
Chicago,2022-08-16,information_administration,3597
Chicago,2022-08-16,noise,557
Chicago,2022-08-16,other,204
Chicago,2022-08-16,sanitation,745
Chicago,2022-08-16,transport_public_realm,873
Chicago,2022-08-17,housing_buildings,260
Chicago,2022-08-17,information_administration,2916
Chicago,2022-08-17,noise,612
Chicago,2022-08-17,other,174
Chicago,2022-08-17,sanitation,657
Chicago,2022-08-17,transport_public_realm,770
Chicago,2022-08-18,housing_buildings,226
Chicago,2022-08-18,information_administration,3053
Chicago,2022-08-18,noise,762
Chicago,2022-08-18,other,174
Chicago,2022-08-18,sanitation,574
Chicago,2022-08-18,transport_public_realm,746
Chicago,2022-08-19,housing_buildings,229
Chicago,2022-08-19,information_administration,3053
Chicago,2022-08-19,noise,607
Chicago,2022-08-19,other,153
Chicago,2022-08-19,sanitation,561
Chicago,2022-08-19,transport_public_realm,702
Chicago,2022-08-20,housing_buildings,91
Chicago,2022-08-20,information_administration,1818
Chicago,2022-08-20,noise,646
Chicago,2022-08-20,other,125
Chicago,2022-08-20,sanitation,184
Chicago,2022-08-20,transport_public_realm,405
Chicago,2022-08-21,housing_buildings,95
Chicago,2022-08-21,information_administration,1821
Chicago,2022-08-21,noise,1283
Chicago,2022-08-21,other,73
Chicago,2022-08-21,sanitation,274
Chicago,2022-08-21,transport_public_realm,401
Chicago,2022-08-22,housing_buildings,274
Chicago,2022-08-22,information_administration,2434
Chicago,2022-08-22,noise,1024
Chicago,2022-08-22,other,154
Chicago,2022-08-22,sanitation,687
Chicago,2022-08-22,transport_public_realm,746
Chicago,2022-08-23,housing_buildings,262
Chicago,2022-08-23,information_administration,2679
Chicago,2022-08-23,noise,884
Chicago,2022-08-23,other,187
Chicago,2022-08-23,sanitation,646
Chicago,2022-08-23,transport_public_realm,718
Chicago,2022-08-24,housing_buildings,255
Chicago,2022-08-24,information_administration,2545
Chicago,2022-08-24,noise,705
Chicago,2022-08-24,other,187
Chicago,2022-08-24,sanitation,683
Chicago,2022-08-24,transport_public_realm,742
Chicago,2022-08-25,housing_buildings,251
Chicago,2022-08-25,information_administration,2650
Chicago,2022-08-25,noise,839
Chicago,2022-08-25,other,183
Chicago,2022-08-25,sanitation,649
Chicago,2022-08-25,transport_public_realm,768
Chicago,2022-08-26,housing_buildings,238
Chicago,2022-08-26,information_administration,2064
Chicago,2022-08-26,noise,1186
Chicago,2022-08-26,other,146
Chicago,2022-08-26,sanitation,494
Chicago,2022-08-26,transport_public_realm,562
Chicago,2022-08-27,housing_buildings,131
Chicago,2022-08-27,information_administration,1897
Chicago,2022-08-27,noise,1300
Chicago,2022-08-27,other,92
Chicago,2022-08-27,sanitation,288
Chicago,2022-08-27,transport_public_realm,429
Chicago,2022-08-28,housing_buildings,105
Chicago,2022-08-28,information_administration,2087
Chicago,2022-08-28,noise,918
Chicago,2022-08-28,other,160
Chicago,2022-08-28,sanitation,227
Chicago,2022-08-28,transport_public_realm,381
Chicago,2022-08-29,housing_buildings,266
Chicago,2022-08-29,information_administration,3036
Chicago,2022-08-29,noise,798
Chicago,2022-08-29,other,775
Chicago,2022-08-29,sanitation,684
Chicago,2022-08-29,transport_public_realm,984
Chicago,2022-08-30,housing_buildings,256
Chicago,2022-08-30,information_administration,2667
Chicago,2022-08-30,noise,961
Chicago,2022-08-30,other,372
Chicago,2022-08-30,sanitation,718
Chicago,2022-08-30,transport_public_realm,839
Chicago,2022-08-31,housing_buildings,232
Chicago,2022-08-31,information_administration,2835
Chicago,2022-08-31,noise,894
Chicago,2022-08-31,other,248
Chicago,2022-08-31,sanitation,702
Chicago,2022-08-31,transport_public_realm,738
Chicago,2022-09-01,housing_buildings,240
Chicago,2022-09-01,information_administration,2592
Chicago,2022-09-01,noise,822
Chicago,2022-09-01,other,223
Chicago,2022-09-01,sanitation,663
Chicago,2022-09-01,transport_public_realm,832
Chicago,2022-09-02,housing_buildings,238
Chicago,2022-09-02,information_administration,2568
Chicago,2022-09-02,noise,962
Chicago,2022-09-02,other,202
Chicago,2022-09-02,sanitation,619
Chicago,2022-09-02,transport_public_realm,686
Chicago,2022-09-03,housing_buildings,108
Chicago,2022-09-03,information_administration,2247
Chicago,2022-09-03,noise,1024
Chicago,2022-09-03,other,94
Chicago,2022-09-03,sanitation,244
Chicago,2022-09-03,transport_public_realm,333
Chicago,2022-09-04,housing_buildings,100
Chicago,2022-09-04,information_administration,1965
Chicago,2022-09-04,noise,1647
Chicago,2022-09-04,other,89
Chicago,2022-09-04,sanitation,228
Chicago,2022-09-04,transport_public_realm,334
Chicago,2022-09-05,housing_buildings,90
Chicago,2022-09-05,information_administration,2079
Chicago,2022-09-05,noise,1338
Chicago,2022-09-05,other,95
Chicago,2022-09-05,sanitation,330
Chicago,2022-09-05,transport_public_realm,358
Chicago,2022-09-06,housing_buildings,275
Chicago,2022-09-06,information_administration,2558
Chicago,2022-09-06,noise,1167
Chicago,2022-09-06,other,176
Chicago,2022-09-06,sanitation,747
Chicago,2022-09-06,transport_public_realm,799
Chicago,2022-09-07,housing_buildings,269
Chicago,2022-09-07,information_administration,2486
Chicago,2022-09-07,noise,1107
Chicago,2022-09-07,other,217
Chicago,2022-09-07,sanitation,769
Chicago,2022-09-07,transport_public_realm,735
Chicago,2022-09-08,housing_buildings,271
Chicago,2022-09-08,information_administration,2994
Chicago,2022-09-08,noise,932
Chicago,2022-09-08,other,211
Chicago,2022-09-08,sanitation,727
Chicago,2022-09-08,transport_public_realm,782
Chicago,2022-09-09,housing_buildings,211
Chicago,2022-09-09,information_administration,3171
Chicago,2022-09-09,noise,942
Chicago,2022-09-09,other,188
Chicago,2022-09-09,sanitation,696
Chicago,2022-09-09,transport_public_realm,718
Chicago,2022-09-10,housing_buildings,157
Chicago,2022-09-10,information_administration,2137
Chicago,2022-09-10,noise,695
Chicago,2022-09-10,other,111
Chicago,2022-09-10,sanitation,263
Chicago,2022-09-10,transport_public_realm,372
Chicago,2022-09-11,housing_buildings,1280
Chicago,2022-09-11,information_administration,1735
Chicago,2022-09-11,noise,1132
Chicago,2022-09-11,other,171
Chicago,2022-09-11,sanitation,194
Chicago,2022-09-11,transport_public_realm,817
Chicago,2022-09-12,housing_buildings,996
Chicago,2022-09-12,information_administration,2489
Chicago,2022-09-12,noise,1071
Chicago,2022-09-12,other,243
Chicago,2022-09-12,sanitation,615
Chicago,2022-09-12,transport_public_realm,915
Chicago,2022-09-13,housing_buildings,670
Chicago,2022-09-13,information_administration,2415
Chicago,2022-09-13,noise,871
Chicago,2022-09-13,other,197
Chicago,2022-09-13,sanitation,597
Chicago,2022-09-13,transport_public_realm,810
Chicago,2022-09-14,housing_buildings,505
Chicago,2022-09-14,information_administration,2346
Chicago,2022-09-14,noise,762
Chicago,2022-09-14,other,206
Chicago,2022-09-14,sanitation,628
Chicago,2022-09-14,transport_public_realm,741
Chicago,2022-09-15,housing_buildings,401
Chicago,2022-09-15,information_administration,2667
Chicago,2022-09-15,noise,953
Chicago,2022-09-15,other,188
Chicago,2022-09-15,sanitation,640
Chicago,2022-09-15,transport_public_realm,782
Chicago,2022-09-16,housing_buildings,367
Chicago,2022-09-16,information_administration,2632
Chicago,2022-09-16,noise,970
Chicago,2022-09-16,other,134
Chicago,2022-09-16,sanitation,587
Chicago,2022-09-16,transport_public_realm,647
Chicago,2022-09-17,housing_buildings,165
Chicago,2022-09-17,information_administration,1924
Chicago,2022-09-17,noise,712
Chicago,2022-09-17,other,103
Chicago,2022-09-17,sanitation,249
Chicago,2022-09-17,transport_public_realm,427
Chicago,2022-09-18,housing_buildings,120
Chicago,2022-09-18,information_administration,1694
Chicago,2022-09-18,noise,714
Chicago,2022-09-18,other,124
Chicago,2022-09-18,sanitation,269
Chicago,2022-09-18,transport_public_realm,390
Chicago,2022-09-19,housing_buildings,409
Chicago,2022-09-19,information_administration,2425
Chicago,2022-09-19,noise,1100
Chicago,2022-09-19,other,180
Chicago,2022-09-19,sanitation,638
Chicago,2022-09-19,transport_public_realm,727
Chicago,2022-09-20,housing_buildings,501
Chicago,2022-09-20,information_administration,2887
Chicago,2022-09-20,noise,788
Chicago,2022-09-20,other,226
Chicago,2022-09-20,sanitation,691
Chicago,2022-09-20,transport_public_realm,779
Chicago,2022-09-21,housing_buildings,653
Chicago,2022-09-21,information_administration,2195
Chicago,2022-09-21,noise,699
Chicago,2022-09-21,other,177
Chicago,2022-09-21,sanitation,577
Chicago,2022-09-21,transport_public_realm,747
Chicago,2022-09-22,housing_buildings,372
Chicago,2022-09-22,information_administration,2343
Chicago,2022-09-22,noise,681
Chicago,2022-09-22,other,182
Chicago,2022-09-22,sanitation,480
Chicago,2022-09-22,transport_public_realm,729
Chicago,2022-09-23,housing_buildings,277
Chicago,2022-09-23,information_administration,2486
Chicago,2022-09-23,noise,797
Chicago,2022-09-23,other,139
Chicago,2022-09-23,sanitation,430
Chicago,2022-09-23,transport_public_realm,583
Chicago,2022-09-24,housing_buildings,128
Chicago,2022-09-24,information_administration,1893
Chicago,2022-09-24,noise,850
Chicago,2022-09-24,other,105
Chicago,2022-09-24,sanitation,234
Chicago,2022-09-24,transport_public_realm,322
Chicago,2022-09-25,housing_buildings,126
Chicago,2022-09-25,information_administration,1509
Chicago,2022-09-25,noise,1009
Chicago,2022-09-25,other,91
Chicago,2022-09-25,sanitation,225
Chicago,2022-09-25,transport_public_realm,342
Chicago,2022-09-26,housing_buildings,442
Chicago,2022-09-26,information_administration,2909
Chicago,2022-09-26,noise,1099
Chicago,2022-09-26,other,153
Chicago,2022-09-26,sanitation,605
Chicago,2022-09-26,transport_public_realm,759
Chicago,2022-09-27,housing_buildings,554
Chicago,2022-09-27,information_administration,2462
Chicago,2022-09-27,noise,741
Chicago,2022-09-27,other,155
Chicago,2022-09-27,sanitation,572
Chicago,2022-09-27,transport_public_realm,734
Chicago,2022-09-28,housing_buildings,266
Chicago,2022-09-28,information_administration,2281
Chicago,2022-09-28,noise,965
Chicago,2022-09-28,other,147
Chicago,2022-09-28,sanitation,575
Chicago,2022-09-28,transport_public_realm,598
Chicago,2022-09-29,housing_buildings,262
Chicago,2022-09-29,information_administration,2468
Chicago,2022-09-29,noise,1016
Chicago,2022-09-29,other,122
Chicago,2022-09-29,sanitation,546
Chicago,2022-09-29,transport_public_realm,686
Chicago,2022-09-30,housing_buildings,235
Chicago,2022-09-30,information_administration,2466
Chicago,2022-09-30,noise,1055
Chicago,2022-09-30,other,139
Chicago,2022-09-30,sanitation,446
Chicago,2022-09-30,transport_public_realm,602
Chicago,2022-10-01,housing_buildings,103
Chicago,2022-10-01,information_administration,1999
Chicago,2022-10-01,noise,781
Chicago,2022-10-01,other,84
Chicago,2022-10-01,sanitation,209
Chicago,2022-10-01,transport_public_realm,333
Chicago,2022-10-02,housing_buildings,104
Chicago,2022-10-02,information_administration,1748
Chicago,2022-10-02,noise,1261
Chicago,2022-10-02,other,93
Chicago,2022-10-02,sanitation,247
Chicago,2022-10-02,transport_public_realm,303
Chicago,2022-10-03,housing_buildings,287
Chicago,2022-10-03,information_administration,2103
Chicago,2022-10-03,noise,921
Chicago,2022-10-03,other,125
Chicago,2022-10-03,sanitation,609
Chicago,2022-10-03,transport_public_realm,700
Chicago,2022-10-04,housing_buildings,262
Chicago,2022-10-04,information_administration,2515
Chicago,2022-10-04,noise,1064
Chicago,2022-10-04,other,185
Chicago,2022-10-04,sanitation,607
Chicago,2022-10-04,transport_public_realm,718
Chicago,2022-10-05,housing_buildings,258
Chicago,2022-10-05,information_administration,2122
Chicago,2022-10-05,noise,901
Chicago,2022-10-05,other,153
Chicago,2022-10-05,sanitation,624
Chicago,2022-10-05,transport_public_realm,707
Chicago,2022-10-06,housing_buildings,244
Chicago,2022-10-06,information_administration,3061
Chicago,2022-10-06,noise,1183
Chicago,2022-10-06,other,172
Chicago,2022-10-06,sanitation,524
Chicago,2022-10-06,transport_public_realm,649
Chicago,2022-10-07,housing_buildings,206
Chicago,2022-10-07,information_administration,2144
Chicago,2022-10-07,noise,1218
Chicago,2022-10-07,other,121
Chicago,2022-10-07,sanitation,397
Chicago,2022-10-07,transport_public_realm,593
Chicago,2022-10-08,housing_buildings,103
Chicago,2022-10-08,information_administration,1857
Chicago,2022-10-08,noise,938
Chicago,2022-10-08,other,69
Chicago,2022-10-08,sanitation,188
Chicago,2022-10-08,transport_public_realm,365
Chicago,2022-10-09,housing_buildings,74
Chicago,2022-10-09,information_administration,1995
Chicago,2022-10-09,noise,1128
Chicago,2022-10-09,other,74
Chicago,2022-10-09,sanitation,188
Chicago,2022-10-09,transport_public_realm,359
Chicago,2022-10-10,housing_buildings,137
Chicago,2022-10-10,information_administration,1933
Chicago,2022-10-10,noise,1097
Chicago,2022-10-10,other,83
Chicago,2022-10-10,sanitation,411
Chicago,2022-10-10,transport_public_realm,437
Chicago,2022-10-11,housing_buildings,258
Chicago,2022-10-11,information_administration,2372
Chicago,2022-10-11,noise,954
Chicago,2022-10-11,other,161
Chicago,2022-10-11,sanitation,563
Chicago,2022-10-11,transport_public_realm,643
Chicago,2022-10-12,housing_buildings,243
Chicago,2022-10-12,information_administration,2277
Chicago,2022-10-12,noise,675
Chicago,2022-10-12,other,180
Chicago,2022-10-12,sanitation,423
Chicago,2022-10-12,transport_public_realm,674
Chicago,2022-10-13,housing_buildings,207
Chicago,2022-10-13,information_administration,2327
Chicago,2022-10-13,noise,932
Chicago,2022-10-13,other,255
Chicago,2022-10-13,sanitation,440
Chicago,2022-10-13,transport_public_realm,671
Chicago,2022-10-14,housing_buildings,180
Chicago,2022-10-14,information_administration,2564
Chicago,2022-10-14,noise,802
Chicago,2022-10-14,other,136
Chicago,2022-10-14,sanitation,428
Chicago,2022-10-14,transport_public_realm,597
Chicago,2022-10-15,housing_buildings,92
Chicago,2022-10-15,information_administration,1751
Chicago,2022-10-15,noise,847
Chicago,2022-10-15,other,66
Chicago,2022-10-15,sanitation,173
Chicago,2022-10-15,transport_public_realm,290
Chicago,2022-10-16,housing_buildings,73
Chicago,2022-10-16,information_administration,1756
Chicago,2022-10-16,noise,1037
Chicago,2022-10-16,other,75
Chicago,2022-10-16,sanitation,186
Chicago,2022-10-16,transport_public_realm,306
Chicago,2022-10-17,housing_buildings,276
Chicago,2022-10-17,information_administration,2597
Chicago,2022-10-17,noise,860
Chicago,2022-10-17,other,152
Chicago,2022-10-17,sanitation,515
Chicago,2022-10-17,transport_public_realm,610
Chicago,2022-10-18,housing_buildings,250
Chicago,2022-10-18,information_administration,2588
Chicago,2022-10-18,noise,991
Chicago,2022-10-18,other,117
Chicago,2022-10-18,sanitation,464
Chicago,2022-10-18,transport_public_realm,646
Chicago,2022-10-19,housing_buildings,214
Chicago,2022-10-19,information_administration,1991
Chicago,2022-10-19,noise,927
Chicago,2022-10-19,other,159
Chicago,2022-10-19,sanitation,509
Chicago,2022-10-19,transport_public_realm,617
Chicago,2022-10-20,housing_buildings,252
Chicago,2022-10-20,information_administration,2365
Chicago,2022-10-20,noise,612
Chicago,2022-10-20,other,130
Chicago,2022-10-20,sanitation,446
Chicago,2022-10-20,transport_public_realm,645
Chicago,2022-10-21,housing_buildings,202
Chicago,2022-10-21,information_administration,2407
Chicago,2022-10-21,noise,820
Chicago,2022-10-21,other,144
Chicago,2022-10-21,sanitation,371
Chicago,2022-10-21,transport_public_realm,527
Chicago,2022-10-22,housing_buildings,78
Chicago,2022-10-22,information_administration,1828
Chicago,2022-10-22,noise,947
Chicago,2022-10-22,other,93
Chicago,2022-10-22,sanitation,216
Chicago,2022-10-22,transport_public_realm,368
Chicago,2022-10-23,housing_buildings,100
Chicago,2022-10-23,information_administration,1791
Chicago,2022-10-23,noise,1062
Chicago,2022-10-23,other,158
Chicago,2022-10-23,sanitation,277
Chicago,2022-10-23,transport_public_realm,377
Chicago,2022-10-24,housing_buildings,236
Chicago,2022-10-24,information_administration,2265
Chicago,2022-10-24,noise,1088
Chicago,2022-10-24,other,153
Chicago,2022-10-24,sanitation,591
Chicago,2022-10-24,transport_public_realm,686
Chicago,2022-10-25,housing_buildings,194
Chicago,2022-10-25,information_administration,2136
Chicago,2022-10-25,noise,787
Chicago,2022-10-25,other,120
Chicago,2022-10-25,sanitation,417
Chicago,2022-10-25,transport_public_realm,577
Chicago,2022-10-26,housing_buildings,233
Chicago,2022-10-26,information_administration,2184
Chicago,2022-10-26,noise,647
Chicago,2022-10-26,other,131
Chicago,2022-10-26,sanitation,493
Chicago,2022-10-26,transport_public_realm,717
Chicago,2022-10-27,housing_buildings,195
Chicago,2022-10-27,information_administration,2134
Chicago,2022-10-27,noise,537
Chicago,2022-10-27,other,125
Chicago,2022-10-27,sanitation,457
Chicago,2022-10-27,transport_public_realm,660
Chicago,2022-10-28,housing_buildings,168
Chicago,2022-10-28,information_administration,2112
Chicago,2022-10-28,noise,457
Chicago,2022-10-28,other,119
Chicago,2022-10-28,sanitation,367
Chicago,2022-10-28,transport_public_realm,562
Chicago,2022-10-29,housing_buildings,102
Chicago,2022-10-29,information_administration,1417
Chicago,2022-10-29,noise,677
Chicago,2022-10-29,other,52
Chicago,2022-10-29,sanitation,223
Chicago,2022-10-29,transport_public_realm,291
Chicago,2022-10-30,housing_buildings,94
Chicago,2022-10-30,information_administration,1690
Chicago,2022-10-30,noise,583
Chicago,2022-10-30,other,43
Chicago,2022-10-30,sanitation,267
Chicago,2022-10-30,transport_public_realm,342
Chicago,2022-10-31,housing_buildings,203
Chicago,2022-10-31,information_administration,2318
Chicago,2022-10-31,noise,595
Chicago,2022-10-31,other,119
Chicago,2022-10-31,sanitation,490
Chicago,2022-10-31,transport_public_realm,721
Chicago,2022-11-01,housing_buildings,191
Chicago,2022-11-01,information_administration,1835
Chicago,2022-11-01,noise,1018
Chicago,2022-11-01,other,85
Chicago,2022-11-01,sanitation,474
Chicago,2022-11-01,transport_public_realm,573
Chicago,2022-11-02,housing_buildings,214
Chicago,2022-11-02,information_administration,2494
Chicago,2022-11-02,noise,917
Chicago,2022-11-02,other,129
Chicago,2022-11-02,sanitation,579
Chicago,2022-11-02,transport_public_realm,650
Chicago,2022-11-03,housing_buildings,219
Chicago,2022-11-03,information_administration,2027
Chicago,2022-11-03,noise,1104
Chicago,2022-11-03,other,100
Chicago,2022-11-03,sanitation,509
Chicago,2022-11-03,transport_public_realm,620
Chicago,2022-11-04,housing_buildings,203
Chicago,2022-11-04,information_administration,2266
Chicago,2022-11-04,noise,854
Chicago,2022-11-04,other,119
Chicago,2022-11-04,sanitation,429
Chicago,2022-11-04,transport_public_realm,528
Chicago,2022-11-05,housing_buildings,85
Chicago,2022-11-05,information_administration,1564
Chicago,2022-11-05,noise,449
Chicago,2022-11-05,other,842
Chicago,2022-11-05,sanitation,157
Chicago,2022-11-05,transport_public_realm,685
Chicago,2022-11-06,housing_buildings,102
Chicago,2022-11-06,information_administration,1649
Chicago,2022-11-06,noise,1112
Chicago,2022-11-06,other,308
Chicago,2022-11-06,sanitation,326
Chicago,2022-11-06,transport_public_realm,515
Chicago,2022-11-07,housing_buildings,229
Chicago,2022-11-07,information_administration,2646
Chicago,2022-11-07,noise,858
Chicago,2022-11-07,other,355
Chicago,2022-11-07,sanitation,634
Chicago,2022-11-07,transport_public_realm,959
Chicago,2022-11-08,housing_buildings,198
Chicago,2022-11-08,information_administration,2439
Chicago,2022-11-08,noise,470
Chicago,2022-11-08,other,170
Chicago,2022-11-08,sanitation,501
Chicago,2022-11-08,transport_public_realm,773
Chicago,2022-11-09,housing_buildings,240
Chicago,2022-11-09,information_administration,1837
Chicago,2022-11-09,noise,792
Chicago,2022-11-09,other,138
Chicago,2022-11-09,sanitation,528
Chicago,2022-11-09,transport_public_realm,790
Chicago,2022-11-10,housing_buildings,283
Chicago,2022-11-10,information_administration,2106
Chicago,2022-11-10,noise,925
Chicago,2022-11-10,other,117
Chicago,2022-11-10,sanitation,549
Chicago,2022-11-10,transport_public_realm,709
Chicago,2022-11-11,housing_buildings,129
Chicago,2022-11-11,information_administration,1692
Chicago,2022-11-11,noise,780
Chicago,2022-11-11,other,69
Chicago,2022-11-11,sanitation,373
Chicago,2022-11-11,transport_public_realm,490
Chicago,2022-11-12,housing_buildings,87
Chicago,2022-11-12,information_administration,1399
Chicago,2022-11-12,noise,1005
Chicago,2022-11-12,other,55
Chicago,2022-11-12,sanitation,218
Chicago,2022-11-12,transport_public_realm,317
Chicago,2022-11-13,housing_buildings,81
Chicago,2022-11-13,information_administration,1383
Chicago,2022-11-13,noise,709
Chicago,2022-11-13,other,45
Chicago,2022-11-13,sanitation,246
Chicago,2022-11-13,transport_public_realm,319
Chicago,2022-11-14,housing_buildings,213
Chicago,2022-11-14,information_administration,2029
Chicago,2022-11-14,noise,712
Chicago,2022-11-14,other,133
Chicago,2022-11-14,sanitation,523
Chicago,2022-11-14,transport_public_realm,652
Chicago,2022-11-15,housing_buildings,206
Chicago,2022-11-15,information_administration,1948
Chicago,2022-11-15,noise,978
Chicago,2022-11-15,other,85
Chicago,2022-11-15,sanitation,417
Chicago,2022-11-15,transport_public_realm,593
Chicago,2022-11-16,housing_buildings,164
Chicago,2022-11-16,information_administration,1724
Chicago,2022-11-16,noise,926
Chicago,2022-11-16,other,87
Chicago,2022-11-16,sanitation,348
Chicago,2022-11-16,transport_public_realm,571
Chicago,2022-11-17,housing_buildings,213
Chicago,2022-11-17,information_administration,2053
Chicago,2022-11-17,noise,904
Chicago,2022-11-17,other,100
Chicago,2022-11-17,sanitation,339
Chicago,2022-11-17,transport_public_realm,555
Chicago,2022-11-18,housing_buildings,155
Chicago,2022-11-18,information_administration,2005
Chicago,2022-11-18,noise,940
Chicago,2022-11-18,other,73
Chicago,2022-11-18,sanitation,243
Chicago,2022-11-18,transport_public_realm,407
Chicago,2022-11-19,housing_buildings,95
Chicago,2022-11-19,information_administration,1215
Chicago,2022-11-19,noise,779
Chicago,2022-11-19,other,60
Chicago,2022-11-19,sanitation,128
Chicago,2022-11-19,transport_public_realm,281
Chicago,2022-11-20,housing_buildings,144
Chicago,2022-11-20,information_administration,1174
Chicago,2022-11-20,noise,890
Chicago,2022-11-20,other,59
Chicago,2022-11-20,sanitation,143
Chicago,2022-11-20,transport_public_realm,281
Chicago,2022-11-21,housing_buildings,194
Chicago,2022-11-21,information_administration,2375
Chicago,2022-11-21,noise,1013
Chicago,2022-11-21,other,106
Chicago,2022-11-21,sanitation,391
Chicago,2022-11-21,transport_public_realm,582
Chicago,2022-11-22,housing_buildings,186
Chicago,2022-11-22,information_administration,1906
Chicago,2022-11-22,noise,1080
Chicago,2022-11-22,other,96
Chicago,2022-11-22,sanitation,411
Chicago,2022-11-22,transport_public_realm,553
Chicago,2022-11-23,housing_buildings,197
Chicago,2022-11-23,information_administration,1967
Chicago,2022-11-23,noise,779
Chicago,2022-11-23,other,75
Chicago,2022-11-23,sanitation,422
Chicago,2022-11-23,transport_public_realm,451
Chicago,2022-11-24,housing_buildings,82
Chicago,2022-11-24,information_administration,1399
Chicago,2022-11-24,noise,524
Chicago,2022-11-24,other,36
Chicago,2022-11-24,sanitation,109
Chicago,2022-11-24,transport_public_realm,176
Chicago,2022-11-25,housing_buildings,111
Chicago,2022-11-25,information_administration,1969
Chicago,2022-11-25,noise,706
Chicago,2022-11-25,other,64
Chicago,2022-11-25,sanitation,276
Chicago,2022-11-25,transport_public_realm,390
Chicago,2022-11-26,housing_buildings,56
Chicago,2022-11-26,information_administration,1252
Chicago,2022-11-26,noise,1073
Chicago,2022-11-26,other,56
Chicago,2022-11-26,sanitation,217
Chicago,2022-11-26,transport_public_realm,239
Chicago,2022-11-27,housing_buildings,100
Chicago,2022-11-27,information_administration,1287
Chicago,2022-11-27,noise,596
Chicago,2022-11-27,other,25
Chicago,2022-11-27,sanitation,195
Chicago,2022-11-27,transport_public_realm,263
Chicago,2022-11-28,housing_buildings,233
Chicago,2022-11-28,information_administration,2223
Chicago,2022-11-28,noise,1119
Chicago,2022-11-28,other,107
Chicago,2022-11-28,sanitation,586
Chicago,2022-11-28,transport_public_realm,672
Chicago,2022-11-29,housing_buildings,225
Chicago,2022-11-29,information_administration,2223
Chicago,2022-11-29,noise,1049
Chicago,2022-11-29,other,121
Chicago,2022-11-29,sanitation,551
Chicago,2022-11-29,transport_public_realm,588
Chicago,2022-11-30,housing_buildings,210
Chicago,2022-11-30,information_administration,1989
Chicago,2022-11-30,noise,911
Chicago,2022-11-30,other,110
Chicago,2022-11-30,sanitation,375
Chicago,2022-11-30,transport_public_realm,637
Chicago,2022-12-01,housing_buildings,190
Chicago,2022-12-01,information_administration,1696
Chicago,2022-12-01,noise,1006
Chicago,2022-12-01,other,69
Chicago,2022-12-01,sanitation,343
Chicago,2022-12-01,transport_public_realm,506
Chicago,2022-12-02,housing_buildings,178
Chicago,2022-12-02,information_administration,2607
Chicago,2022-12-02,noise,1189
Chicago,2022-12-02,other,93
Chicago,2022-12-02,sanitation,382
Chicago,2022-12-02,transport_public_realm,586
Chicago,2022-12-03,housing_buildings,88
Chicago,2022-12-03,information_administration,1122
Chicago,2022-12-03,noise,903
Chicago,2022-12-03,other,47
Chicago,2022-12-03,sanitation,155
Chicago,2022-12-03,transport_public_realm,255
Chicago,2022-12-04,housing_buildings,62
Chicago,2022-12-04,information_administration,974
Chicago,2022-12-04,noise,1179
Chicago,2022-12-04,other,45
Chicago,2022-12-04,sanitation,179
Chicago,2022-12-04,transport_public_realm,277
Chicago,2022-12-05,housing_buildings,214
Chicago,2022-12-05,information_administration,2574
Chicago,2022-12-05,noise,1147
Chicago,2022-12-05,other,120
Chicago,2022-12-05,sanitation,439
Chicago,2022-12-05,transport_public_realm,603
Chicago,2022-12-06,housing_buildings,228
Chicago,2022-12-06,information_administration,3629
Chicago,2022-12-06,noise,594
Chicago,2022-12-06,other,97
Chicago,2022-12-06,sanitation,451
Chicago,2022-12-06,transport_public_realm,772
Chicago,2022-12-07,housing_buildings,192
Chicago,2022-12-07,information_administration,2506
Chicago,2022-12-07,noise,819
Chicago,2022-12-07,other,93
Chicago,2022-12-07,sanitation,447
Chicago,2022-12-07,transport_public_realm,627
Chicago,2022-12-08,housing_buildings,196
Chicago,2022-12-08,information_administration,2593
Chicago,2022-12-08,noise,474
Chicago,2022-12-08,other,105
Chicago,2022-12-08,sanitation,393
Chicago,2022-12-08,transport_public_realm,672
Chicago,2022-12-09,housing_buildings,218
Chicago,2022-12-09,information_administration,2473
Chicago,2022-12-09,noise,193
Chicago,2022-12-09,other,87
Chicago,2022-12-09,sanitation,309
Chicago,2022-12-09,transport_public_realm,455
Chicago,2022-12-10,housing_buildings,85
Chicago,2022-12-10,information_administration,1216
Chicago,2022-12-10,noise,488
Chicago,2022-12-10,other,44
Chicago,2022-12-10,sanitation,152
Chicago,2022-12-10,transport_public_realm,253
Chicago,2022-12-11,housing_buildings,66
Chicago,2022-12-11,information_administration,1251
Chicago,2022-12-11,noise,1388
Chicago,2022-12-11,other,26
Chicago,2022-12-11,sanitation,150
Chicago,2022-12-11,transport_public_realm,243
Chicago,2022-12-12,housing_buildings,198
Chicago,2022-12-12,information_administration,2727
Chicago,2022-12-12,noise,753
Chicago,2022-12-12,other,109
Chicago,2022-12-12,sanitation,478
Chicago,2022-12-12,transport_public_realm,633
Chicago,2022-12-13,housing_buildings,180
Chicago,2022-12-13,information_administration,2611
Chicago,2022-12-13,noise,795
Chicago,2022-12-13,other,86
Chicago,2022-12-13,sanitation,399
Chicago,2022-12-13,transport_public_realm,625
Chicago,2022-12-14,housing_buildings,214
Chicago,2022-12-14,information_administration,2424
Chicago,2022-12-14,noise,590
Chicago,2022-12-14,other,77
Chicago,2022-12-14,sanitation,316
Chicago,2022-12-14,transport_public_realm,642
Chicago,2022-12-15,housing_buildings,285
Chicago,2022-12-15,information_administration,2149
Chicago,2022-12-15,noise,859
Chicago,2022-12-15,other,67
Chicago,2022-12-15,sanitation,336
Chicago,2022-12-15,transport_public_realm,701
Chicago,2022-12-16,housing_buildings,175
Chicago,2022-12-16,information_administration,2294
Chicago,2022-12-16,noise,785
Chicago,2022-12-16,other,57
Chicago,2022-12-16,sanitation,231
Chicago,2022-12-16,transport_public_realm,567
Chicago,2022-12-17,housing_buildings,84
Chicago,2022-12-17,information_administration,1141
Chicago,2022-12-17,noise,985
Chicago,2022-12-17,other,61
Chicago,2022-12-17,sanitation,83
Chicago,2022-12-17,transport_public_realm,235
Chicago,2022-12-18,housing_buildings,83
Chicago,2022-12-18,information_administration,880
Chicago,2022-12-18,noise,1084
Chicago,2022-12-18,other,33
Chicago,2022-12-18,sanitation,67
Chicago,2022-12-18,transport_public_realm,254
Chicago,2022-12-19,housing_buildings,174
Chicago,2022-12-19,information_administration,2465
Chicago,2022-12-19,noise,875
Chicago,2022-12-19,other,118
Chicago,2022-12-19,sanitation,348
Chicago,2022-12-19,transport_public_realm,786
Chicago,2022-12-20,housing_buildings,166
Chicago,2022-12-20,information_administration,2408
Chicago,2022-12-20,noise,906
Chicago,2022-12-20,other,73
Chicago,2022-12-20,sanitation,287
Chicago,2022-12-20,transport_public_realm,647
Chicago,2022-12-21,housing_buildings,154
Chicago,2022-12-21,information_administration,2538
Chicago,2022-12-21,noise,847
Chicago,2022-12-21,other,97
Chicago,2022-12-21,sanitation,247
Chicago,2022-12-21,transport_public_realm,547
Chicago,2022-12-22,housing_buildings,161
Chicago,2022-12-22,information_administration,2607
Chicago,2022-12-22,noise,538
Chicago,2022-12-22,other,64
Chicago,2022-12-22,sanitation,210
Chicago,2022-12-22,transport_public_realm,425
Chicago,2022-12-23,housing_buildings,324
Chicago,2022-12-23,information_administration,1446
Chicago,2022-12-23,noise,260
Chicago,2022-12-23,other,69
Chicago,2022-12-23,sanitation,106
Chicago,2022-12-23,transport_public_realm,307
Chicago,2022-12-24,housing_buildings,270
Chicago,2022-12-24,information_administration,912
Chicago,2022-12-24,noise,393
Chicago,2022-12-24,other,49
Chicago,2022-12-24,sanitation,35
Chicago,2022-12-24,transport_public_realm,211
Chicago,2022-12-25,housing_buildings,194
Chicago,2022-12-25,information_administration,525
Chicago,2022-12-25,noise,222
Chicago,2022-12-25,other,69
Chicago,2022-12-25,sanitation,40
Chicago,2022-12-25,transport_public_realm,165
Chicago,2022-12-26,housing_buildings,334
Chicago,2022-12-26,information_administration,1330
Chicago,2022-12-26,noise,579
Chicago,2022-12-26,other,109
Chicago,2022-12-26,sanitation,128
Chicago,2022-12-26,transport_public_realm,272
Chicago,2022-12-27,housing_buildings,403
Chicago,2022-12-27,information_administration,1723
Chicago,2022-12-27,noise,616
Chicago,2022-12-27,other,111
Chicago,2022-12-27,sanitation,251
Chicago,2022-12-27,transport_public_realm,659
Chicago,2022-12-28,housing_buildings,360
Chicago,2022-12-28,information_administration,1734
Chicago,2022-12-28,noise,907
Chicago,2022-12-28,other,117
Chicago,2022-12-28,sanitation,356
Chicago,2022-12-28,transport_public_realm,589
Chicago,2022-12-29,housing_buildings,295
Chicago,2022-12-29,information_administration,2227
Chicago,2022-12-29,noise,1155
Chicago,2022-12-29,other,130
Chicago,2022-12-29,sanitation,495
Chicago,2022-12-29,transport_public_realm,635
Chicago,2022-12-30,housing_buildings,236
Chicago,2022-12-30,information_administration,2475
Chicago,2022-12-30,noise,985
Chicago,2022-12-30,other,159
Chicago,2022-12-30,sanitation,433
Chicago,2022-12-30,transport_public_realm,595
Chicago,2022-12-31,housing_buildings,100
Chicago,2022-12-31,information_administration,1126
Chicago,2022-12-31,noise,915
Chicago,2022-12-31,other,84
Chicago,2022-12-31,sanitation,147
Chicago,2022-12-31,transport_public_realm,263
Chicago,2023-01-01,housing_buildings,69
Chicago,2023-01-01,information_administration,980
Chicago,2023-01-01,noise,578
Chicago,2023-01-01,other,52
Chicago,2023-01-01,sanitation,99
Chicago,2023-01-01,transport_public_realm,349
Chicago,2023-01-02,housing_buildings,173
Chicago,2023-01-02,information_administration,1522
Chicago,2023-01-02,noise,727
Chicago,2023-01-02,other,115
Chicago,2023-01-02,sanitation,257
Chicago,2023-01-02,transport_public_realm,402
Chicago,2023-01-03,housing_buildings,341
Chicago,2023-01-03,information_administration,2006
Chicago,2023-01-03,noise,799
Chicago,2023-01-03,other,96
Chicago,2023-01-03,sanitation,453
Chicago,2023-01-03,transport_public_realm,1195
Chicago,2023-01-04,housing_buildings,251
Chicago,2023-01-04,information_administration,2445
Chicago,2023-01-04,noise,904
Chicago,2023-01-04,other,109
Chicago,2023-01-04,sanitation,524
Chicago,2023-01-04,transport_public_realm,971
Chicago,2023-01-05,housing_buildings,230
Chicago,2023-01-05,information_administration,2260
Chicago,2023-01-05,noise,826
Chicago,2023-01-05,other,84
Chicago,2023-01-05,sanitation,404
Chicago,2023-01-05,transport_public_realm,800
Chicago,2023-01-06,housing_buildings,171
Chicago,2023-01-06,information_administration,2544
Chicago,2023-01-06,noise,936
Chicago,2023-01-06,other,92
Chicago,2023-01-06,sanitation,373
Chicago,2023-01-06,transport_public_realm,759
Chicago,2023-01-07,housing_buildings,47
Chicago,2023-01-07,information_administration,634
Chicago,2023-01-07,noise,586
Chicago,2023-01-07,other,28
Chicago,2023-01-07,sanitation,84
Chicago,2023-01-07,transport_public_realm,147
Chicago,2023-01-08,housing_buildings,103
Chicago,2023-01-08,information_administration,1179
Chicago,2023-01-08,noise,805
Chicago,2023-01-08,other,34
Chicago,2023-01-08,sanitation,123
Chicago,2023-01-08,transport_public_realm,249
Chicago,2023-01-09,housing_buildings,227
Chicago,2023-01-09,information_administration,2814
Chicago,2023-01-09,noise,922
Chicago,2023-01-09,other,126
Chicago,2023-01-09,sanitation,549
Chicago,2023-01-09,transport_public_realm,2895
Chicago,2023-01-10,housing_buildings,209
Chicago,2023-01-10,information_administration,2587
Chicago,2023-01-10,noise,984
Chicago,2023-01-10,other,133
Chicago,2023-01-10,sanitation,438
Chicago,2023-01-10,transport_public_realm,1086
Chicago,2023-01-11,housing_buildings,216
Chicago,2023-01-11,information_administration,2365
Chicago,2023-01-11,noise,551
Chicago,2023-01-11,other,129
Chicago,2023-01-11,sanitation,530
Chicago,2023-01-11,transport_public_realm,995
Chicago,2023-01-12,housing_buildings,213
Chicago,2023-01-12,information_administration,2533
Chicago,2023-01-12,noise,360
Chicago,2023-01-12,other,106
Chicago,2023-01-12,sanitation,409
Chicago,2023-01-12,transport_public_realm,857
Chicago,2023-01-13,housing_buildings,182
Chicago,2023-01-13,information_administration,2578
Chicago,2023-01-13,noise,605
Chicago,2023-01-13,other,73
Chicago,2023-01-13,sanitation,328
Chicago,2023-01-13,transport_public_realm,812
Chicago,2023-01-14,housing_buildings,128
Chicago,2023-01-14,information_administration,1417
Chicago,2023-01-14,noise,450
Chicago,2023-01-14,other,53
Chicago,2023-01-14,sanitation,126
Chicago,2023-01-14,transport_public_realm,292
Chicago,2023-01-15,housing_buildings,72
Chicago,2023-01-15,information_administration,1659
Chicago,2023-01-15,noise,431
Chicago,2023-01-15,other,60
Chicago,2023-01-15,sanitation,136
Chicago,2023-01-15,transport_public_realm,375
Chicago,2023-01-16,housing_buildings,136
Chicago,2023-01-16,information_administration,2150
Chicago,2023-01-16,noise,669
Chicago,2023-01-16,other,54
Chicago,2023-01-16,sanitation,232
Chicago,2023-01-16,transport_public_realm,450
Chicago,2023-01-17,housing_buildings,236
Chicago,2023-01-17,information_administration,2600
Chicago,2023-01-17,noise,702
Chicago,2023-01-17,other,105
Chicago,2023-01-17,sanitation,442
Chicago,2023-01-17,transport_public_realm,1070
Chicago,2023-01-18,housing_buildings,230
Chicago,2023-01-18,information_administration,2675
Chicago,2023-01-18,noise,841
Chicago,2023-01-18,other,117
Chicago,2023-01-18,sanitation,415
Chicago,2023-01-18,transport_public_realm,773
Chicago,2023-01-19,housing_buildings,273
Chicago,2023-01-19,information_administration,2275
Chicago,2023-01-19,noise,563
Chicago,2023-01-19,other,129
Chicago,2023-01-19,sanitation,368
Chicago,2023-01-19,transport_public_realm,882
Chicago,2023-01-20,housing_buildings,198
Chicago,2023-01-20,information_administration,2325
Chicago,2023-01-20,noise,1059
Chicago,2023-01-20,other,83
Chicago,2023-01-20,sanitation,331
Chicago,2023-01-20,transport_public_realm,774
Chicago,2023-01-21,housing_buildings,77
Chicago,2023-01-21,information_administration,1693
Chicago,2023-01-21,noise,638
Chicago,2023-01-21,other,54
Chicago,2023-01-21,sanitation,131
Chicago,2023-01-21,transport_public_realm,309
Chicago,2023-01-22,housing_buildings,78
Chicago,2023-01-22,information_administration,1599
Chicago,2023-01-22,noise,697
Chicago,2023-01-22,other,33
Chicago,2023-01-22,sanitation,104
Chicago,2023-01-22,transport_public_realm,338
Chicago,2023-01-23,housing_buildings,160
Chicago,2023-01-23,information_administration,2311
Chicago,2023-01-23,noise,870
Chicago,2023-01-23,other,68
Chicago,2023-01-23,sanitation,363
Chicago,2023-01-23,transport_public_realm,1054
Chicago,2023-01-24,housing_buildings,206
Chicago,2023-01-24,information_administration,2420
Chicago,2023-01-24,noise,667
Chicago,2023-01-24,other,92
Chicago,2023-01-24,sanitation,363
Chicago,2023-01-24,transport_public_realm,1103
Chicago,2023-01-25,housing_buildings,219
Chicago,2023-01-25,information_administration,2412
Chicago,2023-01-25,noise,619
Chicago,2023-01-25,other,78
Chicago,2023-01-25,sanitation,273
Chicago,2023-01-25,transport_public_realm,695
Chicago,2023-01-26,housing_buildings,207
Chicago,2023-01-26,information_administration,2518
Chicago,2023-01-26,noise,457
Chicago,2023-01-26,other,113
Chicago,2023-01-26,sanitation,240
Chicago,2023-01-26,transport_public_realm,667
Chicago,2023-01-27,housing_buildings,208
Chicago,2023-01-27,information_administration,2380
Chicago,2023-01-27,noise,732
Chicago,2023-01-27,other,74
Chicago,2023-01-27,sanitation,212
Chicago,2023-01-27,transport_public_realm,725
Chicago,2023-01-28,housing_buildings,137
Chicago,2023-01-28,information_administration,1795
Chicago,2023-01-28,noise,692
Chicago,2023-01-28,other,38
Chicago,2023-01-28,sanitation,89
Chicago,2023-01-28,transport_public_realm,329
Chicago,2023-01-29,housing_buildings,77
Chicago,2023-01-29,information_administration,1571
Chicago,2023-01-29,noise,816
Chicago,2023-01-29,other,25
Chicago,2023-01-29,sanitation,74
Chicago,2023-01-29,transport_public_realm,231
Chicago,2023-01-30,housing_buildings,220
Chicago,2023-01-30,information_administration,2383
Chicago,2023-01-30,noise,488
Chicago,2023-01-30,other,102
Chicago,2023-01-30,sanitation,281
Chicago,2023-01-30,transport_public_realm,1060
Chicago,2023-01-31,housing_buildings,201
Chicago,2023-01-31,information_administration,2655
Chicago,2023-01-31,noise,573
Chicago,2023-01-31,other,119
Chicago,2023-01-31,sanitation,294
Chicago,2023-01-31,transport_public_realm,1076
Chicago,2023-02-01,housing_buildings,209
Chicago,2023-02-01,information_administration,2528
Chicago,2023-02-01,noise,572
Chicago,2023-02-01,other,102
Chicago,2023-02-01,sanitation,294
Chicago,2023-02-01,transport_public_realm,941
Chicago,2023-02-02,housing_buildings,173
Chicago,2023-02-02,information_administration,2681
Chicago,2023-02-02,noise,764
Chicago,2023-02-02,other,127
Chicago,2023-02-02,sanitation,285
Chicago,2023-02-02,transport_public_realm,1033
Chicago,2023-02-03,housing_buildings,194
Chicago,2023-02-03,information_administration,2459
Chicago,2023-02-03,noise,822
Chicago,2023-02-03,other,91
Chicago,2023-02-03,sanitation,238
Chicago,2023-02-03,transport_public_realm,683
Chicago,2023-02-04,housing_buildings,134
Chicago,2023-02-04,information_administration,1667
Chicago,2023-02-04,noise,747
Chicago,2023-02-04,other,88
Chicago,2023-02-04,sanitation,130
Chicago,2023-02-04,transport_public_realm,349
Chicago,2023-02-05,housing_buildings,102
Chicago,2023-02-05,information_administration,1497
Chicago,2023-02-05,noise,711
Chicago,2023-02-05,other,54
Chicago,2023-02-05,sanitation,134
Chicago,2023-02-05,transport_public_realm,330
Chicago,2023-02-06,housing_buildings,224
Chicago,2023-02-06,information_administration,2751
Chicago,2023-02-06,noise,519
Chicago,2023-02-06,other,127
Chicago,2023-02-06,sanitation,360
Chicago,2023-02-06,transport_public_realm,923
Chicago,2023-02-07,housing_buildings,227
Chicago,2023-02-07,information_administration,2766
Chicago,2023-02-07,noise,778
Chicago,2023-02-07,other,121
Chicago,2023-02-07,sanitation,366
Chicago,2023-02-07,transport_public_realm,1076
Chicago,2023-02-08,housing_buildings,216
Chicago,2023-02-08,information_administration,2511
Chicago,2023-02-08,noise,483
Chicago,2023-02-08,other,99
Chicago,2023-02-08,sanitation,355
Chicago,2023-02-08,transport_public_realm,887
Chicago,2023-02-09,housing_buildings,387
Chicago,2023-02-09,information_administration,2098
Chicago,2023-02-09,noise,574
Chicago,2023-02-09,other,78
Chicago,2023-02-09,sanitation,361
Chicago,2023-02-09,transport_public_realm,1392
Chicago,2023-02-10,housing_buildings,231
Chicago,2023-02-10,information_administration,2300
Chicago,2023-02-10,noise,487
Chicago,2023-02-10,other,110
Chicago,2023-02-10,sanitation,317
Chicago,2023-02-10,transport_public_realm,1021
Chicago,2023-02-11,housing_buildings,104
Chicago,2023-02-11,information_administration,1609
Chicago,2023-02-11,noise,161
Chicago,2023-02-11,other,65
Chicago,2023-02-11,sanitation,138
Chicago,2023-02-11,transport_public_realm,462
Chicago,2023-02-12,housing_buildings,56
Chicago,2023-02-12,information_administration,1679
Chicago,2023-02-12,noise,496
Chicago,2023-02-12,other,48
Chicago,2023-02-12,sanitation,149
Chicago,2023-02-12,transport_public_realm,389
Chicago,2023-02-13,housing_buildings,200
Chicago,2023-02-13,information_administration,2447
Chicago,2023-02-13,noise,1519
Chicago,2023-02-13,other,125
Chicago,2023-02-13,sanitation,342
Chicago,2023-02-13,transport_public_realm,948
Chicago,2023-02-14,housing_buildings,245
Chicago,2023-02-14,information_administration,2701
Chicago,2023-02-14,noise,741
Chicago,2023-02-14,other,115
Chicago,2023-02-14,sanitation,424
Chicago,2023-02-14,transport_public_realm,994
Chicago,2023-02-15,housing_buildings,266
Chicago,2023-02-15,information_administration,3191
Chicago,2023-02-15,noise,503
Chicago,2023-02-15,other,247
Chicago,2023-02-15,sanitation,406
Chicago,2023-02-15,transport_public_realm,1192
Chicago,2023-02-16,housing_buildings,270
Chicago,2023-02-16,information_administration,2579
Chicago,2023-02-16,noise,489
Chicago,2023-02-16,other,128
Chicago,2023-02-16,sanitation,297
Chicago,2023-02-16,transport_public_realm,848
Chicago,2023-02-17,housing_buildings,201
Chicago,2023-02-17,information_administration,2295
Chicago,2023-02-17,noise,415
Chicago,2023-02-17,other,97
Chicago,2023-02-17,sanitation,293
Chicago,2023-02-17,transport_public_realm,794
Chicago,2023-02-18,housing_buildings,82
Chicago,2023-02-18,information_administration,1594
Chicago,2023-02-18,noise,504
Chicago,2023-02-18,other,61
Chicago,2023-02-18,sanitation,115
Chicago,2023-02-18,transport_public_realm,443
Chicago,2023-02-19,housing_buildings,81
Chicago,2023-02-19,information_administration,1597
Chicago,2023-02-19,noise,760
Chicago,2023-02-19,other,54
Chicago,2023-02-19,sanitation,122
Chicago,2023-02-19,transport_public_realm,417
Chicago,2023-02-20,housing_buildings,174
Chicago,2023-02-20,information_administration,2634
Chicago,2023-02-20,noise,610
Chicago,2023-02-20,other,93
Chicago,2023-02-20,sanitation,300
Chicago,2023-02-20,transport_public_realm,887
Chicago,2023-02-21,housing_buildings,322
Chicago,2023-02-21,information_administration,2839
Chicago,2023-02-21,noise,501
Chicago,2023-02-21,other,143
Chicago,2023-02-21,sanitation,390
Chicago,2023-02-21,transport_public_realm,1084
Chicago,2023-02-22,housing_buildings,362
Chicago,2023-02-22,information_administration,2537
Chicago,2023-02-22,noise,425
Chicago,2023-02-22,other,94
Chicago,2023-02-22,sanitation,335
Chicago,2023-02-22,transport_public_realm,1083
Chicago,2023-02-23,housing_buildings,331
Chicago,2023-02-23,information_administration,2613
Chicago,2023-02-23,noise,745
Chicago,2023-02-23,other,127
Chicago,2023-02-23,sanitation,373
Chicago,2023-02-23,transport_public_realm,1246
Chicago,2023-02-24,housing_buildings,254
Chicago,2023-02-24,information_administration,2599
Chicago,2023-02-24,noise,655
Chicago,2023-02-24,other,90
Chicago,2023-02-24,sanitation,338
Chicago,2023-02-24,transport_public_realm,979
Chicago,2023-02-25,housing_buildings,99
Chicago,2023-02-25,information_administration,1620
Chicago,2023-02-25,noise,785
Chicago,2023-02-25,other,61
Chicago,2023-02-25,sanitation,111
Chicago,2023-02-25,transport_public_realm,452
Chicago,2023-02-26,housing_buildings,98
Chicago,2023-02-26,information_administration,1717
Chicago,2023-02-26,noise,676
Chicago,2023-02-26,other,49
Chicago,2023-02-26,sanitation,146
Chicago,2023-02-26,transport_public_realm,465
Chicago,2023-02-27,housing_buildings,509
Chicago,2023-02-27,information_administration,2336
Chicago,2023-02-27,noise,1208
Chicago,2023-02-27,other,124
Chicago,2023-02-27,sanitation,411
Chicago,2023-02-27,transport_public_realm,1593
Chicago,2023-02-28,housing_buildings,239
Chicago,2023-02-28,information_administration,2567
Chicago,2023-02-28,noise,661
Chicago,2023-02-28,other,103
Chicago,2023-02-28,sanitation,387
Chicago,2023-02-28,transport_public_realm,1155
Chicago,2023-03-01,housing_buildings,268
Chicago,2023-03-01,information_administration,2235
Chicago,2023-03-01,noise,802
Chicago,2023-03-01,other,110
Chicago,2023-03-01,sanitation,351
Chicago,2023-03-01,transport_public_realm,1086
Chicago,2023-03-02,housing_buildings,248
Chicago,2023-03-02,information_administration,2248
Chicago,2023-03-02,noise,664
Chicago,2023-03-02,other,110
Chicago,2023-03-02,sanitation,371
Chicago,2023-03-02,transport_public_realm,1107
Chicago,2023-03-03,housing_buildings,207
Chicago,2023-03-03,information_administration,2820
Chicago,2023-03-03,noise,626
Chicago,2023-03-03,other,88
Chicago,2023-03-03,sanitation,338
Chicago,2023-03-03,transport_public_realm,893
Chicago,2023-03-04,housing_buildings,87
Chicago,2023-03-04,information_administration,1941
Chicago,2023-03-04,noise,1101
Chicago,2023-03-04,other,47
Chicago,2023-03-04,sanitation,165
Chicago,2023-03-04,transport_public_realm,407
Chicago,2023-03-05,housing_buildings,80
Chicago,2023-03-05,information_administration,1666
Chicago,2023-03-05,noise,712
Chicago,2023-03-05,other,41
Chicago,2023-03-05,sanitation,178
Chicago,2023-03-05,transport_public_realm,399
Chicago,2023-03-06,housing_buildings,161
Chicago,2023-03-06,information_administration,2265
Chicago,2023-03-06,noise,804
Chicago,2023-03-06,other,86
Chicago,2023-03-06,sanitation,346
Chicago,2023-03-06,transport_public_realm,642
Chicago,2023-03-07,housing_buildings,243
Chicago,2023-03-07,information_administration,2992
Chicago,2023-03-07,noise,626
Chicago,2023-03-07,other,117
Chicago,2023-03-07,sanitation,462
Chicago,2023-03-07,transport_public_realm,912
Chicago,2023-03-08,housing_buildings,199
Chicago,2023-03-08,information_administration,2368
Chicago,2023-03-08,noise,462
Chicago,2023-03-08,other,106
Chicago,2023-03-08,sanitation,393
Chicago,2023-03-08,transport_public_realm,976
Chicago,2023-03-09,housing_buildings,212
Chicago,2023-03-09,information_administration,2587
Chicago,2023-03-09,noise,449
Chicago,2023-03-09,other,109
Chicago,2023-03-09,sanitation,426
Chicago,2023-03-09,transport_public_realm,891
Chicago,2023-03-10,housing_buildings,164
Chicago,2023-03-10,information_administration,2235
Chicago,2023-03-10,noise,733
Chicago,2023-03-10,other,127
Chicago,2023-03-10,sanitation,318
Chicago,2023-03-10,transport_public_realm,869
Chicago,2023-03-11,housing_buildings,83
Chicago,2023-03-11,information_administration,1874
Chicago,2023-03-11,noise,563
Chicago,2023-03-11,other,67
Chicago,2023-03-11,sanitation,127
Chicago,2023-03-11,transport_public_realm,367
Chicago,2023-03-12,housing_buildings,94
Chicago,2023-03-12,information_administration,1671
Chicago,2023-03-12,noise,1026
Chicago,2023-03-12,other,32
Chicago,2023-03-12,sanitation,94
Chicago,2023-03-12,transport_public_realm,385
Chicago,2023-03-13,housing_buildings,212
Chicago,2023-03-13,information_administration,2566
Chicago,2023-03-13,noise,792
Chicago,2023-03-13,other,185
Chicago,2023-03-13,sanitation,367
Chicago,2023-03-13,transport_public_realm,1070
Chicago,2023-03-14,housing_buildings,214
Chicago,2023-03-14,information_administration,2546
Chicago,2023-03-14,noise,669
Chicago,2023-03-14,other,100
Chicago,2023-03-14,sanitation,426
Chicago,2023-03-14,transport_public_realm,1002
Chicago,2023-03-15,housing_buildings,245
Chicago,2023-03-15,information_administration,2189
Chicago,2023-03-15,noise,1067
Chicago,2023-03-15,other,92
Chicago,2023-03-15,sanitation,362
Chicago,2023-03-15,transport_public_realm,1092
Chicago,2023-03-16,housing_buildings,200
Chicago,2023-03-16,information_administration,2330
Chicago,2023-03-16,noise,1170
Chicago,2023-03-16,other,107
Chicago,2023-03-16,sanitation,330
Chicago,2023-03-16,transport_public_realm,902
Chicago,2023-03-17,housing_buildings,229
Chicago,2023-03-17,information_administration,2333
Chicago,2023-03-17,noise,764
Chicago,2023-03-17,other,126
Chicago,2023-03-17,sanitation,314
Chicago,2023-03-17,transport_public_realm,842
Chicago,2023-03-18,housing_buildings,76
Chicago,2023-03-18,information_administration,1516
Chicago,2023-03-18,noise,941
Chicago,2023-03-18,other,42
Chicago,2023-03-18,sanitation,133
Chicago,2023-03-18,transport_public_realm,407
Chicago,2023-03-19,housing_buildings,66
Chicago,2023-03-19,information_administration,1675
Chicago,2023-03-19,noise,1133
Chicago,2023-03-19,other,76
Chicago,2023-03-19,sanitation,136
Chicago,2023-03-19,transport_public_realm,424
Chicago,2023-03-20,housing_buildings,242
Chicago,2023-03-20,information_administration,2332
Chicago,2023-03-20,noise,963
Chicago,2023-03-20,other,146
Chicago,2023-03-20,sanitation,444
Chicago,2023-03-20,transport_public_realm,929
Chicago,2023-03-21,housing_buildings,236
Chicago,2023-03-21,information_administration,2283
Chicago,2023-03-21,noise,889
Chicago,2023-03-21,other,137
Chicago,2023-03-21,sanitation,490
Chicago,2023-03-21,transport_public_realm,950
Chicago,2023-03-22,housing_buildings,193
Chicago,2023-03-22,information_administration,2608
Chicago,2023-03-22,noise,768
Chicago,2023-03-22,other,136
Chicago,2023-03-22,sanitation,472
Chicago,2023-03-22,transport_public_realm,931
Chicago,2023-03-23,housing_buildings,242
Chicago,2023-03-23,information_administration,2433
Chicago,2023-03-23,noise,837
Chicago,2023-03-23,other,130
Chicago,2023-03-23,sanitation,435
Chicago,2023-03-23,transport_public_realm,881
Chicago,2023-03-24,housing_buildings,191
Chicago,2023-03-24,information_administration,2234
Chicago,2023-03-24,noise,725
Chicago,2023-03-24,other,109
Chicago,2023-03-24,sanitation,366
Chicago,2023-03-24,transport_public_realm,759
Chicago,2023-03-25,housing_buildings,117
Chicago,2023-03-25,information_administration,1570
Chicago,2023-03-25,noise,689
Chicago,2023-03-25,other,65
Chicago,2023-03-25,sanitation,142
Chicago,2023-03-25,transport_public_realm,418
Chicago,2023-03-26,housing_buildings,83
Chicago,2023-03-26,information_administration,1567
Chicago,2023-03-26,noise,696
Chicago,2023-03-26,other,48
Chicago,2023-03-26,sanitation,156
Chicago,2023-03-26,transport_public_realm,421
Chicago,2023-03-27,housing_buildings,254
Chicago,2023-03-27,information_administration,2353
Chicago,2023-03-27,noise,661
Chicago,2023-03-27,other,105
Chicago,2023-03-27,sanitation,451
Chicago,2023-03-27,transport_public_realm,883
Chicago,2023-03-28,housing_buildings,244
Chicago,2023-03-28,information_administration,2184
Chicago,2023-03-28,noise,984
Chicago,2023-03-28,other,110
Chicago,2023-03-28,sanitation,438
Chicago,2023-03-28,transport_public_realm,912
Chicago,2023-03-29,housing_buildings,198
Chicago,2023-03-29,information_administration,2036
Chicago,2023-03-29,noise,630
Chicago,2023-03-29,other,102
Chicago,2023-03-29,sanitation,403
Chicago,2023-03-29,transport_public_realm,841
Chicago,2023-03-30,housing_buildings,211
Chicago,2023-03-30,information_administration,2417
Chicago,2023-03-30,noise,897
Chicago,2023-03-30,other,92
Chicago,2023-03-30,sanitation,387
Chicago,2023-03-30,transport_public_realm,878
Chicago,2023-03-31,housing_buildings,250
Chicago,2023-03-31,information_administration,2453
Chicago,2023-03-31,noise,729
Chicago,2023-03-31,other,220
Chicago,2023-03-31,sanitation,405
Chicago,2023-03-31,transport_public_realm,740
Chicago,2023-04-01,housing_buildings,102
Chicago,2023-04-01,information_administration,1827
Chicago,2023-04-01,noise,968
Chicago,2023-04-01,other,299
Chicago,2023-04-01,sanitation,178
Chicago,2023-04-01,transport_public_realm,477
Chicago,2023-04-02,housing_buildings,87
Chicago,2023-04-02,information_administration,1667
Chicago,2023-04-02,noise,1025
Chicago,2023-04-02,other,94
Chicago,2023-04-02,sanitation,191
Chicago,2023-04-02,transport_public_realm,405
Chicago,2023-04-03,housing_buildings,221
Chicago,2023-04-03,information_administration,2355
Chicago,2023-04-03,noise,648
Chicago,2023-04-03,other,211
Chicago,2023-04-03,sanitation,462
Chicago,2023-04-03,transport_public_realm,770
Chicago,2023-04-04,housing_buildings,279
Chicago,2023-04-04,information_administration,2236
Chicago,2023-04-04,noise,780
Chicago,2023-04-04,other,398
Chicago,2023-04-04,sanitation,402
Chicago,2023-04-04,transport_public_realm,863
Chicago,2023-04-05,housing_buildings,316
Chicago,2023-04-05,information_administration,1886
Chicago,2023-04-05,noise,648
Chicago,2023-04-05,other,231
Chicago,2023-04-05,sanitation,404
Chicago,2023-04-05,transport_public_realm,910
Chicago,2023-04-06,housing_buildings,194
Chicago,2023-04-06,information_administration,2113
Chicago,2023-04-06,noise,888
Chicago,2023-04-06,other,161
Chicago,2023-04-06,sanitation,394
Chicago,2023-04-06,transport_public_realm,846
Chicago,2023-04-07,housing_buildings,181
Chicago,2023-04-07,information_administration,2080
Chicago,2023-04-07,noise,620
Chicago,2023-04-07,other,121
Chicago,2023-04-07,sanitation,332
Chicago,2023-04-07,transport_public_realm,689
Chicago,2023-04-08,housing_buildings,106
Chicago,2023-04-08,information_administration,1055
Chicago,2023-04-08,noise,564
Chicago,2023-04-08,other,59
Chicago,2023-04-08,sanitation,185
Chicago,2023-04-08,transport_public_realm,379
Chicago,2023-04-09,housing_buildings,75
Chicago,2023-04-09,information_administration,1124
Chicago,2023-04-09,noise,915
Chicago,2023-04-09,other,56
Chicago,2023-04-09,sanitation,196
Chicago,2023-04-09,transport_public_realm,334
Chicago,2023-04-10,housing_buildings,237
Chicago,2023-04-10,information_administration,2276
Chicago,2023-04-10,noise,932
Chicago,2023-04-10,other,168
Chicago,2023-04-10,sanitation,537
Chicago,2023-04-10,transport_public_realm,815
Chicago,2023-04-11,housing_buildings,236
Chicago,2023-04-11,information_administration,2099
Chicago,2023-04-11,noise,894
Chicago,2023-04-11,other,233
Chicago,2023-04-11,sanitation,604
Chicago,2023-04-11,transport_public_realm,807
Chicago,2023-04-12,housing_buildings,207
Chicago,2023-04-12,information_administration,2498
Chicago,2023-04-12,noise,1004
Chicago,2023-04-12,other,186
Chicago,2023-04-12,sanitation,574
Chicago,2023-04-12,transport_public_realm,938
Chicago,2023-04-13,housing_buildings,218
Chicago,2023-04-13,information_administration,2425
Chicago,2023-04-13,noise,1138
Chicago,2023-04-13,other,199
Chicago,2023-04-13,sanitation,567
Chicago,2023-04-13,transport_public_realm,820
Chicago,2023-04-14,housing_buildings,219
Chicago,2023-04-14,information_administration,2312
Chicago,2023-04-14,noise,964
Chicago,2023-04-14,other,194
Chicago,2023-04-14,sanitation,429
Chicago,2023-04-14,transport_public_realm,687
Chicago,2023-04-15,housing_buildings,95
Chicago,2023-04-15,information_administration,1877
Chicago,2023-04-15,noise,1168
Chicago,2023-04-15,other,123
Chicago,2023-04-15,sanitation,269
Chicago,2023-04-15,transport_public_realm,406
Chicago,2023-04-16,housing_buildings,83
Chicago,2023-04-16,information_administration,1624
Chicago,2023-04-16,noise,952
Chicago,2023-04-16,other,87
Chicago,2023-04-16,sanitation,202
Chicago,2023-04-16,transport_public_realm,329
Chicago,2023-04-17,housing_buildings,183
Chicago,2023-04-17,information_administration,2356
Chicago,2023-04-17,noise,977
Chicago,2023-04-17,other,159
Chicago,2023-04-17,sanitation,451
Chicago,2023-04-17,transport_public_realm,766
Chicago,2023-04-18,housing_buildings,245
Chicago,2023-04-18,information_administration,2503
Chicago,2023-04-18,noise,809
Chicago,2023-04-18,other,135
Chicago,2023-04-18,sanitation,527
Chicago,2023-04-18,transport_public_realm,748
Chicago,2023-04-19,housing_buildings,208
Chicago,2023-04-19,information_administration,2247
Chicago,2023-04-19,noise,829
Chicago,2023-04-19,other,157
Chicago,2023-04-19,sanitation,511
Chicago,2023-04-19,transport_public_realm,702
Chicago,2023-04-20,housing_buildings,183
Chicago,2023-04-20,information_administration,2343
Chicago,2023-04-20,noise,858
Chicago,2023-04-20,other,162
Chicago,2023-04-20,sanitation,504
Chicago,2023-04-20,transport_public_realm,752
Chicago,2023-04-21,housing_buildings,187
Chicago,2023-04-21,information_administration,2058
Chicago,2023-04-21,noise,933
Chicago,2023-04-21,other,135
Chicago,2023-04-21,sanitation,409
Chicago,2023-04-21,transport_public_realm,704
Chicago,2023-04-22,housing_buildings,95
Chicago,2023-04-22,information_administration,1630
Chicago,2023-04-22,noise,653
Chicago,2023-04-22,other,81
Chicago,2023-04-22,sanitation,180
Chicago,2023-04-22,transport_public_realm,346
Chicago,2023-04-23,housing_buildings,77
Chicago,2023-04-23,information_administration,1364
Chicago,2023-04-23,noise,1169
Chicago,2023-04-23,other,65
Chicago,2023-04-23,sanitation,173
Chicago,2023-04-23,transport_public_realm,298
Chicago,2023-04-24,housing_buildings,231
Chicago,2023-04-24,information_administration,2553
Chicago,2023-04-24,noise,910
Chicago,2023-04-24,other,139
Chicago,2023-04-24,sanitation,576
Chicago,2023-04-24,transport_public_realm,769
Chicago,2023-04-25,housing_buildings,244
Chicago,2023-04-25,information_administration,2070
Chicago,2023-04-25,noise,763
Chicago,2023-04-25,other,111
Chicago,2023-04-25,sanitation,443
Chicago,2023-04-25,transport_public_realm,732
Chicago,2023-04-26,housing_buildings,245
Chicago,2023-04-26,information_administration,2118
Chicago,2023-04-26,noise,716
Chicago,2023-04-26,other,110
Chicago,2023-04-26,sanitation,475
Chicago,2023-04-26,transport_public_realm,819
Chicago,2023-04-27,housing_buildings,189
Chicago,2023-04-27,information_administration,2132
Chicago,2023-04-27,noise,662
Chicago,2023-04-27,other,114
Chicago,2023-04-27,sanitation,504
Chicago,2023-04-27,transport_public_realm,690
Chicago,2023-04-28,housing_buildings,149
Chicago,2023-04-28,information_administration,1987
Chicago,2023-04-28,noise,671
Chicago,2023-04-28,other,115
Chicago,2023-04-28,sanitation,343
Chicago,2023-04-28,transport_public_realm,698
Chicago,2023-04-29,housing_buildings,79
Chicago,2023-04-29,information_administration,1372
Chicago,2023-04-29,noise,804
Chicago,2023-04-29,other,78
Chicago,2023-04-29,sanitation,194
Chicago,2023-04-29,transport_public_realm,376
Chicago,2023-04-30,housing_buildings,89
Chicago,2023-04-30,information_administration,1736
Chicago,2023-04-30,noise,1465
Chicago,2023-04-30,other,81
Chicago,2023-04-30,sanitation,222
Chicago,2023-04-30,transport_public_realm,334
Chicago,2023-05-01,housing_buildings,218
Chicago,2023-05-01,information_administration,2582
Chicago,2023-05-01,noise,1339
Chicago,2023-05-01,other,126
Chicago,2023-05-01,sanitation,483
Chicago,2023-05-01,transport_public_realm,754
Chicago,2023-05-02,housing_buildings,284
Chicago,2023-05-02,information_administration,2362
Chicago,2023-05-02,noise,1148
Chicago,2023-05-02,other,110
Chicago,2023-05-02,sanitation,507
Chicago,2023-05-02,transport_public_realm,812
Chicago,2023-05-03,housing_buildings,301
Chicago,2023-05-03,information_administration,2490
Chicago,2023-05-03,noise,940
Chicago,2023-05-03,other,132
Chicago,2023-05-03,sanitation,501
Chicago,2023-05-03,transport_public_realm,673
Chicago,2023-05-04,housing_buildings,237
Chicago,2023-05-04,information_administration,2585
Chicago,2023-05-04,noise,1026
Chicago,2023-05-04,other,160
Chicago,2023-05-04,sanitation,599
Chicago,2023-05-04,transport_public_realm,832
Chicago,2023-05-05,housing_buildings,245
Chicago,2023-05-05,information_administration,2635
Chicago,2023-05-05,noise,910
Chicago,2023-05-05,other,141
Chicago,2023-05-05,sanitation,569
Chicago,2023-05-05,transport_public_realm,731
Chicago,2023-05-06,housing_buildings,90
Chicago,2023-05-06,information_administration,1708
Chicago,2023-05-06,noise,941
Chicago,2023-05-06,other,99
Chicago,2023-05-06,sanitation,239
Chicago,2023-05-06,transport_public_realm,315
Chicago,2023-05-07,housing_buildings,96
Chicago,2023-05-07,information_administration,1516
Chicago,2023-05-07,noise,1230
Chicago,2023-05-07,other,106
Chicago,2023-05-07,sanitation,278
Chicago,2023-05-07,transport_public_realm,340
Chicago,2023-05-08,housing_buildings,229
Chicago,2023-05-08,information_administration,2228
Chicago,2023-05-08,noise,848
Chicago,2023-05-08,other,137
Chicago,2023-05-08,sanitation,545
Chicago,2023-05-08,transport_public_realm,681
Chicago,2023-05-09,housing_buildings,224
Chicago,2023-05-09,information_administration,2628
Chicago,2023-05-09,noise,1035
Chicago,2023-05-09,other,150
Chicago,2023-05-09,sanitation,538
Chicago,2023-05-09,transport_public_realm,798
Chicago,2023-05-10,housing_buildings,237
Chicago,2023-05-10,information_administration,2701
Chicago,2023-05-10,noise,999
Chicago,2023-05-10,other,160
Chicago,2023-05-10,sanitation,533
Chicago,2023-05-10,transport_public_realm,844
Chicago,2023-05-11,housing_buildings,261
Chicago,2023-05-11,information_administration,2722
Chicago,2023-05-11,noise,768
Chicago,2023-05-11,other,143
Chicago,2023-05-11,sanitation,554
Chicago,2023-05-11,transport_public_realm,776
Chicago,2023-05-12,housing_buildings,186
Chicago,2023-05-12,information_administration,2318
Chicago,2023-05-12,noise,763
Chicago,2023-05-12,other,154
Chicago,2023-05-12,sanitation,473
Chicago,2023-05-12,transport_public_realm,689
Chicago,2023-05-13,housing_buildings,112
Chicago,2023-05-13,information_administration,1600
Chicago,2023-05-13,noise,498
Chicago,2023-05-13,other,97
Chicago,2023-05-13,sanitation,217
Chicago,2023-05-13,transport_public_realm,335
Chicago,2023-05-14,housing_buildings,77
Chicago,2023-05-14,information_administration,1358
Chicago,2023-05-14,noise,592
Chicago,2023-05-14,other,60
Chicago,2023-05-14,sanitation,206
Chicago,2023-05-14,transport_public_realm,299
Chicago,2023-05-15,housing_buildings,206
Chicago,2023-05-15,information_administration,2517
Chicago,2023-05-15,noise,842
Chicago,2023-05-15,other,147
Chicago,2023-05-15,sanitation,528
Chicago,2023-05-15,transport_public_realm,685
Chicago,2023-05-16,housing_buildings,192
Chicago,2023-05-16,information_administration,2458
Chicago,2023-05-16,noise,1102
Chicago,2023-05-16,other,195
Chicago,2023-05-16,sanitation,587
Chicago,2023-05-16,transport_public_realm,720
Chicago,2023-05-17,housing_buildings,218
Chicago,2023-05-17,information_administration,2262
Chicago,2023-05-17,noise,653
Chicago,2023-05-17,other,162
Chicago,2023-05-17,sanitation,547
Chicago,2023-05-17,transport_public_realm,753
Chicago,2023-05-18,housing_buildings,251
Chicago,2023-05-18,information_administration,2968
Chicago,2023-05-18,noise,825
Chicago,2023-05-18,other,183
Chicago,2023-05-18,sanitation,570
Chicago,2023-05-18,transport_public_realm,726
Chicago,2023-05-19,housing_buildings,222
Chicago,2023-05-19,information_administration,2361
Chicago,2023-05-19,noise,1255
Chicago,2023-05-19,other,149
Chicago,2023-05-19,sanitation,437
Chicago,2023-05-19,transport_public_realm,607
Chicago,2023-05-20,housing_buildings,93
Chicago,2023-05-20,information_administration,1439
Chicago,2023-05-20,noise,1085
Chicago,2023-05-20,other,94
Chicago,2023-05-20,sanitation,248
Chicago,2023-05-20,transport_public_realm,305
Chicago,2023-05-21,housing_buildings,71
Chicago,2023-05-21,information_administration,1492
Chicago,2023-05-21,noise,1387
Chicago,2023-05-21,other,76
Chicago,2023-05-21,sanitation,299
Chicago,2023-05-21,transport_public_realm,296
Chicago,2023-05-22,housing_buildings,303
Chicago,2023-05-22,information_administration,2841
Chicago,2023-05-22,noise,1029
Chicago,2023-05-22,other,210
Chicago,2023-05-22,sanitation,776
Chicago,2023-05-22,transport_public_realm,838
Chicago,2023-05-23,housing_buildings,271
Chicago,2023-05-23,information_administration,2794
Chicago,2023-05-23,noise,603
Chicago,2023-05-23,other,201
Chicago,2023-05-23,sanitation,647
Chicago,2023-05-23,transport_public_realm,716
Chicago,2023-05-24,housing_buildings,242
Chicago,2023-05-24,information_administration,2577
Chicago,2023-05-24,noise,577
Chicago,2023-05-24,other,180
Chicago,2023-05-24,sanitation,627
Chicago,2023-05-24,transport_public_realm,720
Chicago,2023-05-25,housing_buildings,225
Chicago,2023-05-25,information_administration,2705
Chicago,2023-05-25,noise,508
Chicago,2023-05-25,other,151
Chicago,2023-05-25,sanitation,469
Chicago,2023-05-25,transport_public_realm,740
Chicago,2023-05-26,housing_buildings,204
Chicago,2023-05-26,information_administration,2533
Chicago,2023-05-26,noise,750
Chicago,2023-05-26,other,138
Chicago,2023-05-26,sanitation,497
Chicago,2023-05-26,transport_public_realm,565
Chicago,2023-05-27,housing_buildings,93
Chicago,2023-05-27,information_administration,1541
Chicago,2023-05-27,noise,478
Chicago,2023-05-27,other,88
Chicago,2023-05-27,sanitation,199
Chicago,2023-05-27,transport_public_realm,248
Chicago,2023-05-28,housing_buildings,97
Chicago,2023-05-28,information_administration,1436
Chicago,2023-05-28,noise,598
Chicago,2023-05-28,other,76
Chicago,2023-05-28,sanitation,200
Chicago,2023-05-28,transport_public_realm,253
Chicago,2023-05-29,housing_buildings,108
Chicago,2023-05-29,information_administration,2252
Chicago,2023-05-29,noise,789
Chicago,2023-05-29,other,104
Chicago,2023-05-29,sanitation,297
Chicago,2023-05-29,transport_public_realm,248
Chicago,2023-05-30,housing_buildings,290
Chicago,2023-05-30,information_administration,2881
Chicago,2023-05-30,noise,774
Chicago,2023-05-30,other,218
Chicago,2023-05-30,sanitation,762
Chicago,2023-05-30,transport_public_realm,827
Chicago,2023-05-31,housing_buildings,305
Chicago,2023-05-31,information_administration,2538
Chicago,2023-05-31,noise,979
Chicago,2023-05-31,other,196
Chicago,2023-05-31,sanitation,685
Chicago,2023-05-31,transport_public_realm,706
Chicago,2023-06-01,housing_buildings,238
Chicago,2023-06-01,information_administration,2552
Chicago,2023-06-01,noise,846
Chicago,2023-06-01,other,261
Chicago,2023-06-01,sanitation,594
Chicago,2023-06-01,transport_public_realm,684
Chicago,2023-06-02,housing_buildings,240
Chicago,2023-06-02,information_administration,2735
Chicago,2023-06-02,noise,576
Chicago,2023-06-02,other,253
Chicago,2023-06-02,sanitation,549
Chicago,2023-06-02,transport_public_realm,664
Chicago,2023-06-03,housing_buildings,122
Chicago,2023-06-03,information_administration,1803
Chicago,2023-06-03,noise,540
Chicago,2023-06-03,other,150
Chicago,2023-06-03,sanitation,212
Chicago,2023-06-03,transport_public_realm,354
Chicago,2023-06-04,housing_buildings,105
Chicago,2023-06-04,information_administration,1831
Chicago,2023-06-04,noise,688
Chicago,2023-06-04,other,121
Chicago,2023-06-04,sanitation,328
Chicago,2023-06-04,transport_public_realm,361
Chicago,2023-06-05,housing_buildings,273
Chicago,2023-06-05,information_administration,2587
Chicago,2023-06-05,noise,755
Chicago,2023-06-05,other,222
Chicago,2023-06-05,sanitation,722
Chicago,2023-06-05,transport_public_realm,690
Chicago,2023-06-06,housing_buildings,282
Chicago,2023-06-06,information_administration,2539
Chicago,2023-06-06,noise,845
Chicago,2023-06-06,other,196
Chicago,2023-06-06,sanitation,687
Chicago,2023-06-06,transport_public_realm,762
Chicago,2023-06-07,housing_buildings,247
Chicago,2023-06-07,information_administration,2825
Chicago,2023-06-07,noise,734
Chicago,2023-06-07,other,207
Chicago,2023-06-07,sanitation,608
Chicago,2023-06-07,transport_public_realm,774
Chicago,2023-06-08,housing_buildings,303
Chicago,2023-06-08,information_administration,2666
Chicago,2023-06-08,noise,782
Chicago,2023-06-08,other,192
Chicago,2023-06-08,sanitation,492
Chicago,2023-06-08,transport_public_realm,755
Chicago,2023-06-09,housing_buildings,202
Chicago,2023-06-09,information_administration,2588
Chicago,2023-06-09,noise,639
Chicago,2023-06-09,other,163
Chicago,2023-06-09,sanitation,559
Chicago,2023-06-09,transport_public_realm,587
Chicago,2023-06-10,housing_buildings,92
Chicago,2023-06-10,information_administration,1933
Chicago,2023-06-10,noise,1280
Chicago,2023-06-10,other,112
Chicago,2023-06-10,sanitation,208
Chicago,2023-06-10,transport_public_realm,285
Chicago,2023-06-11,housing_buildings,87
Chicago,2023-06-11,information_administration,1775
Chicago,2023-06-11,noise,808
Chicago,2023-06-11,other,153
Chicago,2023-06-11,sanitation,173
Chicago,2023-06-11,transport_public_realm,295
Chicago,2023-06-12,housing_buildings,276
Chicago,2023-06-12,information_administration,3249
Chicago,2023-06-12,noise,1432
Chicago,2023-06-12,other,259
Chicago,2023-06-12,sanitation,670
Chicago,2023-06-12,transport_public_realm,881
Chicago,2023-06-13,housing_buildings,265
Chicago,2023-06-13,information_administration,2628
Chicago,2023-06-13,noise,992
Chicago,2023-06-13,other,220
Chicago,2023-06-13,sanitation,523
Chicago,2023-06-13,transport_public_realm,789
Chicago,2023-06-14,housing_buildings,294
Chicago,2023-06-14,information_administration,2506
Chicago,2023-06-14,noise,1064
Chicago,2023-06-14,other,232
Chicago,2023-06-14,sanitation,519
Chicago,2023-06-14,transport_public_realm,815
Chicago,2023-06-15,housing_buildings,246
Chicago,2023-06-15,information_administration,2754
Chicago,2023-06-15,noise,964
Chicago,2023-06-15,other,220
Chicago,2023-06-15,sanitation,575
Chicago,2023-06-15,transport_public_realm,685
Chicago,2023-06-16,housing_buildings,217
Chicago,2023-06-16,information_administration,2703
Chicago,2023-06-16,noise,928
Chicago,2023-06-16,other,194
Chicago,2023-06-16,sanitation,489
Chicago,2023-06-16,transport_public_realm,579
Chicago,2023-06-17,housing_buildings,90
Chicago,2023-06-17,information_administration,1569
Chicago,2023-06-17,noise,894
Chicago,2023-06-17,other,90
Chicago,2023-06-17,sanitation,209
Chicago,2023-06-17,transport_public_realm,301
Chicago,2023-06-18,housing_buildings,89
Chicago,2023-06-18,information_administration,1737
Chicago,2023-06-18,noise,812
Chicago,2023-06-18,other,82
Chicago,2023-06-18,sanitation,211
Chicago,2023-06-18,transport_public_realm,345
Chicago,2023-06-19,housing_buildings,192
Chicago,2023-06-19,information_administration,2612
Chicago,2023-06-19,noise,704
Chicago,2023-06-19,other,181
Chicago,2023-06-19,sanitation,453
Chicago,2023-06-19,transport_public_realm,460
Chicago,2023-06-20,housing_buildings,379
Chicago,2023-06-20,information_administration,2957
Chicago,2023-06-20,noise,766
Chicago,2023-06-20,other,249
Chicago,2023-06-20,sanitation,735
Chicago,2023-06-20,transport_public_realm,660
Chicago,2023-06-21,housing_buildings,264
Chicago,2023-06-21,information_administration,2727
Chicago,2023-06-21,noise,716
Chicago,2023-06-21,other,247
Chicago,2023-06-21,sanitation,673
Chicago,2023-06-21,transport_public_realm,682
Chicago,2023-06-22,housing_buildings,272
Chicago,2023-06-22,information_administration,2475
Chicago,2023-06-22,noise,753
Chicago,2023-06-22,other,217
Chicago,2023-06-22,sanitation,656
Chicago,2023-06-22,transport_public_realm,619
Chicago,2023-06-23,housing_buildings,174
Chicago,2023-06-23,information_administration,2324
Chicago,2023-06-23,noise,624
Chicago,2023-06-23,other,197
Chicago,2023-06-23,sanitation,546
Chicago,2023-06-23,transport_public_realm,550
Chicago,2023-06-24,housing_buildings,115
Chicago,2023-06-24,information_administration,1771
Chicago,2023-06-24,noise,504
Chicago,2023-06-24,other,109
Chicago,2023-06-24,sanitation,197
Chicago,2023-06-24,transport_public_realm,313
Chicago,2023-06-25,housing_buildings,152
Chicago,2023-06-25,information_administration,1549
Chicago,2023-06-25,noise,1024
Chicago,2023-06-25,other,439
Chicago,2023-06-25,sanitation,218
Chicago,2023-06-25,transport_public_realm,484
Chicago,2023-06-26,housing_buildings,823
Chicago,2023-06-26,information_administration,2563
Chicago,2023-06-26,noise,1066
Chicago,2023-06-26,other,390
Chicago,2023-06-26,sanitation,630
Chicago,2023-06-26,transport_public_realm,862
Chicago,2023-06-27,housing_buildings,6055
Chicago,2023-06-27,information_administration,2729
Chicago,2023-06-27,noise,938
Chicago,2023-06-27,other,271
Chicago,2023-06-27,sanitation,590
Chicago,2023-06-27,transport_public_realm,826
Chicago,2023-06-28,housing_buildings,263
Chicago,2023-06-28,information_administration,2821
Chicago,2023-06-28,noise,921
Chicago,2023-06-28,other,233
Chicago,2023-06-28,sanitation,651
Chicago,2023-06-28,transport_public_realm,823
Chicago,2023-06-29,housing_buildings,285
Chicago,2023-06-29,information_administration,2742
Chicago,2023-06-29,noise,1209
Chicago,2023-06-29,other,246
Chicago,2023-06-29,sanitation,526
Chicago,2023-06-29,transport_public_realm,695
Chicago,2023-06-30,housing_buildings,264
Chicago,2023-06-30,information_administration,2440
Chicago,2023-06-30,noise,965
Chicago,2023-06-30,other,203
Chicago,2023-06-30,sanitation,465
Chicago,2023-06-30,transport_public_realm,629
Chicago,2023-07-01,housing_buildings,106
Chicago,2023-07-01,information_administration,1574
Chicago,2023-07-01,noise,1190
Chicago,2023-07-01,other,136
Chicago,2023-07-01,sanitation,212
Chicago,2023-07-01,transport_public_realm,331
Chicago,2023-07-02,housing_buildings,1799
Chicago,2023-07-02,information_administration,1585
Chicago,2023-07-02,noise,760
Chicago,2023-07-02,other,231
Chicago,2023-07-02,sanitation,134
Chicago,2023-07-02,transport_public_realm,953
Chicago,2023-07-03,housing_buildings,1717
Chicago,2023-07-03,information_administration,2333
Chicago,2023-07-03,noise,667
Chicago,2023-07-03,other,247
Chicago,2023-07-03,sanitation,406
Chicago,2023-07-03,transport_public_realm,707
Chicago,2023-07-04,housing_buildings,1052
Chicago,2023-07-04,information_administration,1919
Chicago,2023-07-04,noise,796
Chicago,2023-07-04,other,99
Chicago,2023-07-04,sanitation,277
Chicago,2023-07-04,transport_public_realm,372
Chicago,2023-07-05,housing_buildings,2544
Chicago,2023-07-05,information_administration,2983
Chicago,2023-07-05,noise,1036
Chicago,2023-07-05,other,455
Chicago,2023-07-05,sanitation,616
Chicago,2023-07-05,transport_public_realm,944
Chicago,2023-07-06,housing_buildings,1704
Chicago,2023-07-06,information_administration,2903
Chicago,2023-07-06,noise,1130
Chicago,2023-07-06,other,470
Chicago,2023-07-06,sanitation,715
Chicago,2023-07-06,transport_public_realm,986
Chicago,2023-07-07,housing_buildings,1116
Chicago,2023-07-07,information_administration,2398
Chicago,2023-07-07,noise,813
Chicago,2023-07-07,other,235
Chicago,2023-07-07,sanitation,659
Chicago,2023-07-07,transport_public_realm,746
Chicago,2023-07-08,housing_buildings,441
Chicago,2023-07-08,information_administration,1514
Chicago,2023-07-08,noise,932
Chicago,2023-07-08,other,142
Chicago,2023-07-08,sanitation,309
Chicago,2023-07-08,transport_public_realm,492
Chicago,2023-07-09,housing_buildings,352
Chicago,2023-07-09,information_administration,2080
Chicago,2023-07-09,noise,1391
Chicago,2023-07-09,other,109
Chicago,2023-07-09,sanitation,322
Chicago,2023-07-09,transport_public_realm,459
Chicago,2023-07-10,housing_buildings,1072
Chicago,2023-07-10,information_administration,2945
Chicago,2023-07-10,noise,1456
Chicago,2023-07-10,other,267
Chicago,2023-07-10,sanitation,858
Chicago,2023-07-10,transport_public_realm,835
Chicago,2023-07-11,housing_buildings,1124
Chicago,2023-07-11,information_administration,2791
Chicago,2023-07-11,noise,1151
Chicago,2023-07-11,other,341
Chicago,2023-07-11,sanitation,702
Chicago,2023-07-11,transport_public_realm,1070
Chicago,2023-07-12,housing_buildings,1297
Chicago,2023-07-12,information_administration,2473
Chicago,2023-07-12,noise,1080
Chicago,2023-07-12,other,356
Chicago,2023-07-12,sanitation,687
Chicago,2023-07-12,transport_public_realm,1035
Chicago,2023-07-13,housing_buildings,795
Chicago,2023-07-13,information_administration,2547
Chicago,2023-07-13,noise,1421
Chicago,2023-07-13,other,288
Chicago,2023-07-13,sanitation,630
Chicago,2023-07-13,transport_public_realm,816
Chicago,2023-07-14,housing_buildings,598
Chicago,2023-07-14,information_administration,2594
Chicago,2023-07-14,noise,1036
Chicago,2023-07-14,other,260
Chicago,2023-07-14,sanitation,536
Chicago,2023-07-14,transport_public_realm,754
Chicago,2023-07-15,housing_buildings,231
Chicago,2023-07-15,information_administration,1569
Chicago,2023-07-15,noise,930
Chicago,2023-07-15,other,346
Chicago,2023-07-15,sanitation,266
Chicago,2023-07-15,transport_public_realm,444
Chicago,2023-07-16,housing_buildings,219
Chicago,2023-07-16,information_administration,1562
Chicago,2023-07-16,noise,1258
Chicago,2023-07-16,other,125
Chicago,2023-07-16,sanitation,326
Chicago,2023-07-16,transport_public_realm,422
Chicago,2023-07-17,housing_buildings,518
Chicago,2023-07-17,information_administration,3031
Chicago,2023-07-17,noise,1271
Chicago,2023-07-17,other,293
Chicago,2023-07-17,sanitation,763
Chicago,2023-07-17,transport_public_realm,749
Chicago,2023-07-18,housing_buildings,527
Chicago,2023-07-18,information_administration,2969
Chicago,2023-07-18,noise,1287
Chicago,2023-07-18,other,255
Chicago,2023-07-18,sanitation,782
Chicago,2023-07-18,transport_public_realm,760
Chicago,2023-07-19,housing_buildings,464
Chicago,2023-07-19,information_administration,3026
Chicago,2023-07-19,noise,978
Chicago,2023-07-19,other,213
Chicago,2023-07-19,sanitation,776
Chicago,2023-07-19,transport_public_realm,736
Chicago,2023-07-20,housing_buildings,545
Chicago,2023-07-20,information_administration,3270
Chicago,2023-07-20,noise,1279
Chicago,2023-07-20,other,283
Chicago,2023-07-20,sanitation,680
Chicago,2023-07-20,transport_public_realm,697
Chicago,2023-07-21,housing_buildings,492
Chicago,2023-07-21,information_administration,3293
Chicago,2023-07-21,noise,896
Chicago,2023-07-21,other,224
Chicago,2023-07-21,sanitation,570
Chicago,2023-07-21,transport_public_realm,629
Chicago,2023-07-22,housing_buildings,161
Chicago,2023-07-22,information_administration,1659
Chicago,2023-07-22,noise,1052
Chicago,2023-07-22,other,114
Chicago,2023-07-22,sanitation,284
Chicago,2023-07-22,transport_public_realm,352
Chicago,2023-07-23,housing_buildings,123
Chicago,2023-07-23,information_administration,1577
Chicago,2023-07-23,noise,975
Chicago,2023-07-23,other,115
Chicago,2023-07-23,sanitation,298
Chicago,2023-07-23,transport_public_realm,334
Chicago,2023-07-24,housing_buildings,401
Chicago,2023-07-24,information_administration,2932
Chicago,2023-07-24,noise,861
Chicago,2023-07-24,other,295
Chicago,2023-07-24,sanitation,858
Chicago,2023-07-24,transport_public_realm,759
Chicago,2023-07-25,housing_buildings,507
Chicago,2023-07-25,information_administration,3391
Chicago,2023-07-25,noise,1081
Chicago,2023-07-25,other,205
Chicago,2023-07-25,sanitation,769
Chicago,2023-07-25,transport_public_realm,753
Chicago,2023-07-26,housing_buildings,566
Chicago,2023-07-26,information_administration,3529
Chicago,2023-07-26,noise,941
Chicago,2023-07-26,other,263
Chicago,2023-07-26,sanitation,651
Chicago,2023-07-26,transport_public_realm,752
Chicago,2023-07-27,housing_buildings,440
Chicago,2023-07-27,information_administration,3595
Chicago,2023-07-27,noise,788
Chicago,2023-07-27,other,240
Chicago,2023-07-27,sanitation,658
Chicago,2023-07-27,transport_public_realm,707
Chicago,2023-07-28,housing_buildings,376
Chicago,2023-07-28,information_administration,3604
Chicago,2023-07-28,noise,953
Chicago,2023-07-28,other,352
Chicago,2023-07-28,sanitation,539
Chicago,2023-07-28,transport_public_realm,656
Chicago,2023-07-29,housing_buildings,180
Chicago,2023-07-29,information_administration,2099
Chicago,2023-07-29,noise,852
Chicago,2023-07-29,other,593
Chicago,2023-07-29,sanitation,242
Chicago,2023-07-29,transport_public_realm,578
Chicago,2023-07-30,housing_buildings,152
Chicago,2023-07-30,information_administration,1767
Chicago,2023-07-30,noise,848
Chicago,2023-07-30,other,171
Chicago,2023-07-30,sanitation,303
Chicago,2023-07-30,transport_public_realm,467
Chicago,2023-07-31,housing_buildings,403
Chicago,2023-07-31,information_administration,3693
Chicago,2023-07-31,noise,1223
Chicago,2023-07-31,other,367
Chicago,2023-07-31,sanitation,832
Chicago,2023-07-31,transport_public_realm,891
Chicago,2023-08-01,housing_buildings,368
Chicago,2023-08-01,information_administration,3498
Chicago,2023-08-01,noise,932
Chicago,2023-08-01,other,302
Chicago,2023-08-01,sanitation,792
Chicago,2023-08-01,transport_public_realm,882
Chicago,2023-08-02,housing_buildings,348
Chicago,2023-08-02,information_administration,3517
Chicago,2023-08-02,noise,875
Chicago,2023-08-02,other,243
Chicago,2023-08-02,sanitation,731
Chicago,2023-08-02,transport_public_realm,822
Chicago,2023-08-03,housing_buildings,339
Chicago,2023-08-03,information_administration,3915
Chicago,2023-08-03,noise,978
Chicago,2023-08-03,other,243
Chicago,2023-08-03,sanitation,631
Chicago,2023-08-03,transport_public_realm,736
Chicago,2023-08-04,housing_buildings,340
Chicago,2023-08-04,information_administration,3743
Chicago,2023-08-04,noise,767
Chicago,2023-08-04,other,233
Chicago,2023-08-04,sanitation,642
Chicago,2023-08-04,transport_public_realm,654
Chicago,2023-08-05,housing_buildings,118
Chicago,2023-08-05,information_administration,1607
Chicago,2023-08-05,noise,669
Chicago,2023-08-05,other,140
Chicago,2023-08-05,sanitation,204
Chicago,2023-08-05,transport_public_realm,276
Chicago,2023-08-06,housing_buildings,125
Chicago,2023-08-06,information_administration,1889
Chicago,2023-08-06,noise,891
Chicago,2023-08-06,other,209
Chicago,2023-08-06,sanitation,228
Chicago,2023-08-06,transport_public_realm,415
Chicago,2023-08-07,housing_buildings,359
Chicago,2023-08-07,information_administration,4189
Chicago,2023-08-07,noise,1057
Chicago,2023-08-07,other,282
Chicago,2023-08-07,sanitation,782
Chicago,2023-08-07,transport_public_realm,780
Chicago,2023-08-08,housing_buildings,304
Chicago,2023-08-08,information_administration,3715
Chicago,2023-08-08,noise,964
Chicago,2023-08-08,other,226
Chicago,2023-08-08,sanitation,772
Chicago,2023-08-08,transport_public_realm,719
Chicago,2023-08-09,housing_buildings,387
Chicago,2023-08-09,information_administration,3525
Chicago,2023-08-09,noise,1158
Chicago,2023-08-09,other,247
Chicago,2023-08-09,sanitation,710
Chicago,2023-08-09,transport_public_realm,719
Chicago,2023-08-10,housing_buildings,320
Chicago,2023-08-10,information_administration,3847
Chicago,2023-08-10,noise,822
Chicago,2023-08-10,other,232
Chicago,2023-08-10,sanitation,707
Chicago,2023-08-10,transport_public_realm,741
Chicago,2023-08-11,housing_buildings,291
Chicago,2023-08-11,information_administration,3789
Chicago,2023-08-11,noise,933
Chicago,2023-08-11,other,212
Chicago,2023-08-11,sanitation,586
Chicago,2023-08-11,transport_public_realm,581
Chicago,2023-08-12,housing_buildings,121
Chicago,2023-08-12,information_administration,1937
Chicago,2023-08-12,noise,708
Chicago,2023-08-12,other,128
Chicago,2023-08-12,sanitation,260
Chicago,2023-08-12,transport_public_realm,330
Chicago,2023-08-13,housing_buildings,121
Chicago,2023-08-13,information_administration,1670
Chicago,2023-08-13,noise,989
Chicago,2023-08-13,other,98
Chicago,2023-08-13,sanitation,329
Chicago,2023-08-13,transport_public_realm,360
Chicago,2023-08-14,housing_buildings,549
Chicago,2023-08-14,information_administration,3504
Chicago,2023-08-14,noise,864
Chicago,2023-08-14,other,329
Chicago,2023-08-14,sanitation,667
Chicago,2023-08-14,transport_public_realm,942
Chicago,2023-08-15,housing_buildings,476
Chicago,2023-08-15,information_administration,3542
Chicago,2023-08-15,noise,1054
Chicago,2023-08-15,other,298
Chicago,2023-08-15,sanitation,657
Chicago,2023-08-15,transport_public_realm,968
Chicago,2023-08-16,housing_buildings,359
Chicago,2023-08-16,information_administration,3437
Chicago,2023-08-16,noise,1299
Chicago,2023-08-16,other,218
Chicago,2023-08-16,sanitation,755
Chicago,2023-08-16,transport_public_realm,779
Chicago,2023-08-17,housing_buildings,354
Chicago,2023-08-17,information_administration,3109
Chicago,2023-08-17,noise,1149
Chicago,2023-08-17,other,255
Chicago,2023-08-17,sanitation,649
Chicago,2023-08-17,transport_public_realm,827
Chicago,2023-08-18,housing_buildings,233
Chicago,2023-08-18,information_administration,3320
Chicago,2023-08-18,noise,1146
Chicago,2023-08-18,other,228
Chicago,2023-08-18,sanitation,616
Chicago,2023-08-18,transport_public_realm,631
Chicago,2023-08-19,housing_buildings,88
Chicago,2023-08-19,information_administration,1264
Chicago,2023-08-19,noise,864
Chicago,2023-08-19,other,104
Chicago,2023-08-19,sanitation,226
Chicago,2023-08-19,transport_public_realm,320
Chicago,2023-08-20,housing_buildings,133
Chicago,2023-08-20,information_administration,1762
Chicago,2023-08-20,noise,826
Chicago,2023-08-20,other,169
Chicago,2023-08-20,sanitation,267
Chicago,2023-08-20,transport_public_realm,309
Chicago,2023-08-21,housing_buildings,329
Chicago,2023-08-21,information_administration,3685
Chicago,2023-08-21,noise,851
Chicago,2023-08-21,other,249
Chicago,2023-08-21,sanitation,792
Chicago,2023-08-21,transport_public_realm,778
Chicago,2023-08-22,housing_buildings,309
Chicago,2023-08-22,information_administration,3627
Chicago,2023-08-22,noise,803
Chicago,2023-08-22,other,265
Chicago,2023-08-22,sanitation,778
Chicago,2023-08-22,transport_public_realm,895
Chicago,2023-08-23,housing_buildings,288
Chicago,2023-08-23,information_administration,3382
Chicago,2023-08-23,noise,828
Chicago,2023-08-23,other,266
Chicago,2023-08-23,sanitation,559
Chicago,2023-08-23,transport_public_realm,860
Chicago,2023-08-24,housing_buildings,323
Chicago,2023-08-24,information_administration,4257
Chicago,2023-08-24,noise,1032
Chicago,2023-08-24,other,351
Chicago,2023-08-24,sanitation,509
Chicago,2023-08-24,transport_public_realm,793
Chicago,2023-08-25,housing_buildings,268
Chicago,2023-08-25,information_administration,3594
Chicago,2023-08-25,noise,865
Chicago,2023-08-25,other,300
Chicago,2023-08-25,sanitation,545
Chicago,2023-08-25,transport_public_realm,713
Chicago,2023-08-26,housing_buildings,91
Chicago,2023-08-26,information_administration,1457
Chicago,2023-08-26,noise,954
Chicago,2023-08-26,other,129
Chicago,2023-08-26,sanitation,216
Chicago,2023-08-26,transport_public_realm,383
Chicago,2023-08-27,housing_buildings,114
Chicago,2023-08-27,information_administration,1541
Chicago,2023-08-27,noise,1043
Chicago,2023-08-27,other,114
Chicago,2023-08-27,sanitation,291
Chicago,2023-08-27,transport_public_realm,382
Chicago,2023-08-28,housing_buildings,416
Chicago,2023-08-28,information_administration,4166
Chicago,2023-08-28,noise,1085
Chicago,2023-08-28,other,266
Chicago,2023-08-28,sanitation,729
Chicago,2023-08-28,transport_public_realm,878
Chicago,2023-08-29,housing_buildings,333
Chicago,2023-08-29,information_administration,4014
Chicago,2023-08-29,noise,1100
Chicago,2023-08-29,other,259
Chicago,2023-08-29,sanitation,706
Chicago,2023-08-29,transport_public_realm,818
Chicago,2023-08-30,housing_buildings,345
Chicago,2023-08-30,information_administration,4079
Chicago,2023-08-30,noise,832
Chicago,2023-08-30,other,209
Chicago,2023-08-30,sanitation,682
Chicago,2023-08-30,transport_public_realm,719
Chicago,2023-08-31,housing_buildings,275
Chicago,2023-08-31,information_administration,3928
Chicago,2023-08-31,noise,937
Chicago,2023-08-31,other,160
Chicago,2023-08-31,sanitation,782
Chicago,2023-08-31,transport_public_realm,646
Chicago,2023-09-01,housing_buildings,181
Chicago,2023-09-01,information_administration,3810
Chicago,2023-09-01,noise,804
Chicago,2023-09-01,other,204
Chicago,2023-09-01,sanitation,542
Chicago,2023-09-01,transport_public_realm,629
Chicago,2023-09-02,housing_buildings,109
Chicago,2023-09-02,information_administration,1634
Chicago,2023-09-02,noise,1030
Chicago,2023-09-02,other,118
Chicago,2023-09-02,sanitation,222
Chicago,2023-09-02,transport_public_realm,299
Chicago,2023-09-03,housing_buildings,121
Chicago,2023-09-03,information_administration,1792
Chicago,2023-09-03,noise,754
Chicago,2023-09-03,other,95
Chicago,2023-09-03,sanitation,228
Chicago,2023-09-03,transport_public_realm,298
Chicago,2023-09-04,housing_buildings,143
Chicago,2023-09-04,information_administration,2846
Chicago,2023-09-04,noise,989
Chicago,2023-09-04,other,153
Chicago,2023-09-04,sanitation,331
Chicago,2023-09-04,transport_public_realm,346
Chicago,2023-09-05,housing_buildings,321
Chicago,2023-09-05,information_administration,3943
Chicago,2023-09-05,noise,704
Chicago,2023-09-05,other,273
Chicago,2023-09-05,sanitation,802
Chicago,2023-09-05,transport_public_realm,770
Chicago,2023-09-06,housing_buildings,303
Chicago,2023-09-06,information_administration,3708
Chicago,2023-09-06,noise,975
Chicago,2023-09-06,other,326
Chicago,2023-09-06,sanitation,675
Chicago,2023-09-06,transport_public_realm,798
Chicago,2023-09-07,housing_buildings,328
Chicago,2023-09-07,information_administration,3970
Chicago,2023-09-07,noise,924
Chicago,2023-09-07,other,227
Chicago,2023-09-07,sanitation,695
Chicago,2023-09-07,transport_public_realm,733
Chicago,2023-09-08,housing_buildings,270
Chicago,2023-09-08,information_administration,3895
Chicago,2023-09-08,noise,1079
Chicago,2023-09-08,other,241
Chicago,2023-09-08,sanitation,575
Chicago,2023-09-08,transport_public_realm,636
Chicago,2023-09-09,housing_buildings,102
Chicago,2023-09-09,information_administration,1458
Chicago,2023-09-09,noise,805
Chicago,2023-09-09,other,108
Chicago,2023-09-09,sanitation,210
Chicago,2023-09-09,transport_public_realm,323
Chicago,2023-09-10,housing_buildings,87
Chicago,2023-09-10,information_administration,1724
Chicago,2023-09-10,noise,1221
Chicago,2023-09-10,other,88
Chicago,2023-09-10,sanitation,263
Chicago,2023-09-10,transport_public_realm,325
Chicago,2023-09-11,housing_buildings,319
Chicago,2023-09-11,information_administration,3462
Chicago,2023-09-11,noise,1235
Chicago,2023-09-11,other,222
Chicago,2023-09-11,sanitation,544
Chicago,2023-09-11,transport_public_realm,668
Chicago,2023-09-12,housing_buildings,383
Chicago,2023-09-12,information_administration,3416
Chicago,2023-09-12,noise,793
Chicago,2023-09-12,other,301
Chicago,2023-09-12,sanitation,643
Chicago,2023-09-12,transport_public_realm,866
Chicago,2023-09-13,housing_buildings,349
Chicago,2023-09-13,information_administration,3929
Chicago,2023-09-13,noise,1035
Chicago,2023-09-13,other,234
Chicago,2023-09-13,sanitation,606
Chicago,2023-09-13,transport_public_realm,785
Chicago,2023-09-14,housing_buildings,271
Chicago,2023-09-14,information_administration,3693
Chicago,2023-09-14,noise,842
Chicago,2023-09-14,other,185
Chicago,2023-09-14,sanitation,552
Chicago,2023-09-14,transport_public_realm,802
Chicago,2023-09-15,housing_buildings,231
Chicago,2023-09-15,information_administration,4217
Chicago,2023-09-15,noise,972
Chicago,2023-09-15,other,181
Chicago,2023-09-15,sanitation,501
Chicago,2023-09-15,transport_public_realm,660
Chicago,2023-09-16,housing_buildings,75
Chicago,2023-09-16,information_administration,1470
Chicago,2023-09-16,noise,623
Chicago,2023-09-16,other,108
Chicago,2023-09-16,sanitation,231
Chicago,2023-09-16,transport_public_realm,300
Chicago,2023-09-17,housing_buildings,152
Chicago,2023-09-17,information_administration,1808
Chicago,2023-09-17,noise,1076
Chicago,2023-09-17,other,115
Chicago,2023-09-17,sanitation,198
Chicago,2023-09-17,transport_public_realm,517
Chicago,2023-09-18,housing_buildings,339
Chicago,2023-09-18,information_administration,3476
Chicago,2023-09-18,noise,956
Chicago,2023-09-18,other,244
Chicago,2023-09-18,sanitation,805
Chicago,2023-09-18,transport_public_realm,856
Chicago,2023-09-19,housing_buildings,307
Chicago,2023-09-19,information_administration,3224
Chicago,2023-09-19,noise,1009
Chicago,2023-09-19,other,174
Chicago,2023-09-19,sanitation,504
Chicago,2023-09-19,transport_public_realm,714
Chicago,2023-09-20,housing_buildings,259
Chicago,2023-09-20,information_administration,3360
Chicago,2023-09-20,noise,906
Chicago,2023-09-20,other,235
Chicago,2023-09-20,sanitation,607
Chicago,2023-09-20,transport_public_realm,814
Chicago,2023-09-21,housing_buildings,286
Chicago,2023-09-21,information_administration,3596
Chicago,2023-09-21,noise,942
Chicago,2023-09-21,other,195
Chicago,2023-09-21,sanitation,568
Chicago,2023-09-21,transport_public_realm,775
Chicago,2023-09-22,housing_buildings,280
Chicago,2023-09-22,information_administration,3388
Chicago,2023-09-22,noise,903
Chicago,2023-09-22,other,213
Chicago,2023-09-22,sanitation,478
Chicago,2023-09-22,transport_public_realm,577
Chicago,2023-09-23,housing_buildings,108
Chicago,2023-09-23,information_administration,1902
Chicago,2023-09-23,noise,492
Chicago,2023-09-23,other,91
Chicago,2023-09-23,sanitation,275
Chicago,2023-09-23,transport_public_realm,303
Chicago,2023-09-24,housing_buildings,126
Chicago,2023-09-24,information_administration,2032
Chicago,2023-09-24,noise,693
Chicago,2023-09-24,other,106
Chicago,2023-09-24,sanitation,311
Chicago,2023-09-24,transport_public_realm,324
Chicago,2023-09-25,housing_buildings,295
Chicago,2023-09-25,information_administration,3032
Chicago,2023-09-25,noise,770
Chicago,2023-09-25,other,200
Chicago,2023-09-25,sanitation,685
Chicago,2023-09-25,transport_public_realm,787
Chicago,2023-09-26,housing_buildings,319
Chicago,2023-09-26,information_administration,2973
Chicago,2023-09-26,noise,663
Chicago,2023-09-26,other,172
Chicago,2023-09-26,sanitation,508
Chicago,2023-09-26,transport_public_realm,733
Chicago,2023-09-27,housing_buildings,264
Chicago,2023-09-27,information_administration,3202
Chicago,2023-09-27,noise,693
Chicago,2023-09-27,other,186
Chicago,2023-09-27,sanitation,545
Chicago,2023-09-27,transport_public_realm,746
Chicago,2023-09-28,housing_buildings,283
Chicago,2023-09-28,information_administration,3065
Chicago,2023-09-28,noise,563
Chicago,2023-09-28,other,178
Chicago,2023-09-28,sanitation,581
Chicago,2023-09-28,transport_public_realm,727
Chicago,2023-09-29,housing_buildings,278
Chicago,2023-09-29,information_administration,3084
Chicago,2023-09-29,noise,773
Chicago,2023-09-29,other,192
Chicago,2023-09-29,sanitation,502
Chicago,2023-09-29,transport_public_realm,598
Chicago,2023-09-30,housing_buildings,146
Chicago,2023-09-30,information_administration,1960
Chicago,2023-09-30,noise,568
Chicago,2023-09-30,other,72
Chicago,2023-09-30,sanitation,189
Chicago,2023-09-30,transport_public_realm,278
Chicago,2023-10-01,housing_buildings,91
Chicago,2023-10-01,information_administration,2155
Chicago,2023-10-01,noise,867
Chicago,2023-10-01,other,71
Chicago,2023-10-01,sanitation,281
Chicago,2023-10-01,transport_public_realm,341
Chicago,2023-10-02,housing_buildings,282
Chicago,2023-10-02,information_administration,3567
Chicago,2023-10-02,noise,853
Chicago,2023-10-02,other,242
Chicago,2023-10-02,sanitation,731
Chicago,2023-10-02,transport_public_realm,721
Chicago,2023-10-03,housing_buildings,260
Chicago,2023-10-03,information_administration,3274
Chicago,2023-10-03,noise,571
Chicago,2023-10-03,other,198
Chicago,2023-10-03,sanitation,683
Chicago,2023-10-03,transport_public_realm,774
Chicago,2023-10-04,housing_buildings,249
Chicago,2023-10-04,information_administration,3360
Chicago,2023-10-04,noise,640
Chicago,2023-10-04,other,242
Chicago,2023-10-04,sanitation,562
Chicago,2023-10-04,transport_public_realm,713
Chicago,2023-10-05,housing_buildings,318
Chicago,2023-10-05,information_administration,3084
Chicago,2023-10-05,noise,625
Chicago,2023-10-05,other,236
Chicago,2023-10-05,sanitation,509
Chicago,2023-10-05,transport_public_realm,743
Chicago,2023-10-06,housing_buildings,234
Chicago,2023-10-06,information_administration,3241
Chicago,2023-10-06,noise,967
Chicago,2023-10-06,other,190
Chicago,2023-10-06,sanitation,438
Chicago,2023-10-06,transport_public_realm,570
Chicago,2023-10-07,housing_buildings,98
Chicago,2023-10-07,information_administration,2085
Chicago,2023-10-07,noise,567
Chicago,2023-10-07,other,89
Chicago,2023-10-07,sanitation,206
Chicago,2023-10-07,transport_public_realm,278
Chicago,2023-10-08,housing_buildings,113
Chicago,2023-10-08,information_administration,2113
Chicago,2023-10-08,noise,700
Chicago,2023-10-08,other,82
Chicago,2023-10-08,sanitation,181
Chicago,2023-10-08,transport_public_realm,285
Chicago,2023-10-09,housing_buildings,187
Chicago,2023-10-09,information_administration,2876
Chicago,2023-10-09,noise,987
Chicago,2023-10-09,other,125
Chicago,2023-10-09,sanitation,372
Chicago,2023-10-09,transport_public_realm,374
Chicago,2023-10-10,housing_buildings,270
Chicago,2023-10-10,information_administration,3493
Chicago,2023-10-10,noise,560
Chicago,2023-10-10,other,181
Chicago,2023-10-10,sanitation,516
Chicago,2023-10-10,transport_public_realm,657
Chicago,2023-10-11,housing_buildings,277
Chicago,2023-10-11,information_administration,3108
Chicago,2023-10-11,noise,856
Chicago,2023-10-11,other,180
Chicago,2023-10-11,sanitation,536
Chicago,2023-10-11,transport_public_realm,720
Chicago,2023-10-12,housing_buildings,236
Chicago,2023-10-12,information_administration,3146
Chicago,2023-10-12,noise,1007
Chicago,2023-10-12,other,140
Chicago,2023-10-12,sanitation,462
Chicago,2023-10-12,transport_public_realm,597
Chicago,2023-10-13,housing_buildings,209
Chicago,2023-10-13,information_administration,3037
Chicago,2023-10-13,noise,1154
Chicago,2023-10-13,other,175
Chicago,2023-10-13,sanitation,374
Chicago,2023-10-13,transport_public_realm,542
Chicago,2023-10-14,housing_buildings,140
Chicago,2023-10-14,information_administration,1506
Chicago,2023-10-14,noise,949
Chicago,2023-10-14,other,347
Chicago,2023-10-14,sanitation,136
Chicago,2023-10-14,transport_public_realm,478
Chicago,2023-10-15,housing_buildings,122
Chicago,2023-10-15,information_administration,1960
Chicago,2023-10-15,noise,1228
Chicago,2023-10-15,other,127
Chicago,2023-10-15,sanitation,174
Chicago,2023-10-15,transport_public_realm,367
Chicago,2023-10-16,housing_buildings,284
Chicago,2023-10-16,information_administration,3277
Chicago,2023-10-16,noise,938
Chicago,2023-10-16,other,227
Chicago,2023-10-16,sanitation,488
Chicago,2023-10-16,transport_public_realm,740
Chicago,2023-10-17,housing_buildings,241
Chicago,2023-10-17,information_administration,3553
Chicago,2023-10-17,noise,895
Chicago,2023-10-17,other,197
Chicago,2023-10-17,sanitation,569
Chicago,2023-10-17,transport_public_realm,802
Chicago,2023-10-18,housing_buildings,262
Chicago,2023-10-18,information_administration,3332
Chicago,2023-10-18,noise,578
Chicago,2023-10-18,other,234
Chicago,2023-10-18,sanitation,568
Chicago,2023-10-18,transport_public_realm,731
Chicago,2023-10-19,housing_buildings,211
Chicago,2023-10-19,information_administration,3276
Chicago,2023-10-19,noise,1159
Chicago,2023-10-19,other,157
Chicago,2023-10-19,sanitation,444
Chicago,2023-10-19,transport_public_realm,673
Chicago,2023-10-20,housing_buildings,212
Chicago,2023-10-20,information_administration,3109
Chicago,2023-10-20,noise,1060
Chicago,2023-10-20,other,123
Chicago,2023-10-20,sanitation,473
Chicago,2023-10-20,transport_public_realm,584
Chicago,2023-10-21,housing_buildings,93
Chicago,2023-10-21,information_administration,2153
Chicago,2023-10-21,noise,829
Chicago,2023-10-21,other,82
Chicago,2023-10-21,sanitation,200
Chicago,2023-10-21,transport_public_realm,313
Chicago,2023-10-22,housing_buildings,93
Chicago,2023-10-22,information_administration,1954
Chicago,2023-10-22,noise,1190
Chicago,2023-10-22,other,88
Chicago,2023-10-22,sanitation,228
Chicago,2023-10-22,transport_public_realm,313
Chicago,2023-10-23,housing_buildings,268
Chicago,2023-10-23,information_administration,3172
Chicago,2023-10-23,noise,795
Chicago,2023-10-23,other,139
Chicago,2023-10-23,sanitation,604
Chicago,2023-10-23,transport_public_realm,663
Chicago,2023-10-24,housing_buildings,248
Chicago,2023-10-24,information_administration,3814
Chicago,2023-10-24,noise,935
Chicago,2023-10-24,other,166
Chicago,2023-10-24,sanitation,563
Chicago,2023-10-24,transport_public_realm,606
Chicago,2023-10-25,housing_buildings,249
Chicago,2023-10-25,information_administration,3896
Chicago,2023-10-25,noise,816
Chicago,2023-10-25,other,126
Chicago,2023-10-25,sanitation,502
Chicago,2023-10-25,transport_public_realm,640
Chicago,2023-10-26,housing_buildings,240
Chicago,2023-10-26,information_administration,3814
Chicago,2023-10-26,noise,1156
Chicago,2023-10-26,other,162
Chicago,2023-10-26,sanitation,446
Chicago,2023-10-26,transport_public_realm,710
Chicago,2023-10-27,housing_buildings,203
Chicago,2023-10-27,information_administration,3637
Chicago,2023-10-27,noise,1032
Chicago,2023-10-27,other,137
Chicago,2023-10-27,sanitation,434
Chicago,2023-10-27,transport_public_realm,713
Chicago,2023-10-28,housing_buildings,123
Chicago,2023-10-28,information_administration,2182
Chicago,2023-10-28,noise,898
Chicago,2023-10-28,other,69
Chicago,2023-10-28,sanitation,204
Chicago,2023-10-28,transport_public_realm,260
Chicago,2023-10-29,housing_buildings,82
Chicago,2023-10-29,information_administration,1817
Chicago,2023-10-29,noise,1028
Chicago,2023-10-29,other,54
Chicago,2023-10-29,sanitation,181
Chicago,2023-10-29,transport_public_realm,258
Chicago,2023-10-30,housing_buildings,250
Chicago,2023-10-30,information_administration,3111
Chicago,2023-10-30,noise,554
Chicago,2023-10-30,other,120
Chicago,2023-10-30,sanitation,474
Chicago,2023-10-30,transport_public_realm,644
Chicago,2023-10-31,housing_buildings,224
Chicago,2023-10-31,information_administration,2943
Chicago,2023-10-31,noise,802
Chicago,2023-10-31,other,146
Chicago,2023-10-31,sanitation,370
Chicago,2023-10-31,transport_public_realm,548
Chicago,2023-11-01,housing_buildings,223
Chicago,2023-11-01,information_administration,3186
Chicago,2023-11-01,noise,736
Chicago,2023-11-01,other,107
Chicago,2023-11-01,sanitation,389
Chicago,2023-11-01,transport_public_realm,690
Chicago,2023-11-02,housing_buildings,225
Chicago,2023-11-02,information_administration,3719
Chicago,2023-11-02,noise,667
Chicago,2023-11-02,other,105
Chicago,2023-11-02,sanitation,459
Chicago,2023-11-02,transport_public_realm,699
Chicago,2023-11-03,housing_buildings,210
Chicago,2023-11-03,information_administration,3827
Chicago,2023-11-03,noise,500
Chicago,2023-11-03,other,117
Chicago,2023-11-03,sanitation,400
Chicago,2023-11-03,transport_public_realm,631
Chicago,2023-11-04,housing_buildings,113
Chicago,2023-11-04,information_administration,2264
Chicago,2023-11-04,noise,569
Chicago,2023-11-04,other,87
Chicago,2023-11-04,sanitation,274
Chicago,2023-11-04,transport_public_realm,296
Chicago,2023-11-05,housing_buildings,97
Chicago,2023-11-05,information_administration,2172
Chicago,2023-11-05,noise,878
Chicago,2023-11-05,other,67
Chicago,2023-11-05,sanitation,375
Chicago,2023-11-05,transport_public_realm,358
Chicago,2023-11-06,housing_buildings,272
Chicago,2023-11-06,information_administration,3044
Chicago,2023-11-06,noise,600
Chicago,2023-11-06,other,132
Chicago,2023-11-06,sanitation,673
Chicago,2023-11-06,transport_public_realm,682
Chicago,2023-11-07,housing_buildings,239
Chicago,2023-11-07,information_administration,3176
Chicago,2023-11-07,noise,784
Chicago,2023-11-07,other,134
Chicago,2023-11-07,sanitation,559
Chicago,2023-11-07,transport_public_realm,684
Chicago,2023-11-08,housing_buildings,229
Chicago,2023-11-08,information_administration,3380
Chicago,2023-11-08,noise,826
Chicago,2023-11-08,other,107
Chicago,2023-11-08,sanitation,590
Chicago,2023-11-08,transport_public_realm,704
Chicago,2023-11-09,housing_buildings,236
Chicago,2023-11-09,information_administration,3248
Chicago,2023-11-09,noise,476
Chicago,2023-11-09,other,135
Chicago,2023-11-09,sanitation,631
Chicago,2023-11-09,transport_public_realm,655
Chicago,2023-11-10,housing_buildings,136
Chicago,2023-11-10,information_administration,2934
Chicago,2023-11-10,noise,665
Chicago,2023-11-10,other,82
Chicago,2023-11-10,sanitation,524
Chicago,2023-11-10,transport_public_realm,432
Chicago,2023-11-11,housing_buildings,86
Chicago,2023-11-11,information_administration,2112
Chicago,2023-11-11,noise,691
Chicago,2023-11-11,other,86
Chicago,2023-11-11,sanitation,421
Chicago,2023-11-11,transport_public_realm,302
Chicago,2023-11-12,housing_buildings,88
Chicago,2023-11-12,information_administration,2051
Chicago,2023-11-12,noise,857
Chicago,2023-11-12,other,50
Chicago,2023-11-12,sanitation,381
Chicago,2023-11-12,transport_public_realm,421
Chicago,2023-11-13,housing_buildings,272
Chicago,2023-11-13,information_administration,3800
Chicago,2023-11-13,noise,772
Chicago,2023-11-13,other,121
Chicago,2023-11-13,sanitation,874
Chicago,2023-11-13,transport_public_realm,810
Chicago,2023-11-14,housing_buildings,281
Chicago,2023-11-14,information_administration,3283
Chicago,2023-11-14,noise,429
Chicago,2023-11-14,other,117
Chicago,2023-11-14,sanitation,623
Chicago,2023-11-14,transport_public_realm,703
Chicago,2023-11-15,housing_buildings,228
Chicago,2023-11-15,information_administration,3661
Chicago,2023-11-15,noise,668
Chicago,2023-11-15,other,133
Chicago,2023-11-15,sanitation,626
Chicago,2023-11-15,transport_public_realm,655
Chicago,2023-11-16,housing_buildings,207
Chicago,2023-11-16,information_administration,3497
Chicago,2023-11-16,noise,945
Chicago,2023-11-16,other,130
Chicago,2023-11-16,sanitation,562
Chicago,2023-11-16,transport_public_realm,742
Chicago,2023-11-17,housing_buildings,187
Chicago,2023-11-17,information_administration,3926
Chicago,2023-11-17,noise,646
Chicago,2023-11-17,other,118
Chicago,2023-11-17,sanitation,471
Chicago,2023-11-17,transport_public_realm,579
Chicago,2023-11-18,housing_buildings,98
Chicago,2023-11-18,information_administration,2235
Chicago,2023-11-18,noise,546
Chicago,2023-11-18,other,53
Chicago,2023-11-18,sanitation,273
Chicago,2023-11-18,transport_public_realm,254
Chicago,2023-11-19,housing_buildings,92
Chicago,2023-11-19,information_administration,2015
Chicago,2023-11-19,noise,885
Chicago,2023-11-19,other,71
Chicago,2023-11-19,sanitation,361
Chicago,2023-11-19,transport_public_realm,281
Chicago,2023-11-20,housing_buildings,218
Chicago,2023-11-20,information_administration,3619
Chicago,2023-11-20,noise,634
Chicago,2023-11-20,other,102
Chicago,2023-11-20,sanitation,643
Chicago,2023-11-20,transport_public_realm,652
Chicago,2023-11-21,housing_buildings,257
Chicago,2023-11-21,information_administration,2923
Chicago,2023-11-21,noise,991
Chicago,2023-11-21,other,84
Chicago,2023-11-21,sanitation,466
Chicago,2023-11-21,transport_public_realm,676
Chicago,2023-11-22,housing_buildings,150
Chicago,2023-11-22,information_administration,3068
Chicago,2023-11-22,noise,676
Chicago,2023-11-22,other,107
Chicago,2023-11-22,sanitation,414
Chicago,2023-11-22,transport_public_realm,471
Chicago,2023-11-23,housing_buildings,52
Chicago,2023-11-23,information_administration,1421
Chicago,2023-11-23,noise,477
Chicago,2023-11-23,other,41
Chicago,2023-11-23,sanitation,111
Chicago,2023-11-23,transport_public_realm,172
Chicago,2023-11-24,housing_buildings,108
Chicago,2023-11-24,information_administration,2404
Chicago,2023-11-24,noise,625
Chicago,2023-11-24,other,50
Chicago,2023-11-24,sanitation,292
Chicago,2023-11-24,transport_public_realm,305
Chicago,2023-11-25,housing_buildings,80
Chicago,2023-11-25,information_administration,1793
Chicago,2023-11-25,noise,641
Chicago,2023-11-25,other,53
Chicago,2023-11-25,sanitation,248
Chicago,2023-11-25,transport_public_realm,284
Chicago,2023-11-26,housing_buildings,104
Chicago,2023-11-26,information_administration,1643
Chicago,2023-11-26,noise,1053
Chicago,2023-11-26,other,37
Chicago,2023-11-26,sanitation,194
Chicago,2023-11-26,transport_public_realm,249
Chicago,2023-11-27,housing_buildings,232
Chicago,2023-11-27,information_administration,3478
Chicago,2023-11-27,noise,722
Chicago,2023-11-27,other,106
Chicago,2023-11-27,sanitation,497
Chicago,2023-11-27,transport_public_realm,699
Chicago,2023-11-28,housing_buildings,206
Chicago,2023-11-28,information_administration,3586
Chicago,2023-11-28,noise,752
Chicago,2023-11-28,other,112
Chicago,2023-11-28,sanitation,394
Chicago,2023-11-28,transport_public_realm,632
Chicago,2023-11-29,housing_buildings,212
Chicago,2023-11-29,information_administration,3300
Chicago,2023-11-29,noise,1013
Chicago,2023-11-29,other,122
Chicago,2023-11-29,sanitation,456
Chicago,2023-11-29,transport_public_realm,678
Chicago,2023-11-30,housing_buildings,239
Chicago,2023-11-30,information_administration,3464
Chicago,2023-11-30,noise,834
Chicago,2023-11-30,other,99
Chicago,2023-11-30,sanitation,511
Chicago,2023-11-30,transport_public_realm,604
Chicago,2023-12-01,housing_buildings,263
Chicago,2023-12-01,information_administration,3261
Chicago,2023-12-01,noise,756
Chicago,2023-12-01,other,86
Chicago,2023-12-01,sanitation,326
Chicago,2023-12-01,transport_public_realm,584
Chicago,2023-12-02,housing_buildings,89
Chicago,2023-12-02,information_administration,1844
Chicago,2023-12-02,noise,351
Chicago,2023-12-02,other,48
Chicago,2023-12-02,sanitation,179
Chicago,2023-12-02,transport_public_realm,295
Chicago,2023-12-03,housing_buildings,85
Chicago,2023-12-03,information_administration,1807
Chicago,2023-12-03,noise,1218
Chicago,2023-12-03,other,51
Chicago,2023-12-03,sanitation,151
Chicago,2023-12-03,transport_public_realm,283
Chicago,2023-12-04,housing_buildings,273
Chicago,2023-12-04,information_administration,3402
Chicago,2023-12-04,noise,875
Chicago,2023-12-04,other,115
Chicago,2023-12-04,sanitation,496
Chicago,2023-12-04,transport_public_realm,787
Chicago,2023-12-05,housing_buildings,257
Chicago,2023-12-05,information_administration,3689
Chicago,2023-12-05,noise,664
Chicago,2023-12-05,other,82
Chicago,2023-12-05,sanitation,432
Chicago,2023-12-05,transport_public_realm,696
Chicago,2023-12-06,housing_buildings,267
Chicago,2023-12-06,information_administration,3619
Chicago,2023-12-06,noise,517
Chicago,2023-12-06,other,116
Chicago,2023-12-06,sanitation,429
Chicago,2023-12-06,transport_public_realm,737
Chicago,2023-12-07,housing_buildings,233
Chicago,2023-12-07,information_administration,3382
Chicago,2023-12-07,noise,700
Chicago,2023-12-07,other,106
Chicago,2023-12-07,sanitation,428
Chicago,2023-12-07,transport_public_realm,685
Chicago,2023-12-08,housing_buildings,169
Chicago,2023-12-08,information_administration,3043
Chicago,2023-12-08,noise,573
Chicago,2023-12-08,other,100
Chicago,2023-12-08,sanitation,331
Chicago,2023-12-08,transport_public_realm,669
Chicago,2023-12-09,housing_buildings,99
Chicago,2023-12-09,information_administration,1909
Chicago,2023-12-09,noise,827
Chicago,2023-12-09,other,78
Chicago,2023-12-09,sanitation,195
Chicago,2023-12-09,transport_public_realm,314
Chicago,2023-12-10,housing_buildings,84
Chicago,2023-12-10,information_administration,1731
Chicago,2023-12-10,noise,793
Chicago,2023-12-10,other,38
Chicago,2023-12-10,sanitation,175
Chicago,2023-12-10,transport_public_realm,235
Chicago,2023-12-11,housing_buildings,245
Chicago,2023-12-11,information_administration,3348
Chicago,2023-12-11,noise,815
Chicago,2023-12-11,other,137
Chicago,2023-12-11,sanitation,485
Chicago,2023-12-11,transport_public_realm,680
Chicago,2023-12-12,housing_buildings,195
Chicago,2023-12-12,information_administration,3304
Chicago,2023-12-12,noise,505
Chicago,2023-12-12,other,104
Chicago,2023-12-12,sanitation,366
Chicago,2023-12-12,transport_public_realm,609
Chicago,2023-12-13,housing_buildings,209
Chicago,2023-12-13,information_administration,3464
Chicago,2023-12-13,noise,750
Chicago,2023-12-13,other,105
Chicago,2023-12-13,sanitation,386
Chicago,2023-12-13,transport_public_realm,746
Chicago,2023-12-14,housing_buildings,193
Chicago,2023-12-14,information_administration,3553
Chicago,2023-12-14,noise,635
Chicago,2023-12-14,other,82
Chicago,2023-12-14,sanitation,444
Chicago,2023-12-14,transport_public_realm,651
Chicago,2023-12-15,housing_buildings,174
Chicago,2023-12-15,information_administration,3242
Chicago,2023-12-15,noise,1195
Chicago,2023-12-15,other,95
Chicago,2023-12-15,sanitation,341
Chicago,2023-12-15,transport_public_realm,560
Chicago,2023-12-16,housing_buildings,79
Chicago,2023-12-16,information_administration,1626
Chicago,2023-12-16,noise,832
Chicago,2023-12-16,other,36
Chicago,2023-12-16,sanitation,134
Chicago,2023-12-16,transport_public_realm,359
Chicago,2023-12-17,housing_buildings,80
Chicago,2023-12-17,information_administration,1773
Chicago,2023-12-17,noise,1304
Chicago,2023-12-17,other,76
Chicago,2023-12-17,sanitation,147
Chicago,2023-12-17,transport_public_realm,293
Chicago,2023-12-18,housing_buildings,228
Chicago,2023-12-18,information_administration,3027
Chicago,2023-12-18,noise,1305
Chicago,2023-12-18,other,177
Chicago,2023-12-18,sanitation,391
Chicago,2023-12-18,transport_public_realm,594
Chicago,2023-12-19,housing_buildings,222
Chicago,2023-12-19,information_administration,3150
Chicago,2023-12-19,noise,878
Chicago,2023-12-19,other,89
Chicago,2023-12-19,sanitation,348
Chicago,2023-12-19,transport_public_realm,667
Chicago,2023-12-20,housing_buildings,195
Chicago,2023-12-20,information_administration,3465
Chicago,2023-12-20,noise,1176
Chicago,2023-12-20,other,103
Chicago,2023-12-20,sanitation,371
Chicago,2023-12-20,transport_public_realm,627
Chicago,2023-12-21,housing_buildings,210
Chicago,2023-12-21,information_administration,3362
Chicago,2023-12-21,noise,976
Chicago,2023-12-21,other,83
Chicago,2023-12-21,sanitation,368
Chicago,2023-12-21,transport_public_realm,730
Chicago,2023-12-22,housing_buildings,153
Chicago,2023-12-22,information_administration,2886
Chicago,2023-12-22,noise,779
Chicago,2023-12-22,other,65
Chicago,2023-12-22,sanitation,284
Chicago,2023-12-22,transport_public_realm,397
Chicago,2023-12-23,housing_buildings,87
Chicago,2023-12-23,information_administration,1720
Chicago,2023-12-23,noise,667
Chicago,2023-12-23,other,34
Chicago,2023-12-23,sanitation,118
Chicago,2023-12-23,transport_public_realm,263
Chicago,2023-12-24,housing_buildings,49
Chicago,2023-12-24,information_administration,1762
Chicago,2023-12-24,noise,715
Chicago,2023-12-24,other,32
Chicago,2023-12-24,sanitation,72
Chicago,2023-12-24,transport_public_realm,191
Chicago,2023-12-25,housing_buildings,63
Chicago,2023-12-25,information_administration,1549
Chicago,2023-12-25,noise,734
Chicago,2023-12-25,other,30
Chicago,2023-12-25,sanitation,116
Chicago,2023-12-25,transport_public_realm,179
Chicago,2023-12-26,housing_buildings,158
Chicago,2023-12-26,information_administration,3196
Chicago,2023-12-26,noise,1300
Chicago,2023-12-26,other,83
Chicago,2023-12-26,sanitation,395
Chicago,2023-12-26,transport_public_realm,456
Chicago,2023-12-27,housing_buildings,176
Chicago,2023-12-27,information_administration,2881
Chicago,2023-12-27,noise,808
Chicago,2023-12-27,other,93
Chicago,2023-12-27,sanitation,483
Chicago,2023-12-27,transport_public_realm,691
Chicago,2023-12-28,housing_buildings,150
Chicago,2023-12-28,information_administration,2777
Chicago,2023-12-28,noise,1510
Chicago,2023-12-28,other,75
Chicago,2023-12-28,sanitation,366
Chicago,2023-12-28,transport_public_realm,597
Chicago,2023-12-29,housing_buildings,190
Chicago,2023-12-29,information_administration,3044
Chicago,2023-12-29,noise,1039
Chicago,2023-12-29,other,81
Chicago,2023-12-29,sanitation,343
Chicago,2023-12-29,transport_public_realm,530
Chicago,2023-12-30,housing_buildings,124
Chicago,2023-12-30,information_administration,1887
Chicago,2023-12-30,noise,1132
Chicago,2023-12-30,other,47
Chicago,2023-12-30,sanitation,149
Chicago,2023-12-30,transport_public_realm,277
Chicago,2023-12-31,housing_buildings,89
Chicago,2023-12-31,information_administration,1803
Chicago,2023-12-31,noise,1939
Chicago,2023-12-31,other,27
Chicago,2023-12-31,sanitation,77
Chicago,2023-12-31,transport_public_realm,206
New York City,2022-01-01,housing_buildings,724
New York City,2022-01-01,information_administration,516
New York City,2022-01-01,noise,1521
New York City,2022-01-01,other,2119
New York City,2022-01-01,sanitation,83
New York City,2022-01-01,transport_public_realm,903
New York City,2022-01-02,housing_buildings,1143
New York City,2022-01-02,information_administration,916
New York City,2022-01-02,noise,1082
New York City,2022-01-02,other,2634
New York City,2022-01-02,sanitation,107
New York City,2022-01-02,transport_public_realm,828
New York City,2022-01-03,housing_buildings,2868
New York City,2022-01-03,information_administration,1024
New York City,2022-01-03,noise,788
New York City,2022-01-03,other,3238
New York City,2022-01-03,sanitation,145
New York City,2022-01-03,transport_public_realm,1100
New York City,2022-01-04,housing_buildings,3047
New York City,2022-01-04,information_administration,1010
New York City,2022-01-04,noise,804
New York City,2022-01-04,other,3326
New York City,2022-01-04,sanitation,136
New York City,2022-01-04,transport_public_realm,1092
New York City,2022-01-05,housing_buildings,1990
New York City,2022-01-05,information_administration,986
New York City,2022-01-05,noise,756
New York City,2022-01-05,other,3409
New York City,2022-01-05,sanitation,171
New York City,2022-01-05,transport_public_realm,1073
New York City,2022-01-06,housing_buildings,1802
New York City,2022-01-06,information_administration,959
New York City,2022-01-06,noise,786
New York City,2022-01-06,other,3788
New York City,2022-01-06,sanitation,157
New York City,2022-01-06,transport_public_realm,1049
New York City,2022-01-07,housing_buildings,1958
New York City,2022-01-07,information_administration,566
New York City,2022-01-07,noise,810
New York City,2022-01-07,other,2780
New York City,2022-01-07,sanitation,75
New York City,2022-01-07,transport_public_realm,698
New York City,2022-01-08,housing_buildings,2619
New York City,2022-01-08,information_administration,612
New York City,2022-01-08,noise,1203
New York City,2022-01-08,other,2747
New York City,2022-01-08,sanitation,81
New York City,2022-01-08,transport_public_realm,510
New York City,2022-01-09,housing_buildings,1781
New York City,2022-01-09,information_administration,826
New York City,2022-01-09,noise,1257
New York City,2022-01-09,other,2545
New York City,2022-01-09,sanitation,115
New York City,2022-01-09,transport_public_realm,601
New York City,2022-01-10,housing_buildings,2944
New York City,2022-01-10,information_administration,1027
New York City,2022-01-10,noise,749
New York City,2022-01-10,other,3410
New York City,2022-01-10,sanitation,153
New York City,2022-01-10,transport_public_realm,1207
New York City,2022-01-11,housing_buildings,5248
New York City,2022-01-11,information_administration,1031
New York City,2022-01-11,noise,788
New York City,2022-01-11,other,3510
New York City,2022-01-11,sanitation,139
New York City,2022-01-11,transport_public_realm,1177
New York City,2022-01-12,housing_buildings,3671
New York City,2022-01-12,information_administration,963
New York City,2022-01-12,noise,826
New York City,2022-01-12,other,3570
New York City,2022-01-12,sanitation,158
New York City,2022-01-12,transport_public_realm,1214
New York City,2022-01-13,housing_buildings,2111
New York City,2022-01-13,information_administration,900
New York City,2022-01-13,noise,920
New York City,2022-01-13,other,3726
New York City,2022-01-13,sanitation,141
New York City,2022-01-13,transport_public_realm,1298
New York City,2022-01-14,housing_buildings,2143
New York City,2022-01-14,information_administration,859
New York City,2022-01-14,noise,1007
New York City,2022-01-14,other,3623
New York City,2022-01-14,sanitation,121
New York City,2022-01-14,transport_public_realm,1129
New York City,2022-01-15,housing_buildings,4142
New York City,2022-01-15,information_administration,649
New York City,2022-01-15,noise,1307
New York City,2022-01-15,other,2757
New York City,2022-01-15,sanitation,80
New York City,2022-01-15,transport_public_realm,644
New York City,2022-01-16,housing_buildings,4439
New York City,2022-01-16,information_administration,731
New York City,2022-01-16,noise,1163
New York City,2022-01-16,other,2545
New York City,2022-01-16,sanitation,74
New York City,2022-01-16,transport_public_realm,588
New York City,2022-01-17,housing_buildings,2884
New York City,2022-01-17,information_administration,1051
New York City,2022-01-17,noise,887
New York City,2022-01-17,other,3304
New York City,2022-01-17,sanitation,107
New York City,2022-01-17,transport_public_realm,1117
New York City,2022-01-18,housing_buildings,2896
New York City,2022-01-18,information_administration,1164
New York City,2022-01-18,noise,891
New York City,2022-01-18,other,3599
New York City,2022-01-18,sanitation,114
New York City,2022-01-18,transport_public_realm,1337
New York City,2022-01-19,housing_buildings,2185
New York City,2022-01-19,information_administration,1127
New York City,2022-01-19,noise,875
New York City,2022-01-19,other,3677
New York City,2022-01-19,sanitation,167
New York City,2022-01-19,transport_public_realm,1615
New York City,2022-01-20,housing_buildings,2101
New York City,2022-01-20,information_administration,975
New York City,2022-01-20,noise,841
New York City,2022-01-20,other,3398
New York City,2022-01-20,sanitation,102
New York City,2022-01-20,transport_public_realm,1361
New York City,2022-01-21,housing_buildings,3898
New York City,2022-01-21,information_administration,840
New York City,2022-01-21,noise,971
New York City,2022-01-21,other,3257
New York City,2022-01-21,sanitation,107
New York City,2022-01-21,transport_public_realm,1099
New York City,2022-01-22,housing_buildings,3647
New York City,2022-01-22,information_administration,671
New York City,2022-01-22,noise,1381
New York City,2022-01-22,other,2663
New York City,2022-01-22,sanitation,95
New York City,2022-01-22,transport_public_realm,710
New York City,2022-01-23,housing_buildings,2251
New York City,2022-01-23,information_administration,891
New York City,2022-01-23,noise,1341
New York City,2022-01-23,other,2854
New York City,2022-01-23,sanitation,111
New York City,2022-01-23,transport_public_realm,741
New York City,2022-01-24,housing_buildings,2337
New York City,2022-01-24,information_administration,1115
New York City,2022-01-24,noise,877
New York City,2022-01-24,other,3570
New York City,2022-01-24,sanitation,168
New York City,2022-01-24,transport_public_realm,1257
New York City,2022-01-25,housing_buildings,1915
New York City,2022-01-25,information_administration,1089
New York City,2022-01-25,noise,956
New York City,2022-01-25,other,3797
New York City,2022-01-25,sanitation,182
New York City,2022-01-25,transport_public_realm,1503
New York City,2022-01-26,housing_buildings,2787
New York City,2022-01-26,information_administration,1022
New York City,2022-01-26,noise,841
New York City,2022-01-26,other,3815
New York City,2022-01-26,sanitation,145
New York City,2022-01-26,transport_public_realm,1263
New York City,2022-01-27,housing_buildings,2841
New York City,2022-01-27,information_administration,892
New York City,2022-01-27,noise,845
New York City,2022-01-27,other,3894
New York City,2022-01-27,sanitation,155
New York City,2022-01-27,transport_public_realm,1283
New York City,2022-01-28,housing_buildings,2094
New York City,2022-01-28,information_administration,614
New York City,2022-01-28,noise,1143
New York City,2022-01-28,other,3368
New York City,2022-01-28,sanitation,129
New York City,2022-01-28,transport_public_realm,1142
New York City,2022-01-29,housing_buildings,3204
New York City,2022-01-29,information_administration,316
New York City,2022-01-29,noise,1510
New York City,2022-01-29,other,2387
New York City,2022-01-29,sanitation,59
New York City,2022-01-29,transport_public_realm,402
New York City,2022-01-30,housing_buildings,3658
New York City,2022-01-30,information_administration,507
New York City,2022-01-30,noise,1174
New York City,2022-01-30,other,3456
New York City,2022-01-30,sanitation,88
New York City,2022-01-30,transport_public_realm,461
New York City,2022-01-31,housing_buildings,3183
New York City,2022-01-31,information_administration,746
New York City,2022-01-31,noise,844
New York City,2022-01-31,other,5219
New York City,2022-01-31,sanitation,91
New York City,2022-01-31,transport_public_realm,888
New York City,2022-02-01,housing_buildings,2506
New York City,2022-02-01,information_administration,840
New York City,2022-02-01,noise,1871
New York City,2022-02-01,other,4377
New York City,2022-02-01,sanitation,96
New York City,2022-02-01,transport_public_realm,942
New York City,2022-02-02,housing_buildings,1791
New York City,2022-02-02,information_administration,842
New York City,2022-02-02,noise,781
New York City,2022-02-02,other,4068
New York City,2022-02-02,sanitation,128
New York City,2022-02-02,transport_public_realm,1213
New York City,2022-02-03,housing_buildings,1654
New York City,2022-02-03,information_administration,814
New York City,2022-02-03,noise,740
New York City,2022-02-03,other,3559
New York City,2022-02-03,sanitation,135
New York City,2022-02-03,transport_public_realm,1424
New York City,2022-02-04,housing_buildings,1832
New York City,2022-02-04,information_administration,760
New York City,2022-02-04,noise,937
New York City,2022-02-04,other,3570
New York City,2022-02-04,sanitation,109
New York City,2022-02-04,transport_public_realm,1403
New York City,2022-02-05,housing_buildings,2057
New York City,2022-02-05,information_administration,629
New York City,2022-02-05,noise,1906
New York City,2022-02-05,other,2684
New York City,2022-02-05,sanitation,100
New York City,2022-02-05,transport_public_realm,859
New York City,2022-02-06,housing_buildings,2299
New York City,2022-02-06,information_administration,840
New York City,2022-02-06,noise,1423
New York City,2022-02-06,other,2695
New York City,2022-02-06,sanitation,107
New York City,2022-02-06,transport_public_realm,936
New York City,2022-02-07,housing_buildings,2133
New York City,2022-02-07,information_administration,1063
New York City,2022-02-07,noise,813
New York City,2022-02-07,other,4096
New York City,2022-02-07,sanitation,122
New York City,2022-02-07,transport_public_realm,1537
New York City,2022-02-08,housing_buildings,1760
New York City,2022-02-08,information_administration,1017
New York City,2022-02-08,noise,1075
New York City,2022-02-08,other,3706
New York City,2022-02-08,sanitation,155
New York City,2022-02-08,transport_public_realm,1672
New York City,2022-02-09,housing_buildings,1800
New York City,2022-02-09,information_administration,1018
New York City,2022-02-09,noise,722
New York City,2022-02-09,other,3835
New York City,2022-02-09,sanitation,192
New York City,2022-02-09,transport_public_realm,1655
New York City,2022-02-10,housing_buildings,1583
New York City,2022-02-10,information_administration,982
New York City,2022-02-10,noise,1858
New York City,2022-02-10,other,3689
New York City,2022-02-10,sanitation,164
New York City,2022-02-10,transport_public_realm,1585
New York City,2022-02-11,housing_buildings,1253
New York City,2022-02-11,information_administration,749
New York City,2022-02-11,noise,2588
New York City,2022-02-11,other,3415
New York City,2022-02-11,sanitation,141
New York City,2022-02-11,transport_public_realm,1629
New York City,2022-02-12,housing_buildings,1067
New York City,2022-02-12,information_administration,566
New York City,2022-02-12,noise,4284
New York City,2022-02-12,other,2762
New York City,2022-02-12,sanitation,129
New York City,2022-02-12,transport_public_realm,1125
New York City,2022-02-13,housing_buildings,1415
New York City,2022-02-13,information_administration,626
New York City,2022-02-13,noise,3159
New York City,2022-02-13,other,2318
New York City,2022-02-13,sanitation,75
New York City,2022-02-13,transport_public_realm,760
New York City,2022-02-14,housing_buildings,2466
New York City,2022-02-14,information_administration,877
New York City,2022-02-14,noise,2579
New York City,2022-02-14,other,3272
New York City,2022-02-14,sanitation,117
New York City,2022-02-14,transport_public_realm,1165
New York City,2022-02-15,housing_buildings,2791
New York City,2022-02-15,information_administration,918
New York City,2022-02-15,noise,1043
New York City,2022-02-15,other,3815
New York City,2022-02-15,sanitation,163
New York City,2022-02-15,transport_public_realm,1367
New York City,2022-02-16,housing_buildings,1773
New York City,2022-02-16,information_administration,960
New York City,2022-02-16,noise,904
New York City,2022-02-16,other,3531
New York City,2022-02-16,sanitation,161
New York City,2022-02-16,transport_public_realm,1410
New York City,2022-02-17,housing_buildings,1412
New York City,2022-02-17,information_administration,950
New York City,2022-02-17,noise,866
New York City,2022-02-17,other,3787
New York City,2022-02-17,sanitation,184
New York City,2022-02-17,transport_public_realm,1696
New York City,2022-02-18,housing_buildings,1782
New York City,2022-02-18,information_administration,775
New York City,2022-02-18,noise,905
New York City,2022-02-18,other,3632
New York City,2022-02-18,sanitation,142
New York City,2022-02-18,transport_public_realm,1716
New York City,2022-02-19,housing_buildings,1605
New York City,2022-02-19,information_administration,548
New York City,2022-02-19,noise,1153
New York City,2022-02-19,other,2453
New York City,2022-02-19,sanitation,93
New York City,2022-02-19,transport_public_realm,894
New York City,2022-02-20,housing_buildings,1678
New York City,2022-02-20,information_administration,655
New York City,2022-02-20,noise,1306
New York City,2022-02-20,other,2422
New York City,2022-02-20,sanitation,88
New York City,2022-02-20,transport_public_realm,887
New York City,2022-02-21,housing_buildings,1306
New York City,2022-02-21,information_administration,1045
New York City,2022-02-21,noise,1068
New York City,2022-02-21,other,2720
New York City,2022-02-21,sanitation,136
New York City,2022-02-21,transport_public_realm,1116
New York City,2022-02-22,housing_buildings,1277
New York City,2022-02-22,information_administration,1065
New York City,2022-02-22,noise,822
New York City,2022-02-22,other,3359
New York City,2022-02-22,sanitation,141
New York City,2022-02-22,transport_public_realm,1374
New York City,2022-02-23,housing_buildings,1332
New York City,2022-02-23,information_administration,1106
New York City,2022-02-23,noise,976
New York City,2022-02-23,other,3204
New York City,2022-02-23,sanitation,184
New York City,2022-02-23,transport_public_realm,1593
New York City,2022-02-24,housing_buildings,1941
New York City,2022-02-24,information_administration,942
New York City,2022-02-24,noise,898
New York City,2022-02-24,other,3262
New York City,2022-02-24,sanitation,152
New York City,2022-02-24,transport_public_realm,1316
New York City,2022-02-25,housing_buildings,1867
New York City,2022-02-25,information_administration,807
New York City,2022-02-25,noise,849
New York City,2022-02-25,other,3293
New York City,2022-02-25,sanitation,102
New York City,2022-02-25,transport_public_realm,1222
New York City,2022-02-26,housing_buildings,1550
New York City,2022-02-26,information_administration,681
New York City,2022-02-26,noise,1382
New York City,2022-02-26,other,2613
New York City,2022-02-26,sanitation,93
New York City,2022-02-26,transport_public_realm,807
New York City,2022-02-27,housing_buildings,1245
New York City,2022-02-27,information_administration,981
New York City,2022-02-27,noise,1277
New York City,2022-02-27,other,2321
New York City,2022-02-27,sanitation,95
New York City,2022-02-27,transport_public_realm,968
New York City,2022-02-28,housing_buildings,2079
New York City,2022-02-28,information_administration,1186
New York City,2022-02-28,noise,874
New York City,2022-02-28,other,3919
New York City,2022-02-28,sanitation,147
New York City,2022-02-28,transport_public_realm,1380
New York City,2022-03-01,housing_buildings,1676
New York City,2022-03-01,information_administration,1075
New York City,2022-03-01,noise,801
New York City,2022-03-01,other,3582
New York City,2022-03-01,sanitation,164
New York City,2022-03-01,transport_public_realm,1620
New York City,2022-03-02,housing_buildings,1415
New York City,2022-03-02,information_administration,958
New York City,2022-03-02,noise,852
New York City,2022-03-02,other,3637
New York City,2022-03-02,sanitation,142
New York City,2022-03-02,transport_public_realm,1654
New York City,2022-03-03,housing_buildings,1814
New York City,2022-03-03,information_administration,897
New York City,2022-03-03,noise,853
New York City,2022-03-03,other,3663
New York City,2022-03-03,sanitation,136
New York City,2022-03-03,transport_public_realm,1624
New York City,2022-03-04,housing_buildings,1861
New York City,2022-03-04,information_administration,794
New York City,2022-03-04,noise,1110
New York City,2022-03-04,other,3570
New York City,2022-03-04,sanitation,142
New York City,2022-03-04,transport_public_realm,1428
New York City,2022-03-05,housing_buildings,1284
New York City,2022-03-05,information_administration,515
New York City,2022-03-05,noise,1828
New York City,2022-03-05,other,2764
New York City,2022-03-05,sanitation,136
New York City,2022-03-05,transport_public_realm,978
New York City,2022-03-06,housing_buildings,858
New York City,2022-03-06,information_administration,725
New York City,2022-03-06,noise,2022
New York City,2022-03-06,other,2805
New York City,2022-03-06,sanitation,120
New York City,2022-03-06,transport_public_realm,1536
New York City,2022-03-07,housing_buildings,1218
New York City,2022-03-07,information_administration,694
New York City,2022-03-07,noise,1029
New York City,2022-03-07,other,3946
New York City,2022-03-07,sanitation,219
New York City,2022-03-07,transport_public_realm,1952
New York City,2022-03-08,housing_buildings,1737
New York City,2022-03-08,information_administration,628
New York City,2022-03-08,noise,797
New York City,2022-03-08,other,4015
New York City,2022-03-08,sanitation,173
New York City,2022-03-08,transport_public_realm,1639
New York City,2022-03-09,housing_buildings,1615
New York City,2022-03-09,information_administration,473
New York City,2022-03-09,noise,704
New York City,2022-03-09,other,3429
New York City,2022-03-09,sanitation,152
New York City,2022-03-09,transport_public_realm,1362
New York City,2022-03-10,housing_buildings,1430
New York City,2022-03-10,information_administration,518
New York City,2022-03-10,noise,853
New York City,2022-03-10,other,3857
New York City,2022-03-10,sanitation,149
New York City,2022-03-10,transport_public_realm,1725
New York City,2022-03-11,housing_buildings,1336
New York City,2022-03-11,information_administration,452
New York City,2022-03-11,noise,1104
New York City,2022-03-11,other,3632
New York City,2022-03-11,sanitation,148
New York City,2022-03-11,transport_public_realm,1610
New York City,2022-03-12,housing_buildings,1464
New York City,2022-03-12,information_administration,332
New York City,2022-03-12,noise,1206
New York City,2022-03-12,other,2620
New York City,2022-03-12,sanitation,88
New York City,2022-03-12,transport_public_realm,878
New York City,2022-03-13,housing_buildings,1656
New York City,2022-03-13,information_administration,359
New York City,2022-03-13,noise,1228
New York City,2022-03-13,other,2377
New York City,2022-03-13,sanitation,85
New York City,2022-03-13,transport_public_realm,787
New York City,2022-03-14,housing_buildings,1588
New York City,2022-03-14,information_administration,291
New York City,2022-03-14,noise,997
New York City,2022-03-14,other,3596
New York City,2022-03-14,sanitation,148
New York City,2022-03-14,transport_public_realm,1840
New York City,2022-03-15,housing_buildings,1232
New York City,2022-03-15,information_administration,267
New York City,2022-03-15,noise,1041
New York City,2022-03-15,other,3711
New York City,2022-03-15,sanitation,209
New York City,2022-03-15,transport_public_realm,1890
New York City,2022-03-16,housing_buildings,1170
New York City,2022-03-16,information_administration,273
New York City,2022-03-16,noise,1327
New York City,2022-03-16,other,3875
New York City,2022-03-16,sanitation,178
New York City,2022-03-16,transport_public_realm,1845
New York City,2022-03-17,housing_buildings,1234
New York City,2022-03-17,information_administration,242
New York City,2022-03-17,noise,1067
New York City,2022-03-17,other,3327
New York City,2022-03-17,sanitation,169
New York City,2022-03-17,transport_public_realm,1607
New York City,2022-03-18,housing_buildings,933
New York City,2022-03-18,information_administration,287
New York City,2022-03-18,noise,1428
New York City,2022-03-18,other,3673
New York City,2022-03-18,sanitation,164
New York City,2022-03-18,transport_public_realm,2137
New York City,2022-03-19,housing_buildings,696
New York City,2022-03-19,information_administration,176
New York City,2022-03-19,noise,1790
New York City,2022-03-19,other,2886
New York City,2022-03-19,sanitation,141
New York City,2022-03-19,transport_public_realm,1493
New York City,2022-03-20,housing_buildings,783
New York City,2022-03-20,information_administration,193
New York City,2022-03-20,noise,1981
New York City,2022-03-20,other,2851
New York City,2022-03-20,sanitation,130
New York City,2022-03-20,transport_public_realm,1255
New York City,2022-03-21,housing_buildings,1361
New York City,2022-03-21,information_administration,314
New York City,2022-03-21,noise,1181
New York City,2022-03-21,other,4054
New York City,2022-03-21,sanitation,206
New York City,2022-03-21,transport_public_realm,1638
New York City,2022-03-22,housing_buildings,1525
New York City,2022-03-22,information_administration,261
New York City,2022-03-22,noise,1060
New York City,2022-03-22,other,3809
New York City,2022-03-22,sanitation,187
New York City,2022-03-22,transport_public_realm,1582
New York City,2022-03-23,housing_buildings,1686
New York City,2022-03-23,information_administration,286
New York City,2022-03-23,noise,816
New York City,2022-03-23,other,3635
New York City,2022-03-23,sanitation,177
New York City,2022-03-23,transport_public_realm,1428
New York City,2022-03-24,housing_buildings,1339
New York City,2022-03-24,information_administration,220
New York City,2022-03-24,noise,744
New York City,2022-03-24,other,3458
New York City,2022-03-24,sanitation,137
New York City,2022-03-24,transport_public_realm,1390
New York City,2022-03-25,housing_buildings,1278
New York City,2022-03-25,information_administration,379
New York City,2022-03-25,noise,1099
New York City,2022-03-25,other,3649
New York City,2022-03-25,sanitation,160
New York City,2022-03-25,transport_public_realm,1746
New York City,2022-03-26,housing_buildings,985
New York City,2022-03-26,information_administration,200
New York City,2022-03-26,noise,1668
New York City,2022-03-26,other,2777
New York City,2022-03-26,sanitation,128
New York City,2022-03-26,transport_public_realm,1208
New York City,2022-03-27,housing_buildings,1264
New York City,2022-03-27,information_administration,237
New York City,2022-03-27,noise,1353
New York City,2022-03-27,other,2883
New York City,2022-03-27,sanitation,88
New York City,2022-03-27,transport_public_realm,941
New York City,2022-03-28,housing_buildings,2631
New York City,2022-03-28,information_administration,309
New York City,2022-03-28,noise,1332
New York City,2022-03-28,other,4023
New York City,2022-03-28,sanitation,122
New York City,2022-03-28,transport_public_realm,1191
New York City,2022-03-29,housing_buildings,2224
New York City,2022-03-29,information_administration,294
New York City,2022-03-29,noise,887
New York City,2022-03-29,other,3929
New York City,2022-03-29,sanitation,128
New York City,2022-03-29,transport_public_realm,1360
New York City,2022-03-30,housing_buildings,1551
New York City,2022-03-30,information_administration,305
New York City,2022-03-30,noise,868
New York City,2022-03-30,other,4048
New York City,2022-03-30,sanitation,151
New York City,2022-03-30,transport_public_realm,1394
New York City,2022-03-31,housing_buildings,1097
New York City,2022-03-31,information_administration,337
New York City,2022-03-31,noise,809
New York City,2022-03-31,other,3758
New York City,2022-03-31,sanitation,159
New York City,2022-03-31,transport_public_realm,1653
New York City,2022-04-01,housing_buildings,1190
New York City,2022-04-01,information_administration,260
New York City,2022-04-01,noise,996
New York City,2022-04-01,other,3719
New York City,2022-04-01,sanitation,175
New York City,2022-04-01,transport_public_realm,1625
New York City,2022-04-02,housing_buildings,1031
New York City,2022-04-02,information_administration,207
New York City,2022-04-02,noise,1713
New York City,2022-04-02,other,2921
New York City,2022-04-02,sanitation,97
New York City,2022-04-02,transport_public_realm,1231
New York City,2022-04-03,housing_buildings,949
New York City,2022-04-03,information_administration,155
New York City,2022-04-03,noise,1381
New York City,2022-04-03,other,2700
New York City,2022-04-03,sanitation,110
New York City,2022-04-03,transport_public_realm,972
New York City,2022-04-04,housing_buildings,1396
New York City,2022-04-04,information_administration,313
New York City,2022-04-04,noise,1171
New York City,2022-04-04,other,3826
New York City,2022-04-04,sanitation,181
New York City,2022-04-04,transport_public_realm,1532
New York City,2022-04-05,housing_buildings,1390
New York City,2022-04-05,information_administration,359
New York City,2022-04-05,noise,910
New York City,2022-04-05,other,3885
New York City,2022-04-05,sanitation,179
New York City,2022-04-05,transport_public_realm,1626
New York City,2022-04-06,housing_buildings,1459
New York City,2022-04-06,information_administration,280
New York City,2022-04-06,noise,704
New York City,2022-04-06,other,3706
New York City,2022-04-06,sanitation,160
New York City,2022-04-06,transport_public_realm,1384
New York City,2022-04-07,housing_buildings,1504
New York City,2022-04-07,information_administration,242
New York City,2022-04-07,noise,888
New York City,2022-04-07,other,3557
New York City,2022-04-07,sanitation,174
New York City,2022-04-07,transport_public_realm,1601
New York City,2022-04-08,housing_buildings,1091
New York City,2022-04-08,information_administration,322
New York City,2022-04-08,noise,1472
New York City,2022-04-08,other,3863
New York City,2022-04-08,sanitation,153
New York City,2022-04-08,transport_public_realm,2482
New York City,2022-04-09,housing_buildings,842
New York City,2022-04-09,information_administration,193
New York City,2022-04-09,noise,2104
New York City,2022-04-09,other,2941
New York City,2022-04-09,sanitation,131
New York City,2022-04-09,transport_public_realm,1437
New York City,2022-04-10,housing_buildings,964
New York City,2022-04-10,information_administration,209
New York City,2022-04-10,noise,1573
New York City,2022-04-10,other,2838
New York City,2022-04-10,sanitation,112
New York City,2022-04-10,transport_public_realm,1162
New York City,2022-04-11,housing_buildings,1351
New York City,2022-04-11,information_administration,321
New York City,2022-04-11,noise,972
New York City,2022-04-11,other,3931
New York City,2022-04-11,sanitation,179
New York City,2022-04-11,transport_public_realm,1808
New York City,2022-04-12,housing_buildings,1059
New York City,2022-04-12,information_administration,256
New York City,2022-04-12,noise,1161
New York City,2022-04-12,other,3606
New York City,2022-04-12,sanitation,135
New York City,2022-04-12,transport_public_realm,2085
New York City,2022-04-13,housing_buildings,990
New York City,2022-04-13,information_administration,282
New York City,2022-04-13,noise,1172
New York City,2022-04-13,other,3635
New York City,2022-04-13,sanitation,155
New York City,2022-04-13,transport_public_realm,2084
New York City,2022-04-14,housing_buildings,971
New York City,2022-04-14,information_administration,297
New York City,2022-04-14,noise,1150
New York City,2022-04-14,other,3616
New York City,2022-04-14,sanitation,176
New York City,2022-04-14,transport_public_realm,1784
New York City,2022-04-15,housing_buildings,816
New York City,2022-04-15,information_administration,274
New York City,2022-04-15,noise,1290
New York City,2022-04-15,other,3204
New York City,2022-04-15,sanitation,137
New York City,2022-04-15,transport_public_realm,1623
New York City,2022-04-16,housing_buildings,732
New York City,2022-04-16,information_administration,180
New York City,2022-04-16,noise,1615
New York City,2022-04-16,other,2659
New York City,2022-04-16,sanitation,116
New York City,2022-04-16,transport_public_realm,1252
New York City,2022-04-17,housing_buildings,1087
New York City,2022-04-17,information_administration,159
New York City,2022-04-17,noise,1380
New York City,2022-04-17,other,2300
New York City,2022-04-17,sanitation,93
New York City,2022-04-17,transport_public_realm,956
New York City,2022-04-18,housing_buildings,1721
New York City,2022-04-18,information_administration,281
New York City,2022-04-18,noise,860
New York City,2022-04-18,other,3346
New York City,2022-04-18,sanitation,159
New York City,2022-04-18,transport_public_realm,1452
New York City,2022-04-19,housing_buildings,2060
New York City,2022-04-19,information_administration,294
New York City,2022-04-19,noise,795
New York City,2022-04-19,other,3484
New York City,2022-04-19,sanitation,178
New York City,2022-04-19,transport_public_realm,1719
New York City,2022-04-20,housing_buildings,1304
New York City,2022-04-20,information_administration,408
New York City,2022-04-20,noise,1050
New York City,2022-04-20,other,3436
New York City,2022-04-20,sanitation,169
New York City,2022-04-20,transport_public_realm,1660
New York City,2022-04-21,housing_buildings,1317
New York City,2022-04-21,information_administration,338
New York City,2022-04-21,noise,1257
New York City,2022-04-21,other,3439
New York City,2022-04-21,sanitation,166
New York City,2022-04-21,transport_public_realm,1541
New York City,2022-04-22,housing_buildings,945
New York City,2022-04-22,information_administration,351
New York City,2022-04-22,noise,1388
New York City,2022-04-22,other,3182
New York City,2022-04-22,sanitation,164
New York City,2022-04-22,transport_public_realm,1812
New York City,2022-04-23,housing_buildings,738
New York City,2022-04-23,information_administration,213
New York City,2022-04-23,noise,2609
New York City,2022-04-23,other,2731
New York City,2022-04-23,sanitation,132
New York City,2022-04-23,transport_public_realm,1679
New York City,2022-04-24,housing_buildings,790
New York City,2022-04-24,information_administration,213
New York City,2022-04-24,noise,1861
New York City,2022-04-24,other,2897
New York City,2022-04-24,sanitation,153
New York City,2022-04-24,transport_public_realm,1509
New York City,2022-04-25,housing_buildings,1482
New York City,2022-04-25,information_administration,361
New York City,2022-04-25,noise,918
New York City,2022-04-25,other,3823
New York City,2022-04-25,sanitation,220
New York City,2022-04-25,transport_public_realm,1674
New York City,2022-04-26,housing_buildings,1297
New York City,2022-04-26,information_administration,316
New York City,2022-04-26,noise,829
New York City,2022-04-26,other,3779
New York City,2022-04-26,sanitation,205
New York City,2022-04-26,transport_public_realm,1616
New York City,2022-04-27,housing_buildings,1415
New York City,2022-04-27,information_administration,305
New York City,2022-04-27,noise,866
New York City,2022-04-27,other,3631
New York City,2022-04-27,sanitation,173
New York City,2022-04-27,transport_public_realm,1652
New York City,2022-04-28,housing_buildings,1609
New York City,2022-04-28,information_administration,319
New York City,2022-04-28,noise,880
New York City,2022-04-28,other,3728
New York City,2022-04-28,sanitation,147
New York City,2022-04-28,transport_public_realm,1640
New York City,2022-04-29,housing_buildings,1147
New York City,2022-04-29,information_administration,319
New York City,2022-04-29,noise,1455
New York City,2022-04-29,other,3607
New York City,2022-04-29,sanitation,149
New York City,2022-04-29,transport_public_realm,1914
New York City,2022-04-30,housing_buildings,836
New York City,2022-04-30,information_administration,187
New York City,2022-04-30,noise,2123
New York City,2022-04-30,other,3050
New York City,2022-04-30,sanitation,99
New York City,2022-04-30,transport_public_realm,1714
New York City,2022-05-01,housing_buildings,600
New York City,2022-05-01,information_administration,158
New York City,2022-05-01,noise,2713
New York City,2022-05-01,other,2766
New York City,2022-05-01,sanitation,107
New York City,2022-05-01,transport_public_realm,1805
New York City,2022-05-02,housing_buildings,1124
New York City,2022-05-02,information_administration,331
New York City,2022-05-02,noise,1076
New York City,2022-05-02,other,3795
New York City,2022-05-02,sanitation,201
New York City,2022-05-02,transport_public_realm,1394
New York City,2022-05-03,housing_buildings,1147
New York City,2022-05-03,information_administration,295
New York City,2022-05-03,noise,1069
New York City,2022-05-03,other,3735
New York City,2022-05-03,sanitation,217
New York City,2022-05-03,transport_public_realm,1658
New York City,2022-05-04,housing_buildings,1027
New York City,2022-05-04,information_administration,314
New York City,2022-05-04,noise,887
New York City,2022-05-04,other,3935
New York City,2022-05-04,sanitation,194
New York City,2022-05-04,transport_public_realm,1690
New York City,2022-05-05,housing_buildings,860
New York City,2022-05-05,information_administration,330
New York City,2022-05-05,noise,1430
New York City,2022-05-05,other,3981
New York City,2022-05-05,sanitation,201
New York City,2022-05-05,transport_public_realm,2315
New York City,2022-05-06,housing_buildings,801
New York City,2022-05-06,information_administration,232
New York City,2022-05-06,noise,1019
New York City,2022-05-06,other,3170
New York City,2022-05-06,sanitation,176
New York City,2022-05-06,transport_public_realm,1529
New York City,2022-05-07,housing_buildings,1215
New York City,2022-05-07,information_administration,133
New York City,2022-05-07,noise,1182
New York City,2022-05-07,other,2675
New York City,2022-05-07,sanitation,87
New York City,2022-05-07,transport_public_realm,736
New York City,2022-05-08,housing_buildings,1058
New York City,2022-05-08,information_administration,136
New York City,2022-05-08,noise,1437
New York City,2022-05-08,other,2774
New York City,2022-05-08,sanitation,112
New York City,2022-05-08,transport_public_realm,1131
New York City,2022-05-09,housing_buildings,1233
New York City,2022-05-09,information_administration,274
New York City,2022-05-09,noise,1366
New York City,2022-05-09,other,3858
New York City,2022-05-09,sanitation,217
New York City,2022-05-09,transport_public_realm,1801
New York City,2022-05-10,housing_buildings,1078
New York City,2022-05-10,information_administration,330
New York City,2022-05-10,noise,1013
New York City,2022-05-10,other,3949
New York City,2022-05-10,sanitation,220
New York City,2022-05-10,transport_public_realm,1835
New York City,2022-05-11,housing_buildings,965
New York City,2022-05-11,information_administration,336
New York City,2022-05-11,noise,1603
New York City,2022-05-11,other,4097
New York City,2022-05-11,sanitation,213
New York City,2022-05-11,transport_public_realm,2001
New York City,2022-05-12,housing_buildings,1092
New York City,2022-05-12,information_administration,316
New York City,2022-05-12,noise,1582
New York City,2022-05-12,other,4122
New York City,2022-05-12,sanitation,215
New York City,2022-05-12,transport_public_realm,2136
New York City,2022-05-13,housing_buildings,1735
New York City,2022-05-13,information_administration,272
New York City,2022-05-13,noise,1382
New York City,2022-05-13,other,3800
New York City,2022-05-13,sanitation,195
New York City,2022-05-13,transport_public_realm,1937
New York City,2022-05-14,housing_buildings,651
New York City,2022-05-14,information_administration,236
New York City,2022-05-14,noise,2459
New York City,2022-05-14,other,2777
New York City,2022-05-14,sanitation,144
New York City,2022-05-14,transport_public_realm,1622
New York City,2022-05-15,housing_buildings,578
New York City,2022-05-15,information_administration,191
New York City,2022-05-15,noise,4053
New York City,2022-05-15,other,3131
New York City,2022-05-15,sanitation,122
New York City,2022-05-15,transport_public_realm,2651
New York City,2022-05-16,housing_buildings,1002
New York City,2022-05-16,information_administration,252
New York City,2022-05-16,noise,3246
New York City,2022-05-16,other,4166
New York City,2022-05-16,sanitation,206
New York City,2022-05-16,transport_public_realm,2030
New York City,2022-05-17,housing_buildings,986
New York City,2022-05-17,information_administration,332
New York City,2022-05-17,noise,2894
New York City,2022-05-17,other,4298
New York City,2022-05-17,sanitation,224
New York City,2022-05-17,transport_public_realm,2068
New York City,2022-05-18,housing_buildings,950
New York City,2022-05-18,information_administration,331
New York City,2022-05-18,noise,2891
New York City,2022-05-18,other,4360
New York City,2022-05-18,sanitation,196
New York City,2022-05-18,transport_public_realm,2012
New York City,2022-05-19,housing_buildings,995
New York City,2022-05-19,information_administration,262
New York City,2022-05-19,noise,2604
New York City,2022-05-19,other,3895
New York City,2022-05-19,sanitation,198
New York City,2022-05-19,transport_public_realm,1867
New York City,2022-05-20,housing_buildings,962
New York City,2022-05-20,information_administration,265
New York City,2022-05-20,noise,2671
New York City,2022-05-20,other,3633
New York City,2022-05-20,sanitation,181
New York City,2022-05-20,transport_public_realm,1801
New York City,2022-05-21,housing_buildings,632
New York City,2022-05-21,information_administration,157
New York City,2022-05-21,noise,3722
New York City,2022-05-21,other,3248
New York City,2022-05-21,sanitation,124
New York City,2022-05-21,transport_public_realm,2661
New York City,2022-05-22,housing_buildings,773
New York City,2022-05-22,information_administration,227
New York City,2022-05-22,noise,2777
New York City,2022-05-22,other,3454
New York City,2022-05-22,sanitation,163
New York City,2022-05-22,transport_public_realm,3006
New York City,2022-05-23,housing_buildings,1083
New York City,2022-05-23,information_administration,330
New York City,2022-05-23,noise,1093
New York City,2022-05-23,other,4328
New York City,2022-05-23,sanitation,250
New York City,2022-05-23,transport_public_realm,2132
New York City,2022-05-24,housing_buildings,884
New York City,2022-05-24,information_administration,425
New York City,2022-05-24,noise,1039
New York City,2022-05-24,other,4159
New York City,2022-05-24,sanitation,234
New York City,2022-05-24,transport_public_realm,1792
New York City,2022-05-25,housing_buildings,904
New York City,2022-05-25,information_administration,298
New York City,2022-05-25,noise,1088
New York City,2022-05-25,other,4199
New York City,2022-05-25,sanitation,184
New York City,2022-05-25,transport_public_realm,1805
New York City,2022-05-26,housing_buildings,861
New York City,2022-05-26,information_administration,297
New York City,2022-05-26,noise,1262
New York City,2022-05-26,other,4028
New York City,2022-05-26,sanitation,195
New York City,2022-05-26,transport_public_realm,1906
New York City,2022-05-27,housing_buildings,765
New York City,2022-05-27,information_administration,266
New York City,2022-05-27,noise,1120
New York City,2022-05-27,other,3718
New York City,2022-05-27,sanitation,203
New York City,2022-05-27,transport_public_realm,1850
New York City,2022-05-28,housing_buildings,513
New York City,2022-05-28,information_administration,179
New York City,2022-05-28,noise,1827
New York City,2022-05-28,other,2874
New York City,2022-05-28,sanitation,114
New York City,2022-05-28,transport_public_realm,1660
New York City,2022-05-29,housing_buildings,434
New York City,2022-05-29,information_administration,189
New York City,2022-05-29,noise,2907
New York City,2022-05-29,other,2612
New York City,2022-05-29,sanitation,101
New York City,2022-05-29,transport_public_realm,3093
New York City,2022-05-30,housing_buildings,581
New York City,2022-05-30,information_administration,199
New York City,2022-05-30,noise,2753
New York City,2022-05-30,other,2916
New York City,2022-05-30,sanitation,132
New York City,2022-05-30,transport_public_realm,2849
New York City,2022-05-31,housing_buildings,1291
New York City,2022-05-31,information_administration,366
New York City,2022-05-31,noise,2220
New York City,2022-05-31,other,4261
New York City,2022-05-31,sanitation,265
New York City,2022-05-31,transport_public_realm,2162
New York City,2022-06-01,housing_buildings,1213
New York City,2022-06-01,information_administration,390
New York City,2022-06-01,noise,1201
New York City,2022-06-01,other,4315
New York City,2022-06-01,sanitation,248
New York City,2022-06-01,transport_public_realm,1693
New York City,2022-06-02,housing_buildings,1361
New York City,2022-06-02,information_administration,345
New York City,2022-06-02,noise,769
New York City,2022-06-02,other,4511
New York City,2022-06-02,sanitation,258
New York City,2022-06-02,transport_public_realm,1831
New York City,2022-06-03,housing_buildings,969
New York City,2022-06-03,information_administration,280
New York City,2022-06-03,noise,1330
New York City,2022-06-03,other,4351
New York City,2022-06-03,sanitation,223
New York City,2022-06-03,transport_public_realm,2289
New York City,2022-06-04,housing_buildings,658
New York City,2022-06-04,information_administration,187
New York City,2022-06-04,noise,2429
New York City,2022-06-04,other,3460
New York City,2022-06-04,sanitation,150
New York City,2022-06-04,transport_public_realm,2719
New York City,2022-06-05,housing_buildings,539
New York City,2022-06-05,information_administration,214
New York City,2022-06-05,noise,2534
New York City,2022-06-05,other,3316
New York City,2022-06-05,sanitation,170
New York City,2022-06-05,transport_public_realm,3070
New York City,2022-06-06,housing_buildings,994
New York City,2022-06-06,information_administration,444
New York City,2022-06-06,noise,1080
New York City,2022-06-06,other,4402
New York City,2022-06-06,sanitation,283
New York City,2022-06-06,transport_public_realm,2358
New York City,2022-06-07,housing_buildings,996
New York City,2022-06-07,information_administration,345
New York City,2022-06-07,noise,873
New York City,2022-06-07,other,4463
New York City,2022-06-07,sanitation,241
New York City,2022-06-07,transport_public_realm,1851
New York City,2022-06-08,housing_buildings,960
New York City,2022-06-08,information_administration,330
New York City,2022-06-08,noise,1005
New York City,2022-06-08,other,4506
New York City,2022-06-08,sanitation,229
New York City,2022-06-08,transport_public_realm,2008
New York City,2022-06-09,housing_buildings,982
New York City,2022-06-09,information_administration,291
New York City,2022-06-09,noise,929
New York City,2022-06-09,other,4023
New York City,2022-06-09,sanitation,219
New York City,2022-06-09,transport_public_realm,2037
New York City,2022-06-10,housing_buildings,953
New York City,2022-06-10,information_administration,275
New York City,2022-06-10,noise,1353
New York City,2022-06-10,other,4294
New York City,2022-06-10,sanitation,221
New York City,2022-06-10,transport_public_realm,2368
New York City,2022-06-11,housing_buildings,566
New York City,2022-06-11,information_administration,202
New York City,2022-06-11,noise,2440
New York City,2022-06-11,other,3427
New York City,2022-06-11,sanitation,149
New York City,2022-06-11,transport_public_realm,2592
New York City,2022-06-12,housing_buildings,470
New York City,2022-06-12,information_administration,232
New York City,2022-06-12,noise,2159
New York City,2022-06-12,other,3216
New York City,2022-06-12,sanitation,157
New York City,2022-06-12,transport_public_realm,2773
New York City,2022-06-13,housing_buildings,1086
New York City,2022-06-13,information_administration,370
New York City,2022-06-13,noise,1053
New York City,2022-06-13,other,4364
New York City,2022-06-13,sanitation,299
New York City,2022-06-13,transport_public_realm,2015
New York City,2022-06-14,housing_buildings,977
New York City,2022-06-14,information_administration,347
New York City,2022-06-14,noise,970
New York City,2022-06-14,other,4668
New York City,2022-06-14,sanitation,272
New York City,2022-06-14,transport_public_realm,2127
New York City,2022-06-15,housing_buildings,909
New York City,2022-06-15,information_administration,423
New York City,2022-06-15,noise,933
New York City,2022-06-15,other,4340
New York City,2022-06-15,sanitation,232
New York City,2022-06-15,transport_public_realm,2025
New York City,2022-06-16,housing_buildings,855
New York City,2022-06-16,information_administration,297
New York City,2022-06-16,noise,946
New York City,2022-06-16,other,4199
New York City,2022-06-16,sanitation,195
New York City,2022-06-16,transport_public_realm,1688
New York City,2022-06-17,housing_buildings,947
New York City,2022-06-17,information_administration,313
New York City,2022-06-17,noise,1206
New York City,2022-06-17,other,4307
New York City,2022-06-17,sanitation,203
New York City,2022-06-17,transport_public_realm,2362
New York City,2022-06-18,housing_buildings,500
New York City,2022-06-18,information_administration,166
New York City,2022-06-18,noise,3088
New York City,2022-06-18,other,3334
New York City,2022-06-18,sanitation,110
New York City,2022-06-18,transport_public_realm,1902
New York City,2022-06-19,housing_buildings,410
New York City,2022-06-19,information_administration,171
New York City,2022-06-19,noise,4103
New York City,2022-06-19,other,3172
New York City,2022-06-19,sanitation,113
New York City,2022-06-19,transport_public_realm,2739
New York City,2022-06-20,housing_buildings,735
New York City,2022-06-20,information_administration,221
New York City,2022-06-20,noise,1501
New York City,2022-06-20,other,3686
New York City,2022-06-20,sanitation,170
New York City,2022-06-20,transport_public_realm,2038
New York City,2022-06-21,housing_buildings,944
New York City,2022-06-21,information_administration,328
New York City,2022-06-21,noise,989
New York City,2022-06-21,other,4343
New York City,2022-06-21,sanitation,244
New York City,2022-06-21,transport_public_realm,1751
New York City,2022-06-22,housing_buildings,821
New York City,2022-06-22,information_administration,344
New York City,2022-06-22,noise,819
New York City,2022-06-22,other,4191
New York City,2022-06-22,sanitation,218
New York City,2022-06-22,transport_public_realm,1611
New York City,2022-06-23,housing_buildings,864
New York City,2022-06-23,information_administration,276
New York City,2022-06-23,noise,1053
New York City,2022-06-23,other,4585
New York City,2022-06-23,sanitation,258
New York City,2022-06-23,transport_public_realm,1789
New York City,2022-06-24,housing_buildings,777
New York City,2022-06-24,information_administration,262
New York City,2022-06-24,noise,1473
New York City,2022-06-24,other,4030
New York City,2022-06-24,sanitation,180
New York City,2022-06-24,transport_public_realm,2151
New York City,2022-06-25,housing_buildings,644
New York City,2022-06-25,information_administration,162
New York City,2022-06-25,noise,2393
New York City,2022-06-25,other,3267
New York City,2022-06-25,sanitation,131
New York City,2022-06-25,transport_public_realm,2399
New York City,2022-06-26,housing_buildings,618
New York City,2022-06-26,information_administration,325
New York City,2022-06-26,noise,2509
New York City,2022-06-26,other,3274
New York City,2022-06-26,sanitation,142
New York City,2022-06-26,transport_public_realm,2625
New York City,2022-06-27,housing_buildings,999
New York City,2022-06-27,information_administration,364
New York City,2022-06-27,noise,952
New York City,2022-06-27,other,4188
New York City,2022-06-27,sanitation,239
New York City,2022-06-27,transport_public_realm,1658
New York City,2022-06-28,housing_buildings,962
New York City,2022-06-28,information_administration,344
New York City,2022-06-28,noise,1030
New York City,2022-06-28,other,4490
New York City,2022-06-28,sanitation,258
New York City,2022-06-28,transport_public_realm,1882
New York City,2022-06-29,housing_buildings,994
New York City,2022-06-29,information_administration,404
New York City,2022-06-29,noise,969
New York City,2022-06-29,other,4571
New York City,2022-06-29,sanitation,224
New York City,2022-06-29,transport_public_realm,1855
New York City,2022-06-30,housing_buildings,979
New York City,2022-06-30,information_administration,307
New York City,2022-06-30,noise,968
New York City,2022-06-30,other,4364
New York City,2022-06-30,sanitation,237
New York City,2022-06-30,transport_public_realm,1896
New York City,2022-07-01,housing_buildings,1067
New York City,2022-07-01,information_administration,233
New York City,2022-07-01,noise,1117
New York City,2022-07-01,other,4010
New York City,2022-07-01,sanitation,208
New York City,2022-07-01,transport_public_realm,1941
New York City,2022-07-02,housing_buildings,739
New York City,2022-07-02,information_administration,161
New York City,2022-07-02,noise,1251
New York City,2022-07-02,other,3215
New York City,2022-07-02,sanitation,118
New York City,2022-07-02,transport_public_realm,1761
New York City,2022-07-03,housing_buildings,660
New York City,2022-07-03,information_administration,149
New York City,2022-07-03,noise,1895
New York City,2022-07-03,other,3452
New York City,2022-07-03,sanitation,99
New York City,2022-07-03,transport_public_realm,2386
New York City,2022-07-04,housing_buildings,703
New York City,2022-07-04,information_administration,209
New York City,2022-07-04,noise,3096
New York City,2022-07-04,other,4979
New York City,2022-07-04,sanitation,95
New York City,2022-07-04,transport_public_realm,2982
New York City,2022-07-05,housing_buildings,1115
New York City,2022-07-05,information_administration,310
New York City,2022-07-05,noise,1128
New York City,2022-07-05,other,5130
New York City,2022-07-05,sanitation,253
New York City,2022-07-05,transport_public_realm,2517
New York City,2022-07-06,housing_buildings,1048
New York City,2022-07-06,information_administration,340
New York City,2022-07-06,noise,1093
New York City,2022-07-06,other,4475
New York City,2022-07-06,sanitation,245
New York City,2022-07-06,transport_public_realm,1715
New York City,2022-07-07,housing_buildings,1101
New York City,2022-07-07,information_administration,333
New York City,2022-07-07,noise,1326
New York City,2022-07-07,other,4646
New York City,2022-07-07,sanitation,243
New York City,2022-07-07,transport_public_realm,1972
New York City,2022-07-08,housing_buildings,846
New York City,2022-07-08,information_administration,288
New York City,2022-07-08,noise,1091
New York City,2022-07-08,other,4193
New York City,2022-07-08,sanitation,207
New York City,2022-07-08,transport_public_realm,1931
New York City,2022-07-09,housing_buildings,580
New York City,2022-07-09,information_administration,183
New York City,2022-07-09,noise,2685
New York City,2022-07-09,other,3370
New York City,2022-07-09,sanitation,185
New York City,2022-07-09,transport_public_realm,2009
New York City,2022-07-10,housing_buildings,425
New York City,2022-07-10,information_administration,171
New York City,2022-07-10,noise,3392
New York City,2022-07-10,other,3187
New York City,2022-07-10,sanitation,142
New York City,2022-07-10,transport_public_realm,2298
New York City,2022-07-11,housing_buildings,953
New York City,2022-07-11,information_administration,343
New York City,2022-07-11,noise,871
New York City,2022-07-11,other,4411
New York City,2022-07-11,sanitation,249
New York City,2022-07-11,transport_public_realm,1949
New York City,2022-07-12,housing_buildings,976
New York City,2022-07-12,information_administration,318
New York City,2022-07-12,noise,745
New York City,2022-07-12,other,4287
New York City,2022-07-12,sanitation,197
New York City,2022-07-12,transport_public_realm,1738
New York City,2022-07-13,housing_buildings,1111
New York City,2022-07-13,information_administration,316
New York City,2022-07-13,noise,1191
New York City,2022-07-13,other,4233
New York City,2022-07-13,sanitation,248
New York City,2022-07-13,transport_public_realm,1678
New York City,2022-07-14,housing_buildings,1111
New York City,2022-07-14,information_administration,321
New York City,2022-07-14,noise,928
New York City,2022-07-14,other,4473
New York City,2022-07-14,sanitation,269
New York City,2022-07-14,transport_public_realm,1765
New York City,2022-07-15,housing_buildings,899
New York City,2022-07-15,information_administration,274
New York City,2022-07-15,noise,1133
New York City,2022-07-15,other,3995
New York City,2022-07-15,sanitation,215
New York City,2022-07-15,transport_public_realm,2055
New York City,2022-07-16,housing_buildings,908
New York City,2022-07-16,information_administration,185
New York City,2022-07-16,noise,2474
New York City,2022-07-16,other,3067
New York City,2022-07-16,sanitation,171
New York City,2022-07-16,transport_public_realm,2033
New York City,2022-07-17,housing_buildings,682
New York City,2022-07-17,information_administration,173
New York City,2022-07-17,noise,3721
New York City,2022-07-17,other,3127
New York City,2022-07-17,sanitation,142
New York City,2022-07-17,transport_public_realm,2030
New York City,2022-07-18,housing_buildings,1702
New York City,2022-07-18,information_administration,315
New York City,2022-07-18,noise,2544
New York City,2022-07-18,other,4279
New York City,2022-07-18,sanitation,271
New York City,2022-07-18,transport_public_realm,1622
New York City,2022-07-19,housing_buildings,1439
New York City,2022-07-19,information_administration,333
New York City,2022-07-19,noise,1229
New York City,2022-07-19,other,4874
New York City,2022-07-19,sanitation,269
New York City,2022-07-19,transport_public_realm,1725
New York City,2022-07-20,housing_buildings,1866
New York City,2022-07-20,information_administration,311
New York City,2022-07-20,noise,618
New York City,2022-07-20,other,4115
New York City,2022-07-20,sanitation,212
New York City,2022-07-20,transport_public_realm,1657
New York City,2022-07-21,housing_buildings,1605
New York City,2022-07-21,information_administration,270
New York City,2022-07-21,noise,641
New York City,2022-07-21,other,4363
New York City,2022-07-21,sanitation,214
New York City,2022-07-21,transport_public_realm,1835
New York City,2022-07-22,housing_buildings,1497
New York City,2022-07-22,information_administration,302
New York City,2022-07-22,noise,912
New York City,2022-07-22,other,4041
New York City,2022-07-22,sanitation,177
New York City,2022-07-22,transport_public_realm,1838
New York City,2022-07-23,housing_buildings,1069
New York City,2022-07-23,information_administration,198
New York City,2022-07-23,noise,2248
New York City,2022-07-23,other,3198
New York City,2022-07-23,sanitation,125
New York City,2022-07-23,transport_public_realm,1917
New York City,2022-07-24,housing_buildings,1194
New York City,2022-07-24,information_administration,214
New York City,2022-07-24,noise,3836
New York City,2022-07-24,other,3075
New York City,2022-07-24,sanitation,107
New York City,2022-07-24,transport_public_realm,2167
New York City,2022-07-25,housing_buildings,1721
New York City,2022-07-25,information_administration,343
New York City,2022-07-25,noise,2845
New York City,2022-07-25,other,4649
New York City,2022-07-25,sanitation,273
New York City,2022-07-25,transport_public_realm,1944
New York City,2022-07-26,housing_buildings,1354
New York City,2022-07-26,information_administration,330
New York City,2022-07-26,noise,2718
New York City,2022-07-26,other,4704
New York City,2022-07-26,sanitation,267
New York City,2022-07-26,transport_public_realm,1747
New York City,2022-07-27,housing_buildings,1113
New York City,2022-07-27,information_administration,422
New York City,2022-07-27,noise,2858
New York City,2022-07-27,other,4383
New York City,2022-07-27,sanitation,191
New York City,2022-07-27,transport_public_realm,1676
New York City,2022-07-28,housing_buildings,1150
New York City,2022-07-28,information_administration,446
New York City,2022-07-28,noise,2294
New York City,2022-07-28,other,4211
New York City,2022-07-28,sanitation,211
New York City,2022-07-28,transport_public_realm,1660
New York City,2022-07-29,housing_buildings,1001
New York City,2022-07-29,information_administration,264
New York City,2022-07-29,noise,2755
New York City,2022-07-29,other,4225
New York City,2022-07-29,sanitation,210
New York City,2022-07-29,transport_public_realm,1654
New York City,2022-07-30,housing_buildings,682
New York City,2022-07-30,information_administration,155
New York City,2022-07-30,noise,3256
New York City,2022-07-30,other,3165
New York City,2022-07-30,sanitation,150
New York City,2022-07-30,transport_public_realm,1909
New York City,2022-07-31,housing_buildings,568
New York City,2022-07-31,information_administration,168
New York City,2022-07-31,noise,3740
New York City,2022-07-31,other,3203
New York City,2022-07-31,sanitation,147
New York City,2022-07-31,transport_public_realm,2624
New York City,2022-08-01,housing_buildings,1015
New York City,2022-08-01,information_administration,285
New York City,2022-08-01,noise,1085
New York City,2022-08-01,other,4354
New York City,2022-08-01,sanitation,234
New York City,2022-08-01,transport_public_realm,4466
New York City,2022-08-02,housing_buildings,1060
New York City,2022-08-02,information_administration,279
New York City,2022-08-02,noise,779
New York City,2022-08-02,other,4406
New York City,2022-08-02,sanitation,244
New York City,2022-08-02,transport_public_realm,1747
New York City,2022-08-03,housing_buildings,993
New York City,2022-08-03,information_administration,229
New York City,2022-08-03,noise,747
New York City,2022-08-03,other,3737
New York City,2022-08-03,sanitation,262
New York City,2022-08-03,transport_public_realm,1637
New York City,2022-08-04,housing_buildings,1031
New York City,2022-08-04,information_administration,229
New York City,2022-08-04,noise,791
New York City,2022-08-04,other,3972
New York City,2022-08-04,sanitation,202
New York City,2022-08-04,transport_public_realm,1754
New York City,2022-08-05,housing_buildings,965
New York City,2022-08-05,information_administration,193
New York City,2022-08-05,noise,1366
New York City,2022-08-05,other,3729
New York City,2022-08-05,sanitation,199
New York City,2022-08-05,transport_public_realm,1905
New York City,2022-08-06,housing_buildings,845
New York City,2022-08-06,information_administration,135
New York City,2022-08-06,noise,2545
New York City,2022-08-06,other,2912
New York City,2022-08-06,sanitation,105
New York City,2022-08-06,transport_public_realm,1921
New York City,2022-08-07,housing_buildings,781
New York City,2022-08-07,information_administration,141
New York City,2022-08-07,noise,1619
New York City,2022-08-07,other,2922
New York City,2022-08-07,sanitation,132
New York City,2022-08-07,transport_public_realm,1951
New York City,2022-08-08,housing_buildings,1234
New York City,2022-08-08,information_administration,258
New York City,2022-08-08,noise,648
New York City,2022-08-08,other,3966
New York City,2022-08-08,sanitation,253
New York City,2022-08-08,transport_public_realm,1777
New York City,2022-08-09,housing_buildings,1455
New York City,2022-08-09,information_administration,224
New York City,2022-08-09,noise,655
New York City,2022-08-09,other,3904
New York City,2022-08-09,sanitation,210
New York City,2022-08-09,transport_public_realm,1593
New York City,2022-08-10,housing_buildings,1232
New York City,2022-08-10,information_administration,241
New York City,2022-08-10,noise,748
New York City,2022-08-10,other,3698
New York City,2022-08-10,sanitation,200
New York City,2022-08-10,transport_public_realm,1709
New York City,2022-08-11,housing_buildings,1020
New York City,2022-08-11,information_administration,383
New York City,2022-08-11,noise,739
New York City,2022-08-11,other,3919
New York City,2022-08-11,sanitation,172
New York City,2022-08-11,transport_public_realm,1671
New York City,2022-08-12,housing_buildings,1044
New York City,2022-08-12,information_administration,282
New York City,2022-08-12,noise,999
New York City,2022-08-12,other,4004
New York City,2022-08-12,sanitation,196
New York City,2022-08-12,transport_public_realm,1904
New York City,2022-08-13,housing_buildings,623
New York City,2022-08-13,information_administration,185
New York City,2022-08-13,noise,2055
New York City,2022-08-13,other,2973
New York City,2022-08-13,sanitation,121
New York City,2022-08-13,transport_public_realm,2210
New York City,2022-08-14,housing_buildings,493
New York City,2022-08-14,information_administration,210
New York City,2022-08-14,noise,2176
New York City,2022-08-14,other,2941
New York City,2022-08-14,sanitation,139
New York City,2022-08-14,transport_public_realm,2351
New York City,2022-08-15,housing_buildings,1083
New York City,2022-08-15,information_administration,384
New York City,2022-08-15,noise,993
New York City,2022-08-15,other,4221
New York City,2022-08-15,sanitation,225
New York City,2022-08-15,transport_public_realm,1926
New York City,2022-08-16,housing_buildings,1007
New York City,2022-08-16,information_administration,550
New York City,2022-08-16,noise,906
New York City,2022-08-16,other,4699
New York City,2022-08-16,sanitation,237
New York City,2022-08-16,transport_public_realm,1691
New York City,2022-08-17,housing_buildings,884
New York City,2022-08-17,information_administration,263
New York City,2022-08-17,noise,813
New York City,2022-08-17,other,4136
New York City,2022-08-17,sanitation,207
New York City,2022-08-17,transport_public_realm,1523
New York City,2022-08-18,housing_buildings,942
New York City,2022-08-18,information_administration,249
New York City,2022-08-18,noise,910
New York City,2022-08-18,other,4184
New York City,2022-08-18,sanitation,174
New York City,2022-08-18,transport_public_realm,1803
New York City,2022-08-19,housing_buildings,885
New York City,2022-08-19,information_administration,229
New York City,2022-08-19,noise,1190
New York City,2022-08-19,other,3819
New York City,2022-08-19,sanitation,216
New York City,2022-08-19,transport_public_realm,1880
New York City,2022-08-20,housing_buildings,564
New York City,2022-08-20,information_administration,171
New York City,2022-08-20,noise,1968
New York City,2022-08-20,other,2992
New York City,2022-08-20,sanitation,127
New York City,2022-08-20,transport_public_realm,2235
New York City,2022-08-21,housing_buildings,546
New York City,2022-08-21,information_administration,140
New York City,2022-08-21,noise,2066
New York City,2022-08-21,other,2964
New York City,2022-08-21,sanitation,142
New York City,2022-08-21,transport_public_realm,2194
New York City,2022-08-22,housing_buildings,1957
New York City,2022-08-22,information_administration,565
New York City,2022-08-22,noise,670
New York City,2022-08-22,other,7985
New York City,2022-08-22,sanitation,255
New York City,2022-08-22,transport_public_realm,1663
New York City,2022-08-23,housing_buildings,895
New York City,2022-08-23,information_administration,254
New York City,2022-08-23,noise,770
New York City,2022-08-23,other,4370
New York City,2022-08-23,sanitation,246
New York City,2022-08-23,transport_public_realm,1622
New York City,2022-08-24,housing_buildings,925
New York City,2022-08-24,information_administration,295
New York City,2022-08-24,noise,924
New York City,2022-08-24,other,4283
New York City,2022-08-24,sanitation,199
New York City,2022-08-24,transport_public_realm,1646
New York City,2022-08-25,housing_buildings,926
New York City,2022-08-25,information_administration,316
New York City,2022-08-25,noise,1524
New York City,2022-08-25,other,4057
New York City,2022-08-25,sanitation,160
New York City,2022-08-25,transport_public_realm,1715
New York City,2022-08-26,housing_buildings,894
New York City,2022-08-26,information_administration,222
New York City,2022-08-26,noise,1056
New York City,2022-08-26,other,3746
New York City,2022-08-26,sanitation,201
New York City,2022-08-26,transport_public_realm,1796
New York City,2022-08-27,housing_buildings,623
New York City,2022-08-27,information_administration,158
New York City,2022-08-27,noise,2091
New York City,2022-08-27,other,3048
New York City,2022-08-27,sanitation,119
New York City,2022-08-27,transport_public_realm,2042
New York City,2022-08-28,housing_buildings,541
New York City,2022-08-28,information_administration,210
New York City,2022-08-28,noise,4459
New York City,2022-08-28,other,2954
New York City,2022-08-28,sanitation,119
New York City,2022-08-28,transport_public_realm,2344
New York City,2022-08-29,housing_buildings,1137
New York City,2022-08-29,information_administration,308
New York City,2022-08-29,noise,2470
New York City,2022-08-29,other,4386
New York City,2022-08-29,sanitation,215
New York City,2022-08-29,transport_public_realm,1709
New York City,2022-08-30,housing_buildings,958
New York City,2022-08-30,information_administration,296
New York City,2022-08-30,noise,3159
New York City,2022-08-30,other,4291
New York City,2022-08-30,sanitation,225
New York City,2022-08-30,transport_public_realm,1540
New York City,2022-08-31,housing_buildings,967
New York City,2022-08-31,information_administration,330
New York City,2022-08-31,noise,1319
New York City,2022-08-31,other,4237
New York City,2022-08-31,sanitation,207
New York City,2022-08-31,transport_public_realm,1578
New York City,2022-09-01,housing_buildings,1014
New York City,2022-09-01,information_administration,296
New York City,2022-09-01,noise,1028
New York City,2022-09-01,other,4314
New York City,2022-09-01,sanitation,240
New York City,2022-09-01,transport_public_realm,1762
New York City,2022-09-02,housing_buildings,816
New York City,2022-09-02,information_administration,241
New York City,2022-09-02,noise,1194
New York City,2022-09-02,other,3707
New York City,2022-09-02,sanitation,188
New York City,2022-09-02,transport_public_realm,1803
New York City,2022-09-03,housing_buildings,439
New York City,2022-09-03,information_administration,205
New York City,2022-09-03,noise,1918
New York City,2022-09-03,other,3008
New York City,2022-09-03,sanitation,141
New York City,2022-09-03,transport_public_realm,2007
New York City,2022-09-04,housing_buildings,383
New York City,2022-09-04,information_administration,174
New York City,2022-09-04,noise,2085
New York City,2022-09-04,other,2758
New York City,2022-09-04,sanitation,150
New York City,2022-09-04,transport_public_realm,2421
New York City,2022-09-05,housing_buildings,633
New York City,2022-09-05,information_administration,217
New York City,2022-09-05,noise,1418
New York City,2022-09-05,other,3164
New York City,2022-09-05,sanitation,146
New York City,2022-09-05,transport_public_realm,1426
New York City,2022-09-06,housing_buildings,1046
New York City,2022-09-06,information_administration,301
New York City,2022-09-06,noise,602
New York City,2022-09-06,other,4114
New York City,2022-09-06,sanitation,169
New York City,2022-09-06,transport_public_realm,1272
New York City,2022-09-07,housing_buildings,902
New York City,2022-09-07,information_administration,269
New York City,2022-09-07,noise,1267
New York City,2022-09-07,other,4548
New York City,2022-09-07,sanitation,230
New York City,2022-09-07,transport_public_realm,1517
New York City,2022-09-08,housing_buildings,923
New York City,2022-09-08,information_administration,324
New York City,2022-09-08,noise,1230
New York City,2022-09-08,other,4674
New York City,2022-09-08,sanitation,230
New York City,2022-09-08,transport_public_realm,1797
New York City,2022-09-09,housing_buildings,848
New York City,2022-09-09,information_administration,271
New York City,2022-09-09,noise,1269
New York City,2022-09-09,other,4565
New York City,2022-09-09,sanitation,221
New York City,2022-09-09,transport_public_realm,2099
New York City,2022-09-10,housing_buildings,612
New York City,2022-09-10,information_administration,196
New York City,2022-09-10,noise,3111
New York City,2022-09-10,other,3287
New York City,2022-09-10,sanitation,151
New York City,2022-09-10,transport_public_realm,2169
New York City,2022-09-11,housing_buildings,454
New York City,2022-09-11,information_administration,171
New York City,2022-09-11,noise,4132
New York City,2022-09-11,other,3014
New York City,2022-09-11,sanitation,136
New York City,2022-09-11,transport_public_realm,1670
New York City,2022-09-12,housing_buildings,1083
New York City,2022-09-12,information_administration,326
New York City,2022-09-12,noise,2715
New York City,2022-09-12,other,5033
New York City,2022-09-12,sanitation,234
New York City,2022-09-12,transport_public_realm,1708
New York City,2022-09-13,housing_buildings,2328
New York City,2022-09-13,information_administration,287
New York City,2022-09-13,noise,3029
New York City,2022-09-13,other,4984
New York City,2022-09-13,sanitation,223
New York City,2022-09-13,transport_public_realm,1776
New York City,2022-09-14,housing_buildings,1343
New York City,2022-09-14,information_administration,286
New York City,2022-09-14,noise,3181
New York City,2022-09-14,other,4538
New York City,2022-09-14,sanitation,196
New York City,2022-09-14,transport_public_realm,1965
New York City,2022-09-15,housing_buildings,1117
New York City,2022-09-15,information_administration,278
New York City,2022-09-15,noise,3225
New York City,2022-09-15,other,4605
New York City,2022-09-15,sanitation,185
New York City,2022-09-15,transport_public_realm,2198
New York City,2022-09-16,housing_buildings,911
New York City,2022-09-16,information_administration,243
New York City,2022-09-16,noise,3565
New York City,2022-09-16,other,4261
New York City,2022-09-16,sanitation,172
New York City,2022-09-16,transport_public_realm,2227
New York City,2022-09-17,housing_buildings,533
New York City,2022-09-17,information_administration,168
New York City,2022-09-17,noise,5175
New York City,2022-09-17,other,3381
New York City,2022-09-17,sanitation,138
New York City,2022-09-17,transport_public_realm,2291
New York City,2022-09-18,housing_buildings,465
New York City,2022-09-18,information_administration,198
New York City,2022-09-18,noise,2178
New York City,2022-09-18,other,3300
New York City,2022-09-18,sanitation,123
New York City,2022-09-18,transport_public_realm,2091
New York City,2022-09-19,housing_buildings,1095
New York City,2022-09-19,information_administration,267
New York City,2022-09-19,noise,796
New York City,2022-09-19,other,4725
New York City,2022-09-19,sanitation,238
New York City,2022-09-19,transport_public_realm,1652
New York City,2022-09-20,housing_buildings,980
New York City,2022-09-20,information_administration,280
New York City,2022-09-20,noise,725
New York City,2022-09-20,other,4934
New York City,2022-09-20,sanitation,226
New York City,2022-09-20,transport_public_realm,1718
New York City,2022-09-21,housing_buildings,900
New York City,2022-09-21,information_administration,394
New York City,2022-09-21,noise,815
New York City,2022-09-21,other,4702
New York City,2022-09-21,sanitation,240
New York City,2022-09-21,transport_public_realm,1710
New York City,2022-09-22,housing_buildings,942
New York City,2022-09-22,information_administration,282
New York City,2022-09-22,noise,744
New York City,2022-09-22,other,4177
New York City,2022-09-22,sanitation,167
New York City,2022-09-22,transport_public_realm,1490
New York City,2022-09-23,housing_buildings,792
New York City,2022-09-23,information_administration,203
New York City,2022-09-23,noise,1348
New York City,2022-09-23,other,3987
New York City,2022-09-23,sanitation,147
New York City,2022-09-23,transport_public_realm,1512
New York City,2022-09-24,housing_buildings,564
New York City,2022-09-24,information_administration,183
New York City,2022-09-24,noise,2792
New York City,2022-09-24,other,3248
New York City,2022-09-24,sanitation,117
New York City,2022-09-24,transport_public_realm,1752
New York City,2022-09-25,housing_buildings,507
New York City,2022-09-25,information_administration,186
New York City,2022-09-25,noise,3333
New York City,2022-09-25,other,3125
New York City,2022-09-25,sanitation,111
New York City,2022-09-25,transport_public_realm,1557
New York City,2022-09-26,housing_buildings,946
New York City,2022-09-26,information_administration,292
New York City,2022-09-26,noise,997
New York City,2022-09-26,other,4032
New York City,2022-09-26,sanitation,184
New York City,2022-09-26,transport_public_realm,1564
New York City,2022-09-27,housing_buildings,846
New York City,2022-09-27,information_administration,238
New York City,2022-09-27,noise,965
New York City,2022-09-27,other,3989
New York City,2022-09-27,sanitation,188
New York City,2022-09-27,transport_public_realm,1578
New York City,2022-09-28,housing_buildings,958
New York City,2022-09-28,information_administration,268
New York City,2022-09-28,noise,978
New York City,2022-09-28,other,4509
New York City,2022-09-28,sanitation,167
New York City,2022-09-28,transport_public_realm,1654
New York City,2022-09-29,housing_buildings,964
New York City,2022-09-29,information_administration,293
New York City,2022-09-29,noise,938
New York City,2022-09-29,other,4287
New York City,2022-09-29,sanitation,173
New York City,2022-09-29,transport_public_realm,1587
New York City,2022-09-30,housing_buildings,820
New York City,2022-09-30,information_administration,275
New York City,2022-09-30,noise,1245
New York City,2022-09-30,other,4245
New York City,2022-09-30,sanitation,129
New York City,2022-09-30,transport_public_realm,1732
New York City,2022-10-01,housing_buildings,959
New York City,2022-10-01,information_administration,166
New York City,2022-10-01,noise,1661
New York City,2022-10-01,other,3177
New York City,2022-10-01,sanitation,99
New York City,2022-10-01,transport_public_realm,1023
New York City,2022-10-02,housing_buildings,1225
New York City,2022-10-02,information_administration,227
New York City,2022-10-02,noise,1408
New York City,2022-10-02,other,3341
New York City,2022-10-02,sanitation,126
New York City,2022-10-02,transport_public_realm,982
New York City,2022-10-03,housing_buildings,3595
New York City,2022-10-03,information_administration,306
New York City,2022-10-03,noise,730
New York City,2022-10-03,other,4657
New York City,2022-10-03,sanitation,145
New York City,2022-10-03,transport_public_realm,1296
New York City,2022-10-04,housing_buildings,3509
New York City,2022-10-04,information_administration,321
New York City,2022-10-04,noise,672
New York City,2022-10-04,other,4518
New York City,2022-10-04,sanitation,147
New York City,2022-10-04,transport_public_realm,1270
New York City,2022-10-05,housing_buildings,2001
New York City,2022-10-05,information_administration,271
New York City,2022-10-05,noise,752
New York City,2022-10-05,other,4254
New York City,2022-10-05,sanitation,167
New York City,2022-10-05,transport_public_realm,1249
New York City,2022-10-06,housing_buildings,1314
New York City,2022-10-06,information_administration,306
New York City,2022-10-06,noise,1368
New York City,2022-10-06,other,4247
New York City,2022-10-06,sanitation,173
New York City,2022-10-06,transport_public_realm,2011
New York City,2022-10-07,housing_buildings,999
New York City,2022-10-07,information_administration,307
New York City,2022-10-07,noise,1490
New York City,2022-10-07,other,4281
New York City,2022-10-07,sanitation,167
New York City,2022-10-07,transport_public_realm,1979
New York City,2022-10-08,housing_buildings,1105
New York City,2022-10-08,information_administration,169
New York City,2022-10-08,noise,1851
New York City,2022-10-08,other,2906
New York City,2022-10-08,sanitation,119
New York City,2022-10-08,transport_public_realm,1370
New York City,2022-10-09,housing_buildings,1223
New York City,2022-10-09,information_administration,321
New York City,2022-10-09,noise,1840
New York City,2022-10-09,other,2792
New York City,2022-10-09,sanitation,110
New York City,2022-10-09,transport_public_realm,1368
New York City,2022-10-10,housing_buildings,1170
New York City,2022-10-10,information_administration,284
New York City,2022-10-10,noise,1064
New York City,2022-10-10,other,3402
New York City,2022-10-10,sanitation,136
New York City,2022-10-10,transport_public_realm,1119
New York City,2022-10-11,housing_buildings,1216
New York City,2022-10-11,information_administration,450
New York City,2022-10-11,noise,979
New York City,2022-10-11,other,4407
New York City,2022-10-11,sanitation,205
New York City,2022-10-11,transport_public_realm,1710
New York City,2022-10-12,housing_buildings,1103
New York City,2022-10-12,information_administration,480
New York City,2022-10-12,noise,920
New York City,2022-10-12,other,4412
New York City,2022-10-12,sanitation,223
New York City,2022-10-12,transport_public_realm,1627
New York City,2022-10-13,housing_buildings,1051
New York City,2022-10-13,information_administration,316
New York City,2022-10-13,noise,759
New York City,2022-10-13,other,4181
New York City,2022-10-13,sanitation,147
New York City,2022-10-13,transport_public_realm,1424
New York City,2022-10-14,housing_buildings,1139
New York City,2022-10-14,information_administration,304
New York City,2022-10-14,noise,1324
New York City,2022-10-14,other,4189
New York City,2022-10-14,sanitation,170
New York City,2022-10-14,transport_public_realm,1874
New York City,2022-10-15,housing_buildings,710
New York City,2022-10-15,information_administration,248
New York City,2022-10-15,noise,2044
New York City,2022-10-15,other,3179
New York City,2022-10-15,sanitation,102
New York City,2022-10-15,transport_public_realm,1491
New York City,2022-10-16,housing_buildings,672
New York City,2022-10-16,information_administration,267
New York City,2022-10-16,noise,3167
New York City,2022-10-16,other,3093
New York City,2022-10-16,sanitation,140
New York City,2022-10-16,transport_public_realm,1459
New York City,2022-10-17,housing_buildings,1174
New York City,2022-10-17,information_administration,353
New York City,2022-10-17,noise,862
New York City,2022-10-17,other,4143
New York City,2022-10-17,sanitation,244
New York City,2022-10-17,transport_public_realm,1398
New York City,2022-10-18,housing_buildings,2232
New York City,2022-10-18,information_administration,327
New York City,2022-10-18,noise,918
New York City,2022-10-18,other,4297
New York City,2022-10-18,sanitation,206
New York City,2022-10-18,transport_public_realm,1320
New York City,2022-10-19,housing_buildings,2933
New York City,2022-10-19,information_administration,405
New York City,2022-10-19,noise,891
New York City,2022-10-19,other,4314
New York City,2022-10-19,sanitation,170
New York City,2022-10-19,transport_public_realm,1320
New York City,2022-10-20,housing_buildings,2424
New York City,2022-10-20,information_administration,356
New York City,2022-10-20,noise,969
New York City,2022-10-20,other,4401
New York City,2022-10-20,sanitation,160
New York City,2022-10-20,transport_public_realm,1471
New York City,2022-10-21,housing_buildings,1510
New York City,2022-10-21,information_administration,383
New York City,2022-10-21,noise,1177
New York City,2022-10-21,other,4154
New York City,2022-10-21,sanitation,165
New York City,2022-10-21,transport_public_realm,1711
New York City,2022-10-22,housing_buildings,1033
New York City,2022-10-22,information_administration,260
New York City,2022-10-22,noise,1987
New York City,2022-10-22,other,2990
New York City,2022-10-22,sanitation,103
New York City,2022-10-22,transport_public_realm,1420
New York City,2022-10-23,housing_buildings,856
New York City,2022-10-23,information_administration,191
New York City,2022-10-23,noise,1588
New York City,2022-10-23,other,3051
New York City,2022-10-23,sanitation,121
New York City,2022-10-23,transport_public_realm,1021
New York City,2022-10-24,housing_buildings,1561
New York City,2022-10-24,information_administration,360
New York City,2022-10-24,noise,791
New York City,2022-10-24,other,4065
New York City,2022-10-24,sanitation,156
New York City,2022-10-24,transport_public_realm,1238
New York City,2022-10-25,housing_buildings,1026
New York City,2022-10-25,information_administration,309
New York City,2022-10-25,noise,849
New York City,2022-10-25,other,4523
New York City,2022-10-25,sanitation,174
New York City,2022-10-25,transport_public_realm,1593
New York City,2022-10-26,housing_buildings,1026
New York City,2022-10-26,information_administration,283
New York City,2022-10-26,noise,992
New York City,2022-10-26,other,4443
New York City,2022-10-26,sanitation,191
New York City,2022-10-26,transport_public_realm,1623
New York City,2022-10-27,housing_buildings,1016
New York City,2022-10-27,information_administration,308
New York City,2022-10-27,noise,1101
New York City,2022-10-27,other,4291
New York City,2022-10-27,sanitation,191
New York City,2022-10-27,transport_public_realm,1626
New York City,2022-10-28,housing_buildings,1920
New York City,2022-10-28,information_administration,240
New York City,2022-10-28,noise,1478
New York City,2022-10-28,other,4084
New York City,2022-10-28,sanitation,150
New York City,2022-10-28,transport_public_realm,1595
New York City,2022-10-29,housing_buildings,1436
New York City,2022-10-29,information_administration,186
New York City,2022-10-29,noise,2418
New York City,2022-10-29,other,3236
New York City,2022-10-29,sanitation,104
New York City,2022-10-29,transport_public_realm,1289
New York City,2022-10-30,housing_buildings,1146
New York City,2022-10-30,information_administration,145
New York City,2022-10-30,noise,2287
New York City,2022-10-30,other,3320
New York City,2022-10-30,sanitation,127
New York City,2022-10-30,transport_public_realm,1515
New York City,2022-10-31,housing_buildings,1447
New York City,2022-10-31,information_administration,410
New York City,2022-10-31,noise,1144
New York City,2022-10-31,other,4410
New York City,2022-10-31,sanitation,164
New York City,2022-10-31,transport_public_realm,1649
New York City,2022-11-01,housing_buildings,1021
New York City,2022-11-01,information_administration,349
New York City,2022-11-01,noise,957
New York City,2022-11-01,other,4002
New York City,2022-11-01,sanitation,163
New York City,2022-11-01,transport_public_realm,1450
New York City,2022-11-02,housing_buildings,1014
New York City,2022-11-02,information_administration,297
New York City,2022-11-02,noise,1010
New York City,2022-11-02,other,4262
New York City,2022-11-02,sanitation,162
New York City,2022-11-02,transport_public_realm,1798
New York City,2022-11-03,housing_buildings,1019
New York City,2022-11-03,information_administration,294
New York City,2022-11-03,noise,1058
New York City,2022-11-03,other,4205
New York City,2022-11-03,sanitation,196
New York City,2022-11-03,transport_public_realm,1722
New York City,2022-11-04,housing_buildings,904
New York City,2022-11-04,information_administration,270
New York City,2022-11-04,noise,1379
New York City,2022-11-04,other,4262
New York City,2022-11-04,sanitation,172
New York City,2022-11-04,transport_public_realm,1982
New York City,2022-11-05,housing_buildings,585
New York City,2022-11-05,information_administration,217
New York City,2022-11-05,noise,2073
New York City,2022-11-05,other,3222
New York City,2022-11-05,sanitation,94
New York City,2022-11-05,transport_public_realm,1709
New York City,2022-11-06,housing_buildings,497
New York City,2022-11-06,information_administration,178
New York City,2022-11-06,noise,1946
New York City,2022-11-06,other,3294
New York City,2022-11-06,sanitation,109
New York City,2022-11-06,transport_public_realm,1809
New York City,2022-11-07,housing_buildings,987
New York City,2022-11-07,information_administration,356
New York City,2022-11-07,noise,959
New York City,2022-11-07,other,4474
New York City,2022-11-07,sanitation,191
New York City,2022-11-07,transport_public_realm,1760
New York City,2022-11-08,housing_buildings,1692
New York City,2022-11-08,information_administration,311
New York City,2022-11-08,noise,909
New York City,2022-11-08,other,3738
New York City,2022-11-08,sanitation,111
New York City,2022-11-08,transport_public_realm,1021
New York City,2022-11-09,housing_buildings,2503
New York City,2022-11-09,information_administration,334
New York City,2022-11-09,noise,878
New York City,2022-11-09,other,4001
New York City,2022-11-09,sanitation,137
New York City,2022-11-09,transport_public_realm,1387
New York City,2022-11-10,housing_buildings,1552
New York City,2022-11-10,information_administration,333
New York City,2022-11-10,noise,1008
New York City,2022-11-10,other,4137
New York City,2022-11-10,sanitation,175
New York City,2022-11-10,transport_public_realm,1524
New York City,2022-11-11,housing_buildings,1168
New York City,2022-11-11,information_administration,237
New York City,2022-11-11,noise,1003
New York City,2022-11-11,other,3299
New York City,2022-11-11,sanitation,127
New York City,2022-11-11,transport_public_realm,988
New York City,2022-11-12,housing_buildings,709
New York City,2022-11-12,information_administration,199
New York City,2022-11-12,noise,1751
New York City,2022-11-12,other,3176
New York City,2022-11-12,sanitation,119
New York City,2022-11-12,transport_public_realm,1316
New York City,2022-11-13,housing_buildings,1624
New York City,2022-11-13,information_administration,201
New York City,2022-11-13,noise,1630
New York City,2022-11-13,other,3095
New York City,2022-11-13,sanitation,101
New York City,2022-11-13,transport_public_realm,963
New York City,2022-11-14,housing_buildings,3507
New York City,2022-11-14,information_administration,362
New York City,2022-11-14,noise,912
New York City,2022-11-14,other,4438
New York City,2022-11-14,sanitation,196
New York City,2022-11-14,transport_public_realm,1404
New York City,2022-11-15,housing_buildings,3184
New York City,2022-11-15,information_administration,342
New York City,2022-11-15,noise,741
New York City,2022-11-15,other,4179
New York City,2022-11-15,sanitation,159
New York City,2022-11-15,transport_public_realm,1221
New York City,2022-11-16,housing_buildings,2582
New York City,2022-11-16,information_administration,352
New York City,2022-11-16,noise,853
New York City,2022-11-16,other,4069
New York City,2022-11-16,sanitation,144
New York City,2022-11-16,transport_public_realm,1238
New York City,2022-11-17,housing_buildings,2658
New York City,2022-11-17,information_administration,259
New York City,2022-11-17,noise,905
New York City,2022-11-17,other,3873
New York City,2022-11-17,sanitation,139
New York City,2022-11-17,transport_public_realm,1233
New York City,2022-11-18,housing_buildings,2585
New York City,2022-11-18,information_administration,285
New York City,2022-11-18,noise,927
New York City,2022-11-18,other,3671
New York City,2022-11-18,sanitation,142
New York City,2022-11-18,transport_public_realm,1172
New York City,2022-11-19,housing_buildings,2501
New York City,2022-11-19,information_administration,158
New York City,2022-11-19,noise,1567
New York City,2022-11-19,other,3064
New York City,2022-11-19,sanitation,128
New York City,2022-11-19,transport_public_realm,845
New York City,2022-11-20,housing_buildings,2664
New York City,2022-11-20,information_administration,208
New York City,2022-11-20,noise,1190
New York City,2022-11-20,other,2947
New York City,2022-11-20,sanitation,81
New York City,2022-11-20,transport_public_realm,727
New York City,2022-11-21,housing_buildings,3405
New York City,2022-11-21,information_administration,324
New York City,2022-11-21,noise,904
New York City,2022-11-21,other,3903
New York City,2022-11-21,sanitation,149
New York City,2022-11-21,transport_public_realm,1405
New York City,2022-11-22,housing_buildings,2262
New York City,2022-11-22,information_administration,276
New York City,2022-11-22,noise,896
New York City,2022-11-22,other,3838
New York City,2022-11-22,sanitation,125
New York City,2022-11-22,transport_public_realm,1378
New York City,2022-11-23,housing_buildings,1690
New York City,2022-11-23,information_administration,219
New York City,2022-11-23,noise,1076
New York City,2022-11-23,other,3576
New York City,2022-11-23,sanitation,97
New York City,2022-11-23,transport_public_realm,1182
New York City,2022-11-24,housing_buildings,979
New York City,2022-11-24,information_administration,131
New York City,2022-11-24,noise,1240
New York City,2022-11-24,other,2237
New York City,2022-11-24,sanitation,49
New York City,2022-11-24,transport_public_realm,714
New York City,2022-11-25,housing_buildings,1228
New York City,2022-11-25,information_administration,202
New York City,2022-11-25,noise,1167
New York City,2022-11-25,other,2367
New York City,2022-11-25,sanitation,76
New York City,2022-11-25,transport_public_realm,794
New York City,2022-11-26,housing_buildings,1277
New York City,2022-11-26,information_administration,213
New York City,2022-11-26,noise,1332
New York City,2022-11-26,other,2707
New York City,2022-11-26,sanitation,92
New York City,2022-11-26,transport_public_realm,753
New York City,2022-11-27,housing_buildings,1203
New York City,2022-11-27,information_administration,177
New York City,2022-11-27,noise,1136
New York City,2022-11-27,other,2699
New York City,2022-11-27,sanitation,101
New York City,2022-11-27,transport_public_realm,823
New York City,2022-11-28,housing_buildings,1903
New York City,2022-11-28,information_administration,268
New York City,2022-11-28,noise,843
New York City,2022-11-28,other,4035
New York City,2022-11-28,sanitation,151
New York City,2022-11-28,transport_public_realm,1370
New York City,2022-11-29,housing_buildings,2292
New York City,2022-11-29,information_administration,263
New York City,2022-11-29,noise,1047
New York City,2022-11-29,other,4260
New York City,2022-11-29,sanitation,182
New York City,2022-11-29,transport_public_realm,1444
New York City,2022-11-30,housing_buildings,2035
New York City,2022-11-30,information_administration,236
New York City,2022-11-30,noise,736
New York City,2022-11-30,other,3909
New York City,2022-11-30,sanitation,148
New York City,2022-11-30,transport_public_realm,1338
New York City,2022-12-01,housing_buildings,2377
New York City,2022-12-01,information_administration,257
New York City,2022-12-01,noise,944
New York City,2022-12-01,other,3976
New York City,2022-12-01,sanitation,170
New York City,2022-12-01,transport_public_realm,1279
New York City,2022-12-02,housing_buildings,2190
New York City,2022-12-02,information_administration,230
New York City,2022-12-02,noise,1115
New York City,2022-12-02,other,3851
New York City,2022-12-02,sanitation,128
New York City,2022-12-02,transport_public_realm,1257
New York City,2022-12-03,housing_buildings,1340
New York City,2022-12-03,information_administration,216
New York City,2022-12-03,noise,1373
New York City,2022-12-03,other,3020
New York City,2022-12-03,sanitation,104
New York City,2022-12-03,transport_public_realm,961
New York City,2022-12-04,housing_buildings,1498
New York City,2022-12-04,information_administration,197
New York City,2022-12-04,noise,1551
New York City,2022-12-04,other,2952
New York City,2022-12-04,sanitation,96
New York City,2022-12-04,transport_public_realm,861
New York City,2022-12-05,housing_buildings,2081
New York City,2022-12-05,information_administration,316
New York City,2022-12-05,noise,1031
New York City,2022-12-05,other,4043
New York City,2022-12-05,sanitation,155
New York City,2022-12-05,transport_public_realm,1383
New York City,2022-12-06,housing_buildings,1749
New York City,2022-12-06,information_administration,245
New York City,2022-12-06,noise,739
New York City,2022-12-06,other,3953
New York City,2022-12-06,sanitation,137
New York City,2022-12-06,transport_public_realm,1335
New York City,2022-12-07,housing_buildings,1670
New York City,2022-12-07,information_administration,277
New York City,2022-12-07,noise,737
New York City,2022-12-07,other,4135
New York City,2022-12-07,sanitation,165
New York City,2022-12-07,transport_public_realm,1518
New York City,2022-12-08,housing_buildings,1763
New York City,2022-12-08,information_administration,293
New York City,2022-12-08,noise,1101
New York City,2022-12-08,other,3886
New York City,2022-12-08,sanitation,157
New York City,2022-12-08,transport_public_realm,1301
New York City,2022-12-09,housing_buildings,2130
New York City,2022-12-09,information_administration,255
New York City,2022-12-09,noise,1116
New York City,2022-12-09,other,3697
New York City,2022-12-09,sanitation,126
New York City,2022-12-09,transport_public_realm,1327
New York City,2022-12-10,housing_buildings,2240
New York City,2022-12-10,information_administration,188
New York City,2022-12-10,noise,1439
New York City,2022-12-10,other,2916
New York City,2022-12-10,sanitation,97
New York City,2022-12-10,transport_public_realm,723
New York City,2022-12-11,housing_buildings,2128
New York City,2022-12-11,information_administration,168
New York City,2022-12-11,noise,1220
New York City,2022-12-11,other,2663
New York City,2022-12-11,sanitation,77
New York City,2022-12-11,transport_public_realm,681
New York City,2022-12-12,housing_buildings,2835
New York City,2022-12-12,information_administration,334
New York City,2022-12-12,noise,912
New York City,2022-12-12,other,3926
New York City,2022-12-12,sanitation,158
New York City,2022-12-12,transport_public_realm,1255
New York City,2022-12-13,housing_buildings,3195
New York City,2022-12-13,information_administration,302
New York City,2022-12-13,noise,967
New York City,2022-12-13,other,4050
New York City,2022-12-13,sanitation,140
New York City,2022-12-13,transport_public_realm,1093
New York City,2022-12-14,housing_buildings,2737
New York City,2022-12-14,information_administration,271
New York City,2022-12-14,noise,901
New York City,2022-12-14,other,3625
New York City,2022-12-14,sanitation,113
New York City,2022-12-14,transport_public_realm,1128
New York City,2022-12-15,housing_buildings,2442
New York City,2022-12-15,information_administration,249
New York City,2022-12-15,noise,781
New York City,2022-12-15,other,3395
New York City,2022-12-15,sanitation,142
New York City,2022-12-15,transport_public_realm,1435
New York City,2022-12-16,housing_buildings,2270
New York City,2022-12-16,information_administration,226
New York City,2022-12-16,noise,894
New York City,2022-12-16,other,3406
New York City,2022-12-16,sanitation,101
New York City,2022-12-16,transport_public_realm,1111
New York City,2022-12-17,housing_buildings,1479
New York City,2022-12-17,information_administration,198
New York City,2022-12-17,noise,1601
New York City,2022-12-17,other,2866
New York City,2022-12-17,sanitation,88
New York City,2022-12-17,transport_public_realm,732
New York City,2022-12-18,housing_buildings,1705
New York City,2022-12-18,information_administration,193
New York City,2022-12-18,noise,1557
New York City,2022-12-18,other,2838
New York City,2022-12-18,sanitation,73
New York City,2022-12-18,transport_public_realm,767
New York City,2022-12-19,housing_buildings,2586
New York City,2022-12-19,information_administration,280
New York City,2022-12-19,noise,978
New York City,2022-12-19,other,3624
New York City,2022-12-19,sanitation,149
New York City,2022-12-19,transport_public_realm,1290
New York City,2022-12-20,housing_buildings,2538
New York City,2022-12-20,information_administration,275
New York City,2022-12-20,noise,904
New York City,2022-12-20,other,3648
New York City,2022-12-20,sanitation,112
New York City,2022-12-20,transport_public_realm,1314
New York City,2022-12-21,housing_buildings,2679
New York City,2022-12-21,information_administration,229
New York City,2022-12-21,noise,976
New York City,2022-12-21,other,3682
New York City,2022-12-21,sanitation,120
New York City,2022-12-21,transport_public_realm,1263
New York City,2022-12-22,housing_buildings,2137
New York City,2022-12-22,information_administration,218
New York City,2022-12-22,noise,794
New York City,2022-12-22,other,3574
New York City,2022-12-22,sanitation,122
New York City,2022-12-22,transport_public_realm,1020
New York City,2022-12-23,housing_buildings,3745
New York City,2022-12-23,information_administration,223
New York City,2022-12-23,noise,767
New York City,2022-12-23,other,3464
New York City,2022-12-23,sanitation,70
New York City,2022-12-23,transport_public_realm,1293
New York City,2022-12-24,housing_buildings,6555
New York City,2022-12-24,information_administration,146
New York City,2022-12-24,noise,985
New York City,2022-12-24,other,2420
New York City,2022-12-24,sanitation,45
New York City,2022-12-24,transport_public_realm,642
New York City,2022-12-25,housing_buildings,4265
New York City,2022-12-25,information_administration,101
New York City,2022-12-25,noise,1150
New York City,2022-12-25,other,2067
New York City,2022-12-25,sanitation,47
New York City,2022-12-25,transport_public_realm,479
New York City,2022-12-26,housing_buildings,4649
New York City,2022-12-26,information_administration,180
New York City,2022-12-26,noise,832
New York City,2022-12-26,other,2616
New York City,2022-12-26,sanitation,102
New York City,2022-12-26,transport_public_realm,619
New York City,2022-12-27,housing_buildings,3847
New York City,2022-12-27,information_administration,292
New York City,2022-12-27,noise,940
New York City,2022-12-27,other,3743
New York City,2022-12-27,sanitation,156
New York City,2022-12-27,transport_public_realm,1273
New York City,2022-12-28,housing_buildings,2567
New York City,2022-12-28,information_administration,309
New York City,2022-12-28,noise,999
New York City,2022-12-28,other,3694
New York City,2022-12-28,sanitation,138
New York City,2022-12-28,transport_public_realm,1329
New York City,2022-12-29,housing_buildings,1991
New York City,2022-12-29,information_administration,283
New York City,2022-12-29,noise,1017
New York City,2022-12-29,other,3607
New York City,2022-12-29,sanitation,137
New York City,2022-12-29,transport_public_realm,1245
New York City,2022-12-30,housing_buildings,1324
New York City,2022-12-30,information_administration,203
New York City,2022-12-30,noise,1127
New York City,2022-12-30,other,3464
New York City,2022-12-30,sanitation,108
New York City,2022-12-30,transport_public_realm,1358
New York City,2022-12-31,housing_buildings,986
New York City,2022-12-31,information_administration,122
New York City,2022-12-31,noise,1180
New York City,2022-12-31,other,2592
New York City,2022-12-31,sanitation,73
New York City,2022-12-31,transport_public_realm,789
New York City,2023-01-01,housing_buildings,741
New York City,2023-01-01,information_administration,116
New York City,2023-01-01,noise,1788
New York City,2023-01-01,other,2495
New York City,2023-01-01,sanitation,93
New York City,2023-01-01,transport_public_realm,976
New York City,2023-01-02,housing_buildings,1217
New York City,2023-01-02,information_administration,248
New York City,2023-01-02,noise,1097
New York City,2023-01-02,other,2965
New York City,2023-01-02,sanitation,161
New York City,2023-01-02,transport_public_realm,992
New York City,2023-01-03,housing_buildings,1609
New York City,2023-01-03,information_administration,301
New York City,2023-01-03,noise,810
New York City,2023-01-03,other,3935
New York City,2023-01-03,sanitation,202
New York City,2023-01-03,transport_public_realm,1398
New York City,2023-01-04,housing_buildings,1463
New York City,2023-01-04,information_administration,343
New York City,2023-01-04,noise,766
New York City,2023-01-04,other,4252
New York City,2023-01-04,sanitation,225
New York City,2023-01-04,transport_public_realm,1413
New York City,2023-01-05,housing_buildings,1624
New York City,2023-01-05,information_administration,225
New York City,2023-01-05,noise,892
New York City,2023-01-05,other,4070
New York City,2023-01-05,sanitation,196
New York City,2023-01-05,transport_public_realm,1407
New York City,2023-01-06,housing_buildings,1601
New York City,2023-01-06,information_administration,261
New York City,2023-01-06,noise,1052
New York City,2023-01-06,other,3684
New York City,2023-01-06,sanitation,167
New York City,2023-01-06,transport_public_realm,1200
New York City,2023-01-07,housing_buildings,1605
New York City,2023-01-07,information_administration,189
New York City,2023-01-07,noise,1341
New York City,2023-01-07,other,2930
New York City,2023-01-07,sanitation,161
New York City,2023-01-07,transport_public_realm,849
New York City,2023-01-08,housing_buildings,1483
New York City,2023-01-08,information_administration,135
New York City,2023-01-08,noise,1375
New York City,2023-01-08,other,2808
New York City,2023-01-08,sanitation,126
New York City,2023-01-08,transport_public_realm,832
New York City,2023-01-09,housing_buildings,2020
New York City,2023-01-09,information_administration,267
New York City,2023-01-09,noise,900
New York City,2023-01-09,other,3838
New York City,2023-01-09,sanitation,186
New York City,2023-01-09,transport_public_realm,1378
New York City,2023-01-10,housing_buildings,2049
New York City,2023-01-10,information_administration,251
New York City,2023-01-10,noise,935
New York City,2023-01-10,other,3767
New York City,2023-01-10,sanitation,148
New York City,2023-01-10,transport_public_realm,1400
New York City,2023-01-11,housing_buildings,1982
New York City,2023-01-11,information_administration,269
New York City,2023-01-11,noise,915
New York City,2023-01-11,other,3873
New York City,2023-01-11,sanitation,169
New York City,2023-01-11,transport_public_realm,1404
New York City,2023-01-12,housing_buildings,1718
New York City,2023-01-12,information_administration,264
New York City,2023-01-12,noise,782
New York City,2023-01-12,other,3750
New York City,2023-01-12,sanitation,145
New York City,2023-01-12,transport_public_realm,1433
New York City,2023-01-13,housing_buildings,1564
New York City,2023-01-13,information_administration,247
New York City,2023-01-13,noise,1053
New York City,2023-01-13,other,3560
New York City,2023-01-13,sanitation,189
New York City,2023-01-13,transport_public_realm,1177
New York City,2023-01-14,housing_buildings,1874
New York City,2023-01-14,information_administration,176
New York City,2023-01-14,noise,1408
New York City,2023-01-14,other,2823
New York City,2023-01-14,sanitation,117
New York City,2023-01-14,transport_public_realm,768
New York City,2023-01-15,housing_buildings,2018
New York City,2023-01-15,information_administration,126
New York City,2023-01-15,noise,1347
New York City,2023-01-15,other,2568
New York City,2023-01-15,sanitation,74
New York City,2023-01-15,transport_public_realm,702
New York City,2023-01-16,housing_buildings,1954
New York City,2023-01-16,information_administration,193
New York City,2023-01-16,noise,1052
New York City,2023-01-16,other,2857
New York City,2023-01-16,sanitation,100
New York City,2023-01-16,transport_public_realm,897
New York City,2023-01-17,housing_buildings,2310
New York City,2023-01-17,information_administration,286
New York City,2023-01-17,noise,909
New York City,2023-01-17,other,4220
New York City,2023-01-17,sanitation,182
New York City,2023-01-17,transport_public_realm,1380
New York City,2023-01-18,housing_buildings,1659
New York City,2023-01-18,information_administration,229
New York City,2023-01-18,noise,938
New York City,2023-01-18,other,4032
New York City,2023-01-18,sanitation,168
New York City,2023-01-18,transport_public_realm,1504
New York City,2023-01-19,housing_buildings,1782
New York City,2023-01-19,information_administration,264
New York City,2023-01-19,noise,770
New York City,2023-01-19,other,3622
New York City,2023-01-19,sanitation,106
New York City,2023-01-19,transport_public_realm,1442
New York City,2023-01-20,housing_buildings,1426
New York City,2023-01-20,information_administration,289
New York City,2023-01-20,noise,1186
New York City,2023-01-20,other,3763
New York City,2023-01-20,sanitation,124
New York City,2023-01-20,transport_public_realm,1339
New York City,2023-01-21,housing_buildings,1350
New York City,2023-01-21,information_administration,197
New York City,2023-01-21,noise,1426
New York City,2023-01-21,other,2799
New York City,2023-01-21,sanitation,113
New York City,2023-01-21,transport_public_realm,814
New York City,2023-01-22,housing_buildings,1293
New York City,2023-01-22,information_administration,198
New York City,2023-01-22,noise,1373
New York City,2023-01-22,other,2734
New York City,2023-01-22,sanitation,94
New York City,2023-01-22,transport_public_realm,757
New York City,2023-01-23,housing_buildings,1930
New York City,2023-01-23,information_administration,298
New York City,2023-01-23,noise,668
New York City,2023-01-23,other,3613
New York City,2023-01-23,sanitation,160
New York City,2023-01-23,transport_public_realm,1318
New York City,2023-01-24,housing_buildings,1953
New York City,2023-01-24,information_administration,235
New York City,2023-01-24,noise,1045
New York City,2023-01-24,other,3971
New York City,2023-01-24,sanitation,172
New York City,2023-01-24,transport_public_realm,1475
New York City,2023-01-25,housing_buildings,1959
New York City,2023-01-25,information_administration,211
New York City,2023-01-25,noise,764
New York City,2023-01-25,other,3429
New York City,2023-01-25,sanitation,161
New York City,2023-01-25,transport_public_realm,1339
New York City,2023-01-26,housing_buildings,1891
New York City,2023-01-26,information_administration,225
New York City,2023-01-26,noise,899
New York City,2023-01-26,other,4126
New York City,2023-01-26,sanitation,161
New York City,2023-01-26,transport_public_realm,1638
New York City,2023-01-27,housing_buildings,1591
New York City,2023-01-27,information_administration,214
New York City,2023-01-27,noise,1355
New York City,2023-01-27,other,3582
New York City,2023-01-27,sanitation,146
New York City,2023-01-27,transport_public_realm,1290
New York City,2023-01-28,housing_buildings,1180
New York City,2023-01-28,information_administration,149
New York City,2023-01-28,noise,1639
New York City,2023-01-28,other,2864
New York City,2023-01-28,sanitation,109
New York City,2023-01-28,transport_public_realm,995
New York City,2023-01-29,housing_buildings,1057
New York City,2023-01-29,information_administration,125
New York City,2023-01-29,noise,1619
New York City,2023-01-29,other,3064
New York City,2023-01-29,sanitation,129
New York City,2023-01-29,transport_public_realm,1004
New York City,2023-01-30,housing_buildings,1480
New York City,2023-01-30,information_administration,261
New York City,2023-01-30,noise,1031
New York City,2023-01-30,other,3928
New York City,2023-01-30,sanitation,203
New York City,2023-01-30,transport_public_realm,1552
New York City,2023-01-31,housing_buildings,1938
New York City,2023-01-31,information_administration,229
New York City,2023-01-31,noise,798
New York City,2023-01-31,other,3892
New York City,2023-01-31,sanitation,160
New York City,2023-01-31,transport_public_realm,1364
New York City,2023-02-01,housing_buildings,2331
New York City,2023-02-01,information_administration,228
New York City,2023-02-01,noise,899
New York City,2023-02-01,other,3758
New York City,2023-02-01,sanitation,171
New York City,2023-02-01,transport_public_realm,1300
New York City,2023-02-02,housing_buildings,2443
New York City,2023-02-02,information_administration,244
New York City,2023-02-02,noise,929
New York City,2023-02-02,other,3892
New York City,2023-02-02,sanitation,138
New York City,2023-02-02,transport_public_realm,1431
New York City,2023-02-03,housing_buildings,3673
New York City,2023-02-03,information_administration,262
New York City,2023-02-03,noise,891
New York City,2023-02-03,other,3746
New York City,2023-02-03,sanitation,112
New York City,2023-02-03,transport_public_realm,1175
New York City,2023-02-04,housing_buildings,5652
New York City,2023-02-04,information_administration,164
New York City,2023-02-04,noise,1285
New York City,2023-02-04,other,3014
New York City,2023-02-04,sanitation,78
New York City,2023-02-04,transport_public_realm,732
New York City,2023-02-05,housing_buildings,2294
New York City,2023-02-05,information_administration,146
New York City,2023-02-05,noise,1432
New York City,2023-02-05,other,2843
New York City,2023-02-05,sanitation,117
New York City,2023-02-05,transport_public_realm,1036
New York City,2023-02-06,housing_buildings,2069
New York City,2023-02-06,information_administration,227
New York City,2023-02-06,noise,939
New York City,2023-02-06,other,3990
New York City,2023-02-06,sanitation,166
New York City,2023-02-06,transport_public_realm,1456
New York City,2023-02-07,housing_buildings,1980
New York City,2023-02-07,information_administration,231
New York City,2023-02-07,noise,942
New York City,2023-02-07,other,3845
New York City,2023-02-07,sanitation,173
New York City,2023-02-07,transport_public_realm,1532
New York City,2023-02-08,housing_buildings,1563
New York City,2023-02-08,information_administration,245
New York City,2023-02-08,noise,1116
New York City,2023-02-08,other,3690
New York City,2023-02-08,sanitation,136
New York City,2023-02-08,transport_public_realm,1559
New York City,2023-02-09,housing_buildings,1472
New York City,2023-02-09,information_administration,283
New York City,2023-02-09,noise,999
New York City,2023-02-09,other,3751
New York City,2023-02-09,sanitation,183
New York City,2023-02-09,transport_public_realm,1544
New York City,2023-02-10,housing_buildings,1193
New York City,2023-02-10,information_administration,228
New York City,2023-02-10,noise,1209
New York City,2023-02-10,other,3638
New York City,2023-02-10,sanitation,143
New York City,2023-02-10,transport_public_realm,1620
New York City,2023-02-11,housing_buildings,1361
New York City,2023-02-11,information_administration,148
New York City,2023-02-11,noise,1631
New York City,2023-02-11,other,2857
New York City,2023-02-11,sanitation,90
New York City,2023-02-11,transport_public_realm,958
New York City,2023-02-12,housing_buildings,1122
New York City,2023-02-12,information_administration,132
New York City,2023-02-12,noise,2009
New York City,2023-02-12,other,2853
New York City,2023-02-12,sanitation,93
New York City,2023-02-12,transport_public_realm,828
New York City,2023-02-13,housing_buildings,1421
New York City,2023-02-13,information_administration,241
New York City,2023-02-13,noise,960
New York City,2023-02-13,other,3637
New York City,2023-02-13,sanitation,176
New York City,2023-02-13,transport_public_realm,1305
New York City,2023-02-14,housing_buildings,1367
New York City,2023-02-14,information_administration,235
New York City,2023-02-14,noise,1078
New York City,2023-02-14,other,3768
New York City,2023-02-14,sanitation,152
New York City,2023-02-14,transport_public_realm,1427
New York City,2023-02-15,housing_buildings,1231
New York City,2023-02-15,information_administration,234
New York City,2023-02-15,noise,1408
New York City,2023-02-15,other,3911
New York City,2023-02-15,sanitation,171
New York City,2023-02-15,transport_public_realm,1535
New York City,2023-02-16,housing_buildings,1142
New York City,2023-02-16,information_administration,244
New York City,2023-02-16,noise,1017
New York City,2023-02-16,other,3902
New York City,2023-02-16,sanitation,186
New York City,2023-02-16,transport_public_realm,1586
New York City,2023-02-17,housing_buildings,1365
New York City,2023-02-17,information_administration,187
New York City,2023-02-17,noise,899
New York City,2023-02-17,other,3716
New York City,2023-02-17,sanitation,149
New York City,2023-02-17,transport_public_realm,1431
New York City,2023-02-18,housing_buildings,1552
New York City,2023-02-18,information_administration,131
New York City,2023-02-18,noise,1793
New York City,2023-02-18,other,2753
New York City,2023-02-18,sanitation,99
New York City,2023-02-18,transport_public_realm,872
New York City,2023-02-19,housing_buildings,1231
New York City,2023-02-19,information_administration,146
New York City,2023-02-19,noise,1592
New York City,2023-02-19,other,2628
New York City,2023-02-19,sanitation,116
New York City,2023-02-19,transport_public_realm,917
New York City,2023-02-20,housing_buildings,1139
New York City,2023-02-20,information_administration,172
New York City,2023-02-20,noise,1283
New York City,2023-02-20,other,2834
New York City,2023-02-20,sanitation,159
New York City,2023-02-20,transport_public_realm,1001
New York City,2023-02-21,housing_buildings,1533
New York City,2023-02-21,information_administration,224
New York City,2023-02-21,noise,966
New York City,2023-02-21,other,3710
New York City,2023-02-21,sanitation,193
New York City,2023-02-21,transport_public_realm,1396
New York City,2023-02-22,housing_buildings,1637
New York City,2023-02-22,information_administration,247
New York City,2023-02-22,noise,978
New York City,2023-02-22,other,3310
New York City,2023-02-22,sanitation,178
New York City,2023-02-22,transport_public_realm,1287
New York City,2023-02-23,housing_buildings,1586
New York City,2023-02-23,information_administration,246
New York City,2023-02-23,noise,902
New York City,2023-02-23,other,3510
New York City,2023-02-23,sanitation,190
New York City,2023-02-23,transport_public_realm,1295
New York City,2023-02-24,housing_buildings,1687
New York City,2023-02-24,information_administration,232
New York City,2023-02-24,noise,1264
New York City,2023-02-24,other,3387
New York City,2023-02-24,sanitation,132
New York City,2023-02-24,transport_public_realm,1119
New York City,2023-02-25,housing_buildings,2177
New York City,2023-02-25,information_administration,137
New York City,2023-02-25,noise,1571
New York City,2023-02-25,other,2655
New York City,2023-02-25,sanitation,106
New York City,2023-02-25,transport_public_realm,726
New York City,2023-02-26,housing_buildings,1357
New York City,2023-02-26,information_administration,143
New York City,2023-02-26,noise,1625
New York City,2023-02-26,other,2649
New York City,2023-02-26,sanitation,102
New York City,2023-02-26,transport_public_realm,911
New York City,2023-02-27,housing_buildings,1936
New York City,2023-02-27,information_administration,264
New York City,2023-02-27,noise,935
New York City,2023-02-27,other,3697
New York City,2023-02-27,sanitation,173
New York City,2023-02-27,transport_public_realm,1394
New York City,2023-02-28,housing_buildings,2055
New York City,2023-02-28,information_administration,248
New York City,2023-02-28,noise,710
New York City,2023-02-28,other,3693
New York City,2023-02-28,sanitation,159
New York City,2023-02-28,transport_public_realm,1251
New York City,2023-03-01,housing_buildings,1575
New York City,2023-03-01,information_administration,228
New York City,2023-03-01,noise,873
New York City,2023-03-01,other,3337
New York City,2023-03-01,sanitation,165
New York City,2023-03-01,transport_public_realm,1316
New York City,2023-03-02,housing_buildings,1493
New York City,2023-03-02,information_administration,278
New York City,2023-03-02,noise,933
New York City,2023-03-02,other,3719
New York City,2023-03-02,sanitation,184
New York City,2023-03-02,transport_public_realm,1515
New York City,2023-03-03,housing_buildings,1446
New York City,2023-03-03,information_administration,221
New York City,2023-03-03,noise,1294
New York City,2023-03-03,other,3496
New York City,2023-03-03,sanitation,157
New York City,2023-03-03,transport_public_realm,1252
New York City,2023-03-04,housing_buildings,1424
New York City,2023-03-04,information_administration,161
New York City,2023-03-04,noise,1446
New York City,2023-03-04,other,3090
New York City,2023-03-04,sanitation,118
New York City,2023-03-04,transport_public_realm,1015
New York City,2023-03-05,housing_buildings,1131
New York City,2023-03-05,information_administration,171
New York City,2023-03-05,noise,1579
New York City,2023-03-05,other,2866
New York City,2023-03-05,sanitation,107
New York City,2023-03-05,transport_public_realm,961
New York City,2023-03-06,housing_buildings,1611
New York City,2023-03-06,information_administration,273
New York City,2023-03-06,noise,1256
New York City,2023-03-06,other,3894
New York City,2023-03-06,sanitation,158
New York City,2023-03-06,transport_public_realm,1580
New York City,2023-03-07,housing_buildings,1973
New York City,2023-03-07,information_administration,226
New York City,2023-03-07,noise,970
New York City,2023-03-07,other,3652
New York City,2023-03-07,sanitation,127
New York City,2023-03-07,transport_public_realm,1448
New York City,2023-03-08,housing_buildings,2113
New York City,2023-03-08,information_administration,237
New York City,2023-03-08,noise,1030
New York City,2023-03-08,other,3865
New York City,2023-03-08,sanitation,148
New York City,2023-03-08,transport_public_realm,1387
New York City,2023-03-09,housing_buildings,2032
New York City,2023-03-09,information_administration,263
New York City,2023-03-09,noise,1148
New York City,2023-03-09,other,3802
New York City,2023-03-09,sanitation,161
New York City,2023-03-09,transport_public_realm,1510
New York City,2023-03-10,housing_buildings,1625
New York City,2023-03-10,information_administration,253
New York City,2023-03-10,noise,1164
New York City,2023-03-10,other,3546
New York City,2023-03-10,sanitation,148
New York City,2023-03-10,transport_public_realm,1280
New York City,2023-03-11,housing_buildings,1336
New York City,2023-03-11,information_administration,176
New York City,2023-03-11,noise,1380
New York City,2023-03-11,other,2757
New York City,2023-03-11,sanitation,98
New York City,2023-03-11,transport_public_realm,788
New York City,2023-03-12,housing_buildings,1149
New York City,2023-03-12,information_administration,191
New York City,2023-03-12,noise,1477
New York City,2023-03-12,other,2864
New York City,2023-03-12,sanitation,127
New York City,2023-03-12,transport_public_realm,984
New York City,2023-03-13,housing_buildings,1838
New York City,2023-03-13,information_administration,336
New York City,2023-03-13,noise,813
New York City,2023-03-13,other,3638
New York City,2023-03-13,sanitation,158
New York City,2023-03-13,transport_public_realm,1351
New York City,2023-03-14,housing_buildings,2143
New York City,2023-03-14,information_administration,266
New York City,2023-03-14,noise,707
New York City,2023-03-14,other,3995
New York City,2023-03-14,sanitation,137
New York City,2023-03-14,transport_public_realm,1317
New York City,2023-03-15,housing_buildings,2049
New York City,2023-03-15,information_administration,241
New York City,2023-03-15,noise,946
New York City,2023-03-15,other,3883
New York City,2023-03-15,sanitation,124
New York City,2023-03-15,transport_public_realm,1427
New York City,2023-03-16,housing_buildings,1437
New York City,2023-03-16,information_administration,237
New York City,2023-03-16,noise,1278
New York City,2023-03-16,other,3842
New York City,2023-03-16,sanitation,130
New York City,2023-03-16,transport_public_realm,1564
New York City,2023-03-17,housing_buildings,1245
New York City,2023-03-17,information_administration,331
New York City,2023-03-17,noise,1394
New York City,2023-03-17,other,3826
New York City,2023-03-17,sanitation,133
New York City,2023-03-17,transport_public_realm,1559
New York City,2023-03-18,housing_buildings,1066
New York City,2023-03-18,information_administration,161
New York City,2023-03-18,noise,1752
New York City,2023-03-18,other,2985
New York City,2023-03-18,sanitation,112
New York City,2023-03-18,transport_public_realm,1022
New York City,2023-03-19,housing_buildings,1514
New York City,2023-03-19,information_administration,190
New York City,2023-03-19,noise,1565
New York City,2023-03-19,other,2880
New York City,2023-03-19,sanitation,118
New York City,2023-03-19,transport_public_realm,883
New York City,2023-03-20,housing_buildings,1700
New York City,2023-03-20,information_administration,366
New York City,2023-03-20,noise,1173
New York City,2023-03-20,other,4168
New York City,2023-03-20,sanitation,182
New York City,2023-03-20,transport_public_realm,1406
New York City,2023-03-21,housing_buildings,1462
New York City,2023-03-21,information_administration,338
New York City,2023-03-21,noise,1447
New York City,2023-03-21,other,3902
New York City,2023-03-21,sanitation,161
New York City,2023-03-21,transport_public_realm,1498
New York City,2023-03-22,housing_buildings,1355
New York City,2023-03-22,information_administration,1211
New York City,2023-03-22,noise,1196
New York City,2023-03-22,other,4443
New York City,2023-03-22,sanitation,163
New York City,2023-03-22,transport_public_realm,1702
New York City,2023-03-23,housing_buildings,1279
New York City,2023-03-23,information_administration,306
New York City,2023-03-23,noise,1054
New York City,2023-03-23,other,3757
New York City,2023-03-23,sanitation,185
New York City,2023-03-23,transport_public_realm,1412
New York City,2023-03-24,housing_buildings,1285
New York City,2023-03-24,information_administration,272
New York City,2023-03-24,noise,1491
New York City,2023-03-24,other,3864
New York City,2023-03-24,sanitation,159
New York City,2023-03-24,transport_public_realm,1536
New York City,2023-03-25,housing_buildings,1204
New York City,2023-03-25,information_administration,149
New York City,2023-03-25,noise,1702
New York City,2023-03-25,other,2823
New York City,2023-03-25,sanitation,90
New York City,2023-03-25,transport_public_realm,794
New York City,2023-03-26,housing_buildings,702
New York City,2023-03-26,information_administration,215
New York City,2023-03-26,noise,1783
New York City,2023-03-26,other,3079
New York City,2023-03-26,sanitation,113
New York City,2023-03-26,transport_public_realm,1367
New York City,2023-03-27,housing_buildings,1417
New York City,2023-03-27,information_administration,330
New York City,2023-03-27,noise,1087
New York City,2023-03-27,other,4063
New York City,2023-03-27,sanitation,167
New York City,2023-03-27,transport_public_realm,1347
New York City,2023-03-28,housing_buildings,1463
New York City,2023-03-28,information_administration,379
New York City,2023-03-28,noise,1112
New York City,2023-03-28,other,4097
New York City,2023-03-28,sanitation,183
New York City,2023-03-28,transport_public_realm,1485
New York City,2023-03-29,housing_buildings,1478
New York City,2023-03-29,information_administration,323
New York City,2023-03-29,noise,1208
New York City,2023-03-29,other,4117
New York City,2023-03-29,sanitation,206
New York City,2023-03-29,transport_public_realm,1564
New York City,2023-03-30,housing_buildings,1801
New York City,2023-03-30,information_administration,292
New York City,2023-03-30,noise,1088
New York City,2023-03-30,other,3977
New York City,2023-03-30,sanitation,147
New York City,2023-03-30,transport_public_realm,1353
New York City,2023-03-31,housing_buildings,1290
New York City,2023-03-31,information_administration,246
New York City,2023-03-31,noise,1059
New York City,2023-03-31,other,3993
New York City,2023-03-31,sanitation,157
New York City,2023-03-31,transport_public_realm,1442
New York City,2023-04-01,housing_buildings,729
New York City,2023-04-01,information_administration,174
New York City,2023-04-01,noise,1707
New York City,2023-04-01,other,2747
New York City,2023-04-01,sanitation,94
New York City,2023-04-01,transport_public_realm,1065
New York City,2023-04-02,housing_buildings,921
New York City,2023-04-02,information_administration,189
New York City,2023-04-02,noise,1641
New York City,2023-04-02,other,2681
New York City,2023-04-02,sanitation,80
New York City,2023-04-02,transport_public_realm,786
New York City,2023-04-03,housing_buildings,1289
New York City,2023-04-03,information_administration,330
New York City,2023-04-03,noise,1020
New York City,2023-04-03,other,3780
New York City,2023-04-03,sanitation,195
New York City,2023-04-03,transport_public_realm,1302
New York City,2023-04-04,housing_buildings,1058
New York City,2023-04-04,information_administration,286
New York City,2023-04-04,noise,1118
New York City,2023-04-04,other,4166
New York City,2023-04-04,sanitation,178
New York City,2023-04-04,transport_public_realm,1656
New York City,2023-04-05,housing_buildings,1186
New York City,2023-04-05,information_administration,301
New York City,2023-04-05,noise,1262
New York City,2023-04-05,other,3944
New York City,2023-04-05,sanitation,173
New York City,2023-04-05,transport_public_realm,1403
New York City,2023-04-06,housing_buildings,1078
New York City,2023-04-06,information_administration,298
New York City,2023-04-06,noise,1442
New York City,2023-04-06,other,3793
New York City,2023-04-06,sanitation,193
New York City,2023-04-06,transport_public_realm,1686
New York City,2023-04-07,housing_buildings,1126
New York City,2023-04-07,information_administration,267
New York City,2023-04-07,noise,1586
New York City,2023-04-07,other,3347
New York City,2023-04-07,sanitation,143
New York City,2023-04-07,transport_public_realm,1079
New York City,2023-04-08,housing_buildings,1177
New York City,2023-04-08,information_administration,156
New York City,2023-04-08,noise,1828
New York City,2023-04-08,other,2766
New York City,2023-04-08,sanitation,126
New York City,2023-04-08,transport_public_realm,897
New York City,2023-04-09,housing_buildings,947
New York City,2023-04-09,information_administration,156
New York City,2023-04-09,noise,1684
New York City,2023-04-09,other,2586
New York City,2023-04-09,sanitation,80
New York City,2023-04-09,transport_public_realm,848
New York City,2023-04-10,housing_buildings,1204
New York City,2023-04-10,information_administration,317
New York City,2023-04-10,noise,1162
New York City,2023-04-10,other,3809
New York City,2023-04-10,sanitation,183
New York City,2023-04-10,transport_public_realm,1533
New York City,2023-04-11,housing_buildings,991
New York City,2023-04-11,information_administration,309
New York City,2023-04-11,noise,1194
New York City,2023-04-11,other,3930
New York City,2023-04-11,sanitation,185
New York City,2023-04-11,transport_public_realm,1603
New York City,2023-04-12,housing_buildings,979
New York City,2023-04-12,information_administration,274
New York City,2023-04-12,noise,1377
New York City,2023-04-12,other,4012
New York City,2023-04-12,sanitation,233
New York City,2023-04-12,transport_public_realm,2132
New York City,2023-04-13,housing_buildings,893
New York City,2023-04-13,information_administration,292
New York City,2023-04-13,noise,1662
New York City,2023-04-13,other,3863
New York City,2023-04-13,sanitation,221
New York City,2023-04-13,transport_public_realm,2178
New York City,2023-04-14,housing_buildings,883
New York City,2023-04-14,information_administration,342
New York City,2023-04-14,noise,1670
New York City,2023-04-14,other,4065
New York City,2023-04-14,sanitation,196
New York City,2023-04-14,transport_public_realm,2364
New York City,2023-04-15,housing_buildings,636
New York City,2023-04-15,information_administration,180
New York City,2023-04-15,noise,2215
New York City,2023-04-15,other,3291
New York City,2023-04-15,sanitation,186
New York City,2023-04-15,transport_public_realm,1715
New York City,2023-04-16,housing_buildings,606
New York City,2023-04-16,information_administration,257
New York City,2023-04-16,noise,1833
New York City,2023-04-16,other,3490
New York City,2023-04-16,sanitation,177
New York City,2023-04-16,transport_public_realm,1632
New York City,2023-04-17,housing_buildings,1114
New York City,2023-04-17,information_administration,353
New York City,2023-04-17,noise,1061
New York City,2023-04-17,other,4500
New York City,2023-04-17,sanitation,265
New York City,2023-04-17,transport_public_realm,1466
New York City,2023-04-18,housing_buildings,1438
New York City,2023-04-18,information_administration,337
New York City,2023-04-18,noise,1109
New York City,2023-04-18,other,4530
New York City,2023-04-18,sanitation,221
New York City,2023-04-18,transport_public_realm,1466
New York City,2023-04-19,housing_buildings,1461
New York City,2023-04-19,information_administration,375
New York City,2023-04-19,noise,1174
New York City,2023-04-19,other,4505
New York City,2023-04-19,sanitation,182
New York City,2023-04-19,transport_public_realm,1527
New York City,2023-04-20,housing_buildings,1258
New York City,2023-04-20,information_administration,299
New York City,2023-04-20,noise,1272
New York City,2023-04-20,other,4431
New York City,2023-04-20,sanitation,173
New York City,2023-04-20,transport_public_realm,1602
New York City,2023-04-21,housing_buildings,993
New York City,2023-04-21,information_administration,264
New York City,2023-04-21,noise,1518
New York City,2023-04-21,other,3935
New York City,2023-04-21,sanitation,168
New York City,2023-04-21,transport_public_realm,1548
New York City,2023-04-22,housing_buildings,642
New York City,2023-04-22,information_administration,184
New York City,2023-04-22,noise,2112
New York City,2023-04-22,other,3122
New York City,2023-04-22,sanitation,121
New York City,2023-04-22,transport_public_realm,1207
New York City,2023-04-23,housing_buildings,836
New York City,2023-04-23,information_administration,192
New York City,2023-04-23,noise,1975
New York City,2023-04-23,other,3217
New York City,2023-04-23,sanitation,143
New York City,2023-04-23,transport_public_realm,1342
New York City,2023-04-24,housing_buildings,1353
New York City,2023-04-24,information_administration,302
New York City,2023-04-24,noise,1199
New York City,2023-04-24,other,4314
New York City,2023-04-24,sanitation,259
New York City,2023-04-24,transport_public_realm,1607
New York City,2023-04-25,housing_buildings,1454
New York City,2023-04-25,information_administration,390
New York City,2023-04-25,noise,1370
New York City,2023-04-25,other,4560
New York City,2023-04-25,sanitation,217
New York City,2023-04-25,transport_public_realm,1576
New York City,2023-04-26,housing_buildings,1272
New York City,2023-04-26,information_administration,342
New York City,2023-04-26,noise,1326
New York City,2023-04-26,other,4451
New York City,2023-04-26,sanitation,225
New York City,2023-04-26,transport_public_realm,1387
New York City,2023-04-27,housing_buildings,1287
New York City,2023-04-27,information_administration,334
New York City,2023-04-27,noise,1075
New York City,2023-04-27,other,4075
New York City,2023-04-27,sanitation,194
New York City,2023-04-27,transport_public_realm,1410
New York City,2023-04-28,housing_buildings,1476
New York City,2023-04-28,information_administration,305
New York City,2023-04-28,noise,1220
New York City,2023-04-28,other,3972
New York City,2023-04-28,sanitation,175
New York City,2023-04-28,transport_public_realm,1329
New York City,2023-04-29,housing_buildings,1855
New York City,2023-04-29,information_administration,192
New York City,2023-04-29,noise,1510
New York City,2023-04-29,other,3160
New York City,2023-04-29,sanitation,88
New York City,2023-04-29,transport_public_realm,922
New York City,2023-04-30,housing_buildings,2251
New York City,2023-04-30,information_administration,176
New York City,2023-04-30,noise,1727
New York City,2023-04-30,other,3152
New York City,2023-04-30,sanitation,137
New York City,2023-04-30,transport_public_realm,1208
New York City,2023-05-01,housing_buildings,2258
New York City,2023-05-01,information_administration,320
New York City,2023-05-01,noise,1241
New York City,2023-05-01,other,5064
New York City,2023-05-01,sanitation,206
New York City,2023-05-01,transport_public_realm,1870
New York City,2023-05-02,housing_buildings,1916
New York City,2023-05-02,information_administration,424
New York City,2023-05-02,noise,995
New York City,2023-05-02,other,4812
New York City,2023-05-02,sanitation,204
New York City,2023-05-02,transport_public_realm,1452
New York City,2023-05-03,housing_buildings,1684
New York City,2023-05-03,information_administration,303
New York City,2023-05-03,noise,1237
New York City,2023-05-03,other,4443
New York City,2023-05-03,sanitation,236
New York City,2023-05-03,transport_public_realm,1358
New York City,2023-05-04,housing_buildings,1466
New York City,2023-05-04,information_administration,296
New York City,2023-05-04,noise,954
New York City,2023-05-04,other,4011
New York City,2023-05-04,sanitation,191
New York City,2023-05-04,transport_public_realm,1353
New York City,2023-05-05,housing_buildings,1036
New York City,2023-05-05,information_administration,314
New York City,2023-05-05,noise,1772
New York City,2023-05-05,other,4182
New York City,2023-05-05,sanitation,198
New York City,2023-05-05,transport_public_realm,1769
New York City,2023-05-06,housing_buildings,705
New York City,2023-05-06,information_administration,192
New York City,2023-05-06,noise,3199
New York City,2023-05-06,other,3371
New York City,2023-05-06,sanitation,118
New York City,2023-05-06,transport_public_realm,1832
New York City,2023-05-07,housing_buildings,576
New York City,2023-05-07,information_administration,213
New York City,2023-05-07,noise,2663
New York City,2023-05-07,other,3406
New York City,2023-05-07,sanitation,173
New York City,2023-05-07,transport_public_realm,2072
New York City,2023-05-08,housing_buildings,1011
New York City,2023-05-08,information_administration,487
New York City,2023-05-08,noise,1421
New York City,2023-05-08,other,4749
New York City,2023-05-08,sanitation,244
New York City,2023-05-08,transport_public_realm,1796
New York City,2023-05-09,housing_buildings,1042
New York City,2023-05-09,information_administration,341
New York City,2023-05-09,noise,1130
New York City,2023-05-09,other,4935
New York City,2023-05-09,sanitation,257
New York City,2023-05-09,transport_public_realm,1602
New York City,2023-05-10,housing_buildings,1051
New York City,2023-05-10,information_administration,376
New York City,2023-05-10,noise,1152
New York City,2023-05-10,other,4619
New York City,2023-05-10,sanitation,223
New York City,2023-05-10,transport_public_realm,1685
New York City,2023-05-11,housing_buildings,898
New York City,2023-05-11,information_administration,373
New York City,2023-05-11,noise,1332
New York City,2023-05-11,other,4467
New York City,2023-05-11,sanitation,222
New York City,2023-05-11,transport_public_realm,1862
New York City,2023-05-12,housing_buildings,833
New York City,2023-05-12,information_administration,341
New York City,2023-05-12,noise,1580
New York City,2023-05-12,other,4430
New York City,2023-05-12,sanitation,173
New York City,2023-05-12,transport_public_realm,2330
New York City,2023-05-13,housing_buildings,574
New York City,2023-05-13,information_administration,187
New York City,2023-05-13,noise,2616
New York City,2023-05-13,other,3865
New York City,2023-05-13,sanitation,140
New York City,2023-05-13,transport_public_realm,2156
New York City,2023-05-14,housing_buildings,441
New York City,2023-05-14,information_administration,159
New York City,2023-05-14,noise,2666
New York City,2023-05-14,other,3207
New York City,2023-05-14,sanitation,110
New York City,2023-05-14,transport_public_realm,2089
New York City,2023-05-15,housing_buildings,970
New York City,2023-05-15,information_administration,389
New York City,2023-05-15,noise,1344
New York City,2023-05-15,other,4766
New York City,2023-05-15,sanitation,225
New York City,2023-05-15,transport_public_realm,1668
New York City,2023-05-16,housing_buildings,992
New York City,2023-05-16,information_administration,344
New York City,2023-05-16,noise,1154
New York City,2023-05-16,other,4799
New York City,2023-05-16,sanitation,197
New York City,2023-05-16,transport_public_realm,1714
New York City,2023-05-17,housing_buildings,947
New York City,2023-05-17,information_administration,310
New York City,2023-05-17,noise,1240
New York City,2023-05-17,other,4777
New York City,2023-05-17,sanitation,172
New York City,2023-05-17,transport_public_realm,1436
New York City,2023-05-18,housing_buildings,1077
New York City,2023-05-18,information_administration,318
New York City,2023-05-18,noise,1212
New York City,2023-05-18,other,4622
New York City,2023-05-18,sanitation,163
New York City,2023-05-18,transport_public_realm,1396
New York City,2023-05-19,housing_buildings,906
New York City,2023-05-19,information_administration,303
New York City,2023-05-19,noise,1390
New York City,2023-05-19,other,4515
New York City,2023-05-19,sanitation,159
New York City,2023-05-19,transport_public_realm,1590
New York City,2023-05-20,housing_buildings,738
New York City,2023-05-20,information_administration,162
New York City,2023-05-20,noise,1801
New York City,2023-05-20,other,3043
New York City,2023-05-20,sanitation,121
New York City,2023-05-20,transport_public_realm,1140
New York City,2023-05-21,housing_buildings,598
New York City,2023-05-21,information_administration,293
New York City,2023-05-21,noise,2333
New York City,2023-05-21,other,3708
New York City,2023-05-21,sanitation,132
New York City,2023-05-21,transport_public_realm,1879
New York City,2023-05-22,housing_buildings,1047
New York City,2023-05-22,information_administration,364
New York City,2023-05-22,noise,1160
New York City,2023-05-22,other,4818
New York City,2023-05-22,sanitation,196
New York City,2023-05-22,transport_public_realm,1919
New York City,2023-05-23,housing_buildings,998
New York City,2023-05-23,information_administration,364
New York City,2023-05-23,noise,1381
New York City,2023-05-23,other,4691
New York City,2023-05-23,sanitation,209
New York City,2023-05-23,transport_public_realm,1571
New York City,2023-05-24,housing_buildings,954
New York City,2023-05-24,information_administration,350
New York City,2023-05-24,noise,1046
New York City,2023-05-24,other,4623
New York City,2023-05-24,sanitation,196
New York City,2023-05-24,transport_public_realm,1412
New York City,2023-05-25,housing_buildings,947
New York City,2023-05-25,information_administration,365
New York City,2023-05-25,noise,1154
New York City,2023-05-25,other,4336
New York City,2023-05-25,sanitation,157
New York City,2023-05-25,transport_public_realm,1493
New York City,2023-05-26,housing_buildings,765
New York City,2023-05-26,information_administration,401
New York City,2023-05-26,noise,1518
New York City,2023-05-26,other,4190
New York City,2023-05-26,sanitation,159
New York City,2023-05-26,transport_public_realm,1677
New York City,2023-05-27,housing_buildings,512
New York City,2023-05-27,information_administration,252
New York City,2023-05-27,noise,2328
New York City,2023-05-27,other,3173
New York City,2023-05-27,sanitation,119
New York City,2023-05-27,transport_public_realm,1649
New York City,2023-05-28,housing_buildings,594
New York City,2023-05-28,information_administration,275
New York City,2023-05-28,noise,2888
New York City,2023-05-28,other,3053
New York City,2023-05-28,sanitation,127
New York City,2023-05-28,transport_public_realm,2076
New York City,2023-05-29,housing_buildings,526
New York City,2023-05-29,information_administration,196
New York City,2023-05-29,noise,2408
New York City,2023-05-29,other,3294
New York City,2023-05-29,sanitation,119
New York City,2023-05-29,transport_public_realm,1697
New York City,2023-05-30,housing_buildings,1228
New York City,2023-05-30,information_administration,467
New York City,2023-05-30,noise,1307
New York City,2023-05-30,other,5029
New York City,2023-05-30,sanitation,207
New York City,2023-05-30,transport_public_realm,1582
New York City,2023-05-31,housing_buildings,945
New York City,2023-05-31,information_administration,433
New York City,2023-05-31,noise,938
New York City,2023-05-31,other,4866
New York City,2023-05-31,sanitation,206
New York City,2023-05-31,transport_public_realm,1677
New York City,2023-06-01,housing_buildings,1006
New York City,2023-06-01,information_administration,352
New York City,2023-06-01,noise,1059
New York City,2023-06-01,other,4814
New York City,2023-06-01,sanitation,196
New York City,2023-06-01,transport_public_realm,1815
New York City,2023-06-02,housing_buildings,945
New York City,2023-06-02,information_administration,387
New York City,2023-06-02,noise,1766
New York City,2023-06-02,other,4917
New York City,2023-06-02,sanitation,221
New York City,2023-06-02,transport_public_realm,1808
New York City,2023-06-03,housing_buildings,600
New York City,2023-06-03,information_administration,178
New York City,2023-06-03,noise,1932
New York City,2023-06-03,other,2933
New York City,2023-06-03,sanitation,92
New York City,2023-06-03,transport_public_realm,1157
New York City,2023-06-04,housing_buildings,455
New York City,2023-06-04,information_administration,266
New York City,2023-06-04,noise,2096
New York City,2023-06-04,other,3146
New York City,2023-06-04,sanitation,110
New York City,2023-06-04,transport_public_realm,1378
New York City,2023-06-05,housing_buildings,926
New York City,2023-06-05,information_administration,378
New York City,2023-06-05,noise,1112
New York City,2023-06-05,other,4917
New York City,2023-06-05,sanitation,262
New York City,2023-06-05,transport_public_realm,1635
New York City,2023-06-06,housing_buildings,1116
New York City,2023-06-06,information_administration,378
New York City,2023-06-06,noise,1179
New York City,2023-06-06,other,5107
New York City,2023-06-06,sanitation,221
New York City,2023-06-06,transport_public_realm,1501
New York City,2023-06-07,housing_buildings,1442
New York City,2023-06-07,information_administration,327
New York City,2023-06-07,noise,759
New York City,2023-06-07,other,4351
New York City,2023-06-07,sanitation,157
New York City,2023-06-07,transport_public_realm,1254
New York City,2023-06-08,housing_buildings,730
New York City,2023-06-08,information_administration,325
New York City,2023-06-08,noise,953
New York City,2023-06-08,other,3996
New York City,2023-06-08,sanitation,179
New York City,2023-06-08,transport_public_realm,1374
New York City,2023-06-09,housing_buildings,759
New York City,2023-06-09,information_administration,293
New York City,2023-06-09,noise,1194
New York City,2023-06-09,other,4096
New York City,2023-06-09,sanitation,154
New York City,2023-06-09,transport_public_realm,1516
New York City,2023-06-10,housing_buildings,536
New York City,2023-06-10,information_administration,228
New York City,2023-06-10,noise,2347
New York City,2023-06-10,other,3486
New York City,2023-06-10,sanitation,116
New York City,2023-06-10,transport_public_realm,1882
New York City,2023-06-11,housing_buildings,506
New York City,2023-06-11,information_administration,243
New York City,2023-06-11,noise,2689
New York City,2023-06-11,other,3757
New York City,2023-06-11,sanitation,121
New York City,2023-06-11,transport_public_realm,2186
New York City,2023-06-12,housing_buildings,967
New York City,2023-06-12,information_administration,381
New York City,2023-06-12,noise,1192
New York City,2023-06-12,other,4951
New York City,2023-06-12,sanitation,196
New York City,2023-06-12,transport_public_realm,1607
New York City,2023-06-13,housing_buildings,945
New York City,2023-06-13,information_administration,408
New York City,2023-06-13,noise,1028
New York City,2023-06-13,other,5002
New York City,2023-06-13,sanitation,211
New York City,2023-06-13,transport_public_realm,1741
New York City,2023-06-14,housing_buildings,820
New York City,2023-06-14,information_administration,352
New York City,2023-06-14,noise,960
New York City,2023-06-14,other,4577
New York City,2023-06-14,sanitation,203
New York City,2023-06-14,transport_public_realm,1425
New York City,2023-06-15,housing_buildings,804
New York City,2023-06-15,information_administration,431
New York City,2023-06-15,noise,1195
New York City,2023-06-15,other,4681
New York City,2023-06-15,sanitation,163
New York City,2023-06-15,transport_public_realm,1718
New York City,2023-06-16,housing_buildings,704
New York City,2023-06-16,information_administration,299
New York City,2023-06-16,noise,1325
New York City,2023-06-16,other,4476
New York City,2023-06-16,sanitation,154
New York City,2023-06-16,transport_public_realm,1664
New York City,2023-06-17,housing_buildings,514
New York City,2023-06-17,information_administration,267
New York City,2023-06-17,noise,2300
New York City,2023-06-17,other,3638
New York City,2023-06-17,sanitation,125
New York City,2023-06-17,transport_public_realm,1625
New York City,2023-06-18,housing_buildings,390
New York City,2023-06-18,information_administration,197
New York City,2023-06-18,noise,2906
New York City,2023-06-18,other,3547
New York City,2023-06-18,sanitation,127
New York City,2023-06-18,transport_public_realm,2191
New York City,2023-06-19,housing_buildings,692
New York City,2023-06-19,information_administration,322
New York City,2023-06-19,noise,1592
New York City,2023-06-19,other,4170
New York City,2023-06-19,sanitation,201
New York City,2023-06-19,transport_public_realm,1556
New York City,2023-06-20,housing_buildings,902
New York City,2023-06-20,information_administration,369
New York City,2023-06-20,noise,1254
New York City,2023-06-20,other,5409
New York City,2023-06-20,sanitation,239
New York City,2023-06-20,transport_public_realm,1651
New York City,2023-06-21,housing_buildings,946
New York City,2023-06-21,information_administration,486
New York City,2023-06-21,noise,1347
New York City,2023-06-21,other,5094
New York City,2023-06-21,sanitation,227
New York City,2023-06-21,transport_public_realm,1589
New York City,2023-06-22,housing_buildings,780
New York City,2023-06-22,information_administration,361
New York City,2023-06-22,noise,1257
New York City,2023-06-22,other,4605
New York City,2023-06-22,sanitation,225
New York City,2023-06-22,transport_public_realm,1643
New York City,2023-06-23,housing_buildings,757
New York City,2023-06-23,information_administration,280
New York City,2023-06-23,noise,1525
New York City,2023-06-23,other,4543
New York City,2023-06-23,sanitation,187
New York City,2023-06-23,transport_public_realm,1588
New York City,2023-06-24,housing_buildings,550
New York City,2023-06-24,information_administration,230
New York City,2023-06-24,noise,2430
New York City,2023-06-24,other,3800
New York City,2023-06-24,sanitation,136
New York City,2023-06-24,transport_public_realm,1691
New York City,2023-06-25,housing_buildings,541
New York City,2023-06-25,information_administration,287
New York City,2023-06-25,noise,2706
New York City,2023-06-25,other,3900
New York City,2023-06-25,sanitation,149
New York City,2023-06-25,transport_public_realm,1989
New York City,2023-06-26,housing_buildings,969
New York City,2023-06-26,information_administration,382
New York City,2023-06-26,noise,1276
New York City,2023-06-26,other,5062
New York City,2023-06-26,sanitation,264
New York City,2023-06-26,transport_public_realm,1670
New York City,2023-06-27,housing_buildings,903
New York City,2023-06-27,information_administration,392
New York City,2023-06-27,noise,1091
New York City,2023-06-27,other,5037
New York City,2023-06-27,sanitation,227
New York City,2023-06-27,transport_public_realm,1615
New York City,2023-06-28,housing_buildings,904
New York City,2023-06-28,information_administration,339
New York City,2023-06-28,noise,1251
New York City,2023-06-28,other,4972
New York City,2023-06-28,sanitation,241
New York City,2023-06-28,transport_public_realm,1614
New York City,2023-06-29,housing_buildings,950
New York City,2023-06-29,information_administration,302
New York City,2023-06-29,noise,1299
New York City,2023-06-29,other,4777
New York City,2023-06-29,sanitation,233
New York City,2023-06-29,transport_public_realm,1796
New York City,2023-06-30,housing_buildings,824
New York City,2023-06-30,information_administration,273
New York City,2023-06-30,noise,1329
New York City,2023-06-30,other,4328
New York City,2023-06-30,sanitation,196
New York City,2023-06-30,transport_public_realm,1722
New York City,2023-07-01,housing_buildings,532
New York City,2023-07-01,information_administration,256
New York City,2023-07-01,noise,1946
New York City,2023-07-01,other,3688
New York City,2023-07-01,sanitation,175
New York City,2023-07-01,transport_public_realm,1861
New York City,2023-07-02,housing_buildings,580
New York City,2023-07-02,information_administration,232
New York City,2023-07-02,noise,1875
New York City,2023-07-02,other,3646
New York City,2023-07-02,sanitation,147
New York City,2023-07-02,transport_public_realm,1546
New York City,2023-07-03,housing_buildings,1041
New York City,2023-07-03,information_administration,379
New York City,2023-07-03,noise,981
New York City,2023-07-03,other,4798
New York City,2023-07-03,sanitation,181
New York City,2023-07-03,transport_public_realm,1521
New York City,2023-07-04,housing_buildings,826
New York City,2023-07-04,information_administration,165
New York City,2023-07-04,noise,1846
New York City,2023-07-04,other,5796
New York City,2023-07-04,sanitation,139
New York City,2023-07-04,transport_public_realm,2250
New York City,2023-07-05,housing_buildings,1425
New York City,2023-07-05,information_administration,422
New York City,2023-07-05,noise,1248
New York City,2023-07-05,other,6012
New York City,2023-07-05,sanitation,234
New York City,2023-07-05,transport_public_realm,2302
New York City,2023-07-06,housing_buildings,1481
New York City,2023-07-06,information_administration,432
New York City,2023-07-06,noise,672
New York City,2023-07-06,other,5220
New York City,2023-07-06,sanitation,220
New York City,2023-07-06,transport_public_realm,1687
New York City,2023-07-07,housing_buildings,1323
New York City,2023-07-07,information_administration,317
New York City,2023-07-07,noise,943
New York City,2023-07-07,other,4828
New York City,2023-07-07,sanitation,203
New York City,2023-07-07,transport_public_realm,1568
New York City,2023-07-08,housing_buildings,885
New York City,2023-07-08,information_administration,220
New York City,2023-07-08,noise,1577
New York City,2023-07-08,other,4008
New York City,2023-07-08,sanitation,149
New York City,2023-07-08,transport_public_realm,1572
New York City,2023-07-09,housing_buildings,807
New York City,2023-07-09,information_administration,271
New York City,2023-07-09,noise,1530
New York City,2023-07-09,other,3877
New York City,2023-07-09,sanitation,151
New York City,2023-07-09,transport_public_realm,1333
New York City,2023-07-10,housing_buildings,1319
New York City,2023-07-10,information_administration,375
New York City,2023-07-10,noise,795
New York City,2023-07-10,other,5410
New York City,2023-07-10,sanitation,250
New York City,2023-07-10,transport_public_realm,1632
New York City,2023-07-11,housing_buildings,1304
New York City,2023-07-11,information_administration,398
New York City,2023-07-11,noise,740
New York City,2023-07-11,other,5258
New York City,2023-07-11,sanitation,241
New York City,2023-07-11,transport_public_realm,1670
New York City,2023-07-12,housing_buildings,1383
New York City,2023-07-12,information_administration,386
New York City,2023-07-12,noise,865
New York City,2023-07-12,other,5213
New York City,2023-07-12,sanitation,236
New York City,2023-07-12,transport_public_realm,1679
New York City,2023-07-13,housing_buildings,1281
New York City,2023-07-13,information_administration,401
New York City,2023-07-13,noise,799
New York City,2023-07-13,other,5232
New York City,2023-07-13,sanitation,219
New York City,2023-07-13,transport_public_realm,1751
New York City,2023-07-14,housing_buildings,1072
New York City,2023-07-14,information_administration,420
New York City,2023-07-14,noise,937
New York City,2023-07-14,other,4876
New York City,2023-07-14,sanitation,187
New York City,2023-07-14,transport_public_realm,1600
New York City,2023-07-15,housing_buildings,837
New York City,2023-07-15,information_administration,202
New York City,2023-07-15,noise,1521
New York City,2023-07-15,other,3779
New York City,2023-07-15,sanitation,129
New York City,2023-07-15,transport_public_realm,1387
New York City,2023-07-16,housing_buildings,938
New York City,2023-07-16,information_administration,188
New York City,2023-07-16,noise,1458
New York City,2023-07-16,other,3583
New York City,2023-07-16,sanitation,148
New York City,2023-07-16,transport_public_realm,1350
New York City,2023-07-17,housing_buildings,1473
New York City,2023-07-17,information_administration,481
New York City,2023-07-17,noise,855
New York City,2023-07-17,other,5304
New York City,2023-07-17,sanitation,254
New York City,2023-07-17,transport_public_realm,1633
New York City,2023-07-18,housing_buildings,1428
New York City,2023-07-18,information_administration,392
New York City,2023-07-18,noise,694
New York City,2023-07-18,other,5504
New York City,2023-07-18,sanitation,220
New York City,2023-07-18,transport_public_realm,1488
New York City,2023-07-19,housing_buildings,1078
New York City,2023-07-19,information_administration,326
New York City,2023-07-19,noise,813
New York City,2023-07-19,other,5634
New York City,2023-07-19,sanitation,257
New York City,2023-07-19,transport_public_realm,1529
New York City,2023-07-20,housing_buildings,1104
New York City,2023-07-20,information_administration,315
New York City,2023-07-20,noise,1128
New York City,2023-07-20,other,5366
New York City,2023-07-20,sanitation,225
New York City,2023-07-20,transport_public_realm,1632
New York City,2023-07-21,housing_buildings,1093
New York City,2023-07-21,information_administration,269
New York City,2023-07-21,noise,1141
New York City,2023-07-21,other,4891
New York City,2023-07-21,sanitation,167
New York City,2023-07-21,transport_public_realm,1715
New York City,2023-07-22,housing_buildings,720
New York City,2023-07-22,information_administration,249
New York City,2023-07-22,noise,1854
New York City,2023-07-22,other,3886
New York City,2023-07-22,sanitation,131
New York City,2023-07-22,transport_public_realm,1917
New York City,2023-07-23,housing_buildings,713
New York City,2023-07-23,information_administration,255
New York City,2023-07-23,noise,2215
New York City,2023-07-23,other,3991
New York City,2023-07-23,sanitation,170
New York City,2023-07-23,transport_public_realm,2097
New York City,2023-07-24,housing_buildings,1204
New York City,2023-07-24,information_administration,352
New York City,2023-07-24,noise,938
New York City,2023-07-24,other,5451
New York City,2023-07-24,sanitation,255
New York City,2023-07-24,transport_public_realm,1792
New York City,2023-07-25,housing_buildings,1295
New York City,2023-07-25,information_administration,453
New York City,2023-07-25,noise,753
New York City,2023-07-25,other,5596
New York City,2023-07-25,sanitation,239
New York City,2023-07-25,transport_public_realm,1402
New York City,2023-07-26,housing_buildings,1228
New York City,2023-07-26,information_administration,347
New York City,2023-07-26,noise,722
New York City,2023-07-26,other,5277
New York City,2023-07-26,sanitation,274
New York City,2023-07-26,transport_public_realm,1525
New York City,2023-07-27,housing_buildings,1496
New York City,2023-07-27,information_administration,417
New York City,2023-07-27,noise,847
New York City,2023-07-27,other,5104
New York City,2023-07-27,sanitation,188
New York City,2023-07-27,transport_public_realm,1469
New York City,2023-07-28,housing_buildings,1497
New York City,2023-07-28,information_administration,331
New York City,2023-07-28,noise,913
New York City,2023-07-28,other,4892
New York City,2023-07-28,sanitation,212
New York City,2023-07-28,transport_public_realm,1725
New York City,2023-07-29,housing_buildings,1083
New York City,2023-07-29,information_administration,255
New York City,2023-07-29,noise,1437
New York City,2023-07-29,other,4048
New York City,2023-07-29,sanitation,152
New York City,2023-07-29,transport_public_realm,1541
New York City,2023-07-30,housing_buildings,817
New York City,2023-07-30,information_administration,202
New York City,2023-07-30,noise,1973
New York City,2023-07-30,other,3930
New York City,2023-07-30,sanitation,159
New York City,2023-07-30,transport_public_realm,2232
New York City,2023-07-31,housing_buildings,1221
New York City,2023-07-31,information_administration,401
New York City,2023-07-31,noise,911
New York City,2023-07-31,other,5298
New York City,2023-07-31,sanitation,288
New York City,2023-07-31,transport_public_realm,1808
New York City,2023-08-01,housing_buildings,1129
New York City,2023-08-01,information_administration,468
New York City,2023-08-01,noise,972
New York City,2023-08-01,other,5379
New York City,2023-08-01,sanitation,252
New York City,2023-08-01,transport_public_realm,1616
New York City,2023-08-02,housing_buildings,1007
New York City,2023-08-02,information_administration,359
New York City,2023-08-02,noise,923
New York City,2023-08-02,other,5141
New York City,2023-08-02,sanitation,223
New York City,2023-08-02,transport_public_realm,1640
New York City,2023-08-03,housing_buildings,923
New York City,2023-08-03,information_administration,344
New York City,2023-08-03,noise,937
New York City,2023-08-03,other,5112
New York City,2023-08-03,sanitation,203
New York City,2023-08-03,transport_public_realm,1654
New York City,2023-08-04,housing_buildings,834
New York City,2023-08-04,information_administration,270
New York City,2023-08-04,noise,1230
New York City,2023-08-04,other,4770
New York City,2023-08-04,sanitation,220
New York City,2023-08-04,transport_public_realm,1768
New York City,2023-08-05,housing_buildings,624
New York City,2023-08-05,information_administration,200
New York City,2023-08-05,noise,2150
New York City,2023-08-05,other,3744
New York City,2023-08-05,sanitation,128
New York City,2023-08-05,transport_public_realm,1980
New York City,2023-08-06,housing_buildings,616
New York City,2023-08-06,information_administration,216
New York City,2023-08-06,noise,2074
New York City,2023-08-06,other,3658
New York City,2023-08-06,sanitation,149
New York City,2023-08-06,transport_public_realm,2145
New York City,2023-08-07,housing_buildings,1064
New York City,2023-08-07,information_administration,361
New York City,2023-08-07,noise,860
New York City,2023-08-07,other,5085
New York City,2023-08-07,sanitation,205
New York City,2023-08-07,transport_public_realm,1466
New York City,2023-08-08,housing_buildings,984
New York City,2023-08-08,information_administration,335
New York City,2023-08-08,noise,787
New York City,2023-08-08,other,5255
New York City,2023-08-08,sanitation,230
New York City,2023-08-08,transport_public_realm,1606
New York City,2023-08-09,housing_buildings,975
New York City,2023-08-09,information_administration,345
New York City,2023-08-09,noise,1016
New York City,2023-08-09,other,5077
New York City,2023-08-09,sanitation,241
New York City,2023-08-09,transport_public_realm,1593
New York City,2023-08-10,housing_buildings,1069
New York City,2023-08-10,information_administration,365
New York City,2023-08-10,noise,841
New York City,2023-08-10,other,4715
New York City,2023-08-10,sanitation,229
New York City,2023-08-10,transport_public_realm,1291
New York City,2023-08-11,housing_buildings,855
New York City,2023-08-11,information_administration,329
New York City,2023-08-11,noise,1305
New York City,2023-08-11,other,4914
New York City,2023-08-11,sanitation,210
New York City,2023-08-11,transport_public_realm,1727
New York City,2023-08-12,housing_buildings,578
New York City,2023-08-12,information_administration,202
New York City,2023-08-12,noise,2211
New York City,2023-08-12,other,3761
New York City,2023-08-12,sanitation,149
New York City,2023-08-12,transport_public_realm,1832
New York City,2023-08-13,housing_buildings,677
New York City,2023-08-13,information_administration,184
New York City,2023-08-13,noise,2249
New York City,2023-08-13,other,3792
New York City,2023-08-13,sanitation,186
New York City,2023-08-13,transport_public_realm,1838
New York City,2023-08-14,housing_buildings,1094
New York City,2023-08-14,information_administration,338
New York City,2023-08-14,noise,1010
New York City,2023-08-14,other,5345
New York City,2023-08-14,sanitation,265
New York City,2023-08-14,transport_public_realm,1651
New York City,2023-08-15,housing_buildings,1164
New York City,2023-08-15,information_administration,348
New York City,2023-08-15,noise,981
New York City,2023-08-15,other,5128
New York City,2023-08-15,sanitation,259
New York City,2023-08-15,transport_public_realm,1421
New York City,2023-08-16,housing_buildings,1127
New York City,2023-08-16,information_administration,311
New York City,2023-08-16,noise,945
New York City,2023-08-16,other,5087
New York City,2023-08-16,sanitation,243
New York City,2023-08-16,transport_public_realm,1660
New York City,2023-08-17,housing_buildings,965
New York City,2023-08-17,information_administration,331
New York City,2023-08-17,noise,949
New York City,2023-08-17,other,5103
New York City,2023-08-17,sanitation,264
New York City,2023-08-17,transport_public_realm,1715
New York City,2023-08-18,housing_buildings,1408
New York City,2023-08-18,information_administration,257
New York City,2023-08-18,noise,1363
New York City,2023-08-18,other,4784
New York City,2023-08-18,sanitation,217
New York City,2023-08-18,transport_public_realm,1962
New York City,2023-08-19,housing_buildings,585
New York City,2023-08-19,information_administration,160
New York City,2023-08-19,noise,2370
New York City,2023-08-19,other,3603
New York City,2023-08-19,sanitation,157
New York City,2023-08-19,transport_public_realm,2121
New York City,2023-08-20,housing_buildings,562
New York City,2023-08-20,information_administration,188
New York City,2023-08-20,noise,2192
New York City,2023-08-20,other,3726
New York City,2023-08-20,sanitation,175
New York City,2023-08-20,transport_public_realm,2496
New York City,2023-08-21,housing_buildings,1122
New York City,2023-08-21,information_administration,362
New York City,2023-08-21,noise,1040
New York City,2023-08-21,other,5057
New York City,2023-08-21,sanitation,274
New York City,2023-08-21,transport_public_realm,1647
New York City,2023-08-22,housing_buildings,935
New York City,2023-08-22,information_administration,313
New York City,2023-08-22,noise,854
New York City,2023-08-22,other,5169
New York City,2023-08-22,sanitation,214
New York City,2023-08-22,transport_public_realm,1643
New York City,2023-08-23,housing_buildings,921
New York City,2023-08-23,information_administration,342
New York City,2023-08-23,noise,945
New York City,2023-08-23,other,4941
New York City,2023-08-23,sanitation,247
New York City,2023-08-23,transport_public_realm,1643
New York City,2023-08-24,housing_buildings,826
New York City,2023-08-24,information_administration,316
New York City,2023-08-24,noise,810
New York City,2023-08-24,other,4496
New York City,2023-08-24,sanitation,190
New York City,2023-08-24,transport_public_realm,1423
New York City,2023-08-25,housing_buildings,825
New York City,2023-08-25,information_administration,302
New York City,2023-08-25,noise,1082
New York City,2023-08-25,other,4369
New York City,2023-08-25,sanitation,197
New York City,2023-08-25,transport_public_realm,1694
New York City,2023-08-26,housing_buildings,719
New York City,2023-08-26,information_administration,173
New York City,2023-08-26,noise,2061
New York City,2023-08-26,other,3759
New York City,2023-08-26,sanitation,146
New York City,2023-08-26,transport_public_realm,2076
New York City,2023-08-27,housing_buildings,515
New York City,2023-08-27,information_administration,193
New York City,2023-08-27,noise,2072
New York City,2023-08-27,other,3684
New York City,2023-08-27,sanitation,182
New York City,2023-08-27,transport_public_realm,2137
New York City,2023-08-28,housing_buildings,1017
New York City,2023-08-28,information_administration,314
New York City,2023-08-28,noise,913
New York City,2023-08-28,other,5260
New York City,2023-08-28,sanitation,270
New York City,2023-08-28,transport_public_realm,1699
New York City,2023-08-29,housing_buildings,1047
New York City,2023-08-29,information_administration,334
New York City,2023-08-29,noise,890
New York City,2023-08-29,other,5077
New York City,2023-08-29,sanitation,250
New York City,2023-08-29,transport_public_realm,1579
New York City,2023-08-30,housing_buildings,1001
New York City,2023-08-30,information_administration,346
New York City,2023-08-30,noise,952
New York City,2023-08-30,other,5047
New York City,2023-08-30,sanitation,214
New York City,2023-08-30,transport_public_realm,1581
New York City,2023-08-31,housing_buildings,891
New York City,2023-08-31,information_administration,307
New York City,2023-08-31,noise,1041
New York City,2023-08-31,other,4830
New York City,2023-08-31,sanitation,210
New York City,2023-08-31,transport_public_realm,1689
New York City,2023-09-01,housing_buildings,778
New York City,2023-09-01,information_administration,285
New York City,2023-09-01,noise,1224
New York City,2023-09-01,other,4656
New York City,2023-09-01,sanitation,156
New York City,2023-09-01,transport_public_realm,1770
New York City,2023-09-02,housing_buildings,523
New York City,2023-09-02,information_administration,164
New York City,2023-09-02,noise,2069
New York City,2023-09-02,other,3717
New York City,2023-09-02,sanitation,141
New York City,2023-09-02,transport_public_realm,2044
New York City,2023-09-03,housing_buildings,473
New York City,2023-09-03,information_administration,191
New York City,2023-09-03,noise,2216
New York City,2023-09-03,other,3491
New York City,2023-09-03,sanitation,120
New York City,2023-09-03,transport_public_realm,2061
New York City,2023-09-04,housing_buildings,587
New York City,2023-09-04,information_administration,198
New York City,2023-09-04,noise,1667
New York City,2023-09-04,other,3738
New York City,2023-09-04,sanitation,169
New York City,2023-09-04,transport_public_realm,1889
New York City,2023-09-05,housing_buildings,1100
New York City,2023-09-05,information_administration,383
New York City,2023-09-05,noise,816
New York City,2023-09-05,other,5657
New York City,2023-09-05,sanitation,240
New York City,2023-09-05,transport_public_realm,1578
New York City,2023-09-06,housing_buildings,1249
New York City,2023-09-06,information_administration,349
New York City,2023-09-06,noise,754
New York City,2023-09-06,other,5496
New York City,2023-09-06,sanitation,241
New York City,2023-09-06,transport_public_realm,1436
New York City,2023-09-07,housing_buildings,1281
New York City,2023-09-07,information_administration,335
New York City,2023-09-07,noise,818
New York City,2023-09-07,other,5742
New York City,2023-09-07,sanitation,244
New York City,2023-09-07,transport_public_realm,1470
New York City,2023-09-08,housing_buildings,1040
New York City,2023-09-08,information_administration,358
New York City,2023-09-08,noise,1171
New York City,2023-09-08,other,5298
New York City,2023-09-08,sanitation,241
New York City,2023-09-08,transport_public_realm,1457
New York City,2023-09-09,housing_buildings,728
New York City,2023-09-09,information_administration,196
New York City,2023-09-09,noise,1873
New York City,2023-09-09,other,4267
New York City,2023-09-09,sanitation,156
New York City,2023-09-09,transport_public_realm,1489
New York City,2023-09-10,housing_buildings,773
New York City,2023-09-10,information_administration,206
New York City,2023-09-10,noise,1658
New York City,2023-09-10,other,3865
New York City,2023-09-10,sanitation,179
New York City,2023-09-10,transport_public_realm,1358
New York City,2023-09-11,housing_buildings,1482
New York City,2023-09-11,information_administration,372
New York City,2023-09-11,noise,1041
New York City,2023-09-11,other,5669
New York City,2023-09-11,sanitation,237
New York City,2023-09-11,transport_public_realm,1483
New York City,2023-09-12,housing_buildings,1208
New York City,2023-09-12,information_administration,349
New York City,2023-09-12,noise,960
New York City,2023-09-12,other,5947
New York City,2023-09-12,sanitation,259
New York City,2023-09-12,transport_public_realm,1745
New York City,2023-09-13,housing_buildings,1004
New York City,2023-09-13,information_administration,349
New York City,2023-09-13,noise,868
New York City,2023-09-13,other,5521
New York City,2023-09-13,sanitation,240
New York City,2023-09-13,transport_public_realm,1625
New York City,2023-09-14,housing_buildings,982
New York City,2023-09-14,information_administration,327
New York City,2023-09-14,noise,1071
New York City,2023-09-14,other,5395
New York City,2023-09-14,sanitation,251
New York City,2023-09-14,transport_public_realm,1810
New York City,2023-09-15,housing_buildings,813
New York City,2023-09-15,information_administration,272
New York City,2023-09-15,noise,1394
New York City,2023-09-15,other,5075
New York City,2023-09-15,sanitation,187
New York City,2023-09-15,transport_public_realm,1788
New York City,2023-09-16,housing_buildings,495
New York City,2023-09-16,information_administration,186
New York City,2023-09-16,noise,2547
New York City,2023-09-16,other,3780
New York City,2023-09-16,sanitation,164
New York City,2023-09-16,transport_public_realm,2135
New York City,2023-09-17,housing_buildings,517
New York City,2023-09-17,information_administration,241
New York City,2023-09-17,noise,2161
New York City,2023-09-17,other,3911
New York City,2023-09-17,sanitation,162
New York City,2023-09-17,transport_public_realm,1960
New York City,2023-09-18,housing_buildings,1123
New York City,2023-09-18,information_administration,338
New York City,2023-09-18,noise,768
New York City,2023-09-18,other,4948
New York City,2023-09-18,sanitation,206
New York City,2023-09-18,transport_public_realm,1425
New York City,2023-09-19,housing_buildings,1160
New York City,2023-09-19,information_administration,343
New York City,2023-09-19,noise,956
New York City,2023-09-19,other,5583
New York City,2023-09-19,sanitation,234
New York City,2023-09-19,transport_public_realm,1749
New York City,2023-09-20,housing_buildings,1008
New York City,2023-09-20,information_administration,407
New York City,2023-09-20,noise,1056
New York City,2023-09-20,other,5294
New York City,2023-09-20,sanitation,254
New York City,2023-09-20,transport_public_realm,1668
New York City,2023-09-21,housing_buildings,1014
New York City,2023-09-21,information_administration,321
New York City,2023-09-21,noise,1051
New York City,2023-09-21,other,5279
New York City,2023-09-21,sanitation,229
New York City,2023-09-21,transport_public_realm,1790
New York City,2023-09-22,housing_buildings,871
New York City,2023-09-22,information_administration,297
New York City,2023-09-22,noise,1243
New York City,2023-09-22,other,5187
New York City,2023-09-22,sanitation,215
New York City,2023-09-22,transport_public_realm,1843
New York City,2023-09-23,housing_buildings,627
New York City,2023-09-23,information_administration,175
New York City,2023-09-23,noise,1693
New York City,2023-09-23,other,3383
New York City,2023-09-23,sanitation,110
New York City,2023-09-23,transport_public_realm,1019
New York City,2023-09-24,housing_buildings,635
New York City,2023-09-24,information_administration,145
New York City,2023-09-24,noise,1416
New York City,2023-09-24,other,3338
New York City,2023-09-24,sanitation,135
New York City,2023-09-24,transport_public_realm,1018
New York City,2023-09-25,housing_buildings,1085
New York City,2023-09-25,information_administration,291
New York City,2023-09-25,noise,957
New York City,2023-09-25,other,4494
New York City,2023-09-25,sanitation,179
New York City,2023-09-25,transport_public_realm,1110
New York City,2023-09-26,housing_buildings,1089
New York City,2023-09-26,information_administration,339
New York City,2023-09-26,noise,963
New York City,2023-09-26,other,5142
New York City,2023-09-26,sanitation,228
New York City,2023-09-26,transport_public_realm,1438
New York City,2023-09-27,housing_buildings,1005
New York City,2023-09-27,information_administration,321
New York City,2023-09-27,noise,1057
New York City,2023-09-27,other,4982
New York City,2023-09-27,sanitation,206
New York City,2023-09-27,transport_public_realm,1663
New York City,2023-09-28,housing_buildings,1059
New York City,2023-09-28,information_administration,320
New York City,2023-09-28,noise,963
New York City,2023-09-28,other,5039
New York City,2023-09-28,sanitation,210
New York City,2023-09-28,transport_public_realm,1600
New York City,2023-09-29,housing_buildings,9296
New York City,2023-09-29,information_administration,330
New York City,2023-09-29,noise,964
New York City,2023-09-29,other,5934
New York City,2023-09-29,sanitation,153
New York City,2023-09-29,transport_public_realm,1285
New York City,2023-09-30,housing_buildings,2374
New York City,2023-09-30,information_administration,223
New York City,2023-09-30,noise,1851
New York City,2023-09-30,other,4324
New York City,2023-09-30,sanitation,123
New York City,2023-09-30,transport_public_realm,1554
New York City,2023-10-01,housing_buildings,1728
New York City,2023-10-01,information_administration,324
New York City,2023-10-01,noise,2348
New York City,2023-10-01,other,4405
New York City,2023-10-01,sanitation,139
New York City,2023-10-01,transport_public_realm,2343
New York City,2023-10-02,housing_buildings,2832
New York City,2023-10-02,information_administration,505
New York City,2023-10-02,noise,1059
New York City,2023-10-02,other,6612
New York City,2023-10-02,sanitation,271
New York City,2023-10-02,transport_public_realm,2124
New York City,2023-10-03,housing_buildings,2220
New York City,2023-10-03,information_administration,459
New York City,2023-10-03,noise,968
New York City,2023-10-03,other,6753
New York City,2023-10-03,sanitation,258
New York City,2023-10-03,transport_public_realm,1941
New York City,2023-10-04,housing_buildings,1979
New York City,2023-10-04,information_administration,413
New York City,2023-10-04,noise,1043
New York City,2023-10-04,other,6404
New York City,2023-10-04,sanitation,216
New York City,2023-10-04,transport_public_realm,1777
New York City,2023-10-05,housing_buildings,2194
New York City,2023-10-05,information_administration,435
New York City,2023-10-05,noise,958
New York City,2023-10-05,other,6107
New York City,2023-10-05,sanitation,211
New York City,2023-10-05,transport_public_realm,1882
New York City,2023-10-06,housing_buildings,1364
New York City,2023-10-06,information_administration,273
New York City,2023-10-06,noise,1060
New York City,2023-10-06,other,5125
New York City,2023-10-06,sanitation,162
New York City,2023-10-06,transport_public_realm,1613
New York City,2023-10-07,housing_buildings,740
New York City,2023-10-07,information_administration,210
New York City,2023-10-07,noise,1640
New York City,2023-10-07,other,3127
New York City,2023-10-07,sanitation,121
New York City,2023-10-07,transport_public_realm,1177
New York City,2023-10-08,housing_buildings,1020
New York City,2023-10-08,information_administration,153
New York City,2023-10-08,noise,2169
New York City,2023-10-08,other,3091
New York City,2023-10-08,sanitation,102
New York City,2023-10-08,transport_public_realm,1368
New York City,2023-10-09,housing_buildings,1917
New York City,2023-10-09,information_administration,260
New York City,2023-10-09,noise,1265
New York City,2023-10-09,other,4005
New York City,2023-10-09,sanitation,194
New York City,2023-10-09,transport_public_realm,1075
New York City,2023-10-10,housing_buildings,1842
New York City,2023-10-10,information_administration,354
New York City,2023-10-10,noise,974
New York City,2023-10-10,other,4950
New York City,2023-10-10,sanitation,203
New York City,2023-10-10,transport_public_realm,1464
New York City,2023-10-11,housing_buildings,1424
New York City,2023-10-11,information_administration,328
New York City,2023-10-11,noise,1028
New York City,2023-10-11,other,4980
New York City,2023-10-11,sanitation,238
New York City,2023-10-11,transport_public_realm,1619
New York City,2023-10-12,housing_buildings,1180
New York City,2023-10-12,information_administration,282
New York City,2023-10-12,noise,1123
New York City,2023-10-12,other,5017
New York City,2023-10-12,sanitation,175
New York City,2023-10-12,transport_public_realm,1641
New York City,2023-10-13,housing_buildings,1359
New York City,2023-10-13,information_administration,364
New York City,2023-10-13,noise,1464
New York City,2023-10-13,other,4712
New York City,2023-10-13,sanitation,168
New York City,2023-10-13,transport_public_realm,1693
New York City,2023-10-14,housing_buildings,1595
New York City,2023-10-14,information_administration,177
New York City,2023-10-14,noise,1599
New York City,2023-10-14,other,2976
New York City,2023-10-14,sanitation,87
New York City,2023-10-14,transport_public_realm,956
New York City,2023-10-15,housing_buildings,1591
New York City,2023-10-15,information_administration,223
New York City,2023-10-15,noise,1737
New York City,2023-10-15,other,3525
New York City,2023-10-15,sanitation,124
New York City,2023-10-15,transport_public_realm,1122
New York City,2023-10-16,housing_buildings,2502
New York City,2023-10-16,information_administration,353
New York City,2023-10-16,noise,1120
New York City,2023-10-16,other,5185
New York City,2023-10-16,sanitation,185
New York City,2023-10-16,transport_public_realm,1518
New York City,2023-10-17,housing_buildings,2067
New York City,2023-10-17,information_administration,307
New York City,2023-10-17,noise,991
New York City,2023-10-17,other,5333
New York City,2023-10-17,sanitation,235
New York City,2023-10-17,transport_public_realm,1690
New York City,2023-10-18,housing_buildings,1717
New York City,2023-10-18,information_administration,344
New York City,2023-10-18,noise,1089
New York City,2023-10-18,other,5098
New York City,2023-10-18,sanitation,196
New York City,2023-10-18,transport_public_realm,1605
New York City,2023-10-19,housing_buildings,1620
New York City,2023-10-19,information_administration,296
New York City,2023-10-19,noise,1154
New York City,2023-10-19,other,4913
New York City,2023-10-19,sanitation,181
New York City,2023-10-19,transport_public_realm,1701
New York City,2023-10-20,housing_buildings,1359
New York City,2023-10-20,information_administration,288
New York City,2023-10-20,noise,1139
New York City,2023-10-20,other,4241
New York City,2023-10-20,sanitation,168
New York City,2023-10-20,transport_public_realm,1223
New York City,2023-10-21,housing_buildings,959
New York City,2023-10-21,information_administration,176
New York City,2023-10-21,noise,1775
New York City,2023-10-21,other,3605
New York City,2023-10-21,sanitation,109
New York City,2023-10-21,transport_public_realm,1141
New York City,2023-10-22,housing_buildings,1866
New York City,2023-10-22,information_administration,193
New York City,2023-10-22,noise,1678
New York City,2023-10-22,other,3426
New York City,2023-10-22,sanitation,124
New York City,2023-10-22,transport_public_realm,1140
New York City,2023-10-23,housing_buildings,2726
New York City,2023-10-23,information_administration,367
New York City,2023-10-23,noise,956
New York City,2023-10-23,other,5142
New York City,2023-10-23,sanitation,179
New York City,2023-10-23,transport_public_realm,1523
New York City,2023-10-24,housing_buildings,1949
New York City,2023-10-24,information_administration,345
New York City,2023-10-24,noise,979
New York City,2023-10-24,other,5030
New York City,2023-10-24,sanitation,184
New York City,2023-10-24,transport_public_realm,1621
New York City,2023-10-25,housing_buildings,1356
New York City,2023-10-25,information_administration,307
New York City,2023-10-25,noise,1084
New York City,2023-10-25,other,4985
New York City,2023-10-25,sanitation,210
New York City,2023-10-25,transport_public_realm,1562
New York City,2023-10-26,housing_buildings,1192
New York City,2023-10-26,information_administration,327
New York City,2023-10-26,noise,1239
New York City,2023-10-26,other,5057
New York City,2023-10-26,sanitation,130
New York City,2023-10-26,transport_public_realm,1779
New York City,2023-10-27,housing_buildings,988
New York City,2023-10-27,information_administration,299
New York City,2023-10-27,noise,1840
New York City,2023-10-27,other,4851
New York City,2023-10-27,sanitation,137
New York City,2023-10-27,transport_public_realm,1977
New York City,2023-10-28,housing_buildings,550
New York City,2023-10-28,information_administration,169
New York City,2023-10-28,noise,2867
New York City,2023-10-28,other,3548
New York City,2023-10-28,sanitation,87
New York City,2023-10-28,transport_public_realm,1838
New York City,2023-10-29,housing_buildings,820
New York City,2023-10-29,information_administration,155
New York City,2023-10-29,noise,2342
New York City,2023-10-29,other,3232
New York City,2023-10-29,sanitation,46
New York City,2023-10-29,transport_public_realm,1238
New York City,2023-10-30,housing_buildings,1863
New York City,2023-10-30,information_administration,367
New York City,2023-10-30,noise,964
New York City,2023-10-30,other,5000
New York City,2023-10-30,sanitation,158
New York City,2023-10-30,transport_public_realm,1438
New York City,2023-10-31,housing_buildings,3068
New York City,2023-10-31,information_administration,334
New York City,2023-10-31,noise,1154
New York City,2023-10-31,other,5066
New York City,2023-10-31,sanitation,160
New York City,2023-10-31,transport_public_realm,1541
New York City,2023-11-01,housing_buildings,3677
New York City,2023-11-01,information_administration,346
New York City,2023-11-01,noise,1119
New York City,2023-11-01,other,4889
New York City,2023-11-01,sanitation,152
New York City,2023-11-01,transport_public_realm,1190
New York City,2023-11-02,housing_buildings,3655
New York City,2023-11-02,information_administration,380
New York City,2023-11-02,noise,1034
New York City,2023-11-02,other,4786
New York City,2023-11-02,sanitation,131
New York City,2023-11-02,transport_public_realm,1366
New York City,2023-11-03,housing_buildings,2507
New York City,2023-11-03,information_administration,308
New York City,2023-11-03,noise,1283
New York City,2023-11-03,other,4638
New York City,2023-11-03,sanitation,115
New York City,2023-11-03,transport_public_realm,1330
New York City,2023-11-04,housing_buildings,1350
New York City,2023-11-04,information_administration,123
New York City,2023-11-04,noise,1930
New York City,2023-11-04,other,3489
New York City,2023-11-04,sanitation,90
New York City,2023-11-04,transport_public_realm,1229
New York City,2023-11-05,housing_buildings,1037
New York City,2023-11-05,information_administration,165
New York City,2023-11-05,noise,1906
New York City,2023-11-05,other,3530
New York City,2023-11-05,sanitation,91
New York City,2023-11-05,transport_public_realm,1472
New York City,2023-11-06,housing_buildings,2079
New York City,2023-11-06,information_administration,300
New York City,2023-11-06,noise,916
New York City,2023-11-06,other,5010
New York City,2023-11-06,sanitation,157
New York City,2023-11-06,transport_public_realm,1523
New York City,2023-11-07,housing_buildings,1528
New York City,2023-11-07,information_administration,301
New York City,2023-11-07,noise,1050
New York City,2023-11-07,other,4677
New York City,2023-11-07,sanitation,124
New York City,2023-11-07,transport_public_realm,1230
New York City,2023-11-08,housing_buildings,2564
New York City,2023-11-08,information_administration,311
New York City,2023-11-08,noise,1075
New York City,2023-11-08,other,4689
New York City,2023-11-08,sanitation,144
New York City,2023-11-08,transport_public_realm,1352
New York City,2023-11-09,housing_buildings,1910
New York City,2023-11-09,information_administration,298
New York City,2023-11-09,noise,1141
New York City,2023-11-09,other,4533
New York City,2023-11-09,sanitation,113
New York City,2023-11-09,transport_public_realm,1493
New York City,2023-11-10,housing_buildings,2226
New York City,2023-11-10,information_administration,225
New York City,2023-11-10,noise,1227
New York City,2023-11-10,other,4293
New York City,2023-11-10,sanitation,125
New York City,2023-11-10,transport_public_realm,1193
New York City,2023-11-11,housing_buildings,1706
New York City,2023-11-11,information_administration,158
New York City,2023-11-11,noise,1598
New York City,2023-11-11,other,3418
New York City,2023-11-11,sanitation,93
New York City,2023-11-11,transport_public_realm,935
New York City,2023-11-12,housing_buildings,2461
New York City,2023-11-12,information_administration,228
New York City,2023-11-12,noise,1641
New York City,2023-11-12,other,3469
New York City,2023-11-12,sanitation,90
New York City,2023-11-12,transport_public_realm,910
New York City,2023-11-13,housing_buildings,3105
New York City,2023-11-13,information_administration,317
New York City,2023-11-13,noise,900
New York City,2023-11-13,other,4951
New York City,2023-11-13,sanitation,150
New York City,2023-11-13,transport_public_realm,1260
New York City,2023-11-14,housing_buildings,2320
New York City,2023-11-14,information_administration,291
New York City,2023-11-14,noise,992
New York City,2023-11-14,other,4738
New York City,2023-11-14,sanitation,125
New York City,2023-11-14,transport_public_realm,1293
New York City,2023-11-15,housing_buildings,2141
New York City,2023-11-15,information_administration,268
New York City,2023-11-15,noise,1051
New York City,2023-11-15,other,4804
New York City,2023-11-15,sanitation,161
New York City,2023-11-15,transport_public_realm,1171
New York City,2023-11-16,housing_buildings,1497
New York City,2023-11-16,information_administration,282
New York City,2023-11-16,noise,1102
New York City,2023-11-16,other,4828
New York City,2023-11-16,sanitation,141
New York City,2023-11-16,transport_public_realm,1401
New York City,2023-11-17,housing_buildings,1273
New York City,2023-11-17,information_administration,297
New York City,2023-11-17,noise,1292
New York City,2023-11-17,other,4629
New York City,2023-11-17,sanitation,143
New York City,2023-11-17,transport_public_realm,1560
New York City,2023-11-18,housing_buildings,1353
New York City,2023-11-18,information_administration,173
New York City,2023-11-18,noise,1683
New York City,2023-11-18,other,3613
New York City,2023-11-18,sanitation,90
New York City,2023-11-18,transport_public_realm,1005
New York City,2023-11-19,housing_buildings,1612
New York City,2023-11-19,information_administration,210
New York City,2023-11-19,noise,1548
New York City,2023-11-19,other,3499
New York City,2023-11-19,sanitation,103
New York City,2023-11-19,transport_public_realm,823
New York City,2023-11-20,housing_buildings,2885
New York City,2023-11-20,information_administration,299
New York City,2023-11-20,noise,1020
New York City,2023-11-20,other,4729
New York City,2023-11-20,sanitation,127
New York City,2023-11-20,transport_public_realm,1192
New York City,2023-11-21,housing_buildings,2817
New York City,2023-11-21,information_administration,286
New York City,2023-11-21,noise,759
New York City,2023-11-21,other,4350
New York City,2023-11-21,sanitation,113
New York City,2023-11-21,transport_public_realm,1138
New York City,2023-11-22,housing_buildings,1983
New York City,2023-11-22,information_administration,253
New York City,2023-11-22,noise,928
New York City,2023-11-22,other,4649
New York City,2023-11-22,sanitation,127
New York City,2023-11-22,transport_public_realm,1218
New York City,2023-11-23,housing_buildings,1209
New York City,2023-11-23,information_administration,150
New York City,2023-11-23,noise,1428
New York City,2023-11-23,other,2735
New York City,2023-11-23,sanitation,43
New York City,2023-11-23,transport_public_realm,678
New York City,2023-11-24,housing_buildings,1883
New York City,2023-11-24,information_administration,154
New York City,2023-11-24,noise,1453
New York City,2023-11-24,other,3101
New York City,2023-11-24,sanitation,66
New York City,2023-11-24,transport_public_realm,808
New York City,2023-11-25,housing_buildings,2505
New York City,2023-11-25,information_administration,166
New York City,2023-11-25,noise,1656
New York City,2023-11-25,other,2899
New York City,2023-11-25,sanitation,85
New York City,2023-11-25,transport_public_realm,746
New York City,2023-11-26,housing_buildings,1917
New York City,2023-11-26,information_administration,140
New York City,2023-11-26,noise,1629
New York City,2023-11-26,other,3288
New York City,2023-11-26,sanitation,99
New York City,2023-11-26,transport_public_realm,740
New York City,2023-11-27,housing_buildings,2374
New York City,2023-11-27,information_administration,306
New York City,2023-11-27,noise,1339
New York City,2023-11-27,other,4882
New York City,2023-11-27,sanitation,114
New York City,2023-11-27,transport_public_realm,1332
New York City,2023-11-28,housing_buildings,3745
New York City,2023-11-28,information_administration,297
New York City,2023-11-28,noise,1209
New York City,2023-11-28,other,4819
New York City,2023-11-28,sanitation,103
New York City,2023-11-28,transport_public_realm,1209
New York City,2023-11-29,housing_buildings,3854
New York City,2023-11-29,information_administration,375
New York City,2023-11-29,noise,1406
New York City,2023-11-29,other,4637
New York City,2023-11-29,sanitation,99
New York City,2023-11-29,transport_public_realm,1131
New York City,2023-11-30,housing_buildings,2478
New York City,2023-11-30,information_administration,268
New York City,2023-11-30,noise,1251
New York City,2023-11-30,other,4966
New York City,2023-11-30,sanitation,112
New York City,2023-11-30,transport_public_realm,1262
New York City,2023-12-01,housing_buildings,1882
New York City,2023-12-01,information_administration,242
New York City,2023-12-01,noise,1680
New York City,2023-12-01,other,4530
New York City,2023-12-01,sanitation,107
New York City,2023-12-01,transport_public_realm,1126
New York City,2023-12-02,housing_buildings,1217
New York City,2023-12-02,information_administration,207
New York City,2023-12-02,noise,1941
New York City,2023-12-02,other,3658
New York City,2023-12-02,sanitation,116
New York City,2023-12-02,transport_public_realm,1105
New York City,2023-12-03,housing_buildings,1261
New York City,2023-12-03,information_administration,176
New York City,2023-12-03,noise,1673
New York City,2023-12-03,other,3329
New York City,2023-12-03,sanitation,71
New York City,2023-12-03,transport_public_realm,925
New York City,2023-12-04,housing_buildings,1881
New York City,2023-12-04,information_administration,298
New York City,2023-12-04,noise,1614
New York City,2023-12-04,other,4780
New York City,2023-12-04,sanitation,113
New York City,2023-12-04,transport_public_realm,1274
New York City,2023-12-05,housing_buildings,2243
New York City,2023-12-05,information_administration,311
New York City,2023-12-05,noise,1376
New York City,2023-12-05,other,4859
New York City,2023-12-05,sanitation,111
New York City,2023-12-05,transport_public_realm,1331
New York City,2023-12-06,housing_buildings,2666
New York City,2023-12-06,information_administration,322
New York City,2023-12-06,noise,1536
New York City,2023-12-06,other,4635
New York City,2023-12-06,sanitation,133
New York City,2023-12-06,transport_public_realm,1249
New York City,2023-12-07,housing_buildings,2843
New York City,2023-12-07,information_administration,287
New York City,2023-12-07,noise,1585
New York City,2023-12-07,other,4729
New York City,2023-12-07,sanitation,112
New York City,2023-12-07,transport_public_realm,1251
New York City,2023-12-08,housing_buildings,1778
New York City,2023-12-08,information_administration,242
New York City,2023-12-08,noise,1737
New York City,2023-12-08,other,4236
New York City,2023-12-08,sanitation,106
New York City,2023-12-08,transport_public_realm,1272
New York City,2023-12-09,housing_buildings,1063
New York City,2023-12-09,information_administration,128
New York City,2023-12-09,noise,2209
New York City,2023-12-09,other,3551
New York City,2023-12-09,sanitation,90
New York City,2023-12-09,transport_public_realm,1069
New York City,2023-12-10,housing_buildings,1135
New York City,2023-12-10,information_administration,148
New York City,2023-12-10,noise,1842
New York City,2023-12-10,other,3277
New York City,2023-12-10,sanitation,86
New York City,2023-12-10,transport_public_realm,854
New York City,2023-12-11,housing_buildings,2575
New York City,2023-12-11,information_administration,282
New York City,2023-12-11,noise,1227
New York City,2023-12-11,other,4651
New York City,2023-12-11,sanitation,131
New York City,2023-12-11,transport_public_realm,1327
New York City,2023-12-12,housing_buildings,2687
New York City,2023-12-12,information_administration,299
New York City,2023-12-12,noise,1560
New York City,2023-12-12,other,4907
New York City,2023-12-12,sanitation,115
New York City,2023-12-12,transport_public_realm,1370
New York City,2023-12-13,housing_buildings,2513
New York City,2023-12-13,information_administration,291
New York City,2023-12-13,noise,1397
New York City,2023-12-13,other,4719
New York City,2023-12-13,sanitation,135
New York City,2023-12-13,transport_public_realm,1253
New York City,2023-12-14,housing_buildings,2204
New York City,2023-12-14,information_administration,295
New York City,2023-12-14,noise,1466
New York City,2023-12-14,other,4339
New York City,2023-12-14,sanitation,121
New York City,2023-12-14,transport_public_realm,1294
New York City,2023-12-15,housing_buildings,2607
New York City,2023-12-15,information_administration,273
New York City,2023-12-15,noise,1298
New York City,2023-12-15,other,4543
New York City,2023-12-15,sanitation,113
New York City,2023-12-15,transport_public_realm,1408
New York City,2023-12-16,housing_buildings,1180
New York City,2023-12-16,information_administration,136
New York City,2023-12-16,noise,1879
New York City,2023-12-16,other,3550
New York City,2023-12-16,sanitation,73
New York City,2023-12-16,transport_public_realm,985
New York City,2023-12-17,housing_buildings,1117
New York City,2023-12-17,information_administration,160
New York City,2023-12-17,noise,1570
New York City,2023-12-17,other,3363
New York City,2023-12-17,sanitation,81
New York City,2023-12-17,transport_public_realm,872
New York City,2023-12-18,housing_buildings,2810
New York City,2023-12-18,information_administration,335
New York City,2023-12-18,noise,856
New York City,2023-12-18,other,5523
New York City,2023-12-18,sanitation,111
New York City,2023-12-18,transport_public_realm,1624
New York City,2023-12-19,housing_buildings,2399
New York City,2023-12-19,information_administration,316
New York City,2023-12-19,noise,879
New York City,2023-12-19,other,4962
New York City,2023-12-19,sanitation,106
New York City,2023-12-19,transport_public_realm,1324
New York City,2023-12-20,housing_buildings,2478
New York City,2023-12-20,information_administration,340
New York City,2023-12-20,noise,1048
New York City,2023-12-20,other,4540
New York City,2023-12-20,sanitation,124
New York City,2023-12-20,transport_public_realm,1173
New York City,2023-12-21,housing_buildings,2363
New York City,2023-12-21,information_administration,228
New York City,2023-12-21,noise,970
New York City,2023-12-21,other,4256
New York City,2023-12-21,sanitation,104
New York City,2023-12-21,transport_public_realm,1135
New York City,2023-12-22,housing_buildings,2741
New York City,2023-12-22,information_administration,234
New York City,2023-12-22,noise,1042
New York City,2023-12-22,other,4019
New York City,2023-12-22,sanitation,94
New York City,2023-12-22,transport_public_realm,1042
New York City,2023-12-23,housing_buildings,1741
New York City,2023-12-23,information_administration,137
New York City,2023-12-23,noise,1238
New York City,2023-12-23,other,3152
New York City,2023-12-23,sanitation,77
New York City,2023-12-23,transport_public_realm,808
New York City,2023-12-24,housing_buildings,1152
New York City,2023-12-24,information_administration,120
New York City,2023-12-24,noise,1376
New York City,2023-12-24,other,2989
New York City,2023-12-24,sanitation,71
New York City,2023-12-24,transport_public_realm,713
New York City,2023-12-25,housing_buildings,971
New York City,2023-12-25,information_administration,88
New York City,2023-12-25,noise,1557
New York City,2023-12-25,other,2228
New York City,2023-12-25,sanitation,55
New York City,2023-12-25,transport_public_realm,697
New York City,2023-12-26,housing_buildings,1673
New York City,2023-12-26,information_administration,258
New York City,2023-12-26,noise,923
New York City,2023-12-26,other,3851
New York City,2023-12-26,sanitation,116
New York City,2023-12-26,transport_public_realm,1046
New York City,2023-12-27,housing_buildings,1619
New York City,2023-12-27,information_administration,233
New York City,2023-12-27,noise,862
New York City,2023-12-27,other,3676
New York City,2023-12-27,sanitation,131
New York City,2023-12-27,transport_public_realm,1108
New York City,2023-12-28,housing_buildings,1743
New York City,2023-12-28,information_administration,271
New York City,2023-12-28,noise,874
New York City,2023-12-28,other,4072
New York City,2023-12-28,sanitation,112
New York City,2023-12-28,transport_public_realm,1094
New York City,2023-12-29,housing_buildings,1343
New York City,2023-12-29,information_administration,213
New York City,2023-12-29,noise,1273
New York City,2023-12-29,other,4039
New York City,2023-12-29,sanitation,145
New York City,2023-12-29,transport_public_realm,1133
New York City,2023-12-30,housing_buildings,1282
New York City,2023-12-30,information_administration,139
New York City,2023-12-30,noise,1437
New York City,2023-12-30,other,3206
New York City,2023-12-30,sanitation,89
New York City,2023-12-30,transport_public_realm,847
New York City,2023-12-31,housing_buildings,1189
New York City,2023-12-31,information_administration,121
New York City,2023-12-31,noise,1525
New York City,2023-12-31,other,3090
New York City,2023-12-31,sanitation,64
New York City,2023-12-31,transport_public_realm,700
