date,SPY,TLT,VNQ,GLD,BIL
2015-01-02,169.68785095214844,92.65928649902344,52.09074401855469,114.08000183105469,73.47882843017578
2015-01-05,166.62339782714844,94.11482238769531,52.3758544921875,115.80000305175781,73.49492645263672
2015-01-06,165.0539093017578,95.81050109863281,52.895355224609375,117.12000274658203,73.47882843017578
2015-01-07,167.11062622070312,95.62133026123047,53.706298828125,116.43000030517578,73.47882843017578
2015-01-08,170.0760498046875,94.35502624511719,53.90903854370117,115.94000244140625,73.47882843017578
2015-01-09,168.7131805419922,95.38836669921875,53.93437194824219,117.26000213623047,73.47882843017578
2015-01-12,167.39154052734375,95.93425750732422,54.34617233276367,118.55999755859375,73.47882843017578
2015-01-13,166.920654296875,95.93425750732422,54.26383590698242,118.16000366210938,73.47882843017578
2015-01-14,165.91299438476562,96.66197204589844,54.73265838623047,117.97000122070312,73.47882843017578
2015-01-15,164.3931121826172,98.18302154541016,54.859375,120.94000244140625,73.47882843017578
2015-01-16,166.5489501953125,96.93131256103516,55.33453369140625,122.5199966430664,73.47882843017578
2015-01-20,166.9042205810547,98.21940612792969,54.89735794067383,124.19999694824219,73.47882843017578
2015-01-21,167.74671936035156,97.08409118652344,54.859375,124.2300033569336,73.49492645263672
2015-01-22,170.24127197265625,96.73484802246094,55.83502960205078,125.2300033569336,73.47882843017578
2015-01-23,169.307861328125,98.08113861083984,55.6766471862793,124.2300033569336,73.49492645263672
2015-01-26,169.70440673828125,97.78273010253906,56.14548873901367,122.98999786376953,73.49492645263672
2015-01-27,167.46588134765625,97.9356460571289,56.164493560791016,124.4000015258789,73.49492645263672
2015-01-28,165.31825256347656,99.53670501708984,55.79070281982422,123.41999816894531,73.47882843017578
2015-01-29,166.84637451171875,98.88170623779297,55.987083435058594,120.76000213623047,73.47882843017578
2015-01-30,164.74830627441406,100.63557434082031,54.83401870727539,123.44999694824219,73.47882843017578
2015-02-02,166.7885284423828,100.25570678710938,54.688323974609375,122.41999816894531,73.47882843017578
2015-02-03,169.20050048828125,98.13360595703125,55.163475036621094,121.05000305175781,73.49492645263672
2015-02-04,168.5561981201172,98.30133819580078,54.935401916503906,121.58000183105469,73.47882843017578
2015-02-05,170.25775146484375,97.22207641601562,55.59428024291992,121.79000091552734,73.47882843017578
2015-02-06,169.7869873046875,95.50102233886719,53.97871780395508,118.63999938964844,73.47882843017578
2015-02-09,169.0270233154297,95.347900390625,53.59859848022461,119.16999816894531,73.46279907226562
2015-02-10,170.82774353027344,94.58951568603516,53.76966094970703,118.47000122070312,73.47882843017578
2015-02-11,170.9268798828125,94.76449584960938,53.61126708984375,117.06999969482422,73.46279907226562
2015-02-12,172.5706024169922,94.45094299316406,54.251155853271484,117.33999633789062,73.46279907226562
2015-02-13,173.2809600830078,93.48104095458984,53.89002227783203,117.9800033569336,73.47882843017578
2015-02-17,173.55361938476562,92.07362365722656,53.756988525390625,116.01000213623047,73.47882843017578
2015-02-18,173.57015991210938,92.62051391601562,54.25748825073242,116.33999633789062,73.47882843017578
2015-02-19,173.4462432861328,92.00794219970703,53.091739654541016,115.94000244140625,73.47882843017578
2015-02-20,174.4869842529297,92.27778625488281,53.60491943359375,115.27999877929688,73.46279907226562
2015-02-23,174.4622344970703,93.3351821899414,54.0357551574707,115.43000030517578,73.47882843017578
2015-02-24,174.9578399658203,94.56033325195312,52.97139358520508,115.26000213623047,73.46279907226562
2015-02-25,174.80914306640625,94.96869659423828,52.98404312133789,115.69999694824219,73.47882843017578
2015-02-26,174.6026153564453,93.67066192626953,52.40753173828125,116.06999969482422,73.46279907226562
2015-02-27,174.00791931152344,94.4582290649414,52.819332122802734,116.16000366210938,73.47882843017578
2015-03-02,175.10650634765625,92.69879150390625,53.123435974121094,115.68000030517578,73.46279907226562
2015-03-03,174.38784790039062,92.36270904541016,53.02206802368164,115.47000122070312,73.47882843017578
2015-03-04,173.65272521972656,92.39192199707031,52.51523208618164,115.11000061035156,73.47882843017578
2015-03-05,173.8427276611328,92.27499389648438,52.667266845703125,115.0,73.47882843017578
2015-03-06,171.3976593017578,90.23650360107422,50.918663024902344,111.86000061035156,73.46279907226562
2015-03-09,172.1080780029297,91.06939697265625,51.32415771484375,111.97000122070312,73.47882843017578
2015-03-10,169.31613159179688,92.2677001953125,51.2861328125,111.41999816894531,73.47882843017578
2015-03-11,168.91966247558594,92.9399185180664,51.330467224121094,110.75,73.47882843017578
2015-03-12,171.06724548339844,92.8741226196289,52.22379684448242,110.72000122070312,73.46279907226562
2015-03-13,170.01824951171875,92.5892333984375,52.192108154296875,110.87999725341797,73.47882843017578
2015-03-16,172.28981018066406,93.48057556152344,52.730621337890625,110.80999755859375,73.47882843017578
2015-03-17,171.77769470214844,94.25508880615234,52.711612701416016,110.20999908447266,73.47882843017578
2015-03-18,173.8427276611328,96.07443237304688,53.81401443481445,112.37000274658203,73.47882843017578
2015-03-19,173.0497283935547,95.58493041992188,53.788665771484375,112.29000091552734,73.47882843017578
2015-03-20,174.5772247314453,96.0890884399414,55.138153076171875,113.56999969482422,73.47882843017578
2015-03-23,174.23704528808594,95.9721450805664,55.068424224853516,114.29000091552734,73.46279907226562
2015-03-24,173.25794982910156,96.90009307861328,54.599613189697266,114.56999969482422,73.47882843017578
2015-03-25,170.7191162109375,96.08170318603516,53.65763473510742,114.7300033569336,73.46279907226562
2015-03-26,170.3125457763672,94.58390045166016,53.377197265625,115.4800033569336,73.46279907226562
2015-03-27,170.7025604248047,95.76025390625,53.44729232788086,115.05999755859375,73.46279907226562
2015-03-30,172.7850341796875,95.28536987304688,54.21209716796875,113.75,73.44668579101562
2015-03-31,171.27500915527344,95.48994445800781,53.734107971191406,113.66000366210938,73.47882843017578
2015-04-01,170.66932678222656,96.74418640136719,53.65763473510742,115.5999984741211,73.44668579101562
2015-04-02,171.28334045410156,95.71910858154297,54.06552505493164,115.27999877929688,73.46279907226562
2015-04-06,172.43655395507812,95.18460083007812,54.626380920410156,116.69000244140625,73.46279907226562
2015-04-07,171.98019409179688,95.98265075683594,53.66398620605469,116.11000061035156,73.47882843017578
2015-04-08,172.56103515625,96.01195526123047,53.74684524536133,115.47000122070312,73.47882843017578
2015-04-09,173.3243408203125,94.76725769042969,52.63151550292969,114.66999816894531,73.46279907226562
2015-04-10,174.2702178955078,94.90635681152344,52.593265533447266,115.97000122070312,73.46279907226562
2015-04-13,173.48202514648438,95.03816986083984,52.453060150146484,115.13999938964844,73.44668579101562
2015-04-14,173.8139190673828,95.71179962158203,52.637882232666016,114.44000244140625,73.46279907226562
2015-04-15,174.59378051757812,95.6312255859375,52.24272918701172,115.43000030517578,73.44668579101562
2015-04-16,174.5440216064453,95.15532684326172,52.37657928466797,115.02999877929688,73.46279907226562
2015-04-17,172.53614807128906,96.24626922607422,52.1343879699707,115.5999984741211,73.44668579101562
2015-04-20,174.11257934570312,95.39691925048828,52.21086883544922,114.72000122070312,73.44668579101562
2015-04-21,173.9051513671875,94.96495819091797,52.300106048583984,115.37999725341797,73.46279907226562
2015-04-22,174.75975036621094,93.51522064208984,52.40843963623047,113.83000183105469,73.44668579101562
2015-04-23,175.19949340820312,93.91791534423828,52.54866027832031,114.66000366210938,73.44668579101562
2015-04-24,175.6060028076172,94.50367736816406,52.657012939453125,113.05000305175781,73.44668579101562
2015-04-27,174.87588500976562,94.50367736816406,52.58689498901367,115.33000183105469,73.46279907226562
2015-04-28,175.4318389892578,93.20040130615234,52.48492431640625,116.33000183105469,73.46279907226562
2015-04-29,174.7099609375,92.05815124511719,51.426944732666016,115.51000213623047,73.46279907226562
2015-04-30,172.9593048095703,92.21920776367188,50.5920295715332,113.47000122070312,73.46279907226562
2015-05-01,174.83445739746094,90.97782897949219,50.97444534301758,113.08000183105469,73.44668579101562
2015-05-04,175.33224487304688,90.11942291259766,51.02540588378906,114.0999984741211,73.46279907226562
2015-05-05,173.3243408203125,89.99468231201172,49.916439056396484,114.41999816894531,73.46279907226562
2015-05-06,172.6107940673828,88.45393371582031,49.82083511352539,114.36000061035156,73.46279907226562
2015-05-07,173.2994384765625,89.64250946044922,50.58563995361328,113.41999816894531,73.44668579101562
2015-05-08,175.5811309814453,89.8846206665039,51.2930908203125,113.97000122070312,73.46279907226562
2015-05-11,174.7431182861328,87.6982192993164,50.521915435791016,113.52999877929688,73.44668579101562
2015-05-12,174.22044372558594,87.9256362915039,50.67485427856445,114.5,73.46279907226562
2015-05-13,174.2536163330078,87.22129821777344,50.19050598144531,116.55000305175781,73.46279907226562
2015-05-14,176.0706787109375,87.45612335205078,51.15924835205078,117.18000030517578,73.44668579101562
2015-05-15,176.26148986816406,89.2096176147461,51.68185806274414,117.52999877929688,73.44668579101562
2015-05-18,176.80905151367188,87.71289825439453,51.54804611206055,117.5199966430664,73.44668579101562
2015-05-19,176.75103759765625,86.9351806640625,51.369571685791016,115.88999938964844,73.44668579101562
2015-05-20,176.6265869140625,87.08196258544922,51.3249626159668,116.08000183105469,73.44668579101562
2015-05-21,177.14100646972656,88.29983520507812,51.08278274536133,115.69000244140625,73.46279907226562
2015-05-22,176.7178497314453,88.33648681640625,51.01902389526367,115.5999984741211,73.46279907226562
2015-05-26,174.81781005859375,89.84793090820312,50.630252838134766,113.91000366210938,73.46279907226562
2015-05-27,176.4772186279297,90.05335998535156,51.12736511230469,113.88999938964844,73.46279907226562
2015-05-28,176.27806091308594,89.83325958251953,51.02540588378906,114.0199966430664,73.44668579101562
2015-05-29,175.18292236328125,90.03136444091797,50.439056396484375,114.0999984741211,73.44668579101562
2015-06-01,175.53965759277344,89.06370544433594,51.05729293823242,114.0,73.44668579101562
2015-06-02,175.36544799804688,87.82115936279297,50.58563995361328,114.45999908447266,73.46279907226562
2015-06-03,175.83006286621094,86.4094009399414,49.85908889770508,113.63999938964844,73.46279907226562
2015-06-04,174.34486389160156,87.53431701660156,49.76348114013672,112.83999633789062,73.44668579101562
2015-06-05,174.04620361328125,86.46822357177734,49.2089958190918,112.23999786376953,73.44668579101562
2015-06-08,172.9759063720703,86.37262725830078,49.11977767944336,112.56999969482422,73.43067169189453
2015-06-09,172.9510040283203,85.6888427734375,48.762855529785156,112.81999969482422,73.43067169189453
2015-06-10,175.0251922607422,84.93887329101562,49.10701370239258,113.77999877929688,73.44668579101562
2015-06-11,175.58944702148438,86.72557830810547,49.40656661987305,113.26000213623047,73.46279907226562
2015-06-12,174.2452850341797,86.72557830810547,49.36195373535156,113.2300033569336,73.44668579101562
2015-06-15,173.4986114501953,86.86531066894531,49.09427261352539,113.7300033569336,73.46279907226562
2015-06-16,174.4444122314453,87.5490951538086,49.489418029785156,113.31999969482422,73.43067169189453
2015-06-17,174.7265625,86.87264251708984,49.91006851196289,113.8499984741211,73.46279907226562
2015-06-18,176.54356384277344,86.4461441040039,50.5984001159668,115.31999969482422,73.43067169189453
2015-06-19,175.7599334716797,87.55646514892578,50.20961380004883,115.12000274658203,73.43067169189453
2015-06-22,176.66030883789062,85.76970672607422,49.693382263183594,113.63999938964844,73.44668579101562
2015-06-23,176.78538513183594,85.25505828857422,49.27909851074219,112.88999938964844,73.43067169189453
2015-06-24,175.5013885498047,85.99028778076172,49.01140213012695,112.58999633789062,73.43067169189453
2015-06-25,174.96786499023438,85.6888427734375,48.51428985595703,112.44000244140625,73.44668579101562
2015-06-26,174.9344940185547,84.72562408447266,48.86321258544922,112.55999755859375,73.43067169189453
2015-06-29,171.2660369873047,86.96820831298828,48.10356903076172,113.06999969482422,73.44668579101562
2015-06-30,171.62454223632812,86.36528778076172,48.084259033203125,112.37000274658203,73.44668579101562
2015-07-01,173.0001983642578,85.19954681396484,48.8760986328125,111.9800033569336,73.44668579101562
2015-07-02,172.8418426513672,85.47953796386719,48.99842071533203,111.76000213623047,73.44668579101562
2015-07-06,172.34996032714844,87.06388854980469,49.30742645263672,112.05999755859375,73.44668579101562
2015-07-07,173.43380737304688,87.8818588256836,50.07997131347656,110.76000213623047,73.43067169189453
2015-07-08,170.5240020751953,88.64083862304688,49.8868408203125,111.08999633789062,73.43067169189453
2015-07-09,170.83251953125,86.89434814453125,49.64863586425781,111.36000061035156,73.43067169189453
2015-07-10,172.98353576660156,85.51641082763672,50.06065368652344,111.48999786376953,73.43067169189453
2015-07-13,174.89279174804688,85.25114440917969,50.1314697265625,110.98999786376953,73.43067169189453
2015-07-14,175.65151977539062,85.5311050415039,50.2344856262207,110.73999786376953,73.44668579101562
2015-07-15,175.59310913085938,86.43744659423828,50.31816482543945,110.16000366210938,73.43067169189453
2015-07-16,177.00216674804688,87.03440856933594,50.723751068115234,109.76000213623047,73.43067169189453
2015-07-17,177.15219116210938,87.48388671875,50.54349899291992,108.6500015258789,73.44668579101562
2015-07-20,177.243896484375,87.1154556274414,50.6014518737793,105.69999694824219,73.43067169189453
2015-07-21,176.54356384277344,87.58706665039062,50.45978546142578,105.37000274658203,73.44668579101562
2015-07-22,176.226806640625,88.13236999511719,50.67869567871094,104.80000305175781,73.43067169189453
2015-07-23,175.23464965820312,89.23030853271484,50.04777145385742,104.33000183105469,73.43067169189453
2015-07-24,173.4170684814453,89.45142364501953,50.26023864746094,105.3499984741211,73.44668579101562
2015-07-27,172.40830993652344,89.93038940429688,50.35035705566406,104.86000061035156,73.43067169189453
2015-07-28,174.52593994140625,89.27452087402344,50.3825569152832,105.0199966430664,73.43067169189453
2015-07-29,175.72654724121094,88.94294738769531,50.710880279541016,105.16999816894531,73.44668579101562
2015-07-30,175.76821899414062,89.6281967163086,50.45978546142578,104.2699966430664,73.44668579101562
2015-07-31,175.5013885498047,90.29143524169922,50.85896682739258,104.93000030517578,73.44668579101562
2015-08-03,174.90943908691406,91.24186706542969,51.17441177368164,104.0999984741211,73.44668579101562
2015-08-04,174.56764221191406,90.51815795898438,50.80100631713867,104.30999755859375,73.43067169189453
2015-08-05,175.14292907714844,89.83871459960938,50.46625518798828,103.93000030517578,73.43067169189453
2015-08-06,173.70889282226562,90.6363296508789,50.53705978393555,104.38999938964844,73.43067169189453
2015-08-07,173.3754119873047,91.82532501220703,50.723751068115234,104.6500015258789,73.43067169189453
2015-08-10,175.55979919433594,90.6880111694336,50.56282043457031,105.72000122070312,73.44668579101562
2015-08-11,173.9756622314453,92.12808990478516,50.89757537841797,106.26000213623047,73.43067169189453
2015-08-12,174.1841583251953,91.62593841552734,51.05853271484375,107.75,73.43067169189453
2015-08-13,173.96734619140625,91.33052825927734,51.116458892822266,106.86000061035156,73.43067169189453
2015-08-14,174.6009979248047,91.54464721679688,51.3932991027832,106.8499984741211,73.41458129882812
2015-08-17,175.5764617919922,91.95820617675781,51.8310661315918,107.12999725341797,73.41458129882812
2015-08-18,175.06788635253906,91.23453521728516,51.97270965576172,107.11000061035156,73.43067169189453
2015-08-19,173.68389892578125,92.13545227050781,51.663665771484375,108.55000305175781,73.44668579101562
2015-08-20,170.05715942382812,93.06598663330078,51.283836364746094,110.44000244140625,73.43067169189453
2015-08-21,164.93797302246094,93.34660339355469,50.3310546875,111.12999725341797,73.43067169189453
2015-08-24,157.99295043945312,93.31710052490234,47.97480010986328,110.52999877929688,73.43067169189453
2015-08-25,156.1337432861328,91.81795501708984,46.6550407409668,109.16000366210938,73.43067169189453
2015-08-26,162.12832641601562,90.04553985595703,47.91686248779297,107.66999816894531,73.44668579101562
2015-08-27,166.1385955810547,90.09722137451172,48.84390640258789,107.7300033569336,73.43067169189453
2015-08-28,166.1469268798828,90.36311340332031,48.7730827331543,108.69999694824219,73.44668579101562
2015-08-31,164.80459594726562,89.66886901855469,47.65934753417969,108.81999969482422,73.44668579101562
2015-09-01,159.88555908203125,90.31498718261719,46.75160217285156,109.19999694824219,73.44668579101562
2015-09-02,162.9203338623047,89.5379409790039,47.23444366455078,108.62000274658203,73.43067169189453
2015-09-03,163.03707885742188,89.9745864868164,47.36320114135742,107.83999633789062,73.44668579101562
2015-09-04,160.5692138671875,90.79607391357422,46.4812126159668,107.48999786376953,73.43067169189453
2015-09-08,164.60446166992188,89.45645141601562,47.18293762207031,107.5199966430664,73.43067169189453
2015-09-09,162.40342712402344,89.88578033447266,46.64215850830078,106.12999725341797,73.43067169189453
2015-09-10,163.2872772216797,89.27888488769531,46.74516677856445,106.37999725341797,73.41458129882812
2015-09-11,164.02923583984375,89.84132385253906,47.64003372192383,106.16000366210938,73.43067169189453
2015-09-14,163.42059326171875,89.98194122314453,47.665794372558594,106.22000122070312,73.43067169189453
2015-09-15,165.46322631835938,88.25751495361328,48.135746002197266,105.9000015258789,73.41458129882812
2015-09-16,166.89727783203125,87.92450714111328,48.65076446533203,107.30999755859375,73.41458129882812
2015-09-17,166.5220947265625,88.99765014648438,49.204437255859375,108.41000366210938,73.41458129882812
2015-09-18,163.8008575439453,90.3667984008789,49.12074279785156,109.20999908447266,73.41458129882812
2015-09-21,164.6473388671875,88.89395904541016,49.539188385009766,108.52999877929688,73.43067169189453
2015-09-22,162.51023864746094,90.12997436523438,48.91472625732422,107.79000091552734,73.43067169189453
2015-09-23,162.25042724609375,90.1225814819336,49.221622467041016,108.22000122070312,73.41458129882812
2015-09-24,161.663818359375,90.73686218261719,48.75996398925781,110.48999786376953,73.41458129882812
2015-09-25,161.62184143066406,89.95234680175781,48.95505142211914,109.80999755859375,73.41458129882812
2015-09-28,157.5655975341797,91.49180603027344,48.19428634643555,108.41999816894531,73.43067169189453
2015-09-29,157.65782165527344,91.75084686279297,48.70794677734375,107.9800033569336,73.43067169189453
2015-09-30,160.5994110107422,91.43255615234375,49.11759567260742,106.86000061035156,73.41458129882812
2015-10-01,161.01846313476562,91.82264709472656,49.358177185058594,106.7300033569336,73.43067169189453
2015-10-02,163.42372131347656,92.37887573242188,49.715782165527344,108.98999786376953,73.43067169189453
2015-10-05,166.33180236816406,91.12556457519531,50.55457305908203,108.7699966430664,73.41458129882812
2015-10-06,165.7619171142578,91.5185775756836,50.43751907348633,109.86000061035156,73.41458129882812
2015-10-07,167.11961364746094,91.21456146240234,51.01622772216797,109.69999694824219,73.41458129882812
2015-10-08,168.6281280517578,90.45063018798828,51.44538879394531,109.13999938964844,73.41458129882812
2015-10-09,168.7287139892578,90.68795776367188,51.36085510253906,110.87000274658203,73.41458129882812
2015-10-12,168.88796997070312,91.37769317626953,51.72499084472656,111.30999755859375,73.41458129882812
2015-10-13,167.8236083984375,91.53343963623047,51.32183074951172,111.86000061035156,73.41458129882812
2015-10-14,167.01910400390625,92.33441925048828,50.93820571899414,113.80999755859375,73.41458129882812
2015-10-15,169.58358764648438,91.88199615478516,51.633941650390625,113.29000091552734,73.41458129882812
2015-10-16,170.3545379638672,91.91167449951172,52.024078369140625,112.48999786376953,73.41458129882812
2015-10-19,170.43836975097656,91.65953826904297,52.752323150634766,112.0199966430664,73.41458129882812
2015-10-20,170.220458984375,91.09588623046875,52.73281478881836,112.7300033569336,73.39850616455078
2015-10-21,169.16452026367188,92.0007095336914,52.537750244140625,111.7300033569336,73.41458129882812
2015-10-22,172.02235412597656,92.15643310546875,52.99941635131836,111.69000244140625,73.41458129882812
2015-10-23,173.90806579589844,91.37028503417969,52.48572540283203,111.5,73.41458129882812
2015-10-26,173.48057556152344,91.97840118408203,52.47272491455078,111.43000030517578,73.39850616455078
2015-10-27,173.14540100097656,92.20834350585938,52.45321273803711,111.68000030517578,73.39850616455078
2015-10-28,175.11480712890625,91.83747100830078,52.498722076416016,110.77999877929688,73.39850616455078
2015-10-29,175.0142364501953,90.37650299072266,52.42720413208008,109.72000122070312,73.39850616455078
2015-10-30,174.2599639892578,91.05876159667969,51.94603729248047,109.30000305175781,73.39850616455078
2015-11-02,176.3216094970703,90.64034271240234,53.05142593383789,108.58999633789062,73.39850616455078
2015-11-03,176.8328399658203,89.8970718383789,52.51823806762695,106.9800033569336,73.41458129882812
2015-11-04,176.29647827148438,90.00111389160156,52.28416061401367,105.97000122070312,73.39850616455078
2015-11-05,176.12054443359375,89.76325988769531,52.492244720458984,105.63999938964844,73.39850616455078
2015-11-06,176.0283203125,88.44772338867188,50.86018753051758,104.0999984741211,73.39850616455078
2015-11-09,174.3856658935547,87.94973754882812,49.9888916015625,104.4000015258789,73.41458129882812
2015-11-10,174.7879638671875,88.2098388671875,50.56107711791992,104.18000030517578,73.39850616455078
2015-11-11,174.10076904296875,88.02406311035156,50.619598388671875,103.83000183105469,73.41458129882812
2015-11-12,171.6703338623047,88.44772338867188,50.274986267089844,103.8499984741211,73.41458129882812
2015-11-13,169.7427978515625,88.9531021118164,49.702796936035156,103.55999755859375,73.39850616455078
2015-11-16,172.32406616210938,88.8713607788086,50.274986267089844,103.70999908447266,73.41458129882812
2015-11-17,172.1982879638672,89.02001953125,50.274986267089844,102.33999633789062,73.39850616455078
2015-11-18,174.930419921875,89.20585632324219,50.717124938964844,102.43000030517578,73.39850616455078
2015-11-19,174.7795867919922,89.8004379272461,50.8731803894043,103.55999755859375,73.41458129882812
2015-11-20,175.41651916503906,89.52543640136719,51.510406494140625,103.08999633789062,73.39850616455078
2015-11-23,175.2153778076172,89.8004379272461,51.620948791503906,102.26000213623047,73.41458129882812
2015-11-24,175.4500732421875,89.79300689697266,51.347835540771484,102.94000244140625,73.39850616455078
2015-11-25,175.4249267578125,90.00111389160156,51.55591583251953,102.45999908447266,73.39850616455078
2015-11-27,175.6260528564453,89.91194915771484,52.00458526611328,101.25,73.41458129882812
2015-11-30,174.89697265625,90.26871490478516,51.620948791503906,101.91999816894531,73.41458129882812
2015-12-01,176.56468200683594,91.48800659179688,52.3361930847168,102.27999877929688,73.39850616455078
2015-12-02,174.76283264160156,91.51781463623047,51.269813537597656,100.69000244140625,73.39850616455078
2015-12-03,172.31568908691406,89.0300521850586,50.46355438232422,101.76000213623047,73.41458129882812
2015-12-04,175.6763153076172,89.81209564208984,51.42586135864258,104.0199966430664,73.41458129882812
2015-12-07,174.6120147705078,90.68354034423828,51.282833099365234,102.66999816894531,73.41458129882812
2015-12-08,173.43869018554688,90.728271484375,51.237300872802734,102.83999633789062,73.39850616455078
2015-12-09,172.08941650390625,90.63143920898438,50.95122146606445,102.63999938964844,73.3824234008789
2015-12-10,172.53359985351562,90.7505874633789,50.58709716796875,102.55000305175781,73.39850616455078
2015-12-11,169.1896514892578,92.18069458007812,50.49605941772461,103.11000061035156,73.41458129882812
2015-12-14,170.04449462890625,90.98898315429688,50.73014450073242,101.79000091552734,73.41458129882812
2015-12-15,171.82955932617188,90.45263671875,51.282833099365234,101.5199966430664,73.39850616455078
2015-12-16,174.34376525878906,90.25901794433594,52.28416061401367,102.75,73.41458129882812
2015-12-17,171.68707275390625,91.2794189453125,52.024078369140625,100.5,73.39850616455078
2015-12-18,168.6284637451172,91.78589630126953,51.41939163208008,102.04000091552734,73.41458129882812
2015-12-21,170.01954650878906,91.76358032226562,51.620948791503906,103.1500015258789,73.39850616455078
2015-12-22,171.5623321533203,91.10065460205078,51.82899475097656,102.61000061035156,73.39850616455078
2015-12-23,173.68682861328125,90.41544342041016,52.36172866821289,102.30999755859375,73.39850616455078
2015-12-24,173.40023803710938,90.93347930908203,52.36172866821289,103.05000305175781,73.41458129882812
2015-12-28,173.00399780273438,91.20211791992188,52.65182876586914,102.2699966430664,73.39850616455078
2015-12-29,174.85028076171875,89.68695068359375,53.21220016479492,102.19999694824219,73.39850616455078
2015-12-30,173.6109619140625,89.59738159179688,53.027618408203125,101.41999816894531,73.41458129882812
2015-12-31,171.87428283691406,90.00043487548828,52.566104888916016,101.45999908447266,73.39850616455078
2016-01-04,169.47154235839844,90.64979553222656,51.93317794799805,102.88999938964844,73.41458129882812
2016-01-05,169.75820922851562,90.2840576171875,52.93532180786133,103.18000030517578,73.41458129882812
2016-01-06,167.61685180664062,91.50067138671875,52.79026412963867,104.66999816894531,73.3824234008789
2016-01-07,163.59539794921875,91.6648941040039,51.76176834106445,106.1500015258789,73.39850616455078
2016-01-08,161.79969787597656,92.07542419433594,51.069496154785156,105.68000030517578,73.39850616455078
2016-01-11,161.95989990234375,91.06781005859375,51.359596252441406,104.73999786376953,73.39850616455078
2016-01-12,163.2666015625,92.3814468383789,51.016746520996094,104.20999908447266,73.41458129882812
2016-01-13,159.1946563720703,93.2920150756836,50.284912109375,104.72000122070312,73.39850616455078
2016-01-14,161.80816650390625,92.41871643066406,50.16624069213867,103.0199966430664,73.3824234008789
2016-01-15,158.33468627929688,93.85930633544922,49.82341003417969,104.08000183105469,73.3824234008789
2016-01-19,158.54551696777344,93.56819915771484,50.087135314941406,103.9800033569336,73.39850616455078
2016-01-20,156.5137481689453,94.55343627929688,48.74217224121094,105.37000274658203,73.39850616455078
2016-01-21,157.39051818847656,93.91157531738281,49.0124626159668,105.48999786376953,73.41458129882812
2016-01-22,160.61944580078125,93.55323028564453,50.377220153808594,105.0,73.3824234008789
2016-01-25,158.1914520263672,94.06080627441406,50.06076431274414,106.08000183105469,73.39850616455078
2016-01-26,160.34970092773438,94.10557556152344,51.10905456542969,107.29000091552734,73.3824234008789
2016-01-27,158.6045684814453,94.08322143554688,50.1201057434082,107.69000244140625,73.39850616455078
2016-01-28,159.43072509765625,94.21758270263672,49.737701416015625,106.54000091552734,73.39850616455078
2016-01-29,163.31724548339844,95.01618957519531,50.759613037109375,106.94999694824219,73.41458129882812
2016-02-01,163.2582550048828,94.72530364990234,50.845333099365234,108.05000305175781,73.3824234008789
2016-02-02,160.31597900390625,96.48268127441406,50.383819580078125,108.08999633789062,73.3824234008789
2016-02-03,161.2770538330078,95.6824951171875,50.72007369995117,109.25,73.39850616455078
2016-02-04,161.52993774414062,96.14615631103516,50.74643325805664,110.56999969482422,73.41458129882812
2016-02-05,158.45278930664062,96.25829315185547,49.783851623535156,112.31999969482422,73.41458129882812
2016-02-08,156.31983947753906,98.32979583740234,48.35976028442383,113.83000183105469,73.39850616455078
2016-02-09,156.3282928466797,98.4344253540039,47.46971130371094,113.58000183105469,73.41458129882812
2016-02-10,156.1934356689453,99.30191040039062,47.799354553222656,114.45999908447266,73.39850616455078
2016-02-11,154.16162109375,99.99736022949219,47.12028884887695,119.05999755859375,73.41458129882812
2016-02-12,157.3399200439453,98.33721160888672,47.66090774536133,118.36000061035156,73.39850616455078
2016-02-16,159.99560546875,97.29780578613281,48.53776550292969,114.7699966430664,73.39850616455078
2016-02-17,162.60903930664062,96.69955444335938,48.95315170288086,115.4800033569336,73.39850616455078
2016-02-18,161.9430389404297,97.88855743408203,49.44761276245117,118.29000091552734,73.41458129882812
2016-02-19,161.8671875,97.9708023071289,49.731117248535156,117.58000183105469,73.41458129882812
2016-02-22,164.21090698242188,97.91849517822266,50.20579528808594,115.48999786376953,73.41458129882812
2016-02-23,162.13693237304688,98.3148193359375,50.07394027709961,117.22000122070312,73.39850616455078
2016-02-24,162.87884521484375,98.12039184570312,50.014610290527344,117.61000061035156,73.41458129882812
2016-02-25,164.8516082763672,98.47180938720703,51.03652572631836,117.91999816894531,73.39850616455078
2016-02-26,164.47222900390625,97.52216339111328,50.772830963134766,117.11000061035156,73.39850616455078
2016-02-29,163.1823272705078,97.94839477539062,50.575008392333984,118.63999938964844,73.41458129882812
2016-03-01,167.0182342529297,96.22364044189453,51.99911117553711,117.7699966430664,73.41458129882812
2016-03-02,167.76858520507812,96.62071228027344,52.374916076660156,118.68000030517578,73.39850616455078
2016-03-03,168.42617797851562,96.97284698486328,52.65182876586914,120.7300033569336,73.41458129882812
2016-03-04,168.97410583496094,96.35102844238281,52.65842056274414,120.54000091552734,73.41458129882812
2016-03-07,169.10899353027344,96.32106018066406,52.79685974121094,121.13999938964844,73.41458129882812
2016-03-08,167.26275634765625,97.38497924804688,52.256248474121094,120.58000183105469,73.39850616455078
2016-03-09,168.08895874023438,96.79306030273438,52.54631042480469,119.58000183105469,73.41458129882812
2016-03-10,168.22386169433594,96.39600372314453,52.35512924194336,121.5,73.41458129882812
2016-03-11,170.9384307861328,95.42195129394531,53.52869415283203,119.41000366210938,73.39850616455078
2016-03-14,170.7192840576172,95.7217025756836,53.5352897644043,117.87000274658203,73.39850616455078
2016-03-15,170.4410858154297,95.81161499023438,53.561649322509766,117.95999908447266,73.39850616455078
2016-03-16,171.42747497558594,96.0962905883789,54.20777893066406,120.58999633789062,73.41458129882812
2016-03-17,172.51504516601562,96.49336242675781,54.972557067871094,120.12999725341797,73.39850616455078
2016-03-18,173.19285583496094,96.6956787109375,54.73521423339844,119.80000305175781,73.39850616455078
2016-03-21,173.43865966796875,95.95394134521484,54.24119567871094,118.95999908447266,73.41458129882812
2016-03-22,173.34547424316406,95.93144989013672,54.24119567871094,119.30999755859375,73.41458129882812
2016-03-23,172.201416015625,97.01787567138672,53.947845458984375,116.61000061035156,73.39850616455078
2016-03-24,172.1251220703125,97.05530548095703,53.967864990234375,116.33000183105469,73.41458129882812
2016-03-28,172.22689819335938,97.18267059326172,54.45455551147461,116.5999984741211,73.41458129882812
2016-03-29,173.8200225830078,98.20159912109375,55.63455581665039,118.76000213623047,73.41458129882812
2016-03-30,174.58265686035156,97.16766357421875,55.52790451049805,117.0999984741211,73.41458129882812
2016-03-31,174.15896606445312,97.85696411132812,55.86790084838867,117.63999938964844,73.41458129882812
2016-04-01,175.34532165527344,98.11225128173828,55.79457092285156,116.93000030517578,73.41458129882812
2016-04-04,174.77749633789062,98.17228698730469,55.71455383300781,116.1500015258789,73.41458129882812
2016-04-05,173.03192138671875,99.24590301513672,55.3478889465332,117.66000366210938,73.43067169189453
2016-04-06,174.92160034179688,98.52513122558594,55.48122787475586,116.94000244140625,73.43067169189453
2016-04-07,172.82855224609375,99.7414321899414,55.134559631347656,118.61000061035156,73.41458129882812
2016-04-08,173.2946014404297,99.11078643798828,55.441219329833984,118.43000030517578,73.43067169189453
2016-04-11,172.88784790039062,98.98310089111328,55.327877044677734,120.02999877929688,73.41458129882812
2016-04-12,174.49789428710938,98.2999038696289,55.727909088134766,120.05000305175781,73.41458129882812
2016-04-13,176.26051330566406,98.64531707763672,55.48122787475586,118.7699966430664,73.43067169189453
2016-04-14,176.26898193359375,98.17228698730469,55.174560546875,117.11000061035156,73.43067169189453
2016-04-15,176.0740966796875,99.01316833496094,55.58789825439453,117.91999816894531,73.41458129882812
2016-04-18,177.3113250732422,98.5852279663086,55.85456848144531,117.73999786376953,73.43067169189453
2016-04-19,177.87059020996094,98.27742004394531,55.881248474121094,119.58000183105469,73.43067169189453
2016-04-20,178.04006958007812,97.19631958007812,54.9345588684082,118.97000122070312,73.43067169189453
2016-04-21,177.08251953125,96.61820220947266,53.95452880859375,119.41999816894531,73.41458129882812
2016-04-22,177.08251953125,96.37043762207031,54.54120635986328,117.88999938964844,73.43067169189453
2016-04-25,176.7774200439453,95.97246551513672,54.99454116821289,118.2300033569336,73.41458129882812
2016-04-26,177.04014587402344,95.53704071044922,55.2078742980957,118.69999694824219,73.43067169189453
2016-04-27,177.404541015625,96.49054718017578,55.174560546875,119.04000091552734,73.43067169189453
2016-04-28,175.79446411132812,96.88844299316406,55.06120681762695,121.29000091552734,73.43067169189453
2016-04-29,174.84530639648438,97.13624572753906,54.5545539855957,123.6500015258789,73.44668579101562
2016-05-02,176.2351531982422,96.15824127197266,55.40122604370117,123.23999786376953,73.43067169189453
2016-05-03,174.70126342773438,97.369384765625,55.48788833618164,122.95999908447266,73.44668579101562
2016-05-04,173.72674560546875,97.90355682373047,56.28123474121094,122.20999908447266,73.43067169189453
2016-05-05,173.69285583496094,98.55805969238281,56.44125747680664,122.06999969482422,73.43067169189453
2016-05-06,174.3284149169922,98.13674926757812,57.0612678527832,123.18000030517578,73.44668579101562
2016-05-09,174.47251892089844,98.44522094726562,57.687950134277344,120.6500015258789,73.44668579101562
2016-05-10,176.64183044433594,98.4527359008789,57.681270599365234,120.9800033569336,73.44668579101562
2016-05-11,174.98941040039062,99.00945281982422,56.447906494140625,122.12000274658203,73.41458129882812
2016-05-12,175.04026794433594,98.55805969238281,56.77459716796875,121.16000366210938,73.41458129882812
2016-05-13,173.5149383544922,99.5134506225586,56.26790237426758,121.70999908447266,73.41458129882812
2016-05-16,175.22666931152344,98.65584564208984,56.80125045776367,121.80000305175781,73.41458129882812
2016-05-17,173.59117126464844,98.82135009765625,55.747894287109375,122.22000122070312,73.41458129882812
2016-05-18,173.6420440673828,97.41459655761719,54.87454605102539,120.0999984741211,73.43067169189453
2016-05-19,173.0404052734375,97.83586120605469,54.26119613647461,119.87000274658203,73.41458129882812
2016-05-20,174.133544921875,97.91104888916016,54.69455337524414,119.70999908447266,73.43067169189453
2016-05-23,173.89627075195312,98.12924194335938,54.70122528076172,119.37000274658203,73.44668579101562
2016-05-24,176.15036010742188,97.6928939819336,55.38121795654297,117.30000305175781,73.41458129882812
2016-05-25,177.34523010253906,97.32429504394531,55.38121795654297,116.9800033569336,73.43067169189453
2016-05-26,177.39602661132812,97.82830047607422,55.48788833618164,116.58000183105469,73.43067169189453
2016-05-27,178.15870666503906,97.6854019165039,55.78788375854492,115.62000274658203,73.44668579101562
2016-05-31,177.8197784423828,97.91856384277344,55.7812385559082,116.05999755859375,73.44668579101562
2016-06-01,178.1841278076172,98.31591033935547,55.82789993286133,115.94000244140625,73.44668579101562
2016-06-02,178.72645568847656,99.02447509765625,56.11457824707031,115.66999816894531,73.43067169189453
2016-06-03,178.19259643554688,100.43418884277344,56.34123611450195,118.87999725341797,73.44668579101562
2016-06-06,179.09933471679688,99.68790435791016,55.907894134521484,118.91999816894531,73.46279907226562
2016-06-07,179.3789520263672,99.9291000366211,56.247901916503906,118.81999969482422,73.46279907226562
2016-06-08,179.9636993408203,100.46434020996094,56.607933044433594,120.58000183105469,73.46279907226562
2016-06-09,179.7179412841797,101.11260223388672,56.734588623046875,121.25,73.43067169189453
2016-06-10,178.0146942138672,101.60260009765625,56.467899322509766,121.73999786376953,73.43067169189453
2016-06-13,176.64183044433594,102.05492401123047,56.48124694824219,122.63999938964844,73.43067169189453
2016-06-14,176.29443359375,101.97953033447266,56.33458709716797,122.7699966430664,73.43067169189453
2016-06-15,176.04869079589844,102.37159729003906,56.867916107177734,123.68000030517578,73.43067169189453
2016-06-16,176.57400512695312,102.86909484863281,57.187931060791016,122.37999725341797,73.44668579101562
2016-06-17,175.91648864746094,102.22827911376953,57.09457778930664,123.94999694824219,73.43067169189453
2016-06-20,177.04937744140625,101.13523864746094,57.17458724975586,123.20999908447266,73.44668579101562
2016-06-21,177.55197143554688,100.66788482666016,57.392539978027344,120.83999633789062,73.44668579101562
2016-06-22,177.26235961914062,100.83368682861328,57.30510330200195,120.9000015258789,73.44668579101562
2016-06-23,179.5707244873047,99.68030548095703,57.5943717956543,120.11000061035156,73.44668579101562
2016-06-24,173.12254333496094,102.35649871826172,57.0831184387207,126.0,73.43067169189453
2016-06-27,170.02191162109375,104.9119873046875,57.12345504760742,126.68000030517578,73.43067169189453
2016-06-28,173.08843994140625,105.13058471679688,58.32757568359375,125.31999969482422,73.43067169189453
2016-06-29,176.03570556640625,104.323974609375,59.03386688232422,125.83999633789062,73.43067169189453
2016-06-30,178.43783569335938,104.70845794677734,59.6459846496582,126.47000122070312,73.43067169189453
2016-07-01,178.81265258789062,106.16227722167969,59.66617965698242,128.41000366210938,73.46279907226562
2016-07-05,177.52642822265625,107.49146270751953,60.325401306152344,129.47000122070312,73.46279907226562
2016-07-06,178.5911865234375,107.6651611328125,60.063053131103516,130.22999572753906,73.44668579101562
2016-07-07,178.4804229736328,107.65762329101562,59.444210052490234,129.74000549316406,73.46279907226562
2016-07-08,181.13804626464844,108.45056915283203,60.4061279296875,130.52000427246094,73.44668579101562
2016-07-11,181.7769317626953,107.49897003173828,60.80973815917969,129.2899932861328,73.46279907226562
2016-07-12,183.09727478027344,105.7317886352539,60.8029899597168,127.1500015258789,73.43067169189453
2016-07-13,183.07167053222656,106.97789001464844,61.13933181762695,128.32000732421875,73.44668579101562
2016-07-14,184.09384155273438,105.42211151123047,60.594459533691406,127.33000183105469,73.46279907226562
2016-07-15,183.84681701660156,104.51588439941406,60.61465835571289,126.83999633789062,73.44668579101562
2016-07-18,184.34088134765625,104.41767883300781,60.77607345581055,127.04000091552734,73.44668579101562
2016-07-19,184.1534881591797,105.00672912597656,61.07205581665039,127.20999908447266,73.46279907226562
2016-07-20,184.9201202392578,104.4327392578125,61.078792572021484,125.38999938964844,73.46279907226562
2016-07-21,184.22166442871094,104.64429473876953,61.199886322021484,127.30000305175781,73.46279907226562
2016-07-22,185.04794311523438,104.82551574707031,61.73802185058594,126.3499984741211,73.46279907226562
2016-07-25,184.5453338623047,104.74998474121094,61.62367248535156,125.47000122070312,73.44668579101562
2016-07-26,184.6304931640625,104.9161376953125,61.320953369140625,126.0,73.44668579101562
2016-07-27,184.4346160888672,106.2226333618164,60.84336471557617,128.02999877929688,73.46279907226562
2016-07-28,184.64749145507812,106.02635955810547,61.408409118652344,127.66000366210938,73.44668579101562
2016-07-29,184.94570922851562,106.90992736816406,62.188720703125,128.97999572753906,73.46279907226562
2016-08-01,184.79238891601562,105.75078582763672,62.323246002197266,129.22000122070312,73.44668579101562
2016-08-02,183.60830688476562,104.66134643554688,61.32769012451172,130.27000427246094,73.46279907226562
2016-08-03,184.14500427246094,104.72187805175781,60.971168518066406,129.64999389648438,73.44668579101562
2016-08-04,184.34088134765625,105.5086898803711,60.72227096557617,129.8699951171875,73.44668579101562
2016-08-05,185.8486328125,104.41166687011719,60.76265335083008,127.55000305175781,73.44668579101562
2016-08-08,185.73788452148438,104.6083755493164,60.870277404785156,127.44000244140625,73.44668579101562
2016-08-09,185.8486328125,105.63729095458984,61.199886322021484,127.95999908447266,73.44668579101562
2016-08-10,185.38861083984375,106.04585266113281,61.13259506225586,128.55999755859375,73.44668579101562
2016-08-11,186.24896240234375,105.1000747680664,60.43973922729492,127.66999816894531,73.44668579101562
2016-08-12,186.08709716796875,105.98536682128906,60.69538116455078,127.4000015258789,73.44668579101562
2016-08-15,186.62379455566406,104.98662567138672,60.63484191894531,127.83999633789062,73.44668579101562
2016-08-16,185.6612091064453,104.70668029785156,59.90834045410156,128.47000122070312,73.44668579101562
2016-08-17,186.01046752929688,105.33474731445312,60.1505126953125,128.5,73.44668579101562
2016-08-18,186.4278106689453,105.50111389160156,59.928531646728516,129.11000061035156,73.46279907226562
2016-08-19,186.15524291992188,104.9488525390625,59.54508972167969,127.97000122070312,73.44668579101562
2016-08-22,186.146728515625,105.83403778076172,59.86796951293945,127.77999877929688,73.44668579101562
2016-08-23,186.5215301513672,105.94751739501953,59.90160369873047,127.76000213623047,73.44668579101562
2016-08-24,185.56748962402344,105.69784545898438,59.63927459716797,126.33999633789062,73.46279907226562
2016-08-25,185.43975830078125,105.29683685302734,59.90834045410156,126.2300033569336,73.44668579101562
2016-08-26,185.0904998779297,104.68396759033203,59.316383361816406,126.05000305175781,73.44668579101562
2016-08-29,186.00192260742188,106.0837173461914,59.90160369873047,126.30000305175781,73.46279907226562
2016-08-30,185.69529724121094,105.67514038085938,59.7872428894043,125.02999877929688,73.46279907226562
2016-08-31,185.1671600341797,105.82649230957031,59.847801208496094,124.77999877929688,73.46279907226562
2016-09-01,185.1757049560547,105.94318389892578,59.69981002807617,125.29000091552734,73.46279907226562
2016-09-02,186.01046752929688,105.0791244506836,60.21776580810547,126.56999969482422,73.47882843017578
2016-09-06,186.5726776123047,105.84465789794922,60.681907653808594,128.7100067138672,73.47882843017578
2016-09-07,186.55563354492188,105.76887512207031,61.045162200927734,128.27000427246094,73.46279907226562
2016-09-08,186.12969970703125,104.44236755371094,60.29846954345703,127.58999633789062,73.46279907226562
2016-09-09,181.67474365234375,102.7217788696289,57.910491943359375,126.75,73.47882843017578
2016-09-12,184.28123474121094,102.77484130859375,58.596622467041016,126.58999633789062,73.44668579101562
2016-09-13,181.63214111328125,101.60750579833984,57.12549591064453,125.75,73.46279907226562
2016-09-14,181.5640106201172,101.7591552734375,57.308353424072266,126.18000030517578,73.46279907226562
2016-09-15,183.3783416748047,101.31947326660156,57.52511215209961,125.37000274658203,73.46279907226562
2016-09-16,182.66949462890625,102.13813781738281,57.55220413208008,125.05999755859375,73.46279907226562
2016-09-19,182.7037353515625,101.80461883544922,58.07371520996094,125.31999969482422,73.46279907226562
2016-09-20,182.7122802734375,102.16083526611328,57.98567581176758,125.44000244140625,73.46279907226562
2016-09-21,184.76698303222656,102.98703002929688,58.730735778808594,127.2699966430664,73.46279907226562
2016-09-22,185.93128967285156,103.80570220947266,59.78057861328125,127.56999969482422,73.47882843017578
2016-09-23,184.91250610351562,103.7071762084961,59.96347427368164,127.6500015258789,73.47882843017578
2016-09-26,183.414306640625,104.36656188964844,60.10569763183594,127.55000305175781,73.47882843017578
2016-09-27,184.552978515625,105.13214874267578,59.4690055847168,126.62000274658203,73.46279907226562
2016-09-28,185.46897888183594,104.90477752685547,59.956687927246094,126.22000122070312,73.46279907226562
2016-09-29,183.7909698486328,105.17003631591797,59.15745544433594,126.06999969482422,73.46279907226562
2016-09-30,185.17791748046875,104.23014831542969,58.75106430053711,125.63999938964844,73.47882843017578
2016-10-03,184.7327117919922,103.88619232177734,57.65378952026367,125.31999969482422,73.46279907226562
2016-10-04,183.7909698486328,102.6712417602539,56.868106842041016,120.97000122070312,73.47882843017578
2016-10-05,184.60430908203125,102.19283294677734,55.71665954589844,120.77999877929688,73.47882843017578
2016-10-06,184.7327117919922,101.62336730957031,55.73696517944336,119.66000366210938,73.47882843017578
2016-10-07,184.09918212890625,101.69169616699219,55.64213943481445,119.73999786376953,73.47882843017578
2016-10-10,185.05804443359375,101.09182739257812,55.98758316040039,120.16000366210938,73.47882843017578
2016-10-11,182.72080993652344,100.86392974853516,55.44572830200195,119.55000305175781,73.46279907226562
2016-10-12,182.96055603027344,100.96272277832031,56.082401275634766,119.73999786376953,73.47882843017578
2016-10-13,182.3612518310547,101.34235382080078,56.522666931152344,120.02999877929688,73.46279907226562
2016-10-14,182.4554443359375,99.92237854003906,56.272037506103516,119.36000061035156,73.46279907226562
2016-10-17,181.82196044921875,100.56024169921875,56.393959045410156,119.68000030517578,73.46279907226562
2016-10-18,182.96055603027344,100.88674926757812,56.75295639038086,120.41999816894531,73.46279907226562
2016-10-19,183.4485626220703,100.97030639648438,56.87486267089844,121.11000061035156,73.47882843017578
2016-10-20,183.10609436035156,101.07658386230469,56.74618911743164,120.73999786376953,73.46279907226562
2016-10-21,183.19171142578125,101.22846221923828,56.536216735839844,120.83000183105469,73.46279907226562
2016-10-24,183.9707794189453,100.78803253173828,56.6649169921875,120.55999755859375,73.46279907226562
2016-10-25,183.3543701171875,101.05384826660156,56.56330871582031,121.47000122070312,73.46279907226562
2016-10-26,182.98626708984375,100.37041473388672,55.82503128051758,120.79000091552734,73.47882843017578
2016-10-27,182.49827575683594,99.27696990966797,54.36201095581055,121.01000213623047,73.46279907226562
2016-10-28,181.95889282226562,99.05674743652344,54.49069595336914,121.58000183105469,73.47882843017578
2016-10-31,181.9674530029297,99.66419219970703,55.37799835205078,121.94000244140625,73.49492645263672
2016-11-01,180.64903259277344,99.67181396484375,54.17235565185547,122.7300033569336,73.47882843017578
2016-11-02,179.5618133544922,100.10548400878906,53.37987518310547,123.63999938964844,73.49492645263672
2016-11-03,178.73985290527344,99.33704376220703,52.96671676635742,124.30000305175781,73.47882843017578
2016-11-04,178.54302978515625,100.22714233398438,53.386661529541016,124.38999938964844,73.49492645263672
2016-11-07,182.4811248779297,99.3751220703125,54.32135772705078,122.1500015258789,73.47882843017578
2016-11-08,183.30303955078125,98.97187042236328,54.60584259033203,121.63999938964844,73.49492645263672
2016-11-09,185.2463836669922,94.77228546142578,53.77949142456055,121.55999755859375,73.46279907226562
2016-11-10,185.70872497558594,93.3724365234375,52.878665924072266,119.75,73.46279907226562
2016-11-11,185.2805938720703,92.84748840332031,53.19699478149414,117.0999984741211,73.43067169189453
2016-11-14,185.42613220214844,92.2921142578125,54.456817626953125,116.11000061035156,73.46279907226562
2016-11-15,186.87303161621094,92.74858856201172,54.00301742553711,117.12000274658203,73.47882843017578
2016-11-16,186.52198791503906,93.58545684814453,53.84723663330078,116.7699966430664,73.47882843017578
2016-11-17,187.48089599609375,92.20841979980469,53.29861068725586,116.16999816894531,73.49492645263672
2016-11-18,187.0613250732422,91.94212341308594,53.45439529418945,115.1500015258789,73.47882843017578
2016-11-21,188.4739227294922,92.17039489746094,53.29184341430664,115.58000183105469,73.46279907226562
2016-11-22,188.84210205078125,92.13994598388672,54.22653579711914,115.54000091552734,73.46279907226562
2016-11-23,188.94476318359375,91.78236389160156,53.996238708496094,113.25,73.46279907226562
2016-11-25,189.6468048095703,91.91935729980469,54.307830810546875,112.61000061035156,73.47882843017578
2016-11-28,188.7564697265625,92.59642028808594,54.55842208862305,113.80000305175781,73.46279907226562
2016-11-29,189.12457275390625,92.98442077636719,55.07997131347656,113.2699966430664,73.46279907226562
2016-11-30,188.6708526611328,91.47808837890625,54.45004653930664,111.75,73.46279907226562
2016-12-01,187.9774169921875,90.51221466064453,53.65080642700195,111.54000091552734,73.4965591430664
2016-12-02,188.07156372070312,91.17539978027344,54.18590545654297,112.13999938964844,73.48043823242188
2016-12-05,189.20166015625,91.07630920410156,54.58552169799805,111.54000091552734,73.48043823242188
2016-12-06,189.80093383789062,91.00768280029297,54.937721252441406,111.43000030517578,73.4965591430664
2016-12-07,192.2836456298828,91.7852554321289,56.03498840332031,111.83000183105469,73.4965591430664
2016-12-08,192.75448608398438,90.70271301269531,56.421058654785156,111.56999969482422,73.4965591430664
2016-12-09,193.91883850097656,89.574462890625,56.360107421875,110.4000015258789,73.4965591430664
2016-12-12,193.69627380371094,89.74222564697266,56.73263168334961,110.81999969482422,73.48043823242188
2016-12-13,194.9889373779297,90.06241607666016,56.7055549621582,110.44999694824219,73.4965591430664
2016-12-14,193.37942504882812,89.0561294555664,55.46603775024414,108.83000183105469,73.4965591430664
2016-12-15,194.17564392089844,89.5058822631836,55.14091110229492,107.33999633789062,73.4965591430664
2016-12-16,193.7958984375,89.30003356933594,55.967247009277344,108.05000305175781,73.48043823242188
2016-12-19,194.21786499023438,90.2606201171875,56.57006072998047,108.58999633789062,73.4965591430664
2016-12-20,194.96707153320312,89.81079864501953,56.698760986328125,107.79000091552734,73.48043823242188
2016-12-21,194.42454528808594,90.20723724365234,55.838565826416016,107.8499984741211,73.4965591430664
2016-12-22,194.0886688232422,90.04598236083984,55.745216369628906,107.58999633789062,73.48043823242188
2016-12-23,194.37289428710938,90.22938537597656,55.89043045043945,107.93000030517578,73.48043823242188
2016-12-27,194.8551788330078,89.93893432617188,56.00800323486328,108.55999755859375,73.4965591430664
2016-12-28,193.2447509765625,90.59625244140625,55.66913986206055,108.86000061035156,73.4948959350586
2016-12-29,193.20169067382812,90.91732025146484,56.36066818237305,110.29000091552734,73.51103973388672
2016-12-30,192.49551391601562,91.05486297607422,57.072967529296875,109.61000061035156,73.47886657714844
2017-01-03,193.9681854248047,91.4447021484375,57.25968551635742,110.47000122070312,73.51103973388672
2017-01-04,195.1220703125,91.79629516601562,58.09645080566406,110.86000061035156,73.51103973388672
2017-01-05,194.96707153320312,93.23326110839844,58.28315353393555,112.58000183105469,73.4948959350586
2017-01-06,195.6646270751953,92.3771743774414,58.290096282958984,111.75,73.51103973388672
2017-01-09,195.01878356933594,93.11856079101562,57.76451110839844,112.66999816894531,73.51103973388672
2017-01-10,195.01878356933594,93.05742645263672,57.27350997924805,113.1500015258789,73.4948959350586
2017-01-11,195.56985473632812,93.37081909179688,56.92082595825195,113.5,73.51103973388672
2017-01-12,195.07907104492188,93.16445922851562,57.21129608154297,113.91000366210938,73.51103973388672
2017-01-13,195.52685546875,92.72116088867188,57.1282958984375,114.20999908447266,73.51103973388672
2017-01-17,194.8379669189453,93.69182586669922,57.57087326049805,115.8499984741211,73.51103973388672
2017-01-18,195.26852416992188,92.49187469482422,57.66768264770508,114.87000274658203,73.4948959350586
2017-01-19,194.54513549804688,91.85742950439453,57.079872131347656,114.7699966430664,73.4948959350586
2017-01-20,195.25987243652344,91.67398071289062,57.494808197021484,115.05000305175781,73.51103973388672
2017-01-23,194.7518310546875,92.5911636352539,57.9788932800293,115.79000091552734,73.4948959350586
2017-01-24,196.00048828125,91.95674896240234,57.99272155761719,115.2699966430664,73.4948959350586
2017-01-25,197.69696044921875,90.80266571044922,57.61238479614258,114.31999969482422,73.51103973388672
2017-01-26,197.49032592773438,91.1083755493164,57.5017204284668,113.26000213623047,73.52706146240234
2017-01-27,197.18028259277344,91.43704986572266,56.94158172607422,113.48999786376953,73.4948959350586
2017-01-30,195.9573974609375,91.161865234375,56.55429458618164,113.97000122070312,73.52706146240234
2017-01-31,195.94015502929688,91.79629516601562,56.962318420410156,115.55000305175781,73.51103973388672
2017-02-01,196.0177001953125,91.22866821289062,56.277687072753906,115.19999694824219,73.51580810546875
2017-02-02,196.1468963623047,91.19037628173828,56.9484977722168,115.83999633789062,73.51580810546875
2017-02-03,197.4989471435547,91.1520767211914,57.25968551635742,116.12999725341797,73.4997787475586
2017-02-06,197.14584350585938,91.7035903930664,57.162872314453125,117.69999694824219,73.53192901611328
2017-02-07,197.1544189453125,92.37767028808594,56.962318420410156,117.45999908447266,73.53192901611328
2017-02-08,197.4127960205078,93.63390350341797,57.41181182861328,118.19000244140625,73.53192901611328
2017-02-09,198.58399963378906,92.55382537841797,57.55012512207031,117.29000091552734,73.53192901611328
2017-02-10,199.36766052246094,92.50020599365234,57.958152770996094,117.5999984741211,73.51580810546875
2017-02-13,200.4527130126953,92.20913696289062,57.9788932800293,116.80000305175781,73.51580810546875
2017-02-14,201.2535858154297,91.54275512695312,57.67460250854492,116.93000030517578,73.53192901611328
2017-02-15,202.3041534423828,91.12151336669922,57.480979919433594,117.44999694824219,73.51580810546875
2017-02-16,202.13194274902344,91.6193618774414,57.81983947753906,118.08000183105469,73.51580810546875
2017-02-17,202.45057678222656,92.1631851196289,57.93047332763672,117.68000030517578,73.53192901611328
2017-02-21,203.6562042236328,92.00234985351562,58.6704216003418,117.75,73.51580810546875
2017-02-22,203.475341796875,92.155517578125,58.476802825927734,117.91000366210938,73.51580810546875
2017-02-23,203.61314392089844,92.43128967285156,58.781089782714844,118.94000244140625,73.51580810546875
2017-02-24,203.87152099609375,93.4577407836914,59.057701110839844,119.69999694824219,73.51580810546875
2017-02-27,204.1901397705078,92.90620422363281,59.36888122558594,119.12000274658203,73.51580810546875
2017-02-28,203.63897705078125,93.25091552734375,58.960872650146484,119.2300033569336,73.54798889160156
2017-03-01,206.48944091796875,91.68836212158203,58.781089782714844,119.05999755859375,73.51902770996094
2017-03-02,205.18911743164062,91.35832214355469,58.46297836303711,117.58000183105469,73.51902770996094
2017-03-03,205.31829833984375,91.59626007080078,58.23477554321289,117.51000213623047,73.5351333618164
2017-03-06,204.70681762695312,91.15878295898438,57.97198486328125,116.72000122070312,73.55123901367188
2017-03-07,204.09544372558594,90.88248443603516,57.69536209106445,115.77999877929688,73.51902770996094
2017-03-08,203.71649169921875,90.39134216308594,56.63037109375,115.05999755859375,73.51902770996094
2017-03-09,203.974853515625,89.66992950439453,55.77978515625,114.47000122070312,73.51902770996094
2017-03-10,204.68960571289062,89.98455810546875,55.60689163208008,114.72000122070312,73.5351333618164
2017-03-13,204.79296875,89.41665649414062,55.745216369628906,114.73999786376953,73.51902770996094
2017-03-14,204.00927734375,89.846435546875,55.73137664794922,114.12000274658203,73.51902770996094
2017-03-15,205.77467346191406,90.94390869140625,56.85859680175781,116.25,73.5351333618164
2017-03-16,205.36990356445312,90.48344421386719,56.74796676635742,116.7300033569336,73.55123901367188
2017-03-17,205.00924682617188,91.05134582519531,57.010719299316406,116.98999786376953,73.55123901367188
2017-03-20,204.784423828125,91.44275665283203,56.962318420410156,117.51000213623047,73.5351333618164
2017-03-21,202.15505981445312,92.20255279541016,56.71335983276367,118.54000091552734,73.55123901367188
2017-03-22,202.63076782226562,92.5709228515625,56.68202590942383,118.83000183105469,73.55123901367188
2017-03-23,202.41455078125,92.44044494628906,57.099979400634766,118.66999816894531,73.5351333618164
2017-03-24,202.26748657226562,92.77046966552734,57.03729248046875,118.86000061035156,73.55123901367188
2017-03-27,202.05984497070312,93.19258117675781,56.52179718017578,119.52999877929688,73.55123901367188
2017-03-28,203.5302734375,92.5709228515625,56.76560592651367,119.04000091552734,73.55123901367188
2017-03-29,203.72052001953125,93.1235122680664,57.08604049682617,119.33000183105469,73.55123901367188
2017-03-30,204.36923217773438,92.37139129638672,57.19053268432617,118.47000122070312,73.55123901367188
2017-03-31,203.89352416992188,92.63998413085938,57.5318717956543,118.72000122070312,73.5351333618164
2017-04-03,203.53890991210938,93.57443237304688,57.69905471801758,119.3499984741211,73.54158020019531
2017-04-04,203.66864013671875,93.06680297851562,57.69905471801758,119.62000274658203,73.54158020019531
2017-04-05,203.0631866455078,93.35140991210938,57.78264236450195,119.62000274658203,73.54158020019531
2017-04-06,203.634033203125,93.21293640136719,58.08913803100586,119.18000030517578,73.54158020019531
2017-04-07,203.4264373779297,92.83612823486328,58.172752380371094,119.45999908447266,73.54158020019531
2017-04-10,203.54759216308594,93.26683044433594,58.53496170043945,119.45999908447266,73.54158020019531
2017-04-11,203.30538940429688,94.15122985839844,58.938968658447266,121.19000244140625,73.55765533447266
2017-04-12,202.41455078125,94.6665267944336,58.834503173828125,122.0199966430664,73.54158020019531
2017-04-13,201.09988403320312,94.95880126953125,58.702144622802734,122.5999984741211,73.55765533447266
2017-04-17,202.881591796875,94.6665267944336,59.412681579589844,122.23999786376953,73.55765533447266
2017-04-18,202.27615356445312,95.9047622680664,59.572872161865234,122.81999969482422,73.57376098632812
2017-04-19,201.9042205810547,95.38177490234375,59.489295959472656,121.7300033569336,73.57376098632812
2017-04-20,203.54759216308594,95.01262664794922,59.49626159667969,121.95999908447266,73.57376098632812
2017-04-21,202.89889526367188,95.01262664794922,59.28031539916992,122.30999755859375,73.57376098632812
2017-04-24,205.13035583496094,94.54347229003906,58.625526428222656,121.4800033569336,73.55765533447266
2017-04-25,206.32394409179688,93.40520477294922,58.869346618652344,120.25,73.55765533447266
2017-04-26,206.19422912597656,93.9205322265625,58.43046188354492,120.83999633789062,73.57376098632812
2017-04-27,206.36717224121094,93.8897476196289,58.277225494384766,120.38999938964844,73.55765533447266
2017-04-28,205.91737365722656,94.0973892211914,57.67119216918945,120.7699966430664,73.58987426757812
2017-05-01,206.43630981445312,93.31517791748047,58.01250076293945,119.66999816894531,73.58501434326172
2017-05-02,206.51422119140625,93.79298400878906,57.91499328613281,119.6500015258789,73.56890106201172
2017-05-03,206.2633819580078,93.85466766357422,57.14176559448242,117.9800033569336,73.56890106201172
2017-05-04,206.5055389404297,93.39220428466797,56.863128662109375,116.79000091552734,73.58501434326172
2017-05-05,207.31854248046875,93.47698211669922,57.399505615234375,117.01000213623047,73.56890106201172
2017-05-08,207.2839813232422,92.9683609008789,56.99549865722656,116.75,73.58501434326172
2017-05-09,207.09373474121094,92.96062469482422,56.6889762878418,116.05000305175781,73.58501434326172
2017-05-10,207.46559143066406,92.85276794433594,57.134796142578125,116.04000091552734,73.60112762451172
2017-05-11,207.0418243408203,92.85276794433594,56.849178314208984,116.5,73.60112762451172
2017-05-12,206.69583129882812,93.55404663085938,56.619327545166016,116.83000183105469,73.58501434326172
2017-05-15,207.8375244140625,93.29973602294922,56.7864990234375,117.13999938964844,73.60112762451172
2017-05-16,207.647216796875,93.64656829833984,56.403385162353516,117.6500015258789,73.60112762451172
2017-05-17,203.96275329589844,95.01068878173828,56.63325881958008,119.79000091552734,73.61722564697266
2017-05-18,204.784423828125,95.11858367919922,56.94673156738281,118.80999755859375,73.61722564697266
2017-05-19,206.11636352539062,95.34207916259766,57.25322341918945,119.4000015258789,73.60112762451172
2017-05-22,207.16290283203125,95.08006286621094,57.47613525390625,119.9000015258789,73.61722564697266
2017-05-23,207.621337890625,94.44036102294922,57.524906158447266,119.13999938964844,73.61722564697266
2017-05-24,208.1056671142578,94.97210693359375,57.99163055419922,119.61000061035156,73.60112762451172
2017-05-25,209.1002960205078,95.00297546386719,57.99859619140625,119.4800033569336,73.61722564697266
2017-05-26,209.05703735351562,95.1648178100586,57.58062744140625,120.54000091552734,73.63335418701172
2017-05-30,208.8754119873047,95.63491821289062,57.21839904785156,120.13999938964844,73.60112762451172
2017-05-31,208.82351684570312,95.87382507324219,57.25322341918945,120.62000274658203,73.60112762451172
2017-06-01,210.484130859375,95.88390350341797,57.552764892578125,120.72000122070312,73.62850189208984
2017-06-02,211.18467712402344,97.01917266845703,58.14487838745117,121.61000061035156,73.6124267578125
2017-06-05,211.02899169921875,96.41680908203125,57.89409255981445,121.7300033569336,73.62850189208984
2017-06-06,210.35438537597656,96.94197845458984,57.615440368652344,123.0999984741211,73.6124267578125
2017-06-07,210.7436065673828,96.47856903076172,58.01948547363281,122.44999694824219,73.64462280273438
2017-06-08,210.847412109375,96.22371673583984,57.880184173583984,121.6500015258789,73.62850189208984
2017-06-09,210.52734375,96.07695007324219,58.28418731689453,120.54000091552734,73.64462280273438
2017-06-12,210.484130859375,96.04608154296875,58.806640625,120.36000061035156,73.62850189208984
2017-06-13,211.51341247558594,96.06151580810547,58.938968658447266,120.4800033569336,73.64462280273438
2017-06-14,211.2452850341797,97.54439544677734,59.0225830078125,119.81999969482422,73.62850189208984
2017-06-15,210.83876037597656,97.38992309570312,59.32212829589844,119.31999969482422,73.62850189208984
2017-06-16,210.8848419189453,97.58301544189453,59.16886520385742,119.33999633789062,73.66072082519531
2017-06-19,212.64048767089844,97.44401550292969,59.17583465576172,118.43000030517578,73.64462280273438
2017-06-20,211.2063446044922,98.31671142578125,59.03651809692383,118.18000030517578,73.64462280273438
2017-06-21,211.15423583984375,98.51753234863281,58.91810607910156,118.5199966430664,73.66072082519531
2017-06-22,211.05862426757812,98.7337417602539,58.97381591796875,118.91999816894531,73.67684173583984
2017-06-23,211.3107147216797,98.68745422363281,59.17845916748047,119.43000030517578,73.66072082519531
2017-06-26,211.44976806640625,99.05814361572266,59.60041809082031,118.36000061035156,73.64462280273438
2017-06-27,209.74627685546875,98.00006866455078,59.06595230102539,118.80999755859375,73.64462280273438
2017-06-28,211.62355041503906,97.67570495605469,59.20660400390625,118.9000015258789,73.67684173583984
2017-06-29,209.7636260986328,96.8570327758789,58.53146743774414,118.31999969482422,73.66072082519531
2017-06-30,210.15475463867188,96.63310241699219,58.53146743774414,118.0199966430664,73.67684173583984
2017-07-03,210.51109313964844,96.32195281982422,59.276939392089844,116.08999633789062,73.68489837646484
2017-07-05,210.99783325195312,96.34510803222656,58.440040588378906,116.5199966430664,73.66873931884766
2017-07-06,209.06832885742188,95.54801940917969,57.34298324584961,116.47000122070312,73.68489837646484
2017-07-07,210.42420959472656,94.97530364990234,57.6664924621582,115.27999877929688,73.68489837646484
2017-07-10,210.65011596679688,95.11459350585938,57.13905334472656,115.47000122070312,73.68489837646484
2017-07-11,210.49371337890625,95.27713012695312,57.07575607299805,115.62000274658203,73.68489837646484
2017-07-12,212.07550048828125,95.9349594116211,57.77899932861328,116.02999877929688,73.66873931884766
2017-07-13,212.43185424804688,95.33132934570312,57.870426177978516,115.81999969482422,73.66873931884766
2017-07-14,213.42271423339844,95.44741821289062,58.425994873046875,116.7699966430664,73.70099639892578
2017-07-17,213.39654541015625,95.71053314208984,58.89719009399414,117.29000091552734,73.68489837646484
2017-07-18,213.50958251953125,96.5463638305664,58.770572662353516,118.11000061035156,73.68489837646484
2017-07-19,214.66549682617188,96.5850601196289,59.2136344909668,118.08000183105469,73.68489837646484
2017-07-20,214.76113891601562,96.86372375488281,58.939369201660156,118.23999786376953,73.68489837646484
2017-07-21,214.56993103027344,97.27385711669922,58.89719009399414,119.26000213623047,73.68489837646484
2017-07-24,214.51779174804688,96.89463806152344,58.78464889526367,119.30999755859375,73.68489837646484
2017-07-25,215.03924560546875,95.63318634033203,58.862003326416016,118.91999816894531,73.68489837646484
2017-07-26,215.04794311523438,95.78791046142578,59.26987838745117,119.87999725341797,73.70099639892578
2017-07-27,214.84805297851562,95.31584167480469,59.34022521972656,119.79000091552734,73.71714782714844
2017-07-28,214.595947265625,95.88084411621094,59.17845916748047,120.69000244140625,73.70099639892578
2017-07-31,214.4742889404297,95.99690246582031,59.25583267211914,120.75,73.70099639892578
2017-08-01,214.95236206054688,96.67088317871094,59.52306365966797,120.6500015258789,73.72032928466797
2017-08-02,215.056640625,96.72515106201172,58.981571197509766,120.4000015258789,73.73649597167969
2017-08-03,214.6394805908203,97.72573852539062,58.862003326416016,120.58999633789062,73.73649597167969
2017-08-04,215.03053283691406,96.89580535888672,59.05891418457031,119.6500015258789,73.73649597167969
2017-08-07,215.4302978515625,97.00440979003906,58.995609283447266,119.51000213623047,73.73649597167969
2017-08-08,214.9001922607422,96.65535736083984,58.714317321777344,119.86000061035156,73.73649597167969
2017-08-09,214.89151000976562,97.18280029296875,58.51744079589844,121.30999755859375,73.73649597167969
2017-08-10,211.85826110839844,98.01266479492188,58.0954704284668,122.20999908447266,73.73649597167969
2017-08-11,212.17112731933594,98.05921173095703,57.7368049621582,122.79000091552734,73.75260925292969
2017-08-14,214.27442932128906,97.55506896972656,58.70026779174805,121.91999816894531,73.73649597167969
2017-08-15,214.24832153320312,97.14400482177734,58.52445602416992,120.9800033569336,73.75260925292969
2017-08-16,214.62203979492188,97.50077819824219,58.75653076171875,121.87000274658203,73.73649597167969
2017-08-17,211.27593994140625,98.2298355102539,58.390811920166016,122.48999786376953,73.75260925292969
2017-08-18,210.94564819335938,98.20659637451172,57.800086975097656,122.30000305175781,73.73649597167969
2017-08-21,211.11077880859375,98.44700622558594,58.41896057128906,122.76000213623047,73.75260925292969
2017-08-22,213.31837463378906,98.0669937133789,58.250186920166016,122.20999908447266,73.76873779296875
2017-08-23,212.5535888671875,98.7339859008789,58.84793472290039,122.66999816894531,73.76873779296875
2017-08-24,212.05812072753906,98.36947631835938,58.66508865356445,122.29000091552734,73.76873779296875
2017-08-25,212.5535888671875,98.74950408935547,58.94640350341797,122.73999786376953,73.75260925292969
2017-08-28,212.5622100830078,98.68741607666016,58.49632263183594,124.69000244140625,73.76873779296875
2017-08-29,212.8055419921875,99.0054702758789,58.43303680419922,124.41999816894531,73.76873779296875
2017-08-30,213.81375122070312,98.97444152832031,58.763553619384766,124.36000061035156,73.76873779296875
2017-08-31,215.10008239746094,99.26912689208984,59.10110092163086,125.81999969482422,73.78486633300781
2017-09-01,215.40428161621094,98.5098648071289,59.3050537109375,126.05999755859375,73.78971862792969
2017-09-05,213.8572540283203,100.07199096679688,59.1432991027832,127.45999908447266,73.7574462890625
2017-09-06,214.58724975585938,99.4580307006836,59.29800796508789,126.80999755859375,73.78971862792969
2017-09-07,214.56121826171875,100.47615051269531,59.677757263183594,128.1300048828125,73.78971862792969
2017-09-08,214.3091583251953,100.2585220336914,59.726993560791016,127.97000122070312,73.77355194091797
2017-09-11,216.59498596191406,99.06156158447266,60.27553176879883,126.19000244140625,73.77355194091797
2017-09-12,217.32505798339844,98.54092407226562,59.565250396728516,126.55999755859375,73.80584716796875
2017-09-13,217.42935180664062,98.15228271484375,59.4105339050293,125.61000061035156,73.80584716796875
2017-09-14,217.35980224609375,98.55643463134766,59.90282440185547,126.16000366210938,73.78971862792969
2017-09-15,217.65235900878906,98.5953369140625,60.01533126831055,125.52999877929688,73.78971862792969
2017-09-18,218.11532592773438,98.0279312133789,59.69185256958008,124.36000061035156,73.78971862792969
2017-09-19,218.33367919921875,97.78704833984375,59.29800796508789,124.62000274658203,73.8219985961914
2017-09-20,218.4122772216797,97.85697174072266,59.13627243041992,123.62000274658203,73.8219985961914
2017-09-21,217.82711791992188,97.80255889892578,59.02375030517578,122.68000030517578,73.8219985961914
2017-09-22,217.87078857421875,98.0823745727539,58.607421875,123.23999786376953,73.8219985961914
2017-09-25,217.42532348632812,98.69635772705078,58.94845962524414,124.52999877929688,73.8219985961914
2017-09-26,217.55633544921875,98.51760864257812,59.04790496826172,123.13999938964844,73.8219985961914
2017-09-27,218.40359497070312,97.03315734863281,58.51504135131836,121.9800033569336,73.8219985961914
2017-09-28,218.6656036376953,96.7455825805664,58.91292190551758,122.20999908447266,73.80584716796875
2017-09-29,219.4342041015625,96.96318817138672,59.033721923828125,121.58000183105469,73.838134765625
2017-10-02,220.38629150390625,96.78565979003906,58.94845962524414,120.7699966430664,73.84135437011719
2017-10-03,220.85797119140625,96.87909698486328,58.86318588256836,120.83000183105469,73.84135437011719
2017-10-04,221.11997985839844,96.88690185546875,59.161582946777344,121.16999816894531,73.82521057128906
2017-10-05,222.43014526367188,96.52088165283203,59.374725341796875,120.5199966430664,73.84135437011719
2017-10-06,222.17681884765625,96.248291015625,59.18290328979492,121.08999633789062,73.82521057128906
2017-10-09,221.80995178222656,96.55200958251953,59.32499313354492,122.08000183105469,73.82521057128906
2017-10-10,222.39517211914062,96.7077865600586,59.50263214111328,122.4000015258789,73.82521057128906
2017-10-11,222.74456787109375,96.8946762084961,59.701541900634766,122.79000091552734,73.82521057128906
2017-10-12,222.41265869140625,97.3073959350586,60.0852165222168,122.88999938964844,73.85751342773438
2017-10-13,222.6834259033203,98.0082778930664,60.24152374267578,123.81999969482422,73.85751342773438
2017-10-16,222.98036193847656,97.93824005126953,59.9431037902832,122.97000122070312,73.84135437011719
2017-10-17,223.13760375976562,98.06279754638672,60.01417541503906,122.12999725341797,73.85751342773438
2017-10-18,223.35595703125,97.41645050048828,59.95022964477539,121.66999816894531,73.85751342773438
2017-10-19,223.4171142578125,97.5877914428711,59.77259063720703,122.38999938964844,73.85751342773438
2017-10-20,224.57003784179688,96.55200958251953,59.431556701660156,121.61000061035156,73.87367248535156
2017-10-23,223.69659423828125,96.7233657836914,59.20423126220703,121.80000305175781,73.85751342773438
2017-10-24,224.0896759033203,96.1236572265625,58.84899139404297,121.33000183105469,73.88978576660156
2017-10-25,222.98036193847656,95.66423034667969,58.6784553527832,121.3499984741211,73.88978576660156
2017-10-26,223.26861572265625,95.34490966796875,58.19533157348633,120.33000183105469,73.88978576660156
2017-10-27,225.0941162109375,95.97572326660156,58.45820236206055,120.9000015258789,73.88978576660156
2017-10-30,224.25563049316406,96.8946762084961,58.408477783203125,121.12999725341797,73.87367248535156
2017-10-31,224.60499572753906,96.92582702636719,58.40137481689453,120.66999816894531,73.88978576660156
2017-11-01,224.9019317626953,97.3573989868164,58.6855583190918,121.11000061035156,73.89789581298828
2017-11-02,224.9893341064453,97.78661346435547,59.18290328979492,121.19000244140625,73.88172912597656
2017-11-03,225.740478515625,98.05199432373047,59.033721923828125,120.62000274658203,73.88172912597656
2017-11-06,226.08981323242188,98.41875457763672,59.431556701660156,121.6500015258789,73.89789581298828
2017-11-07,225.93263244628906,98.83241271972656,59.91469192504883,121.20999908447266,73.89789581298828
2017-11-08,226.31692504882812,98.61388397216797,60.21309280395508,121.62999725341797,73.89789581298828
2017-11-09,225.4958953857422,98.3328857421875,60.27705383300781,122.12999725341797,73.88172912597656
2017-11-10,225.42601013183594,96.85012817382812,60.340980529785156,121.12999725341797,73.89789581298828
2017-11-13,225.6356201171875,97.05301666259766,60.64649200439453,121.30999755859375,73.89789581298828
2017-11-14,225.1116180419922,97.70855712890625,60.518611907958984,121.55999755859375,73.89789581298828
2017-11-15,223.98486328125,98.76992797851562,59.90758514404297,121.41000366210938,73.89789581298828
2017-11-16,225.88893127441406,97.91150665283203,60.404911041259766,121.4000015258789,73.9140625
2017-11-17,225.22511291503906,98.63726806640625,60.14203643798828,122.86000061035156,73.89789581298828
2017-11-20,225.60946655273438,98.5982666015625,59.96443557739258,121.30999755859375,73.9140625
2017-11-21,227.0855255126953,98.91040802001953,60.412017822265625,121.51000213623047,73.93022155761719
2017-11-22,226.88467407226562,99.23036193847656,60.27705383300781,122.62999725341797,73.93022155761719
2017-11-24,227.4087677001953,98.95726776123047,60.35520553588867,122.31999969482422,73.9140625
2017-11-27,227.29522705078125,98.81680297851562,60.070987701416016,122.83000183105469,73.9140625
2017-11-28,229.6011199951172,98.94940185546875,59.84364700317383,122.80999755859375,73.94636535644531
2017-11-29,229.4613037109375,97.97392272949219,59.86496353149414,122.04000091552734,73.93022155761719
2017-11-30,231.47023010253906,97.64616394042969,59.95732879638672,121.0999984741211,73.93022155761719
2017-12-01,230.98980712890625,98.9638442993164,60.09942626953125,121.58999633789062,73.93508911132812
2017-12-04,230.71035766601562,99.01075744628906,59.8010139465332,121.18000030517578,73.94313049316406
2017-12-05,229.8805694580078,99.50341796875,59.303688049316406,120.31999969482422,73.95124816894531
2017-12-06,229.92422485351562,99.8475341796875,59.24685287475586,120.06999969482422,73.94313049316406
2017-12-07,230.6492156982422,99.06550598144531,59.39604568481445,118.48999786376953,73.95124816894531
2017-12-08,231.90696716308594,99.07333374023438,59.701541900634766,118.4800033569336,73.95933532714844
2017-12-11,232.60568237304688,98.8699951171875,59.69445037841797,118.01000213623047,73.95124816894531
2017-12-12,233.01620483398438,98.83094787597656,59.985748291015625,118.1500015258789,73.95933532714844
2017-12-13,232.989990234375,99.57380676269531,60.0852165222168,119.16999816894531,73.95124816894531
2017-12-14,232.03790283203125,99.9961166381836,60.070987701416016,118.93000030517578,73.95933532714844
2017-12-15,233.9701690673828,100.37145233154297,60.44756317138672,119.18000030517578,73.96745300292969
2017-12-18,235.45394897460938,99.4565200805664,60.84541702270508,119.7300033569336,73.97550201416016
2017-12-19,234.5496826171875,98.16616821289062,59.55234909057617,119.81999969482422,73.97712707519531
2017-12-20,234.42678833007812,97.0792007446289,58.86318588256836,120.13999938964844,73.97712707519531
2017-12-21,234.9095458984375,97.64498901367188,58.63520050048828,120.30999755859375,73.97712707519531
2017-12-22,234.84815979003906,97.77821350097656,59.03924560546875,120.94000244140625,73.9933090209961
2017-12-26,234.56719970703125,98.06816101074219,59.33504867553711,121.7699966430664,73.98522186279297
2017-12-27,234.68130493164062,99.34554290771484,59.52983856201172,122.2300033569336,74.00140380859375
2017-12-28,235.1641387939453,99.25934600830078,59.84729766845703,122.8499984741211,74.00140380859375
2017-12-29,234.27755737304688,99.41605377197266,59.86893844604492,123.6500015258789,73.98522186279297
2018-01-02,235.95437622070312,98.34246063232422,59.64527893066406,125.1500015258789,73.9933090209961
2018-01-03,237.4467315673828,98.81260681152344,59.472129821777344,124.81999969482422,74.00949096679688
2018-01-04,238.44754028320312,98.7969970703125,58.447608947753906,125.45999908447266,74.01760864257812
2018-01-05,240.03662109375,98.51485443115234,58.47647476196289,125.33000183105469,74.01760864257812
2018-01-08,240.47549438476562,98.45215606689453,58.77947998046875,125.30999755859375,74.02568817138672
2018-01-09,241.01979064941406,97.1355972290039,58.02192687988281,124.7300033569336,74.02568817138672
2018-01-10,240.65109252929688,97.01805877685547,57.372589111328125,125.02999877929688,74.02568817138672
2018-01-11,242.40684509277344,97.41771697998047,57.177791595458984,125.44000244140625,74.01760864257812
2018-01-12,243.9871826171875,97.58231353759766,56.71603012084961,126.95999908447266,74.04186248779297
2018-01-16,243.1531219482422,97.98983764648438,56.824275970458984,127.16999816894531,74.02568817138672
2018-01-17,245.47073364257812,97.8565673828125,57.22109603881836,126.13999938964844,74.04186248779297
2018-01-18,245.0582733154297,96.94754028320312,56.48517990112305,125.86000061035156,74.04186248779297
2018-01-19,246.173095703125,96.43812561035156,56.7881965637207,126.41999816894531,74.04997253417969
2018-01-22,248.17471313476562,96.5322265625,57.307655334472656,126.6500015258789,74.05804443359375
2018-01-23,248.70144653320312,96.94754028320312,58.10129165649414,127.27999877929688,74.05804443359375
2018-01-24,248.60484313964844,96.42243957519531,57.79826354980469,128.8300018310547,74.066162109375
2018-01-25,248.7102508544922,97.21395874023438,57.69727325439453,127.97000122070312,74.066162109375
2018-01-26,251.58969116210938,96.85348510742188,57.49525833129883,128.07000732421875,74.0823745727539
2018-01-29,249.92173767089844,96.17948913574219,56.72325134277344,127.3499984741211,74.066162109375
2018-01-30,247.35824584960938,95.61531066894531,56.31201934814453,126.80000305175781,74.07427978515625
2018-01-31,247.48118591308594,96.17948913574219,57.322086334228516,127.6500015258789,74.0823745727539
2018-02-01,247.2002716064453,94.7856216430664,56.08834457397461,128.07000732421875,74.07910919189453
2018-02-02,241.81875610351562,93.90606689453125,55.61217498779297,126.38999938964844,74.08723449707031
2018-02-05,231.70516967773438,94.7934799194336,53.9599609375,126.70999908447266,74.07910919189453
2018-02-06,236.27037048339844,94.20449829101562,53.967193603515625,125.37999725341797,74.08723449707031
2018-02-07,234.98863220214844,93.30927276611328,53.73630905151367,124.79000091552734,74.09529876708984
2018-02-08,226.17442321777344,93.20716857910156,52.19232940673828,124.9800033569336,74.08723449707031
2018-02-09,229.5719451904297,92.61823272705078,53.49821090698242,124.7699966430664,74.10340118408203
2018-02-12,232.9430694580078,93.02656555175781,53.51986312866211,125.37000274658203,74.10340118408203
2018-02-13,233.5225067138672,93.4427490234375,53.895023345947266,126.08000183105469,74.10340118408203
2018-02-14,236.6741943359375,92.40617370605469,53.50543212890625,128.22999572753906,74.10340118408203
2018-02-15,239.6942138671875,92.72029113769531,54.02488708496094,128.3800048828125,74.11152648925781
2018-02-16,239.7643585205078,93.222900390625,54.32070541381836,127.95999908447266,74.11962890625
2018-02-20,238.2631378173828,92.81452941894531,53.678592681884766,126.23999786376953,74.11962890625
2018-02-21,237.07798767089844,91.67584228515625,52.61800003051758,125.66000366210938,74.11152648925781
2018-02-22,237.38525390625,91.95067596435547,53.21684265136719,126.30000305175781,74.11962890625
2018-02-23,241.16905212402344,92.76742553710938,54.06818771362305,126.13999938964844,74.13580322265625
2018-02-26,243.96957397460938,92.79888916015625,54.21969985961914,126.44999694824219,74.11962890625
2018-02-27,240.92315673828125,92.66534423828125,52.957096099853516,125.12999725341797,74.13580322265625
2018-02-28,238.482666015625,93.25432586669922,52.921024322509766,125.0,74.14391326904297
2018-03-01,235.01492309570312,93.89089965820312,52.97153091430664,124.72000122070312,74.15122985839844
2018-03-02,236.2264404296875,93.1275863647461,52.94988250732422,125.38999938964844,74.1593246459961
2018-03-05,238.95668029785156,92.87581634521484,53.54871368408203,125.18000030517578,74.1593246459961
2018-03-06,239.56251525878906,92.96237182617188,53.80123519897461,126.52999877929688,74.1593246459961
2018-03-07,239.4747314453125,92.86009216308594,54.13311004638672,125.72000122070312,74.1593246459961
2018-03-08,240.63357543945312,93.39514923095703,54.23413848876953,125.41999816894531,74.15122985839844
2018-03-09,244.82113647460938,92.78137969970703,54.52992630004883,125.54000091552734,74.16742706298828
2018-03-12,244.51382446289062,93.31644439697266,54.76803207397461,125.54000091552734,74.1755599975586
2018-03-13,242.93362426757812,93.78861236572266,54.818538665771484,125.77999877929688,74.1755599975586
2018-03-14,241.68695068359375,94.61481475830078,54.86904525756836,125.69999694824219,74.1755599975586
2018-03-15,241.4236602783203,94.61481475830078,54.854591369628906,124.9000015258789,74.16742706298828
2018-03-16,241.68544006347656,94.27647399902344,55.237003326416016,124.5999984741211,74.18367767333984
2018-03-19,238.41531372070312,93.97745513916016,54.76082229614258,124.87000274658203,74.18367767333984
2018-03-20,238.82081604003906,93.5997314453125,54.573219299316406,124.30999755859375,74.1755599975586
2018-03-21,238.36248779296875,93.70204162597656,54.1692008972168,126.4800033569336,74.19176483154297
2018-03-22,232.40408325195312,94.63056182861328,53.85174560546875,125.9800033569336,74.19985961914062
2018-03-23,227.45050048828125,94.55975341796875,52.89216232299805,127.61000061035156,74.20800018310547
2018-03-26,233.67330932617188,94.19778442382812,53.493900299072266,128.27999877929688,74.19985961914062
2018-03-27,229.69813537597656,95.20498657226562,53.697879791259766,127.48999786376953,74.2160873413086
2018-03-28,229.01934814453125,95.4567642211914,55.045616149902344,125.7300033569336,74.2242202758789
2018-03-29,231.94573974609375,95.92101287841797,54.98006057739258,125.79000091552734,74.24044799804688
2018-04-02,226.93927001953125,96.11029052734375,54.23698425292969,127.26000213623047,74.23638153076172
2018-04-03,229.84793090820312,95.36904907226562,54.69593811035156,126.30000305175781,74.22823333740234
2018-04-04,232.3070831298828,95.17191314697266,55.27145004272461,126.44999694824219,74.24446868896484
2018-04-05,234.1404266357422,94.462158203125,55.249595642089844,125.80000305175781,74.25260162353516
2018-04-06,228.92247009277344,95.4952163696289,54.834346771240234,126.38999938964844,74.25260162353516
2018-04-09,230.0507049560547,95.65293884277344,54.65950393676758,126.81999969482422,74.26074981689453
2018-04-10,233.70860290527344,95.47946166992188,54.60122299194336,127.12000274658203,74.25260162353516
2018-04-11,232.48345947265625,95.81853485107422,54.7177848815918,128.11000061035156,74.26884460449219
2018-04-12,234.39608764648438,95.11671447753906,54.105838775634766,126.62000274658203,74.26884460449219
2018-04-13,233.70860290527344,95.33753204345703,54.38996505737305,127.44999694824219,74.26884460449219
2018-04-16,235.63006591796875,95.36904907226562,54.72506332397461,127.62999725341797,74.28506469726562
2018-04-17,238.15090942382812,95.62928771972656,55.366146087646484,127.75,74.28506469726562
2018-04-18,238.32720947265625,94.86434936523438,55.249595642089844,127.8499984741211,74.27696228027344
2018-04-19,237.00506591796875,94.09158325195312,54.4482421875,127.5999984741211,74.29318237304688
2018-04-20,234.9954376220703,93.41340637207031,53.945587158203125,126.62999725341797,74.29318237304688
2018-04-23,234.96017456054688,93.43707275390625,53.9018669128418,125.62000274658203,74.29318237304688
2018-04-24,231.7958984375,93.01122283935547,54.105838775634766,126.2300033569336,74.30133819580078
2018-04-25,232.36878967285156,92.38827514648438,54.00384521484375,125.41000366210938,74.30945587158203
2018-04-26,234.7310028076172,93.03495025634766,54.71049499511719,124.97000122070312,74.31758117675781
2018-04-27,234.95138549804688,93.75251007080078,55.65027618408203,125.5,74.3257064819336
2018-04-30,233.1444854736328,93.91809844970703,55.431705474853516,124.58999633789062,74.31758117675781
2018-05-01,233.55877685546875,93.579833984375,55.934383392333984,123.70999908447266,74.3232650756836
2018-05-02,231.98985290527344,93.47705841064453,55.73041534423828,123.6500015258789,74.33136749267578
2018-05-03,231.47854614257812,93.89595031738281,55.6939697265625,124.27999877929688,74.33136749267578
2018-05-04,234.47537231445312,94.0382080078125,56.30591583251953,124.54000091552734,74.34764099121094
2018-05-07,235.2687225341797,93.88803100585938,56.68475341796875,124.56999969482422,74.34764099121094
2018-05-08,235.2687225341797,93.80115509033203,56.400638580322266,124.58999633789062,74.35575866699219
2018-05-09,237.54286193847656,93.2400131225586,56.779449462890625,124.33000183105469,74.35575866699219
2018-05-10,239.76388549804688,93.99079895019531,57.22383499145508,125.18000030517578,74.35575866699219
2018-05-11,240.4954833984375,94.2279052734375,57.027137756347656,125.0,74.35575866699219
2018-05-14,240.61007690429688,93.73001098632812,56.539031982421875,124.48999786376953,74.35575866699219
2018-05-15,238.95294189453125,92.6630859375,55.621131896972656,122.4800033569336,74.37200164794922
2018-05-16,239.95777893066406,92.30745697021484,55.45357894897461,122.29000091552734,74.38011932373047
2018-05-17,239.7550506591797,91.8411865234375,55.176753997802734,122.36000061035156,74.38011932373047
2018-05-18,239.15579223632812,92.63145446777344,55.249595642089844,122.41000366210938,74.38829040527344
2018-05-21,240.9538116455078,92.67891693115234,55.90524673461914,122.4800033569336,74.38829040527344
2018-05-22,240.28395080566406,92.53660583496094,55.98537826538086,122.41000366210938,74.38829040527344
2018-05-23,240.9450225830078,93.20840454101562,56.54633712768555,122.54000091552734,74.39642333984375
2018-05-24,240.45143127441406,93.95127868652344,56.42977523803711,123.58999633789062,74.41268157958984
2018-05-25,239.87855529785156,94.53610229492188,56.62647247314453,123.20999908447266,74.42076110839844
2018-05-29,237.11965942382812,96.60672760009766,56.89601135253906,123.19000244140625,74.42076110839844
2018-05-30,240.28395080566406,95.95869445800781,57.6682243347168,123.37000274658203,74.41268157958984
2018-05-31,238.81201171875,95.80059814453125,57.47153091430664,123.0999984741211,74.42892456054688
2018-06-01,241.1566619873047,95.29444885253906,57.72649383544922,122.48999786376953,74.43376922607422
2018-06-04,242.30242919921875,94.60525512695312,58.229164123535156,122.37000274658203,74.44194793701172
2018-06-05,242.47877502441406,94.82703399658203,58.07617950439453,122.8499984741211,74.44194793701172
2018-06-06,244.5059356689453,94.05868530273438,58.214595794677734,122.91999816894531,74.43376922607422
2018-06-07,244.4794921875,94.96961212158203,58.214595794677734,122.86000061035156,74.44194793701172
2018-06-08,245.20228576660156,94.68450164794922,58.425865173339844,123.01000213623047,74.45822143554688
2018-06-11,245.5283966064453,94.51017761230469,58.33844757080078,123.2300033569336,74.46635437011719
2018-06-12,245.84576416015625,94.5339584350586,58.68812942504883,122.81999969482422,74.46635437011719
2018-06-13,245.0612335205078,94.48644256591797,57.54438400268555,123.19000244140625,74.45822143554688
2018-06-14,245.67832946777344,95.2706527709961,58.09075164794922,123.37999725341797,74.48262786865234
2018-06-15,245.36485290527344,95.3577880859375,58.05434036254883,121.33999633789062,74.48262786865234
2018-06-18,244.86016845703125,95.2706527709961,58.07050704956055,121.11000061035156,74.47447967529297
2018-06-19,243.92169189453125,95.82513427734375,58.011680603027344,120.80000305175781,74.49076080322266
2018-06-20,244.33778381347656,94.98551177978516,58.65870666503906,120.26000213623047,74.48262786865234
2018-06-21,242.8060302734375,95.48452758789062,58.938114166259766,120.05000305175781,74.49076080322266
2018-06-22,243.24874877929688,95.4765853881836,59.401309967041016,120.33999633789062,74.4989242553711
2018-06-25,239.93748474121094,95.69046783447266,59.24691390991211,119.88999938964844,74.51519775390625
2018-06-26,240.46868896484375,95.82513427734375,59.438072204589844,119.26000213623047,74.50704193115234
2018-06-27,238.4765625,96.7281723022461,59.210147857666016,118.58000183105469,74.52332305908203
2018-06-28,239.84007263183594,96.75196075439453,59.73954772949219,118.22000122070312,74.52332305908203
2018-06-29,240.18536376953125,96.41926574707031,59.88657760620117,118.6500015258789,74.53961181640625
2018-07-02,240.69882202148438,96.3437728881836,59.555721282958984,117.45999908447266,74.52902221679688
2018-07-03,239.848876953125,96.85984802246094,60.00421142578125,118.6500015258789,74.54531860351562
2018-07-05,241.8055877685547,97.13774871826172,60.71743392944336,119.05000305175781,74.54531860351562
2018-07-06,243.85089111328125,97.45531463623047,61.04092025756836,118.86000061035156,74.56158447265625
2018-07-09,246.046630859375,96.8281478881836,60.55565643310547,119.1500015258789,74.56158447265625
2018-07-10,246.9319610595703,96.82017517089844,60.680660247802734,118.93000030517578,74.56975555419922
2018-07-11,245.12582397460938,97.19331359863281,60.482139587402344,117.63999938964844,74.56975555419922
2018-07-12,247.34805297851562,97.18537902832031,60.665958404541016,118.12999725341797,74.56975555419922
2018-07-13,247.5428009033203,97.4314956665039,60.482139587402344,117.61000061035156,74.57789611816406
2018-07-16,247.32154846191406,97.0265884399414,60.15864181518555,117.55000305175781,74.58606719970703
2018-07-17,248.32196044921875,96.84397888183594,59.7615852355957,116.27999877929688,74.58606719970703
2018-07-18,248.84445190429688,96.45498657226562,59.49691390991211,116.30999755859375,74.59425354003906
2018-07-19,247.90586853027344,97.06632995605469,60.19538497924805,115.80999755859375,74.60238647460938
2018-07-20,247.62252807617188,95.87541198730469,59.61454391479492,116.55999755859375,74.61051940917969
2018-07-23,248.08294677734375,94.69245910644531,59.48955154418945,116.0,74.60238647460938
2018-07-24,249.33123779296875,95.01795959472656,59.188087463378906,116.04000091552734,74.61869812011719
2018-07-25,251.45620727539062,94.86711883544922,59.658653259277344,116.68000030517578,74.61051940917969
2018-07-26,250.86312866210938,94.6845474243164,59.8571662902832,115.7699966430664,74.61869812011719
2018-07-27,249.1631317138672,94.84326934814453,59.217498779296875,115.83000183105469,74.6349868774414
2018-07-30,247.8616180419922,94.51777648925781,59.254276275634766,115.6500015258789,74.6268310546875
2018-07-31,249.0834197998047,95.03382110595703,60.24687576293945,115.98999786376953,74.64313507080078
2018-08-01,248.66725158691406,94.25961303710938,60.673309326171875,115.13999938964844,74.64720153808594
2018-08-02,250.02197265625,94.39485931396484,60.4306640625,114.5199966430664,74.65534210205078
2018-08-03,251.0931854248047,94.86432647705078,61.085060119628906,114.91999816894531,74.65534210205078
2018-08-06,252.0140838623047,94.92002868652344,61.00419235229492,114.33000183105469,74.66352081298828
2018-08-07,252.84629821777344,94.42670440673828,60.89388656616211,114.58999633789062,74.67167663574219
2018-08-08,252.74008178710938,94.52220153808594,60.540985107421875,114.91000366210938,74.66352081298828
2018-08-09,252.39480590820312,95.31787109375,60.570369720458984,114.73999786376953,74.67167663574219
2018-08-10,250.7036895751953,96.01018524169922,60.1071662902832,114.69000244140625,74.68801879882812
2018-08-13,249.7651824951172,95.8112564086914,59.98952102661133,112.95999908447266,74.69618225097656
2018-08-14,251.35891723632812,95.59639739990234,60.28361129760742,113.06999969482422,74.67984771728516
2018-08-15,249.48190307617188,96.15338897705078,60.74684524536133,111.19000244140625,74.69618225097656
2018-08-16,251.50047302246094,96.14542388916016,61.23945617675781,111.0999984741211,74.69618225097656
2018-08-17,252.3859100341797,96.26480102539062,61.80561447143555,112.12999725341797,74.70433807373047
2018-08-20,252.92599487304688,96.90933227539062,61.84972381591797,112.69000244140625,74.70433807373047
2018-08-21,253.51918029785156,96.5831069946289,61.47475051879883,113.0199966430664,74.7125244140625
2018-08-22,253.36859130859375,96.96502685546875,61.12915802001953,113.2699966430664,74.7125244140625
2018-08-23,253.0322265625,97.1162109375,60.974769592285156,112.19999694824219,74.73699951171875
2018-08-24,254.55496215820312,97.30715942382812,61.33504104614258,114.16000366210938,74.73699951171875
2018-08-27,256.56494140625,96.75019836425781,61.11445617675781,114.58999633789062,74.74517059326172
2018-08-28,256.6888427734375,96.16930389404297,61.937931060791016,113.68000030517578,74.74517059326172
2018-08-29,258.0699462890625,96.2966537475586,61.952659606933594,114.19999694824219,74.73699951171875
2018-08-30,257.0252990722656,96.50349426269531,61.55561447143555,113.63999938964844,74.7696304321289
2018-08-31,257.03411865234375,96.28067779541016,61.79825210571289,113.51000213623047,74.76142120361328
2018-09-04,256.5914611816406,95.72403717041016,61.06299591064453,112.93000030517578,74.76799774169922
2018-09-05,255.9009246826172,95.46885681152344,61.41590118408203,113.31999969482422,74.75984191894531
2018-09-06,255.13052368164062,95.81976318359375,61.59236145019531,113.54000091552734,74.77618408203125
2018-09-07,254.63475036621094,95.00627136230469,60.923274993896484,113.2300033569336,74.79253387451172
2018-09-10,255.077392578125,95.35719299316406,61.195335388183594,113.1500015258789,74.79253387451172
2018-09-11,255.91848754882812,94.63150787353516,61.18800735473633,113.22000122070312,74.80072021484375
2018-09-12,255.98048400878906,94.85477447509766,61.217411041259766,114.16999816894531,74.80072021484375
2018-09-13,257.4945068359375,94.99832916259766,61.518856048583984,113.76000213623047,74.80072021484375
2018-09-14,257.538818359375,94.54375457763672,61.12915802001953,113.0199966430664,74.80889892578125
2018-09-17,256.17523193359375,94.54375457763672,61.32769012451172,113.61000061035156,74.82526397705078
2018-09-18,257.5652770996094,93.5548324584961,61.033592224121094,113.44000244140625,74.82526397705078
2018-09-19,257.8398132324219,92.99662780761719,60.32038879394531,113.87999725341797,74.82526397705078
2018-09-20,259.9293212890625,93.42724609375,60.886539459228516,114.2699966430664,74.84163665771484
2018-09-21,259.6918029785156,93.38737487792969,60.86445617675781,113.48999786376953,74.84163665771484
2018-09-24,258.8291931152344,93.14810180664062,59.77149200439453,113.47000122070312,74.84977722167969
2018-09-25,258.5890197753906,93.05242919921875,59.77894592285156,113.6500015258789,74.84977722167969
2018-09-26,257.815185546875,93.70636749267578,59.06320571899414,113.05000305175781,74.84977722167969
2018-09-27,258.53558349609375,93.77018737792969,59.34650802612305,112.05000305175781,74.8661117553711
2018-09-28,258.5622863769531,93.52293395996094,60.151737213134766,112.76000213623047,74.8661117553711
2018-10-01,259.46063232421875,92.83636474609375,59.592552185058594,112.56999969482422,74.87104034423828
2018-10-02,259.30938720703125,93.40384674072266,59.45835494995117,113.87000274658203,74.87924194335938
2018-10-03,259.45166015625,91.78132629394531,58.824623107910156,113.41999816894531,74.87924194335938
2018-10-04,257.4239501953125,91.13391876220703,58.33256149291992,113.4800033569336,74.89561462402344
2018-10-05,255.9831085205078,90.35061645507812,58.3027229309082,113.80000305175781,74.90380096435547
2018-10-08,255.9831085205078,90.0468978881836,59.14522171020508,112.54000091552734,74.90380096435547
2018-10-09,255.6095428466797,90.95808410644531,59.227237701416016,112.5999984741211,74.89561462402344
2018-10-10,247.51614379882812,90.71033477783203,58.34746551513672,112.87999725341797,74.91197204589844
2018-10-11,242.06423950195312,91.81329345703125,56.67741775512695,115.77999877929688,74.920166015625
2018-10-12,245.4261016845703,91.49358367919922,56.52828598022461,115.2300033569336,74.920166015625
2018-10-15,244.0475311279297,91.4535903930664,56.908538818359375,116.0,74.92835998535156
2018-10-16,249.38381958007812,91.66141510009766,58.07904815673828,115.80000305175781,74.93655395507812
2018-10-17,249.4282989501953,91.1178970336914,57.855411529541016,115.79000091552734,74.93655395507812
2018-10-18,245.82627868652344,91.08594512939453,57.743568420410156,115.91999816894531,74.93655395507812
2018-10-19,245.6929168701172,90.88616943359375,58.24308776855469,116.01000213623047,74.94473266601562
2018-10-22,244.59002685546875,90.76622009277344,57.43042755126953,115.70999908447266,74.96111297607422
2018-10-23,243.3449249267578,91.05396270751953,57.68391799926758,116.38999938964844,74.96111297607422
2018-10-24,235.97189331054688,91.7413558959961,58.22817611694336,116.66000366210938,74.96929931640625
2018-10-25,240.2053985595703,91.35770416259766,58.97373580932617,116.4000015258789,74.97749328613281
2018-10-26,235.9807586669922,91.90918731689453,57.55717468261719,116.7699966430664,74.98564910888672
2018-10-29,234.67343139648438,91.7013931274414,58.287811279296875,116.30999755859375,74.98564910888672
2018-10-30,238.15090942382812,91.24579620361328,59.085575103759766,115.80000305175781,74.98564910888672
2018-10-31,240.69454956054688,90.78225708007812,58.39218521118164,115.1500015258789,74.99385070800781
2018-11-01,243.25596618652344,90.86634826660156,58.66807174682617,116.62999725341797,75.01023864746094
2018-11-02,241.81517028808594,89.73663330078125,58.18343734741211,116.6500015258789,75.01023864746094
2018-11-05,243.1492156982422,90.08917999267578,59.048301696777344,116.37000274658203,75.01847076416016
2018-11-06,244.68788146972656,90.03311920166016,59.34650802612305,116.04000091552734,75.01847076416016
2018-11-07,249.9263153076172,90.15327453613281,60.054813385009766,116.02999877929688,75.02667236328125
2018-11-08,249.47280883789062,90.145263671875,60.09953689575195,115.77999877929688,75.03484344482422
2018-11-09,247.03582763671875,90.81827545166016,60.09208297729492,114.4800033569336,75.0512466430664
2018-11-12,242.41995239257812,91.41118621826172,60.211368560791016,113.66000366210938,75.04305267333984
2018-11-13,241.96633911132812,91.35505676269531,60.151737213134766,113.69999694824219,75.0512466430664
2018-11-14,240.3120574951172,91.41118621826172,60.00259780883789,114.63999938964844,75.04305267333984
2018-11-15,242.82022094726562,91.37113189697266,59.592552185058594,114.7699966430664,75.06766510009766
2018-11-16,243.45169067382812,91.89997100830078,60.233726501464844,115.62000274658203,75.07587432861328
2018-11-19,239.33380126953125,92.15634155273438,60.31571960449219,115.66999816894531,75.06766510009766
2018-11-20,234.90467834472656,92.1883773803711,59.696937561035156,115.66999816894531,75.08407592773438
2018-11-21,235.70510864257812,92.15634155273438,59.749114990234375,115.86000061035156,75.1004867553711
2018-11-23,234.13082885742188,92.25243377685547,59.62982940673828,115.7699966430664,75.1004867553711
2018-11-26,237.91079711914062,92.04413604736328,59.74165344238281,115.63999938964844,75.1086654663086
2018-11-27,238.711181640625,92.14832305908203,59.99515914916992,114.94999694824219,75.1086654663086
2018-11-28,244.2076416015625,91.6995849609375,60.53195571899414,115.37999725341797,75.11685180664062
2018-11-29,243.67401123046875,92.06017303466797,60.546852111816406,115.73999786376953,75.12506866455078
2018-11-30,245.1592559814453,92.40470123291016,61.12092971801758,115.54000091552734,75.13325500488281
2018-12-03,248.40557861328125,93.06082153320312,61.44898986816406,116.41000366210938,75.1308364868164
2018-12-04,240.35659790039062,94.61882019042969,60.53940963745117,117.12000274658203,75.1390151977539
2018-12-06,239.9918975830078,94.91593933105469,62.03798294067383,117.13999938964844,75.15547180175781
2018-12-07,234.41549682617188,95.0926284790039,61.225341796875,118.08999633789062,75.16365814208984
2018-12-10,234.86021423339844,95.4861068725586,60.83017349243164,117.68000030517578,75.17188262939453
2018-12-11,234.9134979248047,95.47003936767578,60.8599967956543,117.54000091552734,75.16365814208984
2018-12-12,236.0963897705078,95.0444107055664,59.92059326171875,117.79000091552734,75.18009185791016
2018-12-13,236.016357421875,94.81954193115234,60.26688003540039,117.52999877929688,75.1883316040039
2018-12-14,231.6584014892578,95.14881134033203,60.09336471557617,117.05999755859375,75.19654083251953
2018-12-17,227.11363220214844,95.70291900634766,57.8299560546875,117.87000274658203,75.20475769042969
2018-12-18,226.86460876464844,96.27604675292969,58.42599868774414,118.1500015258789,75.20475769042969
2018-12-19,223.4671173095703,97.5479507446289,57.78469467163086,117.43000030517578,75.19651794433594
2018-12-20,219.82957458496094,97.19378662109375,56.917057037353516,119.23999786376953,75.21295928955078
2018-12-21,215.3253631591797,97.17767333984375,56.1248664855957,118.72000122070312,75.22947692871094
2018-12-24,209.63580322265625,97.66067504882812,54.12552261352539,120.0199966430664,75.23767852783203
2018-12-26,220.22760009765625,96.61417388916016,55.936248779296875,119.66000366210938,75.22947692871094
2018-12-27,221.91839599609375,96.63030242919922,55.92869567871094,120.56999969482422,75.254150390625
2018-12-28,221.6321563720703,97.44332885742188,56.10979080200195,121.05999755859375,75.26237487792969
2018-12-31,223.57337951660156,97.81361389160156,56.26068115234375,121.25,75.27057647705078
2019-01-02,223.8059539794922,98.32881927490234,55.038429260253906,121.33000183105469,75.26237487792969
2019-01-03,218.46533203125,99.44771575927734,55.4232177734375,122.43000030517578,75.28707122802734
2019-01-04,225.7830047607422,98.29656982421875,56.07206726074219,121.44000244140625,75.2952651977539
2019-01-07,227.56320190429688,98.00682067871094,56.62282180786133,121.86000061035156,75.2952651977539
2019-01-08,229.7012481689453,97.74919128417969,57.792232513427734,121.52999877929688,75.2952651977539
2019-01-09,230.77474975585938,97.59624481201172,57.70924758911133,122.30999755859375,75.2952651977539
2019-01-10,231.58877563476562,96.96839904785156,58.493896484375,121.58999633789062,75.3034896850586
2019-01-11,231.67828369140625,97.34672546386719,58.65989685058594,121.80000305175781,75.31998443603516
2019-01-14,230.26483154296875,96.9844970703125,58.46370315551758,122.08999633789062,75.31172943115234
2019-01-15,232.9038543701172,96.63030242919922,59.022037506103516,121.87999725341797,75.32821655273438
2019-01-16,233.4674530029297,96.72686767578125,59.43696975708008,122.2699966430664,75.33642578125
2019-01-17,235.2386932373047,96.75102996826172,59.72367477416992,122.11000061035156,75.35289764404297
2019-01-18,238.36968994140625,96.24388885498047,59.92738723754883,121.0199966430664,75.35289764404297
2019-01-22,235.14923095703125,96.89593505859375,59.74632263183594,121.44999694824219,75.36113739013672
2019-01-23,235.6413116455078,96.85563659667969,59.753868103027344,121.27999877929688,75.36113739013672
2019-01-24,235.76651000976562,97.4916000366211,59.95756530761719,121.08999633789062,75.38580322265625
2019-01-25,237.76136779785156,97.02472686767578,60.70448303222656,122.86000061035156,75.37755584716797
2019-01-28,235.95440673828125,96.9281234741211,61.300533294677734,123.29000091552734,75.38580322265625
2019-01-29,235.6413116455078,97.41915893554688,61.78336715698242,123.9800033569336,75.38580322265625
2019-01-30,239.37168884277344,97.34672546386719,62.281333923339844,124.69000244140625,75.40226745605469
2019-01-31,241.47390747070312,98.18390655517578,62.9301643371582,124.75,75.40226745605469
2019-02-01,241.59024047851562,97.59087371826172,62.53030014038086,124.5,75.40968322753906
2019-02-04,243.28990173339844,97.15523529052734,62.99806594848633,123.95999908447266,75.41792297363281
2019-02-05,244.3096923828125,97.59895324707031,63.360225677490234,124.27999877929688,75.41792297363281
2019-02-06,243.9876708984375,97.64738464355469,62.94526290893555,123.44000244140625,75.43444061279297
2019-02-07,241.6618194580078,98.29279327392578,63.46584701538086,123.73999786376953,75.43444061279297
2019-02-08,241.95700073242188,98.71234130859375,63.46584701538086,124.20999908447266,75.45091247558594
2019-02-11,242.0911102294922,98.32512664794922,63.63936996459961,123.5999984741211,75.44264221191406
2019-02-12,245.2042999267578,98.07498168945312,63.2395133972168,123.86000061035156,75.45914459228516
2019-02-13,246.00048828125,97.70384216308594,63.563926696777344,123.37000274658203,75.45914459228516
2019-02-14,245.45477294921875,98.26052856445312,63.76762771606445,124.05999755859375,75.47564697265625
2019-02-15,248.12950134277344,98.41384887695312,64.1976547241211,124.80000305175781,75.47564697265625
2019-02-19,248.55897521972656,98.66395568847656,64.1825942993164,126.69999694824219,75.49215698242188
2019-02-20,249.0599365234375,98.3815689086914,63.782718658447266,126.4800033569336,75.49215698242188
2019-02-21,248.17431640625,97.50216674804688,63.843101501464844,125.05000305175781,75.5003890991211
2019-02-22,249.71298217773438,98.08303833007812,64.22029876708984,125.5,75.51688385009766
2019-02-25,250.05291748046875,97.79263305664062,63.71481704711914,125.37000274658203,75.5086441040039
2019-02-26,249.87399291992188,98.27669525146484,63.51865005493164,125.58000183105469,75.51688385009766
2019-02-27,249.7667236328125,97.16328430175781,63.2017822265625,124.69000244140625,75.52511596679688
2019-02-28,249.30149841308594,96.83248138427734,63.36775207519531,123.98999786376953,75.54161071777344
2019-03-01,250.85800170898438,95.93746185302734,63.171592712402344,121.87999725341797,75.54986572265625
2019-03-04,249.94557189941406,96.68939971923828,63.45829772949219,121.55999755859375,75.54161834716797
2019-03-05,249.6055908203125,96.89152526855469,63.63182830810547,121.72000122070312,75.54986572265625
2019-03-06,248.09378051757812,97.24727630615234,63.33757781982422,121.61000061035156,75.55814361572266
2019-03-07,246.01834106445312,97.8779067993164,63.2017822265625,121.51000213623047,75.5746841430664
2019-03-08,245.5263214111328,98.29024505615234,63.26970672607422,122.83999633789062,75.58292388916016
2019-03-11,249.08676147460938,97.99920654296875,64.1976547241211,122.23999786376953,75.58292388916016
2019-03-12,250.0260467529297,98.68635559082031,64.4919204711914,122.9800033569336,75.5911865234375
2019-03-13,251.68104553222656,98.50045776367188,64.80877685546875,123.83999633789062,75.59943389892578
2019-03-14,251.52003479003906,97.78897857666016,64.90685272216797,122.41000366210938,75.59943389892578
2019-03-15,252.76271057128906,98.43579864501953,64.70317077636719,122.97000122070312,75.60774230957031
2019-03-18,253.67919921875,98.37918853759766,64.37876892089844,123.04000091552734,75.61595916748047
2019-03-19,253.74220275878906,98.160888671875,64.1825942993164,123.37999725341797,75.61595916748047
2019-03-20,252.97828674316406,99.18768310546875,64.37876892089844,124.18000030517578,75.61595916748047
2019-03-21,255.83563232421875,99.40599822998047,65.52554321289062,123.68000030517578,75.64076232910156
2019-03-22,250.91172790527344,100.95022583007812,65.05022430419922,123.97000122070312,75.64076232910156
2019-03-25,250.72300720214844,101.11195373535156,65.13323211669922,124.91999816894531,75.64076232910156
2019-03-26,252.5919647216797,101.03915405273438,65.6537857055664,124.30000305175781,75.64903259277344
2019-03-27,251.27117919921875,101.96894836425781,65.46517181396484,123.6500015258789,75.65726470947266
2019-03-28,252.22360229492188,102.32467651367188,66.10041046142578,121.9000015258789,75.67379760742188
2019-03-29,253.81399536132812,102.22770690917969,66.03964233398438,122.01000213623047,75.67379760742188
2019-04-01,256.82403564453125,100.77562713623047,66.00164031982422,121.52999877929688,75.68706512451172
2019-04-02,256.9498596191406,100.96199035644531,66.46516418457031,121.9800033569336,75.67874908447266
2019-04-03,257.35406494140625,100.08690643310547,66.38917541503906,121.80000305175781,75.68706512451172
2019-04-04,258.0369567871094,100.37052154541016,66.28278350830078,122.11000061035156,75.71189880371094
2019-04-05,259.2859802246094,100.50013732910156,66.74629974365234,121.9800033569336,75.71189880371094
2019-04-08,259.4836730957031,100.14361572265625,66.37397766113281,122.51000213623047,75.71189880371094
2019-04-09,258.15380859375,100.45965576171875,66.02444458007812,123.1500015258789,75.72014617919922
2019-04-10,259.0343322753906,100.70275115966797,66.63233947753906,123.52999877929688,75.72014617919922
2019-04-11,258.9625244140625,100.11119079589844,66.58674621582031,121.94999694824219,75.74501037597656
2019-04-12,260.7145080566406,99.39815521240234,66.9058837890625,121.83000183105469,75.74501037597656
2019-04-15,260.54388427734375,99.6493148803711,66.56396484375,121.5999984741211,75.7532958984375
2019-04-16,260.7145080566406,99.02544403076172,65.05943298339844,120.51000213623047,75.7532958984375
2019-04-17,260.0766296386719,99.06591796875,64.46671295166016,120.27999877929688,75.76982879638672
2019-04-18,260.58880615234375,99.58455657958984,64.96062469482422,120.37000274658203,75.77810668945312
2019-04-22,260.8134460449219,99.1064453125,64.24636840820312,120.37000274658203,75.77810668945312
2019-04-23,263.15863037109375,99.31712341308594,65.09739685058594,120.12000274658203,75.77810668945312
2019-04-24,262.5745544433594,100.12741088867188,65.57611846923828,120.47000122070312,75.79463958740234
2019-04-25,262.412841796875,99.98155975341797,65.4393539428711,120.56999969482422,75.81121826171875
2019-04-26,263.6347351074219,100.32183074951172,65.95604705810547,121.37000274658203,75.80294799804688
2019-04-29,264.048095703125,99.68177795410156,65.31018829345703,120.83000183105469,75.81121826171875
2019-04-30,264.182861328125,100.19222259521484,65.9332504272461,121.19999694824219,75.81947326660156
2019-05-01,262.19708251953125,100.60552215576172,65.98645782470703,120.4000015258789,75.82279205322266
2019-05-02,261.6310119628906,100.12646484375,66.05482482910156,119.94000244140625,75.83112335205078
2019-05-03,264.19183349609375,100.41067504882812,66.61711883544922,120.6500015258789,75.83934020996094
2019-05-06,263.1046447753906,100.68672180175781,66.40437316894531,120.80999755859375,75.84767150878906
2019-05-07,258.7109069824219,101.4581298828125,65.20376586914062,121.20999908447266,75.8559799194336
2019-05-08,258.35150146484375,101.0196762084961,65.13540649414062,120.91000366210938,75.8559799194336
2019-05-09,257.56976318359375,101.43375396728516,65.30257415771484,121.19999694824219,75.8642578125
2019-05-10,258.8636779785156,101.29571533203125,66.00164031982422,121.43000030517578,75.88086700439453
2019-05-13,252.35838317871094,102.09147644042969,65.9332504272461,122.66999816894531,75.87256622314453
2019-05-14,254.640625,101.791015625,66.1764144897461,122.45999908447266,75.88086700439453
2019-05-15,256.13214111328125,102.41626739501953,66.6247329711914,122.38999938964844,75.88916015625
2019-05-16,258.5042724609375,102.07525634765625,66.89067840576172,121.51000213623047,75.89745330810547
2019-05-17,256.8329772949219,102.30261993408203,66.76150512695312,120.6500015258789,75.90572357177734
2019-05-20,255.13478088378906,102.09147644042969,65.79647827148438,120.63999938964844,75.91403198242188
2019-05-21,257.4349060058594,101.92908477783203,66.35877227783203,120.36000061035156,75.91403198242188
2019-05-22,256.6443176269531,102.51371002197266,66.55632781982422,120.23999786376953,75.93063354492188
2019-05-23,253.50851440429688,103.6667251586914,66.70830535888672,121.16999816894531,75.94721221923828
2019-05-24,254.08355712890625,103.75606536865234,66.91346740722656,121.30000305175781,75.94721221923828
2019-05-28,251.7204132080078,104.50310516357422,66.25240325927734,120.83000183105469,75.95548248291016
2019-05-29,250.03114318847656,104.81979370117188,65.37094116210938,120.87000274658203,75.95548248291016
2019-05-30,250.71401977539062,105.7210464477539,65.6445083618164,121.69000244140625,75.98036193847656
2019-05-31,247.33563232421875,107.04461669921875,66.02444458007812,123.33000183105469,75.98036193847656
2019-06-03,246.7067108154297,107.7606201171875,66.18401336669922,125.11000061035156,75.9770736694336
2019-06-04,252.06185913085938,106.53201293945312,65.8876724243164,125.1500015258789,75.99365234375
2019-06-05,254.2452850341797,105.92987823486328,67.26299285888672,125.47000122070312,75.99365234375
2019-06-06,255.8984832763672,106.27165985107422,67.3921890258789,125.87999725341797,76.01859283447266
2019-06-07,258.45928955078125,107.19107055664062,67.64295196533203,126.58999633789062,76.01026916503906
2019-06-10,259.6453552246094,106.18217468261719,67.42259216308594,125.33000183105469,76.02691650390625
2019-06-11,259.5824890136719,106.24724578857422,67.6049575805664,125.18000030517578,76.01859283447266
2019-06-12,259.1241455078125,106.32858276367188,67.8329086303711,125.83000183105469,76.02691650390625
2019-06-13,260.19342041015625,106.6947250366211,68.12166595458984,126.5999984741211,76.05181884765625
2019-06-14,259.9059753417969,106.9632568359375,68.15965270996094,126.55999755859375,76.06014251708984
2019-06-17,260.0047302246094,107.1503677368164,68.8891372680664,126.4800033569336,76.06014251708984
2019-06-18,262.7273254394531,107.68741607666016,68.82073211669922,127.12000274658203,76.06014251708984
2019-06-19,263.3203430175781,107.84202575683594,69.19306945800781,127.88999938964844,76.07677459716797
2019-06-20,265.8361511230469,108.12677001953125,69.54259490966797,131.11000061035156,76.0850601196289
2019-06-21,265.4497375488281,106.9388198852539,68.56236267089844,131.97999572753906,76.0850601196289
2019-06-24,265.124755859375,107.7362289428711,68.3268051147461,133.94000244140625,76.0933837890625
2019-06-25,262.5243225097656,108.06985473632812,67.31620025634766,134.1999969482422,76.0933837890625
2019-06-26,262.262451171875,107.37822723388672,65.97125244140625,132.97000122070312,76.10997009277344
2019-06-27,263.1925354003906,108.13491821289062,66.82051086425781,132.83999633789062,76.10997009277344
2019-06-28,264.5468444824219,108.06168365478516,67.0506591796875,133.1999969482422,76.11830139160156
2019-07-01,266.9485168457031,107.80895233154297,67.01998138427734,130.6199951171875,76.1141357421875
2019-07-02,267.6437072753906,108.64049530029297,68.18605041503906,133.41000366210938,76.12244415283203
2019-07-03,269.7835693359375,109.41502380371094,68.99928283691406,133.6300048828125,76.14742279052734
2019-07-05,269.47662353515625,107.96385955810547,68.7537841796875,132.13999938964844,76.13912963867188
2019-07-08,267.995849609375,108.11063385009766,68.99928283691406,131.2899932861328,76.13912963867188
2019-07-09,268.3299560546875,108.06986236572266,69.22940826416016,131.75,76.14742279052734
2019-07-10,269.612060546875,107.47469329833984,69.62834930419922,133.8300018310547,76.15576171875
2019-07-11,270.24407958984375,106.03987121582031,68.72309875488281,132.6999969482422,76.17243194580078
2019-07-12,271.4539489746094,106.16210174560547,68.63103485107422,133.52999877929688,76.18073272705078
2019-07-15,271.544189453125,106.7735824584961,68.57732391357422,133.52999877929688,76.18073272705078
2019-07-16,270.6684875488281,106.45569610595703,68.41622924804688,132.39999389648438,76.18904876708984
2019-07-17,268.8265686035156,107.60516357421875,68.18605041503906,134.5800018310547,76.18904876708984
2019-07-18,269.8106384277344,107.61326599121094,68.18605041503906,136.47999572753906,76.21404266357422
2019-07-19,268.3119201660156,107.36055755615234,67.07366943359375,134.47000122070312,76.21404266357422
2019-07-22,268.97100830078125,107.56438446044922,67.01229858398438,134.4499969482422,76.21404266357422
2019-07-23,270.8941650390625,106.97742462158203,67.77180480957031,133.69000244140625,76.20568084716797
2019-07-24,272.1671447753906,107.44207763671875,67.82550048828125,134.3699951171875,76.22234344482422
2019-07-25,270.8670349121094,106.92850494384766,67.42657470703125,133.4199981689453,76.23898315429688
2019-07-26,272.6819152832031,107.18119812011719,67.73344421386719,133.63999938964844,76.23067474365234
2019-07-29,272.1852722167969,107.21381378173828,67.91755676269531,134.52999877929688,76.24730682373047
2019-07-30,271.51715087890625,107.47469329833984,68.4622573852539,134.97999572753906,76.24730682373047
2019-07-31,268.546630859375,108.3388900756836,68.19374084472656,133.2100067138672,76.25565338134766
2019-08-01,266.2081298828125,110.49056243896484,68.19374084472656,136.41000366210938,76.2764892578125
2019-08-02,264.2037658691406,111.51160430908203,68.52362823486328,135.88999938964844,76.2764892578125
2019-08-05,256.25823974609375,113.439453125,67.17341613769531,137.7899932861328,76.2681655883789
2019-08-06,259.8517761230469,114.34617614746094,67.91755676269531,138.91000366210938,76.2764892578125
2019-08-07,260.0053405761719,114.38705444335938,68.57732391357422,141.02000427246094,76.29318237304688
2019-08-08,265.1066589355469,114.63207244873047,69.78177642822266,141.72999572753906,76.30152130126953
2019-08-09,263.30078125,114.40333557128906,69.69739532470703,141.25999450683594,76.29318237304688
2019-08-12,260.0955505371094,116.78863525390625,69.51325988769531,142.6300048828125,76.30985260009766
2019-08-13,264.1405029296875,116.38835906982422,69.61300659179688,141.77999877929688,76.31819152832031
2019-08-14,256.3305358886719,119.01055145263672,68.55430603027344,142.75,76.30985260009766
2019-08-15,257.00775146484375,120.33390045166016,69.23709869384766,143.6999969482422,76.34320068359375
2019-08-16,260.7997741699219,119.36994171142578,69.9505386352539,142.77999877929688,76.3348388671875
2019-08-19,263.94195556640625,117.66265106201172,70.45689392089844,141.11000061035156,76.3348388671875
2019-08-20,261.91943359375,118.87981414794922,69.95823669433594,142.2100067138672,76.34320068359375
2019-08-21,264.05023193359375,118.0874252319336,70.24974060058594,141.75999450683594,76.3348388671875
2019-08-22,263.9689636230469,117.30326080322266,70.57197570800781,141.39999389648438,76.35986328125
2019-08-23,257.1883239746094,119.23108673095703,69.58230590820312,144.1699981689453,76.35151672363281
2019-08-26,260.0323486328125,118.74903106689453,70.11934661865234,144.19000244140625,76.35986328125
2019-08-27,259.0121154785156,120.57894897460938,69.91988372802734,145.57000732421875,76.36819458007812
2019-08-28,260.8359680175781,120.73416137695312,70.15003204345703,145.16000366210938,76.35986328125
2019-08-29,264.16766357421875,120.2766342163086,70.6947250366211,144.1199951171875,76.37654113769531
2019-08-30,264.05023193359375,120.30931091308594,70.74842071533203,143.75,76.3848876953125
2019-09-03,262.5061950683594,120.46490478515625,71.4542236328125,145.75,76.39990997314453
2019-09-04,265.4859619140625,120.64483642578125,72.05259704589844,146.66000366210938,76.39154052734375
2019-09-05,268.8987121582031,118.45992279052734,71.53093719482422,143.13999938964844,76.39990997314453
2019-09-06,269.1064453125,119.30286407470703,71.69203186035156,141.9199981689453,76.40827941894531
2019-09-09,269.2419128417969,117.18338012695312,71.3468017578125,141.38999938964844,76.40827941894531
2019-09-10,269.1786193847656,115.12944030761719,70.6103286743164,140.17999267578125,76.42495727539062
2019-09-11,271.0927734375,114.9248275756836,70.68702697753906,141.02999877929688,76.41661071777344
2019-09-12,272.03179931640625,114.17195129394531,71.06295776367188,141.32000732421875,76.4333267211914
2019-09-13,271.8511962890625,111.73335266113281,70.303466796875,140.14999389648438,76.4333267211914
2019-09-16,271.01153564453125,113.1572494506836,70.91722106933594,141.32000732421875,76.4333267211914
2019-09-17,271.69775390625,113.77096557617188,71.68436431884766,141.60000610351562,76.44168853759766
2019-09-18,271.8602600097656,114.25373077392578,71.43887329101562,140.7100067138672,76.4583969116211
2019-09-19,271.8422546386719,114.5975341796875,71.69203186035156,141.27999877929688,76.4583969116211
2019-09-20,270.5578308105469,116.11140441894531,71.69203186035156,142.9499969482422,76.46675872802734
2019-09-23,270.4942932128906,116.08683776855469,71.8071060180664,143.75,76.48345184326172
2019-09-24,268.3718566894531,117.4861068725586,71.6478042602539,144.50999450683594,76.48345184326172
2019-09-25,269.9591064453125,115.76768493652344,71.78700256347656,141.8300018310547,76.48345184326172
2019-09-26,269.396728515625,116.51235961914062,72.39018249511719,141.7899932861328,76.50017547607422
2019-09-27,267.94537353515625,116.79876708984375,71.98807525634766,141.05999755859375,76.50017547607422
2019-09-30,269.1881408691406,117.08522033691406,72.11180114746094,138.8699951171875,76.50849914550781
2019-10-01,265.9861755371094,117.43767547607422,71.43128967285156,139.6300048828125,76.50597381591797
2019-10-02,261.28759765625,117.7245864868164,71.12970733642578,141.25999450683594,76.50597381591797
2019-10-03,263.42828369140625,118.79840087890625,71.81793975830078,141.89999389648438,76.5311050415039
2019-10-04,266.9930114746094,119.67567443847656,72.25100708007812,141.89999389648438,76.5311050415039
2019-10-07,265.8410339355469,118.68368530273438,72.0963363647461,140.69000244140625,76.53943634033203
2019-10-08,261.7139587402344,119.00341796875,71.71742248535156,141.9199981689453,76.53943634033203
2019-10-09,264.19927978515625,118.33122253417969,71.8565902709961,142.0500030517578,76.53943634033203
2019-10-10,265.9861755371094,116.56871032714844,71.97258758544922,140.80999755859375,76.55621337890625
2019-10-11,268.7437438964844,115.12596893310547,71.94168090820312,140.02999877929688,76.5645523071289
2019-10-14,268.4443359375,115.96208190917969,71.97258758544922,140.58999633789062,76.55621337890625
2019-10-15,271.10211181640625,114.5603256225586,72.06539916992188,139.61000061035156,76.5645523071289
2019-10-16,270.66668701171875,114.69970703125,72.07311248779297,140.41000366210938,76.5728988647461
2019-10-17,271.4648132324219,114.42101287841797,72.54483795166016,140.61000061035156,76.58130645751953
2019-10-18,270.2764892578125,114.42101287841797,73.1016616821289,140.4600067138672,76.58130645751953
2019-10-21,272.10888671875,113.56022644042969,73.65843200683594,139.7899932861328,76.58965301513672
2019-10-22,271.219970703125,114.22421264648438,73.44190216064453,140.1999969482422,76.58965301513672
2019-10-23,272.0090637207031,114.3390121459961,73.60430145263672,140.52999877929688,76.58965301513672
2019-10-24,272.4535217285156,114.10946655273438,73.41869354248047,141.52999877929688,76.60636901855469
2019-10-25,273.5692443847656,113.55205535888672,72.79230499267578,141.86000061035156,76.60636901855469
2019-10-28,275.11114501953125,112.5191650390625,72.35150909423828,140.63999938964844,76.59803009033203
2019-10-29,275.0296630859375,112.59296417236328,72.79230499267578,140.25,76.61476135253906
2019-10-30,275.8731384277344,114.24068450927734,73.05524444580078,141.02000427246094,76.62310028076172
2019-10-31,275.138427734375,115.78173828125,72.92377471923828,142.42999267578125,76.63146209716797
2019-11-01,277.68731689453125,115.42533111572266,72.9083023071289,142.55999755859375,76.63064575195312
2019-11-04,278.8029479980469,113.90621185302734,72.3979263305664,142.14999389648438,76.6390380859375
2019-11-05,278.49462890625,112.62517547607422,71.1683578491211,139.85000610351562,76.63064575195312
2019-11-06,278.5580749511719,113.3067398071289,71.32301330566406,140.4499969482422,76.6390380859375
2019-11-07,279.5377197265625,111.25373840332031,70.61155700683594,138.27000427246094,76.6557846069336
2019-11-08,280.22698974609375,110.78568267822266,70.4414291381836,137.38999938964844,76.6557846069336
2019-11-11,279.69195556640625,110.8596420288086,70.59609985351562,137.05999755859375,76.6557846069336
2019-11-12,280.2815246582031,111.36872863769531,70.0625,137.42999267578125,76.66416931152344
2019-11-13,280.3722229003906,112.09138488769531,70.70435333251953,137.97999572753906,76.66416931152344
2019-11-14,280.7803649902344,113.24928283691406,71.25341033935547,138.55999755859375,76.67256164550781
2019-11-15,282.81219482421875,113.12606048583984,71.64007568359375,138.2100067138672,76.66416931152344
2019-11-18,283.020751953125,113.33135986328125,71.98807525634766,138.6199951171875,76.68090057373047
2019-11-19,282.939208984375,114.2757568359375,72.11180114746094,138.69000244140625,76.67256164550781
2019-11-20,281.8869323730469,115.45823669433594,72.07311248779297,138.75999450683594,76.68090057373047
2019-11-21,281.4334716796875,114.73555755615234,71.06008911132812,138.0,76.68090057373047
2019-11-22,282.059326171875,114.88333129882812,70.79714965820312,137.74000549316406,76.68929290771484
2019-11-25,284.2453308105469,115.22006225585938,71.02140808105469,137.0800018310547,76.68929290771484
2019-11-26,284.889404296875,115.89344787597656,71.96485137939453,137.74000549316406,76.69768524169922
2019-11-27,286.1593017578125,115.55670166015625,72.30511474609375,137.00999450683594,76.71443176269531
2019-11-29,285.09796142578125,115.31036376953125,71.97258758544922,137.86000061035156,76.71443176269531
2019-12-02,282.6761169433594,113.77300262451172,70.88224029541016,137.7899932861328,76.72030639648438
2019-12-03,280.7803649902344,116.15853118896484,71.33848571777344,139.11000061035156,76.71192932128906
2019-12-04,282.5128479003906,114.99862670898438,71.63233947753906,138.9199981689453,76.72030639648438
2019-12-05,283.020751953125,114.4393081665039,71.67101287841797,139.0,76.73711395263672
2019-12-06,285.60601806640625,113.80589294433594,71.81793975830078,137.6199951171875,76.73711395263672
2019-12-09,284.7079162597656,114.05265045166016,71.95712280273438,137.5800018310547,76.74544525146484
2019-12-10,284.39044189453125,114.06092834472656,71.53955078125,137.97000122070312,76.74544525146484
2019-12-11,285.1977233886719,114.95748138427734,70.81260681152344,138.9199981689453,76.74544525146484
2019-12-12,287.65582275390625,113.06550598144531,69.85372924804688,138.42999267578125,76.76225280761719
2019-12-13,287.8282165527344,114.37345123291016,69.86915588378906,139.0500030517578,76.74544525146484
2019-12-16,289.80560302734375,113.34526824951172,70.371826171875,139.0399932861328,76.76225280761719
2019-12-17,289.86907958984375,113.18891143798828,69.706787109375,139.00999450683594,76.75385284423828
2019-12-18,289.88726806640625,112.2593765258789,70.55638885498047,139.02000427246094,76.77066802978516
2019-12-19,291.0755310058594,112.43898010253906,71.18170928955078,139.3800048828125,76.7790298461914
2019-12-20,292.3515625,112.5872802734375,71.57250213623047,139.52000427246094,76.78323364257812
2019-12-23,292.7982482910156,112.42256164550781,71.21296691894531,139.9499969482422,76.78323364257812
2019-12-24,292.80731201171875,112.74388885498047,71.4005355834961,141.27000427246094,76.79164123535156
2019-12-26,294.36602783203125,113.0157699584961,71.71320343017578,142.3800048828125,76.80000305175781
2019-12-27,294.2931823730469,113.13935089111328,71.93987274169922,142.3300018310547,76.79164123535156
2019-12-30,292.67071533203125,112.72740936279297,72.01019287109375,142.6300048828125,76.80000305175781
2019-12-31,293.3816223144531,111.62332153320312,72.52606201171875,142.89999389648438,76.80000305175781
2020-01-02,296.1252746582031,112.88395690917969,71.6740951538086,143.9499969482422,76.82521057128906
2020-01-03,293.8829345703125,114.6224136352539,72.11962890625,145.86000061035156,76.82521057128906
2020-01-06,295.004150390625,113.97151947021484,72.20560455322266,147.38999938964844,76.81681823730469
2020-01-07,294.1747131347656,113.41123962402344,71.4005355834961,147.97000122070312,76.81681823730469
2020-01-08,295.7424621582031,112.66149139404297,71.61940002441406,146.86000061035156,76.8336410522461
2020-01-09,297.74786376953125,113.05691528320312,71.580322265625,146.02999877929688,76.842041015625
2020-01-10,296.890869140625,114.0621337890625,72.12744903564453,146.91000366210938,76.842041015625
2020-01-13,298.93267822265625,113.71607971191406,72.99502563476562,145.82000732421875,76.842041015625
2020-01-14,298.47698974609375,114.30104064941406,72.72148132324219,145.69000244140625,76.842041015625
2020-01-15,299.15155029296875,115.05905151367188,73.37801361083984,146.5399932861328,76.8504409790039
2020-01-16,301.63995361328125,114.69652557373047,73.96424865722656,146.30999755859375,76.86722564697266
2020-01-17,302.5788879394531,113.71607971191406,74.03459930419922,146.5800018310547,76.85881805419922
2020-01-21,301.986328125,114.91078186035156,74.73805236816406,146.74000549316406,76.86722564697266
2020-01-22,302.0227966308594,115.31449127197266,74.23783874511719,146.7899932861328,76.86722564697266
2020-01-23,302.36920166015625,116.12184143066406,74.86309051513672,147.1199951171875,76.87562561035156
2020-01-24,299.68017578125,117.06116485595703,74.60516357421875,147.97999572753906,76.87562561035156
2020-01-27,294.87652587890625,118.88206481933594,74.24560546875,148.99000549316406,76.88404083251953
2020-01-28,297.966552734375,117.95093536376953,74.54264068603516,147.66000366210938,76.88404083251953
2020-01-29,297.720458984375,119.10444641113281,74.26908111572266,148.4600067138672,76.89242553710938
2020-01-30,298.68670654296875,119.12092590332031,74.32379913330078,148.47000122070312,76.89242553710938
2020-01-31,293.2630920410156,120.20852661132812,73.41710662841797,149.3300018310547,76.89242553710938
2020-02-03,295.4416198730469,120.1111068725586,73.659423828125,148.36000061035156,76.899169921875
2020-02-04,299.944580078125,118.49353790283203,74.4175796508789,146.42999267578125,76.899169921875
2020-02-05,303.4083557128906,117.19786834716797,74.46446990966797,146.61000061035156,76.91596984863281
2020-02-06,304.4292297363281,117.72605895996094,74.71459197998047,147.39999389648438,76.92437744140625
2020-02-07,302.8067932128906,119.19503784179688,74.69895935058594,147.7899932861328,76.92437744140625
2020-02-10,305.0672302246094,119.52513122558594,75.53528594970703,148.1699981689453,76.91596984863281
2020-02-11,305.5959777832031,118.92267608642578,76.10588836669922,147.66000366210938,76.92437744140625
2020-02-12,307.56488037109375,118.32024383544922,76.55919647216797,147.5399932861328,76.93280792236328
2020-02-13,307.2367248535156,118.7741470336914,77.02033996582031,148.3800048828125,76.94122314453125
2020-02-14,307.72894287109375,119.29403686523438,77.81759643554688,149.0,76.94122314453125
2020-02-18,306.9359130859375,120.1111068725586,77.73161315917969,150.91000366210938,76.9496078491211
2020-02-19,308.4034729003906,120.1028823852539,76.68426513671875,151.7899932861328,76.9496078491211
2020-02-20,307.1365051269531,121.04364776611328,77.59874725341797,152.41000366210938,76.9496078491211
2020-02-21,303.9735107421875,122.17426300048828,77.82542419433594,154.6999969482422,76.96644592285156
2020-02-24,293.89202880859375,123.9981460571289,76.7624282836914,156.08999633789062,76.9580307006836
2020-02-25,284.9864196777344,124.65834045410156,74.68331909179688,153.3000030517578,76.9580307006836
2020-02-26,283.9382629394531,123.9981460571289,73.87824249267578,153.97000122070312,76.97486114501953
2020-02-27,271.18609619140625,125.3433837890625,69.94671630859375,154.0,76.99166107177734
2020-02-28,270.04669189453125,128.1741180419922,68.25843811035156,148.3800048828125,76.9832534790039
2020-03-02,281.7414855957031,127.23104858398438,71.17386627197266,149.1999969482422,77.00598907470703
2020-03-03,273.67462158203125,129.20640563964844,71.00973510742188,153.88999938964844,77.0228500366211
2020-03-04,285.1779479980469,127.83441162109375,73.6906509399414,154.16000366210938,77.0565185546875
2020-03-05,275.69818115234375,131.01632690429688,72.11180114746094,157.49000549316406,77.07332611083984
2020-03-06,271.1405029296875,137.8350830078125,70.86904907226562,157.5500030517578,77.07332611083984
2020-03-09,249.96597290039062,141.5707550048828,65.40555572509766,157.80999755859375,77.10700225830078
2020-03-10,262.9004211425781,134.3141326904297,68.1688461303711,154.47999572753906,77.09016418457031
2020-03-11,250.08444213867188,129.3716583251953,64.0727310180664,153.92999267578125,77.10700225830078
2020-03-12,226.15707397460938,130.1733856201172,57.58196258544922,147.7899932861328,77.11543273925781
2020-03-13,245.490478515625,127.23104858398438,62.607608795166016,143.27999877929688,77.13227844238281
2020-03-16,218.6279296875,135.4712371826172,51.5086784362793,141.63999938964844,77.14070129394531
2020-03-17,230.43209838867188,126.43762969970703,54.48624801635742,143.55999755859375,77.14070129394531
2020-03-18,218.76467895507812,119.30491638183594,49.30308151245117,140.6999969482422,77.15753936767578
2020-03-19,219.2294921875,122.55307006835938,49.47637939453125,138.0399932861328,77.14070129394531
2020-03-20,209.781982421875,131.7685089111328,47.01082992553711,140.11000061035156,77.16594696044922
2020-03-23,204.41827392578125,137.19854736328125,44.82886505126953,146.3000030517578,77.14910888671875
2020-03-24,222.93922424316406,134.6446990966797,48.861961364746094,153.39999389648438,77.14910888671875
2020-03-25,226.27662658691406,134.3389129638672,51.49293899536133,151.3000030517578,77.14910888671875
2020-03-26,239.48886108398438,135.0000762939453,55.12430191040039,153.24000549316406,77.14910888671875
2020-03-27,232.35552978515625,138.6035919189453,55.17945098876953,152.25,77.13227844238281
2020-03-30,239.90147399902344,137.46310424804688,56.384639739990234,152.9199981689453,77.13227844238281
2020-03-31,236.32562255859375,136.3472900390625,55.021888732910156,148.0500030517578,77.14070129394531
2020-04-01,225.6898651123047,138.25762939453125,51.40629196166992,149.4499969482422,77.13394165039062
2020-04-02,230.897705078125,139.1349639892578,51.5795783996582,151.89999389648438,77.14237213134766
2020-04-03,227.5602569580078,139.466064453125,50.83125305175781,152.64999389648438,77.11710357666016
2020-04-06,242.84461975097656,139.1018829345703,54.59652328491211,156.8800048828125,77.12554931640625
2020-04-07,243.09222412109375,137.64520263671875,55.10066223144531,156.0399932861328,77.10867309570312
2020-04-08,251.2524871826172,136.64361572265625,58.85806655883789,154.64999389648438,77.11710357666016
2020-04-09,255.0758514404297,136.8919219970703,62.15859603881836,158.69000244140625,77.10026550292969
2020-04-13,252.7470245361328,135.6421661376953,59.54338455200195,161.41000366210938,77.11710357666016
2020-04-14,260.20123291015625,135.6090545654297,61.213340759277344,162.67999267578125,77.12554931640625
2020-04-15,254.67237854003906,139.20115661621094,58.78716278076172,161.85000610351562,77.11710357666016
2020-04-16,255.9009552001953,140.78204345703125,58.11761474609375,161.7100067138672,77.10867309570312
2020-04-17,262.8143005371094,138.8949737548828,59.9529914855957,158.57000732421875,77.12554931640625
2020-04-20,258.1840515136719,140.01234436035156,57.7237434387207,159.6999969482422,77.11710357666016
2020-04-21,250.34474182128906,141.77528381347656,56.67609405517578,158.61000061035156,77.11710357666016
2020-04-22,255.9009552001953,140.32684326171875,57.54258728027344,161.72999572753906,77.11710357666016
2020-04-23,255.88262939453125,141.07174682617188,57.062068939208984,163.33999633789062,77.12554931640625
2020-04-24,259.4493713378906,141.40280151367188,57.306278228759766,162.63999938964844,77.11710357666016
2020-04-27,263.1901550292969,138.77084350585938,59.2676887512207,161.55999755859375,77.11710357666016
2020-04-28,261.9799499511719,140.36827087402344,59.75606918334961,160.83999633789062,77.11710357666016
2020-04-29,268.83819580078125,139.639892578125,60.65406036376953,161.72999572753906,77.10867309570312
2020-04-30,266.33514404296875,138.00929260253906,59.9529914855957,158.8000030517578,77.12554931640625
2020-05-01,259.28436279296875,139.1912078857422,57.9285774230957,159.77999877929688,77.11205291748047
2020-05-04,259.99945068359375,138.53643798828125,57.64500427246094,160.33999633789062,77.11205291748047
2020-05-05,262.40167236328125,137.64962768554688,57.9285774230957,161.02000427246094,77.11205291748047
2020-05-06,260.62298583984375,135.42861938476562,56.88878631591797,158.9499969482422,77.1204605102539
2020-05-07,263.7678527832031,137.69107055664062,57.70010757446289,161.38999938964844,77.11205291748047
2020-05-08,268.1321716308594,135.90098571777344,59.07074737548828,160.4199981689453,77.11205291748047
2020-05-11,268.1872253417969,134.84010314941406,58.21213912963867,159.4199981689453,77.1204605102539
2020-05-12,262.8417663574219,136.22418212890625,55.565433502197266,160.0399932861328,77.1204605102539
2020-05-13,258.19329833984375,137.17726135253906,54.21842575073242,161.5800018310547,77.1204605102539
2020-05-14,261.28314208984375,138.51988220214844,54.4074821472168,163.00999450683594,77.12889099121094
2020-05-15,262.4842224121094,138.1634063720703,54.194793701171875,163.92999267578125,77.11205291748047
2020-05-18,270.4794006347656,135.1302032470703,57.400794982910156,162.69000244140625,77.11205291748047
2020-05-19,267.70123291015625,135.6356964111328,56.62882995605469,164.25999450683594,77.11205291748047
2020-05-20,272.2490234375,136.04183959960938,57.132972717285156,164.64999389648438,77.11205291748047
2020-05-21,270.3694152832031,136.38160705566406,57.180233001708984,162.25,77.1204605102539
2020-05-22,270.8828125,137.20211791992188,57.95219039916992,163.2100067138672,77.11205291748047
2020-05-26,274.22027587890625,135.36224365234375,60.11842346191406,160.88999938964844,77.1204605102539
2020-05-27,278.3004150390625,135.11363220214844,61.31572723388672,161.17999267578125,77.11205291748047
2020-05-28,277.7870178222656,134.61636352539062,61.60719680786133,161.72000122070312,77.11205291748047
2020-05-29,279.024658203125,135.5777587890625,60.9927864074707,162.91000366210938,77.11205291748047
2020-06-01,280.1524353027344,134.66488647460938,62.40277099609375,163.66000366210938,77.1204605102539
2020-06-02,282.4721374511719,134.17532348632812,62.90693664550781,162.60000610351562,77.1204605102539
2020-06-03,286.2313537597656,132.3911590576172,64.9234619140625,159.60000610351562,77.1204605102539
2020-06-04,285.4795227050781,130.47427368164062,64.27754974365234,161.27999877929688,77.1204605102539
2020-06-05,292.7962341308594,129.54486083984375,66.71159362792969,158.00999450683594,77.10363006591797
2020-06-08,296.33538818359375,130.04275512695312,68.36579132080078,159.72000122070312,77.11205291748047
2020-06-09,294.12567138671875,131.51980590820312,67.23149871826172,161.25999450683594,77.11205291748047
2020-06-10,292.4845275878906,133.46998596191406,65.52213287353516,163.57000732421875,77.1204605102539
2020-06-11,275.62310791015625,135.99261474609375,61.31572723388672,162.38999938964844,77.10363006591797
2020-06-12,278.923828125,134.6814727783203,63.51346206665039,162.6199951171875,77.1204605102539
2020-06-15,281.5278015136719,134.7561798095703,64.41144561767578,162.3300018310547,77.1204605102539
2020-06-16,286.946533203125,132.6898956298828,65.6796875,162.25,77.1204605102539
2020-06-17,285.754638671875,133.23760986328125,64.72653198242188,162.55999755859375,77.1204605102539
2020-06-18,285.8646240234375,134.64825439453125,64.0176010131836,162.24000549316406,77.11205291748047
2020-06-19,284.23089599609375,134.7561798095703,63.08809280395508,164.02999877929688,77.11205291748047
2020-06-22,286.0543212890625,134.77279663085938,63.025081634521484,165.08999633789062,77.11205291748047
2020-06-23,287.3711853027344,133.8516845703125,62.7651252746582,166.47999572753906,77.11205291748047
2020-06-24,280.04083251953125,135.28733825683594,60.977012634277344,165.89999389648438,77.11205291748047
2020-06-25,283.0429382324219,135.6772918701172,61.755836486816406,165.8000030517578,77.1204605102539
2020-06-26,276.32037353515625,137.12953186035156,60.570526123046875,166.5399932861328,77.11205291748047
2020-06-29,280.38153076171875,136.69801330566406,61.73991775512695,166.6300048828125,77.11205291748047
2020-06-30,283.9731140136719,136.03416442871094,62.4717903137207,167.3699951171875,77.11205291748047
2020-07-01,285.9622497558594,135.7699737548828,63.91167449951172,166.6199951171875,77.11205291748047
2020-07-02,287.5370178222656,135.91119384765625,63.72871398925781,166.97999572753906,77.1204605102539
2020-07-06,291.9758605957031,135.3545379638672,63.6968879699707,167.97999572753906,77.11205291748047
2020-07-07,288.9644775390625,137.25711059570312,62.4320182800293,169.0399932861328,77.11205291748047
2020-07-08,291.1745910644531,136.7088165283203,62.34450912475586,170.08999633789062,77.11205291748047
2020-07-09,289.51690673828125,138.8854522705078,61.954708099365234,169.6300048828125,77.11205291748047
2020-07-10,292.47314453125,138.18760681152344,62.14562225341797,169.19000244140625,77.1204605102539
2020-07-13,289.9406433105469,138.64450073242188,61.40580749511719,169.39999389648438,77.1204605102539
2020-07-14,293.69805908203125,138.84396362304688,61.92289352416992,170.19000244140625,77.1204605102539
2020-07-15,296.3962707519531,138.1958770751953,62.52745819091797,170.33999633789062,77.1204605102539
2020-07-16,295.42010498046875,138.85223388671875,61.779701232910156,168.72999572753906,77.11205291748047
2020-07-17,296.2765808105469,138.56143188476562,62.58317184448242,170.1199951171875,77.1204605102539
2020-07-20,298.6708679199219,138.9020233154297,61.835384368896484,170.94000244140625,77.1204605102539
2020-07-21,299.30633544921875,138.98513793945312,61.98653030395508,173.0,77.1204605102539
2020-07-22,301.0099792480469,139.40057373046875,62.933189392089844,175.6300048828125,77.11205291748047
2020-07-23,297.4184265136719,141.0288848876953,62.67066192626953,177.17999267578125,77.1204605102539
2020-07-24,295.5029602050781,141.02064514160156,62.20927047729492,178.6999969482422,77.11205291748047
2020-07-27,297.6579284667969,140.4972381591797,62.7979621887207,182.22999572753906,77.11205291748047
2020-07-28,295.7699890136719,141.46925354003906,64.04692840576172,183.75,77.1204605102539
2020-07-29,299.4076232910156,141.228271484375,65.28792572021484,185.1300048828125,77.1204605102539
2020-07-30,298.3393249511719,142.15879821777344,64.86630249023438,183.75999450683594,77.11205291748047
2020-07-31,300.6968994140625,142.06744384765625,64.74695587158203,185.42999267578125,77.1204605102539
2020-08-03,302.7873229980469,141.3520965576172,63.88783264160156,185.63999938964844,77.11205291748047
2020-08-04,303.9568786621094,142.6995391845703,64.84243774414062,189.58999633789062,77.1204605102539
2020-08-05,305.84478759765625,141.45193481445312,64.51625061035156,191.35000610351562,77.11205291748047
2020-08-06,307.88922119140625,142.24209594726562,64.61968994140625,193.88999938964844,77.11205291748047
2020-08-07,308.1102294921875,141.29385375976562,65.54248046875,190.80999755859375,77.1204605102539
2020-08-10,309.0311584472656,140.6618194580078,65.6458969116211,190.14999389648438,77.1204605102539
2020-08-11,306.4801025390625,138.99000549316406,64.69925689697266,179.94000244140625,77.11205291748047
2020-08-12,310.7532653808594,137.72584533691406,65.3515625,179.10000610351562,77.11205291748047
2020-08-13,310.1914978027344,136.25364685058594,64.54808807373047,183.3300018310547,77.1204605102539
2020-08-14,310.20068359375,135.7213592529297,64.5560531616211,182.5399932861328,77.11205291748047
2020-08-17,311.1860656738281,136.0624237060547,65.08110046386719,186.5,77.11205291748047
2020-08-18,311.8583984375,137.03546142578125,64.77082824707031,188.17999267578125,77.1204605102539
2020-08-19,310.5598449707031,136.1787567138672,63.63324737548828,182.24000549316406,77.1204605102539
2020-08-20,311.52679443359375,137.4097442626953,64.23782348632812,183.5,77.1204605102539
2020-08-21,312.6319274902344,138.233154296875,64.34126281738281,182.02999877929688,77.1204605102539
2020-08-24,315.7998962402344,138.00852966308594,64.75493621826172,181.0,77.1204605102539
2020-08-25,316.9049072265625,136.95237731933594,64.92195892333984,181.22000122070312,77.11205291748047
2020-08-26,320.0821228027344,136.42832946777344,64.3253402709961,183.36000061035156,77.11205291748047
2020-08-27,320.78204345703125,134.10775756835938,65.27202606201172,181.24000549316406,77.11205291748047
2020-08-28,322.8540954589844,134.00796508789062,65.70156860351562,184.38999938964844,77.1204605102539
2020-08-31,321.6844482421875,134.89788818359375,65.0333480834961,184.8300018310547,77.1204605102539
2020-09-01,324.71429443359375,136.4408416748047,65.08110046386719,185.0500030517578,77.1204605102539
2020-09-02,329.41107177734375,137.7397918701172,66.29027557373047,182.6199951171875,77.1204605102539
2020-09-03,318.0744934082031,138.13119506835938,65.4947509765625,181.13999938964844,77.11205291748047
2020-09-04,315.4775085449219,135.50830078125,65.15267181396484,181.63999938964844,77.1204605102539
2020-09-08,306.8577880859375,136.34095764160156,64.35714721679688,181.2899932861328,77.1204605102539
2020-09-09,312.91741943359375,135.97454833984375,64.99356842041016,183.0500030517578,77.11205291748047
2020-09-10,307.4840087890625,136.6656951904297,64.19805908203125,182.4600067138672,77.11205291748047
2020-09-11,307.6405944824219,136.95713806152344,63.84008026123047,182.4499969482422,77.10363006591797
2020-09-14,311.692626953125,136.94879150390625,65.3992919921875,183.88999938964844,77.1204605102539
2020-09-15,313.2674560546875,136.61573791503906,66.1868667602539,183.4499969482422,77.10363006591797
2020-09-16,312.0242004394531,136.20770263671875,66.53688049316406,183.97000122070312,77.1204605102539
2020-09-17,309.27978515625,136.62403869628906,65.24018096923828,182.9600067138672,77.1204605102539
2020-09-18,305.71917724609375,136.19940185546875,63.76848220825195,183.1999969482422,77.10363006591797
2020-09-21,302.3166198730469,136.8904571533203,61.85129165649414,179.52000427246094,77.10363006591797
2020-09-22,305.39556884765625,136.78224182128906,62.59111404418945,178.64999389648438,77.10363006591797
2020-09-23,298.3130187988281,136.96548461914062,60.70574951171875,174.7899932861328,77.10363006591797
2020-09-24,299.1082763671875,137.49002075195312,61.03191375732422,175.44000244140625,77.11205291748047
2020-09-25,303.94390869140625,137.49002075195312,62.29054641723633,174.94000244140625,77.10363006591797
2020-09-28,308.9922180175781,137.09866333007812,63.56520080566406,176.6999969482422,77.11205291748047
2020-09-29,307.30950927734375,137.2568817138672,63.10826873779297,178.19000244140625,77.11205291748047
2020-09-30,309.6394958496094,135.9412384033203,63.30066680908203,177.1199951171875,77.10363006591797
2020-10-01,311.62738037109375,136.16549682617188,64.56730651855469,178.6999969482422,77.10363006591797
2020-10-02,308.668701171875,135.65711975097656,65.6816635131836,178.5399932861328,77.10363006591797
2020-10-05,314.142333984375,133.00643920898438,66.0584487915039,179.41000366210938,77.10363006591797
2020-10-06,309.67645263671875,133.72320556640625,65.62553405761719,177.3000030517578,77.11205291748047
2020-10-07,315.06683349609375,132.74803161621094,65.72174835205078,177.22000122070312,77.10363006591797
2020-10-08,317.859130859375,133.46487426757812,66.82003784179688,177.85000610351562,77.10363006591797
2020-10-09,320.6976623535156,133.43988037109375,66.55548095703125,181.0800018310547,77.10363006591797
2020-10-12,325.8570251464844,133.86495971679688,66.86814880371094,180.55999755859375,77.11205291748047
2020-10-13,323.7303771972656,134.82351684570312,65.72174835205078,177.72000122070312,77.10363006591797
2020-10-14,321.69622802734375,135.1318817138672,64.9200668334961,178.27000427246094,77.10363006591797
2020-10-15,321.29864501953125,134.8985137939453,65.25677490234375,178.9199981689453,77.10363006591797
2020-10-16,321.10455322265625,134.52345275878906,64.79178619384766,178.3000030517578,77.11205291748047
2020-10-19,316.2226257324219,134.0149688720703,63.78169250488281,178.38999938964844,77.11205291748047
2020-10-20,317.4892272949219,132.7396240234375,64.23863983154297,179.25,77.10363006591797
2020-10-21,316.8882751464844,132.28126525878906,64.04621124267578,180.60000610351562,77.10363006591797
2020-10-22,318.6266174316406,130.9058837890625,64.0382080078125,178.8300018310547,77.11205291748047
2020-10-23,319.7083435058594,131.70614624023438,64.42301177978516,178.63999938964844,77.11205291748047
2020-10-26,313.8002014160156,132.93141174316406,63.50108337402344,178.5500030517578,77.11205291748047
2020-10-27,312.7183837890625,133.82330322265625,62.48296356201172,179.02000427246094,77.10363006591797
2020-10-28,302.0299987792969,133.94827270507812,60.99182891845703,176.1300048828125,77.10363006591797
2020-10-29,305.0997619628906,132.64793395996094,61.80953598022461,175.39999389648438,77.11205291748047
2020-10-30,301.9190673828125,131.3394012451172,61.40068435668945,176.1999969482422,77.11205291748047
2020-11-02,305.3031921386719,132.3231658935547,62.86776351928711,177.91000366210938,77.11205291748047
2020-11-03,310.6935119628906,131.55545043945312,64.07828521728516,178.9199981689453,77.11205291748047
2020-11-04,317.63726806640625,134.40921020507812,64.19054412841797,178.82000732421875,77.10363006591797
2020-11-05,323.8320617675781,134.64283752441406,64.49514770507812,182.92999267578125,77.11205291748047
2020-11-06,323.7580871582031,133.0157470703125,64.05424499511719,183.19000244140625,77.10363006591797
2020-11-09,327.826416015625,130.2203826904297,66.32300567626953,175.0800018310547,77.11205291748047
2020-11-10,327.3455505371094,129.4694061279297,67.29302215576172,175.66000366210938,77.10363006591797
2020-11-11,329.7772521972656,129.93666076660156,67.54957580566406,174.89999389648438,77.10363006591797
2020-11-12,326.5782165527344,132.1478729248047,66.66773223876953,175.9600067138672,77.10363006591797
2020-11-13,331.0995178222656,131.97265625,68.44744873046875,177.16000366210938,77.11205291748047
2020-11-16,335.232421875,131.6555938720703,69.2170639038086,177.14999389648438,77.11205291748047
2020-11-17,333.429443359375,132.51504516601562,69.28119659423828,176.5,77.11205291748047
2020-11-18,329.416748046875,132.89894104003906,67.93437957763672,175.49000549316406,77.11205291748047
2020-11-19,330.80364990234375,133.58314514160156,68.19892883300781,175.16000366210938,77.11205291748047
2020-11-20,328.5382995605469,134.7680206298828,67.83016204833984,175.69000244140625,77.11205291748047
2020-11-23,330.5076599121094,134.1505584716797,67.95843505859375,172.22999572753906,77.11205291748047
2020-11-24,335.8333740234375,132.81544494628906,68.31918334960938,169.58999633789062,77.11205291748047
2020-11-25,335.31561279296875,132.4065704345703,68.35926055908203,169.50999450683594,77.10363006591797
2020-11-27,336.24951171875,133.69161987304688,68.05461883544922,167.7899932861328,77.11205291748047
2020-11-30,334.76080322265625,133.52471923828125,67.34113311767578,166.6699981689453,77.10363006591797
2020-12-01,338.4223327636719,131.5559539794922,68.20695495605469,170.17999267578125,77.09773254394531
2020-12-02,339.13421630859375,130.5118408203125,67.6698226928711,171.4600067138672,77.10616302490234
2020-12-03,339.041748046875,131.5642852783203,68.23902893066406,172.80999755859375,77.10616302490234
2020-12-04,341.9635314941406,129.63479614257812,69.28119659423828,172.32000732421875,77.11459350585938
2020-12-07,341.2608337402344,130.80422973632812,68.67994689941406,174.88999938964844,77.09773254394531
2020-12-08,342.2593078613281,131.42225646972656,68.43943786621094,175.5,77.09773254394531
2020-12-09,339.189697265625,130.9879608154297,68.01454162597656,172.5,77.09773254394531
2020-12-10,339.0787048339844,132.1490020751953,67.71792602539062,172.1699981689453,77.09773254394531
2020-12-11,338.68115234375,132.61672973632812,67.6537857055664,172.49000549316406,77.10616302490234
2020-12-14,337.164794921875,132.24920654296875,67.35716247558594,171.5399932861328,77.09773254394531
2020-12-15,341.7231140136719,131.8065643310547,68.73604583740234,173.94000244140625,77.09773254394531
2020-12-16,342.2593078613281,131.45579528808594,68.81623077392578,174.89999389648438,77.10616302490234
2020-12-17,344.1732177734375,131.1078643798828,69.48161315917969,176.74000549316406,77.10616302490234
2020-12-18,342.799072265625,130.71498107910156,68.08670043945312,176.44000244140625,77.10616302490234
2020-12-21,341.573486328125,131.23326110839844,67.70189666748047,175.8800048828125,77.10616302490234
2020-12-22,340.9976806640625,131.9105987548828,68.17487335205078,174.49000549316406,77.10616302490234
2020-12-23,341.3040771484375,130.9991912841797,67.73397064208984,175.64999389648438,77.09773254394531
2020-12-24,342.6319274902344,131.51760864257812,68.32695770263672,176.35000610351562,77.10616302490234
2020-12-28,345.5754699707031,131.57615661621094,68.73426818847656,175.7100067138672,77.10616302490234
2020-12-29,344.91607666015625,131.40890502929688,68.14776611328125,176.35000610351562,77.10616302490234
2020-12-30,345.40826416015625,131.69320678710938,68.52247619628906,177.6999969482422,77.09773254394531
2020-12-31,347.1632080078125,131.8855438232422,69.18228149414062,178.36000061035156,77.10616302490234
2021-01-04,342.43695068359375,131.72665405273438,66.93404388427734,182.3300018310547,77.10616302490234
2021-01-05,344.7955322265625,130.7484130859375,67.03178405761719,182.8699951171875,77.09773254394531
2021-01-06,346.85675048828125,128.06434631347656,67.14583587646484,179.89999389648438,77.10616302490234
2021-01-07,352.01019287109375,126.93546295166016,67.0155029296875,179.47999572753906,77.10616302490234
2021-01-08,354.015869140625,126.52583312988281,67.66717529296875,173.33999633789062,77.09773254394531
2021-01-11,351.6294250488281,126.31678009033203,66.77112579345703,173.0,77.10616302490234
2021-01-12,351.7037048339844,126.21639251708984,66.92591094970703,174.1199951171875,77.09773254394531
2021-01-13,352.6509094238281,127.6379165649414,67.740478515625,173.3699951171875,77.09773254394531
2021-01-14,351.41595458984375,126.44216918945312,68.13961791992188,173.27999877929688,77.10616302490234
2021-01-15,348.8531188964844,126.94385528564453,68.92161560058594,171.1300048828125,77.10616302490234
2021-01-19,351.5923156738281,127.3536148071289,68.72611236572266,172.5800018310547,77.10616302490234
2021-01-20,356.4579162597656,127.47904205322266,70.03759002685547,175.38999938964844,77.10616302490234
2021-01-21,356.782958984375,126.58433532714844,69.70362091064453,175.27999877929688,77.10616302490234
2021-01-22,355.5201110839844,126.99413299560547,69.86651611328125,173.89999389648438,77.09773254394531
2021-01-25,356.92218017578125,128.4907989501953,70.39598083496094,174.0500030517578,77.10616302490234
2021-01-26,356.36505126953125,128.248291015625,70.89290618896484,173.6199951171875,77.09773254394531
2021-01-27,347.6553649902344,128.57432556152344,69.63844299316406,172.52000427246094,77.09773254394531
2021-01-28,350.645263671875,127.86367797851562,70.01314544677734,172.67999267578125,77.10616302490234
2021-01-29,343.62548828125,127.09440612792969,69.20672607421875,172.61000061035156,77.10616302490234
2021-02-01,349.34527587890625,127.24173736572266,70.78700256347656,174.22999572753906,77.10616302490234
2021-02-02,354.2851257324219,126.42139434814453,71.21058654785156,172.11000061035156,77.09773254394531
2021-02-03,354.5636901855469,125.29960632324219,71.03137969970703,171.85000610351562,77.09773254394531
2021-02-04,358.5934753417969,124.96473693847656,71.5201187133789,168.14999389648438,77.10616302490234
2021-02-05,360.0049743652344,123.9183578491211,71.77264404296875,169.80999755859375,77.10616302490234
2021-02-08,362.6048583984375,124.46244049072266,72.16364288330078,171.52000427246094,77.10616302490234
2021-02-09,362.36346435546875,124.55460357666016,72.4161605834961,172.0800018310547,77.10616302490234
2021-02-10,362.2055358886719,125.38333129882812,72.80716705322266,172.7100067138672,77.09773254394531
2021-02-11,362.79052734375,124.69688415527344,72.96194458007812,171.2100067138672,77.10616302490234
2021-02-12,364.5826110839844,123.14817810058594,72.97821044921875,170.69000244140625,77.09773254394531
2021-02-16,364.2669372558594,121.2730484008789,72.4161605834961,168.24000549316406,77.10616302490234
2021-02-17,364.3504638671875,122.0432357788086,72.3265380859375,166.3300018310547,77.10616302490234
2021-02-18,362.7998352050781,121.54927825927734,72.01703643798828,166.32000732421875,77.09773254394531
2021-02-19,362.1591796875,119.93370056152344,72.43244934082031,167.00999450683594,77.10616302490234
2021-02-22,359.37353515625,119.021240234375,73.03524780273438,169.50999450683594,77.09773254394531
2021-02-23,359.8099365234375,118.67801666259766,73.49141693115234,169.1199951171875,77.09773254394531
2021-02-24,363.7748107910156,117.89949035644531,74.05345916748047,169.0,77.08927917480469
2021-02-25,355.0093688964844,115.9741439819336,72.63609313964844,165.82000732421875,77.09773254394531
2021-02-26,353.1801452636719,119.80812072753906,71.5771484375,161.80999755859375,77.09773254394531
2021-03-01,361.74127197265625,118.2257080078125,71.89482879638672,161.52999877929688,77.08927917480469
2021-03-02,358.9185485839844,118.2341079711914,71.20243072509766,162.41000366210938,77.08927917480469
2021-03-03,354.16448974609375,116.95179748535156,70.7951431274414,160.6199951171875,77.09773254394531
2021-03-04,349.7817077636719,116.19745635986328,69.98873138427734,159.0399932861328,77.09773254394531
2021-03-05,356.21649169921875,116.42378997802734,70.7544174194336,159.13999938964844,77.09773254394531
2021-03-08,354.4429016113281,115.51856231689453,71.3653564453125,157.49000549316406,77.08927917480469
2021-03-09,359.5035705566406,117.11946868896484,71.83782196044922,160.83999633789062,77.08927917480469
2021-03-10,361.74127197265625,117.35408782958984,72.55464935302734,161.66000366210938,77.08927917480469
2021-03-11,365.4090576171875,116.50753784179688,73.40182495117188,161.52000427246094,77.09773254394531
2021-03-12,365.9011535644531,114.03511810302734,74.6318130493164,161.49000549316406,77.08927917480469
2021-03-15,368.083251953125,114.70563507080078,75.73965454101562,162.1999969482422,77.08927917480469
2021-03-16,367.61907958984375,114.24471282958984,75.43012237548828,162.35000610351562,77.08927917480469
2021-03-17,368.8725280761719,113.38980102539062,75.49528503417969,163.50999450683594,77.09773254394531
2021-03-18,363.5054626464844,112.24156951904297,74.72955322265625,162.55999755859375,77.08927917480469
2021-03-19,362.8329162597656,112.93717193603516,73.71134948730469,163.24000549316406,77.08927917480469
2021-03-22,365.7301940917969,114.20275115966797,74.23265838623047,163.0,77.08927917480469
2021-03-23,362.8515930175781,115.2336654663086,74.12679290771484,161.80999755859375,77.09773254394531
2021-03-24,361.007080078125,115.8539047241211,73.71134948730469,162.3699951171875,77.08927917480469
2021-03-25,363.0379333496094,114.94027709960938,74.46186065673828,161.77999877929688,77.08927917480469
2021-03-26,368.88836669921875,114.53797912597656,76.0677719116211,162.24000549316406,77.08927917480469
2021-03-29,368.70196533203125,113.5657730102539,75.62533569335938,160.30999755859375,77.08927917480469
2021-03-30,367.7237548828125,114.16088104248047,75.72364807128906,157.57000732421875,77.09773254394531
2021-03-31,369.2142639160156,113.5238265991211,75.26480865478516,159.9600067138672,77.08927917480469
2021-04-01,373.2015075683594,115.40804290771484,76.63314056396484,161.97999572753906,77.09773254394531
2021-04-05,378.55804443359375,114.90449523925781,76.92809295654297,161.9199981689453,77.08927917480469
2021-04-06,378.3344421386719,115.68496704101562,77.12472534179688,163.22000122070312,77.08089447021484
2021-04-07,378.7723693847656,114.8792953491211,77.18208312988281,162.75999450683594,77.08089447021484
2021-04-08,380.57025146484375,115.82769012451172,76.89531707763672,164.50999450683594,77.08927917480469
2021-04-09,383.3370361328125,115.40804290771484,76.80519104003906,163.27000427246094,77.08089447021484
2021-04-12,383.4768981933594,115.3576889038086,77.25582122802734,162.27999877929688,77.08089447021484
2021-04-13,384.6133728027344,116.22212219238281,77.64090728759766,163.42999267578125,77.08089447021484
2021-04-14,383.2998046875,115.85285186767578,77.23123931884766,162.72000122070312,77.08089447021484
2021-04-15,387.4174499511719,117.79156494140625,78.58316040039062,165.35000610351562,77.08927917480469
2021-04-16,388.7123107910156,116.87674713134766,78.75521850585938,166.35000610351562,77.08927917480469
2021-04-19,386.8025817871094,116.54102325439453,78.91091918945312,165.88999938964844,77.08089447021484
2021-04-20,383.9705810546875,117.07817840576172,79.55818176269531,166.47999572753906,77.08089447021484
2021-04-21,387.6037292480469,117.31316375732422,80.08255004882812,168.1300048828125,77.08089447021484
2021-04-22,384.0636901855469,117.82514190673828,79.6482925415039,167.0399932861328,77.08927917480469
2021-04-23,388.2278747558594,117.54817962646484,80.11534881591797,166.39999389648438,77.08927917480469
2021-04-26,389.0382995605469,117.38034057617188,80.35294342041016,166.83999633789062,77.08089447021484
2021-04-27,388.9545593261719,116.35637664794922,80.3447494506836,166.4199981689453,77.08927917480469
2021-04-28,388.8427734375,116.43196105957031,80.17268371582031,166.91000366210938,77.08089447021484
2021-04-29,391.3207702636719,116.08783721923828,80.86092376708984,166.22000122070312,77.08089447021484
2021-04-30,388.7495422363281,116.35637664794922,81.18048095703125,165.66000366210938,77.08927917480469
2021-05-03,389.5879211425781,116.42617797851562,81.02481079101562,167.80999755859375,77.08927917480469
2021-05-04,387.18450927734375,117.21623229980469,80.50040435791016,166.5800018310547,77.08089447021484
2021-05-05,387.30560302734375,117.40958404541016,79.1648941040039,167.27000427246094,77.08927917480469
2021-05-06,390.3984680175781,117.60285949707031,79.60735321044922,170.05999755859375,77.08927917480469
2021-05-07,393.23980712890625,117.02290344238281,80.65609741210938,171.58999633789062,77.08089447021484
2021-05-10,389.34576416015625,115.8377914428711,80.63152313232422,172.11000061035156,77.08089447021484
2021-05-11,385.8709716796875,115.18225860595703,79.61551666259766,172.13999938964844,77.08089447021484
2021-05-12,377.6729736328125,113.97190856933594,77.59996032714844,170.42999267578125,77.07247161865234
2021-05-13,382.2098388671875,114.1484146118164,78.60773468017578,171.1300048828125,77.07247161865234
2021-05-14,388.0788879394531,115.21588134765625,79.54179382324219,172.69000244140625,77.07247161865234
2021-05-17,387.0913391113281,114.97209930419922,79.62371826171875,174.6999969482422,77.08089447021484
2021-05-18,383.7562561035156,114.6779556274414,79.64010620117188,175.0399932861328,77.08089447021484
2021-05-19,382.7501525878906,114.40054321289062,79.38612365722656,175.16000366210938,77.07247161865234
2021-05-20,386.8678283691406,115.3418960571289,80.27919006347656,175.9600067138672,77.07247161865234
2021-05-21,386.551025390625,115.7117691040039,80.19725036621094,176.0399932861328,77.08089447021484
2021-05-24,390.4917297363281,116.14041900634766,81.19685363769531,176.35000610351562,77.07247161865234
2021-05-25,389.625244140625,117.21623229980469,81.17229461669922,177.9499969482422,77.07247161865234
2021-05-26,390.3984680175781,117.01453399658203,81.53278350830078,177.63999938964844,77.07247161865234
2021-05-27,390.6034851074219,116.54388427734375,81.34435272216797,177.7100067138672,77.08089447021484
2021-05-28,391.30218505859375,116.35892486572266,81.83594512939453,178.3800048828125,77.08089447021484
2021-06-01,390.95745849609375,116.3328628540039,83.3107681274414,177.89999389648438,77.07247161865234
2021-06-02,391.5722351074219,116.6021728515625,84.2857894897461,178.77000427246094,77.07247161865234
2021-06-03,390.1190490722656,116.16451263427734,83.97443389892578,175.27000427246094,77.07247161865234
2021-06-04,393.68701171875,117.75531005859375,84.01541137695312,177.16000366210938,77.08089447021484
2021-06-07,393.3050537109375,117.39339447021484,85.00679779052734,177.8699951171875,77.06404876708984
2021-06-08,393.3888854980469,118.21829986572266,85.71147155761719,177.32000732421875,77.06404876708984
2021-06-09,392.8019104003906,119.2619857788086,85.82616424560547,176.97999572753906,77.06404876708984
2021-06-10,394.6278381347656,119.97747039794922,86.44066619873047,177.74000549316406,77.06404876708984
2021-06-11,395.2799987792969,119.78386688232422,86.0965347290039,175.74000549316406,77.07247161865234
2021-06-14,396.1650085449219,118.86640167236328,86.4324722290039,174.7100067138672,77.06404876708984
2021-06-15,395.4383544921875,118.7232894897461,85.50658416748047,174.0500030517578,77.06404876708984
2021-06-16,393.23052978515625,118.62230682373047,84.94944763183594,171.11000061035156,77.07247161865234
2021-06-17,393.1001892089844,120.39834594726562,84.84294128417969,165.85000610351562,77.06404876708984
2021-06-18,387.7969970703125,122.66251373291016,83.40088653564453,164.92999267578125,77.07247161865234
2021-06-21,393.3486633300781,120.60872650146484,85.12151336669922,166.9499969482422,77.06404876708984
2021-06-22,395.45166015625,120.90330505371094,84.67906951904297,166.25,77.06404876708984
2021-06-23,394.9749755859375,120.59188079833984,84.5315933227539,166.13999938964844,77.06404876708984
2021-06-24,397.3115234375,120.78551483154297,84.34923553466797,166.0399932861328,77.07247161865234
2021-06-25,398.72283935546875,119.53138732910156,84.91861724853516,166.58999633789062,77.07247161865234
2021-06-28,399.5266418457031,120.76020812988281,84.6710433959961,166.5800018310547,77.06404876708984
2021-06-29,399.7416687011719,120.96224212646484,84.43999481201172,164.8300018310547,77.06404876708984
2021-06-30,400.0780944824219,121.50096130371094,83.99440002441406,165.6300048828125,77.06404876708984
2021-07-01,402.2930603027344,121.50769805908203,84.35747528076172,166.1999969482422,77.07247161865234
2021-07-02,405.3680419921875,122.24090576171875,84.61329650878906,167.2899932861328,77.06404876708984
2021-07-06,404.62969970703125,123.67371368408203,85.2321548461914,168.1199951171875,77.05561065673828
2021-07-07,406.0596923828125,124.76931762695312,85.52920532226562,168.75999450683594,77.05561065673828
2021-07-08,402.7510681152344,125.25814056396484,85.28993225097656,168.64999389648438,77.06404876708984
2021-07-09,407.0503234863281,123.4967041015625,86.69270324707031,169.2100067138672,77.06404876708984
2021-07-12,408.5083312988281,123.33656311035156,87.43535614013672,169.0,77.06404876708984
2021-07-13,407.1157531738281,122.39264678955078,86.21412658691406,169.22000122070312,77.06404876708984
2021-07-14,407.7232666015625,123.78330993652344,86.81651306152344,171.0399932861328,77.05561065673828
2021-07-15,406.3307189941406,125.14867401123047,86.95677947998047,171.07000732421875,77.06404876708984
2021-07-16,403.1435852050781,124.9126205444336,86.8990249633789,169.41000366210938,77.06404876708984
2021-07-19,397.19000244140625,127.65177154541016,85.31468200683594,169.61000061035156,77.05561065673828
2021-07-20,402.8819274902344,126.42125701904297,87.32810974121094,169.38999938964844,77.05561065673828
2021-07-21,406.143798828125,124.81990814208984,87.31983947753906,168.75999450683594,77.05561065673828
2021-07-22,406.9942932128906,125.9998550415039,86.62670135498047,169.08999633789062,77.06404876708984
2021-07-23,411.1814880371094,125.15705108642578,87.3446044921875,168.55999755859375,77.05561065673828
2021-07-26,412.1907958984375,124.78620910644531,87.38587188720703,168.16000366210938,77.06404876708984
2021-07-27,410.3122253417969,126.11786651611328,87.88096618652344,168.44000244140625,77.05561065673828
2021-07-28,410.1439514160156,126.1263198852539,87.57565307617188,169.2899932861328,77.05561065673828
2021-07-29,411.84503173828125,125.42674255371094,87.5921630859375,171.1699981689453,77.06404876708984
2021-07-30,409.84490966796875,126.01677703857422,87.70768737792969,169.82000732421875,77.05561065673828
2021-08-02,408.98504638671875,127.14073181152344,87.51789855957031,169.61000061035156,77.05561065673828
2021-08-03,412.31243896484375,127.20819091796875,87.62516784667969,169.49000549316406,77.05561065673828
2021-08-04,410.2842712402344,127.46979522705078,87.35285186767578,169.52999877929688,77.05561065673828
2021-08-05,412.88250732421875,126.82001495361328,88.37608337402344,168.86000061035156,77.05561065673828
2021-08-06,413.5647888183594,124.70203399658203,88.21929931640625,164.63999938964844,77.06404876708984
2021-08-09,413.22833251953125,124.25473022460938,87.74894714355469,161.72000122070312,77.06404876708984
2021-08-10,413.7423095703125,123.6810073852539,86.91549682617188,161.77000427246094,77.05561065673828
2021-08-11,414.7703552246094,123.6050033569336,87.4271240234375,164.0,77.05561065673828
2021-08-12,416.013427734375,123.4024887084961,87.61689758300781,164.0399932861328,77.05561065673828
2021-08-13,416.77056884765625,125.35172271728516,88.09551239013672,166.38999938964844,77.06404876708984
2021-08-16,417.75189208984375,125.65554809570312,87.98823547363281,167.22000122070312,77.04716491699219
2021-08-17,415.0133972167969,125.60493469238281,87.8974609375,166.97000122070312,77.04716491699219
2021-08-18,410.4711608886719,126.02684020996094,87.09708404541016,167.10000610351562,77.04716491699219
2021-08-19,411.106689453125,126.95509338378906,87.51789855957031,166.61000061035156,77.06404876708984
2021-08-20,414.3778991699219,127.03939056396484,87.95523071289062,166.6999969482422,77.06404876708984
2021-08-23,418.0229797363281,126.95509338378906,87.7901840209961,168.72999572753906,77.04716491699219
2021-08-24,418.6865234375,125.96774291992188,87.40237426757812,168.64999389648438,77.04716491699219
2021-08-25,419.5650939941406,124.92139434814453,87.3446044921875,167.47999572753906,77.04716491699219
2021-08-26,417.0882873535156,125.26738739013672,87.37761688232422,167.6699981689453,77.05561065673828
2021-08-27,420.8175048828125,126.11959838867188,88.2935562133789,170.19000244140625,77.05561065673828
2021-08-30,422.6680603027344,126.44876861572266,89.17648315429688,169.35000610351562,77.05561065673828
2021-08-31,422.0418395996094,125.58805084228516,89.59732055664062,169.69000244140625,77.04716491699219
2021-09-01,422.2662048339844,125.79844665527344,91.03312683105469,169.6999969482422,77.04716491699219
2021-09-02,423.5653076171875,126.34757232666016,91.51173400878906,169.25,77.06404876708984
2021-09-03,423.4624328613281,125.19853973388672,91.52822875976562,171.05999755859375,77.04716491699219
2021-09-07,421.94842529296875,124.14244079589844,90.49678039550781,167.7100067138672,77.04716491699219
2021-09-08,421.4342956542969,124.98733520507812,90.95060729980469,167.2899932861328,77.04716491699219
2021-09-09,419.6304626464844,126.49971008300781,89.10224151611328,168.02999877929688,77.04716491699219
2021-09-10,416.3218994140625,125.38442993164062,87.7984619140625,167.17999267578125,77.05561065673828
2021-09-13,417.3873596191406,126.14485168457031,88.39256286621094,167.74000549316406,77.05561065673828
2021-09-14,415.13494873046875,127.67414855957031,88.23580169677734,168.82000732421875,77.04716491699219
2021-09-15,418.6024169921875,127.22631072998047,88.51634979248047,167.8300018310547,77.04716491699219
2021-09-16,417.9388732910156,126.64331817626953,88.59062194824219,164.02999877929688,77.05561065673828
2021-09-17,413.8675537109375,126.03497314453125,87.7984619140625,163.77000427246094,77.04716491699219
2021-09-20,406.9667663574219,127.59808349609375,87.26209259033203,164.94000244140625,77.05561065673828
2021-09-21,406.58233642578125,127.48821258544922,87.30335998535156,166.0399932861328,77.04716491699219
2021-09-22,410.5484619140625,128.2486572265625,88.15328216552734,165.4199981689453,77.04716491699219
2021-09-23,415.5366516113281,125.35065460205078,87.97998809814453,163.50999450683594,77.05561065673828
2021-09-24,416.22113037109375,124.1255111694336,87.03927612304688,163.3000030517578,77.04716491699219
2021-09-27,415.0303039550781,123.66922760009766,85.86854553222656,163.63999938964844,77.04716491699219
2021-09-28,406.6667175292969,121.74286651611328,85.28736114501953,162.0500030517578,77.04716491699219
2021-09-29,407.3511962890625,121.95404052734375,85.92668151855469,161.32000732421875,77.05561065673828
2021-09-30,402.3723449707031,121.93719482421875,84.50688934326172,164.22000122070312,77.05561065673828
2021-10-01,407.1542663574219,122.96338653564453,85.7025146484375,164.58999633789062,77.05561065673828
2021-10-04,401.9036560058594,122.65034484863281,85.7191162109375,165.36000061035156,77.03877258300781
2021-10-05,406.0853576660156,121.4659423828125,85.12960815429688,164.58999633789062,77.04716491699219
2021-10-06,407.77313232421875,122.1512222290039,85.94329071044922,165.02999877929688,77.04716491699219
2021-10-07,411.298583984375,120.87384033203125,86.17577362060547,164.16000366210938,77.04716491699219
2021-10-08,410.5484619140625,120.02782440185547,85.36206817626953,164.22999572753906,77.04716491699219
2021-10-11,407.576171875,119.7232437133789,85.57795715332031,163.9199981689453,77.04716491699219
2021-10-12,406.57293701171875,121.77054595947266,86.6988525390625,164.66000366210938,77.04716491699219
2021-10-13,408.03564453125,122.95489501953125,87.32986450195312,167.58999633789062,77.04716491699219
2021-10-14,414.8990783691406,123.41169738769531,88.39263916015625,168.0,77.03877258300781
2021-10-15,418.0588073730469,122.69265747070312,88.32620239257812,165.3300018310547,77.04716491699219
2021-10-18,419.2965087890625,123.2679672241211,88.55038452148438,164.9199981689453,77.03877258300781
2021-10-19,422.5313415527344,121.56749725341797,88.59191131591797,165.4499969482422,77.03877258300781
2021-10-20,424.19091796875,120.74694061279297,89.9867935180664,166.89999389648438,77.03877258300781
2021-10-21,425.2973327636719,120.60306549072266,90.11133575439453,166.75,77.03877258300781
2021-10-22,424.856689453125,121.9312744140625,90.53477478027344,167.77000427246094,77.03877258300781
2021-10-25,427.13494873046875,121.74516296386719,90.82540130615234,168.92999267578125,77.04716491699219
2021-10-26,427.51947021484375,122.75187683105469,91.074462890625,167.67999267578125,77.03028869628906
2021-10-27,425.62554931640625,124.98524475097656,90.30230712890625,168.1199951171875,77.03028869628906
2021-10-28,429.7322998046875,124.5622787475586,91.5643539428711,168.0800018310547,77.04716491699219
2021-10-29,430.6043395996094,124.94297790527344,90.53477478027344,166.64999389648438,77.04716491699219
2021-11-01,431.3450622558594,124.04337310791016,90.98313903808594,167.52000427246094,77.04716491699219
2021-11-02,433.0889892578125,124.5939712524414,91.41488647460938,167.16000366210938,77.03028869628906
2021-11-03,435.7331237792969,123.30645751953125,91.72209930419922,165.77000427246094,77.03028869628906
2021-11-04,437.7865905761719,124.60243225097656,90.85029602050781,167.64999389648438,77.03877258300781
2021-11-05,439.305419921875,126.46597290039062,91.31526184082031,169.83999633789062,77.03877258300781
2021-11-08,439.6804504394531,126.22882080078125,91.24053192138672,170.4499969482422,77.04716491699219
2021-11-09,438.22711181640625,127.87213134765625,91.39830780029297,171.2899932861328,77.03028869628906
2021-11-10,434.7016906738281,125.53418731689453,90.974853515625,173.14999389648438,77.03028869628906
2021-11-11,434.8423156738281,125.34781646728516,91.12430572509766,174.1199951171875,77.03877258300781
2021-11-12,438.1239929199219,124.7972183227539,91.05786895751953,174.4499969482422,77.03877258300781
2021-11-15,438.2740173339844,123.2302017211914,91.69718933105469,174.17999267578125,77.03877258300781
2021-11-16,440.0085754394531,122.91680908203125,91.0910873413086,172.9199981689453,77.03028869628906
2021-11-17,438.9397888183594,123.89090728759766,91.3733901977539,174.5,77.03028869628906
2021-11-18,440.4306640625,124.35679626464844,91.38998413085938,173.94000244140625,77.03877258300781
2021-11-19,439.64300537109375,125.66975402832031,90.85029602050781,172.61000061035156,77.03877258300781
2021-11-22,438.4053649902344,124.19583892822266,90.40193176269531,168.74000549316406,77.03877258300781
2021-11-23,438.9866638183594,122.40005493164062,91.13259887695312,167.27999877929688,77.03028869628906
2021-11-24,440.1586608886719,124.36526489257812,92.23688507080078,167.1199951171875,77.03877258300781
2021-11-26,430.34173583984375,127.50785827636719,89.67129516601562,166.85000610351562,77.03028869628906
2021-11-29,435.62054443359375,126.48292541503906,90.33551788330078,166.6199951171875,77.03877258300781
2021-11-30,427.1444091796875,128.40579223632812,88.62511444091797,165.5,77.03028869628906
2021-12-01,422.400146484375,129.19790649414062,87.16382598876953,166.16000366210938,77.03877258300781
2021-12-02,428.8695983886719,129.35899353027344,89.7791976928711,165.24000549316406,77.03877258300781
2021-12-03,425.137939453125,130.9025115966797,89.4803237915039,166.6300048828125,77.03028869628906
2021-12-06,430.1730041503906,129.1045684814453,91.0495834350586,166.22000122070312,77.03028869628906
2021-12-07,439.07098388671875,128.06143188476562,92.36141967773438,166.80999755859375,77.03028869628906
2021-12-08,440.2336730957031,125.84795379638672,93.02564239501953,166.89999389648438,77.03877258300781
2021-12-09,437.2614440917969,126.55186462402344,91.68058776855469,165.8800048828125,77.03028869628906
2021-12-10,441.3775939941406,126.24657440185547,91.962890625,166.5800018310547,77.03877258300781
2021-12-13,437.46771240234375,128.1122589111328,92.82638549804688,167.0,77.03877258300781
2021-12-14,434.45794677734375,127.80696105957031,91.63906860351562,165.44000244140625,77.03877258300781
2021-12-15,441.2463073730469,126.57727813720703,92.926025390625,166.14999389648438,77.03877258300781
2021-12-16,437.355224609375,126.62644958496094,92.89282989501953,168.16000366210938,77.03028869628906
2021-12-17,432.7004089355469,128.06138610839844,92.77657318115234,167.8000030517578,77.03877258300781
2021-12-20,428.09942626953125,127.10198974609375,92.0542221069336,167.08999633789062,77.03028869628906
2021-12-21,435.7019958496094,126.61797332763672,93.09207916259766,167.02000427246094,77.02190399169922
2021-12-22,440.0584411621094,127.20387268066406,94.04692077636719,168.58999633789062,77.02190399169922
2021-12-23,442.7964782714844,126.10013580322266,93.94729614257812,168.97000122070312,77.02190399169922
2021-12-27,449.06304931640625,126.4057388305664,95.54217529296875,169.3699951171875,77.03028869628906
2021-12-28,448.6960754394531,125.90485382080078,95.89415740966797,168.63999938964844,77.02190399169922
2021-12-29,449.27008056640625,124.52940368652344,96.53948974609375,168.58999633789062,77.02190399169922
2021-12-30,448.028076171875,125.57366180419922,96.95854187011719,169.8000030517578,77.03028869628906
2021-12-31,446.8988342285156,125.8199234008789,97.22673034667969,170.9600067138672,77.03028869628906
2022-01-03,449.4864807128906,122.51708984375,96.46406555175781,168.3300018310547,77.02190399169922
2022-01-04,449.33587646484375,122.00768280029297,96.34672546386719,169.57000732421875,77.03028869628906
2022-01-05,440.7076416015625,121.3454360961914,93.58943176269531,169.05999755859375,77.03028869628906
2022-01-06,440.293701171875,121.65960693359375,93.67322540283203,166.99000549316406,77.03028869628906
2022-01-07,438.5530090332031,120.7850341796875,93.05303955078125,167.75,77.03028869628906
2022-01-10,438.00726318359375,121.08226013183594,92.51667022705078,168.25999450683594,77.02190399169922
2022-01-11,441.9967346191406,121.88887786865234,92.65912628173828,170.2899932861328,77.01347351074219
2022-01-12,443.1917419433594,121.421875,92.7680892944336,170.74000549316406,77.02190399169922
2022-01-13,437.0851135253906,122.50012969970703,92.58370971679688,170.16000366210938,77.03028869628906
2022-01-14,437.2638854980469,120.64920806884766,91.74562072753906,169.6699981689453,77.03028869628906
2022-01-18,429.5201110839844,118.9511489868164,90.78182983398438,169.38999938964844,77.01347351074219
2022-01-19,425.0601806640625,119.77473449707031,89.55821228027344,172.0800018310547,77.03028869628906
2022-01-20,420.3556213378906,120.51337432861328,88.4100341796875,171.64999389648438,77.03028869628906
2022-01-21,412.1037292480469,121.9482192993164,88.19212341308594,171.08999633789062,77.02190399169922
2022-01-24,413.8538818359375,120.94633483886719,88.3597412109375,172.02999877929688,77.03028869628906
2022-01-25,408.8011474609375,120.7511215209961,88.00775146484375,172.5800018310547,77.01347351074219
2022-01-26,407.7754821777344,119.29072570800781,86.63327026367188,169.7899932861328,77.02190399169922
2022-01-27,405.7619323730469,121.48133850097656,85.20014953613281,167.60000610351562,77.03028869628906
2022-01-28,415.8392333984375,121.52375030517578,87.95745086669922,167.10000610351562,77.01347351074219
2022-01-31,423.32891845703125,120.89543151855469,89.03858184814453,168.08999633789062,77.03028869628906
2022-02-01,426.18927001953125,120.49413299560547,88.7201156616211,168.22999572753906,77.02190399169922
2022-02-02,430.3293762207031,120.90225982666016,89.8515396118164,168.83999633789062,77.03028869628906
2022-02-03,420.2144470214844,119.95848083496094,88.89612579345703,168.60000610351562,77.03028869628906
2022-02-04,422.1904602050781,118.19001770019531,88.01612854003906,168.86000061035156,77.01347351074219
2022-02-07,420.83544921875,118.26656341552734,87.89041900634766,170.11000061035156,77.01347351074219
2022-02-08,424.29803466796875,117.4758529663086,87.47975158691406,170.6300048828125,77.02190399169922
2022-02-09,430.5081481933594,117.69691467285156,89.45763397216797,171.2100067138672,77.01347351074219
2022-02-10,422.7737731933594,115.82638549804688,87.34564208984375,170.55999755859375,77.01347351074219
2022-02-11,414.4372253417969,117.54386901855469,86.54947662353516,173.80999755859375,77.01347351074219
2022-02-14,413.08233642578125,116.08146667480469,85.76167297363281,174.74000549316406,77.00503540039062
2022-02-15,419.7439880371094,114.76361083984375,86.53270721435547,173.0800018310547,77.02190399169922
2022-02-16,420.2144470214844,115.44380187988281,86.93499755859375,174.86000061035156,77.02190399169922
2022-02-17,411.2380676269531,116.30255126953125,86.0130844116211,177.25,77.01347351074219
2022-02-18,408.5753479003906,117.52686309814453,85.49346923828125,177.1199951171875,77.02190399169922
2022-02-22,404.19061279296875,117.83293914794922,85.18338012695312,177.49000549316406,77.02190399169922
2022-02-23,397.0208435058594,116.20901489257812,83.7754135131836,178.2899932861328,77.01347351074219
2022-02-24,402.9956359863281,116.2855224609375,85.18338012695312,177.13999938964844,77.01347351074219
2022-02-25,411.8873596191406,116.37052154541016,87.2366943359375,176.5500030517578,77.01347351074219
2022-02-28,410.83349609375,118.9212875366211,85.93766784667969,178.3800048828125,77.01347351074219
2022-03-01,404.576416015625,120.2961654663086,85.48509216308594,181.6199951171875,77.03201293945312
2022-03-02,412.0190124511719,116.18411254882812,87.08586120605469,179.72999572753906,77.03201293945312
2022-03-03,409.9677734375,117.36750793457031,87.7982177734375,180.8000030517578,77.0404281616211
2022-03-04,406.6369323730469,119.3936996459961,88.20050811767578,183.67999267578125,77.0404281616211
2022-03-07,394.6496887207031,118.48275756835938,86.45728302001953,186.41000366210938,77.0404281616211
2022-03-08,391.65753173828125,117.2908706665039,86.03823852539062,191.50999450683594,77.0404281616211
2022-03-09,402.15826416015625,116.14157104492188,87.36241912841797,185.82000732421875,77.0404281616211
2022-03-10,400.34228515625,114.4729232788086,87.58031463623047,186.39999389648438,77.0404281616211
2022-03-11,395.25189208984375,114.85601806640625,86.88469696044922,185.08999633789062,77.03201293945312
2022-03-14,392.3633117675781,112.17424011230469,86.20584869384766,182.3000030517578,77.0404281616211
2022-03-15,400.9914245605469,111.97846221923828,86.78414154052734,178.88999938964844,77.0235824584961
2022-03-16,409.8832702636719,113.07669067382812,87.81499481201172,180.00999450683594,77.0404281616211
2022-03-17,415.01116943359375,112.23384857177734,89.17268371582031,180.88999938964844,77.0404281616211
2022-03-18,419.5567626953125,113.60452270507812,89.17268371582031,179.3000030517578,77.03201293945312
2022-03-21,419.43402099609375,110.97384643554688,88.6279296875,180.6699981689453,77.03201293945312
2022-03-22,424.3419494628906,109.55206298828125,88.85420989990234,179.36000061035156,77.03201293945312
2022-03-23,418.8770751953125,111.95288848876953,87.85733032226562,181.80999755859375,77.04886627197266
2022-03-24,425.19146728515625,111.07601928710938,88.41349792480469,183.1300048828125,77.04886627197266
2022-03-25,427.26788330078125,109.53507995605469,89.51741027832031,182.3800048828125,77.03201293945312
2022-03-28,430.3071594238281,110.47157287597656,90.46961975097656,179.05999755859375,77.03201293945312
2022-03-29,435.6303405761719,111.30587768554688,93.12405395507812,179.13999938964844,77.03201293945312
2022-03-30,432.9403381347656,112.17424011230469,92.44991302490234,180.5800018310547,77.04886627197266
2022-03-31,426.27691650390625,112.44670867919922,91.32071685791016,180.64999389648438,77.04886627197266
2022-04-01,427.4849853515625,112.87468719482422,93.0987777709961,179.5,77.04886627197266
2022-04-04,431.1470947265625,112.09030151367188,92.64373779296875,180.3699951171875,77.0404281616211
2022-04-05,425.70111083984375,109.55787658691406,92.18867492675781,179.24000549316406,77.03201293945312
2022-04-06,421.4443664550781,108.6711196899414,93.28414154052734,179.66000366210938,77.0404281616211
2022-04-07,423.5679931640625,107.85259246826172,92.35721588134766,180.33999633789062,77.0404281616211
2022-04-08,422.4354248046875,106.6844253540039,92.50889587402344,181.47000122070312,77.03201293945312
2022-04-11,415.215087890625,104.99617004394531,91.5145263671875,182.3699951171875,77.0404281616211
2022-04-12,413.6766052246094,104.8512191772461,91.37972259521484,183.77000427246094,77.0404281616211
2022-04-13,418.4146423339844,105.06437683105469,92.02857971191406,184.64999389648438,77.0404281616211
2022-04-14,413.20465087890625,102.95830535888672,91.63252258300781,184.0399932861328,77.03201293945312
2022-04-18,413.3745422363281,102.44670867919922,91.26173400878906,184.61000061035156,77.0404281616211
2022-04-19,420.0474853515625,101.67935180664062,93.25045013427734,181.82000732421875,77.03201293945312
2022-04-20,419.7360534667969,103.72570037841797,94.80097961425781,182.7100067138672,77.04886627197266
2022-04-21,413.4595031738281,102.95830535888672,94.14368438720703,182.05999755859375,77.04886627197266
2022-04-22,402.1145324707031,102.310302734375,92.49203491210938,180.2899932861328,77.0404281616211
2022-04-25,404.44580078125,103.33351135253906,92.25611114501953,177.0500030517578,77.04886627197266
2022-04-26,392.7326965332031,104.3737564086914,90.7392807006836,177.32000732421875,77.0404281616211
2022-04-27,393.8369445800781,103.0350570678711,90.14098358154297,175.97999572753906,77.0404281616211
2022-04-28,403.7850646972656,103.18853759765625,91.80103302001953,176.92999267578125,77.05731201171875
2022-04-29,388.8629455566406,101.84984588623047,87.58767700195312,176.91000366210938,77.0404281616211
2022-05-02,391.2037048339844,100.08441925048828,85.47256469726562,173.6300048828125,77.04886627197266
2022-05-03,392.9969787597656,100.75918579101562,86.53433227539062,174.08999633789062,77.0404281616211
2022-05-04,404.96490478515625,101.31434631347656,87.5286865234375,175.8000030517578,77.05731201171875
2022-05-05,390.57135009765625,98.53849792480469,85.1944808959961,175.1300048828125,77.05731201171875
2022-05-06,388.2401123046875,97.08649444580078,84.18325805664062,175.4199981689453,77.05731201171875
2022-05-09,375.8096618652344,97.94062042236328,80.47550201416016,172.8800048828125,77.04886627197266
2022-05-10,376.67791748046875,98.82891082763672,79.00924682617188,171.4199981689453,77.04886627197266
2022-05-11,370.6939697265625,100.73353576660156,78.84070587158203,172.82000732421875,77.04886627197266
2022-05-12,370.3070373535156,100.54564666748047,79.45586395263672,170.1699981689453,77.05731201171875
2022-05-13,379.1602783203125,99.05950164794922,81.55413818359375,168.7899932861328,77.06573486328125
2022-05-16,377.621826171875,98.95700073242188,81.04008483886719,170.39999389648438,77.05731201171875
2022-05-17,385.3896179199219,97.76126098632812,82.14398193359375,169.3300018310547,77.05731201171875
2022-05-18,369.8539733886719,99.84529876708984,79.75920867919922,169.4199981689453,77.05731201171875
2022-05-19,367.5887756347656,100.08441925048828,79.4052963256836,171.91000366210938,77.07415008544922
2022-05-20,367.7492370605469,101.22039794921875,79.910888671875,172.02999877929688,77.07415008544922
2022-05-23,374.6299133300781,99.55487823486328,80.83783721923828,172.8300018310547,77.07415008544922
2022-05-24,371.77001953125,101.51933288574219,81.5204086303711,174.1300048828125,77.06573486328125
2022-05-25,375.0545959472656,101.92076873779297,82.2114028930664,173.0800018310547,77.07415008544922
2022-05-26,382.54864501953125,101.45954132080078,82.31253814697266,172.75999450683594,77.09101867675781
2022-05-27,391.9399108886719,101.70723724365234,84.52033233642578,172.85000610351562,77.07415008544922
2022-05-31,389.7407531738281,99.55487823486328,83.48383331298828,171.13999938964844,77.06573486328125
2022-06-01,386.58831787109375,99.44110107421875,82.79286193847656,172.22999572753906,77.0665512084961
2022-06-02,393.9503173828125,99.49239349365234,83.93045806884766,174.35000610351562,77.08343505859375
2022-06-03,387.48492431640625,99.27848815917969,82.80970001220703,172.5800018310547,77.0665512084961
2022-06-06,388.6647644042969,97.4474868774414,82.54846954345703,171.82000732421875,77.07499694824219
2022-06-07,392.3929138183594,98.4998779296875,83.68609619140625,172.94000244140625,77.0665512084961
2022-06-08,388.1267395019531,97.62713623046875,81.75635528564453,172.77999877929688,77.07499694824219
2022-06-09,378.89599609375,97.9522933959961,79.81819915771484,172.22999572753906,77.08343505859375
2022-06-10,367.90966796875,97.34479522705078,78.04859161376953,174.5399932861328,77.0665512084961
2022-06-13,353.94085693359375,94.29021453857422,74.14698791503906,169.92999267578125,77.07499694824219
2022-06-14,352.874267578125,93.10089111328125,73.58240509033203,168.57000732421875,77.0665512084961
2022-06-15,357.9049072265625,94.83779907226562,75.32674407958984,170.77000427246094,77.07499694824219
2022-06-16,346.05975341796875,95.59075164794922,73.34645080566406,172.69000244140625,77.09183502197266
2022-06-17,346.8057556152344,95.89879608154297,73.90261840820312,171.27000427246094,77.08343505859375
2022-06-21,355.53607177734375,94.2730941772461,74.93067932128906,170.6300048828125,77.10028839111328
2022-06-22,354.89154052734375,96.86566162109375,75.88291931152344,171.30999755859375,77.10869598388672
2022-06-23,358.3703308105469,97.66136932373047,77.3245849609375,170.25999450683594,77.10869598388672
2022-06-24,369.76434326171875,96.30948638916016,78.96979522705078,170.08999633789062,77.09183502197266
2022-06-27,368.35198974609375,95.48809814453125,78.85106658935547,169.89999389648438,77.09183502197266
2022-06-28,360.825439453125,95.9329833984375,77.89277648925781,169.6199951171875,77.10869598388672
2022-06-29,360.53167724609375,97.43034362792969,77.40939331054688,169.49000549316406,77.11714935302734
2022-06-30,357.60260009765625,98.28598022460938,77.26521301269531,168.4600067138672,77.12557983398438
2022-07-01,361.3847961425781,99.29502868652344,78.6560287475586,168.32000732421875,77.11966705322266
2022-07-05,362.06719970703125,100.07527160644531,78.4355239868164,164.75,77.11966705322266
2022-07-06,363.2900695800781,98.39483642578125,78.29135131835938,162.13999938964844,77.11966705322266
2022-07-07,368.73114013671875,97.52896881103516,78.50336456298828,162.22999572753906,77.11966705322266
2022-07-08,368.4278259277344,96.44873046875,78.08783721923828,162.3000030517578,77.11121368408203
2022-07-11,364.2190246582031,98.11195373535156,77.918212890625,161.42999267578125,77.11966705322266
2022-07-12,360.99615478515625,98.69493865966797,77.6129150390625,160.8300018310547,77.11121368408203
2022-07-13,359.1002502441406,99.82661437988281,77.23979187011719,161.60000610351562,77.11121368408203
2022-07-14,358.22821044921875,99.01211547851562,76.54438781738281,159.3300018310547,77.11966705322266
2022-07-15,365.0721435546875,99.5693588256836,77.84190368652344,159.00999450683594,77.11121368408203
2022-07-18,362.0577392578125,98.53204345703125,77.29066467285156,159.16000366210938,77.11121368408203
2022-07-19,371.84027099609375,98.00048065185547,79.29203796386719,159.5399932861328,77.11121368408203
2022-07-20,374.2100830078125,98.25768280029297,79.10547637939453,158.0399932861328,77.11121368408203
2022-07-21,378.02069091796875,99.95519256591797,79.7330322265625,160.27000427246094,77.13652801513672
2022-07-22,374.5133972167969,101.63552856445312,80.14859008789062,160.6699981689453,77.14496612548828
2022-07-25,374.9683837890625,100.64104461669922,80.28424072265625,160.22999572753906,77.13652801513672
2022-07-26,370.53216552734375,100.71820068359375,80.36905670166016,160.0399932861328,77.13652801513672
2022-07-27,380.1535339355469,100.15235900878906,80.85243225097656,161.6699981689453,77.13652801513672
2022-07-28,384.921630859375,100.94969177246094,83.47290802001953,163.63999938964844,77.14496612548828
2022-07-29,390.5332336425781,100.67532348632812,83.92237091064453,164.10000610351562,77.15343475341797
2022-08-01,389.37677001953125,103.09998321533203,83.24392700195312,165.02999877929688,77.15933227539062
2022-08-02,386.8079833984375,100.91841125488281,82.1753921508789,164.0500030517578,77.16779327392578
2022-08-03,392.86517333984375,102.50733184814453,82.43828582763672,164.4499969482422,77.15933227539062
2022-08-04,392.5997314453125,102.47296905517578,82.31108093261719,167.1699981689453,77.17619323730469
2022-08-05,391.9361877441406,100.03375244140625,82.5400619506836,165.2899932861328,77.19306945800781
2022-08-08,391.481201171875,101.64845275878906,83.27783966064453,166.69000244140625,77.20153045654297
2022-08-09,389.9266357421875,101.25335693359375,83.73580169677734,167.1999969482422,77.19306945800781
2022-08-10,398.1165771484375,100.59202575683594,85.00786590576172,166.77999877929688,77.20153045654297
2022-08-11,398.1165771484375,98.24726867675781,84.80433654785156,166.33999633789062,77.20153045654297
2022-08-12,404.8563537597656,99.24356842041016,86.26296997070312,167.8699951171875,77.21841430664062
2022-08-15,406.524658203125,99.15766906738281,86.61066436767578,165.7100067138672,77.20997619628906
2022-08-16,407.3208923339844,99.56995391845703,86.38169860839844,165.4199981689453,77.21841430664062
2022-08-17,404.4297180175781,98.53070068359375,85.8643798828125,164.35000610351562,77.21841430664062
2022-08-18,405.6051330566406,98.67671966552734,85.29618072509766,163.9199981689453,77.25221252441406
2022-08-19,400.1546630859375,97.08778381347656,84.39727783203125,162.72000122070312,77.25221252441406
2022-08-22,391.822509765625,96.76141357421875,82.55701446533203,161.63999938964844,77.26066589355469
2022-08-23,390.8744812011719,96.22891235351562,81.49694061279297,162.77000427246094,77.24376678466797
2022-08-24,392.1257629394531,95.524658203125,81.96338653564453,163.25,77.26909637451172
2022-08-25,397.66162109375,96.85590362548828,83.18455505371094,163.75,77.27753448486328
2022-08-26,384.201171875,97.58595275878906,81.08990478515625,161.75999450683594,77.27753448486328
2022-08-29,381.6607666015625,96.77861785888672,80.3605728149414,161.86000061035156,77.27753448486328
2022-08-30,377.470947265625,97.01908874511719,79.24964141845703,160.50999450683594,77.28599548339844
2022-08-31,374.5987548828125,96.09148406982422,78.87650299072266,159.27000427246094,77.30289459228516
2022-09-01,375.774169921875,94.33226776123047,79.02066802978516,157.8699951171875,77.31892395019531
2022-09-02,371.8117980957031,94.86587524414062,77.918212890625,159.25999450683594,77.327392578125
2022-09-06,370.408935546875,92.51616668701172,78.62210083007812,158.3300018310547,77.327392578125
2022-09-07,377.0633544921875,93.9793701171875,80.15703582763672,159.94000244140625,77.3358383178711
2022-09-08,379.5279541015625,93.01537322998047,80.37754821777344,158.97999572753906,77.352783203125
2022-09-09,385.4239807128906,93.22193908691406,81.25103759765625,159.82000732421875,77.352783203125
2022-09-12,389.5664367675781,92.45588684082031,82.03970336914062,160.6300048828125,77.34429168701172
2022-09-13,372.6270446777344,92.67110443115234,78.90196228027344,158.5399932861328,77.3612289428711
2022-09-14,374.04901123046875,92.98957061767578,78.0030288696289,157.92999267578125,77.3612289428711
2022-09-15,369.8022766113281,92.92930603027344,76.56134796142578,154.97999572753906,77.3865966796875
2022-09-16,366.9810791015625,92.15469360351562,76.56982421875,155.83999633789062,77.3865966796875
2022-09-19,369.8270568847656,92.36984252929688,76.4595718383789,155.9600067138672,77.3865966796875
2022-09-20,365.5819091796875,91.44892120361328,74.60235595703125,155.07000732421875,77.3781509399414
2022-09-21,359.20477294921875,92.9809341430664,73.423583984375,155.7899932861328,77.39505004882812
2022-09-22,356.1874694824219,90.60541534423828,72.49073028564453,155.6999969482422,77.42887878417969
2022-09-23,350.21966552734375,90.97552490234375,71.5272216796875,153.00999450683594,77.42887878417969
2022-09-26,346.7550048828125,89.2369155883789,69.52131652832031,151.22999572753906,77.41195678710938
2022-09-27,345.8699035644531,86.8872299194336,68.59548950195312,151.5399932861328,77.43732452392578
2022-09-28,352.67535400390625,89.79637145996094,70.01849365234375,154.69000244140625,77.4457778930664
2022-09-29,345.30828857421875,89.33160400390625,67.96115112304688,154.66000366210938,77.46273040771484
2022-09-30,339.9686584472656,88.17826843261719,68.72406768798828,154.6699981689453,77.46273040771484
2022-10-03,348.9442138671875,89.57936096191406,69.94991302490234,158.42999267578125,77.4415054321289
2022-10-04,359.75689697265625,89.32918548583984,71.36433410644531,160.6999969482422,77.46693420410156
2022-10-05,358.91925048828125,88.47505187988281,69.96705627441406,159.80999755859375,77.46693420410156
2022-10-06,355.21673583984375,87.98329162597656,68.02114868164062,159.6300048828125,77.4838638305664
2022-10-07,345.30828857421875,87.12914276123047,66.38385009765625,157.8800048828125,77.4838638305664
2022-10-10,342.6717834472656,85.77462768554688,65.75806427001953,155.47999572753906,77.49236297607422
2022-10-11,340.5015869140625,86.15426635742188,66.42669677734375,155.16000366210938,77.49236297607422
2022-10-12,339.3785705566406,86.57699584960938,65.73236083984375,155.99000549316406,77.49236297607422
2022-10-13,348.33502197265625,85.74874877929688,66.9324722290039,154.91000366210938,77.51776885986328
2022-10-14,340.3969421386719,85.04129028320312,65.26943969726562,152.97999572753906,77.51776885986328
2022-10-17,349.14410400390625,84.62718200683594,67.72969055175781,153.4199981689453,77.51776885986328
2022-10-18,353.246337890625,84.82561492919922,68.4669189453125,153.75,77.51776885986328
2022-10-19,350.7431335449219,83.28130340576172,66.7610092163086,151.69000244140625,77.51776885986328
2022-10-20,347.8020935058594,81.85774993896484,66.46956634521484,151.4499969482422,77.55164337158203
2022-10-21,356.2541198730469,80.3824462890625,66.99246978759766,154.14999389648438,77.56011199951172
2022-10-24,360.61346435546875,79.7181396484375,66.98388671875,153.64999389648438,77.55164337158203
2022-10-25,366.3719177246094,82.03892517089844,69.6156005859375,154.0,77.55164337158203
2022-10-26,363.61163330078125,83.22089385986328,69.57273864746094,154.97999572753906,77.56858825683594
2022-10-27,361.6700134277344,84.09225463867188,69.67561340332031,154.74000549316406,77.59400177001953
2022-10-28,370.2743835449219,83.51420593261719,71.21003723144531,153.16000366210938,77.58551025390625
2022-10-31,367.5997314453125,82.91893768310547,71.13288879394531,151.91000366210938,77.58551025390625
2022-11-01,365.9911193847656,83.69386291503906,71.107177734375,153.4600067138672,77.59233856201172
2022-11-02,356.80621337890625,83.33060455322266,69.15267944335938,152.38999938964844,77.6177749633789
2022-11-03,353.13226318359375,82.88089752197266,69.05838012695312,151.80999755859375,77.64324951171875
2022-11-04,358.21490478515625,81.48844909667969,70.00135803222656,156.47000122070312,77.66023254394531
2022-11-07,361.6414489746094,80.67546844482422,70.00135803222656,155.85000610351562,77.6517333984375
2022-11-08,363.5925598144531,81.55762481689453,70.21566772460938,159.4499969482422,77.66023254394531
2022-11-09,356.10186767578125,81.82574462890625,69.4955825805664,158.64999389648438,77.70268249511719
2022-11-10,375.6711120605469,84.973876953125,74.57893371582031,163.47999572753906,77.71119689941406
2022-11-11,379.30712890625,84.66252899169922,74.57038116455078,164.55999755859375,77.70268249511719
2022-11-14,376.0804443359375,84.45492553710938,72.7530517578125,164.9199981689453,77.70268249511719
2022-11-15,379.2880554199219,85.82146453857422,73.54170989990234,165.5,77.71966552734375
2022-11-16,376.3945007324219,87.69823455810547,72.87306213378906,165.1199951171875,77.72816467285156
2022-11-17,375.2427673339844,86.77278900146484,72.3758773803711,163.9199981689453,77.7536392211914
2022-11-18,376.946533203125,86.176025390625,73.2931137084961,162.7899932861328,77.7536392211914
2022-11-21,375.5760498046875,86.53929138183594,73.6788558959961,161.8800048828125,77.76212310791016
2022-11-22,380.6300964355469,87.76741790771484,74.08175659179688,162.07000732421875,77.77910614013672
2022-11-23,383.0286865234375,89.29824829101562,74.14176177978516,163.0800018310547,77.79606628417969
2022-11-25,382.9429931640625,88.99555969238281,74.61322784423828,163.22000122070312,77.79606628417969
2022-11-28,376.8323669433594,89.246337890625,72.61591339111328,161.92999267578125,77.80457305908203
2022-11-29,376.18511962890625,88.19987487792969,73.8160171508789,162.72999572753906,77.83004760742188
2022-11-30,388.03521728515625,88.84849548339844,75.5047607421875,164.80999755859375,77.83004760742188
2022-12-01,387.74969482421875,91.68684387207031,75.34188842773438,167.83999633789062,77.84705352783203
2022-12-02,387.3023376464844,92.83985137939453,75.1190185546875,167.25999450683594,77.8556137084961
2022-12-05,380.33502197265625,91.53946685791016,73.7474365234375,164.38999938964844,77.86408996582031
2022-12-06,374.85260009765625,92.71849060058594,73.05308532714844,164.83999633789062,77.8896484375
2022-12-07,374.21490478515625,94.90316772460938,73.19880676269531,166.3300018310547,77.8896484375
2022-12-08,377.1463928222656,94.64311981201172,73.71315002441406,166.47000122070312,77.94073486328125
2022-12-09,374.3291320800781,92.1810073852539,73.57600402832031,167.05999755859375,77.93223571777344
2022-12-12,379.7259216308594,92.47576904296875,74.14176177978516,165.67999267578125,77.94073486328125
2022-12-13,382.6003112792969,93.36870574951172,75.51332092285156,168.50999450683594,77.94073486328125
2022-12-14,380.1541442871094,93.76748657226562,74.9990005493164,168.10000610351562,77.96629333496094
2022-12-15,370.85498046875,94.13333892822266,73.99604034423828,165.35000610351562,77.98329162597656
2022-12-16,366.4766540527344,93.08183288574219,72.08441162109375,166.7899932861328,77.98329162597656
2022-12-19,363.3689880371094,91.5175552368164,71.16717529296875,166.32000732421875,77.99270629882812
2022-12-20,363.8662414550781,89.89249420166016,70.98716735839844,169.0800018310547,78.00126647949219
2022-12-21,369.30694580078125,90.1184310913086,71.5958023071289,168.8000030517578,78.009765625
2022-12-22,364.0383605957031,90.10104370117188,71.29500579833984,166.75999450683594,78.06104278564453
2022-12-23,366.13238525390625,88.78012084960938,71.92960357666016,167.25999450683594,78.06104278564453
2022-12-27,364.6885681152344,87.02468872070312,71.90353393554688,168.6699981689453,78.06104278564453
2022-12-28,360.1562194824219,86.51197052001953,70.67777252197266,167.91000366210938,78.08666229248047
2022-12-29,366.6391296386719,87.49398040771484,72.22518920898438,168.85000610351562,78.12079620361328
2022-12-30,365.6734313964844,86.52064514160156,71.70358276367188,169.63999938964844,78.11226654052734
2023-01-03,364.1340026855469,88.17181396484375,71.77313995361328,171.05999755859375,78.12079620361328
2023-01-04,366.94512939453125,89.3797607421875,73.39881896972656,172.6699981689453,78.11226654052734
2023-01-05,362.75701904296875,89.75344848632812,71.42540740966797,170.52000427246094,78.13787078857422
2023-01-06,371.0758361816406,91.40458679199219,73.34664916992188,173.7100067138672,78.12934875488281
2023-01-09,370.8655090332031,91.89126586914062,73.37273406982422,174.10000610351562,78.14643096923828
2023-01-10,373.4663391113281,90.37046813964844,73.53791809082031,174.74000549316406,78.13787078857422
2023-01-11,378.18988037109375,91.839111328125,76.17202758789062,174.6199951171875,78.13787078857422
2023-01-12,379.5667724609375,93.64668273925781,77.13700103759766,176.63999938964844,78.19767761230469
2023-01-13,381.039306640625,92.76895141601562,76.65885162353516,178.75999450683594,78.20618438720703
2023-01-17,380.34130859375,92.16934967041016,76.8761978149414,177.58999633789062,78.20618438720703
2023-01-18,374.33642578125,94.40274810791016,75.75474548339844,177.0800018310547,78.2147216796875
2023-01-19,371.611328125,93.81179809570312,75.33746337890625,179.88999938964844,78.24889373779297
2023-01-20,378.5340270996094,92.29098510742188,76.23287963867188,179.2899932861328,78.25743865966797
2023-01-23,383.0760192871094,91.85651397705078,76.58061218261719,179.6300048828125,78.25743865966797
2023-01-24,382.664794921875,93.17742919921875,76.77188110351562,180.27999877929688,78.26596069335938
2023-01-25,382.8081970214844,93.40335083007812,76.806640625,181.11000061035156,78.2745132446289
2023-01-26,387.01544189453125,92.96885681152344,77.66729736328125,179.47000122070312,78.31720733642578
2023-01-27,387.9046630859375,92.73419952392578,78.53665161132812,179.22000122070312,78.32575988769531
2023-01-30,383.0377197265625,92.39529418945312,77.53688049316406,178.75999450683594,78.32575988769531
2023-01-31,388.6696472167969,93.13395690917969,79.16256713867188,179.41000366210938,78.33428955078125
2023-02-01,392.8003234863281,94.25354766845703,79.64940643310547,181.6699981689453,78.33943176269531
2023-02-02,398.5183410644531,94.37552642822266,81.45764923095703,177.89999389648438,78.37372589111328
2023-02-03,394.28240966796875,92.96407318115234,79.92760467529297,173.4600067138672,78.3908462524414
2023-02-06,391.8728942871094,92.27581024169922,79.34512329101562,173.82000732421875,78.3994140625
2023-02-07,396.99798583984375,91.53518676757812,79.1712646484375,173.97999572753906,78.40801239013672
2023-02-08,392.65692138671875,91.9708251953125,78.79744720458984,174.41000366210938,78.40801239013672
2023-02-09,389.2529602050781,91.09954071044922,77.93680572509766,173.02999877929688,78.43373107910156
2023-02-10,390.16131591796875,90.08016967773438,78.20630645751953,173.36000061035156,78.44229125976562
2023-02-13,394.74139404296875,90.83818817138672,78.90176391601562,172.47999572753906,78.45941925048828
2023-02-14,394.55975341796875,90.62908172607422,78.2758560180664,172.61000061035156,78.45941925048828
2023-02-15,395.841064453125,89.78394317626953,78.58879852294922,170.88999938964844,78.47655487060547
2023-02-16,390.3907775878906,88.51193237304688,77.82378387451172,170.75,78.51942443847656
2023-02-17,389.41546630859375,89.2001953125,77.5195083618164,171.25999450683594,78.52799224853516
2023-02-21,381.6034240722656,87.4664077758789,75.96337890625,170.6199951171875,78.52799224853516
2023-02-22,381.07757568359375,88.2679443359375,75.27659606933594,169.66000366210938,78.55372619628906
2023-02-23,383.1046447753906,89.13050842285156,75.8416748046875,169.57000732421875,78.57939910888672
2023-02-24,379.0122375488281,87.97172546386719,74.5115737915039,168.35000610351562,78.58799743652344
2023-02-27,380.3031005859375,88.21568298339844,74.62458038330078,169.00999450683594,78.59657287597656
2023-02-28,378.8974609375,88.616455078125,74.520263671875,169.77999877929688,78.60514068603516
2023-03-01,377.4440612792969,87.66444396972656,73.58136749267578,170.75999450683594,78.60941314697266
2023-03-02,380.3794860839844,86.88710021972656,74.4420166015625,170.66000366210938,78.63521575927734
2023-03-03,386.4799499511719,88.99202728271484,75.57218170166016,172.49000549316406,78.65242004394531
2023-03-06,386.74774169921875,88.30204772949219,75.27659606933594,171.6199951171875,78.6609878540039
2023-03-07,380.8193664550781,88.84355926513672,73.52051544189453,168.6199951171875,78.6609878540039
2023-03-08,381.4408874511719,88.93089294433594,74.3637924194336,168.5399932861328,78.67817687988281
2023-03-09,374.4034118652344,89.14923858642578,72.65985870361328,170.1999969482422,78.69538116455078
2023-03-10,369.0009460449219,92.22364807128906,70.25177001953125,173.8699951171875,78.71255493164062
2023-03-13,368.4749755859375,92.43324279785156,71.17329406738281,177.86000061035156,78.7297592163086
2023-03-14,374.5658874511719,90.91354370117188,71.8600845336914,176.8300018310547,78.73836517333984
2023-03-15,372.2232971191406,92.66907501220703,71.80790710449219,178.2100067138672,78.78132629394531
2023-03-16,378.75396728515625,91.9441909790039,71.65143585205078,178.57000732421875,78.81571960449219
2023-03-17,374.3253479003906,93.32414245605469,70.0257568359375,183.77000427246094,78.83290100097656
2023-03-20,377.92474365234375,92.50315856933594,70.8255615234375,183.83999633789062,78.84149932861328
2023-03-21,382.8870544433594,91.70832061767578,70.51260375976562,180.3699951171875,78.84149932861328
2023-03-22,376.36016845703125,92.93110656738281,67.87849426269531,183.44000244140625,78.85865783691406
2023-03-23,377.3776550292969,92.93110656738281,67.45248413085938,185.74000549316406,78.89306640625
2023-03-24,379.85400390625,93.32414245605469,69.18226623535156,183.64999389648438,78.91024780273438
2023-03-27,380.5642395019531,91.13189697265625,69.10323333740234,181.9499969482422,78.90164184570312
2023-03-28,379.7100524902344,91.2978286743164,68.93640899658203,183.44000244140625,78.9188461303711
2023-03-29,385.2290344238281,91.11444091796875,70.46424102783203,182.52999877929688,78.9188461303711
2023-03-30,387.48468017578125,91.5336685180664,71.38619995117188,184.17999267578125,78.93604278564453
2023-03-31,392.9461364746094,92.9049072265625,72.91403198242188,183.22000122070312,78.9188461303711
2023-04-03,394.4434814453125,93.34182739257812,72.3344955444336,184.5399932861328,78.93783569335938
2023-04-04,392.2550964355469,93.80592346191406,72.2379150390625,187.97999572753906,78.94647216796875
2023-04-05,391.22802734375,94.78663635253906,71.8515625,187.8300018310547,78.9896011352539
2023-04-06,392.7541809082031,95.03182220458984,72.34329223632812,186.49000549316406,78.99824523925781
2023-04-10,393.1572570800781,93.49946594238281,72.67693328857422,185.11000061035156,79.00687408447266
2023-04-11,393.2628479003906,93.69210815429688,72.9842758178711,186.27999877929688,79.0155029296875
2023-04-12,391.659912109375,93.59577941894531,72.63302612304688,187.19000244140625,79.03275299072266
2023-04-13,396.8621520996094,92.86026000976562,72.41352081298828,189.72000122070312,79.0759048461914
2023-04-14,395.8927917480469,92.01090240478516,71.28960418701172,186.36000061035156,79.0759048461914
2023-04-17,397.3133544921875,90.91637420654297,72.77352905273438,185.52999877929688,79.09318542480469
2023-04-18,397.5725402832031,91.24032592773438,72.60670471191406,186.25,79.10179901123047
2023-04-19,397.5053405761719,91.15279388427734,73.03695678710938,185.36000061035156,79.1104507446289
2023-04-20,395.33612060546875,91.93212127685547,72.31694030761719,186.08999633789062,79.17086029052734
2023-04-21,395.643310546875,91.41546630859375,72.32571411132812,184.25,79.1622085571289
2023-04-24,396.0560302734375,92.29985046386719,72.05350494384766,184.80999755859375,79.17086029052734
2023-04-25,389.7690734863281,93.65708923339844,71.34229278564453,185.75,79.1622085571289
2023-04-26,388.1181640625,92.65884399414062,70.65741729736328,184.74000549316406,79.17948150634766
2023-04-27,395.8448486328125,91.73943328857422,72.25547790527344,184.75,79.20536041259766
2023-04-28,399.2234802246094,93.2192611694336,73.14230346679688,184.8000030517578,79.20536041259766
2023-05-01,398.82025146484375,90.53132629394531,72.5979232788086,183.97000122070312,79.20794677734375
2023-05-02,394.3378601074219,92.7873764038086,71.3686294555664,187.52000427246094,79.19062805175781
2023-05-03,391.6311950683594,93.30529022216797,71.08765411376953,189.11000061035156,79.19930267333984
2023-05-04,388.8572692871094,92.38357543945312,71.67595672607422,190.44000244140625,79.22528839111328
2023-05-05,396.0560302734375,92.07632446289062,72.8701171875,187.4600067138672,79.24261474609375
2023-05-08,396.16156005859375,90.785888671875,72.44866180419922,187.69000244140625,79.25128936767578
2023-05-09,394.4242248535156,90.46109771728516,72.1413345336914,189.02000427246094,79.25994873046875
2023-05-10,396.2671203613281,91.33895874023438,72.83499908447266,188.75,79.26860046386719
2023-05-11,395.5760192871094,92.30458068847656,72.03597259521484,187.1300048828125,79.32058715820312
2023-05-12,395.0577087402344,91.53207397460938,72.02717590332031,186.80999755859375,79.33790588378906
2023-05-15,396.4206848144531,90.58399963378906,71.90425109863281,187.2100067138672,79.3465805053711
2023-05-16,393.7715759277344,90.3118667602539,70.10420989990234,184.8699951171875,79.33790588378906
2023-05-17,398.5515441894531,90.04853820800781,71.05253601074219,184.22999572753906,79.35520935058594
2023-05-18,402.3908386230469,89.38135528564453,70.7100830078125,181.83999633789062,79.39857482910156
2023-05-19,401.80535888671875,88.74931335449219,70.59593200683594,183.63999938964844,79.39857482910156
2023-05-22,401.968505859375,88.43329620361328,71.02618408203125,183.2100067138672,79.40721130371094
2023-05-23,397.4572448730469,88.68788146972656,70.35887145996094,183.42999267578125,79.40721130371094
2023-05-24,394.57781982421875,88.24895477294922,68.84860229492188,181.9499969482422,79.40721130371094
2023-05-25,397.9948425292969,88.02948760986328,68.83983612060547,180.1999969482422,79.45919036865234
2023-05-26,403.14910888671875,88.74053955078125,69.63008880615234,180.9199981689453,79.4765396118164
2023-05-30,403.30267333984375,89.62713623046875,69.89348602294922,182.0399932861328,79.48519897460938
2023-05-31,401.0663146972656,90.408447265625,70.2447280883789,182.32000732421875,79.50249481201172
2023-06-01,404.8768615722656,90.76313018798828,70.25350189208984,183.75999450683594,79.546875
2023-06-02,410.7318115234375,89.76854705810547,71.96571350097656,181.0500030517578,79.55557250976562
2023-06-05,409.9447937011719,89.60131072998047,71.46521759033203,182.13999938964844,79.55557250976562
2023-06-06,410.83746337890625,90.12940979003906,72.15009307861328,182.33999633789062,79.57298278808594
2023-06-07,409.4168395996094,88.79154968261719,73.47599029541016,180.14999389648438,79.58168029785156
2023-06-08,411.8931884765625,89.83015441894531,73.01939392089844,182.52999877929688,79.62516021728516
2023-06-09,412.6322937011719,89.70694732666016,72.5979232788086,182.0399932861328,79.63386535644531
2023-06-12,416.3756408691406,89.97098541259766,72.61547088623047,181.8800048828125,79.64256286621094
2023-06-13,419.1207275390625,89.08203125,73.08085632324219,180.5399932861328,79.65995025634766
2023-06-14,419.6199035644531,89.79493713378906,73.35304260253906,180.63999938964844,79.67732238769531
2023-06-15,424.8221740722656,90.65752410888672,73.7394027709961,181.91000366210938,79.71215057373047
2023-06-16,423.3751525878906,90.30543518066406,73.68669891357422,181.6300048828125,79.72086334228516
2023-06-20,421.1785888671875,90.93038177490234,72.81743621826172,179.75,79.7382583618164
2023-06-21,419.0205383300781,91.15042877197266,72.37840270996094,179.49000549316406,79.7382583618164
2023-06-22,420.53314208984375,90.05021667480469,71.34229278564453,177.7100067138672,79.7730712890625
2023-06-23,417.35394287109375,90.947998046875,70.35887145996094,178.1999969482422,79.78173065185547
2023-06-26,415.64874267578125,91.0447998046875,71.98326110839844,178.50999450683594,79.79043579101562
2023-06-27,420.2055969238281,90.8071517944336,72.8701171875,177.69000244140625,79.8078384399414
2023-06-28,420.41754150390625,91.19441223144531,72.97547912597656,177.27999877929688,79.81651306152344
2023-06-29,422.0745849609375,89.54850769042969,73.79064178466797,177.08999633789062,79.84262084960938
2023-06-30,427.0553283691406,90.6047134399414,74.19911193847656,178.27000427246094,79.86872863769531
2023-07-03,427.54669189453125,90.091064453125,74.92724609375,178.47000122070312,79.8888168334961
2023-07-05,426.91082763671875,89.23500061035156,75.0959701538086,177.83999633789062,79.8975601196289
2023-07-06,423.56781005859375,87.97293853759766,74.51878356933594,177.30999755859375,79.9237289428711
2023-07-07,422.4984436035156,87.44341278076172,74.3500747680664,178.63999938964844,79.93247985839844
2023-07-10,423.56781005859375,87.55813598632812,74.66973876953125,178.77999877929688,79.94993591308594
2023-07-11,426.2653503417969,88.00825500488281,75.73529052734375,179.4499969482422,79.95867156982422
2023-07-12,429.6950988769531,88.9878921508789,76.1437759399414,181.8800048828125,79.97615051269531
2023-07-13,433.1054382324219,89.92340087890625,76.63216400146484,182.00999450683594,80.01107788085938
2023-07-14,432.8357238769531,89.39385223388672,76.48119354248047,181.42999267578125,80.01982879638672
2023-07-17,434.3386535644531,89.43798065185547,75.98394775390625,181.55999755859375,80.02854919433594
2023-07-18,437.56597900390625,89.84395599365234,75.56658935546875,183.63999938964844,80.02854919433594
2023-07-19,438.5390625,90.85887908935547,76.41905975341797,183.6699981689453,80.04600524902344
2023-07-20,435.62957763671875,89.75568389892578,76.17041015625,182.74000549316406,80.08969116210938
2023-07-21,435.62957763671875,89.78219604492188,76.52560424804688,182.17999267578125,80.08969116210938
2023-07-24,437.57568359375,89.45560455322266,77.15605926513672,181.39999389648438,80.09844970703125
2023-07-25,438.7702941894531,89.2879409790039,76.60552215576172,182.41000366210938,80.1071548461914
2023-07-26,438.8377685546875,89.37618255615234,76.95183563232422,183.3000030517578,80.1158676147461
2023-07-27,435.92822265625,87.63756561279297,75.2824478149414,180.4199981689453,80.15956115722656
2023-07-28,440.19610595703125,88.08766174316406,75.22029113769531,181.86000061035156,80.16827392578125
2023-07-31,441.03424072265625,88.29947662353516,75.70867156982422,182.35000610351562,80.17703247070312
2023-08-01,439.772216796875,86.8525390625,75.58435821533203,180.4600067138672,80.19806671142578
2023-08-02,433.6546325683594,85.92329406738281,75.14923095703125,179.60000610351562,80.20684051513672
2023-08-03,432.41180419921875,83.94092559814453,74.33231353759766,179.5399932861328,80.24193572998047
2023-08-04,430.4561462402344,85.42769622802734,73.72848510742188,180.19000244140625,80.25947570800781
2023-08-07,434.21337890625,84.58698272705078,74.65198516845703,179.77999877929688,80.25947570800781
2023-08-08,432.3251037597656,85.56929779052734,74.17247009277344,178.63999938964844,80.27703094482422
2023-08-09,429.4349060058594,86.01179504394531,74.1635971069336,177.7899932861328,80.28579711914062
2023-08-10,429.589111328125,84.59583282470703,73.87943267822266,177.60000610351562,80.32964324951172
2023-08-11,429.33856201171875,84.40109252929688,73.99488830566406,177.60000610351562,80.33840942382812
2023-08-14,431.70855712890625,84.21529388427734,73.5064926147461,177.05999755859375,80.34718322753906
2023-08-15,426.6795654296875,83.70197296142578,72.68067932128906,176.58999633789062,80.35595703125
2023-08-16,423.5486145019531,83.04706573486328,71.78382110595703,175.57000732421875,80.37350463867188
2023-08-17,420.3211975097656,82.6930923461914,71.20664978027344,175.3000030517578,80.40858459472656
2023-08-18,420.52349853515625,82.98513793945312,71.42862701416016,175.3300018310547,80.4173583984375
2023-08-21,423.25958251953125,81.87889099121094,70.77153015136719,175.80999755859375,80.42615509033203
2023-08-22,422.1130676269531,82.50724792480469,70.97576904296875,176.10000610351562,80.43490600585938
2023-08-23,426.814453125,84.55155181884766,72.0946044921875,177.88999938964844,80.45246124267578
2023-08-24,420.8992004394531,83.99402618408203,71.8193359375,177.85000610351562,80.478759765625
2023-08-25,423.8664855957031,84.26837158203125,71.87261199951172,177.6199951171875,80.49629211425781
2023-08-28,426.5544128417969,84.35687255859375,72.5474624633789,178.1300048828125,80.51383209228516
2023-08-29,432.7201232910156,85.23300170898438,73.42657470703125,179.8699951171875,80.50511169433594
2023-08-30,434.5024108886719,85.14450073242188,73.69296264648438,180.32000732421875,80.52262115478516
2023-08-31,433.8665771484375,85.52505493164062,73.15129852294922,180.02000427246094,80.57524871826172
2023-09-01,434.67578125,84.19270324707031,73.27562713623047,180.11000061035156,80.58847045898438
2023-09-05,432.79718017578125,83.01213073730469,72.42316436767578,178.63999938964844,80.60608673095703
2023-09-06,429.8877258300781,83.21627807617188,72.27220916748047,177.8300018310547,80.60608673095703
2023-09-07,428.5679016113281,83.44705963134766,72.72509002685547,178.02000427246094,80.6501235961914
2023-09-08,429.2133483886719,83.76661682128906,72.44091796875,178.0800018310547,80.65895080566406
2023-09-11,432.0361633300781,83.16303253173828,72.4498062133789,178.41000366210938,80.65895080566406
2023-09-12,429.6661071777344,83.64237976074219,72.41427612304688,177.49000549316406,80.68538665771484
2023-09-13,430.1671142578125,83.6246109008789,71.6240005493164,177.0800018310547,80.69417572021484
2023-09-14,433.8761901855469,83.0210189819336,72.9204330444336,177.1699981689453,80.72062683105469
2023-09-15,428.64874267578125,82.51505279541016,72.64514923095703,178.33999633789062,80.73826599121094
2023-09-18,428.9000549316406,82.98548889160156,71.99693298339844,179.38999938964844,80.74703979492188
2023-09-19,428.0106506347656,82.37303924560547,71.66838836669922,179.22000122070312,80.755859375
2023-09-20,424.0758056640625,82.63046264648438,71.73052978515625,179.35000610351562,80.76465606689453
2023-09-21,417.0665283203125,80.50899505615234,69.28861236572266,178.0500030517578,80.80872344970703
2023-09-22,416.1286926269531,81.15697479248047,68.76471710205078,178.6199951171875,80.81753540039062
2023-09-25,417.8785705566406,79.1597900390625,68.70255279541016,177.6999969482422,80.82635498046875
2023-09-26,411.73944091796875,78.88463592529297,67.45050048828125,176.27999877929688,80.83515930175781
2023-09-27,411.9037780761719,78.4762954711914,66.99763488769531,174.10000610351562,80.86161041259766
2023-09-28,414.2917785644531,78.71595764160156,67.6405029296875,173.22999572753906,80.88800811767578
2023-09-29,413.28631591796875,78.72484588623047,67.83777618408203,171.4499969482422,80.89683532714844
2023-10-02,413.1219482421875,77.40696716308594,66.59146881103516,169.64999389648438,80.90923309326172
2023-10-03,407.5918884277344,75.74183654785156,65.29138946533203,169.16000366210938,80.92691802978516
2023-10-04,410.5599060058594,76.81034851074219,66.08936309814453,169.13999938964844,80.93576049804688
2023-10-05,410.4053039550781,76.4274673461914,66.45697021484375,168.8300018310547,80.98884582519531
2023-10-06,415.2779235839844,75.50139617919922,66.63631439208984,169.6999969482422,80.98884582519531
2023-10-09,417.9365539550781,77.27340698242188,67.36255645751953,172.82000732421875,80.9976806640625
2023-10-10,420.1118469238281,77.16654968261719,67.68531799316406,172.52999877929688,80.9976806640625
2023-10-11,421.83282470703125,78.77825927734375,68.85990905761719,173.7899932861328,81.0154037475586
2023-10-12,419.26104736328125,76.64117431640625,67.8556900024414,173.25999450683594,81.05081176757812
2023-10-13,417.1728210449219,78.0124740600586,67.68531799316406,178.8300018310547,81.06848907470703
2023-10-16,421.56207275390625,76.75692749023438,68.49229431152344,177.9600067138672,81.07733154296875
2023-10-17,421.54278564453125,75.91100311279297,68.39366149902344,178.2899932861328,81.0862045288086
2023-10-18,415.9256286621094,75.24315643310547,66.941162109375,180.8699951171875,81.09501647949219
2023-10-19,412.27117919921875,73.70268249511719,65.35415649414062,183.08999633789062,81.13043212890625
2023-10-20,407.2051696777344,74.12120819091797,64.91481018066406,183.58999633789062,81.14813995361328
2023-10-23,406.4994201660156,75.01164245605469,64.27820587158203,182.97000122070312,81.15696716308594
2023-10-24,409.56414794921875,76.00005340576172,65.10310363769531,182.9499969482422,81.16581726074219
2023-10-25,403.68597412109375,74.30818176269531,63.704383850097656,183.72000122070312,81.17467498779297
2023-10-26,398.85205078125,75.4479751586914,64.92377471923828,184.00999450683594,81.2100830078125
2023-10-27,397.0440979003906,75.12740325927734,63.883697509765625,186.14999389648438,81.2365951538086
2023-10-30,401.7911071777344,74.78903198242188,64.28716278076172,185.10000610351562,81.2454605102539
2023-10-31,404.3144226074219,74.42395782470703,65.38105010986328,184.08999633789062,81.2454605102539
2023-11-01,408.62640380859375,76.03762817382812,65.7845230102539,183.50999450683594,81.27034759521484
2023-11-02,416.4573974609375,77.77104187011719,67.94535827636719,184.1199951171875,81.2969970703125
2023-11-03,420.25689697265625,78.29821014404297,69.56822967529297,184.7899932861328,81.30590057373047
2023-11-06,421.22369384765625,77.53868865966797,68.56401824951172,183.35000610351562,81.31478118896484
2023-11-07,422.4225158691406,78.68241119384766,67.99915313720703,182.58999633789062,81.33255767822266
2023-11-08,422.73193359375,80.02266693115234,68.22329711914062,180.77000427246094,81.34146881103516
2023-11-09,419.4351806640625,78.18206787109375,67.14737701416016,181.49000549316406,81.38587188720703
2023-11-10,425.98028564453125,78.61986541748047,67.7750015258789,179.50999450683594,81.39476776123047
2023-11-13,425.57427978515625,78.44117736816406,67.21012115478516,180.50999450683594,81.40364074707031
2023-11-14,433.83074951171875,80.21928405761719,70.94004821777344,182.1199951171875,81.41255187988281
2023-11-15,434.7491760253906,79.09344482421875,71.14627075195312,181.63999938964844,81.4303207397461
2023-11-16,435.28094482421875,80.07630157470703,70.99385070800781,183.69000244140625,81.46586608886719
2023-11-17,435.8223876953125,80.45156860351562,70.94004821777344,183.6699981689453,81.48363494873047
2023-11-20,439.1771545410156,80.94300079345703,71.46009063720703,183.3699951171875,81.48363494873047
2023-11-21,438.219970703125,80.90727233886719,70.95797729492188,185.35000610351562,81.51033020019531
2023-11-22,439.9118957519531,81.19317626953125,71.30766296386719,184.55999755859375,81.54586029052734
2023-11-24,440.1826477050781,80.23712158203125,71.51387786865234,185.52000427246094,81.55476379394531
2023-11-27,439.3898620605469,81.57737731933594,71.77391052246094,186.77000427246094,81.56362915039062
2023-11-28,439.8248291015625,81.73823547363281,72.24911499023438,189.25999450683594,81.5813980102539
2023-11-29,439.5155029296875,82.7657470703125,72.75122833251953,189.5399932861328,81.5903091430664
2023-11-30,441.24603271484375,81.8097152709961,73.28021240234375,188.75,81.62586212158203
2023-12-01,443.8564147949219,83.35051727294922,75.0823974609375,192.00999450683594,81.64281463623047
2023-12-04,441.52642822265625,83.01886749267578,75.62933349609375,187.86000061035156,81.64281463623047
2023-12-05,441.439453125,84.8025894165039,75.12723541259766,187.14999389648438,81.66065216064453
2023-12-06,439.6605529785156,85.93194580078125,74.903076171875,187.83999633789062,81.66960906982422
2023-12-07,443.0152893066406,85.43896484375,75.11827087402344,188.14999389648438,81.705322265625
2023-12-08,444.9198913574219,84.73981475830078,74.99273681640625,185.63999938964844,81.72315979003906
2023-12-11,446.65045166015625,84.5605697631836,75.19895935058594,183.58999633789062,81.74103546142578
2023-12-12,448.6904296875,84.8115463256836,75.15413665771484,183.49000549316406,81.74103546142578
2023-12-13,454.8779602050781,86.8014144897461,78.0322494506836,187.6300048828125,81.74994659423828
2023-12-14,456.3377990722656,89.05937194824219,80.28276062011719,188.72999572753906,81.78568267822266
2023-12-15,455.5863952636719,89.15829467773438,79.15302276611328,187.0,81.81245422363281
2023-12-18,458.1491394042969,88.4478988647461,78.97370147705078,187.85000610351562,81.82232666015625
2023-12-19,460.9350891113281,88.92450714111328,79.57443237304688,189.1300048828125,81.82232666015625
2023-12-20,454.54779052734375,89.52696990966797,78.60609436035156,188.10000610351562,81.84025573730469
2023-12-21,458.8577880859375,88.96045684814453,79.30318450927734,189.42999267578125,81.89408111572266
2023-12-22,459.7799072265625,88.55577850341797,79.61178588867188,190.27000427246094,81.90306854248047
2023-12-26,461.72137451171875,88.80758666992188,80.2017822265625,191.72000122070312,81.92098236083984
2023-12-27,462.55615234375,90.3812255859375,80.59207153320312,192.58999633789062,81.92098236083984
2023-12-28,462.73089599609375,89.72480773925781,81.1639175415039,191.47000122070312,81.97481536865234
2023-12-29,461.3913269042969,88.91548156738281,80.2017822265625,191.1699981689453,81.97481536865234
2024-01-02,458.80926513671875,88.4029312133789,80.89160919189453,190.72000122070312,81.98377990722656
2024-01-03,455.062255859375,88.7716064453125,78.9582748413086,189.1300048828125,82.01068878173828
2024-01-04,453.59649658203125,87.42278289794922,78.81305694580078,189.32000732421875,82.03760528564453
2024-01-05,454.2177429199219,86.58647918701172,78.61335754394531,189.35000610351562,82.04656219482422
2024-01-08,460.7021484375,87.44075775146484,79.73886108398438,187.8699951171875,82.0555419921875
2024-01-09,460.0032043457031,86.88322448730469,79.20333862304688,187.92999267578125,82.06452178955078
2024-01-10,462.60467529296875,86.47859191894531,79.29411315917969,187.5,82.08245086669922
2024-01-11,462.4008483886719,86.96416473388672,78.55890655517578,187.8699951171875,82.12728881835938
2024-01-12,462.7211608886719,86.7933120727539,79.0308837890625,189.7100067138672,82.14523315429688
2024-01-16,461.0224304199219,85.2646484375,78.4499740600586,187.91000366210938,82.15421295166016
2024-01-17,458.4597473144531,85.1297378540039,77.01585388183594,185.83999633789062,82.1721420288086
2024-01-18,462.5367431640625,84.33843994140625,76.59832763671875,187.3699951171875,82.2080307006836
2024-01-19,468.3027648925781,84.60820007324219,77.51506805419922,187.92999267578125,82.21698760986328
2024-01-22,469.29296875,85.11175537109375,77.97798919677734,187.22000122070312,82.22596740722656
2024-01-23,470.66168212890625,84.43733978271484,77.44245910644531,187.9499969482422,82.23493957519531
2024-01-24,471.1761474609375,83.94275665283203,76.33509063720703,186.39999389648438,82.24391174316406
2024-01-25,473.73883056640625,84.49130249023438,77.31539154052734,187.13999938964844,82.28874969482422
2024-01-26,473.13702392578125,84.32943725585938,77.09754943847656,187.00999450683594,82.29771423339844
2024-01-29,476.88397216796875,85.30059051513672,77.60584259033203,188.3300018310547,82.30670166015625
2024-01-30,476.5151672363281,86.07392883300781,76.87970733642578,188.58999633789062,82.3156509399414
2024-01-31,468.7396545410156,86.9192123413086,76.14450073242188,188.4499969482422,82.32464599609375
2024-02-01,474.87457275390625,88.62419891357422,77.52416229248047,190.41000366210938,82.3660888671875
2024-02-02,479.8737487792969,86.66661834716797,76.56201171875,188.61000061035156,82.38410949707031
2024-02-05,478.12646484375,84.91649627685547,74.9554443359375,187.57000732421875,82.38410949707031
2024-02-06,479.5146179199219,85.74646759033203,75.96295166015625,188.5500030517578,82.4021224975586
2024-02-07,483.5139465332031,85.33149719238281,75.85404205322266,188.5,82.4111328125
2024-02-08,483.7275085449219,84.83529663085938,76.47125244140625,188.3300018310547,82.44717407226562
2024-02-09,486.5232238769531,84.66389465332031,76.58924865722656,187.60000610351562,82.4561538696289
2024-02-12,486.3096008300781,84.76313781738281,76.60739135742188,187.11000061035156,82.47418975830078
2024-02-13,479.6117248535156,83.31075286865234,75.02806091308594,184.52999877929688,82.47418975830078
2024-02-14,483.97021484375,83.73472595214844,75.61802673339844,184.4199981689453,82.49222564697266
2024-02-15,487.3094482421875,84.16776275634766,77.37892150878906,185.66000366210938,82.53726959228516
2024-02-16,484.8827209472656,83.68061065673828,76.5801773071289,186.33999633789062,82.5552749633789
2024-02-20,482.21319580078125,83.75277709960938,76.44403076171875,187.47000122070312,82.56427001953125
2024-02-21,482.6500244140625,83.1573715209961,76.87064361572266,187.47999572753906,82.57330322265625
2024-02-22,492.638671875,83.56332397460938,77.01585388183594,187.55999755859375,82.61835479736328
2024-02-23,492.9784240722656,84.68193817138672,76.97954559326172,188.6199951171875,82.62735748291016
2024-02-26,491.1728515625,84.42935180664062,76.13540649414062,188.1999969482422,82.62735748291016
2024-02-27,492.0854187011719,83.8339614868164,76.22618103027344,188.0,82.64537811279297
2024-02-28,491.4350280761719,84.36619567871094,76.9977035522461,188.33999633789062,82.6543960571289
2024-02-29,493.2016906738281,84.96163940429688,77.65122985839844,189.30999755859375,82.6904067993164
2024-03-01,497.83203125,85.49100494384766,78.57704162597656,192.88999938964844,82.71302795410156
2024-03-04,497.2981262207031,85.14714050292969,79.31224822998047,196.00999450683594,82.7220687866211
2024-03-05,492.3280334472656,86.35975646972656,78.35013580322266,197.19000244140625,82.7220687866211
2024-03-06,494.82275390625,86.86653137207031,78.74042510986328,198.80999755859375,82.74018859863281
2024-03-07,499.7346496582031,86.78508758544922,78.72227478027344,199.94000244140625,82.7763442993164
2024-03-08,496.735107421875,86.63125610351562,79.62995147705078,201.6300048828125,82.78538513183594
2024-03-11,496.3079833984375,86.58600616455078,79.24872589111328,202.0,82.79444122314453
2024-03-12,501.64691162109375,85.86203002929688,79.0762710571289,199.7899932861328,82.82157135009766
2024-03-13,500.8606872558594,85.44575500488281,78.6769027709961,201.19000244140625,82.82157135009766
2024-03-14,499.8705139160156,84.13357543945312,77.49691772460938,200.35000610351562,82.85774993896484
2024-03-15,496.4381408691406,84.10643768310547,77.324462890625,199.7100067138672,82.87580108642578
2024-03-18,499.38848876953125,83.85302734375,77.36077880859375,200.02999877929688,82.88487243652344
2024-03-19,502.1636657714844,84.08832550048828,77.33353424072266,199.8000030517578,82.90296936035156
2024-03-20,506.808349609375,84.0611801147461,77.84182739257812,202.17999267578125,82.91201782226562
2024-03-21,508.483154296875,84.24214172363281,78.40457916259766,201.97000122070312,82.93912506103516
2024-03-22,507.5191650390625,85.04759979248047,77.41776275634766,200.35000610351562,82.94820404052734
2024-03-25,506.1170654296875,84.62225341796875,76.94174194335938,200.99000549316406,82.96629333496094
2024-03-26,505.1822509765625,84.85753631591797,76.6304931640625,201.63999938964844,82.9753189086914
2024-03-27,509.4277648925781,85.69915008544922,78.60781860351562,203.10000610351562,83.02962493896484
2024-03-28,509.3303527832031,85.62675476074219,79.1662368774414,205.72000122070312,83.02962493896484
2024-04-01,508.4441833496094,84.03057861328125,77.8388671875,207.82000732421875,83.05229949951172
2024-04-02,505.2114562988281,83.56753540039062,76.85934448242188,210.88999938964844,83.07049560546875
2024-04-03,505.7664794921875,83.54937744140625,76.94174194335938,212.74000549316406,83.07049560546875
2024-04-04,499.5930480957031,84.14859008789062,76.44740295410156,211.52000427246094,83.10682678222656
2024-04-05,504.81219482421875,82.97734832763672,76.84104919433594,215.13999938964844,83.12498474121094
2024-04-08,505.0946044921875,82.96826934814453,77.66492462158203,216.47999572753906,83.13407135009766
2024-04-09,505.6788635253906,83.74004364013672,78.6993637084961,217.6699981689453,83.1431655883789
2024-04-10,500.615478515625,81.91505432128906,75.44043731689453,215.61000061035156,83.16131591796875
2024-04-11,504.39349365234375,81.54281616210938,75.6967544555664,219.8000030517578,83.1885757446289
2024-04-12,497.43133544921875,81.97859954833984,74.79963684082031,216.88999938964844,83.1976547241211
2024-04-15,491.1994934082031,80.70748901367188,73.52719116210938,220.9499969482422,83.21585845947266
2024-04-16,490.3035888671875,80.17181396484375,72.49275207519531,221.22000122070312,83.22492218017578
2024-04-17,487.40191650390625,81.06156921386719,71.96179962158203,219.58999633789062,83.23399353027344
2024-04-18,486.3989562988281,80.65302276611328,71.97096252441406,220.33999633789062,83.27942657470703
2024-04-19,482.1534423828125,80.94356536865234,72.31881713867188,221.02999877929688,83.28852844238281
2024-04-22,486.59368896484375,80.80738067626953,72.95962524414062,215.57000732421875,83.30667114257812
2024-04-23,492.3678894042969,80.83460998535156,73.62789154052734,215.0399932861328,83.31578826904297
2024-04-24,492.13421630859375,80.2625961303711,73.76519775390625,214.63999938964844,83.31578826904297
2024-04-25,490.2646789550781,79.69966888427734,73.34410095214844,215.9199981689453,83.36122131347656
2024-04-26,494.9093933105469,80.11732482910156,73.38072204589844,216.6199951171875,83.36122131347656
2024-04-29,496.662109375,80.78922271728516,74.13137817382812,216.17999267578125,83.37934875488281
2024-04-30,488.7944030761719,80.09916687011719,72.87724304199219,211.8699951171875,83.3884506225586
2024-05-01,487.2071838378906,80.68958282470703,72.9046859741211,213.7899932861328,83.40485382080078
2024-05-02,491.76422119140625,81.03581237792969,73.92998504638672,213.1300048828125,83.45046997070312
2024-05-03,497.85980224609375,81.8558349609375,74.42431640625,212.9600067138672,83.45960998535156
2024-05-06,503.0011291503906,82.17471313476562,74.48839569091797,215.1999969482422,83.45960998535156
2024-05-07,503.55615234375,82.67583465576172,75.19326782226562,214.2100067138672,83.46871948242188
2024-05-08,503.60479736328125,82.17471313476562,74.5616226196289,213.5800018310547,83.48696899414062
2024-05-09,506.50653076171875,82.57560729980469,76.09039306640625,216.9499969482422,83.53258514404297
2024-05-10,507.15899658203125,82.11093139648438,75.87984466552734,218.7100067138672,83.53258514404297
2024-05-13,507.2270202636719,82.32051086425781,76.12700653076172,216.25999450683594,83.55082702636719
2024-05-14,509.5543518066406,82.78516387939453,76.712890625,218.08999633789062,83.5599594116211
2024-05-15,515.8641357421875,83.91496276855469,77.7747802734375,220.88999938964844,83.569091796875
2024-05-16,514.802734375,83.83297729492188,77.7198486328125,220.02999877929688,83.60557556152344
2024-05-17,515.542724609375,83.26805877685547,77.71070098876953,223.66000366210938,83.61470031738281
2024-05-20,516.1366577148438,83.02207946777344,77.25298309326172,224.55999755859375,83.63294219970703
2024-05-21,517.4025268554688,83.4502944946289,77.22550964355469,224.22999572753906,83.64205169677734
2024-05-22,515.9127197265625,83.55052185058594,76.52980041503906,220.11000061035156,83.66030883789062
2024-05-23,512.1444702148438,83.01294708251953,74.88201904296875,215.72000122070312,83.71507263183594
2024-05-24,515.5330810546875,83.25894927978516,74.93695068359375,215.9199981689453,83.72417449951172
2024-05-28,515.8931884765625,82.06538391113281,74.44261932373047,218.19000244140625,83.71507263183594
2024-05-29,512.2808227539062,81.07225799560547,73.71942138671875,216.16000366210938,83.7332992553711
2024-05-30,508.88238525390625,81.8558349609375,74.79963684082031,216.57000732421875,83.75154876708984
2024-05-31,513.517333984375,82.41160583496094,76.20024108886719,215.3000030517578,83.7697982788086
2024-06-03,513.9360961914062,83.74458312988281,76.02630615234375,217.22000122070312,83.78356170654297
2024-06-04,514.5105590820312,84.72280883789062,76.6121826171875,215.27000427246094,83.80184936523438
2024-06-05,520.6256103515625,85.3445053100586,76.5206298828125,217.82000732421875,83.81103515625
2024-06-06,520.6159057617188,85.21649932861328,76.66710662841797,219.42999267578125,83.82017517089844
2024-06-07,519.9830322265625,83.65319061279297,75.94391632080078,211.60000610351562,83.85684204101562
2024-06-10,521.5896606445312,83.09546661376953,76.20024108886719,213.5399932861328,83.87517547607422
2024-06-11,522.8457641601562,83.954833984375,75.92560577392578,214.14999389648438,83.88433074951172
2024-06-12,527.1399536132812,84.58568572998047,76.60302734375,214.72000122070312,83.90265655517578
2024-06-13,528.2013549804688,85.82904052734375,76.91426849365234,212.97000122070312,83.91183471679688
2024-06-14,528.522705078125,86.55130767822266,76.8959732055664,215.72999572753906,83.95764923095703
2024-06-17,532.7291259765625,85.6919174194336,76.59387969970703,214.61000061035156,83.9668197631836
2024-06-18,534.0825805664062,86.47815704345703,76.8959732055664,215.47000122070312,83.9851303100586
2024-06-20,532.6317749023438,85.90219116210938,76.67627716064453,218.16000366210938,84.00346374511719
2024-06-21,531.9176025390625,85.90219116210938,76.86849975585938,214.77999877929688,84.03095245361328
2024-06-24,530.1885986328125,86.24959564208984,77.46353912353516,215.6300048828125,84.04928588867188
2024-06-25,532.2302856445312,86.39588928222656,76.511474609375,214.55999755859375,84.04928588867188
2024-06-26,532.8945922851562,85.16163635253906,76.27347564697266,212.5800018310547,84.05845642089844
2024-06-27,533.734619140625,85.49993133544922,77.01497650146484,214.99000549316406,84.07676696777344
2024-06-28,531.6343383789062,83.90912628173828,77.62944793701172,215.00999450683594,84.104248046875
2024-07-01,532.7285766601562,82.46094512939453,76.89726257324219,215.57000732421875,84.13372802734375
2024-07-02,536.3135986328125,83.10295867919922,77.25872039794922,215.55999755859375,84.1429214477539
2024-07-03,538.70703125,84.19437408447266,77.1845703125,217.99000549316406,84.17052459716797
2024-07-05,541.8133544921875,84.89140319824219,77.39775085449219,220.92999267578125,84.19815063476562
2024-07-08,542.4385986328125,85.0748519897461,77.6479721069336,218.19000244140625,84.21653747558594
2024-07-09,542.9661254882812,84.69880676269531,77.62944793701172,218.55999755859375,84.21653747558594
2024-07-10,548.3389892578125,84.96475982666016,78.20406341552734,219.36000061035156,84.23494720458984
2024-07-11,543.61083984375,85.79020690917969,80.44693756103516,223.25,84.244140625
2024-07-12,547.0397338867188,86.15707397460938,81.05862426757812,223.11000061035156,84.28097534179688
2024-07-15,548.5441284179688,85.16656494140625,81.6054458618164,223.8300018310547,84.29936981201172
2024-07-16,551.7970581054688,86.36800384521484,82.60640716552734,228.2899932861328,84.29936981201172
2024-07-17,544.0603637695312,86.38636779785156,83.1717529296875,227.22999572753906,84.32696533203125
2024-07-18,539.879150390625,85.72601318359375,82.43955993652344,225.77999877929688,84.33617401123047
2024-07-19,536.2940673828125,85.22156524658203,82.2912826538086,221.72999572753906,84.3637924194336
2024-07-22,541.8233032226562,84.97396087646484,83.1439437866211,221.8000030517578,84.38219451904297
2024-07-23,540.9733276367188,84.85472106933594,83.07907104492188,222.5800018310547,84.38219451904297
2024-07-24,528.7135009765625,83.93756103515625,81.85567474365234,221.8000030517578,84.40982055664062
2024-07-25,525.9586791992188,84.62542724609375,81.58692169189453,218.3300018310547,84.40982055664062
2024-07-26,531.8493041992188,85.2857894897461,83.01419830322266,220.6300048828125,84.4558334350586
2024-07-29,532.161865234375,85.74435424804688,83.44053649902344,220.32000732421875,84.4558334350586
2024-07-30,529.4657592773438,86.07453155517578,84.08929443359375,222.52000427246094,84.46501922607422
2024-07-31,538.0719604492188,86.95500183105469,83.79271697998047,226.5500030517578,84.48342895507812
2024-08-01,530.452392578125,87.7049560546875,84.6361083984375,225.77000427246094,84.5037841796875
2024-08-02,520.5762329101562,90.43798065185547,84.58976745605469,225.33999633789062,84.54997253417969
2024-08-05,505.4151306152344,90.91648864746094,82.17080688476562,222.47999572753906,84.54997253417969
2024-08-06,510.0748291015625,88.88282012939453,83.79271697998047,220.6999969482422,84.56846618652344
2024-08-07,506.66546630859375,88.25708770751953,83.21808624267578,220.5500030517578,84.58695220947266
2024-08-08,518.3782348632812,87.71417236328125,84.03369140625,224.00999450683594,84.59618377685547
2024-08-09,520.6640625,88.57917022705078,84.4229507446289,224.55999755859375,84.61468505859375
2024-08-12,520.9376831054688,88.90123748779297,83.8019790649414,228.41000366210938,84.6424331665039
2024-08-13,529.5048217773438,89.51775360107422,84.53416442871094,228.05999755859375,84.65165710449219
2024-08-14,531.1752319335938,90.07910919189453,84.75660705566406,226.1999969482422,84.6609115600586
2024-08-15,540.2796630859375,89.35213470458984,84.69171142578125,226.91000366210938,84.67015075683594
2024-08-16,541.4910888671875,89.66500854492188,84.64539337158203,231.99000549316406,84.71636199951172
2024-08-19,546.6685180664062,90.07910919189453,85.3497543334961,231.61000061035156,84.71636199951172
2024-08-20,545.779541015625,90.7968521118164,85.24781799316406,232.4600067138672,84.73485565185547
2024-08-21,547.6550903320312,90.85208892822266,85.70194244384766,232.14999389648438,84.75334930419922
2024-08-22,543.35693359375,89.95027923583984,85.95218658447266,229.3699951171875,84.75334930419922
2024-08-23,549.1302490234375,90.5392074584961,87.84286499023438,232.02000427246094,84.79031372070312
2024-08-26,547.8211669921875,90.30914306640625,87.8057861328125,232.75999450683594,84.79954528808594
2024-08-27,548.5733642578125,90.15271759033203,87.93555450439453,233.38999938964844,84.81806182861328
2024-08-28,545.3887939453125,90.04230499267578,87.59264373779297,231.75,84.82728576660156
2024-08-29,545.4375,89.74781036376953,87.3238525390625,232.9499969482422,84.82728576660156
2024-08-30,550.6443481445312,88.79080200195312,88.16724395751953,231.2899932861328,84.8735122680664
2024-09-03,539.312744140625,90.2430191040039,88.12091064453125,230.2899932861328,84.90692901611328
2024-09-04,538.2088012695312,91.40623474121094,88.37113952636719,230.42999267578125,84.91620635986328
2024-09-05,536.8997802734375,91.92323303222656,88.08384704589844,232.35000610351562,84.92552185058594
2024-09-06,527.8637084960938,91.91400909423828,88.00041961669922,230.6300048828125,84.97191619873047
2024-09-09,533.7737426757812,92.31097412109375,88.98284912109375,231.60000610351562,84.97191619873047
2024-09-10,536.0988159179688,92.95721435546875,90.27110290527344,232.6199951171875,84.99976348876953
2024-09-11,541.5984497070312,92.88336944580078,90.09501647949219,232.25,84.99976348876953
2024-09-12,546.1605224609375,92.44947052001953,90.4749984741211,236.3300018310547,85.00906372070312
2024-09-13,549.0130004882812,92.69872283935547,91.42034912109375,238.67999267578125,85.05547332763672
2024-09-16,549.8237915039062,93.54808044433594,91.7261962890625,238.66000366210938,85.07401275634766
2024-09-17,550.0484619140625,93.09569549560547,91.0866928100586,237.33999633789062,85.08331298828125
2024-09-18,548.4170532226562,91.9416732788086,90.9754867553711,235.50999450683594,85.10187530517578
2024-09-19,557.7755126953125,91.63704681396484,90.9940185546875,239.1699981689453,85.12045288085938
2024-09-20,556.8114013671875,91.2862319946289,90.63256072998047,242.2100067138672,85.15758514404297
2024-09-23,558.2027587890625,91.09236145019531,91.53155517578125,242.67999267578125,85.16686248779297
2024-09-24,559.7999267578125,91.07388305664062,91.66131591796875,246.07000732421875,85.17613220214844
2024-09-25,558.5653076171875,90.3168716430664,91.04962158203125,245.72999572753906,85.19471740722656
2024-09-26,560.7798461914062,90.52915954589844,90.22476196289062,246.97999572753906,85.19471740722656
2024-09-27,559.9664916992188,91.00003814697266,90.33973693847656,245.02000427246094,85.22257232666016
2024-09-30,562.2103881835938,90.56611633300781,91.05003356933594,243.05999755859375,85.23184967041016
2024-10-01,557.173828125,91.22000122070312,90.46122741699219,245.61000061035156,85.25141906738281
2024-10-02,557.4090576171875,90.4512710571289,90.1434555053711,245.66000366210938,85.26072692871094
2024-10-03,556.3900146484375,89.59919738769531,89.32099151611328,245.49000549316406,85.2793960571289
2024-10-04,561.4461059570312,88.49701690673828,88.89106750488281,245.0,85.29803466796875
2024-10-07,556.3704223632812,87.8301773071289,88.10600280761719,244.1699981689453,85.31666564941406
2024-10-08,561.6322631835938,87.97836303710938,88.2835693359375,242.3699951171875,85.31666564941406
2024-10-09,565.5224609375,87.47820281982422,88.37702941894531,241.0500030517578,85.32600402832031
2024-10-10,564.53271484375,87.13553619384766,87.59195709228516,242.82000732421875,85.3353042602539
2024-10-11,567.9132080078125,86.7835693359375,88.58264923095703,245.47000122070312,85.38192749023438
2024-10-14,572.5578002929688,86.84842681884766,89.11537170410156,245.07000732421875,85.37261199951172
2024-10-15,568.1093139648438,87.90426635742188,90.190185546875,245.9199981689453,85.40057373046875
2024-10-16,570.5784912109375,88.2747573852539,91.18087005615234,247.14999389648438,85.40057373046875
2024-10-17,570.6275024414062,86.876220703125,90.46122741699219,248.6300048828125,85.41920471191406
2024-10-18,572.8224487304688,86.94104766845703,91.13414764404297,251.27000427246094,85.44715881347656
2024-10-21,571.8817138671875,85.42210388183594,89.34902954101562,251.22000122070312,85.46581268310547
2024-10-22,571.5780029296875,85.50546264648438,89.4798812866211,253.92999267578125,85.47512817382812
2024-10-23,566.355224609375,85.27389526367188,90.13410949707031,250.8699951171875,85.47512817382812
2024-10-24,567.5801391601562,85.82036590576172,90.33038330078125,252.8000030517578,85.48446655273438
2024-10-25,567.384033203125,85.3387451171875,89.4798812866211,253.32000732421875,85.52173614501953
2024-10-28,569.1381225585938,85.107177734375,89.76026153564453,253.3300018310547,85.52173614501953
2024-10-29,570.0592041015625,85.23685455322266,89.11537170410156,256.0899963378906,85.54036712646484
2024-10-30,568.3345947265625,85.4869155883789,89.5079116821289,257.5,85.54969787597656
2024-10-31,557.1934204101562,85.6258544921875,87.99385070800781,253.50999450683594,85.56834411621094
2024-11-01,559.5452270507812,84.41867065429688,87.0218505859375,252.47000122070312,85.60484313964844
2024-11-04,558.3399658203125,85.72901153564453,87.97514343261719,252.8300018310547,85.6235580444336
2024-11-05,565.0912475585938,86.18436431884766,89.14341735839844,253.39999389648438,85.6235580444336
2024-11-06,579.1424560546875,83.82392120361328,87.24616241455078,245.6999969482422,85.64226531982422
2024-11-07,583.62060546875,84.8740463256836,88.29292297363281,249.64999389648438,85.65162658691406
2024-11-08,586.148681640625,85.9520492553711,89.61072540283203,247.9600067138672,85.69841766357422
2024-11-11,586.707275390625,85.53385162353516,89.16211700439453,242.13999938964844,85.68905639648438
2024-11-12,584.8847045898438,84.25139617919922,87.92842864990234,240.0500030517578,85.69841766357422
2024-11-13,585.1688232421875,83.45218658447266,88.41442108154297,237.6300048828125,85.71713256835938
2024-11-14,581.4061279296875,83.93544006347656,87.62000274658203,237.00999450683594,85.71713256835938
2024-11-15,573.9591674804688,83.71239471435547,87.66673278808594,236.58999633789062,85.74520111083984
2024-11-18,576.310791015625,83.86106872558594,88.30227661132812,241.08999633789062,85.75457000732422
2024-11-19,578.41748046875,84.28855895996094,88.732177734375,243.25,85.78263092041016
2024-11-20,578.6134033203125,84.0190658569336,88.62004089355469,244.6199951171875,85.7919921875
2024-11-21,581.7196044921875,83.95403289794922,89.2742691040039,246.66000366210938,85.80134582519531
2024-11-22,583.5225830078125,84.00048065185547,89.94718170166016,249.83999633789062,85.82943725585938
2024-11-25,585.5020141601562,86.17506408691406,91.19956970214844,242.47999572753906,85.83878326416016
2024-11-26,588.5591430664062,85.84052276611328,91.5640640258789,242.9499969482422,85.83878326416016
2024-11-27,586.7757568359375,86.4352798461914,92.15287017822266,243.49000549316406,85.86687469482422
2024-11-29,590.4208984375,87.32742309570312,91.74165344238281,245.58999633789062,85.88556671142578
2024-12-02,591.4791259765625,87.5372314453125,90.4051513671875,243.44000244140625,85.90904235839844
2024-12-03,591.7535400390625,86.7818832397461,89.94718170166016,243.92999267578125,85.92784881591797
2024-12-04,595.4280395507812,87.71443939208984,89.70419311523438,244.6699981689453,85.93722534179688
2024-12-05,594.4481811523438,87.89161682128906,89.48922729492188,242.86000061035156,85.94660186767578
2024-12-06,595.5750122070312,88.02214813232422,89.3583755493164,242.9499969482422,85.98419189453125
2024-12-09,592.5079956054688,87.21084594726562,89.61072540283203,245.36000061035156,85.99358367919922
2024-12-10,590.6658325195312,86.80052947998047,88.31161499023438,248.58999633789062,86.01235961914062
2024-12-11,595.232177734375,85.97990417480469,88.10600280761719,250.9600067138672,86.0217514038086
2024-12-12,592.1651000976562,84.93545532226562,87.96581268310547,247.27999877929688,86.0405502319336
2024-12-13,592.0474243164062,84.06822204589844,87.71347045898438,244.2899932861328,86.0687255859375
2024-12-16,594.5755004882812,84.31999206542969,87.40504455566406,244.8800048828125,86.0781021118164
2024-12-17,592.1259155273438,84.525146484375,86.98446655273438,243.94000244140625,86.0875015258789
2024-12-18,574.4784545898438,83.46821594238281,83.39554595947266,239.25999450683594,86.0875015258789
2024-12-19,574.3020629882812,82.20440673828125,82.10578155517578,239.60000610351562,86.0997543334961
2024-12-20,581.2000122070312,82.67247772216797,83.489013671875,242.10000610351562,86.1374740600586
2024-12-23,584.680419921875,81.91419219970703,83.81550598144531,240.9600067138672,86.1374740600586
2024-12-24,591.1791381835938,82.26058959960938,84.37227630615234,241.44000244140625,86.15635681152344
2024-12-26,591.218505859375,82.2137451171875,84.5987548828125,243.07000732421875,86.17520904541016
2024-12-27,584.9950561523438,81.53973388671875,83.74945831298828,241.39999389648438,86.21294403076172
2024-12-30,578.3192138671875,82.1950454711914,83.33424377441406,240.6300048828125,86.21294403076172
2024-12-31,576.2152709960938,81.75505065917969,84.06087493896484,242.1300048828125,86.23179626464844
2025-01-02,574.799560546875,81.97972869873047,83.31538391113281,245.4199981689453,86.25066375732422
2025-01-03,581.9865112304688,81.71759796142578,84.41000366210938,243.49000549316406,86.26007843017578
2025-01-06,585.3390502929688,81.35250091552734,83.3248062133789,243.19000244140625,86.26952362060547
2025-01-07,578.7223510742188,80.43505096435547,82.53214263916016,244.55999755859375,86.28837585449219
2025-01-08,579.5678100585938,80.53802490234375,82.74918365478516,245.86000061035156,86.30726623535156
2025-01-10,570.7192993164062,80.0044174194336,80.7297592163086,248.2100067138672,86.3355484008789
2025-01-13,571.604248046875,79.9763412475586,81.72059631347656,245.74000549316406,86.34498596191406
2025-01-14,572.3907470703125,79.84527587890625,82.46609497070312,247.02999877929688,86.36383819580078
2025-01-15,582.802490234375,81.22144317626953,82.93791961669922,248.8800048828125,86.37325286865234
2025-01-16,581.6817626953125,81.4835433959961,84.65536499023438,250.60000610351562,86.37325286865234
2025-01-17,587.5217895507812,81.62399291992188,84.5987548828125,249.27000427246094,86.42041778564453
2025-01-21,592.8995361328125,82.35418701171875,86.1841049194336,253.1300048828125,86.42041778564453
2025-01-22,596.2326049804688,81.92353820800781,84.68367767333984,254.42999267578125,86.4393081665039
2025-01-23,599.4868774414062,81.28697204589844,85.30648803710938,254.07000732421875,86.4393081665039
2025-01-24,597.7368774414062,81.65206909179688,85.59902954101562,255.64999389648438,86.47700500488281
2025-01-27,589.2816162109375,82.61630249023438,86.74085235595703,252.99000549316406,86.48646545410156
2025-01-28,594.3449096679688,82.56015014648438,85.6933822631836,255.17999267578125,86.48646545410156
2025-01-29,591.6805419921875,82.39164733886719,84.56100463867188,254.1999969482422,86.49588012695312
2025-01-30,594.8561401367188,82.7005615234375,85.63677215576172,258.04998779296875,86.50531768798828
2025-01-31,591.6903076171875,82.15760040283203,85.44804382324219,258.55999755859375,86.53361511230469
2025-02-03,587.70849609375,82.82652282714844,85.26873779296875,259.94000244140625,86.55821990966797
2025-02-04,591.6510009765625,83.0801773071289,85.33480072021484,262.5,86.55821990966797
2025-02-05,594.0499267578125,84.45185089111328,86.53324127197266,264.1300048828125,86.56766510009766
2025-02-06,596.1146240234375,84.4142837524414,86.75028228759766,263.42999267578125,86.58662414550781
2025-02-07,590.6580810546875,83.86935424804688,86.46717834472656,263.8999938964844,86.60555267333984
2025-02-10,594.6693115234375,83.6156997680664,86.429443359375,268.3699951171875,86.61502075195312
2025-02-11,595.1216430664062,83.0801773071289,86.8069076538086,267.3900146484375,86.62445831298828
2025-02-12,593.2044677734375,81.95280456542969,86.00479125976562,267.6700134277344,86.63392639160156
2025-02-13,599.4672241210938,83.31507110595703,86.863525390625,270.30999755859375,86.65287780761719
2025-02-14,599.4376831054688,83.75663757324219,86.46717834472656,266.2900085449219,86.68124389648438
2025-02-18,601.1976318359375,82.77015686035156,86.85408782958984,270.70001220703125,86.7001953125
2025-02-19,602.61328125,82.87350463867188,86.9201431274414,270.8500061035156,86.70967102050781
2025-02-20,600.1062622070312,83.18353271484375,87.33535766601562,270.989990234375,86.72857666015625
2025-02-21,589.8419799804688,84.18879699707031,86.47661590576172,270.739990234375,86.7569808959961
2025-02-24,587.157958984375,84.4330825805664,86.81634521484375,272.2099914550781,86.76644897460938
2025-02-25,584.2379760742188,85.8893051147461,87.88267517089844,268.6199951171875,86.76644897460938
2025-02-26,584.5328979492188,86.39663696289062,87.5146484375,269.0299987792969,86.78536987304688
2025-02-27,575.2025756835938,85.78595733642578,87.86380004882812,264.92999267578125,86.79486083984375
2025-02-28,584.178955078125,86.83819580078125,88.60929107666016,263.2699890136719,86.81378173828125
2025-03-03,573.944091796875,87.24345397949219,89.02449035644531,266.739990234375,86.83181762695312
2025-03-04,567.1504516601562,86.16905975341797,87.99591064453125,269.05999755859375,86.83181762695312
2025-03-05,573.2460327148438,85.48104858398438,88.97730255126953,269.6199951171875,86.84130096435547
2025-03-06,563.0703735351562,85.19832611083984,86.69366455078125,268.25,86.8508071899414
2025-03-07,566.2262573242188,84.92501068115234,87.21267700195312,268.3900146484375,86.88878631591797
2025-03-10,551.1445922851562,85.81092071533203,86.3728256225586,266.0400085449219,86.89827728271484
2025-03-11,546.5628051757812,85.19832611083984,85.36311340332031,269.1600036621094,86.90777587890625
2025-03-12,549.4632568359375,84.68938446044922,85.09889221191406,270.3299865722656,86.9172592163086
2025-03-13,542.1386108398438,85.4339370727539,83.419189453125,275.1300048828125,86.93624877929688
2025-03-14,553.3369750976562,84.98155975341797,85.08944702148438,275.239990234375,86.95525360107422
2025-03-17,557.6039428710938,85.40565490722656,86.54267883300781,276.7300109863281,86.97423553466797
2025-03-18,551.5770263671875,85.49048614501953,86.0897216796875,279.9599914550781,86.97423553466797
2025-03-19,557.584228515625,85.93343353271484,86.19352722167969,281.1099853515625,86.9837417602539
2025-03-20,555.971923828125,85.98999786376953,86.13690948486328,280.75,87.00271606445312
2025-03-21,556.1552734375,85.48104858398438,85.18380737304688,278.489990234375,87.03121948242188
2025-03-24,566.1151733398438,84.60456085205078,86.4955062866211,277.25,87.03121948242188
2025-03-25,567.4759521484375,84.59514617919922,85.52498626708984,278.4700012207031,87.04070281982422
2025-03-26,560.7013549804688,84.03909301757812,85.85865783691406,278.239990234375,87.0501937866211
2025-03-27,559.2123413085938,83.79405212402344,85.63938903808594,281.9700012207031,87.06916809082031
2025-03-28,547.9506225585938,84.9532699584961,85.52498626708984,284.05999755859375,87.09766387939453
2025-03-31,551.6289672851562,85.79207611083984,86.3162612915039,288.1400146484375,87.09766387939453
2025-04-01,553.1869506835938,86.53550720214844,86.35440063476562,287.57000732421875,87.11768341064453
2025-04-02,556.687744140625,86.478759765625,86.87874603271484,288.1600036621094,87.12722778320312
2025-04-03,529.2537231445312,86.87601470947266,83.91382598876953,286.4200134277344,87.13673400878906
2025-04-04,498.2696838378906,87.82185363769531,80.27203369140625,279.7200012207031,87.16533660888672
2025-04-07,497.3821716308594,85.17347717285156,78.16513061523438,273.7099914550781,87.17484283447266
2025-04-08,489.5917663574219,83.56554412841797,76.06775665283203,275.20001220703125,87.19392395019531
2025-04-09,541.0084228515625,84.05738067626953,80.605712890625,285.3800048828125,87.19392395019531
2025-04-10,517.3018798828125,81.74005889892578,78.7657470703125,292.3500061035156,87.20343017578125
2025-04-11,526.531982421875,82.18460083007812,79.72862243652344,297.92999267578125,87.24153900146484
2025-04-14,531.6401977539062,82.77104187011719,81.37791442871094,296.2300109863281,87.24153900146484
2025-04-15,530.151123046875,83.06423950195312,81.62579345703125,297.7799987792969,87.26058959960938
2025-04-16,518.3668823242188,83.5277099609375,81.56858825683594,307.4700012207031,87.27012634277344
2025-04-17,519.1064453125,82.7899398803711,82.78886413574219,306.1199951171875,87.30823516845703
2025-04-21,506.7503662109375,81.34281158447266,81.06331634521484,315.5899963378906,87.3177719116211
2025-04-22,519.9348754882812,81.79681396484375,82.63633728027344,311.1099853515625,87.3177719116211
2025-04-23,527.9915161132812,82.59132385253906,82.78886413574219,303.6499938964844,87.33684539794922
2025-04-24,539.1051635742188,83.46149444580078,83.09394836425781,308.07000732421875,87.33684539794922
2025-04-25,543.0003051757812,84.07630920410156,82.95094299316406,304.7300109863281,87.37493896484375
2025-04-28,543.2073974609375,84.60597229003906,83.46575164794922,309.07000732421875,87.38447570800781
2025-04-29,546.6293334960938,85.31535339355469,83.91382598876953,306.05999755859375,87.38447570800781
2025-04-30,546.84619140625,84.62489318847656,84.2093734741211,303.7699890136719,87.39400482177734
2025-05-01,550.7216186523438,84.19581604003906,84.48583221435547,297.4599914550781,87.4150390625
2025-05-02,558.8966674804688,83.28446197509766,85.52498626708984,297.9800109863281,87.4437255859375
2025-05-05,555.6918334960938,82.81926727294922,85.33432006835938,306.8800048828125,87.4437255859375
2025-05-06,551.0471801757812,83.09457397460938,84.67650604248047,315.4800109863281,87.46285247802734
2025-05-07,553.3645629882812,83.44584655761719,84.77183532714844,310.75,87.46285247802734
2025-05-08,557.2202758789062,82.51549530029297,84.43817138671875,304.6300048828125,87.4819564819336
2025-05-09,556.51025390625,82.6388931274414,85.00065612792969,306.8399963378906,87.5106430053711
2025-05-12,574.9015502929688,81.86994171142578,85.42012023925781,298.19000244140625,87.5106430053711
2025-05-13,578.6981201171875,81.53768920898438,84.33329772949219,299.4599914550781,87.52976989746094
2025-05-14,579.437744140625,80.9965591430664,83.5038833618164,293.1600036621094,87.52976989746094
2025-05-15,582.2678833007812,81.70857238769531,85.02924346923828,297.8399963378906,87.53932189941406
2025-05-16,585.9560546875,81.92692565917969,86.08747100830078,294.239990234375,87.57756042480469
2025-05-19,586.596923828125,81.6895751953125,86.10652160644531,298.0299987792969,87.57756042480469
2025-05-20,584.6246337890625,81.10099029541016,85.60124969482422,303.5799865722656,87.59671020507812
2025-05-21,574.7733764648438,79.71498107910156,83.32275390625,305.82000732421875,87.60624694824219
2025-05-22,575.0001831054688,80.1326904296875,82.94140625,303.1099853515625,87.62538146972656
2025-05-23,571.0753173828125,80.26559448242188,83.02720642089844,309.75,87.66361236572266
2025-05-27,582.9483642578125,81.38578796386719,84.47630310058594,304.5,87.66361236572266
2025-05-28,579.5757446289062,81.03453826904297,84.3905029296875,303.80999755859375,87.67317199707031
2025-05-29,581.8635864257812,81.78449249267578,85.15318298339844,305.6099853515625,87.6827392578125
2025-05-30,581.2127075195312,81.90792846679688,85.15318298339844,303.6000061035156,87.71141815185547
2025-06-02,584.4867553710938,81.14563751220703,85.26758575439453,311.6700134277344,87.72677612304688
2025-06-03,587.8197631835938,81.00269317626953,85.09597778320312,308.9100036621094,87.74596405029297
2025-06-04,587.6619262695312,82.31764221191406,85.33432006835938,310.8999938964844,87.74596405029297
2025-06-05,584.8219604492188,82.37482452392578,85.26758575439453,309.3299865722656,87.75555419921875
2025-06-06,590.8274536132812,81.32666778564453,85.67752075195312,305.17999267578125,87.78433227539062
2025-06-09,591.3599243164062,81.41242980957031,85.79192352294922,306.6199951171875,87.80352020263672
2025-06-10,594.7128295898438,81.83168029785156,86.52600860595703,306.7099914550781,87.8131103515625
2025-06-11,593.0166625976562,82.07942962646484,86.0588607788086,308.3699951171875,87.8131103515625
2025-06-12,595.37353515625,83.06088256835938,86.47833251953125,312.20001220703125,87.82270812988281
2025-06-13,588.7171630859375,82.26048278808594,85.63938903808594,316.2900085449219,87.861083984375
2025-06-16,594.318359375,81.43148803710938,85.70611572265625,311.7799987792969,87.861083984375
2025-06-17,589.2398071289062,82.42245483398438,85.40105438232422,311.94000244140625,87.88026428222656
2025-06-18,589.1510620117188,82.56539154052734,85.69659423828125,310.260009765625,87.89947509765625
2025-06-20,587.7673950195312,82.41291809082031,85.63938903808594,310.1300048828125,87.91864776611328
2025-06-23,593.5730590820312,82.67974090576172,86.9264144897461,311.0799865722656,87.93785095214844
2025-06-24,600.13037109375,83.28003692626953,87.15521240234375,306.19000244140625,87.93785095214844
2025-06-25,600.4666748046875,83.38484954833984,85.05785369873047,307.1199951171875,87.94743347167969
2025-06-26,605.1646118164062,83.80411529541016,84.97889709472656,306.7799987792969,87.95701599121094
2025-06-27,608.1712646484375,83.27051544189453,85.19070434570312,301.2200012207031,87.99540710449219
2025-06-30,611.0791015625,84.0899887084961,85.73944854736328,304.8299865722656,88.0050048828125
2025-07-01,610.8812866210938,84.2984619140625,86.36521911621094,307.54998779296875,88.02040100097656
2025-07-02,613.650634765625,83.76289367675781,86.56739044189453,309.25,88.030029296875
2025-07-03,618.4869995117188,83.1794662475586,86.66365814208984,307.1400146484375,88.0781478881836
2025-07-07,613.8780517578125,82.38563537597656,85.92237091064453,307.3699951171875,88.08778381347656
2025-07-08,613.5418090820312,82.28043365478516,85.7972183227539,304.1600036621094,88.08778381347656
2025-07-09,617.2210083007812,83.14120483398438,85.86460876464844,305.5199890136719,88.09740447998047
2025-07-10,618.9617309570312,83.19860076904297,86.40372467041016,306.20001220703125,88.11665344238281
2025-07-11,616.7858276367188,82.05088806152344,86.4133529663086,309.1400146484375,88.13590240478516
2025-07-14,617.9628295898438,81.87872314453125,86.97172546386719,308.010009765625,88.14554595947266
2025-07-15,615.3220825195312,81.30488586425781,85.69131469726562,306.7300109863281,88.15515899658203
2025-07-16,617.3792724609375,81.4196548461914,86.5,308.260009765625,88.17440795898438
2025-07-17,621.1573486328125,81.40055084228516,86.40372467041016,307.5899963378906,88.17440795898438
2025-07-18,620.7024536132812,81.52487182617188,86.5866470336914,308.3900146484375,88.2129135131836
2025-07-21,621.87939453125,82.2517318725586,86.94285583496094,313.1300048828125,88.23218536376953
2025-07-22,621.9684448242188,82.74907684326172,88.43505859375,316.1000061035156,88.2417984008789
2025-07-23,627.2598266601562,82.29000091552734,88.60834503173828,312.17999267578125,88.25141143798828
2025-07-24,627.4674072265625,82.14654541015625,88.30028533935547,310.2699890136719,88.25141143798828
2025-07-25,630.1181030273438,82.6629867553711,88.30990600585938,307.3999938964844,88.2802963256836
2025-07-28,629.9598388671875,82.1274185180664,86.89470672607422,305.4100036621094,88.28993225097656
2025-07-29,628.29833984375,83.51420593261719,88.2906494140625,306.25,88.299560546875
2025-07-30,627.5070190429688,83.08383178710938,87.03912353515625,300.9599914550781,88.30917358398438
2025-07-31,625.153076171875,83.13162231445312,85.81646728515625,302.9599914550781,88.31879425048828
2025-08-01,614.9066162109375,84.31349182128906,85.60467529296875,309.1099853515625,88.35648345947266
2025-08-04,624.2530517578125,84.54389190673828,86.48074340820312,310.9100036621094,88.36614990234375
2025-08-05,621.088134765625,84.8031234741211,86.87545776367188,311.1600036621094,88.36614990234375
2025-08-06,625.845458984375,84.31349182128906,86.20154571533203,310.5,88.3951187133789
2025-08-07,625.3212280273438,84.16947937011719,86.45185852050781,313.1199951171875,88.3951187133789
2025-08-08,630.1972045898438,83.80465698242188,85.73944854736328,313.04998779296875,88.4240951538086
2025-08-11,628.9510498046875,83.90065002441406,85.17145538330078,308.54998779296875,88.43376159667969
2025-08-12,635.6468505859375,83.47821807861328,85.6528091430664,308.2699890136719,88.44340515136719
2025-08-13,637.8228149414062,84.16947937011719,86.45185852050781,309.2099914550781,88.45307159423828
2025-08-14,637.882080078125,83.54541778564453,85.83573150634766,307.25,88.46273803710938
2025-08-15,636.388671875,82.95018768310547,86.32670593261719,307.42999267578125,88.50138854980469
2025-08-18,636.2501220703125,82.71016693115234,85.59504699707031,306.95001220703125,88.50138854980469
2025-08-19,632.7984008789062,83.1902084350586,87.06800079345703,305.2699890136719,88.52068328857422
2025-08-20,631.116943359375,83.37261962890625,87.31829833984375,308.3599853515625,88.54002380371094
2025-08-21,628.5851440429688,82.95980072021484,87.0583724975586,307.2900085449219,88.54002380371094
2025-08-22,638.2381591796875,83.57423400878906,88.74313354492188,310.5799865722656,88.5689926147461
2025-08-25,635.4292602539062,83.33421325683594,88.2328872680664,309.8299865722656,88.57864379882812
2025-08-26,638.0897827148438,83.28621673583984,88.00183868408203,312.0799865722656,88.58831024169922
2025-08-27,639.543701171875,83.1902084350586,88.55058288574219,312.7099914550781,88.59796142578125
2025-08-28,641.80859375,83.7374496459961,88.31953430175781,315.0299987792969,88.60763549804688
2025-08-29,637.98095703125,83.14220428466797,88.80088806152344,318.07000732421875,88.6462631225586
2025-09-02,633.25341796875,82.52349853515625,87.32793426513672,325.5899963378906,88.66759490966797
2025-09-03,636.6853637695312,83.42938995361328,87.37606811523438,328.1400146484375,88.67729949951172
2025-09-04,642.0064086914062,84.06544494628906,88.03071594238281,326.69000244140625,88.69667053222656
2025-09-05,640.1469116210938,85.3471908569336,89.02230834960938,331.04998779296875,88.72574615478516
2025-09-08,641.7196044921875,86.48436737060547,88.50244140625,334.82000732421875,88.73544311523438
2025-09-09,643.203125,85.9928970336914,88.30028533935547,334.05999755859375,88.74514770507812
2025-09-10,645.0625,86.48436737060547,88.15587615966797,335.260009765625,88.75482177734375
2025-09-11,650.4231567382812,87.06260681152344,89.76359558105469,334.760009765625,88.7645263671875
2025-09-12,650.2054443359375,86.686767578125,89.3496322631836,335.4200134277344,88.79360961914062
2025-09-15,653.6671752929688,86.88914489746094,89.20523834228516,338.9100036621094,88.80329895019531
2025-09-16,652.76708984375,87.0722427368164,88.7334976196289,339.5899963378906,88.8130111694336
2025-09-17,651.9561157226562,86.85060119628906,88.61797332763672,336.9700012207031,88.82268524169922
2025-09-18,655.00244140625,85.954345703125,88.81051635742188,335.6199951171875,88.8323745727539
2025-09-19,658.2465209960938,85.7905044555664,88.2328872680664,339.17999267578125,88.87114715576172
2025-09-22,661.3606567382812,85.48211669921875,88.25213623046875,345.04998779296875,88.88085174560547
2025-09-23,657.7606201171875,86.07962799072266,88.7334976196289,346.4599914550781,88.88085174560547
2025-09-24,655.6677856445312,85.751953125,87.8607177734375,343.32000732421875,88.90023803710938
2025-09-25,652.6429443359375,85.751953125,87.59830474853516,344.75,88.90023803710938
2025-09-26,656.3819580078125,85.67485809326172,88.46330261230469,346.739990234375,88.9293212890625
2025-09-29,658.2266845703125,86.37837982177734,88.49246978759766,352.4599914550781,88.93901062011719
2025-09-30,660.7061157226562,86.1278076171875,88.85206604003906,355.4700012207031,88.93901062011719
2025-10-01,662.95751953125,86.3502426147461,88.9881362915039,356.0299987792969,88.95942687988281
2025-10-02,663.7210693359375,86.60167694091797,88.52162170410156,354.7900085449219,88.96916961669922
2025-10-03,663.7112426757812,86.43728637695312,88.85206604003906,357.6400146484375,88.98861694335938
2025-10-06,666.0914916992188,85.75064849853516,88.01622772216797,364.3800048828125,89.00807189941406
2025-10-07,663.6219482421875,86.2438735961914,87.69550323486328,366.260009765625,89.00807189941406
2025-10-08,667.5791625976562,86.31155395507812,87.23870849609375,372.29998779296875,89.02752685546875
2025-10-09,665.6452026367188,86.2438735961914,86.76245880126953,365.42999267578125,89.02752685546875
2025-10-10,647.6542358398438,87.63644409179688,85.65448760986328,369.1199951171875,89.0664291381836
2025-10-13,657.5919189453125,87.58810424804688,86.19876098632812,378.0899963378906,89.07615661621094
2025-10-14,656.78857421875,87.86854553222656,87.08319091796875,380.7900085449219,89.07615661621094
2025-10-15,659.7044067382812,87.67514038085938,88.34668731689453,387.3900146484375,89.08588409423828
2025-10-16,655.2117309570312,88.3327407836914,88.0356674194336,396.45001220703125,89.09561157226562
2025-10-17,658.9308471679688,88.19733428955078,88.60910034179688,388.989990234375,89.11507415771484
2025-10-20,665.7840576171875,88.53583526611328,89.50325012207031,403.1499938964844,89.13451385498047
2025-10-21,665.7741088867188,88.97101593017578,89.25055694580078,377.239990234375,89.13451385498047
2025-10-22,662.3128051757812,89.02903747558594,89.62960052490234,377.2799987792969,89.15397644042969
2025-10-23,666.2402954101562,88.41976928710938,89.5712890625,378.7900085449219,89.16370391845703
2025-10-24,671.6851806640625,88.4584732055664,89.83370208740234,377.5199890136719,89.19288635253906
2025-10-27,679.6094970703125,88.75825500488281,90.0864028930664,367.010009765625,89.19288635253906
2025-10-28,681.41455078125,88.9903564453125,88.31752014160156,364.3800048828125,89.2026138305664
2025-10-29,681.7418823242188,88.09098052978516,86.04325103759766,363.0,89.23178100585938
2025-10-30,674.2439575195312,87.57842254638672,86.45145416259766,370.1300048828125,89.23178100585938
2025-10-31,676.4556274414062,87.31732177734375,86.67499542236328,368.1199951171875,89.25125122070312
2025-11-03,677.7251586914062,87.09892272949219,86.54864501953125,368.7799987792969,89.26393127441406
2025-11-04,669.6917114257812,87.29306030273438,86.69442749023438,362.32000732421875,89.27368927001953
2025-11-05,672.0125122070312,86.34188842773438,86.77217864990234,366.510009765625,89.28343963623047
2025-11-06,664.8021850585938,87.11835479736328,86.35425567626953,366.07000732421875,89.29320526123047
2025-11-07,665.4567260742188,86.9339370727539,87.69550323486328,368.30999755859375,89.32247161865234
2025-11-10,675.8407592773438,86.91453552246094,87.64690399169922,378.3800048828125,89.34200286865234
2025-11-11,677.3878784179688,87.31246185302734,88.6285400390625,379.8699951171875,89.33224487304688
2025-11-12,677.7647705078125,87.4677505493164,87.96764373779297,385.989990234375,89.34200286865234
2025-11-13,666.5179443359375,86.74954223632812,86.88880920410156,382.8699951171875,89.35175323486328
2025-11-14,666.408935546875,86.2545394897461,87.07347106933594,375.9599914550781,89.39078521728516
2025-11-17,660.2002563476562,86.46806335449219,86.35425567626953,371.6499938964844,89.39078521728516
2025-11-18,654.65625,86.43894958496094,86.70414733886719,374.3500061035156,89.41030883789062
2025-11-19,657.185302734375,86.26424407958984,86.02381134033203,374.9599914550781,89.41030883789062
2025-11-20,647.1683349609375,86.60395050048828,85.66419982910156,374.8500061035156,89.42981719970703
2025-11-21,653.6148681640625,86.86599731445312,87.05403900146484,374.2699890136719,89.44934844970703
2025-11-24,663.2351684570312,87.3609848022461,87.28729248046875,380.20001220703125,89.44934844970703
2025-11-25,669.4734497070312,87.584228515625,88.09398651123047,380.0799865722656,89.46885681152344
2025-11-26,674.09521484375,87.9724349975586,88.48274993896484,383.1199951171875,89.4786148071289
2025-11-28,677.7747192382812,87.55509948730469,88.7743148803711,387.8800048828125,89.50789642333984
2025-12-01,674.6803588867188,86.46515655517578,87.7538070678711,389.75,89.51864624023438
2025-12-02,675.9300537109375,86.50410461425781,87.44280242919922,387.239990234375,89.54804229736328
2025-12-03,678.2706298828125,86.74762725830078,87.66633605957031,386.8800048828125,89.55781555175781
2025-12-04,678.7665405273438,86.28009796142578,87.45252227783203,387.1300048828125,89.56761169433594
2025-12-05,680.0557861328125,85.88072204589844,87.35533142089844,386.44000244140625,89.5871810913086
2025-12-08,678.0127563476562,85.59825134277344,86.6847152709961,385.4200134277344,89.59696960449219
2025-12-09,677.4275512695312,85.68592834472656,86.35425567626953,387.3999938964844,89.61656188964844
2025-12-10,681.92041015625,86.01710510253906,86.66526794433594,389.04998779296875,89.61656188964844
2025-12-11,683.5072021484375,85.90022277832031,87.04431915283203,393.239990234375,89.62633514404297
2025-12-12,676.1580810546875,85.0722885131836,86.93740844726562,395.44000244140625,89.66549682617188
2025-12-15,675.1365356445312,85.13072967529297,87.20954895019531,395.79998779296875,89.66549682617188
2025-12-16,673.2918701171875,85.59825134277344,86.56808471679688,395.8900146484375,89.67528533935547
2025-12-17,665.8832397460938,85.52033996582031,86.88880920410156,399.2900085449219,89.6850814819336
2025-12-18,670.9114990234375,85.929443359375,86.43201446533203,398.57000732421875,89.6998062133789
2025-12-19,676.9923095703125,85.60871124267578,86.1015625,399.0199890136719,89.72930145263672
2025-12-22,681.2098388671875,85.42292022705078,86.54389953613281,408.2300109863281,89.72930145263672
2025-12-23,684.3233032226562,85.55982208251953,86.48505401611328,413.6400146484375,89.72930145263672
2025-12-24,686.7305297851562,86.07807159423828,87.05390930175781,411.92999267578125,89.7587890625
2025-12-26,686.660888671875,85.79449462890625,87.1519775390625,416.739990234375,89.78826904296875
2025-12-29,684.2138671875,86.11717987060547,87.32852172851562,398.6000061035156,89.78826904296875
2025-12-30,683.3782958984375,85.9118423461914,87.50506591796875,398.8900146484375,89.798095703125
2025-12-31,678.3152465820312,85.22735595703125,86.78909301757812,396.30999755859375,89.80792236328125
