GEO_ID|B08301_E001|B08301_M001|B08301_E002|B08301_M002|B08301_E003|B08301_M003|B08301_E004|B08301_M004|B08301_E005|B08301_M005|B08301_E006|B08301_M006|B08301_E007|B08301_M007|B08301_E008|B08301_M008|B08301_E009|B08301_M009|B08301_E010|B08301_M010|B08301_E011|B08301_M011|B08301_E012|B08301_M012|B08301_E013|B08301_M013|B08301_E014|B08301_M014|B08301_E015|B08301_M015|B08301_E016|B08301_M016|B08301_E017|B08301_M017|B08301_E018|B08301_M018|B08301_E019|B08301_M019|B08301_E020|B08301_M020|B08301_E021|B08301_M021
1400000US25001010100|2054|230|897|248|765|232|132|111|86|98|46|74|0|14|0|14|0|14|35|33|10|16|25|29|0|14|0|14|0|14|0|14|0|14|180|102|248|129|51|42|643|176
1400000US25001010206|2000|261|1508|241|1400|230|108|97|108|97|0|14|0|14|0|14|0|14|19|28|0|14|19|28|0|14|0|14|0|14|0|14|0|14|0|14|94|69|0|14|379|159
1400000US25001010208|777|296|434|232|433|232|1|3|1|3|0|14|0|14|0|14|0|14|0|14|0|14|0|14|0|14|0|14|0|14|0|14|0|14|0|14|1|2|51|55|291|188
1400000US25001010304|1114|263|874|250|836|246|38|50|8|14|30|47|0|14|0|14|0|14|0|14|0|14|0|14|0|14|0|14|0|14|0|14|0|14|0|14|0|14|10|15|230|127
1400000US25001010306|1222|274|912|240|887|236|25|28|12|19|13|20|0|14|0|14|0|14|34|39|19|31|15|23|0|14|0|14|0|14|0|14|0|14|84|131|0|14|18|29|174|66
1400000US25001010400|1347|266|1117|256|992|248|125|60|74|54|51|50|0|14|0|14|0|14|8|16|0|14|0|14|0|14|8|16|0|14|0|14|0|14|0|14|16|19|0|14|206|92
1400000US25001010500|1257|261|823|194|781|187|42|51|28|34|14|21|0|14|0|14|0|14|0|14|0|14|0|14|0|14|0|14|0|14|0|14|0|14|0|14|28|28|19|26|387|125
1400000US25001010600|1295|235|868|208|861|208|7|11|7|11|0|14|0|14|0|14|0|14|0|14|0|14|0|14|0|14|0|14|0|14|0|14|0|14|0|14|9|13|0|14|418|197
1400000US25001010700|1341|235|983|202|900|193|83|64|83|64|0|14|0|14|0|14|0|14|71|93|0|14|71|93|0|14|0|14|0|14|0|14|0|14|0|14|45|37|13|20|229|100
1400000US25001010800|2017|366|1590|336|1534|342|56|61|14|23|28|45|14|21|0|14|0|14|65|66|0|14|35|53|0|14|0|14|30|50|0|14|0|14|22|34|20|32|62|62|258|116
1400000US25001010900|2313|368|1849|373|1814|373|35|42|35|42|0|19|0|19|0|19|0|19|14|24|14|24|0|19|0|19|0|19|0|19|0|19|0|19|0|19|0|19|53|76|397|174
1400000US25001011002|1913|379|1413|297|1217|248|196|124|196|124|0|14|0|14|0|14|0|14|0|14|0|14|0|14|0|14|0|14|0|14|0|14|9|15|30|37|3|9|0|14|458|180
1400000US25001011100|2898|544|2500|493|2472|488|28|44|28|44|0|19|0|19|0|19|0|19|10|18|0|19|0|19|10|18|0|19|0|19|0|19|0|19|0|19|17|27|68|82|303|192
1400000US25001011200|1773|352|1330|347|1286|345|44|33|10|18|24|21|10|14|0|14|0|14|11|18|11|18|0|14|0|14|0|14|0|14|0|14|0|14|0|14|37|39|26|39|369|123
1400000US25001011300|1110|253|702|225|676|223|26|22|18|19|0|14|8|13|0|14|0|14|0|14|0|14|0|14|0|14|0|14|0|14|0|14|13|20|0|14|10|11|0|14|385|220
1400000US25001011400|1488|270|1380|290|1311|276|69|70|33|33|0|14|0|14|36|56|0|14|0|14|0|14|0|14|0|14|0|14|0|14|0|14|0|14|0|14|0|14|21|29|87|79
1400000US25001011500|2321|410|2036|350|1607|292|429|181|149|89|198|115|11|19|71|72|0|14|0|14|0|14|0|14|0|14|0|14|0|14|0|14|0|14|0|14|0|14|0|14|285|143
1400000US25001011600|1291|338|1090|311|991|305|99|62|99|62|0|14|0|14|0|14|0|14|15|27|15|27|0|14|0|14|0|14|0|14|0|14|0|14|0|14|96|98|0|14|90|68
1400000US25001011700|787|135|645|122|593|128|52|60|28|53|11|16|0|14|13|15|0|14|0|14|0|14|0|14|0|14|0|14|0|14|0|14|0|14|0|14|39|42|0|14|103|37
1400000US25001011801|926|189|746|161|662|157|84|112|84|112|0|14|0|14|0|14|0|14|11|16|11|16|0|14|0|14|0|14|0|14|0|14|0|14|0|14|0|14|0|14|169|75
1400000US25001011802|2383|308|1904|273|1779|264|125|74|114|67|11|17|0|14|0|14|0|14|7|15|7|15|0|14|0|14|0|14|0|14|0|14|0|14|0|14|93|69|10|18|369|143
1400000US25001012001|3017|510|2684|497|2394|435|290|294|290|294|0|19|0|19|0|19|0|19|37|41|22|36|15|22|0|19|0|19|0|19|0|19|0|19|84|120|0|19|66|99|146|102
1400000US25001012002|1284|215|1123|216|1046|217|77|56|59|51|18|22|0|14|0|14|0|14|68|54|68|54|0|14|0|14|0|14|0|14|0|14|0|14|0|14|13|21|32|50|48|41
1400000US25001012101|2631|454|2390|439|2291|443|99|106|34|42|65|98|0|19|0|19|0|19|38|58|38|58|0|19|0|19|0|19|0|19|0|19|0|19|15|23|19|29|23|37|146|90
1400000US25001012102|1251|294|1100|263|989|248|111|95|111|95|0|14|0|14|0|14|0|14|36|55|36|55|0|14|0|14|0|14|0|14|0|14|2|10|0|14|22|26|26|29|65|62
1400000US25001012200|2621|479|2266|459|2159|461|107|64|50|50|27|35|30|39|0|19|0|19|60|77|14|22|0|19|0|19|0|19|46|73|0|19|0|19|0|19|0|19|0|19|295|124
1400000US25001012502|1716|280|1361|253|1181|257|180|135|169|135|11|18|0|14|0|14|0|14|38|37|38|37|0|14|0|14|0|14|0|14|52|76|0|14|51|54|42|67|0|14|172|120
1400000US25001012601|1387|312|940|251|863|246|77|66|77|66|0|14|0|14|0|14|0|14|94|84|94|84|0|14|0|14|0|14|0|14|0|14|0|14|0|14|0|14|28|46|325|151
1400000US25001012602|3098|625|2793|595|2530|576|263|184|162|151|48|89|35|49|0|19|18|30|65|94|0|19|0|19|0|19|0|19|65|94|44|57|0|19|16|27|53|63|0|19|127|108
1400000US25001012700|2770|531|2455|517|2093|402|362|221|192|170|170|134|0|19|0|19|0|19|17|27|0|19|0|19|17|27|0|19|0|19|0|19|0|19|44|57|32|39|0|19|222|97
1400000US25001012800|2095|368|1908|352|1770|342|138|81|65|50|17|17|42|46|0|14|14|17|23|27|23|27|0|14|0|14|0|14|0|14|0|14|0|14|0|14|0|14|9|14|155|69
1400000US25001012900|2404|276|2048|281|1737|290|311|205|173|110|19|22|119|121|0|14|0|14|7|11|7|11|0|14|0|14|0|14|0|14|0|14|0|14|23|35|53|76|20|22|253|103
1400000US25001013002|1448|313|1183|297|1117|289|66|45|58|47|8|12|0|14|0|14|0|14|19|22|19|22|0|14|0|14|0|14|0|14|0|14|0|14|0|14|36|51|18|19|192|97
1400000US25001013100|3050|467|2738|475|2648|504|90|101|90|101|0|19|0|19|0|19|0|19|0|19|0|19|0|19|0|19|0|19|0|19|12|19|0|19|0|19|8|14|50|60|242|111
1400000US25001013200|2797|742|1955|596|1703|448|252|196|197|191|55|51|0|19|0|19|0|19|49|45|47|44|0|19|2|10|0|19|0|19|0|19|0|19|0|19|25|35|0|19|768|509
1400000US25001013300|1294|277|1009|222|904|178|105|88|105|88|0|14|0|14|0|14|0|14|9|14|0|14|9|14|0|14|0|14|0|14|0|14|0|14|0|14|6|10|0|14|270|160
1400000US25001013400|1746|222|1420|222|1279|222|141|94|122|90|19|31|0|14|0|14|0|14|0|14|0|14|0|14|0|14|0|14|0|14|0|14|0|14|27|50|0|14|44|44|255|110
1400000US25001013500|4453|669|3366|502|3161|517|205|125|169|110|36|48|0|19|0|19|0|19|52|54|52|54|0|19|0|19|0|19|0|19|0|19|0|19|0|19|104|141|211|280|720|202
1400000US25001013600|2983|421|2711|424|2533|407|178|101|178|101|0|19|0|19|0|19|0|19|60|94|60|94|0|19|0|19|0|19|0|19|0|19|0|19|0|19|0|19|0|19|212|106
1400000US25001013700|2253|372|1651|285|1502|250|149|79|127|73|22|36|0|14|0|14|0|14|33|37|0|14|0|14|0|14|0|14|33|37|0|14|11|16|0|14|58|40|37|60|463|206
1400000US25001013800|3219|420|2750|409|2546|422|204|174|153|141|0|19|28|46|23|42|0|19|0|19|0|19|0|19|0|19|0|19|0|19|19|31|0|19|0|19|16|20|39|65|395|151
1400000US25001013900|2640|522|2366|548|2180|573|186|141|119|120|36|57|0|19|31|51|0|19|17|26|0|19|0|19|0|19|0|19|17|26|0|19|0|19|0|19|65|102|0|19|192|168
1400000US25001014002|2035|356|1624|323|1498|259|126|140|126|140|0|14|0|14|0|14|0|14|21|23|12|18|0|14|0|14|0|14|9|15|0|14|0|14|0|14|0|14|0|14|390|166
1400000US25001014100|375|114|355|114|349|114|6|10|6|10|0|14|0|14|0|14|0|14|0|14|0|14|0|14|0|14|0|14|0|14|0|14|0|14|0|14|6|14|0|14|14|17
1400000US25001014300|1583|321|937|226|898|217|39|42|39|42|0|14|0|14|0|14|0|14|21|32|0|14|21|32|0|14|0|14|0|14|0|14|0|14|0|14|67|80|20|35|538|209
1400000US25001014402|3694|421|3106|381|2716|346|390|210|319|171|71|77|0|19|0|19|0|19|52|63|0|19|14|22|0|19|0|19|38|60|0|19|0|19|0|19|76|81|0|19|460|174
1400000US25001014500|2991|477|2362|398|2155|372|207|148|134|102|73|108|0|19|0|19|0|19|25|46|25|46|0|19|0|19|0|19|0|19|0|19|0|19|0|19|17|30|18|29|569|258
1400000US25001014600|2332|466|1970|445|1870|445|100|71|83|66|9|15|8|13|0|14|0|14|8|14|0|14|0|14|0|14|0|14|8|14|0|14|0|14|12|19|17|26|50|35|275|120
1400000US25001014700|1826|384|1508|375|1322|358|186|124|123|106|19|22|44|43|0|14|0|14|20|33|0|14|0|14|0|14|0|14|20|33|0|14|0|14|0|14|0|14|0|14|298|90
1400000US25001014800|1253|230|830|185|690|151|140|108|122|98|18|30|0|14|0|14|0|14|58|45|10|16|30|35|0|14|0|14|18|20|0|14|0|14|28|42|67|49|0|14|270|128
1400000US25001014900|1502|242|968|197|863|185|105|51|105|51|0|14|0|14|0|14|0|14|40|37|12|18|0|14|20|30|0|14|8|12|0|14|8|13|89|75|85|58|22|26|290|117
1400000US25001015001|2620|369|2277|361|2112|335|165|97|129|84|36|39|0|14|0|14|0|14|32|25|16|17|0|14|12|18|0|14|4|9|2|4|0|14|0|14|18|21|12|19|279|121
1400000US25001015002|1507|347|1239|324|1155|315|84|64|32|35|25|30|0|14|27|38|0|14|0|14|0|14|0|14|0|14|0|14|0|14|0|14|0|14|0|14|19|30|33|63|216|106
1400000US25001015100|1960|332|1625|226|1558|232|67|58|29|36|38|47|0|14|0|14|0|14|15|24|15|24|0|14|0|14|0|14|0|14|0|14|0|14|0|14|37|35|0|14|283|206
1400000US25001015200|1262|283|941|233|902|230|39|32|39|32|0|14|0|14|0|14|0|14|11|17|0|14|0|14|0|14|0|14|11|17|0|14|0|14|0|14|6|9|0|14|304|157
1400000US25001015300|2315|439|1999|441|1832|379|167|195|167|195|0|14|0|14|0|14|0|14|42|70|42|70|0|14|0|14|0|14|0|14|0|14|18|27|0|14|171|129|0|14|85|140
1400000US25001990000|0|14|0|14|0|14|0|14|0|14|0|14|0|14|0|14|0|14|0|14|0|14|0|14|0|14|0|14|0|14|0|14|0|14|0|14|0|14|0|14|0|14
1400000US25003900100|1297|351|1153|353|996|316|157|104|124|100|33|41|0|14|0|14|0|14|19|30|19|30|0|14|0|14|0|14|0|14|0|14|0|14|0|14|99|92|0|14|26|33
1400000US25003900200|2204|395|1829|393|1600|417|229|109|229|109|0|14|0|14|0|14|0|14|100|92|100|92|0|14|0|14|0|14|0|14|52|55|0|14|0|14|147|99|0|14|76|107
1400000US25003900300|1504|288|1376|291|1084|269|292|150|292|150|0|14|0|14|0|14|0|14|48|79|48|79|0|14|0|14|0|14|0|14|0|14|0|14|0|14|11|24|0|14|69|65
1400000US25003900400|2262|468|1884|412|1757|421|127|100|92|91|0|14|0|14|35|52|0|14|52|65|52|65|0|14|0|14|0|14|0|14|0|14|0|14|0|14|34|56|0|14|292|173
1400000US25003900500|1592|247|1375|259|1318|254|57|53|31|37|9|14|17|25|0|14|0|14|11|19|11|19|0|14|0|14|0|14|0|14|0|14|0|14|0|14|60|67|10|16|136|99
1400000US25003900600|1350|250|1116|233|888|186|228|120|210|117|0|14|0|14|18|32|0|14|60|61|60|61|0|14|0|14|0|14|0|14|11|17|0|14|0|14|117|84|0|14|46|35
1400000US25003900700|1561|291|1422|289|1199|306|223|130|111|80|12|20|100|94|0|14|0|14|20|36|20|36|0|14|0|14|0|14|0|14|0|14|0|14|0|14|30|23|0|14|89|65
1400000US25003900800|2823|344|2259|361|2178|346|81|82|64|65|0|19|17|26|0|19|0|19|10|17|10|17|0|19|0|19|0|19|0|19|0|19|0|19|11|19|10|15|130|178|403|228
1400000US25003900900|2550|475|2083|537|1700|470|383|161|208|123|81|79|62|64|5|18|27|29|25|30|12|20|0|19|0|19|13|23|0|19|0|19|0|19|0|19|53|56|108|128|281|151
1400000US25003901100|1617|185|1448|182|1338|179|110|73|88|67|13|20|9|14|0|14|0|14|30|38|30|38|0|14|0|14|0|14|0|14|0|14|0|14|0|14|44|45|0|14|95|71
1400000US25003911100|1613|171|1476|195|1264|217|212|140|199|140|0|14|0|14|13|19|0|14|10|17|10|17|0|14|0|14|0|14|0|14|0|14|0|14|0|14|40|67|0|14|87|46
1400000US25003912100|2739|292|2386|285|2058|288|328|169|328|169|0|19|0|19|0|19|0|19|66|92|66|92|0|19|0|19|0|19|0|19|0|19|0|19|0|19|23|39|0|19|264|130
1400000US25003913100|2091|424|1547|334|1463|313|84|95|84|95|0|19|0|19|0|19|0|19|43|50|16|28|17|27|10|19|0|19|0|19|0|19|0|19|27|43|48|65|0|19|426|217
1400000US25003914100|2860|300|2262|329|1989|319|273|238|224|221|49|81|0|19|0|19|0|19|28|46|0|19|28|46|0|19|0|19|0|19|0|19|0|19|0|19|66|63|0|19|504|213
1400000US25003920101|2286|247|1049|211|950|221|99|73|61|60|0|14|16|28|0|14|22|31|17|28|0|14|17|28|0|14|0|14|0|14|0|14|0|14|17|22|697|178|39|40|467|142
1400000US25003920102|1175|161|316|110|288|107|28|24|28|24|0|14|0|14|0|14|0|14|0|14|0|14|0|14|0|14|0|14|0|14|0|14|0|14|18|23|435|132|0|14|406|121
1400000US25003921300|1959|381|1323|320|1165|284|158|168|158|168|0|14|0|14|0|14|0|14|0|14|0|14|0|14|0|14|0|14|0|14|0|14|0|14|6|11|394|133|0|14|236|144
1400000US25003921400|591|243|467|209|388|171|79|112|79|112|0|14|0|14|0|14|0|14|0|14|0|14|0|14|0|14|0|14|0|14|0|14|0|14|6|9|34|34|0|14|84|90
1400000US25003921500|1222|268|1134|278|994|254|140|94|122|88|14|24|0|14|0|14|4|8|0|14|0|14|0|14|0|14|0|14|0|14|0|14|0|14|0|14|53|57|1|7|34|36
1400000US25003922100|981|201|884|196|756|201|128|96|88|83|0|14|0|14|40|48|0|14|8|11|8|11|0|14|0|14|0|14|0|14|0|14|0|14|0|14|18|26|13|20|58|41
1400000US25003922200|1684|245|1498|229|1421|225|77|52|45|45|17|26|0|14|15|24|0|14|7|12|7|12|0|14|0|14|0|14|0|14|0|14|0|14|0|14|21|32|0|14|158|87
1400000US25003922300|822|116|787|112|700|115|87|67|85|67|2|5|0|14|0|14|0|14|0|14|0|14|0|14|0|14|0|14|0|14|0|14|0|14|0|14|0|14|0|14|35|24
1400000US25003923100|1476|198|1312|204|1189|232|123|84|123|84|0|14|0|14|0|14|0|14|80|74|77|73|3|7|0|14|0|14|0|14|0|14|0|14|0|14|1|4|0|14|83|68
1400000US25003924100|798|185|403|134|395|132|8|11|8|11|0|14|0|14|0|14|0|14|21|32|21|32|0|14|0|14|0|14|0|14|0|14|0|14|0|14|25|26|0|14|349|135
1400000US25003925101|1062|253|899|236|876|236|23|25|17|20|3|5|0|14|3|5|0|14|0|14|0|14|0|14|0|14|0|14|0|14|0|14|0|14|0|14|0|14|0|14|163|111
1400000US25003925102|2814|371|1735|318|1539|293|196|127|155|124|41|48|0|19|0|19|0|19|33|50|3|18|30|48|0|19|0|19|0|19|0|19|0|19|0|19|393|213|0|19|653|236
1400000US25003926100|2096|234|1780|293|1614|298|166|117|166|117|0|14|0|14|0|14|0|14|53|56|0|14|40|51|13|23|0|14|0|14|0|14|0|14|0|14|89|71|6|15|168|99
1400000US25003931100|917|124|857|123|760|113|97|47|89|46|5|7|0|14|0|14|3|4|1|3|0|14|0|14|1|3|0|14|0|14|0|14|0|14|0|14|8|8|0|14|51|23
1400000US25003931300|697|80|653|81|607|74|46|21|46|21|0|14|0|14|0|14|0|14|0|14|0|14|0|14|0|14|0|14|0|14|0|14|3|5|3|4|5|5|3|4|30|14
1400000US25003931400|884|111|734|99|650|73|84|61|71|59|13|14|0|14|0|14|0|14|0|14|0|14|0|14|0|14|0|14|0|14|0|14|0|14|0|14|9|11|2|3|139|37
1400000US25003932200|1248|157|1055|139|1006|141|49|24|34|20|15|15|0|14|0|14|0|14|19|16|15|14|4|6|0|14|0|14|0|14|0|14|0|14|9|12|25|27|0|14|140|53
1400000US25003932300|902|158|791|141|780|141|11|13|8|12|3|6|0|14|0|14|0|14|13|22|13|22|0|14|0|14|0|14|0|14|0|14|0|14|0|14|23|26|0|14|75|41
1400000US25003933200|733|140|537|123|527|122|10|8|9|8|0|14|1|4|0|14|0|14|13|9|11|10|0|14|2|5|0|14|0|14|0|14|0|14|0|14|56|49|3|5|124|39
1400000US25003933300|802|132|462|126|399|109|63|39|42|29|21|19|0|14|0|14|0|14|39|34|14|18|25|29|0|14|0|14|0|14|0|14|0|14|8|10|7|8|0|14|286|77
1400000US25003933400|1336|190|1011|180|966|179|45|23|36|21|9|13|0|14|0|14|0|14|21|27|0|14|21|27|0|14|0|14|0|14|0|14|0|14|0|14|25|20|4|6|275|95
1400000US25003934200|645|116|450|118|419|120|31|25|25|23|6|11|0|14|0|14|0|14|10|14|0|14|6|8|4|6|0|14|0|14|0|14|0|14|0|14|27|35|0|14|158|57
1400000US25003934300|924|204|661|157|572|150|89|43|64|34|12|19|0|14|0|14|13|18|19|9|3|6|4|5|12|8|0|14|0|14|0|14|0|14|5|6|9|8|2|4|228|69
1400000US25003935100|1218|141|1018|138|948|136|70|24|51|20|7|6|12|15|0|14|0|14|0|14|0|14|0|14|0|14|0|14|0|14|0|14|5|4|3|4|24|14|8|11|160|38
1400000US25003935200|2379|423|2075|393|1948|390|127|104|127|104|0|14|0|14|0|14|0|14|0|14|0|14|0|14|0|14|0|14|0|14|0|14|0|14|0|14|19|33|0|14|285|155
1400000US25003935300|1522|270|1334|243|1270|228|64|67|64|67|0|14|0|14|0|14|0|14|0|14|0|14|0|14|0|14|0|14|0|14|16|25|0|14|0|14|15|27|0|14|157|97
1400000US25005600100|2010|272|1659|280|1581|273|78|58|41|37|0|14|25|41|0|14|12|17|59|42|0|14|33|37|26|23|0|14|0|14|0|14|0|14|3|6|16|25|22|27|251|136
1400000US25005600202|3011|343|2487|358|2402|353|85|87|75|92|10|16|0|14|0|14|0|14|40|31|0|14|9|14|31|34|0|14|0|14|0|14|0|14|0|14|32|38|0|14|452|173
1400000US25005600203|3367|460|2433|335|2244|322|189|133|148|113|41|69|0|19|0|19|0|19|120|81|6|15|0|19|98|74|16|25|0|19|0|19|0|19|0|19|0|19|0|19|814|340
1400000US25005600204|2256|258|1737|248|1640|235|97|64|89|68|0|14|8|12|0|14|0|14|32|39|0|14|0|14|32|39|0|14|0|14|0|14|0|14|0|14|8|12|13|18|466|121
1400000US25005610100|2992|534|2285|479|2213|475|72|78|60|75|0|19|0|19|12|20|0|19|80|54|0|19|0|19|80|54|0|19|0|19|0|19|0|19|0|19|169|121|0|19|458|234
1400000US25005610202|3188|460|2310|414|2230|407|80|50|80|50|0|19|0|19|0|19|0|19|210|104|0|19|20|23|190|101|0|19|0|19|0|19|0|19|0|19|0|19|37|36|631|169
1400000US25005610203|3826|418|2839|387|2700|363|139|104|139|104|0|19|0|19|0|19|0|19|221|106|0|19|13|20|208|104|0|19|0|19|19|30|0|19|58|75|0|19|0|19|689|218
1400000US25005610204|3186|471|2325|434|2143|413|182|188|155|181|13|22|0|19|14|23|0|19|195|116|0|19|29|47|166|107|0|19|0|19|0|19|0|19|0|19|1|4|18|31|647|263
1400000US25005611101|2598|330|1926|308|1877|301|49|43|49|43|0|19|0|19|0|19|0|19|85|55|28|31|0|19|51|38|6|10|0|19|0|19|0|19|0|19|7|12|19|22|561|176
1400000US25005611102|2432|305|1563|240|1443|226|120|63|85|59|0|19|10|18|25|38|0|19|25|28|7|18|0|19|18|21|0|19|0|19|0|19|0|19|0|19|304|102|61|90|479|144
1400000US25005611201|1662|228|1299|244|1219|252|80|59|80|59|0|14|0|14|0|14|0|14|6|19|0|14|0|14|6|19|0|14|0|14|0|14|0|14|0|14|10|16|121|134|226|160
1400000US25005611202|3263|344|2680|342|2561|330|119|100|119|100|0|19|0|19|0|19|0|19|107|95|13|20|22|36|72|77|0|19|0|19|0|19|0|19|0|19|16|26|15|27|445|147
1400000US25005612100|2390|264|2050|284|1977|279|73|63|48|57|25|24|0|14|0|14|0|14|71|67|0|14|0|14|71|67|0|14|0|14|20|32|0|14|14|20|13|19|0|14|222|111
1400000US25005612201|2092|350|1715|231|1588|217|127|89|102|78|0|14|25|40|0|14|0|14|208|212|0|14|187|208|21|36|0|14|0|14|17|27|0|14|0|14|11|18|0|14|141|142
1400000US25005612202|3383|390|2750|347|2716|339|34|54|34|54|0|19|0|19|0|19|0|19|100|105|0|19|18|30|82|100|0|19|0|19|0|19|0|19|0|19|0|19|46|51|487|202
1400000US25005613100|3654|647|3459|632|3038|662|421|197|352|175|27|44|13|23|0|19|29|47|45|45|14|25|0|19|31|38|0|19|0|19|0|19|0|19|40|61|0|19|38|45|72|72
1400000US25005613300|4036|452|3541|458|3347|453|194|111|88|73|59|87|0|19|10|21|37|57|57|57|0|19|0|19|57|57|0|19|0|19|0|19|0|19|0|19|20|29|47|44|371|201
1400000US25005613400|2104|377|1917|402|1775|422|142|79|142|79|0|14|0|14|0|14|0|14|0|14|0|14|0|14|0|14|0|14|0|14|7|11|0|14|0|14|0|14|7|11|173|103
1400000US25005613600|1895|319|1690|309|1506|284|184|119|184|119|0|14|0|14|0|14|0|14|10|17|10|17|0|14|0|14|0|14|0|14|0|14|0|14|0|14|34|48|107|111|54|44
1400000US25005613700|2588|453|2257|345|1904|351|353|198|254|174|60|84|38|50|1|3|0|14|25|31|8|14|1|4|16|19|0|14|0|14|0|14|0|14|0|14|96|146|18|20|192|99
1400000US25005613800|1904|513|1625|473|1403|427|222|164|222|164|0|19|0|19|0|19|0|19|0|19|0|19|0|19|0|19|0|19|0|19|0|19|0|19|42|43|71|91|38|61|128|81
1400000US25005613901|1555|414|1395|399|1274|386|121|78|116|76|5|9|0|14|0|14|0|14|19|19|13|17|6|11|0|14|0|14|0|14|0|14|0|14|4|12|11|15|27|28|99|78
1400000US25005613902|2524|531|2197|515|1962|466|235|161|207|126|0|19|0|19|0|19|28|52|15|21|3|6|12|20|0|19|0|19|0|19|0|19|0|19|0|19|61|81|0|19|251|157
1400000US25005614000|2037|378|1791|336|1281|263|510|222|434|215|14|24|4|9|0|19|58|66|7|34|0|19|7|34|0|19|0|19|0|19|0|19|0|19|0|19|189|147|6|11|44|37
1400000US25005614101|3975|503|3596|462|3208|463|388|223|337|215|23|38|28|46|0|19|0|19|19|30|0|19|0|19|19|30|0|19|0|19|0|19|0|19|33|55|0|19|0|19|327|215
1400000US25005614102|3658|561|3366|516|3184|525|182|63|171|61|0|19|11|17|0|19|0|19|8|16|0|19|0|19|8|16|0|19|0|19|0|19|0|19|0|19|17|29|7|11|260|161
1400000US25005615100|4431|315|3981|321|3610|372|371|254|371|254|0|19|0|19|0|19|0|19|0|19|0|19|0|19|0|19|0|19|0|19|0|19|0|19|0|19|61|72|27|41|362|177
1400000US25005616100|3722|384|3329|340|3138|335|191|98|153|89|0|19|0|19|0|19|38|45|0|19|0|19|0|19|0|19|0|19|0|19|0|19|0|19|0|19|18|30|0|19|375|214
1400000US25005617101|2520|244|2415|244|2243|243|172|90|144|81|10|19|18|25|0|14|0|14|10|17|0|14|0|14|10|17|0|14|0|14|0|14|0|14|0|14|0|14|0|14|95|55
1400000US25005617102|2313|264|2083|250|1960|249|123|85|78|76|45|45|0|14|0|14|0|14|0|14|0|14|0|14|0|14|0|14|0|14|0|14|0|14|9|14|65|91|0|14|156|90
1400000US25005630101|2235|327|2061|289|1865|278|196|116|196|116|0|14|0|14|0|14|0|14|5|12|5|12|0|14|0|14|0|14|0|14|0|14|0|14|0|14|23|24|41|43|105|88
1400000US25005630102|2999|516|2266|410|2158|385|108|105|89|97|0|14|19|30|0|14|0|14|43|51|0|14|0|14|43|51|0|14|0|14|16|27|0|14|0|14|0|14|109|107|565|349
1400000US25005630201|1641|275|1411|292|1316|325|95|63|82|54|0|14|13|22|0|14|0|14|48|55|16|25|0|14|32|50|0|14|0|14|0|14|0|14|0|14|8|15|18|32|156|73
1400000US25005630202|2712|333|2171|324|2144|327|27|31|15|25|0|19|12|19|0|19|0|19|121|68|16|24|0|19|105|61|0|19|0|19|0|19|0|19|0|19|13|20|0|19|407|141
1400000US25005630301|2964|308|2341|339|2236|348|105|79|78|64|0|19|0|19|27|55|0|19|39|44|0|19|29|36|10|17|0|19|0|19|0|19|0|19|0|19|15|24|15|23|554|160
1400000US25005630302|1763|232|1567|224|1315|223|252|103|252|103|0|14|0|14|0|14|0|14|56|57|0|14|0|14|56|57|0|14|0|14|0|14|0|14|0|14|0|14|0|14|140|95
1400000US25005630400|2661|392|2024|355|1892|335|132|135|59|91|20|31|0|19|53|82|0|19|106|81|38|61|0|19|68|57|0|19|0|19|0|19|0|19|0|19|90|88|41|64|400|165
1400000US25005631101|1652|260|1375|265|1293|256|82|67|67|61|15|24|0|14|0|14|0|14|78|75|0|14|0|14|78|75|0|14|0|14|0|14|0|14|0|14|27|44|42|50|130|78
1400000US25005631102|2398|500|2040|470|1860|452|180|102|141|79|39|50|0|14|0|14|0|14|16|27|0|14|16|27|0|14|0|14|0|14|0|14|0|14|0|14|16|28|0|14|326|140
1400000US25005631200|3770|497|3004|431|2936|434|68|71|58|69|10|16|0|19|0|19|0|19|90|73|12|21|13|21|65|69|0|19|0|19|0|19|0|19|0|19|18|29|0|19|658|245
1400000US25005631300|3267|550|2666|506|2383|468|283|134|192|96|91|104|0|19|0|19|0|19|63|70|0|19|0|19|63|70|0|19|0|19|0|19|0|19|78|111|0|19|35|40|425|203
1400000US25005631400|1785|303|1325|263|1054|231|271|152|150|119|66|87|55|72|0|14|0|14|128|106|52|83|0|14|76|66|0|14|0|14|0|14|0|14|0|14|90|73|91|109|151|86
1400000US25005631500|1716|293|1607|293|1460|291|147|71|79|56|68|42|0|14|0|14|0|14|5|9|0|14|0|14|5|9|0|14|0|14|0|14|0|14|0|14|0|14|8|12|96|62
1400000US25005631600|1800|365|1503|322|1178|253|325|172|157|95|23|35|145|138|0|14|0|14|77|77|9|15|0|14|68|75|0|14|0|14|0|14|0|14|51|45|9|15|54|72|106|82
1400000US25005631700|3644|406|2699|323|2602|323|97|65|53|47|44|44|0|19|0|19|0|19|96|66|0|19|0|19|96|66|0|19|0|19|0|19|0|19|0|19|34|40|0|19|815|233
1400000US25005631800|4046|365|3314|356|3173|344|141|99|88|81|53|72|0|19|0|19|0|19|77|78|12|21|15|25|50|63|0|19|0|19|0|19|0|19|0|19|98|44|36|44|521|250
1400000US25005632100|3800|449|3001|406|2680|371|321|171|293|165|9|16|0|19|0|19|19|29|165|118|9|17|0|19|156|117|0|19|0|19|0|19|0|19|0|19|0|19|0|19|634|262
1400000US25005632200|4326|463|3409|408|3123|423|286|169|286|169|0|19|0|19|0|19|0|19|18|30|0|19|0|19|18|30|0|19|0|19|0|19|0|19|0|19|27|45|10|18|862|280
1400000US25005633100|3474|468|2764|413|2535|339|229|199|229|199|0|19|0|19|0|19|0|19|41|40|0|19|0|19|41|40|0|19|0|19|23|36|0|19|0|19|325|293|31|34|290|148
1400000US25005633200|3802|416|3234|382|2928|357|306|152|281|150|0|19|0|19|11|19|14|24|55|51|31|35|0|19|24|39|0|19|0|19|16|26|0|19|0|19|57|64|0|19|440|164
1400000US25005640100|2408|447|1951|309|1606|313|345|173|245|161|100|69|0|19|0|19|0|19|0|19|0|19|0|19|0|19|0|19|0|19|1|3|0|19|0|19|147|137|0|19|309|240
1400000US25005640201|1085|405|795|343|535|199|260|246|187|232|0|14|65|103|0|14|8|14|0|14|0|14|0|14|0|14|0|14|0|14|0|14|0|14|39|65|101|81|48|59|102|105
1400000US25005640202|1265|266|1130|253|843|210|287|128|157|106|54|67|66|78|0|14|10|18|0|14|0|14|0|14|0|14|0|14|0|14|0|14|0|14|0|14|37|46|14|23|84|68
1400000US25005640300|1783|355|1438|202|1330|185|108|100|108|100|0|14|0|14|0|14|0|14|50|44|50|44|0|14|0|14|0|14|0|14|0|14|0|14|0|14|0|14|0|14|295|289
1400000US25005640400|1216|411|1038|409|868|382|170|156|154|157|16|18|0|14|0|14|0|14|10|18|10|18|0|14|0|14|0|14|0|14|0|14|0|14|0|14|62|56|0|14|106|100
1400000US25005640500|2497|521|2188|429|1755|332|433|316|367|310|0|19|66|76|0|19|0|19|31|26|31|26|0|19|0|19|0|19|0|19|0|19|0|19|0|19|136|131|19|32|123|156
1400000US25005640600|2129|548|1944|525|1752|510|192|115|141|91|51|77|0|14|0|14|0|14|34|39|34|39|0|14|0|14|0|14|0|14|0|14|0|14|0|14|58|55|29|33|64|62
1400000US25005640700|1376|259|1114|205|898|211|216|132|89|59|73|96|9|15|45|65|0|14|15|17|7|11|0|14|8|12|0|14|0|14|0|14|0|14|0|14|144|114|0|14|103|82
1400000US25005640800|1952|392|1817|385|1353|286|464|259|242|124|136|140|8|13|43|67|35|54|31|27|31|27|0|14|0|14|0|14|0|14|0|14|0|14|0|14|28|43|0|14|76|55
1400000US25005640901|1976|426|1642|303|1435|283|207|153|175|152|0|14|32|39|0|14|0|14|40|39|40|39|0|14|0|14|0|14|0|14|0|14|0|14|0|14|289|226|0|14|5|8
1400000US25005641000|1160|320|1087|313|826|285|261|172|97|104|82|98|0|14|54|57|28|47|20|33|20|33|0|14|0|14|0|14|0|14|0|14|0|14|0|14|24|38|0|14|29|46
1400000US25005641101|522|207|400|214|356|206|44|72|0|14|43|71|1|10|0|14|0|14|31|36|31|36|0|14|0|14|0|14|0|14|0|14|0|14|0|14|91|141|0|14|0|14
1400000US25005641200|1645|400|1452|397|992|273|460|341|166|123|199|154|15|24|0|14|80|127|18|26|18|26|0|14|0|14|0|14|0|14|10|16|0|14|0|14|102|72|8|14|55|56
1400000US25005641300|2520|491|2246|462|1935|442|311|173|270|157|41|65|0|19|0|19|0|19|45|68|45|68|0|19|0|19|0|19|0|19|34|55|22|26|0|19|63|74|12|20|98|83
1400000US25005641400|1398|340|1049|222|902|202|147|102|53|53|72|83|0|14|22|37|0|14|31|45|31|45|0|14|0|14|0|14|0|14|0|14|0|14|0|14|57|49|0|14|261|218
1400000US25005641500|1291|290|1159|273|943|263|216|117|145|96|47|52|24|37|0|14|0|14|8|14|8|14|0|14|0|14|0|14|0|14|90|74|0|14|0|14|0|14|0|14|34|52
1400000US25005641600|1082|222|944|199|770|191|174|68|100|57|53|35|21|29|0|14|0|14|0|14|0|14|0|14|0|14|0|14|0|14|6|10|0|14|0|14|0|14|0|14|132|124
1400000US25005641700|2406|403|2306|376|2013|378|293|147|293|147|0|14|0|14|0|14|0|14|0|14|0|14|0|14|0|14|0|14|0|14|0|14|0|14|0|14|0|14|0|14|100|85
1400000US25005641800|1030|175|900|191|727|178|173|76|123|56|50|55|0|14|0|14|0|14|26|39|2|5|24|39|0|14|0|14|0|14|17|25|0|14|12|13|35|39|0|14|40|35
1400000US25005641900|1094|226|1018|223|809|201|209|100|176|109|33|41|0|14|0|14|0|14|0|14|0|14|0|14|0|14|0|14|0|14|19|26|0|14|0|14|52|53|0|14|5|9
1400000US25005642000|1627|303|1428|286|1067|243|361|154|326|150|35|44|0|14|0|14|0|14|47|57|32|51|0|14|15|26|0|14|0|14|36|56|0|14|0|14|44|49|10|16|62|46
1400000US25005642100|1641|313|1493|297|1218|276|275|184|210|172|0|14|65|79|0|14|0|14|0|14|0|14|0|14|0|14|0|14|0|14|19|32|0|14|0|14|30|39|0|14|99|77
1400000US25005642200|1451|253|1261|212|1071|209|190|91|179|89|11|25|0|14|0|14|0|14|10|23|0|14|0|14|0|14|0|14|10|23|6|12|0|14|0|14|0|14|58|64|116|67
1400000US25005642300|1149|181|965|156|920|158|45|28|39|26|6|9|0|14|0|14|0|14|7|11|0|14|0|14|7|11|0|14|0|14|0|14|0|14|0|14|40|49|6|10|131|63
1400000US25005642400|1582|388|1304|354|1190|344|114|111|106|114|8|16|0|14|0|14|0|14|75|74|75|74|0|14|0|14|0|14|0|14|0|14|0|14|0|14|0|14|21|32|182|216
1400000US25005642500|2736|340|2497|332|2321|333|176|124|79|70|97|98|0|14|0|14|0|14|17|27|17|27|0|14|0|14|0|14|0|14|0|14|0|14|0|14|92|86|0|14|130|76
1400000US25005644101|3014|348|2620|354|2533|363|87|76|87|76|0|19|0|19|0|19|0|19|14|23|0|19|14|23|0|19|0|19|0|19|1|5|0|19|0|19|0|19|29|35|350|114
1400000US25005644102|2476|283|2266|274|2198|262|68|42|40|33|0|19|20|25|0|19|8|12|1|2|1|2|0|19|0|19|0|19|0|19|0|19|0|19|0|19|0|19|13|23|196|78
1400000US25005644200|3797|426|3364|310|3154|307|210|138|208|138|0|19|2|4|0|19|0|19|0|19|0|19|0|19|0|19|0|19|0|19|0|19|0|19|0|19|22|30|12|19|399|212
1400000US25005645101|2862|508|2516|538|2029|360|487|437|108|128|379|429|0|19|0|19|0|19|0|19|0|19|0|19|0|19|0|19|0|19|0|19|0|19|0|19|0|19|45|62|301|132
1400000US25005645102|3047|359|2790|327|2375|355|415|174|225|132|79|70|83|100|28|43|0|19|0|19|0|19|0|19|0|19|0|19|0|19|1|3|0|19|0|19|60|75|0|19|196|113
1400000US25005645103|3053|355|2937|361|2790|358|147|128|145|128|0|19|0|19|2|5|0|19|2|6|2|6|0|19|0|19|0|19|0|19|0|19|0|19|0|19|15|24|31|53|68|54
1400000US25005646101|3891|449|3672|460|3279|433|393|165|290|146|28|23|42|49|0|19|33|55|0|19|0|19|0|19|0|19|0|19|0|19|0|19|0|19|0|19|1|3|43|50|175|89
1400000US25005646103|3118|461|2700|444|2606|433|94|93|39|49|0|19|55|83|0|19|0|19|0|19|0|19|0|19|0|19|0|19|0|19|0|19|0|19|0|19|15|22|0|19|403|187
1400000US25005646104|1532|233|1326|208|1254|207|72|85|51|82|10|17|11|18|0|14|0|14|0|14|0|14|0|14|0|14|0|14|0|14|0|14|11|17|0|14|7|10|9|14|179|79
1400000US25005650101|2940|722|2609|695|2317|666|292|208|291|208|0|19|1|3|0|19|0|19|10|20|10|20|0|19|0|19|0|19|0|19|0|19|0|19|0|19|18|27|0|19|303|222
1400000US25005650102|2480|500|2339|481|2205|463|134|67|48|35|36|40|16|26|9|15|25|32|13|22|0|19|0|19|13|22|0|19|0|19|0|19|0|19|0|19|28|31|0|19|100|84
1400000US25005650201|1802|353|1722|357|1495|321|227|148|227|148|0|14|0|14|0|14|0|14|0|14|0|14|0|14|0|14|0|14|0|14|0|14|6|11|0|14|24|28|11|21|39|38
1400000US25005650202|916|194|830|199|684|197|146|57|139|56|7|12|0|14|0|14|0|14|0|14|0|14|0|14|0|14|0|14|0|14|14|14|0|14|0|14|13|15|0|14|59|37
1400000US25005650300|1976|398|1712|347|1487|326|225|171|219|171|6|10|0|14|0|14|0|14|73|104|73|104|0|14|0|14|0|14|0|14|0|14|0|14|0|14|88|82|5|8|98|108
1400000US25005650400|1848|344|1592|304|1429|284|163|93|163|93|0|14|0|14|0|14|0|14|63|83|7|16|0|14|0|14|0|14|56|81|44|45|0|14|0|14|16|27|37|48|96|83
1400000US25005650500|1864|343|1745|347|1207|237|538|289|323|181|153|188|62|94|0|14|0|14|24|33|24|33|0|14|0|14|0|14|0|14|0|14|0|14|0|14|26|26|0|14|69|44
1400000US25005650600|1192|256|909|255|720|236|189|108|70|71|83|87|33|55|3|8|0|14|195|141|195|141|0|14|0|14|0|14|0|14|48|74|0|14|0|14|2|9|12|19|26|30
1400000US25005650700|1150|226|897|214|616|166|281|114|222|107|24|28|0|14|0|14|35|50|39|44|39|44|0|14|0|14|0|14|0|14|13|20|0|14|0|14|71|37|76|89|54|45
1400000US25005650800|1490|256|1398|246|935|203|463|188|268|173|166|147|0|14|29|41|0|14|14|24|0|14|0|14|14|24|0|14|0|14|0|14|0|14|0|14|20|27|58|59|0|14
1400000US25005650900|905|276|867|258|671|220|196|206|171|186|25|46|0|14|0|14|0|14|0|14|0|14|0|14|0|14|0|14|0|14|0|14|0|14|0|14|25|41|0|14|13|23
1400000US25005651001|1457|281|1338|265|1120|204|218|161|130|112|46|48|0|14|42|44|0|14|14|48|14|48|0|14|0|14|0|14|0|14|8|13|0|14|0|14|19|28|0|14|78|57
1400000US25005651002|2013|465|1801|456|1601|441|200|106|81|67|107|65|12|20|0|14|0|14|49|42|30|32|0|14|19|29|0|14|0|14|0|14|12|19|8|14|0|14|20|21|123|82
1400000US25005651100|1848|328|1558|292|1176|239|382|186|211|137|145|121|26|41|0|19|0|19|101|74|68|62|0|19|10|16|0|19|23|44|0|19|0|19|2|6|33|39|49|53|105|114
1400000US25005651200|986|197|826|191|588|191|238|92|105|61|133|81|0|14|0|14|0|14|23|19|23|19|0|14|0|14|0|14|0|14|0|14|0|14|0|14|60|47|40|57|37|31
1400000US25005651300|870|215|752|204|631|164|121|104|68|78|14|23|39|50|0|14|0|14|5|10|5|10|0|14|0|14|0|14|0|14|17|32|0|14|0|14|46|47|30|45|20|21
1400000US25005651400|1400|333|1200|295|905|282|295|150|203|109|81|58|0|14|11|22|0|14|60|69|60|69|0|14|0|14|0|14|0|14|0|14|0|14|0|14|11|16|33|38|96|84
1400000US25005651500|1385|261|1105|220|982|199|123|67|112|66|11|16|0|14|0|14|0|14|61|57|61|57|0|14|0|14|0|14|0|14|0|14|0|14|0|14|24|33|0|14|195|163
1400000US25005651600|1820|315|1613|280|1499|281|114|76|60|46|11|19|0|14|30|49|13|22|106|115|96|111|0|14|0|14|0|14|10|19|10|17|0|14|27|46|0|14|32|54|32|28
1400000US25005651700|746|194|535|183|460|143|75|87|35|49|6|12|5|17|0|14|29|40|22|33|0|14|0|14|22|33|0|14|0|14|53|78|0|14|0|14|74|71|0|14|62|62
1400000US25005651800|705|207|597|205|491|153|106|126|106|126|0|14|0|14|0|14|0|14|0|14|0|14|0|14|0|14|0|14|0|14|9|15|11|22|0|14|54|50|0|14|34|37
1400000US25005651900|867|220|651|184|455|142|196|98|139|92|57|56|0|14|0|14|0|14|89|67|89|67|0|14|0|14|0|14|0|14|0|14|24|34|0|14|69|86|0|14|34|34
1400000US25005652000|1464|261|1218|254|954|218|264|118|264|118|0|14|0|14|0|14|0|14|35|42|35|42|0|14|0|14|0|14|0|14|57|59|0|14|0|14|44|45|35|48|75|79
1400000US25005652100|1600|183|1429|191|1211|155|218|124|87|71|84|89|8|15|0|14|39|56|0|14|0|14|0|14|0|14|0|14|0|14|0|14|0|14|19|28|87|73|0|14|65|46
1400000US25005652200|1418|268|1125|209|1016|211|109|61|109|61|0|14|0|14|0|14|0|14|17|25|8|14|9|19|0|14|0|14|0|14|0|14|0|14|0|14|120|107|8|13|148|103
1400000US25005652300|946|199|903|194|764|169|139|89|128|88|0|14|0|14|11|21|0|14|13|21|0|14|13|21|0|14|0|14|0|14|0|14|0|14|0|14|20|23|10|17|0|14
1400000US25005652400|1103|229|1056|229|890|228|166|102|110|97|18|29|38|41|0|14|0|14|0|14|0|14|0|14|0|14|0|14|0|14|0|14|0|14|0|14|12|19|0|14|35|36
1400000US25005652500|1482|286|1334|257|946|212|388|140|263|120|55|51|44|52|26|42|0|14|23|36|23|36|0|14|0|14|0|14|0|14|13|20|0|14|0|14|16|19|57|91|39|30
1400000US25005652600|1031|322|970|335|584|232|386|183|229|140|91|112|20|28|8|14|38|58|19|28|19|28|0|14|0|14|0|14|0|14|0|14|0|14|0|14|42|66|0|14|0|14
1400000US25005652700|1295|348|1142|321|1064|309|78|66|25|44|10|16|43|46|0|14|0|14|71|70|58|52|0|14|0|14|0|14|13|21|0|14|0|14|0|14|31|37|22|25|29|25
1400000US25005652800|1552|289|1501|290|1342|275|159|117|106|84|0|14|0|14|0|14|53|85|0|14|0|14|0|14|0|14|0|14|0|14|0|14|0|14|0|14|0|14|8|15|43|34
1400000US25005653101|3052|467|2769|448|2707|440|62|59|62|59|0|19|0|19|0|19|0|19|22|33|0|19|0|19|22|33|0|19|0|19|0|19|0|19|0|19|36|42|0|19|225|96
1400000US25005653102|2322|293|2168|244|2109|238|59|62|59|62|0|14|0|14|0|14|0|14|0|14|0|14|0|14|0|14|0|14|0|14|0|14|0|14|0|14|0|14|0|14|154|121
1400000US25005653203|2353|284|2098|292|1932|294|166|93|140|85|26|32|0|14|0|14|0|14|4|11|1|3|0|14|3|11|0|14|0|14|0|14|0|14|0|14|18|29|82|92|151|135
1400000US25005653204|1744|369|1627|364|1412|349|215|126|128|104|55|55|32|50|0|14|0|14|17|19|0|14|0|14|17|19|0|14|0|14|0|14|0|14|0|14|10|15|0|14|90|62
1400000US25005653301|2684|417|2209|341|2031|305|178|165|156|161|0|19|22|37|0|19|0|19|0|19|0|19|0|19|0|19|0|19|0|19|1|3|41|59|0|19|0|19|19|32|414|212
1400000US25005653304|1421|209|1063|180|1023|178|40|36|5|9|12|18|0|14|0|14|23|33|17|19|0|14|17|19|0|14|0|14|0|14|0|14|0|14|0|14|11|18|0|14|330|147
1400000US25005654100|3891|275|3475|269|3158|269|317|161|266|154|51|66|0|19|0|19|0|19|33|39|0|19|0|19|33|39|0|19|0|19|0|19|0|19|0|19|0|19|0|19|383|188
1400000US25005654200|1568|205|1436|193|1252|199|184|109|148|96|36|52|0|14|0|14|0|14|10|17|0|14|0|14|10|17|0|14|0|14|0|14|0|14|0|14|24|24|33|37|65|41
1400000US25005655100|1874|219|1773|217|1654|223|119|77|110|75|0|14|0|14|0|14|9|15|17|20|17|20|0|14|0|14|0|14|0|14|0|14|0|14|0|14|0|14|0|14|84|53
1400000US25005655200|2293|482|2185|484|1987|477|198|141|67|59|100|116|0|14|31|47|0|14|11|19|0|14|0|14|11|19|0|14|0|14|0|14|0|14|28|42|0|14|0|14|69|58
1400000US25005655300|1669|243|1415|207|1206|188|209|116|155|104|9|13|30|31|15|22|0|14|15|24|15|24|0|14|0|14|0|14|0|14|0|14|0|14|0|14|17|23|0|14|222|99
1400000US25005655400|1891|293|1481|193|1396|189|85|55|85|55|0|14|0|14|0|14|0|14|12|20|0|14|0|14|0|14|0|14|12|20|0|14|0|14|0|14|52|52|0|14|346|202
1400000US25005985500|1739|296|997|187|871|160|126|81|103|74|14|17|9|17|0|14|0|14|13|12|6|7|0|14|7|10|0|14|0|14|0|14|3|7|0|14|500|221|4|9|222|89
1400000US25005985600|2317|291|1560|314|1365|291|195|115|45|32|104|108|0|19|25|37|21|29|70|37|0|19|8|12|62|35|0|19|0|19|10|17|0|19|0|19|165|83|38|43|474|132
1400000US25005990000|0|14|0|14|0|14|0|14|0|14|0|14|0|14|0|14|0|14|0|14|0|14|0|14|0|14|0|14|0|14|0|14|0|14|0|14|0|14|0|14|0|14
1400000US25007200100|2929|320|1947|319|1731|325|216|133|173|126|43|67|0|14|0|14|0|14|113|117|0|14|0|14|0|14|0|14|113|117|0|14|0|14|57|73|272|177|0|14|540|315
1400000US25007200200|2502|504|2129|538|2000|578|129|162|0|19|33|36|0|19|0|19|96|157|0|19|0|19|0|19|0|19|0|19|0|19|0|19|0|19|0|19|155|110|0|19|218|177
1400000US25007200300|2629|424|1917|422|1506|405|411|246|315|219|96|135|0|19|0|19|0|19|0|19|0|19|0|19|0|19|0|19|0|19|62|97|0|19|11|19|197|195|0|19|442|238
1400000US25007200400|2436|346|1588|311|1540|310|48|37|18|17|30|32|0|19|0|19|0|19|50|55|11|19|30|50|9|11|0|19|0|19|8|9|0|19|0|19|57|37|6|8|727|298
1400000US25007990000|0|14|0|14|0|14|0|14|0|14|0|14|0|14|0|14|0|14|0|14|0|14|0|14|0|14|0|14|0|14|0|14|0|14|0|14|0|14|0|14|0|14
1400000US25009201100|1845|188|1362|174|1278|171|84|53|75|52|9|13|0|14|0|14|0|14|63|56|0|14|63|56|0|14|0|14|0|14|0|14|0|14|0|14|96|51|50|41|274|97
1400000US25009202101|1235|166|781|144|712|143|69|43|57|41|0|14|12|12|0|14|0|14|131|50|0|14|50|30|68|35|0|14|13|13|0|14|0|14|12|13|47|43|47|54|217|109
1400000US25009202103|713|163|559|162|495|153|64|62|64|62|0|14|0|14|0|14|0|14|31|28|0|14|12|17|19|22|0|14|0|14|0|14|0|14|0|14|22|27|0|14|101|67
1400000US25009202104|2716|344|1854|344|1703|331|151|109|96|73|55|83|0|19|0|19|0|19|278|142|0|19|91|106|187|104|0|19|0|19|22|36|0|19|0|19|7|12|24|38|531|172
1400000US25009202200|3398|578|1807|368|1663|353|144|109|118|98|26|45|0|19|0|19|0|19|558|381|235|225|82|59|241|182|0|19|0|19|0|19|0|19|0|19|33|41|0|19|1000|239
1400000US25009203100|3865|384|2271|428|2087|429|184|172|172|169|12|21|0|19|0|19|0|19|209|111|0|19|159|94|50|59|0|19|0|19|0|19|0|19|15|24|109|76|0|19|1261|286
1400000US25009203200|2280|332|1519|278|1350|220|169|98|112|59|0|14|46|68|0|14|11|17|69|46|0|14|56|37|13|21|0|14|0|14|0|14|0|14|11|18|74|55|18|20|589|184
1400000US25009203301|2038|244|1140|200|1078|200|62|43|34|32|28|25|0|14|0|14|0|14|91|50|25|28|48|39|18|21|0|14|0|14|10|16|0|14|45|43|196|146|11|17|545|168
1400000US25009203302|2027|384|981|211|968|210|13|21|13|21|0|14|0|14|0|14|0|14|207|184|0|14|71|61|136|166|0|14|0|14|0|14|0|14|0|14|144|122|33|40|662|296
1400000US25009204101|2681|412|1857|351|1689|321|168|109|154|109|14|23|0|14|0|14|0|14|127|61|49|39|0|14|78|46|0|14|0|14|18|23|19|29|38|38|125|55|23|26|474|190
1400000US25009204102|2568|399|1735|317|1692|317|43|39|21|17|1|3|0|14|21|34|0|14|92|66|19|21|60|60|13|15|0|14|0|14|80|70|11|17|40|45|86|51|108|109|416|222
1400000US25009204200|3253|580|1801|419|1626|393|175|148|106|92|18|30|0|14|51|71|0|14|84|58|0|14|0|14|84|58|0|14|0|14|0|14|0|14|62|63|479|193|204|233|623|244
1400000US25009204300|2031|302|1073|298|1036|288|37|52|30|50|0|14|0|14|7|13|0|14|83|54|25|38|0|14|58|45|0|14|0|14|128|95|0|14|36|45|162|90|0|14|549|176
1400000US25009204400|1921|293|909|187|788|187|121|70|86|55|9|16|26|40|0|14|0|14|159|79|0|14|48|51|111|63|0|14|0|14|8|14|0|14|0|14|203|91|0|14|642|241
1400000US25009204500|2137|424|1071|279|976|267|95|59|46|31|18|23|0|14|31|54|0|14|196|96|17|20|64|55|115|77|0|14|0|14|19|30|0|14|16|27|231|174|102|88|502|162
1400000US25009204600|3231|583|2004|455|1873|502|131|115|103|114|28|48|0|19|0|19|0|19|390|197|0|19|97|108|282|167|11|18|0|19|46|63|0|19|0|19|36|56|0|19|755|233
1400000US25009204701|3576|733|2818|667|2416|657|402|234|163|133|152|158|60|101|27|45|0|19|266|165|52|65|18|28|196|144|0|19|0|19|0|19|0|19|0|19|117|139|21|35|354|238
1400000US25009204702|3854|558|2723|389|2470|365|253|109|253|109|0|19|0|19|0|19|0|19|184|106|31|42|20|33|114|81|19|32|0|19|13|22|0|19|14|24|139|118|182|145|599|238
1400000US25009205100|2803|368|2424|321|2149|295|275|195|187|131|21|48|67|145|0|19|0|19|59|48|0|19|45|41|14|27|0|19|0|19|0|19|0|19|0|19|32|38|60|91|228|164
1400000US25009205200|3121|616|2231|559|1991|560|240|188|219|177|0|19|0|19|21|35|0|19|288|283|62|83|205|315|0|19|21|33|0|19|114|99|0|19|0|19|0|19|218|179|270|161
1400000US25009205300|2424|368|1913|326|1781|318|132|105|99|75|33|51|0|14|0|14|0|14|54|43|26|26|28|36|0|14|0|14|0|14|10|16|0|14|0|14|37|49|18|27|392|188
1400000US25009205400|2807|389|2399|385|2060|369|339|198|213|111|109|113|0|19|0|19|17|16|32|28|9|14|23|23|0|19|0|19|0|19|0|19|0|19|19|28|6|11|101|95|250|93
1400000US25009205500|2611|535|2138|454|1953|438|185|120|149|111|12|18|0|14|24|35|0|14|224|118|26|30|198|112|0|14|0|14|0|14|0|14|0|14|0|14|20|38|88|76|141|105
1400000US25009205600|2264|250|1742|269|1623|269|119|88|97|85|9|13|0|14|13|20|0|14|266|175|109|133|157|121|0|14|0|14|0|14|0|14|0|14|0|14|17|25|96|109|143|82
1400000US25009205700|3261|633|2844|651|2699|636|145|127|145|127|0|19|0|19|0|19|0|19|110|78|52|52|42|37|16|26|0|19|0|19|0|19|0|19|0|19|24|33|0|19|283|145
1400000US25009205800|1538|238|1183|215|920|197|263|144|231|139|30|49|2|5|0|14|0|14|189|93|110|78|79|54|0|14|0|14|0|14|0|14|0|14|0|14|71|58|27|44|68|63
1400000US25009205900|2258|471|1759|379|1642|395|117|93|105|88|12|21|0|14|0|14|0|14|139|108|71|86|68|57|0|14|0|14|0|14|37|49|0|14|0|14|0|14|172|139|151|126
1400000US25009206000|1877|460|1327|414|1034|374|293|156|239|133|54|69|0|14|0|14|0|14|96|99|96|99|0|14|0|14|0|14|0|14|0|14|0|14|0|14|126|90|197|142|131|82
1400000US25009206100|1876|393|1527|345|1196|312|331|156|190|130|115|83|0|14|26|39|0|14|80|71|57|65|12|19|11|18|0|14|0|14|0|14|0|14|0|14|97|71|0|14|172|93
1400000US25009206200|2960|563|2403|533|1880|377|523|267|314|191|149|147|0|19|60|96|0|19|169|125|146|116|8|15|15|24|0|19|0|19|13|22|13|19|0|19|112|124|87|88|163|125
1400000US25009206300|2463|716|2203|675|1953|664|250|129|70|55|91|70|18|28|71|100|0|14|24|29|0|14|24|29|0|14|0|14|0|14|40|47|0|14|0|14|79|73|27|37|90|86
1400000US25009206400|3837|548|2837|482|2065|395|772|259|539|244|83|95|138|97|12|28|0|19|665|272|485|220|180|97|0|19|0|19|0|19|73|68|0|19|0|19|57|54|26|24|179|116
1400000US25009206500|1451|412|1068|413|942|387|126|83|106|68|0|14|11|18|9|15|0|14|159|116|118|111|41|22|0|14|0|14|0|14|57|61|0|14|0|14|87|63|55|51|25|33
1400000US25009206600|2777|448|2285|379|2054|387|231|126|191|110|40|60|0|19|0|19|0|19|128|88|9|18|31|34|88|75|0|19|0|19|0|19|0|19|0|19|13|20|102|64|249|123
1400000US25009206700|2180|348|1449|357|1340|377|109|112|109|112|0|14|0|14|0|14|0|14|243|121|173|128|64|52|6|9|0|14|0|14|0|14|45|51|0|14|132|119|101|105|210|113
1400000US25009206800|1407|362|653|203|514|196|139|94|49|61|10|17|58|72|22|42|0|14|143|103|76|77|29|36|38|35|0|14|0|14|0|14|0|14|0|14|136|83|174|241|301|190
1400000US25009206900|2027|544|1471|481|1270|460|201|163|193|156|0|19|0|19|8|29|0|19|111|79|92|77|19|30|0|19|0|19|0|19|50|76|0|19|0|19|73|65|159|131|163|148
1400000US25009207000|735|213|589|188|464|167|125|100|81|76|36|43|0|14|8|14|0|14|4|8|4|8|0|14|0|14|0|14|0|14|9|17|0|14|0|14|31|47|0|14|102|108
1400000US25009207100|1769|390|1428|368|1134|317|294|189|135|121|159|146|0|14|0|14|0|14|192|135|146|122|15|19|0|14|31|47|0|14|0|14|0|14|0|14|43|52|61|53|45|53
1400000US25009207200|1191|323|881|260|773|256|108|99|47|49|61|73|0|14|0|14|0|14|272|201|272|201|0|14|0|14|0|14|0|14|0|14|0|14|0|14|0|14|0|14|38|61
1400000US25009208101|3178|428|2489|387|2208|353|281|134|218|124|40|58|0|19|23|39|0|19|221|183|157|166|27|32|0|19|37|58|0|19|0|19|0|19|7|25|119|98|32|47|310|120
1400000US25009208102|1764|305|1381|228|1127|211|254|145|152|109|86|79|0|14|16|26|0|14|64|57|56|53|8|15|0|14|0|14|0|14|0|14|0|14|0|14|51|52|24|25|244|144
1400000US25009208200|2914|517|2226|508|2121|504|105|75|105|75|0|19|0|19|0|19|0|19|41|34|0|19|41|34|0|19|0|19|0|19|73|93|0|19|0|19|152|131|88|98|334|149
1400000US25009208301|1148|289|854|278|845|279|9|14|9|14|0|14|0|14|0|14|0|14|107|98|0|14|107|98|0|14|0|14|0|14|0|14|0|14|0|14|75|115|23|36|89|60
1400000US25009208302|2798|456|2360|386|2279|377|81|111|81|111|0|19|0|19|0|19|0|19|19|30|0|19|19|30|0|19|0|19|0|19|0|19|0|19|0|19|0|19|127|130|292|176
1400000US25009208401|1641|343|1355|239|1276|233|79|116|79|116|0|14|0|14|0|14|0|14|47|54|0|14|47|54|0|14|0|14|0|14|0|14|0|14|0|14|0|14|0|14|239|174
1400000US25009208402|1604|376|1331|326|1099|327|232|100|147|75|19|33|66|122|0|14|0|14|22|28|0|14|15|25|7|11|0|14|0|14|0|14|0|14|0|14|0|14|0|14|251|181
1400000US25009209100|3225|337|2599|356|2474|397|125|146|125|146|0|19|0|19|0|19|0|19|43|50|0|19|43|50|0|19|0|19|0|19|0|19|0|19|0|19|0|19|0|19|583|208
1400000US25009209200|3010|345|1962|326|1792|316|170|101|147|99|0|19|9|15|14|22|0|19|48|40|10|16|27|30|11|17|0|19|0|19|0|19|0|19|0|19|11|17|22|26|967|275
1400000US25009210100|3867|514|3425|428|3285|423|140|82|140|82|0|19|0|19|0|19|0|19|0|19|0|19|0|19|0|19|0|19|0|19|0|19|0|19|0|19|0|19|80|68|362|202
1400000US25009210200|2729|453|2269|460|2209|454|60|49|60|49|0|19|0|19|0|19|0|19|43|37|23|27|20|26|0|19|0|19|0|19|0|19|0|19|0|19|12|19|0|19|405|157
1400000US25009210301|1560|316|1366|317|1095|373|271|209|271|209|0|14|0|14|0|14|0|14|0|14|0|14|0|14|0|14|0|14|0|14|0|14|0|14|0|14|2|4|0|14|192|124
1400000US25009210302|2487|499|2194|512|1986|550|208|137|208|137|0|19|0|19|0|19|0|19|59|66|0|19|47|63|12|22|0|19|0|19|0|19|0|19|0|19|0|19|0|19|234|132
1400000US25009210401|1879|342|1602|297|1538|302|64|55|24|44|0|14|0|14|25|42|15|25|37|46|0|14|0|14|37|46|0|14|0|14|9|14|0|14|0|14|0|14|9|17|222|165
1400000US25009210402|2108|481|1744|436|1715|435|29|29|29|29|0|14|0|14|0|14|0|14|0|14|0|14|0|14|0|14|0|14|0|14|0|14|0|14|19|24|40|45|91|93|214|86
1400000US25009210500|3940|580|3614|602|3513|605|101|121|101|121|0|19|0|19|0|19|0|19|77|63|14|24|48|53|15|25|0|19|0|19|0|19|0|19|0|19|17|26|0|19|232|111
1400000US25009210600|2135|378|1869|387|1766|384|103|77|103|77|0|14|0|14|0|14|0|14|47|38|15|23|5|13|27|31|0|14|0|14|0|14|0|14|0|14|15|25|40|46|164|84
1400000US25009210700|2184|347|1797|320|1445|357|352|220|279|228|37|58|36|38|0|14|0|14|77|68|77|68|0|14|0|14|0|14|0|14|8|13|0|14|19|23|148|56|56|44|79|51
1400000US25009210800|2432|524|1970|510|1612|328|358|325|313|302|45|67|0|14|0|14|0|14|229|152|91|95|0|14|138|112|0|14|0|14|16|24|0|14|0|14|10|17|65|62|142|121
1400000US25009210900|1785|270|1521|289|1406|277|115|71|107|72|8|13|0|14|0|14|0|14|118|89|104|90|0|14|14|17|0|14|0|14|0|14|0|14|0|14|13|21|0|14|133|124
1400000US25009211100|1943|321|1665|277|1602|266|63|47|63|47|0|14|0|14|0|14|0|14|27|27|0|14|0|14|27|27|0|14|0|14|0|14|0|14|0|14|57|46|0|14|194|101
1400000US25009211201|1736|445|1181|347|1167|349|14|20|9|16|0|14|5|11|0|14|0|14|16|20|0|14|0|14|16|20|0|14|0|14|0|14|0|14|0|14|54|57|31|42|454|172
1400000US25009211202|2174|280|1805|296|1630|297|175|110|155|108|20|22|0|14|0|14|0|14|48|43|16|25|0|14|32|36|0|14|0|14|0|14|0|14|0|14|90|76|14|21|217|108
1400000US25009211300|3756|538|2980|514|2864|506|116|117|116|117|0|19|0|19|0|19|0|19|107|82|0|19|62|72|45|43|0|19|0|19|0|19|0|19|0|19|45|44|0|19|624|222
1400000US25009211401|2201|367|1675|267|1558|265|117|72|92|65|25|29|0|14|0|14|0|14|48|54|0|14|41|53|7|13|0|14|0|14|0|14|0|14|0|14|28|33|0|14|450|297
1400000US25009211402|3474|513|2552|436|2390|444|162|89|162|89|0|19|0|19|0|19|0|19|150|131|0|19|140|129|10|17|0|19|0|19|0|19|0|19|0|19|34|38|0|19|738|408
1400000US25009212101|2171|333|1839|301|1684|283|155|99|129|91|0|14|0|14|26|41|0|14|0|14|0|14|0|14|0|14|0|14|0|14|0|14|7|11|0|14|0|14|0|14|325|153
1400000US25009212102|2832|384|2487|406|2368|414|119|79|73|58|20|32|0|14|19|37|7|13|0|14|0|14|0|14|0|14|0|14|0|14|0|14|0|14|0|14|12|20|46|40|287|132
1400000US25009213100|3973|376|2861|462|2713|465|148|99|148|99|0|19|0|19|0|19|0|19|56|70|0|19|0|19|56|70|0|19|0|19|0|19|0|19|0|19|119|162|181|139|756|244
1400000US25009214100|3259|256|2167|338|2014|345|153|100|106|98|47|39|0|19|0|19|0|19|146|103|39|42|20|32|60|77|27|40|0|19|0|19|0|19|0|19|66|64|22|35|858|285
1400000US25009215101|2206|242|1376|223|1310|213|66|64|18|18|48|57|0|14|0|14|0|14|83|48|0|14|7|12|76|49|0|14|0|14|0|14|0|14|5|7|67|62|29|24|646|193
1400000US25009215102|1603|190|1186|210|1071|209|115|72|108|70|7|12|0|14|0|14|0|14|89|54|8|13|0|14|81|57|0|14|0|14|0|14|0|14|16|17|26|24|0|14|286|94
1400000US25009216100|2572|183|1426|157|1367|162|59|39|49|37|10|16|0|14|0|14|0|14|169|81|23|32|72|56|57|51|17|25|0|14|5|10|0|14|0|14|310|86|0|14|662|142
1400000US25009217101|2274|300|1517|197|1449|194|68|58|68|58|0|14|0|14|0|14|0|14|214|147|19|30|0|14|195|133|0|14|0|14|0|14|0|14|0|14|49|40|209|209|285|101
1400000US25009217102|1751|347|1129|231|956|192|173|133|173|133|0|14|0|14|0|14|0|14|86|115|0|14|0|14|86|115|0|14|0|14|30|55|0|14|0|14|148|187|41|51|317|298
1400000US25009217201|2408|276|1971|246|1842|244|129|115|113|114|0|14|0|14|0|14|16|25|125|82|35|47|0|14|90|71|0|14|0|14|0|14|0|14|0|14|36|38|11|17|265|122
1400000US25009217202|1812|181|1368|179|1290|181|78|54|51|49|0|14|0|14|0|14|27|26|76|41|7|12|0|14|69|39|0|14|0|14|0|14|0|14|0|14|8|13|42|47|318|85
1400000US25009217300|2469|373|1685|308|1526|295|159|111|159|111|0|14|0|14|0|14|0|14|367|172|8|15|0|14|359|168|0|14|0|14|0|14|0|14|0|14|60|73|47|39|310|205
1400000US25009217401|1346|296|748|174|709|170|39|32|39|32|0|14|0|14|0|14|0|14|55|52|0|14|0|14|55|52|0|14|0|14|43|65|0|14|16|20|75|61|0|14|409|252
1400000US25009217402|2332|478|1475|430|1458|431|17|24|4|10|13|21|0|14|0|14|0|14|234|111|29|3|17|27|188|108|0|14|0|14|42|60|0|14|11|18|92|85|20|24|458|201
1400000US25009217500|3724|491|2440|424|2330|409|110|93|93|88|0|19|0|19|17|28|0|19|117|72|0|19|0|19|117|72|0|19|0|19|0|19|0|19|0|19|316|195|0|19|851|239
1400000US25009217601|1922|260|1140|207|1038|206|102|70|63|53|0|14|19|31|13|20|7|16|209|125|1|3|0|14|208|125|0|14|0|14|0|14|0|14|0|14|0|14|15|26|558|182
1400000US25009217602|2767|831|1658|735|1581|729|77|48|57|40|0|19|0|19|0|19|20|25|140|88|43|58|42|45|55|44|0|19|0|19|0|19|0|19|0|19|369|100|31|43|569|304
1400000US25009218100|2485|281|1388|262|1269|252|119|83|92|77|27|32|0|19|0|19|0|19|230|127|0|19|68|68|162|112|0|19|0|19|0|19|0|19|0|19|109|67|0|19|758|213
1400000US25009220101|1832|278|1172|249|1115|253|57|47|57|47|0|14|0|14|0|14|0|14|49|43|13|19|0|14|36|38|0|14|0|14|0|14|0|14|0|14|98|64|9|14|504|196
1400000US25009220102|1426|236|1195|229|1167|223|28|26|20|22|8|12|0|14|0|14|0|14|19|22|0|14|9|16|10|16|0|14|0|14|9|15|0|14|0|14|11|18|24|26|168|81
1400000US25009221100|1754|252|1443|237|1278|231|165|87|157|86|8|13|0|14|0|14|0|14|82|53|8|11|9|13|65|44|0|14|0|14|5|11|0|14|0|14|7|11|0|14|217|87
1400000US25009221300|2464|422|1969|433|1708|457|261|226|103|67|14|22|10|16|134|218|0|14|30|34|0|14|0|14|30|34|0|14|0|14|0|14|0|14|0|14|17|26|63|95|385|160
1400000US25009221400|2171|316|1786|294|1626|249|160|118|160|118|0|14|0|14|0|14|0|14|67|72|8|12|0|14|59|71|0|14|0|14|0|14|0|14|0|14|162|63|27|44|129|95
1400000US25009221500|1429|314|1097|281|1024|254|73|54|56|51|0|14|17|19|0|14|0|14|9|14|0|14|0|14|9|14|0|14|0|14|0|14|0|14|0|14|183|102|0|14|140|78
1400000US25009221600|1463|335|1165|273|984|257|181|101|175|101|0|14|6|9|0|14|0|14|73|68|19|23|0|14|54|64|0|14|0|14|8|15|0|14|0|14|161|99|0|14|56|33
1400000US25009221700|1176|267|843|253|826|254|17|19|17|19|0|14|0|14|0|14|0|14|53|50|8|12|0|14|45|48|0|14|0|14|0|14|0|14|0|14|83|57|32|51|165|90
1400000US25009221800|819|148|699|120|686|123|13|15|6|9|7|11|0|14|0|14|0|14|7|10|0|14|0|14|7|10|0|14|0|14|0|14|0|14|0|14|14|15|10|17|89|51
1400000US25009221901|1776|283|1358|296|1301|295|57|74|57|74|0|14|0|14|0|14|0|14|25|27|0|14|0|14|25|27|0|14|0|14|0|14|0|14|0|14|27|26|23|21|343|118
1400000US25009221902|1951|221|1739|200|1679|222|60|50|40|39|0|14|20|30|0|14|0|14|27|32|27|32|0|14|0|14|0|14|0|14|0|14|0|14|0|14|63|55|43|42|79|62
1400000US25009222100|2130|210|1507|210|1357|216|150|137|56|74|94|118|0|14|0|14|0|14|9|14|0|14|0|14|9|14|0|14|0|14|0|14|0|14|0|14|116|90|22|21|476|142
1400000US25009223100|1935|261|1432|249|1347|228|85|87|22|18|53|84|0|14|0|14|10|15|42|31|0|14|0|14|42|31|0|14|0|14|0|14|0|14|0|14|129|69|0|14|332|96
1400000US25009223200|2273|307|1709|268|1643|278|66|52|66|52|0|14|0|14|0|14|0|14|51|43|0|14|0|14|51|43|0|14|0|14|0|14|0|14|0|14|136|115|9|14|368|130
1400000US25009223300|3285|397|2587|314|2587|314|0|19|0|19|0|19|0|19|0|19|0|19|142|123|0|19|97|111|45|54|0|19|0|19|0|19|0|19|24|37|27|41|0|19|505|197
1400000US25009250100|1573|334|1190|304|1132|299|58|72|39|46|0|14|0|14|19|31|0|14|48|77|48|77|0|14|0|14|0|14|0|14|95|79|0|14|0|14|61|52|40|63|139|89
1400000US25009250200|3152|602|2761|556|2513|430|248|224|207|227|0|19|17|26|24|46|0|19|33|40|33|40|0|19|0|19|0|19|0|19|74|74|0|19|0|19|13|21|28|45|243|184
1400000US25009250300|1292|396|970|282|833|273|137|90|92|69|36|39|9|12|0|14|0|14|78|117|78|117|0|14|0|14|0|14|0|14|23|35|0|14|0|14|76|48|41|39|104|91
1400000US25009250400|1630|350|1496|362|1237|278|259|268|86|102|68|93|10|18|0|14|95|81|47|46|47|46|0|14|0|14|0|14|0|14|14|20|0|14|0|14|52|66|21|37|0|14
1400000US25009250500|2276|339|1651|347|1223|285|428|227|74|62|239|186|0|14|0|14|115|137|90|69|90|69|0|14|0|14|0|14|0|14|229|131|0|14|43|69|58|50|157|130|48|57
1400000US25009250600|2812|428|2383|418|1860|432|523|226|261|136|213|181|49|54|0|19|0|19|48|57|22|36|26|43|0|19|0|19|0|19|26|43|0|19|19|27|116|88|96|72|124|89
1400000US25009250700|2384|385|2089|407|1848|383|241|101|127|81|36|56|13|20|41|45|24|35|71|97|0|19|71|97|0|19|0|19|0|19|53|57|0|19|0|19|40|45|27|42|104|97
1400000US25009250800|3886|614|3063|685|2649|680|414|235|210|199|156|138|31|38|0|19|17|28|196|141|173|138|0|19|23|36|0|19|0|19|133|196|0|19|0|19|96|106|102|137|296|169
1400000US25009250900|725|199|583|191|526|171|57|60|57|60|0|14|0|14|0|14|0|14|8|13|8|13|0|14|0|14|0|14|0|14|0|14|0|14|0|14|0|14|68|55|66|61
1400000US25009251000|657|164|571|162|464|135|107|93|63|49|0|14|33|48|11|14|0|14|0|14|0|14|0|14|0|14|0|14|0|14|28|30|0|14|5|8|27|30|26|28|0|14
1400000US25009251100|934|304|611|250|438|200|173|115|43|42|0|14|30|32|40|53|60|72|11|18|11|18|0|14|0|14|0|14|0|14|175|137|0|14|0|14|34|33|67|73|36|45
1400000US25009251200|650|255|428|154|335|152|93|50|58|59|0|14|32|31|0|14|3|22|142|185|142|185|0|14|0|14|0|14|0|14|48|69|0|14|0|14|16|25|14|24|2|3
1400000US25009251300|1362|361|1068|389|889|365|179|120|155|118|24|26|0|14|0|14|0|14|92|68|92|68|0|14|0|14|0|14|0|14|47|45|0|14|0|14|105|120|20|28|30|35
1400000US25009251400|2218|370|1823|341|1403|301|420|175|175|100|135|97|29|46|81|124|0|19|78|60|44|47|16|27|18|29|0|19|0|19|82|73|0|19|0|19|56|63|146|118|33|40
1400000US25009251500|4034|628|3091|539|2649|481|442|225|386|228|0|19|0|19|56|77|0|19|235|164|114|129|69|90|52|57|0|19|0|19|144|115|0|19|93|95|288|232|128|107|55|62
1400000US25009251600|3783|529|2924|462|2149|477|775|367|701|337|38|60|18|31|18|31|0|19|195|209|0|19|68|86|127|189|0|19|0|19|107|97|0|19|16|25|123|97|29|48|389|201
1400000US25009251700|3082|438|2306|467|1751|360|555|316|467|297|26|30|62|79|0|19|0|19|65|49|40|39|0|19|25|30|0|19|0|19|50|57|0|19|0|19|60|85|166|165|435|220
1400000US25009251800|4779|683|4288|690|3805|597|483|313|274|243|189|184|0|19|20|33|0|19|42|51|20|35|22|36|0|19|0|19|0|19|16|34|0|19|0|19|26|43|143|127|264|171
1400000US25009252101|2043|397|1541|326|1282|359|259|176|161|102|73|81|0|14|25|38|0|14|63|68|28|40|0|14|35|58|0|14|0|14|11|18|0|14|0|14|0|14|162|233|266|184
1400000US25009252102|2488|452|1816|340|1712|317|104|105|93|105|11|16|0|14|0|14|0|14|32|27|16|19|0|14|16|19|0|14|0|14|0|14|0|14|0|14|14|21|53|55|573|241
1400000US25009252201|1799|344|1667|335|1541|347|126|54|52|42|0|14|74|30|0|14|0|14|49|72|9|14|0|14|40|70|0|14|0|14|0|14|0|14|0|14|9|13|0|14|74|61
1400000US25009252202|1850|321|1515|280|1371|271|144|95|122|85|22|35|0|14|0|14|0|14|28|47|0|14|0|14|28|47|0|14|0|14|0|14|0|14|0|14|6|10|0|14|301|180
1400000US25009252300|3533|694|3258|692|2866|654|392|226|342|220|0|19|50|67|0|19|0|19|44|73|44|73|0|19|0|19|0|19|0|19|0|19|0|19|0|19|22|27|36|40|173|100
1400000US25009252400|2378|419|2071|364|1803|331|268|158|241|145|6|13|0|14|21|37|0|14|27|44|27|44|0|14|0|14|0|14|0|14|129|95|0|14|0|14|110|82|0|14|41|50
1400000US25009252501|2448|515|2018|486|1743|438|275|204|250|199|9|15|7|13|9|15|0|19|34|52|0|19|0|19|34|52|0|19|0|19|0|19|0|19|0|19|17|20|125|111|254|170
1400000US25009252502|2486|260|2197|244|1951|220|246|106|205|101|41|31|0|14|0|14|0|14|0|14|0|14|0|14|0|14|0|14|0|14|12|21|0|14|0|14|25|40|36|52|216|122
1400000US25009252601|3459|393|3026|414|2713|417|313|143|243|134|70|79|0|19|0|19|0|19|0|19|0|19|0|19|0|19|0|19|0|19|0|19|0|19|0|19|81|77|0|19|352|155
1400000US25009252602|3127|470|2568|365|2392|352|176|102|176|102|0|14|0|14|0|14|0|14|0|14|0|14|0|14|0|14|0|14|0|14|0|14|0|14|0|14|43|44|25|34|491|226
1400000US25009252603|1745|365|1491|346|1396|339|95|57|37|27|15|18|43|51|0|14|0|14|12|20|12|20|0|14|0|14|0|14|0|14|0|14|0|14|0|14|36|63|0|14|206|91
1400000US25009253100|3490|546|2703|445|2616|435|87|84|87|84|0|19|0|19|0|19|0|19|96|72|59|75|13|22|24|32|0|19|0|19|25|29|0|19|0|19|99|80|32|43|535|227
1400000US25009253201|1885|542|1607|542|1441|513|166|108|166|108|0|14|0|14|0|14|0|14|11|16|0|14|6|11|5|10|0|14|0|14|0|14|0|14|0|14|29|26|13|24|225|88
1400000US25009253202|3736|636|2411|520|2210|511|201|115|160|106|20|31|21|34|0|19|0|19|161|126|58|86|31|42|72|91|0|19|0|19|113|134|17|27|0|19|232|158|170|138|632|235
1400000US25009253203|2022|242|1591|208|1513|201|78|61|59|57|0|14|15|21|0|14|4|8|0|14|0|14|0|14|0|14|0|14|0|14|0|14|0|14|0|14|11|13|18|29|402|133
1400000US25009253204|2795|338|1966|342|1764|307|202|142|87|76|102|116|13|21|0|19|0|19|81|92|18|27|0|19|63|91|0|19|0|19|0|19|0|19|0|19|0|19|0|19|748|221
1400000US25009253205|2041|311|1534|303|1455|296|79|57|58|47|0|14|0|14|21|31|0|14|58|38|9|15|27|28|22|22|0|14|0|14|0|14|0|14|0|14|0|14|21|29|428|119
1400000US25009254100|3168|412|1987|344|1897|343|90|75|90|75|0|19|0|19|0|19|0|19|91|72|0|19|16|25|75|60|0|19|0|19|0|19|0|19|0|19|14|22|0|19|1076|254
1400000US25009254200|2572|377|1771|343|1610|310|161|90|140|83|0|19|0|19|21|24|0|19|42|35|0|19|6|13|36|33|0|19|0|19|0|19|0|19|0|19|282|112|15|18|462|173
1400000US25009254301|2197|254|1306|239|1272|236|34|32|34|32|0|14|0|14|0|14|0|14|81|40|7|12|13|19|61|41|0|14|0|14|0|14|0|14|0|14|88|109|35|53|687|203
1400000US25009254302|2748|388|1769|238|1578|222|191|89|167|88|7|11|17|20|0|14|0|14|80|70|43|61|0|14|37|37|0|14|0|14|0|14|0|14|0|14|181|192|32|38|686|211
1400000US25009254401|1857|223|1296|212|1254|219|42|67|42|67|0|14|0|14|0|14|0|14|31|29|0|14|0|14|31|29|0|14|0|14|0|14|0|14|0|14|18|21|29|33|483|117
1400000US25009254402|4321|402|3066|398|2895|409|171|121|131|109|40|45|0|19|0|19|0|19|106|79|0|19|0|19|106|79|0|19|0|19|51|79|0|19|0|19|0|19|0|19|1098|249
1400000US25009254403|1974|270|1207|208|1085|197|122|97|87|62|0|14|0|14|35|43|0|14|72|56|0|14|43|50|29|27|0|14|0|14|0|14|0|14|0|14|19|29|44|45|632|214
1400000US25009260100|2164|406|1433|302|1335|323|98|80|98|80|0|19|0|19|0|19|0|19|58|67|36|55|22|34|0|19|0|19|0|19|7|15|0|19|0|19|159|123|0|19|507|324
1400000US25009260200|1396|260|1218|248|1122|255|96|77|52|64|28|32|16|24|0|14|0|14|13|20|13|20|0|14|0|14|0|14|0|14|7|11|0|14|0|14|69|69|0|14|89|62
1400000US25009260301|2651|338|2001|228|1826|244|175|112|129|69|46|57|0|14|0|14|0|14|41|47|0|14|0|14|41|47|0|14|0|14|0|14|0|14|24|26|56|86|10|15|519|225
1400000US25009260302|1928|309|1703|317|1646|311|57|48|57|48|0|14|0|14|0|14|0|14|0|14|0|14|0|14|0|14|0|14|0|14|5|8|0|14|0|14|5|9|0|14|215|116
1400000US25009260401|2542|330|2238|346|1963|326|275|109|275|109|0|14|0|14|0|14|0|14|11|19|0|14|0|14|11|19|0|14|0|14|32|53|0|14|0|14|0|14|45|54|216|86
1400000US25009260402|3749|476|3210|474|3086|486|124|131|112|131|0|19|12|18|0|19|0|19|83|88|19|31|47|77|17|28|0|19|0|19|0|19|0|19|0|19|0|19|0|19|456|194
1400000US25009260500|1879|272|1447|237|1329|211|118|68|118|68|0|14|0|14|0|14|0|14|32|32|18|29|0|14|14|17|0|14|0|14|0|14|0|14|0|14|0|14|12|19|388|156
1400000US25009260600|2185|465|1890|448|1616|358|274|164|200|119|0|14|74|111|0|14|0|14|56|90|56|90|0|14|0|14|0|14|0|14|8|13|13|22|22|30|40|39|8|12|148|76
1400000US25009260700|2492|375|2287|360|2103|367|184|106|150|107|26|30|8|12|0|19|0|19|9|15|0|19|0|19|9|15|0|19|0|19|0|19|0|19|0|19|8|14|36|50|152|67
1400000US25009260800|2751|523|2394|527|2242|514|152|123|152|123|0|19|0|19|0|19|0|19|129|82|129|82|0|19|0|19|0|19|0|19|0|19|0|19|0|19|118|72|18|24|92|65
1400000US25009260900|2663|462|1916|408|1846|398|70|90|70|90|0|19|0|19|0|19|0|19|31|67|31|67|0|19|0|19|0|19|0|19|68|95|0|19|0|19|46|52|57|70|545|268
1400000US25009261000|2500|347|2229|332|2080|344|149|80|149|80|0|14|0|14|0|14|0|14|83|56|68|53|0|14|15|17|0|14|0|14|0|14|0|14|0|14|39|40|11|18|138|68
1400000US25009261101|2914|354|2538|359|2366|352|172|89|119|77|30|33|0|19|0|19|23|31|0|19|0|19|0|19|0|19|0|19|0|19|0|19|0|19|15|21|8|14|11|17|342|120
1400000US25009261102|2991|407|2574|376|2226|328|348|213|288|204|60|50|0|14|0|14|0|14|46|51|0|14|0|14|46|51|0|14|0|14|0|14|0|14|0|14|0|14|128|121|243|139
1400000US25009262100|3661|328|3149|362|3011|394|138|95|125|91|13|24|0|19|0|19|0|19|0|19|0|19|0|19|0|19|0|19|0|19|82|130|0|19|0|19|48|47|22|27|360|149
1400000US25009263100|2450|182|1841|192|1663|173|178|102|143|94|22|30|13|22|0|14|0|14|43|30|13|19|30|30|0|14|0|14|0|14|0|14|0|14|0|14|1|3|53|46|512|134
1400000US25009264100|3753|234|3091|346|2824|345|267|197|249|194|18|30|0|19|0|19|0|19|18|30|0|19|0|19|18|30|0|19|0|19|0|19|0|19|0|19|0|19|17|28|627|268
1400000US25009265101|2125|272|1889|277|1710|278|179|110|156|107|23|33|0|14|0|14|0|14|26|41|0|14|0|14|26|41|0|14|0|14|0|14|0|14|0|14|8|13|0|14|202|67
1400000US25009265102|2170|220|1669|233|1467|207|202|124|152|97|21|25|6|10|23|36|0|14|18|28|18|28|0|14|0|14|0|14|0|14|0|14|0|14|0|14|7|13|11|19|465|129
1400000US25009266100|2503|346|1937|337|1809|344|128|71|109|67|8|12|0|14|11|19|0|14|49|51|0|14|0|14|49|51|0|14|0|14|0|14|12|19|0|14|70|82|0|14|435|100
1400000US25009266200|2674|346|2256|334|2103|330|153|93|153|93|0|19|0|19|0|19|0|19|34|34|13|21|0|19|21|27|0|19|0|19|0|19|0|19|20|34|41|40|25|31|298|135
1400000US25009266300|2309|337|1822|313|1706|314|116|60|70|42|36|34|0|14|10|15|0|14|12|18|0|14|0|14|12|18|0|14|0|14|0|14|0|14|8|13|46|48|0|14|421|126
1400000US25009266400|1856|333|1500|302|1304|205|196|186|196|186|0|14|0|14|0|14|0|14|22|27|11|18|0|14|11|19|0|14|0|14|0|14|0|14|0|14|32|35|17|26|285|110
1400000US25009267102|3017|306|2560|345|2374|276|186|158|159|157|9|17|18|24|0|19|0|19|2|6|2|6|0|19|0|19|0|19|0|19|0|19|0|19|0|19|0|19|0|19|455|269
1400000US25009267103|919|233|673|175|664|174|9|14|9|14|0|14|0|14|0|14|0|14|12|19|0|14|0|14|12|19|0|14|0|14|0|14|0|14|0|14|6|9|19|20|209|156
1400000US25009267104|1112|269|925|271|918|270|7|15|7|15|0|14|0|14|0|14|0|14|11|16|11|16|0|14|0|14|0|14|0|14|0|14|0|14|0|14|0|14|0|14|176|86
1400000US25009268100|1405|179|1060|139|1050|137|10|15|10|15|0|14|0|14|0|14|0|14|36|25|8|12|0|14|28|22|0|14|0|14|0|14|0|14|0|14|12|13|5|9|292|92
1400000US25009268200|3375|472|2366|572|2260|556|106|74|106|74|0|19|0|19|0|19|0|19|132|90|104|93|0|19|28|36|0|19|0|19|7|13|0|19|29|39|74|66|35|39|732|201
1400000US25009268300|2185|398|1228|306|1079|286|149|115|136|112|13|26|0|14|0|14|0|14|92|88|46|61|0|14|46|63|0|14|0|14|14|23|0|14|0|14|243|195|39|43|569|211
1400000US25009268400|2319|356|1568|321|1473|328|95|62|95|62|0|14|0|14|0|14|0|14|22|29|0|14|22|29|0|14|0|14|0|14|0|14|0|14|18|31|96|80|18|30|597|183
1400000US25009269100|4022|269|3056|299|2832|357|224|190|129|107|95|144|0|19|0|19|0|19|0|19|0|19|0|19|0|19|0|19|0|19|0|19|0|19|0|19|155|70|0|19|811|206
1400000US25009270100|3627|301|3233|318|3144|330|89|83|32|41|57|71|0|19|0|19|0|19|13|22|0|19|0|19|13|22|0|19|0|19|0|19|0|19|0|19|48|62|19|31|314|113
1400000US25009990100|0|14|0|14|0|14|0|14|0|14|0|14|0|14|0|14|0|14|0|14|0|14|0|14|0|14|0|14|0|14|0|14|0|14|0|14|0|14|0|14|0|14
1400000US25011040100|2167|169|1746|143|1633|144|113|32|106|31|2|5|0|14|0|14|5|4|0|14|0|14|0|14|0|14|0|14|0|14|0|14|0|14|4|5|105|29|9|6|303|93
1400000US25011040200|2468|216|1935|167|1772|172|163|44|105|39|50|24|5|5|3|4|0|14|0|14|0|14|0|14|0|14|0|14|0|14|0|14|4|6|8|11|136|114|5|6|380|128
1400000US25011040300|1596|165|1231|173|1127|174|104|92|43|44|0|14|61|81|0|14|0|14|0|14|0|14|0|14|0|14|0|14|0|14|0|14|32|35|0|14|11|19|0|14|322|177
1400000US25011040400|1684|137|1476|130|1310|113|166|72|153|71|13|11|0|14|0|14|0|14|12|14|12|14|0|14|0|14|0|14|0|14|0|14|0|14|0|14|39|19|18|25|139|40
1400000US25011040501|1681|246|1546|245|1307|236|239|125|202|119|37|35|0|14|0|14|0|14|18|19|18|19|0|14|0|14|0|14|0|14|0|14|0|14|0|14|13|18|15|26|89|49
1400000US25011040502|1403|219|1164|221|1129|227|35|39|17|24|0|14|18|27|0|14|0|14|63|63|55|66|0|14|0|14|0|14|8|12|0|14|11|16|0|14|18|20|11|18|136|73
1400000US25011040600|2359|237|1718|168|1539|138|179|64|152|57|15|14|0|14|2|5|10|11|7|7|0|14|0|14|4|5|0|14|3|4|0|14|4|5|10|8|43|19|7|9|570|120
1400000US25011040701|2090|240|1820|235|1240|233|580|218|413|160|167|177|0|14|0|14|0|14|30|28|30|28|0|14|0|14|0|14|0|14|0|14|0|14|0|14|79|50|0|14|161|66
1400000US25011040702|2392|243|1874|199|1738|204|136|106|126|103|10|16|0|14|0|14|0|14|0|14|0|14|0|14|0|14|0|14|0|14|0|14|0|14|22|33|16|23|68|65|412|212
1400000US25011040800|3064|269|2332|269|2026|267|306|134|266|114|40|47|0|19|0|19|0|19|199|127|199|127|0|19|0|19|0|19|0|19|3|5|0|19|0|19|21|21|3|5|506|154
1400000US25011040900|2961|362|2203|329|1953|315|250|141|227|139|23|37|0|19|0|19|0|19|49|75|49|75|0|19|0|19|0|19|0|19|0|19|0|19|0|19|226|136|0|19|483|192
1400000US25011041000|1481|198|1250|174|1078|144|172|124|163|123|9|14|0|14|0|14|0|14|0|14|0|14|0|14|0|14|0|14|0|14|0|14|0|14|9|14|19|22|0|14|203|126
1400000US25011041100|1499|196|1214|199|1122|192|92|53|55|38|13|20|11|19|0|14|13|20|0|14|0|14|0|14|0|14|0|14|0|14|0|14|0|14|0|14|109|73|0|14|176|84
1400000US25011041200|1564|231|1139|200|984|196|155|82|125|81|30|28|0|14|0|14|0|14|0|14|0|14|0|14|0|14|0|14|0|14|16|25|0|14|60|41|115|103|0|14|234|107
1400000US25011041301|1257|222|945|204|894|200|51|45|34|34|0|14|0|14|17|29|0|14|0|14|0|14|0|14|0|14|0|14|0|14|0|14|0|14|0|14|165|84|0|14|147|57
1400000US25011041302|862|158|567|144|513|133|54|71|54|71|0|14|0|14|0|14|0|14|12|21|12|21|0|14|0|14|0|14|0|14|0|14|0|14|0|14|141|101|0|14|142|100
1400000US25011041400|1017|201|860|232|785|225|75|71|75|71|0|14|0|14|0|14|0|14|33|49|33|49|0|14|0|14|0|14|0|14|0|14|0|14|0|14|0|14|49|62|75|48
1400000US25011041501|1771|140|1247|108|1141|106|106|41|98|40|8|10|0|14|0|14|0|14|3|5|0|14|0|14|3|5|0|14|0|14|0|14|3|4|8|10|63|31|20|16|427|90
1400000US25011041502|1603|181|1307|182|1252|182|55|27|47|25|8|13|0|14|0|14|0|14|0|14|0|14|0|14|0|14|0|14|0|14|0|14|0|14|0|14|64|33|5|7|227|65
1400000US25013800101|1858|425|1744|428|1608|416|136|113|69|61|67|99|0|14|0|14|0|14|42|46|42|46|0|14|0|14|0|14|0|14|0|14|0|14|0|14|38|36|0|14|34|30
1400000US25013800102|1959|362|1484|320|1373|317|111|68|46|44|0|14|65|57|0|14|0|14|172|132|172|132|0|14|0|14|0|14|0|14|0|14|0|14|0|14|78|72|69|56|156|142
1400000US25013800201|2933|459|2655|401|2343|408|312|226|103|120|209|179|0|19|0|19|0|19|0|19|0|19|0|19|0|19|0|19|0|19|0|19|0|19|0|19|81|81|88|105|109|130
1400000US25013800202|764|261|693|258|609|259|84|58|60|53|24|27|0|14|0|14|0|14|21|31|21|31|0|14|0|14|0|14|0|14|0|14|0|14|0|14|8|12|0|14|42|29
1400000US25013800300|1920|370|1675|367|1561|364|114|91|75|58|10|15|29|49|0|14|0|14|26|32|26|32|0|14|0|14|0|14|0|14|0|14|0|14|0|14|0|14|31|33|188|89
1400000US25013800400|2301|464|1946|461|1684|515|262|213|122|121|140|170|0|19|0|19|0|19|177|210|177|210|0|19|0|19|0|19|0|19|0|19|0|19|0|19|20|32|49|80|109|118
1400000US25013800500|1572|416|1040|314|878|294|162|99|154|96|8|12|0|14|0|14|0|14|91|147|91|147|0|14|0|14|0|14|0|14|0|14|0|14|0|14|88|67|58|54|295|137
1400000US25013800600|659|141|439|126|392|116|47|41|38|41|0|14|0|14|9|13|0|14|53|71|53|71|0|14|0|14|0|14|0|14|22|24|0|14|0|14|90|57|0|14|55|56
1400000US25013800700|1001|306|809|276|618|263|191|152|172|151|0|14|0|14|19|30|0|14|23|29|23|29|0|14|0|14|0|14|0|14|0|14|0|14|0|14|17|33|37|51|115|144
1400000US25013800800|429|105|337|96|226|72|111|72|54|56|33|38|1|3|18|24|5|10|42|45|42|45|0|14|0|14|0|14|0|14|0|14|0|14|0|14|41|30|0|14|9|15
1400000US25013800900|1282|400|1224|399|1070|403|154|99|17|22|54|62|24|46|59|72|0|14|0|14|0|14|0|14|0|14|0|14|0|14|0|14|0|14|0|14|0|14|0|14|58|56
1400000US25013801101|530|167|382|131|340|126|42|37|42|37|0|14|0|14|0|14|0|14|39|46|39|46|0|14|0|14|0|14|0|14|0|14|0|14|0|14|102|98|0|14|7|11
1400000US25013801102|668|201|470|161|313|137|157|90|151|90|0|14|0|14|0|14|6|10|101|45|101|45|0|14|0|14|0|14|0|14|0|14|0|14|0|14|37|35|9|14|51|69
1400000US25013801200|775|179|353|131|317|130|36|50|36|50|0|14|0|14|0|14|0|14|131|125|131|125|0|14|0|14|0|14|0|14|0|14|0|14|0|14|176|118|61|72|54|53
1400000US25013801300|1676|280|1331|278|1056|241|275|163|263|153|12|22|0|19|0|19|0|19|92|85|66|76|26|41|0|19|0|19|0|19|0|19|0|19|0|19|104|75|80|66|69|56
1400000US25013801401|1436|250|1275|245|1127|253|148|100|98|80|10|17|40|52|0|14|0|14|45|31|45|31|0|14|0|14|0|14|0|14|0|14|0|14|0|14|61|48|0|14|55|63
1400000US25013801402|1112|266|1011|258|813|237|198|117|95|55|65|87|38|50|0|14|0|14|6|9|6|9|0|14|0|14|0|14|0|14|0|14|0|14|22|28|0|14|27|38|46|43
1400000US25013801501|2412|443|1959|459|1539|350|420|379|326|350|0|19|94|100|0|19|0|19|21|34|21|34|0|19|0|19|0|19|0|19|0|19|0|19|0|19|1|5|0|19|431|245
1400000US25013801502|1268|352|962|277|826|254|136|104|136|104|0|14|0|14|0|14|0|14|80|78|80|78|0|14|0|14|0|14|0|14|52|61|0|14|0|14|74|81|0|14|100|91
1400000US25013801503|1764|347|1628|342|1297|337|331|168|189|87|22|37|120|96|0|14|0|14|0|14|0|14|0|14|0|14|0|14|0|14|0|14|0|14|0|14|19|23|0|14|117|76
1400000US25013801601|2038|439|1790|464|1696|456|94|92|59|82|0|14|25|38|10|15|0|14|17|17|17|17|0|14|0|14|0|14|0|14|0|14|0|14|0|14|94|72|6|10|131|73
1400000US25013801602|2200|381|2019|371|1904|350|115|76|92|61|23|47|0|14|0|14|0|14|10|18|10|18|0|14|0|14|0|14|0|14|0|14|0|14|0|14|11|17|37|55|123|89
1400000US25013801603|2041|259|1801|254|1546|228|255|126|219|127|7|10|29|35|0|14|0|14|11|20|11|20|0|14|0|14|0|14|0|14|0|14|0|14|11|17|5|9|22|23|191|86
1400000US25013801604|2042|347|1824|357|1687|360|137|101|87|90|24|26|26|28|0|14|0|14|0|14|0|14|0|14|0|14|0|14|0|14|0|14|0|14|0|14|36|54|10|16|172|78
1400000US25013801605|2124|443|1773|397|1710|403|63|53|63|53|0|14|0|14|0|14|0|14|59|54|59|54|0|14|0|14|0|14|0|14|0|14|0|14|34|49|0|14|0|14|258|106
1400000US25013801700|2483|624|1858|464|1678|461|180|133|180|133|0|19|0|19|0|19|0|19|71|59|71|59|0|19|0|19|0|19|0|19|41|67|0|19|107|120|108|73|82|114|216|133
1400000US25013801800|1465|380|1167|296|960|265|207|137|179|131|9|14|19|29|0|14|0|14|32|48|32|48|0|14|0|14|0|14|0|14|15|28|0|14|29|34|85|57|46|51|91|131
1400000US25013801901|1211|494|933|452|933|452|0|14|0|14|0|14|0|14|0|14|0|14|150|127|150|127|0|14|0|14|0|14|0|14|0|14|0|14|0|14|8|15|120|94|0|14
1400000US25013801902|877|257|592|204|564|197|28|33|28|33|0|14|0|14|0|14|0|14|130|76|130|76|0|14|0|14|0|14|0|14|0|14|0|14|0|14|107|79|0|14|48|53
1400000US25013802000|691|232|534|206|534|206|0|14|0|14|0|14|0|14|0|14|0|14|29|32|29|32|0|14|0|14|0|14|0|14|0|14|0|14|0|14|48|52|13|20|67|102
1400000US25013802101|3107|581|2463|479|2208|439|255|167|255|167|0|19|0|19|0|19|0|19|206|129|206|129|0|19|0|19|0|19|0|19|13|31|0|19|0|19|0|19|0|19|425|277
1400000US25013802200|1579|558|1145|549|1010|531|135|97|135|97|0|14|0|14|0|14|0|14|191|129|191|129|0|14|0|14|0|14|0|14|0|14|0|14|0|14|85|41|44|23|114|82
1400000US25013802300|2846|618|2590|588|2164|572|426|211|290|151|24|38|19|28|0|19|93|121|156|181|156|181|0|19|0|19|0|19|0|19|26|41|0|19|0|19|52|77|20|37|2|4
1400000US25013802400|1866|271|1556|187|1380|197|176|102|176|102|0|14|0|14|0|14|0|14|42|49|42|49|0|14|0|14|0|14|0|14|0|14|0|14|0|14|5|10|0|14|263|128
1400000US25013802500|3867|639|3563|595|2911|582|652|267|570|262|0|19|12|21|2|4|68|33|0|19|0|19|0|19|0|19|0|19|0|19|0|19|0|19|0|19|58|74|16|26|230|112
1400000US25013802601|3389|542|2753|534|2360|472|393|238|204|143|14|22|161|179|14|23|0|19|101|71|101|71|0|19|0|19|0|19|0|19|73|101|0|19|27|49|79|128|75|84|281|159
1400000US25013802602|902|103|815|99|776|109|39|36|39|36|0|14|0|14|0|14|0|14|10|9|10|9|0|14|0|14|0|14|0|14|0|14|0|14|0|14|0|14|5|7|72|52
1400000US25013810100|3211|445|2936|464|2759|464|177|106|139|100|16|27|22|36|0|19|0|19|0|19|0|19|0|19|0|19|0|19|0|19|0|19|0|19|0|19|28|44|24|40|223|149
1400000US25013810200|1297|300|1068|267|1037|265|31|42|30|43|1|2|0|14|0|14|0|14|18|29|18|29|0|14|0|14|0|14|0|14|0|14|0|14|0|14|23|34|0|14|188|104
1400000US25013810300|1818|350|1653|352|1456|341|197|113|124|79|0|14|62|82|11|17|0|14|0|14|0|14|0|14|0|14|0|14|0|14|0|14|0|14|10|16|9|14|46|56|100|71
1400000US25013810403|2434|413|2068|428|1665|392|403|226|225|200|89|101|20|24|46|54|23|30|0|14|0|14|0|14|0|14|0|14|0|14|0|14|0|14|0|14|75|98|11|17|280|205
1400000US25013810404|1757|263|1523|284|1377|269|146|88|137|84|0|14|0|14|0|14|9|16|0|14|0|14|0|14|0|14|0|14|0|14|0|14|0|14|0|14|9|13|31|48|194|74
1400000US25013810412|2664|360|2227|358|2070|366|157|121|76|66|28|39|53|79|0|19|0|19|9|15|9|15|0|19|0|19|0|19|0|19|0|19|0|19|0|19|24|38|42|40|362|153
1400000US25013810414|3565|551|3086|580|2943|590|143|112|131|110|0|19|12|20|0|19|0|19|0|19|0|19|0|19|0|19|0|19|0|19|0|19|0|19|0|19|0|19|46|51|433|210
1400000US25013810601|1841|399|1666|386|1476|364|190|142|166|125|0|14|24|38|0|14|0|14|0|14|0|14|0|14|0|14|0|14|0|14|0|14|0|14|0|14|0|14|0|14|175|138
1400000US25013810602|1316|361|1019|183|976|183|43|38|43|38|0|14|0|14|0|14|0|14|0|14|0|14|0|14|0|14|0|14|0|14|0|14|0|14|14|21|4|6|0|14|279|217
1400000US25013810700|2708|328|2534|321|2284|322|250|191|93|66|141|175|16|25|0|19|0|19|43|36|43|36|0|19|0|19|0|19|0|19|0|19|0|19|0|19|36|41|0|19|95|77
1400000US25013810800|1657|284|1463|268|1327|283|136|78|136|78|0|14|0|14|0|14|0|14|54|55|54|55|0|14|0|14|0|14|0|14|0|14|0|14|0|14|0|14|6|9|134|52
1400000US25013810901|1015|236|952|227|800|217|152|108|71|49|81|98|0|14|0|14|0|14|7|11|7|11|0|14|0|14|0|14|0|14|0|14|0|14|0|14|6|10|9|15|41|29
1400000US25013810902|2297|365|2053|341|1864|342|189|115|160|112|13|16|16|25|0|14|0|14|59|62|59|62|0|14|0|14|0|14|0|14|0|14|0|14|0|14|52|44|0|14|133|94
1400000US25013811000|2397|395|2097|399|1878|346|219|167|154|155|65|69|0|19|0|19|0|19|1|5|1|5|0|19|0|19|0|19|0|19|0|19|0|19|0|19|116|154|0|19|183|117
1400000US25013811101|1797|287|1492|254|1262|274|230|122|230|122|0|14|0|14|0|14|0|14|76|89|76|89|0|14|0|14|0|14|0|14|0|14|0|14|0|14|28|36|124|182|77|82
1400000US25013811102|3519|505|3267|433|2820|423|447|225|328|147|18|28|101|138|0|19|0|19|0|19|0|19|0|19|0|19|0|19|0|19|0|19|0|19|0|19|0|19|47|80|205|178
1400000US25013811200|2111|329|1821|229|1706|243|115|70|115|70|0|14|0|14|0|14|0|14|0|14|0|14|0|14|0|14|0|14|0|14|0|14|0|14|0|14|17|28|24|37|249|234
1400000US25013811301|3046|489|2801|483|2705|471|96|69|29|46|67|53|0|19|0|19|0|19|0|19|0|19|0|19|0|19|0|19|0|19|0|19|0|19|0|19|46|51|0|19|199|137
1400000US25013811302|2562|441|2288|386|2150|380|138|118|138|118|0|19|0|19|0|19|0|19|45|52|45|52|0|19|0|19|0|19|0|19|0|19|0|19|0|19|17|78|0|19|212|129
1400000US25013811400|688|152|628|149|586|141|42|44|32|32|10|16|0|14|0|14|0|14|10|12|0|14|10|12|0|14|0|14|0|14|0|14|0|14|10|16|8|12|4|9|28|29
1400000US25013811500|349|156|229|119|219|117|10|16|10|16|0|14|0|14|0|14|0|14|75|63|75|63|0|14|0|14|0|14|0|14|0|14|0|14|0|14|9|17|0|14|36|51
1400000US25013811600|846|260|585|204|478|165|107|113|107|113|0|14|0|14|0|14|0|14|106|141|92|141|0|14|14|22|0|14|0|14|0|14|0|14|13|21|107|80|7|15|28|35
1400000US25013811700|571|248|534|243|467|230|67|75|64|76|0|14|3|6|0|14|0|14|0|14|0|14|0|14|0|14|0|14|0|14|0|14|0|14|0|14|10|14|0|14|27|25
1400000US25013811800|1801|279|1536|256|1296|244|240|134|136|85|62|85|42|63|0|14|0|14|0|14|0|14|0|14|0|14|0|14|0|14|0|14|0|14|0|14|123|96|0|14|142|98
1400000US25013811900|1742|246|1385|201|1297|208|88|76|88|76|0|14|0|14|0|14|0|14|0|14|0|14|0|14|0|14|0|14|0|14|8|14|0|14|0|14|17|33|10|13|322|116
1400000US25013812001|1565|307|1312|276|1161|276|151|119|125|119|26|32|0|14|0|14|0|14|0|14|0|14|0|14|0|14|0|14|0|14|0|14|0|14|0|14|56|47|11|19|186|87
1400000US25013812002|1866|332|1629|317|1566|310|63|49|63|49|0|14|0|14|0|14|0|14|55|83|55|83|0|14|0|14|0|14|0|14|0|14|0|14|0|14|0|14|0|14|182|91
1400000US25013812101|2795|503|2513|515|2135|360|378|259|171|123|100|154|49|55|0|19|58|66|74|69|74|69|0|19|0|19|0|19|0|19|0|19|0|19|0|19|0|19|0|19|208|112
1400000US25013812103|1342|426|1154|409|1133|410|21|27|21|27|0|14|0|14|0|14|0|14|0|14|0|14|0|14|0|14|0|14|0|14|0|14|0|14|0|14|0|14|30|46|158|164
1400000US25013812104|1965|363|1698|346|1556|353|142|85|124|85|9|19|0|14|0|14|9|14|92|74|79|81|13|20|0|14|0|14|0|14|0|14|0|14|0|14|45|51|29|45|101|68
1400000US25013812201|2279|388|2056|369|1934|364|122|122|74|78|48|107|0|14|0|14|0|14|0|14|0|14|0|14|0|14|0|14|0|14|0|14|0|14|45|65|92|87|0|14|86|70
1400000US25013812202|2277|366|2134|367|2023|367|111|67|111|67|0|14|0|14|0|14|0|14|0|14|0|14|0|14|0|14|0|14|0|14|0|14|0|14|0|14|0|14|17|28|126|94
1400000US25013812300|2262|518|1902|454|1736|439|166|144|166|144|0|19|0|19|0|19|0|19|5|7|0|19|5|7|0|19|0|19|0|19|0|19|0|19|0|19|94|110|36|62|225|221
1400000US25013812401|3956|670|3579|673|3447|668|132|101|86|88|46|55|0|19|0|19|0|19|0|19|0|19|0|19|0|19|0|19|0|19|0|19|0|19|0|19|0|19|16|26|361|188
1400000US25013812403|1852|293|1562|222|1515|215|47|36|47|36|0|14|0|14|0|14|0|14|10|16|10|16|0|14|0|14|0|14|0|14|0|14|0|14|0|14|0|14|10|20|270|214
1400000US25013812404|2064|347|1729|271|1648|267|81|58|47|43|19|26|15|25|0|14|0|14|10|16|10|16|0|14|0|14|0|14|0|14|0|14|0|14|12|20|0|14|0|14|313|182
1400000US25013812500|3584|478|3336|481|3217|465|119|95|119|95|0|19|0|19|0|19|0|19|0|19|0|19|0|19|0|19|0|19|0|19|0|19|0|19|0|19|18|27|82|83|148|96
1400000US25013812600|3206|566|2682|383|2534|369|148|110|130|106|18|31|0|19|0|19|0|19|61|100|61|100|0|19|0|19|0|19|0|19|0|19|20|31|0|19|110|144|107|115|226|144
1400000US25013812701|1867|376|1653|382|1411|322|242|175|212|160|30|45|0|14|0|14|0|14|5|10|5|10|0|14|0|14|0|14|0|14|0|14|0|14|11|16|54|40|0|14|144|84
1400000US25013812702|2333|516|1534|404|1432|382|102|75|102|75|0|19|0|19|0|19|0|19|258|261|258|261|0|19|0|19|0|19|0|19|0|19|0|19|20|40|221|150|0|19|300|249
1400000US25013812800|3715|521|3264|463|3128|457|136|94|136|94|0|19|0|19|0|19|0|19|52|67|8|13|0|19|0|19|0|19|44|66|0|19|0|19|28|45|28|32|17|27|326|183
1400000US25013812901|1501|197|1403|209|1303|195|100|69|87|66|13|19|0|14|0|14|0|14|11|17|0|14|0|14|11|17|0|14|0|14|1|2|0|14|0|14|10|16|44|53|32|32
1400000US25013812902|2464|316|2241|326|2179|321|62|39|49|36|13|15|0|14|0|14|0|14|0|14|0|14|0|14|0|14|0|14|0|14|0|14|0|14|0|14|0|14|0|14|223|107
1400000US25013812903|326|122|161|79|151|76|10|19|10|19|0|14|0|14|0|14|0|14|0|14|0|14|0|14|0|14|0|14|0|14|0|14|0|14|0|14|141|81|0|14|24|27
1400000US25013813001|1560|142|1377|140|1278|139|99|37|74|34|25|22|0|14|0|14|0|14|0|14|0|14|0|14|0|14|0|14|0|14|0|14|0|14|0|14|15|13|12|9|156|41
1400000US25013813002|2006|147|1684|137|1567|138|117|38|85|35|32|15|0|14|0|14|0|14|4|6|4|6|0|14|0|14|0|14|0|14|0|14|0|14|0|14|45|32|24|15|249|58
1400000US25013813101|3142|419|2687|391|2473|390|214|125|200|120|14|27|0|19|0|19|0|19|0|19|0|19|0|19|0|19|0|19|0|19|0|19|0|19|0|19|0|19|0|19|455|232
1400000US25013813102|1922|215|1648|197|1541|187|107|69|98|69|9|16|0|14|0|14|0|14|2|4|2|4|0|14|0|14|0|14|0|14|0|14|0|14|0|14|12|19|0|14|260|98
1400000US25013813204|1696|323|1300|170|1154|142|146|67|103|55|43|41|0|14|0|14|0|14|0|14|0|14|0|14|0|14|0|14|0|14|0|14|0|14|0|14|0|14|40|57|356|265
1400000US25013813205|3748|494|3195|444|3064|436|131|103|115|102|0|19|0|19|16|26|0|19|105|100|71|81|34|54|0|19|0|19|0|19|0|19|0|19|0|19|0|19|99|90|349|152
1400000US25013813206|2329|466|2133|494|1917|478|216|155|195|152|21|34|0|14|0|14|0|14|14|16|9|14|0|14|5|9|0|14|0|14|0|14|0|14|0|14|46|43|0|14|136|80
1400000US25013813207|2617|308|2270|347|2097|341|173|127|173|127|0|14|0|14|0|14|0|14|0|14|0|14|0|14|0|14|0|14|0|14|22|35|0|14|0|14|25|38|0|14|300|131
1400000US25013813208|1700|367|1480|313|1426|298|54|56|54|56|0|14|0|14|0|14|0|14|16|25|16|25|0|14|0|14|0|14|0|14|0|14|0|14|0|14|27|27|0|14|177|114
1400000US25013813209|2529|324|2276|323|2097|349|179|112|159|108|0|19|0|19|0|19|20|30|0|19|0|19|0|19|0|19|0|19|0|19|0|19|0|19|0|19|0|19|0|19|253|144
1400000US25013813301|3328|342|2601|324|2384|325|217|128|160|106|57|68|0|19|0|19|0|19|0|19|0|19|0|19|0|19|0|19|0|19|0|19|0|19|0|19|55|55|0|19|672|218
1400000US25013813303|1780|215|1327|168|1279|170|48|41|41|40|0|14|0|14|0|14|7|14|0|14|0|14|0|14|0|14|0|14|0|14|0|14|0|14|0|14|22|23|22|21|409|167
1400000US25013813304|1750|275|1363|241|1307|238|56|48|26|32|0|14|0|14|17|26|13|20|0|14|0|14|0|14|0|14|0|14|0|14|0|14|0|14|0|14|0|14|25|35|362|147
1400000US25013813401|2713|336|2273|321|2166|314|107|85|36|53|71|66|0|19|0|19|0|19|7|13|7|13|0|19|0|19|0|19|0|19|0|19|0|19|42|49|123|91|0|19|268|155
1400000US25013813403|2012|364|1672|285|1514|267|158|103|134|86|24|59|0|14|0|14|0|14|0|14|0|14|0|14|0|14|0|14|0|14|0|14|0|14|0|14|8|12|0|14|332|180
1400000US25013813404|3096|365|2431|364|2256|350|175|120|165|117|10|16|0|19|0|19|0|19|76|114|0|19|0|19|0|19|0|19|76|114|0|19|0|19|0|19|0|19|143|100|446|164
1400000US25013813500|2456|224|2262|242|2059|225|203|142|165|138|25|37|0|14|13|17|0|14|0|14|0|14|0|14|0|14|0|14|0|14|0|14|0|14|0|14|18|27|0|14|176|75
1400000US25013813601|4046|464|3620|434|3393|471|227|167|227|167|0|19|0|19|0|19|0|19|50|51|50|51|0|19|0|19|0|19|0|19|0|19|0|19|0|19|99|107|34|49|243|127
1400000US25013813602|3623|362|3016|422|2965|428|51|47|16|25|35|41|0|19|0|19|0|19|12|31|0|19|0|19|0|19|0|19|12|31|0|19|0|19|0|19|1|4|117|108|477|183
1400000US25013813701|1579|288|1430|263|1339|255|91|66|74|69|17|21|0|14|0|14|0|14|0|14|0|14|0|14|0|14|0|14|0|14|0|14|0|14|13|20|25|26|14|24|97|53
1400000US25013813702|2340|325|1834|261|1720|271|114|86|114|86|0|14|0|14|0|14|0|14|45|53|45|53|0|14|0|14|0|14|0|14|0|14|55|82|0|14|24|37|20|25|362|277
1400000US25013813801|2261|172|2017|167|1901|157|116|50|97|44|12|13|0|14|0|14|7|10|8|12|8|12|0|14|0|14|0|14|0|14|0|14|2|4|0|14|43|39|0|14|191|64
1400000US25013813802|1820|144|1515|158|1403|148|112|65|112|65|0|14|0|14|0|14|0|14|0|14|0|14|0|14|0|14|0|14|0|14|0|14|0|14|0|14|7|11|11|17|287|124
1400000US25015820101|3355|358|3100|358|2828|352|272|188|272|188|0|19|0|19|0|19|0|19|12|21|12|21|0|19|0|19|0|19|0|19|0|19|0|19|0|19|79|84|0|19|164|122
1400000US25015820102|1321|210|1099|202|979|190|120|73|44|36|75|66|0|14|1|2|0|14|0|14|0|14|0|14|0|14|0|14|0|14|0|14|0|14|0|14|36|37|38|38|148|70
1400000US25015820205|4206|493|3393|480|3269|479|124|71|93|59|17|26|14|25|0|19|0|19|29|30|10|12|18|27|1|2|0|19|0|19|0|19|0|19|2|3|0|19|44|45|738|184
1400000US25015820206|1932|381|1694|376|1636|374|58|61|34|44|24|40|0|14|0|14|0|14|0|14|0|14|0|14|0|14|0|14|0|14|0|14|0|14|0|14|28|46|0|14|210|99
1400000US25015820207|2740|433|2331|427|2242|412|89|90|37|42|52|84|0|19|0|19|0|19|105|168|105|168|0|19|0|19|0|19|0|19|0|19|0|19|0|19|29|35|0|19|275|124
1400000US25015820300|3233|564|1715|432|1462|395|253|141|179|138|49|36|25|40|0|19|0|19|698|305|698|305|0|19|0|19|0|19|0|19|0|19|0|19|138|96|166|116|12|20|504|163
1400000US25015820400|2940|366|423|137|372|130|51|36|42|31|0|21|9|18|0|21|0|21|99|56|99|56|0|21|0|21|0|21|0|21|18|36|0|21|39|43|1840|289|9|13|512|154
1400000US25015820500|3114|497|1598|370|1460|363|138|92|138|92|0|19|0|19|0|19|0|19|155|102|155|102|0|19|0|19|0|19|0|19|0|19|0|19|119|102|551|196|41|53|650|279
1400000US25015820600|555|124|87|48|60|46|27|18|13|17|0|14|14|16|0|14|0|14|13|20|13|20|0|14|0|14|0|14|0|14|0|14|0|14|0|14|317|92|0|14|138|68
1400000US25015820700|1768|313|1304|258|1163|254|141|76|141|76|0|14|0|14|0|14|0|14|98|106|92|106|6|9|0|14|0|14|0|14|0|14|0|14|0|14|32|30|0|14|334|154
1400000US25015820801|2479|392|1683|302|1474|296|209|193|125|122|0|14|26|45|58|139|0|14|112|73|112|73|0|14|0|14|0|14|0|14|0|14|0|14|0|14|36|47|36|39|612|226
1400000US25015820802|231|118|41|33|36|28|5|11|5|11|0|14|0|14|0|14|0|14|0|14|0|14|0|14|0|14|0|14|0|14|0|14|0|14|0|14|179|99|0|14|11|17
1400000US25015820900|3574|285|3222|320|3052|315|170|123|126|111|14|23|30|50|0|19|0|19|0|19|0|19|0|19|0|19|0|19|0|19|0|19|0|19|0|19|51|45|33|38|268|118
1400000US25015821000|1964|382|1371|202|1120|167|251|130|251|130|0|14|0|14|0|14|0|14|0|14|0|14|0|14|0|14|0|14|0|14|0|14|0|14|0|14|28|28|0|14|565|352
1400000US25015821101|3890|486|3525|465|3327|453|198|128|196|128|0|19|0|19|2|4|0|19|17|27|17|27|0|19|0|19|0|19|0|19|0|19|0|19|0|19|11|18|0|19|337|152
1400000US25015821200|800|174|108|51|101|49|7|13|7|13|0|14|0|14|0|14|0|14|0|14|0|14|0|14|0|14|0|14|0|14|0|14|0|14|5|9|484|130|0|14|203|112
1400000US25015821300|2093|285|1630|269|1501|264|129|70|104|62|25|35|0|14|0|14|0|14|0|14|0|14|0|14|0|14|0|14|0|14|0|14|0|14|20|23|64|43|18|20|361|107
1400000US25015821400|2699|223|2043|274|1961|267|82|71|45|47|37|45|0|19|0|19|0|19|99|100|99|100|0|19|0|19|0|19|0|19|0|19|0|19|26|39|39|52|46|48|446|161
1400000US25015821500|1920|159|1540|171|1436|168|104|54|53|47|35|32|16|24|0|14|0|14|38|36|38|36|0|14|0|14|0|14|0|14|0|14|0|14|22|36|30|38|13|15|277|113
1400000US25015821601|1724|262|1262|289|1184|285|78|75|77|75|1|2|0|14|0|14|0|14|20|22|20|22|0|14|0|14|0|14|0|14|0|14|0|14|11|16|56|44|0|14|375|122
1400000US25015821602|1933|323|1416|267|1225|261|191|89|139|73|52|64|0|14|0|14|0|14|42|48|42|48|0|14|0|14|0|14|0|14|0|14|0|14|28|27|22|21|1|4|424|197
1400000US25015821700|1480|193|1099|177|1043|168|56|34|56|34|0|14|0|14|0|14|0|14|35|54|8|22|27|54|0|14|0|14|0|14|0|14|0|14|12|20|59|63|7|11|268|93
1400000US25015821901|1627|225|1101|187|1077|190|24|23|24|23|0|14|0|14|0|14|0|14|24|29|18|28|6|10|0|14|0|14|0|14|0|14|0|14|26|39|155|67|0|14|321|98
1400000US25015821903|2223|329|1300|281|1076|234|224|194|129|119|95|124|0|14|0|14|0|14|136|98|136|98|0|14|0|14|0|14|0|14|0|14|0|14|13|16|326|166|24|39|424|174
1400000US25015821904|1951|332|1089|332|973|298|116|95|59|50|29|44|28|44|0|14|0|14|131|76|131|76|0|14|0|14|0|14|0|14|0|14|0|14|36|30|94|68|0|14|601|161
1400000US25015822000|789|152|136|66|126|64|10|14|10|14|0|14|0|14|0|14|0|14|0|14|0|14|0|14|0|14|0|14|0|14|0|14|0|14|17|24|431|117|0|14|205|87
1400000US25015822200|2554|380|1865|370|1825|370|40|43|30|39|10|17|0|19|0|19|0|19|30|44|30|44|0|19|0|19|0|19|0|19|0|19|0|19|42|43|99|104|12|21|506|208
1400000US25015822300|2703|351|2004|328|1935|326|69|50|47|44|19|31|3|7|0|19|0|19|34|38|34|38|0|19|0|19|0|19|0|19|0|19|0|19|76|80|96|78|19|24|474|173
1400000US25015822401|2574|411|2290|337|2170|350|120|85|116|85|4|7|0|19|0|19|0|19|0|19|0|19|0|19|0|19|0|19|0|19|0|19|0|19|0|19|0|19|0|19|284|192
1400000US25015822402|2873|512|2105|480|2086|480|19|29|19|29|0|14|0|14|0|14|0|14|32|51|32|51|0|14|0|14|0|14|0|14|0|14|0|14|38|58|194|116|0|14|504|176
1400000US25015822500|3421|347|3023|339|2825|356|198|129|178|128|0|19|4|13|16|26|0|19|0|19|0|19|0|19|0|19|0|19|0|19|0|19|0|19|0|19|0|19|11|18|387|166
1400000US25015822601|1271|257|1132|255|1126|255|6|8|4|7|0|14|2|5|0|14|0|14|7|10|7|10|0|14|0|14|0|14|0|14|0|14|0|14|0|14|17|17|5|8|110|67
1400000US25015822603|725|94|611|88|601|87|10|10|7|7|0|14|3|5|0|14|0|14|0|14|0|14|0|14|0|14|0|14|0|14|0|14|0|14|7|7|7|7|2|3|98|29
1400000US25015822607|2785|221|2090|194|1948|191|142|55|141|55|0|14|1|4|0|14|0|14|13|13|13|13|0|14|0|14|0|14|0|14|0|14|0|14|5|8|61|37|36|27|580|117
1400000US25015822700|1542|138|1122|108|1026|106|96|37|73|33|10|11|11|9|2|3|0|14|0|14|0|14|0|14|0|14|0|14|0|14|0|14|3|4|0|14|35|22|21|20|361|90
1400000US25017300100|1860|121|1503|142|1330|144|173|86|118|72|47|43|8|12|0|14|0|14|5|9|0|14|0|14|5|9|0|14|0|14|0|14|0|14|0|14|46|34|0|14|306|96
1400000US25017301101|1966|239|1634|240|1529|241|105|50|89|46|16|19|0|14|0|14|0|14|69|44|16|25|5|10|48|50|0|14|0|14|0|14|0|14|0|14|39|36|21|33|203|88
1400000US25017301102|2609|223|2253|258|2106|240|147|73|125|68|22|19|0|14|0|14|0|14|16|18|0|14|0|14|16|18|0|14|0|14|0|14|0|14|0|14|0|14|30|43|310|130
1400000US25017310101|1850|245|1171|257|1100|241|71|66|53|54|0|14|18|30|0|14|0|14|47|47|23|36|0|14|24|30|0|14|0|14|0|14|0|14|102|103|150|75|10|17|370|134
1400000US25017310102|1471|275|962|223|847|207|115|76|72|43|43|49|0|14|0|14|0|14|66|79|66|79|0|14|0|14|0|14|0|14|26|40|0|14|12|21|35|43|81|87|289|137
1400000US25017310200|2599|506|2260|473|2162|431|98|98|81|83|17|29|0|19|0|19|0|19|27|47|25|47|2|5|0|19|0|19|0|19|67|78|0|19|18|29|43|49|36|54|148|91
1400000US25017310300|3163|498|2649|424|2433|424|216|133|151|117|51|69|5|11|9|28|0|19|116|117|33|55|0|19|83|100|0|19|0|19|4|22|0|19|0|19|105|82|0|19|289|161
1400000US25017310400|1453|261|1257|255|1138|245|119|83|86|69|0|14|0|14|33|41|0|14|14|26|0|14|0|14|14|26|0|14|0|14|0|14|0|14|0|14|129|104|38|47|15|22
1400000US25017310500|2388|433|1978|456|1901|468|77|58|9|15|68|55|0|14|0|14|0|14|92|69|75|57|0|14|17|30|0|14|0|14|0|14|23|45|0|14|150|107|0|14|145|77
1400000US25017310601|2831|572|2666|547|2608|536|58|55|58|55|0|19|0|19|0|19|0|19|0|19|0|19|0|19|0|19|0|19|0|19|0|19|0|19|0|19|41|49|0|19|124|92
1400000US25017310602|3325|581|2809|569|2598|564|211|144|176|121|17|30|18|84|0|19|0|19|34|56|0|19|34|56|0|19|0|19|0|19|0|19|0|19|25|41|109|132|0|19|348|207
1400000US25017310700|2112|406|1505|347|1271|356|234|132|216|132|6|11|0|14|0|14|12|21|92|64|9|18|39|38|44|45|0|14|0|14|66|78|0|14|0|14|184|76|85|70|180|89
1400000US25017311100|1323|300|1011|270|810|276|201|95|100|69|38|38|31|49|32|29|0|14|13|15|0|14|0|14|13|15|0|14|0|14|11|19|0|14|0|14|33|29|42|60|213|87
1400000US25017311200|1311|446|1142|437|993|432|149|124|149|124|0|14|0|14|0|14|0|14|0|14|0|14|0|14|0|14|0|14|0|14|0|14|0|14|17|25|18|30|91|143|43|72
1400000US25017311300|2028|398|1628|382|1374|347|254|158|169|116|85|77|0|14|0|14|0|14|11|20|0|14|0|14|11|20|0|14|0|14|0|14|0|14|0|14|107|85|0|14|282|146
1400000US25017311400|3938|882|3082|683|2948|681|134|102|85|65|49|84|0|19|0|19|0|19|113|80|0|19|8|14|105|78|0|19|0|19|90|140|0|19|0|19|237|243|0|19|416|170
1400000US25017311500|1859|414|1655|438|1407|398|248|128|49|43|127|117|66|48|6|17|0|14|42|37|28|31|0|14|14|21|0|14|0|14|0|14|0|14|16|23|5|12|17|26|124|79
1400000US25017311600|3548|856|2793|840|2540|838|253|116|209|102|44|47|0|19|0|19|0|19|102|85|15|21|19|32|68|75|0|19|0|19|46|47|0|19|11|20|68|60|22|35|506|208
1400000US25017311700|2758|372|2360|323|1938|330|422|178|291|145|72|71|24|38|0|14|35|58|69|52|35|37|18|26|16|20|0|14|0|14|26|41|0|14|0|14|0|14|33|31|270|120
1400000US25017311800|1894|329|1583|310|1297|241|286|169|202|162|84|66|0|14|0|14|0|14|21|27|0|14|0|14|21|27|0|14|0|14|0|14|0|14|0|14|38|62|86|75|166|92
1400000US25017311900|1461|244|1194|221|1047|199|147|111|14|21|62|85|34|37|37|66|0|14|58|52|49|46|0|14|9|24|0|14|0|14|18|26|0|14|0|14|63|43|9|14|119|67
1400000US25017312000|1266|354|1209|342|1000|310|209|101|105|77|99|69|0|14|0|14|5|9|3|8|0|14|0|14|3|8|0|14|0|14|0|14|0|14|0|14|7|18|10|15|37|33
1400000US25017312100|1753|260|1508|208|1241|224|267|153|244|151|0|14|13|28|10|20|0|14|20|32|20|32|0|14|0|14|0|14|0|14|0|14|0|14|0|14|66|38|11|27|148|106
1400000US25017312200|2441|267|1997|280|1739|309|258|117|131|92|31|39|34|40|62|81|0|14|18|30|18|30|0|14|0|14|0|14|0|14|0|14|0|14|8|14|21|24|77|68|320|174
1400000US25017312300|2729|392|2395|382|2123|365|272|168|241|166|0|19|0|19|0|19|31|51|26|42|0|19|0|19|26|42|0|19|0|19|0|19|0|19|0|19|0|19|0|19|308|191
1400000US25017312400|831|170|664|154|633|146|31|27|29|27|2|3|0|14|0|14|0|14|6|9|6|9|0|14|0|14|0|14|0|14|0|14|0|14|0|14|12|18|29|34|120|81
1400000US25017312501|2474|354|2005|327|1773|266|232|216|232|216|0|14|0|14|0|14|0|14|50|50|38|46|0|14|12|18|0|14|0|14|0|14|0|14|0|14|2|5|94|72|323|122
1400000US25017312502|2370|336|1889|341|1625|326|264|125|252|131|0|14|0|14|0|14|12|20|34|30|13|19|0|14|21|23|0|14|0|14|28|38|0|14|0|14|90|49|9|15|320|136
1400000US25017313101|3609|604|3035|463|2573|388|462|256|374|250|0|19|88|112|0|19|0|19|0|19|0|19|0|19|0|19|0|19|0|19|0|19|0|19|0|19|0|19|0|19|574|299
1400000US25017313102|2883|410|2383|395|2207|404|176|159|153|131|0|19|0|19|0|19|23|39|30|34|0|19|4|6|26|33|0|19|0|19|0|19|0|19|0|19|0|19|15|25|455|179
1400000US25017314101|3557|575|2865|574|2517|585|348|235|288|214|20|33|40|66|0|19|0|19|0|19|0|19|0|19|0|19|0|19|0|19|0|19|0|19|0|19|18|27|0|19|674|290
1400000US25017314102|3552|370|3088|336|2905|356|183|180|152|170|0|19|31|50|0|19|0|19|122|119|0|19|0|19|122|119|0|19|0|19|18|30|0|19|0|19|64|84|0|19|260|105
1400000US25017314200|3200|541|2934|571|2875|564|59|57|59|57|0|19|0|19|0|19|0|19|0|19|0|19|0|19|0|19|0|19|0|19|0|19|0|19|0|19|15|28|13|21|238|138
1400000US25017314301|4585|536|4018|469|3600|430|418|183|271|146|89|76|0|19|11|14|47|78|97|122|18|30|5|13|74|119|0|19|0|19|42|67|0|19|0|19|0|19|0|19|428|195
1400000US25017314302|2005|320|1776|287|1674|299|102|76|82|69|0|14|20|29|0|14|0|14|2|7|2|7|0|14|0|14|0|14|0|14|0|14|0|14|16|19|39|57|50|53|122|71
1400000US25017315100|3259|444|2729|464|2384|459|345|181|287|155|48|53|10|16|0|19|0|19|18|19|0|19|10|13|8|12|0|19|0|19|0|19|0|19|0|19|10|15|11|18|491|156
1400000US25017315200|4789|675|4105|609|3920|598|185|111|168|99|17|29|0|19|0|19|0|19|104|113|0|19|0|19|104|113|0|19|0|19|0|19|0|19|0|19|56|65|31|33|493|231
1400000US25017315401|1893|276|1679|284|1617|277|62|52|62|52|0|14|0|14|0|14|0|14|28|30|5|12|0|14|23|27|0|14|0|14|0|14|0|14|0|14|0|14|0|14|186|94
1400000US25017315402|1783|212|1456|208|1294|200|162|99|125|78|0|14|37|58|0|14|0|14|47|44|20|32|0|14|27|28|0|14|0|14|0|14|0|14|0|14|12|19|0|14|268|104
1400000US25017315403|880|95|767|92|701|96|66|42|62|42|4|7|0|14|0|14|0|14|7|10|0|14|0|14|7|10|0|14|0|14|0|14|0|14|0|14|0|14|6|10|100|42
1400000US25017315500|4209|470|3611|458|3555|446|56|73|56|73|0|19|0|19|0|19|0|19|19|29|0|19|19|29|0|19|0|19|0|19|0|19|0|19|57|67|16|27|0|19|506|138
1400000US25017316101|2648|291|2186|312|2082|306|104|65|104|65|0|14|0|14|0|14|0|14|76|55|15|25|0|14|61|47|0|14|0|14|9|13|0|14|0|14|0|14|0|14|377|124
1400000US25017316102|4102|763|2720|471|2370|452|350|227|194|193|68|97|0|19|11|20|77|86|20|33|0|19|0|19|20|33|0|19|0|19|0|19|0|19|0|19|49|74|69|76|1244|715
1400000US25017316201|2242|389|1801|391|1702|392|99|71|97|71|2|6|0|14|0|14|0|14|127|94|83|90|0|14|44|34|0|14|0|14|0|14|0|14|0|14|43|56|69|43|202|87
1400000US25017316202|2142|236|1747|289|1494|242|253|210|64|65|111|144|78|108|0|14|0|14|30|35|13|20|0|14|17|28|0|14|0|14|0|14|0|14|0|14|0|14|3|10|362|117
1400000US25017316300|5555|763|4378|786|3978|791|400|267|400|267|0|19|0|19|0|19|0|19|27|32|15|25|0|19|12|20|0|19|0|19|0|19|0|19|0|19|21|27|0|19|1129|264
1400000US25017316400|3746|546|3119|563|2781|556|338|269|229|214|0|19|27|41|82|127|0|19|68|65|0|19|46|53|22|36|0|19|0|19|0|19|0|19|0|19|47|54|0|19|512|233
1400000US25017316500|3719|605|2674|344|2473|335|201|141|174|138|27|32|0|19|0|19|0|19|55|54|29|38|0|19|26|36|0|19|0|19|72|101|28|41|0|19|167|141|57|86|666|340
1400000US25017317101|3238|469|2169|399|1973|360|196|157|74|83|122|125|0|19|0|19|0|19|73|67|0|19|0|19|73|67|0|19|0|19|52|69|0|19|0|19|46|74|56|51|842|258
1400000US25017317102|2452|515|1818|227|1749|223|69|59|67|59|2|4|0|19|0|19|0|19|25|24|10|16|8|13|7|11|0|19|0|19|0|19|0|19|0|19|49|41|0|19|560|426
1400000US25017317103|2458|240|1732|220|1669|217|63|39|38|25|18|21|0|14|7|11|0|14|46|69|0|14|0|14|46|69|0|14|0|14|0|14|24|34|0|14|66|59|28|29|562|109
1400000US25017317201|1453|133|1195|127|1139|133|56|41|46|44|10|14|0|14|0|14|0|14|16|18|0|14|0|14|11|16|5|10|0|14|0|14|0|14|0|14|7|10|0|14|235|103
1400000US25017317202|2147|553|1565|553|1488|550|77|51|77|51|0|14|0|14|0|14|0|14|10|16|0|14|0|14|10|16|0|14|0|14|0|14|0|14|0|14|0|14|12|18|560|180
1400000US25017317203|2224|344|1592|219|1510|214|82|54|34|32|16|22|0|14|32|46|0|14|17|20|0|14|11|18|6|9|0|14|0|14|0|14|0|14|0|14|43|42|0|14|572|289
1400000US25017317301|1817|645|1511|498|1449|493|62|48|51|44|0|14|0|14|11|17|0|14|0|14|0|14|0|14|0|14|0|14|0|14|0|14|0|14|0|14|0|14|56|52|250|162
1400000US25017317302|2965|365|2419|367|2217|367|202|123|143|117|59|95|0|19|0|19|0|19|94|112|0|19|94|112|0|19|0|19|0|19|0|19|0|19|0|19|16|25|41|58|395|172
1400000US25017318100|3555|359|2546|364|2265|346|281|132|256|131|25|37|0|19|0|19|0|19|127|84|42|48|0|19|85|70|0|19|0|19|0|19|0|19|0|19|0|19|33|37|849|234
1400000US25017318200|2747|268|2128|242|2026|257|102|63|102|63|0|14|0|14|0|14|0|14|17|15|0|14|0|14|17|15|0|14|0|14|6|10|0|14|0|14|15|18|0|14|581|165
1400000US25017318300|4390|527|3170|595|3123|594|47|37|33|38|0|19|0|19|14|24|0|19|52|40|21|25|0|19|31|34|0|19|0|19|0|19|0|19|0|19|58|49|55|54|1055|210
1400000US25017318400|2234|198|1591|175|1266|169|325|144|251|126|64|55|0|14|10|15|0|14|6|10|0|14|6|10|0|14|0|14|0|14|0|14|0|14|0|14|0|14|36|37|601|142
1400000US25017320102|3083|323|1905|283|1857|283|48|33|25|32|23|26|0|19|0|19|0|19|70|43|0|19|0|19|70|43|0|19|0|19|0|19|0|19|0|19|24|27|12|19|1072|267
1400000US25017320105|1284|179|801|137|780|135|21|21|21|21|0|14|0|14|0|14|0|14|26|24|13|20|0|14|13|16|0|14|0|14|0|14|0|14|0|14|0|14|0|14|457|141
1400000US25017320106|3292|348|2114|379|1915|366|199|119|183|115|16|25|0|19|0|19|0|19|26|34|0|19|0|19|26|34|0|19|0|19|0|19|0|19|46|62|58|69|0|19|1048|229
1400000US25017320107|2336|385|1535|387|1464|388|71|53|71|53|0|14|0|14|0|14|0|14|112|75|0|14|23|35|89|64|0|14|0|14|0|14|0|14|0|14|40|44|7|11|642|183
1400000US25017321100|3011|439|1987|428|1899|401|88|100|88|100|0|19|0|19|0|19|0|19|18|28|18|28|0|19|0|19|0|19|0|19|81|129|0|19|0|19|62|79|85|90|778|258
1400000US25017321200|4811|776|3767|739|3057|643|710|293|539|242|167|174|4|12|0|19|0|19|38|55|32|49|0|19|6|25|0|19|0|19|0|19|47|52|0|19|225|162|283|157|451|179
1400000US25017321301|2469|670|2181|602|1883|587|298|161|172|110|126|123|0|14|0|14|0|14|10|23|0|14|10|23|0|14|0|14|0|14|0|14|0|14|0|14|11|18|101|148|166|118
1400000US25017321302|1850|527|1350|506|1156|363|194|190|191|188|3|10|0|14|0|14|0|14|67|59|0|14|0|14|67|59|0|14|0|14|0|14|0|14|0|14|63|84|144|125|226|125
1400000US25017321400|2358|290|1901|256|1772|246|129|92|94|79|0|14|0|14|28|43|7|10|0|14|0|14|0|14|0|14|0|14|0|14|14|22|0|14|0|14|0|14|0|14|443|181
1400000US25017321500|3982|587|3006|498|2670|470|336|210|309|201|0|19|27|43|0|19|0|19|30|38|14|24|0|19|16|29|0|19|0|19|63|78|0|19|18|27|56|65|42|66|767|289
1400000US25017321600|3747|602|2975|641|2360|378|615|427|383|347|182|206|38|70|12|20|0|19|0|19|0|19|0|19|0|19|0|19|0|19|0|19|0|19|0|19|29|33|0|19|743|214
1400000US25017322100|2606|261|2158|246|2024|248|134|75|134|75|0|14|0|14|0|14|0|14|10|15|0|14|0|14|10|15|0|14|0|14|0|14|0|14|0|14|10|15|17|29|411|128
1400000US25017322200|2175|265|1617|263|1453|261|164|102|164|102|0|14|0|14|0|14|0|14|31|36|0|14|0|14|31|36|0|14|0|14|0|14|0|14|0|14|112|80|0|14|415|193
1400000US25017322300|2832|423|2158|398|1869|343|289|155|264|158|25|36|0|19|0|19|0|19|15|24|15|24|0|19|0|19|0|19|0|19|0|19|0|19|0|19|20|32|149|129|490|233
1400000US25017322400|2686|388|2063|307|1991|310|72|63|33|37|0|14|33|50|0|14|6|9|62|58|0|14|40|53|22|24|0|14|0|14|45|55|0|14|0|14|152|173|0|14|364|134
1400000US25017323101|1837|234|1355|221|1250|218|105|70|88|63|17|27|0|14|0|14|0|14|42|45|0|14|11|17|31|41|0|14|0|14|0|14|0|14|0|14|0|14|0|14|440|148
1400000US25017323102|1846|280|1030|223|943|225|87|70|71|59|0|14|16|22|0|14|0|14|57|51|0|14|30|43|27|26|0|14|0|14|0|14|7|13|0|14|0|14|39|43|713|219
1400000US25017324101|2786|308|2114|265|1997|275|117|102|117|102|0|19|0|19|0|19|0|19|80|64|0|19|38|43|42|47|0|19|0|19|0|19|0|19|0|19|21|24|16|26|555|218
1400000US25017324102|2335|279|1653|222|1615|220|38|37|35|36|3|7|0|14|0|14|0|14|33|30|0|14|0|14|33|30|0|14|0|14|0|14|0|14|0|14|95|94|8|12|546|182
1400000US25017325101|2360|405|1740|454|1704|451|36|41|36|41|0|14|0|14|0|14|0|14|61|71|0|14|0|14|61|71|0|14|0|14|0|14|0|14|0|14|12|17|0|14|547|286
1400000US25017325102|2322|322|1918|319|1826|315|92|63|79|52|0|14|0|14|13|21|0|14|85|55|0|14|0|14|85|55|0|14|0|14|8|39|0|14|0|14|11|71|30|34|270|109
1400000US25017326101|2551|301|1782|414|1588|372|194|187|33|30|112|153|0|19|49|109|0|19|36|36|0|19|0|19|36|36|0|19|0|19|0|19|0|19|0|19|125|123|16|19|592|196
1400000US25017326102|2974|417|2079|299|1910|274|169|160|169|160|0|19|0|19|0|19|0|19|21|47|0|19|21|47|0|19|0|19|0|19|0|19|0|19|0|19|18|45|10|18|846|328
1400000US25017327101|2256|250|1801|230|1707|229|94|55|87|59|0|14|0|14|0|14|7|12|0|14|0|14|0|14|0|14|0|14|0|14|0|14|0|14|31|47|0|14|9|15|415|124
1400000US25017327102|2313|307|1923|309|1830|307|93|56|57|41|36|42|0|14|0|14|0|14|0|14|0|14|0|14|0|14|0|14|0|14|0|14|0|14|0|14|1|5|18|21|371|94
1400000US25017327103|1801|230|1486|224|1363|205|123|104|89|84|34|38|0|14|0|14|0|14|9|11|0|14|0|14|9|11|0|14|0|14|0|14|0|14|0|14|34|37|0|14|272|88
1400000US25017328100|1947|123|1553|134|1469|141|84|39|52|27|25|27|0|14|7|9|0|14|5|9|5|9|0|14|0|14|0|14|0|14|0|14|7|10|0|14|8|8|14|15|360|79
1400000US25017330101|1955|279|1201|220|1123|219|78|72|71|71|7|14|0|14|0|14|0|14|33|38|0|14|0|14|33|38|0|14|0|14|0|14|0|14|0|14|56|88|0|14|665|179
1400000US25017330102|2680|391|2071|271|1977|273|94|85|94|85|0|19|0|19|0|19|0|19|7|13|0|19|7|13|0|19|0|19|0|19|0|19|0|19|0|19|51|60|0|19|551|227
1400000US25017330201|1752|353|1177|278|1109|278|68|58|68|58|0|14|0|14|0|14|0|14|33|31|14|20|1|5|18|23|0|14|0|14|0|14|0|14|0|14|8|14|16|26|518|317
1400000US25017330202|2035|237|1620|235|1576|231|44|40|37|39|7|11|0|14|0|14|0|14|27|44|27|44|0|14|0|14|0|14|0|14|0|14|33|50|0|14|40|56|21|32|294|122
1400000US25017331101|1813|253|1307|241|1290|240|17|16|17|16|0|14|0|14|0|14|0|14|43|46|0|14|0|14|43|46|0|14|0|14|0|14|0|14|0|14|0|14|10|18|453|116
1400000US25017331102|3808|492|3012|466|2797|476|215|118|167|117|48|48|0|19|0|19|0|19|218|115|20|24|52|48|146|99|0|19|0|19|0|19|0|19|18|29|35|42|55|86|470|191
1400000US25017331200|3138|427|2499|343|2331|306|168|94|168|94|0|19|0|19|0|19|0|19|18|21|0|19|11|17|7|11|0|19|0|19|0|19|0|19|0|19|26|28|38|43|557|182
1400000US25017331300|3813|391|2663|412|2535|405|128|92|128|92|0|19|0|19|0|19|0|19|191|110|31|36|27|34|105|92|28|32|0|19|0|19|0|19|0|19|46|63|148|140|765|214
1400000US25017332100|3113|403|2229|419|2104|368|125|112|61|59|0|19|0|19|0|19|64|94|34|37|19|29|0|19|0|19|15|24|0|19|0|19|0|19|0|19|0|19|0|19|850|225
1400000US25017332201|883|116|694|114|643|116|51|38|19|19|16|19|0|14|0|14|16|22|0|14|0|14|0|14|0|14|0|14|0|14|0|14|0|14|22|24|13|14|0|14|154|71
1400000US25017332202|4067|657|3143|596|2864|592|279|210|217|191|13|23|49|78|0|19|0|19|98|83|46|56|32|50|20|31|0|19|0|19|0|19|0|19|19|31|15|25|0|19|792|335
1400000US25017332300|3803|682|2860|415|2426|387|434|200|421|200|0|19|13|21|0|19|0|19|271|325|44|50|227|320|0|19|0|19|0|19|27|46|0|19|0|19|0|19|0|19|645|221
1400000US25017332401|1219|183|973|197|931|191|42|32|42|32|0|14|0|14|0|14|0|14|0|14|0|14|0|14|0|14|0|14|0|14|0|14|0|14|0|14|0|14|0|14|246|111
1400000US25017332402|1112|191|852|147|785|137|67|45|67|45|0|14|0|14|0|14|0|14|23|30|0|14|23|30|0|14|0|14|0|14|0|14|12|18|0|14|49|46|0|14|176|80
1400000US25017333100|4119|476|2993|412|2715|393|278|175|247|180|31|36|0|19|0|19|0|19|276|142|161|131|43|45|72|62|0|19|0|19|14|25|0|19|24|30|37|55|94|148|681|258
1400000US25017333200|3078|513|2617|498|2338|301|279|300|88|93|191|280|0|19|0|19|0|19|131|83|77|73|0|19|54|51|0|19|0|19|24|37|0|19|0|19|24|38|41|39|241|118
1400000US25017333300|2308|362|1907|371|1446|320|461|226|358|209|0|14|103|120|0|14|0|14|53|39|10|17|22|24|21|25|0|14|0|14|29|46|0|14|3|7|12|21|47|57|257|97
1400000US25017333400|3462|527|2661|467|2531|462|130|98|95|93|35|44|0|19|0|19|0|19|19|30|19|30|0|19|0|19|0|19|0|19|0|19|0|19|0|19|71|60|27|36|684|259
1400000US25017333501|2783|313|2307|325|1942|284|365|199|365|199|0|14|0|14|0|14|0|14|21|21|0|14|0|14|21|21|0|14|0|14|20|33|0|14|11|19|51|81|0|14|373|126
1400000US25017333502|1817|239|1398|221|1209|229|189|150|154|146|8|13|0|14|11|16|16|24|37|33|25|36|12|13|0|14|0|14|0|14|0|14|0|14|0|14|86|86|9|14|287|135
1400000US25017333601|1405|330|1018|342|888|342|130|73|130|73|0|14|0|14|0|14|0|14|35|37|16|27|6|11|13|20|0|14|0|14|0|14|0|14|0|14|0|14|0|14|352|136
1400000US25017333602|3938|505|3025|399|2721|422|304|162|170|108|73|83|0|19|0|19|61|67|269|172|117|93|61|73|91|122|0|19|0|19|0|19|0|19|0|19|55|54|0|19|589|370
1400000US25017334100|3623|438|2298|362|2083|355|215|162|208|162|7|11|0|19|0|19|0|19|151|106|0|19|0|19|151|106|0|19|0|19|0|19|0|19|0|19|15|25|9|15|1150|274
1400000US25017334200|2371|394|1585|323|1534|314|51|46|51|46|0|14|0|14|0|14|0|14|257|129|0|14|33|29|146|84|78|97|0|14|0|14|0|14|0|14|27|22|0|14|502|149
1400000US25017334300|3797|410|2646|339|2393|325|253|104|215|96|24|39|14|22|0|19|0|19|171|85|17|26|37|58|117|69|0|19|0|19|0|19|0|19|0|19|21|33|0|19|959|253
1400000US25017334400|3532|541|2248|369|1927|349|321|192|309|187|12|21|0|19|0|19|0|19|102|72|20|32|21|35|61|48|0|19|0|19|0|19|0|19|0|19|102|88|0|19|1080|475
1400000US25017335100|3111|439|2258|422|2157|405|101|123|101|123|0|19|0|19|0|19|0|19|169|126|22|36|63|63|84|95|0|19|0|19|0|19|0|19|0|19|102|82|0|19|582|204
1400000US25017335200|3486|513|2252|420|1931|380|321|170|321|170|0|19|0|19|0|19|0|19|366|262|0|19|102|65|264|249|0|19|0|19|0|19|0|19|0|19|190|111|61|56|617|255
1400000US25017335301|2590|474|1865|296|1731|278|134|96|124|94|0|14|10|14|0|14|0|14|79|67|0|14|65|65|14|17|0|14|0|14|0|14|0|14|0|14|8|13|0|14|638|290
1400000US25017335302|2656|387|1805|336|1779|328|26|36|26|36|0|19|0|19|0|19|0|19|82|53|0|19|58|44|24|29|0|19|0|19|0|19|0|19|9|14|49|47|0|19|711|244
1400000US25017335400|2926|286|1843|274|1692|237|151|101|141|101|10|16|0|19|0|19|0|19|326|115|0|19|225|92|93|56|8|13|0|19|0|19|0|19|0|19|0|19|25|41|732|209
1400000US25017336100|2855|443|1710|397|1539|381|171|114|140|107|16|23|15|23|0|19|0|19|346|142|13|21|314|136|19|30|0|19|0|19|0|19|0|19|22|37|14|22|38|62|725|206
1400000US25017336201|1585|293|832|219|832|219|0|14|0|14|0|14|0|14|0|14|0|14|219|161|0|14|144|100|75|105|0|14|0|14|0|14|0|14|63|107|30|35|0|14|441|175
1400000US25017336202|1462|194|771|126|755|124|16|23|16|23|0|14|0|14|0|14|0|14|223|99|0|14|200|104|14|23|9|14|0|14|0|14|0|14|0|14|3|6|0|14|465|179
1400000US25017336300|3742|376|2085|335|1951|327|134|90|134|90|0|19|0|19|0|19|0|19|376|122|0|19|344|123|32|36|0|19|0|19|0|19|0|19|0|19|59|71|0|19|1222|297
1400000US25017336402|2549|425|1377|235|1277|220|100|94|46|66|0|19|26|42|28|40|0|19|490|151|5|8|367|114|118|82|0|19|0|19|15|25|0|19|0|19|27|34|113|111|527|275
1400000US25017336403|2198|313|1119|208|1021|196|98|86|98|86|0|14|0|14|0|14|0|14|550|199|84|63|432|153|34|55|0|14|0|14|29|34|11|19|0|14|68|76|33|40|388|211
1400000US25017336404|1580|223|901|193|668|200|233|121|160|89|73|67|0|14|0|14|0|14|297|117|9|16|265|115|23|30|0|14|0|14|0|14|0|14|0|14|50|45|15|25|317|143
1400000US25017337101|1600|237|1231|223|1101|206|130|74|87|62|0|14|33|32|0|14|10|17|71|58|0|14|71|58|0|14|0|14|0|14|0|14|0|14|0|14|21|31|0|14|277|106
1400000US25017337102|3048|381|2071|314|1912|311|159|117|24|38|110|96|0|19|25|42|0|19|151|102|0|19|114|88|37|51|0|19|0|19|0|19|0|19|0|19|1|3|28|47|797|257
1400000US25017337201|1741|257|1299|177|1280|175|19|24|19|24|0|14|0|14|0|14|0|14|48|37|7|11|32|29|9|13|0|14|0|14|0|14|0|14|0|14|44|31|10|16|340|162
1400000US25017337202|2658|376|2138|384|2068|366|70|70|70|70|0|19|0|19|0|19|0|19|60|54|10|16|50|52|0|19|0|19|0|19|0|19|0|19|0|19|0|19|0|19|460|153
1400000US25017337300|3536|484|2726|450|2507|414|219|137|164|125|15|26|40|59|0|19|0|19|192|108|0|19|130|89|62|86|0|19|0|19|1|3|0|19|14|24|0|19|0|19|603|236
1400000US25017338100|1620|222|803|142|661|131|142|71|142|71|0|14|0|14|0|14|0|14|62|48|0|14|33|39|29|28|0|14|0|14|0|14|0|14|16|25|90|70|0|14|649|179
1400000US25017338200|2138|338|1483|297|1384|294|99|74|98|73|1|7|0|14|0|14|0|14|78|53|25|33|12|21|31|30|10|16|0|14|22|30|12|20|11|18|18|24|0|14|514|161
1400000US25017338300|1416|205|831|145|806|142|25|26|17|19|8|15|0|14|0|14|0|14|143|75|0|14|50|65|93|46|0|14|0|14|0|14|8|12|37|36|31|28|34|38|332|99
1400000US25017338400|3213|285|1806|250|1703|260|103|73|103|73|0|19|0|19|0|19|0|19|279|147|27|43|188|132|64|56|0|19|0|19|0|19|0|19|31|49|96|68|28|24|973|226
1400000US25017338500|2851|304|1453|245|1324|233|129|66|106|60|11|19|12|20|0|19|0|19|238|105|26|41|62|47|150|73|0|19|0|19|0|19|0|19|17|27|63|50|0|19|1080|219
1400000US25017339101|1433|304|764|277|618|201|146|197|21|33|125|197|0|14|0|14|0|14|328|152|232|136|88|55|0|14|8|15|0|14|0|14|0|14|8|15|71|65|18|23|244|107
1400000US25017339102|1713|246|1109|204|1014|213|95|86|35|31|60|71|0|14|0|14|0|14|110|67|0|14|80|58|30|34|0|14|0|14|0|14|0|14|9|15|49|62|0|14|436|207
1400000US25017339200|3320|473|1964|387|1740|365|224|104|159|85|52|53|0|19|0|19|13|24|446|185|103|88|186|140|157|95|0|19|0|19|0|19|28|34|13|20|100|82|16|25|753|311
1400000US25017339300|1948|364|1047|240|1027|236|20|21|20|21|0|14|0|14|0|14|0|14|187|75|86|61|52|64|49|44|0|14|0|14|0|14|9|15|47|38|151|108|24|36|483|208
1400000US25017339400|2615|746|1082|280|1049|278|33|27|21|21|0|14|12|19|0|14|0|14|321|135|74|51|210|114|37|51|0|14|0|14|0|14|0|14|248|266|300|128|0|14|664|276
1400000US25017339500|2927|466|1529|430|1331|383|198|130|128|121|45|42|0|19|20|26|5|10|417|137|199|100|205|101|0|19|13|21|0|19|0|19|0|19|80|56|437|115|15|19|449|107
1400000US25017339600|3348|508|1596|328|1449|323|147|106|92|84|55|64|0|19|0|19|0|19|612|265|241|168|371|148|0|19|0|19|0|19|0|19|0|19|110|103|126|87|42|58|862|315
1400000US25017339700|2086|360|1329|305|1238|306|91|97|60|85|31|39|0|14|0|14|0|14|352|172|164|156|188|138|0|14|0|14|0|14|0|14|0|14|51|51|23|22|0|14|331|137
1400000US25017339802|2732|481|1581|306|1409|301|172|102|91|93|52|49|0|14|29|43|0|14|333|197|52|48|281|196|0|14|0|14|0|14|0|14|0|14|0|14|20|33|0|14|798|347
1400000US25017339803|2280|420|762|288|620|211|142|194|133|186|0|14|9|52|0|14|0|14|576|199|0|14|503|159|73|111|0|14|0|14|0|14|0|14|0|14|52|62|74|58|816|255
1400000US25017339804|1550|339|792|169|741|164|51|42|33|28|18|34|0|14|0|14|0|14|319|202|115|156|171|96|33|42|0|14|0|14|0|14|0|14|0|14|1|2|66|52|372|238
1400000US25017339900|3200|454|2226|404|2060|413|166|93|123|76|43|66|0|19|0|19|0|19|348|207|233|151|115|93|0|19|0|19|0|19|0|19|0|19|0|19|82|108|71|89|473|212
1400000US25017340000|1502|283|1063|248|899|215|164|102|164|102|0|14|0|14|0|14|0|14|141|96|102|75|25|31|8|16|6|11|0|14|0|14|0|14|0|14|52|50|0|14|246|138
1400000US25017340100|3712|522|2515|443|2037|349|478|326|335|251|143|149|0|19|0|19|0|19|368|193|188|162|160|143|20|33|0|19|0|19|0|19|0|19|75|92|31|38|31|36|692|189
1400000US25017341101|2230|384|1254|263|1119|253|135|62|66|55|54|45|0|14|0|14|15|23|525|151|31|28|484|142|10|17|0|14|0|14|0|14|0|14|47|53|36|35|17|23|351|193
1400000US25017341102|3047|683|1469|392|1274|372|195|101|106|75|0|19|0|19|0|19|89|75|817|222|0|19|767|211|50|57|0|19|0|19|60|74|0|19|0|19|16|31|0|19|685|521
1400000US25017341200|3915|587|2174|480|1606|426|568|314|511|317|57|68|0|19|0|19|0|19|832|316|90|88|575|231|167|199|0|19|0|19|0|19|0|19|0|19|104|96|0|19|805|439
1400000US25017341301|2193|424|772|192|536|137|236|150|236|150|0|14|0|14|0|14|0|14|625|214|17|28|583|210|25|35|0|14|0|14|0|14|0|14|0|14|48|58|64|71|684|301
1400000US25017341302|1685|763|1150|739|858|751|292|160|292|160|0|14|0|14|0|14|0|14|349|122|8|13|341|119|0|14|0|14|0|14|0|14|0|14|0|14|22|23|0|14|164|72
1400000US25017341400|3987|730|2395|707|1583|434|812|614|349|273|362|516|0|19|101|137|0|19|700|248|382|203|318|205|0|19|0|19|0|19|0|19|0|19|84|147|0|19|183|224|625|217
1400000US25017341500|2378|344|1493|261|1216|240|277|133|203|114|44|57|0|14|0|14|30|50|377|109|24|29|321|105|32|30|0|14|0|14|79|91|0|14|22|30|55|53|50|54|302|167
1400000US25017341600|3905|596|2032|359|1432|263|600|267|351|147|45|58|100|114|104|161|0|19|1103|400|209|218|828|347|66|65|0|19|0|19|0|19|0|19|22|37|88|77|0|19|660|263
1400000US25017341700|3069|502|2153|409|1708|368|445|200|381|196|64|81|0|19|0|19|0|19|504|219|0|19|484|216|20|32|0|19|0|19|0|19|0|19|0|19|60|73|0|19|352|133
1400000US25017341800|3432|565|2012|385|1607|308|405|211|376|208|29|54|0|19|0|19|0|19|497|223|134|144|277|177|86|100|0|19|0|19|0|19|0|19|30|35|312|454|270|233|311|191
1400000US25017341901|610|98|413|84|326|67|87|47|53|31|34|32|0|14|0|14|0|14|84|38|49|31|35|21|0|14|0|14|0|14|0|14|0|14|0|14|13|15|0|14|100|51
1400000US25017341903|4360|449|2848|552|2500|536|348|168|285|172|15|25|48|80|0|19|0|19|453|210|108|100|345|195|0|19|0|19|0|19|0|19|0|19|0|19|0|19|0|19|1059|375
1400000US25017341904|1428|234|927|228|713|205|214|93|185|88|26|38|3|6|0|14|0|14|118|105|66|75|52|72|0|14|0|14|0|14|0|14|0|14|0|14|43|73|53|66|287|142
1400000US25017342101|3011|597|2009|474|1557|443|452|250|299|155|153|205|0|19|0|19|0|19|380|280|102|83|278|277|0|19|0|19|0|19|9|14|0|19|24|28|49|57|85|115|455|229
1400000US25017342102|2647|362|1829|284|1420|257|409|183|324|135|45|70|16|21|24|32|0|14|431|198|313|175|118|87|0|14|0|14|0|14|21|27|0|14|53|70|200|122|24|38|89|72
1400000US25017342201|2899|704|1522|327|1282|294|240|104|137|94|82|65|6|14|15|25|0|19|1043|596|749|463|276|214|18|30|0|19|0|19|0|19|0|19|0|19|135|93|67|78|132|114
1400000US25017342202|2326|397|1544|283|1268|197|276|154|231|139|0|14|0|14|45|63|0|14|440|142|326|117|107|70|7|12|0|14|0|14|57|54|0|14|0|14|181|128|62|97|42|27
1400000US25017342301|1812|392|1024|246|812|260|212|127|143|102|69|69|0|14|0|14|0|14|422|204|255|147|167|162|0|14|0|14|0|14|7|32|0|14|60|101|79|123|69|92|151|81
1400000US25017342302|2209|438|1565|390|1298|298|267|138|246|131|21|35|0|14|0|14|0|14|377|181|226|154|151|112|0|14|0|14|0|14|0|14|0|14|7|11|107|92|54|77|99|69
1400000US25017342401|1873|461|1169|317|1000|300|169|135|40|43|129|132|0|14|0|14|0|14|383|199|266|188|117|124|0|14|0|14|0|14|6|11|0|14|30|39|109|109|17|28|159|123
1400000US25017342402|2398|663|1192|338|820|230|372|256|235|168|115|134|0|14|22|27|0|14|456|287|186|121|188|144|82|129|0|14|0|14|30|49|0|14|49|74|98|157|24|28|549|348
1400000US25017342501|2024|361|1601|319|947|269|654|259|438|219|143|145|72|88|1|3|0|14|198|130|165|120|33|35|0|14|0|14|0|14|0|14|0|14|13|22|1|8|129|102|82|59
1400000US25017342502|2277|822|1451|650|1150|601|301|233|136|85|165|177|0|14|0|14|0|14|97|95|97|95|0|14|0|14|0|14|0|14|77|63|0|14|0|14|174|117|165|76|313|258
1400000US25017342600|2833|593|2158|404|1710|352|448|228|306|189|74|82|0|19|68|76|0|19|357|217|245|209|112|74|0|19|0|19|0|19|11|19|0|19|0|19|77|66|50|47|180|96
1400000US25017350105|825|112|506|102|391|98|115|61|77|50|38|41|0|14|0|14|0|14|78|43|10|10|68|41|0|14|0|14|0|14|0|14|0|14|28|28|4|6|0|14|209|68
1400000US25017350106|1720|242|712|209|613|150|99|86|99|86|0|14|0|14|0|14|0|14|503|137|8|13|469|138|26|31|0|14|0|14|22|22|0|14|0|14|23|29|0|14|460|99
1400000US25017350107|729|217|437|136|355|131|82|108|71|108|11|18|0|14|0|14|0|14|164|121|71|81|93|77|0|14|0|14|0|14|0|14|0|14|0|14|67|46|0|14|61|53
1400000US25017350108|2209|497|993|278|824|253|169|114|169|114|0|14|0|14|0|14|0|14|233|126|78|65|155|105|0|14|0|14|0|14|40|57|0|14|116|103|144|110|57|59|626|339
1400000US25017350109|1743|446|1025|289|750|242|275|225|234|228|41|48|0|14|0|14|0|14|268|193|190|190|66|42|0|14|12|21|0|14|0|14|0|14|18|18|23|21|0|14|409|341
1400000US25017350201|1942|424|898|318|672|201|226|213|208|207|18|27|0|14|0|14|0|14|234|101|19|31|195|91|0|14|20|34|0|14|0|14|0|14|85|82|72|50|21|33|632|215
1400000US25017350202|2840|451|1072|323|936|280|136|92|71|75|65|54|0|14|0|14|0|14|566|138|193|96|349|126|24|33|0|14|0|14|15|24|0|14|250|161|130|90|3|10|804|210
1400000US25017350300|2049|378|719|220|622|196|97|63|68|54|13|25|16|26|0|14|0|14|444|145|93|65|339|110|0|14|12|14|0|14|18|25|0|14|154|78|78|47|36|43|600|220
1400000US25017350400|4421|654|1736|548|1641|541|95|59|62|50|10|16|0|19|0|19|23|37|877|287|31|37|832|278|0|19|14|24|0|19|0|19|0|19|292|136|228|112|0|19|1288|255
1400000US25017350500|1220|200|270|84|252|71|18|24|18|24|0|14|0|14|0|14|0|14|390|95|31|23|359|90|0|14|0|14|0|14|0|14|0|14|38|27|53|32|0|14|469|161
1400000US25017350600|2537|323|645|157|567|157|78|52|66|50|0|14|5|10|0|14|7|14|500|160|28|30|427|140|45|48|0|14|0|14|1|2|0|14|59|40|577|131|20|22|735|200
1400000US25017350701|2203|448|801|224|692|186|109|85|29|43|0|14|80|77|0|14|0|14|405|134|52|40|353|128|0|14|0|14|0|14|0|14|0|14|101|67|79|58|0|14|817|369
1400000US25017350702|1773|426|821|303|635|238|186|164|172|158|14|23|0|14|0|14|0|14|332|153|55|49|267|136|10|18|0|14|0|14|0|14|0|14|9|16|401|337|0|14|210|113
1400000US25017350800|1419|201|451|102|354|74|97|53|97|53|0|14|0|14|0|14|0|14|498|105|53|45|436|94|0|14|9|14|0|14|0|14|9|14|45|25|15|13|7|8|394|136
1400000US25017350900|2848|294|797|199|727|190|70|60|57|57|0|14|0|14|0|14|13|19|891|191|85|54|806|187|0|14|0|14|0|14|0|14|0|14|99|65|161|92|24|27|876|221
1400000US25017351001|3265|584|728|274|651|202|77|122|77|122|0|14|0|14|0|14|0|14|574|151|19|31|502|150|53|58|0|14|0|14|0|14|0|14|212|97|317|121|11|17|1423|516
1400000US25017351002|1929|413|712|163|687|164|25|41|25|41|0|14|0|14|0|14|0|14|385|213|38|48|347|208|0|14|0|14|0|14|0|14|0|14|202|119|106|104|0|14|524|142
1400000US25017351101|2353|363|836|234|741|224|95|64|52|58|0|14|0|14|43|44|0|14|413|118|119|83|294|110|0|14|0|14|0|14|0|14|0|14|304|196|120|79|0|14|680|211
1400000US25017351102|1540|500|420|106|401|104|19|22|19|22|0|14|0|14|0|14|0|14|225|102|65|63|160|80|0|14|0|14|0|14|5|10|0|14|97|107|170|99|20|27|603|433
1400000US25017351203|3401|554|884|235|843|234|41|34|25|24|16|25|0|14|0|14|0|14|604|172|145|100|449|145|10|15|0|14|0|14|0|14|8|13|268|109|522|151|43|43|1072|441
1400000US25017351204|2944|413|855|179|832|183|23|26|23|26|0|14|0|14|0|14|0|14|427|139|173|111|233|92|21|33|0|14|0|14|9|13|0|14|495|134|314|112|56|52|788|273
1400000US25017351300|2926|493|979|245|764|229|215|133|215|133|0|14|0|14|0|14|0|14|419|191|156|88|263|161|0|14|0|14|0|14|23|32|0|14|259|153|465|226|30|50|751|263
1400000US25017351403|2480|383|927|310|761|283|166|109|166|109|0|14|0|14|0|14|0|14|680|257|361|192|310|149|9|15|0|14|0|14|43|49|0|14|83|69|253|123|32|48|462|148
1400000US25017351404|2532|292|895|265|813|233|82|106|82|106|0|14|0|14|0|14|0|14|543|217|215|166|311|129|10|18|7|13|0|14|4|8|3|12|231|148|186|186|60|83|610|187
1400000US25017351500|1586|283|533|183|490|172|43|53|43|53|0|14|0|14|0|14|0|14|223|142|136|127|87|55|0|14|0|14|0|14|0|14|0|14|111|64|132|62|34|54|553|179
1400000US25017352101|2447|397|734|279|558|248|176|139|176|139|0|14|0|14|0|14|0|14|280|114|149|92|131|67|0|14|0|14|0|14|20|30|0|14|107|68|489|211|36|45|781|238
1400000US25017352102|1719|270|432|127|335|120|97|77|59|58|38|44|0|14|0|14|0|14|290|135|7|11|259|130|12|19|12|18|0|14|0|14|0|14|124|61|311|130|34|53|528|174
1400000US25017352200|960|183|174|98|156|93|18|30|18|30|0|14|0|14|0|14|0|14|204|87|43|39|142|70|0|14|19|32|0|14|36|57|0|14|82|42|123|61|83|64|258|97
1400000US25017352300|3370|324|407|123|352|115|55|47|15|24|40|39|0|14|0|14|0|14|630|170|61|64|550|164|0|14|19|31|0|14|0|14|0|14|399|149|715|182|30|36|1189|243
1400000US25017352400|888|169|306|96|262|87|44|33|42|33|0|14|2|4|0|14|0|14|163|74|59|46|64|37|30|23|10|15|0|14|10|14|0|14|46|37|202|69|34|32|127|56
1400000US25017352500|2032|284|320|102|313|99|7|15|0|14|0|14|0|14|0|14|7|15|397|118|112|63|276|95|9|14|0|14|0|14|11|18|0|14|181|74|555|146|57|57|511|143
1400000US25017352600|1923|296|425|122|379|105|46|69|46|69|0|14|0|14|0|14|0|14|335|167|154|91|154|99|0|14|27|38|0|14|0|14|0|14|233|108|272|107|37|55|621|196
1400000US25017352700|1317|261|308|124|274|107|34|42|34|42|0|14|0|14|0|14|0|14|259|142|103|97|156|83|0|14|0|14|0|14|0|14|0|14|142|108|182|75|11|18|415|170
1400000US25017352800|1234|208|309|117|303|118|6|9|6|9|0|14|0|14|0|14|0|14|176|70|103|61|73|41|0|14|0|14|0|14|0|14|0|14|171|71|228|78|17|18|333|85
1400000US25017352900|2008|372|485|137|467|136|18|26|18|26|0|14|0|14|0|14|0|14|210|76|67|49|134|61|9|15|0|14|0|14|0|14|0|14|271|99|494|143|50|49|498|249
1400000US25017353000|2119|341|397|148|375|145|22|28|22|28|0|14|0|14|0|14|0|14|792|270|167|120|619|240|0|14|6|10|0|14|0|14|0|14|158|74|314|109|0|14|458|195
1400000US25017353101|2122|413|190|149|101|126|89|109|4|8|0|14|0|14|85|108|0|14|630|231|98|73|514|211|18|28|0|14|0|14|34|47|0|14|152|102|479|171|10|17|627|175
1400000US25017353102|2413|250|208|97|147|73|61|50|61|50|0|19|0|19|0|19|0|19|175|65|58|46|95|41|22|27|0|19|0|19|0|19|0|19|93|66|1474|224|18|17|445|124
1400000US25017353200|3130|341|460|139|404|129|56|53|46|49|0|19|0|19|10|16|0|19|411|153|134|89|277|120|0|19|0|19|0|19|12|18|0|19|290|104|1220|206|23|29|714|213
1400000US25017353300|2837|373|641|161|518|156|123|86|116|86|0|14|0|14|7|11|0|14|746|281|123|70|566|266|14|22|43|57|0|14|0|14|0|14|338|112|480|163|45|29|587|203
1400000US25017353600|2669|326|548|173|502|167|46|39|37|35|9|16|0|14|0|14|0|14|579|166|118|75|440|142|21|24|0|14|0|14|7|14|0|14|132|76|634|138|4|8|765|195
1400000US25017353700|2817|414|492|154|482|153|10|20|10|20|0|19|0|19|0|19|0|19|465|179|185|102|250|132|30|49|0|19|0|19|0|19|0|19|180|97|966|187|28|23|686|149
1400000US25017353800|2859|511|340|136|308|130|32|49|32|49|0|14|0|14|0|14|0|14|744|230|200|122|544|202|0|14|0|14|0|14|0|14|0|14|236|110|329|127|137|124|1073|479
1400000US25017353900|2645|372|437|151|361|144|76|48|65|45|0|19|0|19|0|19|11|21|242|119|65|60|177|95|0|19|0|19|0|19|11|23|0|19|44|35|1077|287|24|33|810|217
1400000US25017354000|2497|312|605|166|529|150|76|58|70|57|6|11|0|14|0|14|0|14|423|123|80|60|343|108|0|14|0|14|0|14|41|48|33|37|172|86|463|150|12|25|748|197
1400000US25017354100|1214|206|264|90|237|94|27|27|27|27|0|14|0|14|0|14|0|14|121|74|75|58|40|28|6|10|0|14|0|14|11|17|0|14|54|33|285|108|4|8|475|146
1400000US25017354200|1705|304|782|185|701|175|81|55|75|56|0|14|6|10|0|14|0|14|112|64|27|25|85|58|0|14|0|14|0|14|0|14|8|12|94|53|285|213|0|14|424|129
1400000US25017354300|2019|279|1082|194|844|151|238|148|197|151|41|38|0|14|0|14|0|14|319|141|177|131|142|80|0|14|0|14|0|14|0|14|0|14|160|82|108|58|0|14|350|125
1400000US25017354400|1032|157|373|94|314|86|59|32|43|27|9|13|7|12|0|14|0|14|128|47|42|30|86|33|0|14|0|14|0|14|0|14|0|14|101|45|128|76|0|14|302|88
1400000US25017354500|1111|190|264|87|249|86|15|17|14|16|1|4|0|14|0|14|0|14|96|42|18|18|78|36|0|14|0|14|0|14|0|14|39|59|54|40|235|84|0|14|423|123
1400000US25017354601|1016|226|482|167|377|139|105|80|105|80|0|14|0|14|0|14|0|14|156|81|93|65|63|48|0|14|0|14|0|14|18|33|0|14|37|35|14|17|0|14|309|157
1400000US25017354602|2297|442|666|213|534|197|132|114|95|101|0|14|37|51|0|14|0|14|372|144|48|51|293|120|31|39|0|14|0|14|49|70|0|14|48|58|237|117|44|44|881|410
1400000US25017354700|1872|174|617|177|517|166|100|56|100|56|0|14|0|14|0|14|0|14|476|139|57|44|412|132|7|11|0|14|0|14|17|18|5|8|107|53|226|92|0|14|424|107
1400000US25017354800|1645|306|447|102|388|109|59|48|52|47|0|14|7|9|0|14|0|14|343|122|103|52|218|98|8|12|14|23|0|14|0|14|0|14|110|50|63|50|0|14|682|183
1400000US25017354901|2380|356|517|160|504|155|13|26|13|26|0|14|0|14|0|14|0|14|869|219|130|74|739|214|0|14|0|14|0|14|0|14|0|14|43|37|46|53|12|20|893|326
1400000US25017354902|2900|591|1187|389|1097|395|90|72|62|78|0|19|0|19|0|19|28|43|955|421|348|294|607|230|0|19|0|19|0|19|23|38|0|19|123|71|114|108|0|19|498|181
1400000US25017355000|2341|387|738|200|686|170|52|47|27|27|25|39|0|14|0|14|0|14|524|133|96|64|428|122|0|14|0|14|0|14|0|14|0|14|184|107|184|92|0|14|711|268
1400000US25017356100|2196|282|917|204|857|199|60|40|28|27|15|20|17|20|0|14|0|14|606|162|194|128|402|122|0|14|10|17|0|14|0|14|8|15|152|77|41|40|31|36|441|96
1400000US25017356300|3939|616|1976|416|1722|391|254|164|254|164|0|19|0|19|0|19|0|19|286|129|52|50|173|90|61|75|0|19|0|19|0|19|0|19|225|120|85|69|23|37|1344|531
1400000US25017356400|3876|427|2329|379|2119|411|210|156|97|69|90|137|23|33|0|19|0|19|301|143|105|83|160|98|36|40|0|19|0|19|0|19|0|19|77|53|80|76|9|15|1080|264
1400000US25017356500|3880|438|2121|269|2063|264|58|46|42|40|16|25|0|19|0|19|0|19|297|107|101|58|196|91|0|19|0|19|0|19|0|19|40|43|141|88|76|55|48|45|1157|366
1400000US25017356601|2479|277|1161|224|1085|213|76|64|68|60|8|13|0|14|0|14|0|14|439|126|148|73|280|110|11|17|0|14|0|14|0|14|0|14|101|86|81|82|40|38|657|175
1400000US25017356602|2421|336|1237|259|1149|260|88|56|71|51|17|22|0|14|0|14|0|14|304|106|143|71|161|78|0|14|0|14|0|14|0|14|0|14|66|57|0|14|10|12|804|209
1400000US25017356701|4014|515|1617|311|1617|311|0|19|0|19|0|19|0|19|0|19|0|19|522|180|180|117|342|110|0|19|0|19|0|19|14|24|18|30|278|165|44|55|0|19|1521|381
1400000US25017356703|1548|273|704|164|658|148|46|59|46|59|0|14|0|14|0|14|0|14|286|173|97|99|189|126|0|14|0|14|0|14|0|14|0|14|32|42|76|52|71|78|379|119
1400000US25017356704|2423|339|1106|209|983|200|123|61|123|61|0|14|0|14|0|14|0|14|314|182|124|67|183|168|7|16|0|14|0|14|0|14|0|14|179|138|46|36|0|14|778|181
1400000US25017357100|2726|372|1264|298|1121|299|143|80|119|72|0|19|24|37|0|19|0|19|300|110|78|55|136|67|34|29|52|80|0|19|0|19|0|19|67|45|68|63|21|33|1006|240
1400000US25017357200|1685|189|912|150|895|150|17|22|13|18|0|14|4|17|0|14|0|14|155|65|60|36|40|39|55|45|0|14|0|14|0|14|0|14|94|48|51|42|17|19|456|127
1400000US25017357300|1905|229|966|176|808|154|158|116|85|62|73|100|0|14|0|14|0|14|261|100|96|53|165|79|0|14|0|14|0|14|0|14|0|14|71|60|5|9|0|14|602|187
1400000US25017357400|1256|169|759|177|684|167|75|40|75|40|0|14|0|14|0|14|0|14|125|55|77|41|43|32|0|14|5|8|0|14|0|14|0|14|36|22|18|16|5|7|313|82
1400000US25017357500|1265|200|685|134|624|130|61|41|61|41|0|14|0|14|0|14|0|14|175|72|82|48|93|51|0|14|0|14|0|14|0|14|0|14|53|46|44|28|18|21|290|90
1400000US25017357600|1433|245|740|216|628|206|112|75|101|71|11|17|0|14|0|14|0|14|165|68|123|65|23|25|19|23|0|14|0|14|0|14|0|14|39|48|26|24|13|22|450|136
1400000US25017357700|1986|206|1262|181|1101|174|161|78|122|62|39|48|0|14|0|14|0|14|247|96|63|37|105|78|79|65|0|14|0|14|10|17|0|14|43|36|23|29|2|6|399|105
1400000US25017357800|1622|235|987|191|927|189|60|52|32|43|20|22|0|14|0|14|8|14|115|53|52|46|55|36|8|13|0|14|0|14|0|14|0|14|31|39|47|54|23|26|419|149
1400000US25017358100|2616|308|1542|219|1388|224|154|72|96|61|0|19|48|47|10|15|0|19|153|64|8|12|137|62|8|12|0|19|0|19|0|19|0|19|7|11|55|47|7|11|852|243
1400000US25017358300|2920|361|1687|356|1490|307|197|149|193|150|0|19|4|14|0|19|0|19|117|104|65|103|52|48|0|19|0|19|0|19|0|19|0|19|41|47|29|41|21|33|1025|193
1400000US25017358400|2093|245|1197|189|1166|186|31|29|31|29|0|14|0|14|0|14|0|14|104|52|0|14|94|46|0|14|10|15|0|14|0|14|0|14|19|21|70|42|27|32|676|139
1400000US25017358500|2731|338|1772|275|1673|277|99|62|72|55|27|20|0|19|0|19|0|19|86|49|0|19|86|49|0|19|0|19|0|19|0|19|0|19|5|9|41|32|29|35|798|292
1400000US25017358600|3071|382|1687|328|1563|309|124|100|59|59|52|84|0|19|13|23|0|19|269|121|44|42|225|107|0|19|0|19|0|19|0|19|0|19|52|50|123|127|45|50|895|277
1400000US25017358700|2926|403|1736|384|1575|381|161|72|158|72|0|19|3|6|0|19|0|19|202|76|49|46|146|53|0|19|7|11|0|19|0|19|0|19|19|25|44|52|9|14|916|208
1400000US25017359100|3484|446|2195|313|1918|304|277|149|194|109|0|19|83|107|0|19|0|19|25|29|14|23|11|19|0|19|0|19|0|19|0|19|0|19|39|57|8|15|79|87|1138|389
1400000US25017359301|0|14|0|14|0|14|0|14|0|14|0|14|0|14|0|14|0|14|0|14|0|14|0|14|0|14|0|14|0|14|0|14|0|14|0|14|0|14|0|14|0|14
1400000US25017359302|0|14|0|14|0|14|0|14|0|14|0|14|0|14|0|14|0|14|0|14|0|14|0|14|0|14|0|14|0|14|0|14|0|14|0|14|0|14|0|14|0|14
1400000US25017359303|3358|303|2010|226|1817|260|193|129|91|86|19|28|83|98|0|19|0|19|35|36|3|9|16|25|16|26|0|19|0|19|0|19|0|19|10|16|88|71|150|200|1065|237
1400000US25017359400|3937|370|1055|247|943|237|112|73|112|73|0|19|0|19|0|19|0|19|850|240|208|125|622|200|20|34|0|19|0|19|40|40|0|19|382|133|470|186|20|31|1120|246
1400000US25017360300|2957|264|2016|280|1995|278|21|23|17|22|0|19|4|6|0|19|0|19|78|85|13|22|49|67|16|28|0|19|0|19|0|19|0|19|6|10|2|3|20|33|835|207
1400000US25017361100|2499|323|1277|272|1211|250|66|66|51|62|15|24|0|19|0|19|0|19|135|83|17|26|15|26|103|62|0|19|0|19|0|19|16|25|79|72|41|39|57|39|894|229
1400000US25017361200|2375|326|1416|283|1348|279|68|50|31|35|35|35|2|5|0|19|0|19|138|80|13|21|0|19|125|78|0|19|0|19|0|19|0|19|19|28|53|38|0|19|749|189
1400000US25017361300|2215|318|1287|279|1189|284|98|59|81|47|0|19|0|19|17|30|0|19|19|31|0|19|0|19|19|31|0|19|0|19|0|19|0|19|19|30|59|48|0|19|831|240
1400000US25017362100|2402|239|1476|198|1376|168|100|68|40|30|49|55|0|19|11|18|0|19|69|46|0|19|7|13|62|46|0|19|0|19|9|14|0|19|0|19|19|22|0|19|829|199
1400000US25017363103|1710|167|1023|166|932|134|91|66|83|65|8|12|0|14|0|14|0|14|31|26|0|14|17|20|14|17|0|14|0|14|0|14|0|14|7|11|0|14|13|15|636|136
1400000US25017363104|3471|414|1871|324|1788|314|83|59|50|39|13|21|20|36|0|19|0|19|96|67|0|19|0|19|96|67|0|19|0|19|0|19|0|19|0|19|32|36|15|23|1457|324
1400000US25017363105|2172|398|1552|334|1412|313|140|96|109|94|31|29|0|14|0|14|0|14|53|51|0|14|0|14|53|51|0|14|0|14|0|14|0|14|0|14|79|83|13|22|475|141
1400000US25017363106|1501|210|936|205|816|187|120|89|103|81|17|26|0|14|0|14|0|14|45|37|0|14|7|13|38|33|0|14|0|14|14|22|0|14|0|14|0|14|45|44|461|144
1400000US25017363201|1773|300|933|177|913|176|20|23|20|23|0|14|0|14|0|14|0|14|81|88|0|14|0|14|81|88|0|14|0|14|0|14|0|14|6|9|41|32|9|15|703|230
1400000US25017363202|2197|261|1434|186|1278|180|156|106|145|102|11|13|0|14|0|14|0|14|52|46|0|14|0|14|52|46|0|14|0|14|0|14|0|14|0|14|87|59|0|14|624|195
1400000US25017364101|3320|395|2450|323|2173|289|277|172|248|165|29|46|0|19|0|19|0|19|44|49|0|19|0|19|44|49|0|19|0|19|0|19|0|19|0|19|84|66|0|19|742|413
1400000US25017364102|2522|310|2037|286|1948|286|89|63|72|56|17|28|0|14|0|14|0|14|29|34|0|14|0|14|29|34|0|14|0|14|0|14|0|14|0|14|12|20|0|14|444|182
1400000US25017365100|3682|396|2016|388|1842|360|174|99|174|99|0|19|0|19|0|19|0|19|91|70|21|33|23|34|47|53|0|19|0|19|0|19|0|19|22|35|41|46|99|68|1413|355
1400000US25017365201|2773|290|2013|250|1952|243|61|55|61|55|0|19|0|19|0|19|0|19|10|16|0|19|0|19|10|16|0|19|0|19|0|19|0|19|0|19|17|27|91|125|642|146
1400000US25017365202|2218|242|1475|216|1401|207|74|58|68|58|0|14|6|10|0|14|0|14|29|25|0|14|0|14|29|25|0|14|0|14|0|14|0|14|0|14|32|50|32|30|650|148
1400000US25017366100|2230|241|1359|220|1280|212|79|44|63|41|16|19|0|14|0|14|0|14|58|38|0|14|8|11|44|35|6|11|0|14|0|14|0|14|0|14|19|20|0|14|794|209
1400000US25017366201|1821|257|1180|218|1136|214|44|44|37|43|0|14|7|10|0|14|0|14|6|10|0|14|6|10|0|14|0|14|0|14|0|14|0|14|0|14|10|16|8|13|617|172
1400000US25017366202|2716|374|1770|367|1648|375|122|68|87|57|18|27|0|19|17|20|0|19|62|54|0|19|0|19|62|54|0|19|0|19|0|19|0|19|10|16|7|11|22|21|845|171
1400000US25017367100|2030|276|1181|176|1142|170|39|28|34|28|5|2|0|14|0|14|0|14|112|49|0|14|38|31|74|37|0|14|0|14|0|14|0|14|0|14|186|107|0|14|551|182
1400000US25017367200|2671|286|1694|312|1552|294|142|106|142|106|0|19|0|19|0|19|0|19|57|53|0|19|22|36|35|41|0|19|0|19|6|12|0|19|0|19|109|51|12|20|793|253
1400000US25017368101|3263|397|2262|441|2110|415|152|110|152|110|0|19|0|19|0|19|0|19|232|127|55|71|114|97|63|76|0|19|0|19|0|19|0|19|32|54|24|41|23|36|690|270
1400000US25017368102|3373|940|2584|754|2233|604|351|298|137|86|203|280|9|15|2|5|0|19|38|33|0|19|18|23|20|20|0|19|0|19|0|19|0|19|16|25|36|30|237|297|462|124
1400000US25017368200|1920|294|1323|269|1271|267|52|36|42|31|0|14|10|15|0|14|0|14|51|41|14|17|18|21|19|21|0|14|0|14|0|14|0|14|14|17|39|41|29|35|464|141
1400000US25017368300|3424|469|2046|453|1616|441|430|235|79|80|0|19|127|152|224|221|0|19|328|196|241|187|79|92|8|15|0|19|0|19|36|63|0|19|0|19|182|182|223|188|609|303
1400000US25017368400|4352|614|2494|547|2281|531|213|130|192|121|0|19|16|25|0|19|5|10|185|101|35|58|24|25|126|81|0|19|0|19|0|19|0|19|26|36|913|221|0|19|734|283
1400000US25017368500|2209|355|1445|259|1273|206|172|130|172|130|0|14|0|14|0|14|0|14|195|154|143|150|13|18|39|30|0|14|0|14|0|14|0|14|48|52|45|47|0|14|476|145
1400000US25017368600|3997|569|2621|440|2015|366|606|333|512|315|48|68|46|74|0|19|0|19|173|119|94|87|18|35|61|79|0|19|0|19|28|44|0|19|54|58|70|56|56|70|995|354
1400000US25017368700|1564|310|1126|321|986|304|140|88|140|88|0|14|0|14|0|14|0|14|92|63|78|66|9|15|5|13|0|14|0|14|0|14|0|14|20|29|66|54|28|35|232|110
1400000US25017368800|3676|447|2358|318|2220|311|138|75|48|43|56|60|34|45|0|19|0|19|184|117|49|50|45|49|90|91|0|19|0|19|0|19|0|19|13|22|212|195|43|45|866|373
1400000US25017368901|3656|924|2650|859|1733|275|917|845|917|845|0|19|0|19|0|19|0|19|203|103|130|89|50|52|23|35|0|19|0|19|0|19|0|19|0|19|7|15|0|19|796|297
1400000US25017368902|1850|351|1398|308|1076|296|322|143|142|96|29|44|151|89|0|14|0|14|193|127|155|128|18|20|20|23|0|14|0|14|0|14|0|14|6|14|82|59|7|13|164|95
1400000US25017369000|1364|177|324|93|240|79|84|57|66|45|0|14|6|14|0|14|12|20|67|50|42|40|19|26|6|11|0|14|0|14|0|14|0|14|17|26|645|133|25|26|286|102
1400000US25017369100|3012|374|2142|336|1878|326|264|109|245|112|13|21|6|9|0|19|0|19|93|68|93|68|0|19|0|19|0|19|0|19|0|19|0|19|0|19|0|19|6|14|771|228
1400000US25017370101|3922|574|2302|369|1988|326|314|175|251|150|0|19|63|95|0|19|0|19|224|122|162|111|0|19|47|73|15|24|0|19|0|19|0|19|23|37|114|97|129|148|1130|377
1400000US25017370103|1854|416|1090|378|768|274|322|204|316|202|0|14|0|14|6|13|0|14|116|80|116|80|0|14|0|14|0|14|0|14|0|14|0|14|16|26|59|53|35|32|538|193
1400000US25017370104|2311|284|1417|238|1344|218|73|76|50|68|20|32|3|6|0|14|0|14|117|81|111|81|0|14|6|10|0|14|0|14|0|14|0|14|78|76|62|60|9|16|628|235
1400000US25017370201|2466|349|1231|252|1030|223|201|104|172|100|13|20|0|14|0|14|16|18|209|92|91|54|118|90|0|14|0|14|0|14|0|14|0|14|97|73|130|91|87|112|712|196
1400000US25017370202|2180|255|1234|202|1137|192|97|56|97|56|0|14|0|14|0|14|0|14|171|79|104|57|32|34|35|29|0|14|0|14|36|45|0|14|51|49|60|64|15|20|613|187
1400000US25017370301|2556|336|1402|363|1256|282|146|159|78|94|68|131|0|14|0|14|0|14|305|267|274|265|31|50|0|14|0|14|0|14|32|49|0|14|82|66|218|124|0|14|517|193
1400000US25017370302|788|247|343|128|275|89|68|66|11|15|57|65|0|14|0|14|0|14|73|67|73|67|0|14|0|14|0|14|0|14|0|14|0|14|35|34|101|95|0|14|236|128
1400000US25017370401|2255|330|1353|260|1298|259|55|56|34|42|21|37|0|14|0|14|0|14|336|149|278|144|58|49|0|14|0|14|0|14|0|14|0|14|71|64|10|17|0|14|485|207
1400000US25017370402|1148|207|468|156|421|146|47|47|47|47|0|14|0|14|0|14|0|14|100|58|65|56|35|38|0|14|0|14|0|14|0|14|0|14|45|32|239|113|0|14|296|94
1400000US25017370403|1229|163|768|158|675|162|93|56|93|56|0|14|0|14|0|14|0|14|47|51|47|51|0|14|0|14|0|14|0|14|0|14|0|14|15|23|42|50|0|14|357|136
1400000US25017373100|3225|614|1730|324|1533|318|197|127|147|104|10|22|40|52|0|19|0|19|613|330|596|330|17|28|0|19|0|19|0|19|0|19|0|19|20|30|116|134|23|40|723|213
1400000US25017373200|2829|315|1806|288|1522|264|284|151|284|151|0|19|0|19|0|19|0|19|202|105|114|59|78|76|10|16|0|19|0|19|0|19|0|19|65|59|202|97|0|19|554|170
1400000US25017373300|1670|303|846|181|748|172|98|66|89|70|0|14|9|18|0|14|0|14|197|95|96|70|26|31|75|38|0|14|0|14|0|14|0|14|37|55|50|54|0|14|540|206
1400000US25017373400|1596|211|849|164|711|132|138|79|130|77|0|14|8|13|0|14|0|14|132|62|31|25|0|14|92|53|9|13|0|14|0|14|0|14|37|33|35|34|0|14|543|183
1400000US25017373500|3012|279|1685|267|1541|247|144|79|144|79|0|19|0|19|0|19|0|19|163|83|93|58|52|38|10|17|8|14|0|19|5|11|0|19|48|32|170|79|31|49|910|184
1400000US25017373600|2697|280|956|175|805|145|151|71|135|69|6|10|0|19|0|19|10|21|204|93|115|72|77|43|6|11|6|9|0|19|6|10|0|19|37|35|726|133|0|19|768|193
1400000US25017373700|2001|297|1105|222|970|200|135|91|87|75|48|54|0|14|0|14|0|14|273|99|18|20|158|71|58|47|39|50|0|14|0|14|11|16|19|16|8|13|0|14|585|162
1400000US25017373800|3034|448|1339|293|1262|289|77|89|77|89|0|19|0|19|0|19|0|19|545|179|29|48|333|126|134|150|49|64|0|19|0|19|0|19|0|19|181|89|99|62|870|333
1400000US25017373901|1270|192|924|198|820|197|104|92|104|92|0|14|0|14|0|14|0|14|82|50|11|21|37|29|17|31|17|28|0|14|0|14|0|14|0|14|0|14|47|47|217|93
1400000US25017373902|1697|284|945|199|806|205|139|123|39|38|100|116|0|14|0|14|0|14|223|190|16|27|192|181|15|22|0|14|0|14|0|14|0|14|12|19|8|14|19|31|490|154
1400000US25017374000|2359|543|1423|378|1307|372|116|70|115|69|0|14|1|6|0|14|0|14|141|89|33|27|99|76|9|13|0|14|0|14|0|14|0|14|0|14|74|53|0|14|721|222
1400000US25017374100|2883|285|1673|234|1524|235|149|102|149|102|0|19|0|19|0|19|0|19|242|107|20|24|194|102|11|18|17|26|0|19|0|19|0|19|0|19|133|173|29|44|806|212
1400000US25017374200|2228|338|1096|189|931|159|165|108|126|89|39|47|0|14|0|14|0|14|240|85|0|14|223|82|10|18|7|14|0|14|0|14|0|14|47|45|10|16|15|18|820|263
1400000US25017374300|1888|193|1195|223|1105|213|90|46|79|42|11|12|0|14|0|14|0|14|62|44|7|11|39|37|0|14|16|18|0|14|0|14|0|14|0|14|29|24|55|48|547|141
1400000US25017374400|2576|321|1632|242|1519|238|113|81|113|81|0|19|0|19|0|19|0|19|84|70|0|19|37|37|47|63|0|19|0|19|0|19|0|19|0|19|0|19|41|56|819|241
1400000US25017374500|2519|339|1457|218|1357|233|100|71|90|61|0|14|0|14|10|35|0|14|113|61|64|50|12|18|37|32|0|14|0|14|0|14|0|14|25|29|229|245|11|17|684|162
1400000US25017374600|3245|352|1907|283|1684|240|223|124|158|103|42|37|23|37|0|19|0|19|170|82|80|65|17|28|73|42|0|19|0|19|0|19|0|19|20|23|41|35|20|31|1087|311
1400000US25017374700|2618|404|1381|248|1297|261|84|67|84|67|0|14|0|14|0|14|0|14|181|108|19|21|16|18|95|83|51|54|0|14|0|14|0|14|11|17|149|181|8|13|888|222
1400000US25017374800|2370|278|1323|262|1249|252|74|46|59|41|9|15|0|19|0|19|6|10|132|62|11|22|77|45|44|35|0|19|0|19|22|31|0|19|4|8|290|87|42|35|557|161
1400000US25017382100|2610|303|1999|263|1951|263|48|43|27|28|21|34|0|14|0|14|0|14|77|45|7|12|19|22|51|37|0|14|0|14|15|24|0|14|0|14|40|51|0|14|479|154
1400000US25017382200|3195|446|2208|408|2082|383|126|112|126|112|0|19|0|19|0|19|0|19|174|102|0|19|0|19|174|102|0|19|0|19|0|19|14|23|26|29|44|43|15|24|714|207
1400000US25017382300|3254|459|2139|360|2041|355|98|98|73|92|25|40|0|19|0|19|0|19|264|134|0|19|0|19|264|134|0|19|0|19|0|19|0|19|0|19|47|51|0|19|804|328
1400000US25017382400|2749|470|1922|349|1802|334|120|78|120|78|0|19|0|19|0|19|0|19|217|209|0|19|163|190|54|53|0|19|0|19|0|19|0|19|0|19|144|220|0|19|466|163
1400000US25017382500|3326|675|1925|324|1760|323|165|103|132|83|33|42|0|19|0|19|0|19|264|222|22|32|0|19|242|235|0|19|0|19|0|19|0|19|0|19|87|77|89|133|961|433
1400000US25017382601|2794|263|1996|290|1908|253|88|105|88|105|0|14|0|14|0|14|0|14|316|116|81|69|24|39|211|105|0|14|0|14|0|14|0|14|0|14|4|16|35|41|443|167
1400000US25017382602|2437|268|1449|273|1371|252|78|94|78|94|0|14|0|14|0|14|0|14|93|65|10|18|0|14|83|62|0|14|0|14|0|14|0|14|0|14|66|85|32|26|797|199
1400000US25017383101|2084|337|1062|250|885|224|177|94|114|69|50|57|13|22|0|14|0|14|100|90|38|63|51|83|11|16|0|14|0|14|0|14|0|14|61|97|90|74|685|244|86|64
1400000US25017383102|2252|330|1659|279|1391|271|268|123|144|94|124|85|0|19|0|19|0|19|32|33|11|20|0|19|21|26|0|19|0|19|0|19|0|19|0|19|29|44|439|159|93|63
1400000US25017383200|3390|668|2436|558|2224|548|212|132|177|122|35|44|0|19|0|19|0|19|72|77|0|19|45|68|27|32|0|19|0|19|79|123|0|19|46|54|168|125|209|204|380|230
1400000US25017383300|1888|374|1427|327|1239|343|188|117|145|105|0|14|24|55|0|14|19|30|126|121|72|114|0|14|54|53|0|14|0|14|0|14|0|14|0|14|0|14|178|124|157|88
1400000US25017383401|1538|492|1029|424|889|389|140|89|128|87|12|19|0|14|0|14|0|14|35|57|0|14|21|52|14|23|0|14|0|14|0|14|0|14|0|14|88|60|212|129|174|117
1400000US25017383402|1888|470|1580|441|1365|395|215|207|96|88|119|188|0|14|0|14|0|14|43|49|0|14|0|14|43|49|0|14|0|14|0|14|0|14|0|14|4|29|60|91|201|143
1400000US25017383501|2160|311|1700|279|1609|281|91|73|91|73|0|14|0|14|0|14|0|14|23|26|0|14|0|14|23|26|0|14|0|14|0|14|0|14|0|14|63|41|108|82|266|125
1400000US25017383502|2376|380|1565|351|1451|346|114|81|114|81|0|14|0|14|0|14|0|14|146|76|64|43|3|6|74|69|5|11|0|14|10|19|0|14|0|14|277|81|112|67|266|137
1400000US25017383600|2898|348|2247|314|2060|310|187|103|90|80|52|64|45|75|0|19|0|19|40|39|0|19|0|19|40|39|0|19|0|19|0|19|0|19|0|19|0|19|96|112|515|237
1400000US25017383700|3026|554|1911|384|1721|352|190|150|190|150|0|19|0|19|0|19|0|19|20|30|0|19|18|28|2|13|0|19|0|19|100|105|0|19|18|27|112|92|29|44|836|256
1400000US25017383800|3393|666|2199|338|1980|336|219|115|188|114|0|19|31|43|0|19|0|19|82|79|0|19|30|48|52|61|0|19|0|19|0|19|0|19|0|19|0|19|44|44|1068|619
1400000US25017383902|3064|447|2216|316|2067|292|149|67|74|41|45|53|30|27|0|19|0|19|56|37|13|22|0|19|43|30|0|19|0|19|0|19|0|19|0|19|29|32|78|89|685|275
1400000US25017383903|1355|193|1059|177|1014|176|45|41|29|25|16|27|0|14|0|14|0|14|57|67|44|65|0|14|13|20|0|14|0|14|0|14|0|14|0|14|1|3|16|26|222|98
1400000US25017383904|2614|466|1614|323|1513|283|101|101|48|56|0|14|53|85|0|14|0|14|156|119|30|43|51|61|24|31|51|61|0|14|0|14|0|14|46|55|58|97|19|31|721|267
1400000US25017384003|3354|565|2346|367|2034|322|312|251|244|228|68|107|0|19|0|19|0|19|69|91|0|19|0|19|69|91|0|19|0|19|0|19|0|19|81|124|21|33|14|22|823|260
1400000US25017384004|741|122|579|122|544|119|35|30|12|15|23|28|0|14|0|14|0|14|12|15|2|7|0|14|10|14|0|14|0|14|0|14|0|14|0|14|27|32|6|9|117|41
1400000US25017385101|1868|448|1448|489|1351|478|97|71|97|71|0|14|0|14|0|14|0|14|132|75|0|14|0|14|132|75|0|14|0|14|0|14|0|14|0|14|0|14|0|14|288|158
1400000US25017385102|2948|450|2078|271|1888|277|190|107|190|107|0|14|0|14|0|14|0|14|166|110|0|14|0|14|166|110|0|14|0|14|10|17|0|14|0|14|156|178|0|14|538|188
1400000US25017385201|1452|232|926|198|795|196|131|102|121|102|0|14|10|17|0|14|0|14|60|51|22|30|0|14|38|35|0|14|0|14|0|14|0|14|0|14|0|14|29|46|437|172
1400000US25017385203|2580|314|1819|284|1609|296|210|156|205|157|5|16|0|14|0|14|0|14|91|63|0|14|20|32|71|55|0|14|0|14|0|14|0|14|0|14|50|76|0|14|620|246
1400000US25017385204|1677|190|1204|207|1063|197|141|127|104|123|14|24|23|29|0|14|0|14|137|71|24|36|0|14|113|60|0|14|0|14|0|14|0|14|0|14|0|14|22|33|314|133
1400000US25017386100|2193|159|1079|151|1013|149|66|50|66|50|0|14|0|14|0|14|0|14|259|98|41|47|10|16|199|82|0|14|9|14|0|14|0|14|0|14|25|28|0|14|830|157
1400000US25017387100|2274|274|1635|249|1551|233|84|53|75|54|0|14|9|15|0|14|0|14|48|32|7|15|13|20|28|28|0|14|0|14|0|14|0|14|0|14|33|32|40|30|518|137
1400000US25017387201|3185|384|2127|384|2022|372|105|82|22|33|83|76|0|19|0|19|0|19|63|51|0|19|0|19|63|51|0|19|0|19|0|19|0|19|19|32|0|19|18|29|958|266
1400000US25017387202|2308|328|1631|359|1550|355|81|56|60|49|21|25|0|14|0|14|0|14|12|14|0|14|0|14|12|14|0|14|0|14|0|14|0|14|0|14|9|15|78|62|578|156
1400000US25017388100|3295|209|2565|327|2405|355|160|90|160|90|0|19|0|19|0|19|0|19|98|78|0|19|10|17|88|74|0|19|0|19|0|19|0|19|0|19|7|14|0|19|625|237
1400000US25017388200|2976|394|2342|327|2255|348|87|89|75|85|12|21|0|19|0|19|0|19|32|39|0|19|0|19|32|39|0|19|0|19|0|19|0|19|21|32|0|19|0|19|581|235
1400000US25017388300|2316|361|1532|338|1400|330|132|81|90|56|42|49|0|19|0|19|0|19|53|50|53|50|0|19|0|19|0|19|0|19|11|12|0|19|0|19|504|183|75|62|141|93
1400000US25017980000|0|14|0|14|0|14|0|14|0|14|0|14|0|14|0|14|0|14|0|14|0|14|0|14|0|14|0|14|0|14|0|14|0|14|0|14|0|14|0|14|0|14
1400000US25019950100|1097|282|580|160|527|161|53|40|39|35|0|14|0|14|14|17|0|14|15|31|0|14|15|31|0|14|0|14|0|14|0|14|0|14|106|138|79|50|68|63|249|131
1400000US25019950201|2988|448|2331|417|2115|388|216|143|170|134|46|45|0|14|0|14|0|14|12|17|12|17|0|14|0|14|0|14|0|14|0|14|0|14|58|63|325|225|0|14|262|124
1400000US25019950202|1645|428|1430|421|1178|395|252|157|194|141|58|65|0|14|0|14|0|14|0|14|0|14|0|14|0|14|0|14|0|14|0|14|0|14|9|17|55|75|0|14|151|119
1400000US25019950307|275|118|170|95|148|92|22|23|22|23|0|14|0|14|0|14|0|14|16|20|4|6|12|19|0|14|0|14|0|14|0|14|0|14|0|14|0|14|5|8|84|49
1400000US25019950400|1487|355|1385|350|1352|353|33|33|21|26|12|20|0|14|0|14|0|14|0|14|0|14|0|14|0|14|0|14|0|14|0|14|0|14|0|14|0|14|0|14|102|60
1400000US25019950500|526|134|320|118|288|114|32|30|32|30|0|14|0|14|0|14|0|14|22|46|9|35|13|31|0|14|0|14|0|14|0|14|0|14|44|36|16|31|22|22|102|53
1400000US25019990000|0|14|0|14|0|14|0|14|0|14|0|14|0|14|0|14|0|14|0|14|0|14|0|14|0|14|0|14|0|14|0|14|0|14|0|14|0|14|0|14|0|14
1400000US25021400100|3056|471|825|252|695|219|130|135|99|124|31|52|0|19|0|19|0|19|491|251|138|128|276|132|0|19|77|118|0|19|0|19|0|19|133|92|986|325|17|27|604|256
1400000US25021400201|2074|486|695|201|636|191|59|56|40|40|0|14|0|14|0|14|19|29|356|266|95|113|261|173|0|14|0|14|0|14|0|14|0|14|29|35|285|107|53|69|656|306
1400000US25021400202|1667|355|443|183|374|157|69|87|69|87|0|14|0|14|0|14|0|14|516|251|71|58|426|231|8|14|11|22|0|14|0|14|0|14|195|90|194|118|0|14|319|146
1400000US25021400300|2513|337|643|199|619|196|24|29|20|27|0|14|4|10|0|14|0|14|568|219|181|155|379|136|0|14|8|13|0|14|0|14|0|14|133|76|375|147|0|14|794|192
1400000US25021400401|2357|380|564|199|556|195|8|13|8|13|0|14|0|14|0|14|0|14|746|195|113|83|546|158|0|14|87|54|0|14|0|14|0|14|114|84|239|145|118|99|576|250
1400000US25021400402|1269|256|553|186|479|174|74|67|74|67|0|14|0|14|0|14|0|14|220|87|77|58|115|65|7|13|21|24|0|14|0|14|0|14|68|48|94|83|0|14|334|88
1400000US25021400500|3865|631|1262|405|1156|428|106|101|106|101|0|19|0|19|0|19|0|19|867|359|190|145|624|285|0|19|53|67|0|19|0|19|0|19|114|96|604|251|19|30|999|327
1400000US25021400600|3574|469|1043|248|947|229|96|87|83|83|0|19|13|24|0|19|0|19|821|316|75|70|645|311|0|19|101|68|0|19|0|19|0|19|130|79|289|167|0|19|1291|382
1400000US25021400700|2462|365|644|149|635|148|9|15|9|15|0|14|0|14|0|14|0|14|659|225|129|103|482|152|8|12|40|42|0|14|16|25|0|14|199|88|373|124|74|99|497|142
1400000US25021400800|3601|447|473|215|419|206|54|48|54|48|0|19|0|19|0|19|0|19|737|268|87|62|582|239|0|19|68|107|0|19|70|81|0|19|296|123|882|273|7|12|1136|363
1400000US25021400900|2266|365|368|134|344|133|24|31|24|31|0|14|0|14|0|14|0|14|424|222|19|22|212|98|142|210|51|56|0|14|0|14|0|14|10|17|743|257|14|16|707|212
1400000US25021401000|1945|235|694|190|586|176|108|76|108|76|0|14|0|14|0|14|0|14|318|130|52|42|211|98|0|14|55|57|0|14|0|14|0|14|204|70|244|102|0|14|485|143
1400000US25021401100|2080|207|974|213|845|225|129|69|110|56|0|14|0|14|19|35|0|14|258|98|61|44|197|96|0|14|0|14|0|14|50|55|0|14|111|58|101|54|35|28|551|143
1400000US25021401201|2789|471|1812|308|1569|213|243|219|222|199|21|34|0|19|0|19|0|19|283|192|142|134|132|157|9|14|0|19|0|19|0|19|6|11|9|15|21|26|28|32|630|251
1400000US25021401202|674|163|372|101|306|87|66|57|64|56|0|14|0|14|0|14|2|4|27|20|0|14|27|20|0|14|0|14|0|14|0|14|0|14|7|12|82|53|2|4|184|114
1400000US25021402101|2024|324|1629|334|1504|340|125|93|74|57|51|62|0|14|0|14|0|14|34|28|0|14|11|18|23|20|0|14|0|14|0|14|0|14|0|14|0|14|0|14|361|166
1400000US25021402102|2444|328|1928|290|1628|288|300|123|300|123|0|14|0|14|0|14|0|14|81|50|24|28|0|14|57|42|0|14|0|14|0|14|0|14|20|31|75|65|62|72|278|134
1400000US25021402200|1493|285|1207|287|1167|288|40|27|22|20|11|16|7|11|0|14|0|14|87|49|5|9|6|8|76|49|0|14|0|14|0|14|0|14|0|14|0|14|19|29|180|51
1400000US25021402300|2368|351|1578|301|1458|290|120|65|101|65|7|12|0|14|12|18|0|14|120|68|0|14|8|15|103|59|9|15|0|14|0|14|0|14|0|14|78|73|0|14|592|185
1400000US25021402400|3801|544|2530|476|2286|376|244|292|221|291|23|38|0|19|0|19|0|19|317|145|27|44|21|33|269|134|0|19|0|19|0|19|0|19|11|17|177|163|35|59|731|250
1400000US25021402500|1751|253|1133|202|1004|153|129|124|114|116|15|23|0|14|0|14|0|14|115|63|28|32|25|40|52|36|10|15|0|14|0|14|0|14|13|21|32|29|12|20|446|152
1400000US25021403100|3471|388|2240|397|2100|379|140|98|140|98|0|19|0|19|0|19|0|19|331|121|0|19|13|22|294|117|24|37|0|19|0|19|0|19|0|19|20|31|0|19|880|218
1400000US25021403300|2223|285|1100|185|1061|187|39|31|25|19|0|14|0|14|0|14|14|24|224|78|3|7|44|36|167|76|10|15|0|14|13|21|0|14|0|14|35|52|19|29|832|189
1400000US25021403400|3000|361|1802|283|1786|288|16|27|16|27|0|19|0|19|0|19|0|19|174|114|24|36|58|49|92|90|0|19|0|19|0|19|0|19|0|19|85|41|18|29|921|247
1400000US25021403501|1328|260|813|222|727|226|86|129|86|129|0|14|0|14|0|14|0|14|149|123|15|23|17|26|117|120|0|14|0|14|0|14|0|14|0|14|29|41|0|14|337|139
1400000US25021403502|2181|267|1476|276|1344|262|132|98|132|98|0|14|0|14|0|14|0|14|121|71|0|14|9|15|112|68|0|14|0|14|0|14|0|14|0|14|0|14|0|14|584|150
1400000US25021404100|2075|301|1137|165|1064|171|73|47|67|46|0|14|0|14|6|11|0|14|108|62|6|9|40|42|60|46|2|4|0|14|0|14|0|14|8|12|86|103|10|16|726|190
1400000US25021404201|1693|177|1036|190|1036|190|0|14|0|14|0|14|0|14|0|14|0|14|65|45|0|14|0|14|65|45|0|14|0|14|0|14|0|14|0|14|13|20|12|18|567|118
1400000US25021404202|2209|287|1053|207|978|205|75|49|72|49|0|19|3|7|0|19|0|19|116|58|0|19|27|27|89|53|0|19|0|19|0|19|0|19|13|21|474|127|18|17|535|160
1400000US25021404301|2784|366|1785|374|1634|394|151|125|151|125|0|19|0|19|0|19|0|19|53|42|0|19|11|17|32|36|10|16|0|19|0|19|0|19|0|19|18|19|10|15|918|169
1400000US25021404302|1446|195|862|152|797|142|65|53|26|29|39|42|0|14|0|14|0|14|153|67|0|14|40|41|113|63|0|14|0|14|0|14|0|14|0|14|48|37|8|12|375|105
1400000US25021404400|2965|330|1110|275|942|250|168|75|105|62|19|21|40|40|0|19|4|9|145|67|0|19|0|19|145|67|0|19|0|19|0|19|8|12|0|19|755|138|15|19|932|172
1400000US25021405100|2735|212|1600|179|1375|185|225|126|199|118|26|38|0|19|0|19|0|19|157|100|0|19|0|19|157|100|0|19|0|19|0|19|0|19|0|19|37|30|11|18|930|195
1400000US25021406101|3098|333|1717|240|1563|241|154|101|154|101|0|19|0|19|0|19|0|19|183|98|0|19|0|19|183|98|0|19|0|19|0|19|0|19|0|19|32|31|0|19|1166|260
1400000US25021406102|3456|341|1907|325|1706|290|201|145|164|132|0|19|0|19|0|19|37|48|324|175|0|19|26|40|298|172|0|19|0|19|0|19|0|19|0|19|90|66|0|19|1135|301
1400000US25021407101|2223|312|1761|321|1644|314|117|78|104|76|10|18|0|14|3|7|0|14|30|34|0|14|0|14|30|34|0|14|0|14|0|14|0|14|0|14|6|13|12|18|414|149
1400000US25021407102|2325|337|1945|282|1785|286|160|98|148|96|0|14|0|14|12|22|0|14|17|21|0|14|0|14|17|21|0|14|0|14|0|14|0|14|0|14|0|14|9|15|354|124
1400000US25021408102|2742|316|2097|296|1899|279|198|129|157|119|0|19|41|48|0|19|0|19|44|40|0|19|0|19|44|40|0|19|0|19|0|19|11|18|0|19|9|15|53|51|528|146
1400000US25021408103|2050|462|1672|480|1601|467|71|93|71|93|0|14|0|14|0|14|0|14|0|14|0|14|0|14|0|14|0|14|0|14|0|14|0|14|0|14|46|44|0|14|332|138
1400000US25021408104|2568|296|1989|292|1836|282|153|93|141|82|12|20|0|14|0|14|0|14|39|35|0|14|0|14|39|35|0|14|0|14|0|14|0|14|0|14|0|14|0|14|540|160
1400000US25021409101|2139|222|1351|221|1288|213|63|49|53|46|10|15|0|19|0|19|0|19|101|58|0|19|21|23|80|53|0|19|0|19|5|8|0|19|13|19|0|19|26|27|643|242
1400000US25021409102|2806|305|1749|277|1675|272|74|55|74|55|0|19|0|19|0|19|0|19|159|82|0|19|15|16|144|82|0|19|0|19|0|19|0|19|0|19|8|13|0|19|890|229
1400000US25021410100|3065|426|2456|390|2266|397|190|161|90|79|100|136|0|19|0|19|0|19|70|63|0|19|25|40|45|49|0|19|0|19|0|19|0|19|0|19|17|28|0|19|522|140
1400000US25021410300|2478|328|2072|318|1954|325|118|71|81|56|37|50|0|14|0|14|0|14|71|62|0|14|0|14|71|62|0|14|0|14|0|14|0|14|0|14|6|11|0|14|329|98
1400000US25021410400|3729|400|2800|391|2595|368|205|108|61|52|0|19|15|26|77|93|52|67|166|105|0|19|34|40|132|99|0|19|0|19|0|19|0|19|0|19|58|61|175|197|530|175
1400000US25021411101|2539|433|1732|270|1620|287|112|81|112|81|0|14|0|14|0|14|0|14|112|87|0|14|25|28|87|82|0|14|0|14|0|14|0|14|0|14|12|20|21|18|662|455
1400000US25021411102|2458|448|1688|415|1688|415|0|14|0|14|0|14|0|14|0|14|0|14|133|87|0|14|0|14|133|87|0|14|0|14|0|14|9|16|7|13|18|29|0|14|603|203
1400000US25021411200|3981|405|2338|334|2254|347|84|91|61|81|0|19|0|19|0|19|23|37|380|170|0|19|108|96|272|163|0|19|0|19|0|19|0|19|0|19|51|76|51|82|1161|316
1400000US25021411301|3019|376|2019|278|1810|268|209|110|142|94|0|19|40|56|0|19|27|41|236|103|0|19|59|57|177|87|0|19|0|19|0|19|0|19|0|19|0|19|0|19|764|308
1400000US25021411302|1811|207|1154|228|1144|225|10|14|10|14|0|14|0|14|0|14|0|14|52|45|0|14|29|36|23|28|0|14|0|14|0|14|0|14|0|14|0|14|45|56|560|164
1400000US25021412100|3499|413|2352|541|1856|471|496|265|427|243|11|21|58|76|0|19|0|19|108|65|0|19|0|19|108|65|0|19|0|19|0|19|0|19|0|19|0|19|0|19|1039|361
1400000US25021412200|1647|538|1189|548|1115|550|74|67|42|43|32|48|0|14|0|14|0|14|135|74|0|14|15|22|120|71|0|14|0|14|0|14|0|14|0|14|0|14|15|22|308|100
1400000US25021412300|2766|305|2027|291|1822|269|205|92|132|77|57|48|0|19|16|24|0|19|215|104|0|19|21|34|184|92|10|15|0|19|0|19|0|19|0|19|11|16|8|13|505|165
1400000US25021413100|3234|452|2367|394|2107|451|260|190|78|55|182|180|0|19|0|19|0|19|389|216|39|60|158|171|192|125|0|19|0|19|0|19|0|19|0|19|31|53|16|26|431|188
1400000US25021413201|2422|425|1699|395|1418|391|281|167|248|135|0|14|0|14|33|61|0|14|353|183|32|42|195|179|126|93|0|14|0|14|0|14|0|14|0|14|43|50|18|30|309|139
1400000US25021413202|1187|321|958|297|891|301|67|65|58|63|9|14|0|14|0|14|0|14|60|42|0|14|14|15|46|35|0|14|0|14|0|14|0|14|0|14|6|10|29|45|134|78
1400000US25021413300|3006|417|2122|337|1921|329|201|99|111|64|0|19|58|58|32|39|0|19|199|109|50|50|59|81|90|51|0|19|0|19|0|19|0|19|0|19|40|43|6|12|639|226
1400000US25021413401|2133|363|1495|337|1366|340|129|71|101|55|0|14|28|31|0|14|0|14|190|133|0|14|0|14|190|133|0|14|0|14|12|18|0|14|89|110|39|33|14|19|294|119
1400000US25021413402|2888|322|1893|296|1605|268|288|143|197|98|91|110|0|19|0|19|0|19|401|198|0|19|68|69|333|185|0|19|0|19|34|40|0|19|0|19|52|53|45|81|463|144
1400000US25021413500|2664|371|2173|393|1791|345|382|205|369|208|13|21|0|14|0|14|0|14|85|61|36|41|0|14|49|46|0|14|0|14|0|14|0|14|0|14|61|60|51|56|294|147
1400000US25021414100|2989|423|1355|317|1296|316|59|53|59|53|0|19|0|19|0|19|0|19|454|147|0|19|43|77|411|149|0|19|0|19|0|19|26|43|0|19|38|48|4|12|1112|380
1400000US25021414200|3860|418|2345|315|2076|306|269|185|122|95|147|163|0|19|0|19|0|19|487|174|0|19|28|34|459|176|0|19|0|19|0|19|0|19|0|19|0|19|29|35|999|336
1400000US25021414300|2558|255|1499|220|1459|225|40|27|15|17|12|18|13|21|0|19|0|19|364|100|0|19|31|34|333|93|0|19|0|19|0|19|0|19|5|8|51|33|23|28|616|170
1400000US25021415101|2948|477|1867|405|1665|395|202|109|105|64|97|104|0|19|0|19|0|19|398|162|0|19|72|80|326|114|0|19|0|19|21|30|0|19|0|19|0|19|48|68|614|148
1400000US25021415103|2285|337|1572|354|1507|349|65|66|65|66|0|14|0|14|0|14|0|14|204|113|0|14|15|25|189|111|0|14|0|14|0|14|0|14|0|14|65|53|81|95|363|176
1400000US25021415104|1808|300|1511|313|1395|301|116|97|116|97|0|14|0|14|0|14|0|14|46|49|0|14|0|14|46|49|0|14|0|14|16|26|0|14|0|14|0|14|5|9|230|119
1400000US25021415201|2196|433|1454|327|1088|287|366|285|287|261|54|92|13|20|0|14|12|18|92|49|0|14|17|22|75|44|0|14|0|14|0|14|0|14|0|14|0|14|19|33|631|251
1400000US25021415202|1309|305|865|278|795|271|70|52|23|25|37|46|0|14|0|14|10|17|143|116|0|14|79|106|64|61|0|14|0|14|19|28|0|14|0|14|0|14|54|47|228|91
1400000US25021415300|1969|275|1242|231|1169|224|73|52|66|49|0|14|7|12|0|14|0|14|84|52|0|14|0|14|74|48|10|17|0|14|0|14|0|14|0|14|9|14|0|14|634|182
1400000US25021416101|3027|363|2171|363|1986|293|185|181|150|176|35|40|0|19|0|19|0|19|89|48|0|19|70|44|5|8|14|25|0|19|37|38|0|19|12|19|7|9|9|15|702|231
1400000US25021416102|1994|543|1076|352|1006|332|70|39|70|39|0|14|0|14|0|14|0|14|25|25|8|13|12|19|5|10|0|14|0|14|0|14|0|14|0|14|201|94|67|64|625|239
1400000US25021416200|3636|604|1875|365|1714|362|161|101|127|95|5|11|29|31|0|19|0|19|766|605|69|69|604|595|71|50|22|27|0|19|116|87|0|19|31|38|56|57|61|80|731|257
1400000US25021416300|2577|335|1481|222|1390|213|91|60|79|57|12|19|0|19|0|19|0|19|278|114|93|74|170|81|0|19|15|24|0|19|0|19|0|19|14|20|38|47|5|10|761|224
1400000US25021416400|3055|379|1954|328|1917|330|37|49|29|47|8|13|0|19|0|19|0|19|101|116|17|24|84|114|0|19|0|19|0|19|0|19|0|19|54|64|57|52|49|48|840|305
1400000US25021417100|3298|400|1912|268|1656|266|256|158|111|103|65|76|0|19|80|88|0|19|802|352|249|261|553|231|0|19|0|19|0|19|0|19|0|19|0|19|120|100|1|5|463|159
1400000US25021417201|3209|546|1698|441|1594|446|104|90|74|76|0|19|0|19|30|46|0|19|951|288|0|19|929|283|22|37|0|19|0|19|69|82|0|19|30|33|87|70|79|90|295|205
1400000US25021417202|2126|422|1426|259|1139|245|287|87|180|94|29|37|0|14|78|58|0|14|164|130|0|14|164|130|0|14|0|14|0|14|0|14|0|14|0|14|61|96|74|112|401|183
1400000US25021417300|2055|371|1378|331|1162|270|216|129|216|129|0|14|0|14|0|14|0|14|308|108|0|14|308|108|0|14|0|14|0|14|0|14|0|14|0|14|34|33|0|14|335|160
1400000US25021417400|1476|267|1138|237|1016|176|122|135|7|11|22|34|0|14|93|132|0|14|139|118|0|14|38|37|0|14|0|14|101|112|0|14|0|14|0|14|0|14|0|14|199|97
1400000US25021417501|3328|555|2043|461|1805|428|238|173|168|118|4|16|0|19|66|72|0|19|681|279|0|19|681|279|0|19|0|19|0|19|0|19|0|19|0|19|85|78|11|21|508|192
1400000US25021417502|2879|379|1720|301|1430|284|290|119|249|111|0|14|22|31|0|14|19|22|601|177|9|16|592|175|0|14|0|14|0|14|48|73|0|14|0|14|135|83|64|76|311|137
1400000US25021417601|2897|441|1373|297|1167|276|206|137|110|88|53|55|20|26|10|16|13|23|649|210|84|76|530|177|35|54|0|19|0|19|0|19|0|19|13|21|187|90|5|10|670|243
1400000US25021417602|2716|458|1641|347|1338|314|303|139|210|119|43|48|0|14|0|14|50|60|457|198|0|14|457|198|0|14|0|14|0|14|0|14|0|14|0|14|109|84|18|29|491|218
1400000US25021417702|1424|219|912|167|710|157|202|111|191|102|0|14|11|40|0|14|0|14|283|108|17|21|257|111|0|14|9|14|0|14|9|17|0|14|0|14|47|56|10|16|163|73
1400000US25021417703|1007|171|390|131|385|130|5|10|5|10|0|14|0|14|0|14|0|14|351|120|0|14|283|101|68|72|0|14|0|14|0|14|0|14|0|14|92|88|33|37|141|88
1400000US25021417704|2635|604|1167|389|1157|391|10|17|9|16|0|14|1|4|0|14|0|14|647|309|11|17|539|308|55|54|42|48|0|14|0|14|0|14|0|14|26|38|42|37|753|288
1400000US25021417801|2608|415|1941|360|1819|364|122|79|122|79|0|19|0|19|0|19|0|19|262|158|133|139|129|84|0|19|0|19|0|19|0|19|40|47|0|19|0|19|0|19|365|163
1400000US25021417802|1404|314|788|219|728|212|60|59|23|25|0|14|37|56|0|14|0|14|245|142|130|114|115|92|0|14|0|14|0|14|0|14|0|14|0|14|62|71|46|51|263|119
1400000US25021417901|3465|547|2327|374|1978|348|349|223|283|229|29|47|37|49|0|19|0|19|380|222|168|188|183|109|29|46|0|19|0|19|147|157|0|19|0|19|53|61|2|27|556|272
1400000US25021417902|2248|386|1424|276|1275|278|149|87|73|48|39|45|27|36|10|15|0|14|435|182|144|149|284|118|7|12|0|14|0|14|0|14|0|14|9|15|70|46|10|16|300|157
1400000US25021418002|3939|492|2098|389|1921|364|177|120|177|120|0|19|0|19|0|19|0|19|519|174|41|51|478|177|0|19|0|19|0|19|0|19|0|19|0|19|38|44|14|22|1270|361
1400000US25021418003|2168|423|1397|368|1333|365|64|46|64|46|0|14|0|14|0|14|0|14|384|176|10|16|344|172|30|35|0|14|0|14|0|14|0|14|0|14|14|19|0|14|373|125
1400000US25021418004|2973|370|1958|324|1791|297|167|90|153|85|0|19|0|19|0|19|14|23|422|134|33|37|389|128|0|19|0|19|0|19|0|19|0|19|0|19|58|104|32|45|503|183
1400000US25021418101|2610|506|1151|319|1028|324|123|113|123|113|0|14|0|14|0|14|0|14|354|116|0|14|307|110|47|47|0|14|0|14|284|331|0|14|0|14|151|125|14|25|656|215
1400000US25021418102|2363|477|1396|233|1253|227|143|109|137|108|0|14|0|14|0|14|6|9|364|149|63|76|225|105|76|85|0|14|0|14|0|14|0|14|0|14|0|14|2|5|601|380
1400000US25021418201|3253|474|2173|365|2028|384|145|75|100|76|29|48|0|19|16|19|0|19|538|272|211|199|319|153|8|20|0|19|0|19|0|19|0|19|0|19|23|39|3|5|516|179
1400000US25021419100|3476|479|1740|269|1642|273|98|73|85|71|0|19|0|19|0|19|13|20|552|195|0|19|312|163|240|160|0|19|0|19|126|125|0|19|0|19|336|237|34|49|688|252
1400000US25021419200|2889|448|2132|425|1864|298|268|193|139|96|129|151|0|19|0|19|0|19|212|102|20|16|126|81|66|83|0|19|0|19|9|13|0|19|0|19|0|19|18|25|518|189
1400000US25021419300|2120|301|1679|288|1520|306|159|114|159|114|0|14|0|14|0|14|0|14|103|53|0|14|78|49|25|27|0|14|0|14|0|14|0|14|0|14|28|34|0|14|310|136
1400000US25021419400|1522|248|1161|181|1068|182|93|72|54|67|10|16|29|30|0|14|0|14|139|106|40|64|30|36|69|65|0|14|0|14|0|14|0|14|0|14|10|17|0|14|212|113
1400000US25021419500|1912|334|1380|241|1317|247|63|54|54|53|9|13|0|14|0|14|0|14|155|88|7|10|50|41|98|90|0|14|0|14|0|14|0|14|0|14|0|14|0|14|377|167
1400000US25021419601|797|206|601|187|593|186|8|12|8|12|0|14|0|14|0|14|0|14|93|78|0|14|52|65|41|44|0|14|0|14|0|14|0|14|0|14|0|14|0|14|103|87
1400000US25021419602|3146|458|2203|368|2043|335|160|115|160|115|0|19|0|19|0|19|0|19|251|127|15|30|218|109|18|29|0|19|0|19|0|19|0|19|0|19|0|19|46|59|646|215
1400000US25021419700|2553|469|1839|430|1695|431|144|65|65|36|55|47|24|30|0|14|0|14|233|103|12|18|204|92|17|22|0|14|0|14|0|14|0|14|0|14|49|32|11|16|421|235
1400000US25021419800|2581|339|1957|315|1603|256|354|220|260|233|18|21|57|52|0|14|19|25|232|125|46|44|151|117|35|42|0|14|0|14|13|23|0|14|0|14|92|71|9|15|278|102
1400000US25021420101|2965|578|1682|363|1533|345|149|118|100|64|41|79|8|15|0|19|0|19|511|197|86|82|388|161|23|39|14|25|0|19|0|19|0|19|21|28|0|19|51|54|700|327
1400000US25021420102|2248|350|1477|249|1356|288|121|121|72|59|26|80|23|34|0|14|0|14|167|93|37|43|98|72|0|14|32|45|0|14|29|45|0|14|0|14|9|27|0|14|566|304
1400000US25021420201|1624|318|1267|316|1141|322|126|82|117|80|9|17|0|14|0|14|0|14|221|117|107|93|92|73|22|31|0|14|0|14|64|91|0|14|0|14|8|14|25|26|39|37
1400000US25021420202|3808|492|2819|470|2522|479|297|132|199|108|29|52|22|37|0|19|47|63|216|158|0|19|181|154|35|41|0|19|0|19|50|73|0|19|0|19|89|84|103|134|531|288
1400000US25021420301|4058|478|3184|480|3039|479|145|114|145|114|0|19|0|19|0|19|0|19|177|125|67|101|92|64|18|31|0|19|0|19|168|149|0|19|9|24|0|19|0|19|520|244
1400000US25021420302|3301|545|2675|445|2387|454|288|176|242|167|46|69|0|19|0|19|0|19|301|163|98|91|170|120|33|44|0|19|0|19|194|161|0|19|0|19|11|22|27|48|93|91
1400000US25021421100|2792|473|2439|464|2306|456|133|105|27|44|0|19|75|81|0|19|31|50|51|54|0|19|30|47|21|29|0|19|0|19|0|19|0|19|0|19|0|19|0|19|302|166
1400000US25021421200|3265|376|2344|511|2121|438|223|115|139|107|82|100|2|4|0|19|0|19|218|131|19|29|189|118|10|17|0|19|0|19|0|19|0|19|0|19|102|98|94|96|507|261
1400000US25021422100|3043|350|2309|352|2094|294|215|148|174|148|33|32|8|13|0|19|0|19|107|64|0|19|56|51|51|42|0|19|0|19|0|19|0|19|0|19|34|38|15|23|578|197
1400000US25021422201|1356|333|978|297|971|293|7|22|7|22|0|14|0|14|0|14|0|14|126|104|0|14|64|89|62|59|0|14|0|14|0|14|0|14|0|14|0|14|26|42|226|125
1400000US25021422202|3809|464|2746|325|2617|341|129|143|129|143|0|19|0|19|0|19|0|19|582|345|0|19|506|342|76|60|0|19|0|19|0|19|0|19|0|19|33|38|3|8|445|209
1400000US25021422301|1699|279|1321|271|1223|242|98|85|88|84|0|14|10|16|0|14|0|14|98|49|0|14|69|45|29|26|0|14|0|14|0|14|0|14|0|14|37|58|0|14|243|127
1400000US25021422303|2605|427|2008|461|1911|460|97|92|87|92|0|14|0|14|0|14|10|18|233|157|18|28|215|155|0|14|0|14|0|14|0|14|0|14|0|14|0|14|0|14|364|208
1400000US25021422304|1232|393|753|177|633|160|120|76|120|76|0|14|0|14|0|14|0|14|52|43|0|14|41|41|0|14|0|14|11|15|0|14|12|18|0|14|0|14|14|20|401|379
1400000US25021422401|1744|313|1177|265|1093|264|84|84|75|84|9|15|0|14|0|14|0|14|195|127|0|14|146|117|49|38|0|14|0|14|0|14|0|14|0|14|22|36|15|24|335|184
1400000US25021422402|2488|394|1894|363|1786|361|108|66|55|38|26|26|27|46|0|14|0|14|240|189|0|14|178|161|46|61|16|25|0|14|0|14|0|14|0|14|0|14|0|14|354|105
1400000US25021422501|2720|369|1946|428|1805|383|141|101|141|101|0|14|0|14|0|14|0|14|294|144|101|89|168|124|25|31|0|14|0|14|5|13|0|14|0|14|0|14|58|76|417|176
1400000US25021422502|3027|556|1980|515|1710|537|270|157|270|157|0|19|0|19|0|19|0|19|309|198|71|88|118|99|120|132|0|19|0|19|15|25|0|19|0|19|107|120|20|32|596|261
1400000US25021422600|3706|406|2808|341|2592|315|216|137|143|101|73|98|0|19|0|19|0|19|194|120|0|19|0|19|154|108|0|19|40|42|0|19|30|45|0|19|0|19|79|73|595|293
1400000US25021422700|1871|238|1414|260|1351|261|63|57|63|57|0|14|0|14|0|14|0|14|131|63|58|42|73|47|0|14|0|14|0|14|0|14|0|14|0|14|50|43|45|42|231|95
1400000US25021422800|1869|307|1500|272|1315|250|185|133|147|130|38|50|0|14|0|14|0|14|128|76|6|12|36|37|17|22|0|14|69|61|0|14|0|14|0|14|0|14|38|35|203|108
1400000US25021423101|1556|263|912|241|873|233|39|42|39|42|0|14|0|14|0|14|0|14|139|72|0|14|0|14|51|46|0|14|88|68|0|14|0|14|0|14|58|55|0|14|447|166
1400000US25021423102|2355|300|1433|340|1372|354|61|60|61|60|0|14|0|14|0|14|0|14|378|216|0|14|0|14|21|29|0|14|357|214|0|14|0|14|0|14|30|49|20|23|494|202
1400000US25021440101|3130|265|2517|353|2460|359|57|57|57|57|0|19|0|19|0|19|0|19|82|75|0|19|0|19|71|72|0|19|11|18|91|116|0|19|0|19|14|24|30|47|396|191
1400000US25021440102|1777|270|1555|258|1477|238|78|84|68|82|0|14|10|16|0|14|0|14|14|24|0|14|0|14|14|24|0|14|0|14|0|14|0|14|29|45|0|14|0|14|179|86
1400000US25021441202|1630|175|1183|150|1130|150|53|30|27|29|0|14|12|18|0|14|14|19|76|40|0|14|12|16|64|36|0|14|0|14|0|14|0|14|0|14|0|14|0|14|371|116
1400000US25021441203|1820|265|1415|228|1300|229|115|78|90|73|13|20|0|14|12|19|0|14|42|33|0|14|0|14|42|33|0|14|0|14|0|14|37|48|0|14|6|11|10|15|310|115
1400000US25021441204|2520|205|1795|257|1626|256|169|84|110|67|0|19|54|61|0|19|5|9|19|21|0|19|0|19|19|21|0|19|0|19|0|19|0|19|0|19|8|12|112|91|586|175
1400000US25021442101|2933|313|1911|288|1770|277|141|102|91|85|44|56|6|13|0|19|0|19|137|51|0|19|9|14|128|49|0|19|0|19|0|19|0|19|0|19|151|68|70|68|664|144
1400000US25021442103|3894|404|2973|484|2743|474|230|188|230|188|0|19|0|19|0|19|0|19|81|71|0|19|0|19|81|71|0|19|0|19|0|19|0|19|0|19|0|19|32|38|808|235
1400000US25021442104|3572|630|2697|668|2509|646|188|161|188|161|0|19|0|19|0|19|0|19|105|104|0|19|0|19|105|104|0|19|0|19|23|36|0|19|0|19|0|19|11|21|736|227
1400000US25021442105|1308|323|930|170|883|184|47|54|47|54|0|14|0|14|0|14|0|14|27|29|0|14|12|17|15|23|0|14|0|14|0|14|0|14|0|14|14|16|6|10|331|186
1400000US25021442201|2230|254|1671|239|1587|239|84|66|25|24|9|14|4|9|0|14|46|59|77|51|27|39|0|14|50|37|0|14|0|14|7|11|0|14|0|14|42|64|0|14|433|137
1400000US25021442203|2039|416|1395|334|1279|330|116|89|98|82|0|14|0|14|18|27|0|14|91|91|0|14|0|14|91|91|0|14|0|14|0|14|0|14|0|14|43|39|0|14|510|197
1400000US25021442204|2079|257|1399|235|1364|231|35|32|30|31|0|14|5|8|0|14|0|14|76|49|0|14|13|20|63|48|0|14|0|14|0|14|0|14|0|14|53|36|156|126|395|127
1400000US25021443103|2328|355|1888|369|1741|340|147|133|147|133|0|14|0|14|0|14|0|14|62|46|0|14|0|14|62|46|0|14|0|14|0|14|0|14|0|14|32|43|14|16|332|131
1400000US25021443104|2636|415|2145|357|2028|360|117|94|98|89|19|23|0|14|0|14|0|14|7|13|0|14|0|14|7|13|0|14|0|14|0|14|0|14|0|14|0|14|26|36|458|167
1400000US25021443105|1162|187|881|198|865|195|16|20|16|20|0|14|0|14|0|14|0|14|21|24|0|14|0|14|21|24|0|14|0|14|0|14|21|26|0|14|21|25|78|106|140|68
1400000US25021443106|2874|445|2435|337|2205|324|230|152|87|61|143|147|0|19|0|19|0|19|32|38|0|19|0|19|32|38|0|19|0|19|0|19|0|19|0|19|0|19|0|19|407|248
1400000US25021456101|1930|342|1629|314|1455|317|174|97|123|65|51|65|0|14|0|14|0|14|28|29|12|18|16|22|0|14|0|14|0|14|0|14|0|14|0|14|4|8|21|25|248|131
1400000US25021456102|2654|385|2108|295|1948|319|160|128|122|122|20|32|18|31|0|19|0|19|66|50|10|24|0|19|56|43|0|19|0|19|19|30|0|19|0|19|75|76|75|93|311|161
1400000US25021456200|2459|423|1855|316|1692|348|163|121|139|115|24|28|0|14|0|14|0|14|54|48|0|14|26|38|28|31|0|14|0|14|0|14|0|14|0|14|63|91|47|55|440|208
1400000US25021456301|1206|277|1097|272|869|196|228|141|86|63|108|116|0|14|6|11|28|31|45|33|18|24|0|14|15|19|12|17|0|14|0|14|0|14|0|14|41|34|0|14|23|30
1400000US25021456302|2243|422|1637|385|1451|398|186|166|77|114|43|49|0|14|0|14|66|83|111|65|44|51|0|14|67|57|0|14|0|14|75|95|0|14|0|14|10|16|0|14|410|194
1400000US25021456401|1442|262|1161|216|1012|192|149|75|110|69|28|34|0|14|11|18|0|14|75|47|0|14|0|14|75|47|0|14|0|14|0|14|0|14|0|14|78|63|39|57|89|47
1400000US25021456402|3179|372|2514|376|2240|293|274|349|256|349|9|14|9|15|0|19|0|19|106|70|0|19|8|13|98|69|0|19|0|19|0|19|0|19|0|19|9|14|17|18|533|164
1400000US25021457100|2738|202|2209|234|2049|221|160|91|54|40|74|88|32|31|0|14|0|14|133|138|56|81|52|66|25|40|0|14|0|14|0|14|7|11|0|14|106|113|0|14|283|122
1400000US25021457200|3147|384|1989|346|1812|284|177|141|138|136|0|19|19|30|0|19|20|32|160|85|0|19|11|19|138|79|11|19|0|19|0|19|0|19|0|19|124|102|0|19|874|287
1400000US25021980000|0|14|0|14|0|14|0|14|0|14|0|14|0|14|0|14|0|14|0|14|0|14|0|14|0|14|0|14|0|14|0|14|0|14|0|14|0|14|0|14|0|14
1400000US25023500101|1995|321|1167|264|1078|232|89|69|53|48|0|14|36|49|0|14|0|14|244|93|0|14|13|19|11|17|0|14|220|92|0|14|0|14|26|40|18|20|17|20|523|176
1400000US25023500103|2000|672|1612|699|1592|699|20|23|20|23|0|14|0|14|0|14|0|14|52|37|0|14|9|14|9|16|0|14|34|30|9|14|0|14|0|14|7|11|0|14|320|115
1400000US25023500104|2119|339|1615|302|1525|296|90|62|90|62|0|14|0|14|0|14|0|14|113|75|0|14|0|14|0|14|0|14|113|75|0|14|0|14|0|14|59|41|4|7|328|169
1400000US25023501101|1563|179|1064|193|1032|189|32|33|17|26|0|14|8|12|7|10|0|14|208|92|0|14|0|14|87|62|0|14|121|62|0|14|0|14|0|14|26|24|0|14|265|104
1400000US25023501102|4228|392|1948|297|1905|304|43|49|21|36|0|19|0|19|22|34|0|19|590|176|64|60|46|51|102|102|0|19|378|149|0|19|0|19|0|19|116|81|0|19|1574|292
1400000US25023501201|1999|351|1032|333|998|330|34|31|24|24|10|18|0|14|0|14|0|14|162|73|8|12|0|14|36|36|0|14|118|61|5|11|0|14|0|14|18|22|31|45|751|170
1400000US25023501203|1226|195|758|169|643|176|115|80|71|57|5|8|0|14|0|14|39|41|26|23|0|14|0|14|4|6|0|14|22|23|0|14|21|33|0|14|7|11|0|14|414|118
1400000US25023501204|1530|287|986|264|857|222|129|110|128|110|0|19|0|19|1|3|0|19|199|106|0|19|57|62|50|45|0|19|92|87|0|19|0|19|0|19|26|42|49|53|270|117
1400000US25023502101|3774|724|2961|650|2809|640|152|118|143|118|9|17|0|19|0|19|0|19|73|65|0|19|33|50|7|12|0|19|33|46|0|19|0|19|0|19|129|142|0|19|611|270
1400000US25023502102|2462|447|2090|425|1894|432|196|142|84|60|34|52|39|48|39|64|0|14|68|48|0|14|24|27|44|36|0|14|0|14|0|14|0|14|0|14|16|25|0|14|288|132
1400000US25023502200|3013|668|2695|669|2624|651|71|71|71|71|0|19|0|19|0|19|0|19|45|41|0|19|10|16|35|37|0|19|0|19|0|19|39|45|12|19|25|41|0|19|197|111
1400000US25023503101|3872|405|2887|397|2806|388|81|58|42|40|0|19|23|30|0|19|16|26|154|91|17|26|26|34|111|76|0|19|0|19|0|19|0|19|30|52|0|19|17|31|784|371
1400000US25023503102|3717|423|2802|400|2614|387|188|126|167|125|0|19|0|19|0|19|21|35|155|87|0|19|56|63|99|68|0|19|0|19|0|19|0|19|0|19|5|15|16|27|739|244
1400000US25023504101|2848|301|2017|267|1929|271|88|62|88|62|0|19|0|19|0|19|0|19|146|81|8|12|79|73|48|36|0|19|11|18|0|19|0|19|0|19|33|26|35|29|617|227
1400000US25023504102|2738|253|1867|279|1702|278|165|101|66|35|42|48|57|86|0|19|0|19|91|51|9|15|10|15|45|43|9|18|18|20|0|19|0|19|0|19|79|53|0|19|701|218
1400000US25023505102|2912|494|1781|333|1743|334|38|43|11|19|27|39|0|19|0|19|0|19|255|103|22|32|25|29|70|42|0|19|138|75|0|19|0|19|0|19|20|18|11|17|845|288
1400000US25023505103|1819|487|1140|523|1114|525|26|40|26|40|0|14|0|14|0|14|0|14|108|84|0|14|16|22|45|63|0|14|47|51|0|14|0|14|0|14|75|91|0|14|496|263
1400000US25023505104|2064|436|1384|347|1250|286|134|138|134|138|0|14|0|14|0|14|0|14|171|105|0|14|0|14|113|91|0|14|58|48|0|14|0|14|0|14|34|37|12|19|463|151
1400000US25023505201|911|206|747|189|704|182|43|46|43|46|0|14|0|14|0|14|0|14|71|61|0|14|0|14|44|54|0|14|27|30|0|14|0|14|0|14|25|30|0|14|68|56
1400000US25023505202|2189|314|1343|267|1245|255|98|75|72|59|26|42|0|14|0|14|0|14|181|119|1|2|0|14|49|57|0|14|131|95|0|14|0|14|18|34|77|82|13|23|557|163
1400000US25023506102|3347|552|2092|424|1735|310|357|326|316|323|41|52|0|19|0|19|0|19|180|145|0|19|88|135|70|82|0|19|22|33|0|19|0|19|0|19|92|80|47|46|936|287
1400000US25023506103|1199|295|850|168|850|168|0|14|0|14|0|14|0|14|0|14|0|14|54|44|23|34|0|14|8|13|0|14|23|28|0|14|0|14|0|14|36|54|101|141|158|93
1400000US25023506104|2360|425|1812|287|1738|287|74|78|28|32|0|14|46|71|0|14|0|14|66|61|0|14|0|14|33|39|0|14|33|49|0|14|0|14|0|14|0|14|0|14|482|246
1400000US25023506202|1418|274|1017|173|917|161|100|46|100|46|0|14|0|14|0|14|0|14|43|35|8|12|30|33|5|7|0|14|0|14|0|14|0|14|0|14|44|32|0|14|314|211
1400000US25023506203|3088|442|2420|437|2348|427|72|58|72|58|0|19|0|19|0|19|0|19|47|39|14|24|12|21|21|25|0|19|0|19|0|19|0|19|0|19|23|34|43|52|555|270
1400000US25023506205|1415|531|1028|309|1001|309|27|32|27|32|0|14|0|14|0|14|0|14|23|38|0|14|23|38|0|14|0|14|0|14|0|14|0|14|0|14|0|14|0|14|364|296
1400000US25023506206|1309|270|842|193|737|160|105|101|84|96|0|14|21|32|0|14|0|14|71|92|59|88|0|14|0|14|0|14|12|19|0|14|0|14|0|14|18|28|14|24|364|171
1400000US25023507101|2805|379|2269|367|2156|379|113|79|94|77|0|19|19|21|0|19|0|19|28|26|0|19|0|19|28|26|0|19|0|19|7|12|0|19|28|44|9|14|10|17|454|133
1400000US25023507103|2119|385|1317|323|1201|310|116|65|113|65|0|14|3|5|0|14|0|14|128|110|0|14|0|14|128|110|0|14|0|14|0|14|0|14|17|21|33|32|9|15|615|123
1400000US25023507104|2813|446|2095|453|2052|456|43|48|21|33|22|35|0|19|0|19|0|19|226|169|129|155|27|44|70|55|0|19|0|19|0|19|0|19|0|19|1|5|0|19|491|194
1400000US25023508101|3614|416|2447|339|2351|342|96|83|96|83|0|19|0|19|0|19|0|19|58|46|0|19|15|22|43|48|0|19|0|19|0|19|0|19|0|19|52|62|66|96|991|497
1400000US25023508102|2683|345|2354|354|2178|377|176|148|176|148|0|14|0|14|0|14|0|14|68|51|0|14|27|33|41|40|0|14|0|14|0|14|6|14|0|14|0|14|40|62|215|99
1400000US25023508200|3530|513|2836|585|2530|431|306|258|293|257|13|35|0|19|0|19|0|19|86|83|0|19|16|27|70|79|0|19|0|19|0|19|0|19|0|19|58|51|0|19|550|231
1400000US25023509101|4015|566|3171|542|2871|427|300|247|300|247|0|19|0|19|0|19|0|19|106|116|0|19|90|114|16|26|0|19|0|19|0|19|0|19|0|19|10|17|17|27|711|220
1400000US25023509102|3570|539|2771|536|2370|573|401|227|401|227|0|19|0|19|0|19|0|19|69|62|0|19|0|19|69|62|0|19|0|19|0|19|0|19|0|19|7|15|31|38|692|231
1400000US25023510100|2417|279|2133|272|1853|280|280|148|267|148|13|17|0|14|0|14|0|14|64|54|0|14|36|44|19|28|9|14|0|14|27|32|0|14|0|14|24|35|14|22|155|79
1400000US25023510200|3782|539|3260|527|2851|526|409|248|409|248|0|19|0|19|0|19|0|19|113|82|52|45|32|53|29|48|0|19|0|19|147|140|0|19|0|19|0|19|26|40|236|132
1400000US25023510300|1679|393|1434|341|1063|225|371|252|241|163|130|174|0|14|0|14|0|14|189|161|40|38|0|14|149|151|0|14|0|14|0|14|0|14|0|14|14|24|0|14|42|53
1400000US25023510400|1613|340|1413|311|1168|309|245|119|168|105|67|65|10|17|0|14|0|14|85|83|85|83|0|14|0|14|0|14|0|14|43|57|49|62|0|14|6|12|17|17|0|14
1400000US25023510501|1732|413|1335|425|1163|368|172|132|106|121|66|60|0|14|0|14|0|14|105|63|72|54|0|14|33|32|0|14|0|14|0|14|68|42|8|13|55|23|15|24|146|80
1400000US25023510503|1796|375|1303|261|1221|252|82|61|71|61|11|18|0|14|0|14|0|14|36|36|36|36|0|14|0|14|0|14|0|14|26|37|0|14|0|14|0|14|38|52|393|264
1400000US25023510504|913|248|755|252|626|237|129|112|129|112|0|14|0|14|0|14|0|14|36|41|14|22|0|14|22|35|0|14|0|14|0|14|0|14|0|14|0|14|0|14|122|125
1400000US25023510505|2032|461|1750|389|1635|375|115|127|115|127|0|14|0|14|0|14|0|14|88|91|12|26|0|14|76|87|0|14|0|14|99|133|0|14|0|14|0|14|54|65|41|54
1400000US25023510600|1840|435|1544|327|1372|283|172|121|101|96|71|72|0|14|0|14|0|14|30|35|0|14|20|32|10|16|0|14|0|14|0|14|0|14|0|14|7|12|120|150|139|111
1400000US25023510700|3423|655|3016|600|2846|581|170|152|118|116|3|6|0|19|49|76|0|19|107|123|107|123|0|19|0|19|0|19|0|19|0|19|0|19|0|19|70|89|48|81|182|116
1400000US25023510800|3554|555|2752|428|2152|538|600|298|506|254|84|104|10|36|0|19|0|19|379|259|269|243|110|77|0|19|0|19|0|19|100|124|0|19|0|19|0|19|84|90|239|168
1400000US25023510900|818|260|637|252|371|110|266|234|43|50|43|39|128|160|52|73|0|14|139|78|115|73|24|35|0|14|0|14|0|14|0|14|0|14|0|14|17|24|8|15|17|36
1400000US25023511000|1303|293|993|228|762|197|231|128|226|127|5|9|0|14|0|14|0|14|40|39|19|31|0|14|21|32|0|14|0|14|42|67|0|14|0|14|63|60|54|48|111|90
1400000US25023511100|3026|512|2725|477|2382|462|343|151|287|158|56|74|0|19|0|19|0|19|81|59|7|12|35|37|39|44|0|19|0|19|0|19|5|10|0|19|10|16|0|19|205|129
1400000US25023511200|2155|324|1877|294|1632|272|245|110|233|105|0|19|12|19|0|19|0|19|90|65|59|59|11|18|20|21|0|19|0|19|0|19|0|19|0|19|71|64|9|17|108|74
1400000US25023511301|2975|449|2472|496|2017|471|455|227|315|204|46|52|0|19|69|69|25|42|276|155|193|139|83|69|0|19|0|19|0|19|12|20|0|19|0|19|28|40|75|59|112|61
1400000US25023511302|1814|321|1553|259|1209|218|344|222|188|137|41|75|47|70|68|106|0|14|152|137|4|13|128|132|20|24|0|14|0|14|0|14|0|14|0|14|57|47|0|14|52|75
1400000US25023511400|2012|388|1556|318|1309|275|247|153|95|78|132|144|20|31|0|14|0|14|96|64|96|64|0|14|0|14|0|14|0|14|45|61|0|14|0|14|178|132|81|131|56|59
1400000US25023511500|2204|295|1829|281|1565|242|264|98|169|84|77|51|18|28|0|19|0|19|105|57|83|53|0|19|22|22|0|19|0|19|37|40|0|19|0|19|0|19|127|101|106|90
1400000US25023511601|1675|356|1505|344|1231|334|274|161|274|161|0|14|0|14|0|14|0|14|49|66|36|60|13|37|0|14|0|14|0|14|0|14|0|14|0|14|0|14|0|14|121|108
1400000US25023511602|1628|368|1486|360|1256|366|230|128|202|131|28|46|0|14|0|14|0|14|27|45|27|45|0|14|0|14|0|14|0|14|0|14|0|14|0|14|33|39|10|16|72|56
1400000US25023511701|2569|374|2302|385|2079|385|223|136|197|131|9|16|6|10|0|19|11|17|101|65|38|49|29|45|34|30|0|19|0|19|0|19|0|19|9|14|15|18|12|13|130|61
1400000US25023511702|1501|221|1209|248|1026|215|183|93|178|92|0|14|0|14|0|14|5|8|19|18|0|14|0|14|19|18|0|14|0|14|10|17|0|14|9|15|7|11|0|14|247|109
1400000US25023520100|3972|494|3169|436|2936|440|233|130|172|110|48|62|0|19|13|21|0|19|295|222|0|19|69|87|226|193|0|19|0|19|0|19|0|19|39|59|11|18|75|113|383|167
1400000US25023520201|2060|281|1571|289|1411|258|160|93|160|93|0|14|0|14|0|14|0|14|71|47|0|14|0|14|71|47|0|14|0|14|0|14|0|14|12|20|12|20|50|77|344|121
1400000US25023520202|3415|513|2790|454|2587|446|203|113|166|108|0|19|13|21|0|19|24|39|24|23|0|19|16|21|8|12|0|19|0|19|0|19|0|19|0|19|15|25|0|19|586|216
1400000US25023521101|2544|338|2140|324|1909|329|231|130|92|66|52|58|51|76|36|53|0|14|6|10|0|14|0|14|6|10|0|14|0|14|26|35|17|21|0|14|92|102|17|20|246|103
1400000US25023521102|1736|192|1389|247|1245|253|144|107|69|52|75|98|0|14|0|14|0|14|21|25|1|2|7|13|13|21|0|14|0|14|12|19|0|14|0|14|45|41|118|163|151|78
1400000US25023521201|2038|310|1757|326|1534|293|223|175|204|174|8|13|0|14|11|17|0|14|116|77|8|13|16|29|92|70|0|14|0|14|0|14|0|14|0|14|6|20|56|62|103|59
1400000US25023521202|2353|281|1832|267|1667|272|165|83|152|86|13|16|0|14|0|14|0|14|155|93|0|14|12|19|85|76|58|60|0|14|11|16|0|14|20|32|38|43|0|14|297|137
1400000US25023522101|2529|395|2158|396|1974|388|184|145|105|66|79|122|0|14|0|14|0|14|57|44|0|14|0|14|57|44|0|14|0|14|11|17|0|14|12|18|13|18|69|53|209|90
1400000US25023522102|2804|356|2542|348|2387|357|155|123|44|44|13|21|73|112|0|19|25|29|91|77|0|19|34|53|57|54|0|19|0|19|0|19|0|19|0|19|19|30|0|19|152|90
1400000US25023523100|2112|316|1713|283|1479|284|234|135|90|75|113|117|0|14|10|17|21|24|36|54|0|14|11|16|25|37|0|14|0|14|0|14|0|14|0|14|0|14|72|93|291|154
1400000US25023523201|1416|236|1212|217|1064|231|148|81|90|54|0|14|0|14|58|57|0|14|52|40|0|14|9|13|43|38|0|14|0|14|0|14|30|48|10|16|9|16|0|14|103|52
1400000US25023523203|2633|573|1942|445|1828|434|114|61|92|57|22|27|0|14|0|14|0|14|72|75|0|14|0|14|72|75|0|14|0|14|0|14|0|14|0|14|52|49|12|19|555|355
1400000US25023523204|1960|359|1692|352|1610|348|82|69|40|37|32|39|0|14|0|14|10|24|109|117|0|14|12|19|97|118|0|14|0|14|0|14|0|14|0|14|5|10|0|14|154|86
1400000US25023524101|1853|265|1558|253|1445|226|113|82|98|77|0|14|0|14|0|14|15|27|9|14|0|14|0|14|9|14|0|14|0|14|0|14|0|14|0|14|34|37|0|14|252|112
1400000US25023524102|2321|321|2063|340|1948|348|115|76|98|73|17|20|0|14|0|14|0|14|15|24|0|14|0|14|15|24|0|14|0|14|0|14|0|14|0|14|0|14|0|14|243|127
1400000US25023525101|4190|554|3598|528|3423|521|175|166|138|115|37|63|0|19|0|19|0|19|29|35|0|19|15|24|14|24|0|19|0|19|27|47|0|19|0|19|114|99|18|29|404|165
1400000US25023525104|4161|706|3710|740|3565|746|145|84|131|81|14|23|0|19|0|19|0|19|95|87|0|19|0|19|95|87|0|19|0|19|0|19|0|19|0|19|86|72|0|19|270|108
1400000US25023525204|1951|336|1368|303|1344|301|24|37|24|37|0|14|0|14|0|14|0|14|96|66|8|13|0|14|88|66|0|14|0|14|0|14|0|14|0|14|0|14|39|39|448|167
1400000US25023526100|3852|519|3171|409|3061|409|110|81|83|72|26|36|0|19|1|6|0|19|46|46|0|19|0|19|46|46|0|19|0|19|0|19|0|19|0|19|97|125|83|77|455|152
1400000US25023530100|2413|384|1828|298|1573|310|255|148|240|146|0|14|0|14|0|14|15|18|44|37|13|20|0|14|31|32|0|14|0|14|0|14|0|14|0|14|85|96|9|14|447|166
1400000US25023530200|2479|368|1840|338|1607|293|233|179|209|185|24|25|0|14|0|14|0|14|51|41|2|7|12|20|37|31|0|14|0|14|0|14|0|14|170|272|21|43|2|9|395|144
1400000US25023530300|2270|425|1628|400|1310|362|318|248|269|247|49|54|0|14|0|14|0|14|39|52|39|52|0|14|0|14|0|14|0|14|0|14|0|14|0|14|62|55|94|93|447|205
1400000US25023530400|2909|427|2082|298|1920|298|162|95|88|75|40|64|34|49|0|19|0|19|65|62|0|19|20|23|45|63|0|19|0|19|0|19|0|19|0|19|0|19|90|92|672|292
1400000US25023530500|3056|620|2464|482|2176|450|288|200|87|70|0|19|172|179|0|19|29|35|1|12|1|12|0|19|0|19|0|19|0|19|0|19|0|19|57|89|149|179|28|34|357|223
1400000US25023530600|2995|281|2612|260|2327|274|285|187|150|99|127|155|0|19|8|12|0|19|14|22|0|19|0|19|14|22|0|19|0|19|0|19|0|19|0|19|62|50|34|39|273|96
1400000US25023530700|3218|604|2247|529|2183|516|64|56|64|56|0|19|0|19|0|19|0|19|47|45|0|19|15|23|32|37|0|19|0|19|0|19|15|25|0|19|85|85|45|66|779|356
1400000US25023530801|3078|453|2499|392|2334|383|165|106|150|105|0|19|0|19|0|19|15|25|97|106|36|55|0|19|0|19|0|19|61|93|0|19|0|19|42|69|80|92|45|54|315|133
1400000US25023530802|2486|397|1884|378|1464|249|420|286|127|81|249|250|0|14|0|14|44|67|10|15|0|14|0|14|10|15|0|14|0|14|0|14|0|14|0|14|35|56|4|9|553|181
1400000US25023530902|2566|430|2020|347|1703|310|317|173|282|162|26|40|0|14|0|14|9|14|36|30|36|30|0|14|0|14|0|14|0|14|0|14|26|40|10|16|81|108|87|72|306|100
1400000US25023530903|3115|401|2642|352|2385|361|257|144|139|107|55|71|0|19|63|61|0|19|0|19|0|19|0|19|0|19|0|19|0|19|0|19|0|19|0|19|0|19|0|19|473|282
1400000US25023530904|1767|323|1304|309|1148|280|156|139|134|133|0|14|0|14|0|14|22|27|24|41|0|14|24|41|0|14|0|14|0|14|0|14|0|14|0|14|0|14|114|166|325|162
1400000US25023540101|2584|376|1996|263|1907|261|89|52|66|46|23|27|0|14|0|14|0|14|9|14|0|14|0|14|9|14|0|14|0|14|0|14|0|14|23|33|191|240|0|14|365|133
1400000US25023540102|1395|162|1230|152|1187|151|43|28|37|27|6|9|0|14|0|14|0|14|0|14|0|14|0|14|0|14|0|14|0|14|0|14|0|14|0|14|6|8|0|14|159|68
1400000US25023540103|2734|522|2360|257|2205|256|155|94|130|77|25|34|0|14|0|14|0|14|0|14|0|14|0|14|0|14|0|14|0|14|0|14|0|14|10|16|5|7|0|14|359|338
1400000US25023541100|3114|306|2833|331|2709|347|124|76|43|42|43|42|0|19|0|19|38|49|8|13|0|19|0|19|8|13|0|19|0|19|0|19|0|19|0|19|17|18|10|17|246|106
1400000US25023542101|3959|619|3583|633|3383|626|200|100|112|74|74|93|14|23|0|19|0|19|38|45|0|19|0|19|38|45|0|19|0|19|0|19|0|19|15|24|15|25|12|22|296|162
1400000US25023542102|1205|140|1037|137|982|135|55|32|46|29|3|7|6|9|0|14|0|14|20|23|0|14|0|14|20|23|0|14|0|14|0|14|0|14|0|14|3|6|0|14|145|56
1400000US25023542200|3025|426|2377|400|2108|355|269|200|217|187|0|19|0|19|0|19|52|70|50|49|0|19|0|19|50|49|0|19|0|19|0|19|0|19|0|19|0|19|0|19|598|251
1400000US25023542301|2083|371|1783|325|1707|323|76|100|76|100|0|14|0|14|0|14|0|14|0|14|0|14|0|14|0|14|0|14|0|14|4|12|0|14|17|30|0|14|0|14|279|170
1400000US25023542302|2402|348|2212|356|2020|345|192|113|176|112|11|19|0|14|5|8|0|14|2|27|2|27|0|14|0|14|0|14|0|14|0|14|0|14|0|14|65|65|0|14|123|87
1400000US25023543100|1372|186|1099|177|991|172|108|82|108|82|0|14|0|14|0|14|0|14|12|12|1|2|5|7|6|8|0|14|0|14|0|14|0|14|0|14|2|5|0|14|259|72
1400000US25023544100|2985|302|2506|310|2291|307|215|86|204|84|11|19|0|19|0|19|0|19|0|19|0|19|0|19|0|19|0|19|0|19|0|19|0|19|0|19|10|16|0|19|469|144
1400000US25023544200|2896|292|2575|295|2443|291|132|112|119|113|13|22|0|19|0|19|0|19|86|99|52|90|0|19|34|40|0|19|0|19|0|19|0|19|0|19|0|19|0|19|235|98
1400000US25023545100|3275|451|2888|473|2618|517|270|204|144|131|116|155|0|19|0|19|10|19|17|27|17|27|0|19|0|19|0|19|0|19|0|19|0|19|0|19|0|19|23|40|347|189
1400000US25023545200|3303|437|3111|430|2722|408|389|187|316|159|73|103|0|19|0|19|0|19|0|19|0|19|0|19|0|19|0|19|0|19|0|19|0|19|0|19|20|28|29|39|143|114
1400000US25023545300|2079|510|1305|373|1278|362|27|44|27|44|0|14|0|14|0|14|0|14|35|51|0|14|4|9|0|14|0|14|31|50|0|14|0|14|0|14|36|58|188|134|515|278
1400000US25023545400|2368|395|1936|379|1873|377|63|100|63|100|0|14|0|14|0|14|0|14|0|14|0|14|0|14|0|14|0|14|0|14|0|14|0|14|0|14|0|14|0|14|432|162
1400000US25023560100|3443|351|2615|371|2465|362|150|119|98|88|0|19|52|80|0|19|0|19|14|24|0|19|0|19|0|19|0|19|14|24|0|19|0|19|0|19|0|19|10|18|804|283
1400000US25023561100|2419|326|1832|307|1782|303|50|76|50|76|0|19|0|19|0|19|0|19|42|46|0|19|42|46|0|19|0|19|0|19|0|19|0|19|0|19|87|151|0|19|458|202
1400000US25023561400|2761|426|2179|413|1975|413|204|110|204|110|0|19|0|19|0|19|0|19|59|58|0|19|8|18|51|55|0|19|0|19|0|19|17|27|24|40|36|49|16|27|430|248
1400000US25023980200|21|25|18|23|18|23|0|14|0|14|0|14|0|14|0|14|0|14|3|6|0|14|0|14|3|6|0|14|0|14|0|14|0|14|0|14|0|14|0|14|0|14
1400000US25023980300|1093|160|409|95|335|88|74|56|36|48|12|17|8|17|0|14|18|22|0|14|0|14|0|14|0|14|0|14|0|14|0|14|0|14|0|14|545|138|0|14|139|75
1400000US25023990003|0|14|0|14|0|14|0|14|0|14|0|14|0|14|0|14|0|14|0|14|0|14|0|14|0|14|0|14|0|14|0|14|0|14|0|14|0|14|0|14|0|14
1400000US25025000101|1055|261|556|172|462|145|94|62|94|62|0|14|0|14|0|14|0|14|251|119|141|81|78|65|32|24|0|14|0|14|0|14|0|14|97|43|60|45|4|7|87|51
1400000US25025000102|2526|687|1452|738|1378|737|74|88|74|88|0|14|0|14|0|14|0|14|569|313|281|148|33|40|255|255|0|14|0|14|0|14|0|14|69|91|107|76|0|14|329|178
1400000US25025000201|3015|489|1821|420|1645|387|176|119|145|112|31|48|0|14|0|14|0|14|532|175|484|170|19|21|29|44|0|14|0|14|0|14|0|14|75|54|76|66|64|63|447|133
1400000US25025000202|2221|307|1144|223|1036|206|108|84|66|66|26|40|0|14|0|14|16|28|507|127|449|125|0|14|47|51|11|18|0|14|0|14|0|14|8|12|171|87|0|14|391|166
1400000US25025000301|2002|270|938|203|866|195|72|56|60|53|0|14|0|14|0|14|12|19|445|189|279|116|133|148|33|29|0|14|0|14|0|14|0|14|0|14|84|101|10|18|525|130
1400000US25025000302|2257|632|1477|582|1323|584|154|91|154|91|0|14|0|14|0|14|0|14|369|133|212|95|83|59|35|40|39|42|0|14|0|14|0|14|0|14|116|100|24|28|271|105
1400000US25025000401|3098|494|1117|335|818|240|299|177|290|178|0|14|0|14|9|16|0|14|1218|334|489|275|652|189|0|14|77|75|0|14|0|14|0|14|0|14|151|99|0|14|612|239
1400000US25025000402|2166|543|974|297|614|154|360|286|317|259|36|42|7|11|0|14|0|14|366|141|134|105|172|69|40|39|20|22|0|14|0|14|0|14|53|46|255|160|10|15|508|252
1400000US25025000502|3014|320|958|189|816|163|142|71|111|53|31|42|0|19|0|19|0|19|892|233|192|112|627|199|0|19|73|47|0|19|14|20|0|19|26|24|416|129|105|143|603|159
1400000US25025000503|1602|223|419|97|365|89|54|45|54|45|0|14|0|14|0|14|0|14|744|202|159|105|486|153|7|11|92|51|0|14|6|9|0|14|18|20|87|47|28|37|300|91
1400000US25025000505|1176|272|389|155|358|145|31|49|31|49|0|14|0|14|0|14|0|14|518|192|103|96|292|112|50|79|73|81|0|14|9|14|0|14|9|14|71|42|10|16|170|81
1400000US25025000506|1601|383|416|179|383|176|33|51|33|51|0|14|0|14|0|14|0|14|698|213|53|35|546|206|3|7|96|70|0|14|16|25|0|14|41|50|43|36|33|38|354|176
1400000US25025000601|2462|333|1168|170|840|168|328|60|298|51|7|11|0|14|0|14|23|28|603|255|278|155|154|87|171|180|0|14|0|14|35|38|33|53|40|38|163|68|0|14|420|124
1400000US25025000603|869|252|308|150|150|88|158|133|140|123|18|29|0|14|0|14|0|14|315|146|62|46|224|140|0|14|29|34|0|14|0|14|0|14|0|14|29|38|38|57|179|127
1400000US25025000604|1568|293|526|159|476|142|50|52|50|52|0|14|0|14|0|14|0|14|431|130|224|98|178|104|12|21|17|26|0|14|0|14|0|14|125|89|99|54|54|63|333|140
1400000US25025000701|2989|590|579|244|390|182|189|142|189|142|0|14|0|14|0|14|0|14|941|265|260|138|548|187|0|14|133|99|0|14|0|14|0|14|131|96|239|149|0|14|1099|560
1400000US25025000703|1208|193|114|67|108|64|6|9|6|9|0|14|0|14|0|14|0|14|542|168|191|89|329|118|0|14|22|21|0|14|11|13|0|14|63|60|279|94|0|14|199|94
1400000US25025000704|3122|499|864|293|707|219|157|163|157|163|0|14|0|14|0|14|0|14|1087|252|481|180|564|175|0|14|42|42|0|14|0|14|0|14|164|111|282|123|86|104|639|238
1400000US25025000804|1702|316|683|176|595|156|88|84|88|84|0|14|0|14|0|14|0|14|313|184|190|116|123|106|0|14|0|14|0|14|27|42|0|14|126|83|131|111|52|48|370|132
1400000US25025000805|1867|309|345|152|273|136|72|65|72|65|0|14|0|14|0|14|0|14|547|176|275|126|132|77|120|144|20|23|0|14|9|14|16|26|107|69|341|129|9|14|493|160
1400000US25025000806|888|189|272|135|272|135|0|14|0|14|0|14|0|14|0|14|0|14|93|47|25|25|61|34|0|14|7|11|0|14|3|4|0|14|23|26|291|92|4|7|202|92
1400000US25025000807|1152|238|169|87|130|87|39|69|39|69|0|14|0|14|0|14|0|14|76|90|14|26|62|89|0|14|0|14|0|14|0|14|0|14|0|14|754|170|0|14|153|79
1400000US25025010103|1374|229|148|76|128|69|20|23|20|23|0|14|0|14|0|14|0|14|196|77|67|49|129|60|0|14|0|14|0|14|0|14|0|14|6|11|756|183|18|33|250|125
1400000US25025010104|2266|316|279|91|227|89|52|21|44|15|0|14|0|14|8|15|0|14|592|227|75|65|480|211|6|10|31|45|0|14|0|14|0|14|89|66|824|216|34|33|448|141
1400000US25025010204|1396|212|198|85|133|53|65|76|11|13|0|14|0|14|11|23|43|70|200|80|64|37|134|69|2|5|0|14|0|14|35|45|0|14|49|32|678|130|11|14|225|122
1400000US25025010205|2616|607|79|68|79|68|0|14|0|14|0|14|0|14|0|14|0|14|620|330|262|206|335|256|0|14|23|35|0|14|0|14|0|14|225|179|1132|441|74|66|486|231
1400000US25025010206|1478|472|282|170|282|170|0|14|0|14|0|14|0|14|0|14|0|14|192|120|93|85|99|85|0|14|0|14|0|14|0|14|0|14|10|16|583|221|43|57|368|346
1400000US25025010300|2288|280|241|106|202|112|39|46|11|16|20|41|0|19|8|15|0|19|310|113|84|52|185|94|14|20|27|23|0|19|0|19|0|19|30|40|1450|227|16|18|241|135
1400000US25025010403|1426|432|108|84|84|75|24|40|24|40|0|14|0|14|0|14|0|14|316|217|66|83|215|190|13|21|22|37|0|14|0|14|0|14|107|87|643|354|29|36|223|134
1400000US25025010404|1708|210|148|57|134|60|14|21|10|20|4|7|0|14|0|14|0|14|541|140|143|78|381|141|12|17|5|9|0|14|6|9|0|14|0|14|754|157|33|36|226|92
1400000US25025010405|2300|385|292|115|227|106|65|46|30|26|0|19|14|26|21|25|0|19|502|186|173|100|297|124|20|39|12|18|0|19|0|19|0|19|71|51|1059|258|21|24|355|133
1400000US25025010408|916|129|162|65|153|64|9|6|9|6|0|14|0|14|0|14|0|14|103|42|25|16|68|38|9|9|1|3|0|14|0|14|0|14|16|14|468|121|0|14|167|61
1400000US25025010500|1304|210|331|107|314|101|17|22|17|22|0|14|0|14|0|14|0|14|208|68|15|20|184|67|0|14|9|15|0|14|0|14|0|14|19|21|443|145|20|31|283|101
1400000US25025010600|1900|319|309|142|309|142|0|14|0|14|0|14|0|14|0|14|0|14|355|152|25|27|232|119|75|88|23|26|0|14|14|16|0|14|135|148|558|179|0|14|529|183
1400000US25025010701|1532|250|327|127|315|125|12|15|12|15|0|14|0|14|0|14|0|14|222|84|39|33|183|77|0|14|0|14|0|14|0|14|0|14|3|6|551|137|71|83|358|129
1400000US25025010702|1496|241|284|124|272|124|12|13|12|13|0|14|0|14|0|14|0|14|163|61|9|13|117|53|37|39|0|14|0|14|9|14|0|14|8|17|578|166|0|14|454|142
1400000US25025010801|1739|217|293|90|237|85|56|43|56|43|0|14|0|14|0|14|0|14|99|54|8|13|69|47|22|24|0|14|0|14|46|55|0|14|67|52|717|174|51|58|466|134
1400000US25025010802|2222|393|379|91|359|87|20|28|20|28|0|14|0|14|0|14|0|14|348|140|42|39|242|117|37|36|27|31|0|14|35|23|0|14|154|97|632|265|4|7|670|210
1400000US25025020101|2634|474|560|212|520|207|40|39|40|39|0|14|0|14|0|14|0|14|142|96|12|22|130|94|0|14|0|14|0|14|16|27|0|14|132|133|913|296|0|14|871|257
1400000US25025020200|2506|389|214|117|214|117|0|14|0|14|0|14|0|14|0|14|0|14|382|158|31|37|316|125|35|57|0|14|0|14|0|14|0|14|0|14|1188|347|56|58|666|237
1400000US25025020301|1509|337|116|73|110|73|6|10|0|14|0|14|0|14|6|10|0|14|259|114|0|14|259|114|0|14|0|14|0|14|0|14|0|14|23|25|574|188|65|59|472|200
1400000US25025020302|788|97|44|27|44|27|0|14|0|14|0|14|0|14|0|14|0|14|191|98|0|14|170|89|0|14|21|30|0|14|9|16|0|14|4|7|321|93|9|9|210|63
1400000US25025020304|1021|175|111|66|111|66|0|14|0|14|0|14|0|14|0|14|0|14|196|89|8|13|188|86|0|14|0|14|0|14|0|14|0|14|14|24|194|101|0|14|506|168
1400000US25025020305|2422|370|214|127|214|127|0|14|0|14|0|14|0|14|0|14|0|14|497|204|55|51|339|166|24|40|16|25|63|99|26|31|0|14|16|26|1048|321|58|56|563|220
1400000US25025030100|1655|462|204|75|185|73|19|22|0|14|7|12|12|19|0|14|0|14|306|185|0|14|204|124|11|12|0|14|91|141|17|27|0|14|62|46|656|172|0|14|410|261
1400000US25025030200|1203|302|246|197|228|196|18|22|18|22|0|14|0|14|0|14|0|14|309|212|0|14|285|211|24|23|0|14|0|14|0|14|0|14|39|33|396|131|5|8|208|84
1400000US25025030301|691|135|155|95|155|95|0|14|0|14|0|14|0|14|0|14|0|14|83|41|6|11|77|39|0|14|0|14|0|14|0|14|0|14|0|14|267|93|6|9|180|91
1400000US25025030302|1449|261|103|78|93|80|10|17|10|17|0|14|0|14|0|14|0|14|298|121|63|65|220|96|15|17|0|14|0|14|27|44|0|14|14|15|649|176|20|25|338|166
1400000US25025030400|2947|482|256|125|256|125|0|14|0|14|0|14|0|14|0|14|0|14|408|134|64|80|262|93|82|101|0|14|0|14|16|25|0|14|25|34|1431|436|12|20|799|273
1400000US25025030500|1656|328|232|72|215|69|17|20|17|20|0|14|0|14|0|14|0|14|209|88|0|14|196|85|13|19|0|14|0|14|22|16|0|14|71|64|616|166|9|13|497|209
1400000US25025040100|1746|199|573|147|525|130|48|51|48|51|0|14|0|14|0|14|0|14|111|58|55|42|23|26|0|14|0|14|33|38|0|14|0|14|200|85|285|117|58|58|519|193
1400000US25025040200|721|131|371|112|332|112|39|21|30|19|0|14|0|14|0|14|9|13|153|65|132|57|21|21|0|14|0|14|0|14|0|14|0|14|40|30|64|37|9|13|84|45
1400000US25025040300|3164|404|1018|325|756|229|262|259|219|249|43|59|0|14|0|14|0|14|624|262|338|161|286|157|0|14|0|14|0|14|24|28|22|35|397|201|402|162|0|14|677|202
1400000US25025040401|1701|216|539|126|435|129|104|70|94|68|0|14|0|14|10|17|0|14|257|115|84|52|173|104|0|14|0|14|0|14|0|14|0|14|23|21|486|164|11|16|385|133
1400000US25025040600|2925|339|1039|235|799|214|240|114|201|108|16|19|0|14|23|35|0|14|725|166|329|83|396|135|0|14|0|14|0|14|27|31|0|14|135|71|97|66|19|23|883|229
1400000US25025040801|2236|296|873|256|819|253|54|45|54|45|0|14|0|14|0|14|0|14|439|182|86|59|177|145|0|14|0|14|176|101|0|14|0|14|58|53|368|152|33|25|465|203
1400000US25025050101|2638|639|1309|400|1193|362|116|116|116|116|0|14|0|14|0|14|0|14|840|326|40|59|800|331|0|14|0|14|0|14|0|14|0|14|0|14|212|128|0|14|277|147
1400000US25025050200|3421|727|973|325|818|329|155|102|155|102|0|19|0|19|0|19|0|19|1727|405|194|175|1429|324|104|126|0|19|0|19|0|19|0|19|21|32|103|87|6|10|591|357
1400000US25025050300|2123|318|604|176|414|150|190|129|132|124|0|14|9|16|0|14|49|56|711|190|111|72|493|149|54|45|0|14|53|42|111|120|0|14|8|11|186|147|0|14|503|183
1400000US25025050400|1250|296|298|122|257|112|41|29|41|29|0|14|0|14|0|14|0|14|665|218|18|26|647|219|0|14|0|14|0|14|0|14|0|14|0|14|146|112|0|14|141|72
1400000US25025050500|1303|185|240|96|173|87|67|39|62|38|0|14|5|9|0|14|0|14|742|140|94|59|634|142|14|22|0|14|0|14|0|14|0|14|10|14|43|28|0|14|268|92
1400000US25025050600|1491|277|293|86|232|78|61|59|5|8|28|45|28|35|0|14|0|14|780|178|73|87|695|170|0|14|5|8|7|12|33|38|0|14|0|14|188|186|0|14|197|76
1400000US25025050700|2754|425|631|178|453|152|178|103|103|76|21|40|18|35|36|61|0|14|1762|409|186|112|1484|370|0|14|56|97|36|50|8|12|0|14|0|14|131|78|0|14|222|123
1400000US25025050901|2279|386|822|212|660|162|162|97|89|67|52|54|0|14|21|32|0|14|1144|364|25|28|922|293|197|249|0|14|0|14|0|14|0|14|0|14|125|79|0|14|188|92
1400000US25025051000|3414|606|1259|343|892|281|367|215|367|215|0|19|0|19|0|19|0|19|1160|388|116|65|976|384|42|48|26|41|0|19|0|19|0|19|0|19|124|93|13|21|858|340
1400000US25025051101|3472|745|1893|632|1802|602|91|105|91|105|0|19|0|19|0|19|0|19|880|357|93|143|787|328|0|19|0|19|0|19|42|67|0|19|16|27|35|46|0|19|606|217
1400000US25025051200|2415|371|580|183|580|183|0|14|0|14|0|14|0|14|0|14|0|14|823|216|96|60|680|200|0|14|13|20|34|41|0|14|0|14|0|14|147|100|36|57|829|272
1400000US25025060101|2647|339|1099|284|1040|290|59|41|35|31|24|26|0|14|0|14|0|14|646|205|532|199|106|87|0|14|0|14|8|15|19|21|10|17|35|31|197|117|10|15|631|164
1400000US25025060200|1659|316|552|138|525|139|27|25|15|16|12|18|0|14|0|14|0|14|310|112|283|107|18|28|0|14|0|14|9|13|34|31|27|39|6|12|39|25|21|27|670|210
1400000US25025060301|2687|602|988|232|851|212|137|87|126|86|11|16|0|14|0|14|0|14|467|148|414|140|46|42|0|14|7|14|0|14|34|43|0|14|15|23|75|49|0|14|1108|536
1400000US25025060400|4239|538|1376|301|1238|291|138|68|79|55|59|61|0|19|0|19|0|19|1150|329|840|329|254|155|0|19|56|87|0|19|17|29|0|19|77|115|245|164|19|30|1355|446
1400000US25025060501|3344|518|1443|451|1184|419|259|202|234|200|20|32|5|11|0|14|0|14|599|254|406|192|193|131|0|14|0|14|0|14|75|82|0|14|66|71|414|175|24|27|723|266
1400000US25025060601|1527|361|326|114|326|114|0|14|0|14|0|14|0|14|0|14|0|14|559|282|127|83|432|223|0|14|0|14|0|14|0|14|0|14|21|24|261|172|2|5|358|146
1400000US25025060602|357|152|32|30|32|30|0|14|0|14|0|14|0|14|0|14|0|14|48|47|24|32|13|12|0|14|11|18|0|14|6|10|0|14|32|45|119|89|0|14|120|104
1400000US25025060603|1479|209|337|136|313|134|24|28|24|28|0|14|0|14|0|14|0|14|149|91|51|63|78|53|20|33|0|14|0|14|0|14|0|14|0|14|496|210|29|33|468|135
1400000US25025060604|2506|281|688|213|639|192|49|61|49|61|0|14|0|14|0|14|0|14|232|117|7|11|201|115|24|32|0|14|0|14|0|14|0|14|91|93|837|234|6|11|652|186
1400000US25025060700|583|155|206|98|160|81|46|55|46|55|0|14|0|14|0|14|0|14|257|99|69|42|188|94|0|14|0|14|0|14|0|14|0|14|0|14|79|50|0|14|41|31
1400000US25025060800|3461|437|1339|276|1260|288|79|65|52|45|27|49|0|14|0|14|0|14|817|298|510|228|279|141|28|49|0|14|0|14|102|107|5|20|57|44|302|166|7|12|832|215
1400000US25025061000|1430|368|599|269|572|256|27|32|15|24|0|14|12|19|0|14|0|14|430|183|324|170|106|78|0|14|0|14|0|14|0|14|0|14|4|8|175|94|0|14|222|77
1400000US25025061101|1120|297|460|263|370|271|90|92|61|72|0|14|23|33|6|11|0|14|542|140|130|79|390|131|22|33|0|14|0|14|0|14|0|14|7|11|63|53|0|14|48|53
1400000US25025061201|1171|271|358|165|358|165|0|14|0|14|0|14|0|14|0|14|0|14|387|147|49|70|323|140|15|19|0|14|0|14|0|14|0|14|47|52|21|22|9|14|349|209
1400000US25025061202|0|14|0|14|0|14|0|14|0|14|0|14|0|14|0|14|0|14|0|14|0|14|0|14|0|14|0|14|0|14|0|14|0|14|0|14|0|14|0|14|0|14
1400000US25025061203|1903|366|403|136|396|135|7|16|7|16|0|14|0|14|0|14|0|14|567|282|45|36|513|275|9|15|0|14|0|14|0|14|0|14|34|41|366|153|11|18|522|176
1400000US25025061204|698|224|177|42|147|38|30|22|17|19|0|14|0|14|13|20|0|14|41|33|0|14|38|33|3|7|0|14|0|14|0|14|0|14|8|13|332|223|0|14|140|59
1400000US25025070102|1301|224|175|112|142|105|33|45|6|11|0|14|0|14|14|23|13|22|234|135|0|14|234|135|0|14|0|14|0|14|0|14|0|14|0|14|639|144|0|14|253|100
1400000US25025070103|385|136|66|44|54|45|12|17|0|14|0|14|0|14|12|17|0|14|61|52|7|11|54|51|0|14|0|14|0|14|0|14|0|14|12|14|186|100|0|14|60|40
1400000US25025070104|1481|233|208|118|192|115|16|26|16|26|0|14|0|14|0|14|0|14|190|102|28|49|162|94|0|14|0|14|0|14|0|14|0|14|30|42|666|231|26|29|361|150
1400000US25025070201|1324|299|202|124|131|84|71|62|29|37|0|14|21|39|21|32|0|14|249|97|56|48|184|92|9|16|0|14|0|14|0|14|0|14|0|14|655|281|0|14|218|102
1400000US25025070202|2184|369|338|170|281|158|57|72|0|14|0|14|0|14|12|21|45|68|356|172|89|69|253|151|14|22|0|14|0|14|15|19|0|14|0|14|846|231|0|14|629|283
1400000US25025070301|1534|306|474|175|474|175|0|14|0|14|0|14|0|14|0|14|0|14|194|122|40|35|90|69|64|93|0|14|0|14|0|14|0|14|37|57|402|167|28|42|399|162
1400000US25025070302|917|215|200|85|200|85|0|14|0|14|0|14|0|14|0|14|0|14|203|102|26|40|124|73|18|28|35|38|0|14|0|14|0|14|24|29|252|131|12|19|226|100
1400000US25025070402|1744|304|327|123|249|98|78|56|70|54|8|14|0|14|0|14|0|14|164|60|60|42|104|42|0|14|0|14|0|14|32|30|0|14|70|51|704|191|32|35|415|152
1400000US25025070501|1493|257|391|193|337|185|54|47|54|47|0|14|0|14|0|14|0|14|48|50|40|47|8|13|0|14|0|14|0|14|0|14|0|14|77|66|511|186|27|34|439|160
1400000US25025070502|1566|423|234|111|196|94|38|57|34|55|0|14|0|14|4|9|0|14|196|104|92|63|92|65|12|20|0|14|0|14|0|14|0|14|39|58|757|413|0|14|340|174
1400000US25025070600|1474|222|387|162|287|154|100|66|100|66|0|14|0|14|0|14|0|14|186|76|50|30|113|70|23|25|0|14|0|14|0|14|0|14|107|58|397|108|7|14|390|150
1400000US25025070700|1671|402|266|106|210|90|56|60|56|60|0|14|0|14|0|14|0|14|486|311|57|46|415|301|14|23|0|14|0|14|0|14|0|14|54|58|302|163|123|116|440|163
1400000US25025070801|603|207|100|48|93|47|7|11|7|11|0|14|0|14|0|14|0|14|252|124|28|27|224|125|0|14|0|14|0|14|0|14|0|14|0|14|81|52|6|13|164|168
1400000US25025070802|1444|290|264|84|189|74|75|68|32|56|0|14|43|40|0|14|0|14|403|154|69|45|301|141|33|36|0|14|0|14|5|13|0|14|47|57|346|180|11|18|368|145
1400000US25025070901|638|184|162|88|56|45|106|79|106|79|0|14|0|14|0|14|0|14|297|117|104|113|193|50|0|14|0|14|0|14|17|23|0|14|0|14|69|59|0|14|93|75
1400000US25025070902|1445|269|566|221|439|196|127|108|51|46|76|100|0|14|0|14|0|14|319|118|154|105|116|44|18|21|0|14|31|46|6|10|12|19|27|29|259|75|0|14|256|87
1400000US25025071101|2223|376|617|224|564|218|53|66|34|59|0|14|19|32|0|14|0|14|514|239|432|229|44|58|22|35|16|27|0|14|0|14|0|14|101|60|722|203|0|14|269|130
1400000US25025071201|1900|246|665|175|593|167|72|55|50|39|0|14|0|14|0|14|22|39|304|133|139|81|146|90|14|24|5|9|0|14|10|16|0|14|93|53|351|114|9|14|468|141
1400000US25025080100|1144|298|459|190|380|132|79|72|79|72|0|14|0|14|0|14|0|14|438|227|217|102|221|238|0|14|0|14|0|14|23|29|0|14|42|36|65|41|39|39|78|42
1400000US25025080300|802|225|297|130|175|86|122|115|122|115|0|14|0|14|0|14|0|14|353|193|150|101|203|158|0|14|0|14|0|14|14|16|0|14|47|48|37|38|2|6|52|49
1400000US25025080401|1240|313|530|230|530|230|0|14|0|14|0|14|0|14|0|14|0|14|283|127|214|114|69|42|0|14|0|14|0|14|0|14|0|14|40|62|237|138|84|71|66|58
1400000US25025080500|1282|290|442|160|337|126|105|82|48|51|39|59|0|14|0|14|18|31|459|256|364|245|78|51|17|20|0|14|0|14|0|14|0|14|64|56|131|83|83|55|103|58
1400000US25025080601|1363|303|278|105|165|82|113|66|93|65|0|14|0|14|20|29|0|14|320|140|161|95|155|88|4|7|0|14|0|14|0|14|0|14|29|33|574|228|17|24|145|106
1400000US25025080801|1787|500|382|212|370|211|12|26|12|26|0|14|0|14|0|14|0|14|704|365|454|319|234|141|0|14|16|31|0|14|0|14|0|14|0|14|593|134|35|56|73|59
1400000US25025080900|1808|334|386|112|386|112|0|14|0|14|0|14|0|14|0|14|0|14|387|149|78|58|301|136|0|14|8|13|0|14|0|14|0|14|66|102|713|239|0|14|256|103
1400000US25025081001|2767|521|395|164|344|161|51|50|23|26|0|19|28|46|0|19|0|19|786|263|218|131|519|213|0|19|49|54|0|19|22|34|0|19|60|70|896|254|91|83|517|242
1400000US25025081101|966|159|80|67|80|67|0|14|0|14|0|14|0|14|0|14|0|14|349|120|159|79|147|89|10|16|33|53|0|14|28|35|0|14|0|14|345|116|0|14|164|81
1400000US25025081102|1847|530|585|237|463|200|122|98|112|88|10|46|0|14|0|14|0|14|322|97|106|81|199|104|17|27|0|14|0|14|4|8|0|14|43|51|656|384|72|84|165|104
1400000US25025081200|1464|359|524|221|466|217|58|62|34|46|24|44|0|14|0|14|0|14|539|142|178|97|343|113|18|20|0|14|0|14|0|14|0|14|66|49|236|144|3|5|96|63
1400000US25025081301|833|217|441|225|364|234|77|77|0|14|77|77|0|14|0|14|0|14|218|129|79|74|139|114|0|14|0|14|0|14|0|14|0|14|60|65|16|19|0|14|98|97
1400000US25025081302|922|275|605|284|594|283|11|20|11|20|0|14|0|14|0|14|0|14|211|209|101|104|110|116|0|14|0|14|0|14|92|126|0|14|0|14|14|24|0|14|0|14
1400000US25025081400|1822|355|723|178|671|174|52|53|52|53|0|14|0|14|0|14|0|14|504|199|174|140|300|135|0|14|30|35|0|14|0|14|0|14|186|101|167|79|0|14|242|117
1400000US25025081500|1284|231|649|194|548|179|101|90|77|64|0|14|24|35|0|14|0|14|307|98|127|54|173|85|0|14|7|10|0|14|10|16|0|14|14|18|73|62|0|14|231|111
1400000US25025081700|1453|284|618|181|513|191|105|68|105|68|0|14|0|14|0|14|0|14|436|179|229|102|156|114|51|72|0|14|0|14|0|14|0|14|11|16|113|81|46|76|229|166
1400000US25025081800|1784|363|715|236|665|229|50|49|37|43|13|21|0|14|0|14|0|14|633|181|590|175|34|44|9|14|0|14|0|14|0|14|0|14|31|37|233|177|66|72|106|77
1400000US25025081900|1820|716|1193|474|892|394|301|204|226|181|36|37|39|53|0|14|0|14|542|304|254|118|243|273|45|69|0|14|0|14|0|14|0|14|0|14|0|14|26|41|59|49
1400000US25025082000|1375|496|707|352|398|182|309|239|147|200|114|129|48|81|0|14|0|14|417|189|301|145|116|112|0|14|0|14|0|14|63|95|0|14|0|14|61|56|54|71|73|60
1400000US25025082100|1472|513|518|285|474|278|44|68|5|40|16|40|23|49|0|14|0|14|634|342|417|219|178|232|0|14|39|57|0|14|0|14|0|14|100|142|65|87|23|30|132|148
1400000US25025090100|2099|371|1079|260|801|234|278|128|203|122|75|61|0|19|0|19|0|19|671|256|547|244|55|46|69|96|0|19|0|19|42|54|0|19|6|9|86|79|34|40|181|105
1400000US25025090200|1116|188|524|142|463|127|61|38|61|38|0|14|0|14|0|14|0|14|464|161|439|158|25|28|0|14|0|14|0|14|0|14|0|14|0|14|44|40|49|46|35|31
1400000US25025090300|1634|536|905|385|640|249|265|210|60|66|93|102|112|166|0|14|0|14|570|200|431|182|139|106|0|14|0|14|0|14|0|14|0|14|19|26|78|104|0|14|62|53
1400000US25025090400|1553|313|853|271|739|263|114|94|83|80|31|45|0|14|0|14|0|14|447|190|440|187|7|16|0|14|0|14|0|14|55|55|0|14|0|14|47|56|0|14|151|105
1400000US25025090600|1154|207|683|115|556|113|127|61|48|35|17|23|14|19|18|30|30|33|343|144|271|133|62|59|0|14|10|16|0|14|0|14|0|14|5|10|68|63|30|37|25|17
1400000US25025090700|2514|401|1037|257|927|254|110|80|92|76|0|14|18|28|0|14|0|14|646|219|172|91|456|191|18|27|0|14|0|14|16|23|0|14|105|110|174|111|47|46|489|169
1400000US25025090901|1406|237|662|203|539|173|123|86|55|62|68|58|0|14|0|14|0|14|346|104|142|62|204|85|0|14|0|14|0|14|8|10|0|14|5|8|197|92|0|14|188|78
1400000US25025091001|2048|317|572|150|496|154|76|49|35|33|10|15|0|14|0|14|31|39|782|219|247|159|535|154|0|14|0|14|0|14|0|14|0|14|27|46|145|115|59|63|463|181
1400000US25025091100|3076|430|1117|274|869|218|248|160|226|163|0|14|22|34|0|14|0|14|1019|215|26|36|982|214|11|20|0|14|0|14|67|57|0|14|0|14|387|279|7|13|479|142
1400000US25025091200|1874|292|873|151|758|150|115|71|115|71|0|14|0|14|0|14|0|14|537|235|318|210|219|138|0|14|0|14|0|14|16|25|0|14|18|29|67|105|0|14|363|135
1400000US25025091300|1102|236|454|163|318|119|136|76|113|68|23|24|0|14|0|14|0|14|392|137|225|106|139|75|8|11|20|34|0|14|0|14|0|14|13|21|73|63|21|33|149|59
1400000US25025091400|1433|348|735|261|616|228|119|117|105|54|0|14|14|100|0|14|0|14|402|154|277|130|81|50|18|21|0|14|26|32|0|14|0|14|20|20|175|91|0|14|101|84
1400000US25025091500|1824|307|1142|238|913|207|229|103|170|89|0|14|59|45|0|14|0|14|439|114|205|104|234|90|0|14|0|14|0|14|0|14|0|14|31|50|17|29|19|32|176|82
1400000US25025091600|1212|419|915|415|763|417|152|130|128|113|11|18|13|30|0|14|0|14|234|68|45|43|189|64|0|14|0|14|0|14|0|14|0|14|0|14|39|47|4|7|20|33
1400000US25025091700|1396|247|692|168|602|163|90|76|90|76|0|14|0|14|0|14|0|14|591|215|254|181|337|146|0|14|0|14|0|14|17|25|0|14|0|14|32|30|17|22|47|47
1400000US25025091800|1649|391|883|248|767|223|116|107|101|104|0|14|15|27|0|14|0|14|437|210|168|89|269|180|0|14|0|14|0|14|40|58|0|14|19|34|163|121|36|35|71|63
1400000US25025091900|2253|557|1220|335|1138|320|82|89|82|89|0|14|0|14|0|14|0|14|627|264|419|193|208|124|0|14|0|14|0|14|47|45|0|14|0|14|64|55|7|15|288|203
1400000US25025092000|3192|712|1970|501|1534|406|436|189|336|148|100|81|0|19|0|19|0|19|1026|323|435|218|588|250|3|7|0|19|0|19|17|28|0|19|12|19|92|70|11|20|64|54
1400000US25025092101|2748|477|1449|365|1242|332|207|114|168|96|17|28|19|50|3|12|0|19|711|316|237|208|474|233|0|19|0|19|0|19|96|100|36|56|20|34|69|76|18|33|349|216
1400000US25025092200|2043|393|1010|212|915|192|95|64|20|32|75|52|0|14|0|14|0|14|381|144|28|44|336|134|0|14|17|20|0|14|0|14|0|14|27|30|99|128|35|56|491|276
1400000US25025092300|1958|329|901|247|699|203|202|151|157|144|23|25|22|32|0|14|0|14|386|132|205|122|134|71|47|44|0|14|0|14|9|15|0|14|22|27|93|74|143|86|404|249
1400000US25025092400|2551|814|1120|373|1043|357|77|78|52|68|0|19|25|42|0|19|0|19|595|502|365|303|195|222|0|19|35|58|0|19|0|19|0|19|41|70|280|199|244|210|271|201
1400000US25025100100|2622|534|1133|327|979|298|154|127|84|104|53|58|17|29|0|19|0|19|1116|426|729|301|387|311|0|19|0|19|0|19|0|19|0|19|0|19|57|60|56|64|260|155
1400000US25025100200|1553|370|880|262|637|196|243|145|213|138|19|30|11|18|0|14|0|14|430|165|365|153|65|50|0|14|0|14|0|14|0|14|0|14|0|14|0|14|81|130|162|124
1400000US25025100300|1828|331|1142|298|1045|283|97|64|77|59|0|14|20|34|0|14|0|14|380|165|205|110|175|98|0|14|0|14|0|14|0|14|0|14|0|14|66|59|40|37|200|108
1400000US25025100400|2684|481|1439|390|1117|344|322|164|159|111|101|99|0|19|62|62|0|19|569|194|97|93|407|156|52|77|13|22|0|19|0|19|0|19|0|19|113|100|64|60|499|178
1400000US25025100500|4083|650|2107|524|1917|482|190|163|140|163|16|27|0|19|0|19|34|42|1171|343|360|233|803|301|8|19|0|19|0|19|0|19|0|19|0|19|204|141|114|82|487|260
1400000US25025100601|3294|550|2074|447|1694|413|380|217|247|153|133|124|0|19|0|19|0|19|558|235|77|132|481|210|0|19|0|19|0|19|0|19|0|19|27|43|44|59|179|146|412|302
1400000US25025100603|1531|365|1051|297|901|283|150|106|93|80|0|14|57|73|0|14|0|14|185|99|0|14|179|99|6|11|0|14|0|14|0|14|0|14|27|41|96|114|0|14|172|69
1400000US25025100700|2657|360|2037|340|1911|338|126|69|101|62|25|29|0|14|0|14|0|14|238|115|44|52|194|101|0|14|0|14|0|14|15|17|0|14|0|14|73|58|22|34|272|106
1400000US25025100800|3279|582|1906|382|1703|354|203|147|203|147|0|19|0|19|0|19|0|19|643|252|75|101|529|208|39|55|0|19|0|19|71|113|0|19|45|58|0|19|27|40|587|289
1400000US25025100900|2633|459|1362|249|1099|242|263|135|173|83|58|77|32|43|0|14|0|14|590|275|164|144|426|180|0|14|0|14|0|14|10|16|0|14|0|14|66|65|42|50|563|338
1400000US25025101001|3424|553|2206|401|2056|407|150|125|125|115|1|3|24|39|0|19|0|19|635|258|386|252|227|131|22|33|0|19|0|19|21|31|0|19|0|19|65|77|107|130|390|160
1400000US25025101002|2693|551|1574|405|1323|369|251|237|174|158|77|92|0|19|0|19|0|19|422|199|265|170|124|95|33|33|0|19|0|19|0|19|0|19|0|19|114|150|132|117|451|273
1400000US25025101101|2136|481|1159|439|1046|435|113|96|113|96|0|14|0|14|0|14|0|14|674|215|336|151|296|132|13|25|29|47|0|14|18|30|0|14|0|14|46|50|0|14|239|145
1400000US25025101102|2127|494|1326|387|1138|363|188|102|137|93|51|58|0|14|0|14|0|14|633|271|408|228|165|114|36|43|24|32|0|14|7|11|0|14|0|14|0|14|7|16|154|106
1400000US25025110104|1106|201|662|158|590|135|72|63|30|48|0|14|42|54|0|14|0|14|242|78|143|71|99|60|0|14|0|14|0|14|51|30|0|14|13|24|34|46|63|98|41|36
1400000US25025110105|2058|477|771|260|719|254|52|52|48|52|4|11|0|14|0|14|0|14|606|184|120|91|425|136|61|63|0|14|0|14|0|14|0|14|125|64|52|52|0|14|504|218
1400000US25025110106|958|196|360|143|294|125|66|68|66|68|0|14|0|14|0|14|0|14|362|135|33|34|329|136|0|14|0|14|0|14|0|14|0|14|30|25|34|47|0|14|172|43
1400000US25025110201|1075|208|597|122|561|123|36|33|33|33|3|5|0|14|0|14|0|14|349|118|154|66|116|90|79|41|0|14|0|14|6|10|0|14|16|26|33|35|0|14|74|41
1400000US25025110301|1371|213|700|151|672|152|28|25|28|25|0|14|0|14|0|14|0|14|365|134|85|45|280|128|0|14|0|14|0|14|0|14|0|14|6|9|27|26|34|48|239|90
1400000US25025110401|1889|261|1028|199|986|195|42|43|33|41|0|14|9|15|0|14|0|14|442|127|107|65|286|132|49|42|0|14|0|14|0|14|0|14|57|57|78|77|0|14|284|111
1400000US25025110403|2797|382|1776|301|1489|299|287|109|140|88|13|17|134|85|0|14|0|14|308|128|54|54|237|111|17|24|0|14|0|14|0|14|0|14|15|26|0|14|16|25|682|265
1400000US25025110501|1950|301|974|253|904|252|70|49|57|47|13|17|0|14|0|14|0|14|290|97|25|28|171|78|94|54|0|14|0|14|12|20|0|14|37|34|19|26|7|11|611|157
1400000US25025110502|2584|631|1338|446|1188|372|150|116|143|115|7|13|0|14|0|14|0|14|388|138|77|55|234|139|65|45|12|19|0|14|0|14|0|14|68|46|107|66|0|14|683|288
1400000US25025110601|1502|308|922|229|834|199|88|80|76|77|0|14|12|18|0|14|0|14|175|93|44|39|11|16|120|86|0|14|0|14|0|14|0|14|0|14|11|17|3|5|391|172
1400000US25025110607|3146|530|1607|385|1552|382|55|51|23|36|31|34|0|19|0|19|1|3|470|237|195|138|221|199|54|47|0|19|0|19|5|12|0|19|140|123|182|157|15|26|727|233
1400000US25025120103|1172|173|379|91|313|86|66|46|66|46|0|14|0|14|0|14|0|14|201|60|71|39|117|55|13|18|0|14|0|14|0|14|0|14|104|60|166|116|0|14|322|90
1400000US25025120104|1631|244|614|130|500|136|114|91|114|91|0|14|0|14|0|14|0|14|434|138|80|58|354|130|0|14|0|14|0|14|0|14|0|14|204|74|36|37|32|46|311|115
1400000US25025120105|1216|112|710|94|663|88|47|40|47|40|0|14|0|14|0|14|0|14|69|46|17|19|52|42|0|14|0|14|0|14|0|14|0|14|37|25|116|62|1|3|283|83
1400000US25025120201|3042|448|1102|316|1034|302|68|83|68|83|0|14|0|14|0|14|0|14|792|267|71|62|721|266|0|14|0|14|0|14|0|14|0|14|213|121|56|53|1|4|878|281
1400000US25025120301|3324|500|1175|302|1145|302|30|36|30|36|0|19|0|19|0|19|0|19|971|293|146|104|716|270|45|59|64|93|0|19|0|19|0|19|216|123|243|164|0|19|719|194
1400000US25025120400|4471|663|1476|421|1317|349|159|179|159|179|0|19|0|19|0|19|0|19|1072|420|149|95|914|411|9|15|0|19|0|19|0|19|0|19|215|121|320|179|25|38|1363|374
1400000US25025120500|1411|226|487|160|415|155|72|46|52|40|8|12|12|19|0|14|0|14|431|102|59|32|372|91|0|14|0|14|0|14|0|14|0|14|62|45|57|31|44|41|330|98
1400000US25025120600|1875|408|411|127|383|113|28|39|28|39|0|14|0|14|0|14|0|14|515|109|124|64|374|112|17|25|0|14|0|14|0|14|0|14|97|55|89|57|0|14|763|374
1400000US25025120700|1128|195|364|129|360|129|4|7|4|7|0|14|0|14|0|14|0|14|369|149|172|86|197|110|0|14|0|14|0|14|0|14|0|14|80|52|71|40|0|14|244|115
1400000US25025130101|3876|542|1974|331|1898|320|76|83|13|21|51|77|0|19|0|19|12|19|690|313|201|173|49|52|419|256|21|36|0|19|0|19|0|19|21|34|213|155|61|80|917|370
1400000US25025130200|2373|324|1452|269|1308|256|144|67|137|67|7|11|0|14|0|14|0|14|239|88|9|15|63|34|161|83|6|9|0|14|0|14|0|14|0|14|3|6|25|26|654|177
1400000US25025130300|2240|310|1233|236|969|195|264|145|221|134|22|25|21|25|0|14|0|14|228|99|21|25|96|71|111|60|0|14|0|14|0|14|0|14|11|18|20|19|16|25|732|199
1400000US25025130402|2992|726|2118|785|1904|776|214|167|143|155|71|60|0|19|0|19|0|19|301|198|196|196|68|72|37|40|0|19|0|19|0|19|0|19|0|19|63|61|0|19|510|254
1400000US25025130404|1529|263|1168|225|1141|219|27|29|7|12|20|27|0|14|0|14|0|14|192|99|120|89|25|24|47|49|0|14|0|14|0|14|0|14|27|29|13|20|0|14|129|90
1400000US25025130406|2671|487|2004|407|1716|389|288|169|288|169|0|19|0|19|0|19|0|19|326|249|238|198|81|90|7|10|0|19|0|19|15|25|0|19|0|19|14|23|0|19|312|184
1400000US25025140102|2829|386|2061|314|1834|290|227|104|174|88|53|74|0|19|0|19|0|19|426|142|222|106|108|79|96|60|0|19|0|19|0|19|10|15|0|19|9|15|32|48|291|118
1400000US25025140105|1820|304|1137|316|994|303|143|88|107|89|36|50|0|14|0|14|0|14|323|122|176|86|105|78|42|38|0|14|0|14|0|14|0|14|15|22|75|53|36|50|234|151
1400000US25025140106|1013|203|606|177|480|137|126|103|100|100|0|14|26|30|0|14|0|14|254|80|113|81|128|64|13|17|0|14|0|14|0|14|0|14|29|34|22|38|27|35|75|55
1400000US25025140107|1468|213|1020|233|912|219|108|97|86|98|15|22|0|14|0|14|7|11|181|73|80|47|67|36|34|44|0|14|0|14|0|14|0|14|0|14|36|37|0|14|231|139
1400000US25025140201|1364|419|962|286|662|277|300|112|254|91|46|47|0|14|0|14|0|14|153|59|14|20|70|40|69|44|0|14|0|14|0|14|0|14|7|11|34|32|0|14|208|216
1400000US25025140202|3220|424|2169|413|2065|414|104|81|104|81|0|19|0|19|0|19|0|19|607|251|176|130|254|176|177|113|0|19|0|19|0|19|0|19|0|19|66|105|15|48|363|227
1400000US25025140300|3341|651|2358|572|1785|544|573|297|436|248|124|171|13|21|0|19|0|19|680|377|419|289|261|266|0|19|0|19|0|19|0|19|0|19|13|20|189|225|0|19|101|112
1400000US25025140400|4475|586|3102|556|2679|548|423|219|423|219|0|19|0|19|0|19|0|19|534|245|208|164|326|176|0|19|0|19|0|19|0|19|0|19|59|101|112|99|121|143|547|222
1400000US25025160102|1530|285|919|230|685|178|234|151|222|151|12|19|0|14|0|14|0|14|347|159|219|145|128|88|0|14|0|14|0|14|0|14|16|27|0|14|88|75|9|15|151|95
1400000US25025160103|1780|530|1095|357|831|248|264|223|246|221|18|30|0|14|0|14|0|14|203|134|114|95|89|87|0|14|0|14|0|14|0|14|13|27|0|14|67|64|26|48|376|253
1400000US25025160200|1775|249|840|224|508|172|332|171|137|69|65|104|130|138|0|14|0|14|670|213|410|168|260|121|0|14|0|14|0|14|40|46|0|14|0|14|63|56|0|14|162|98
1400000US25025160300|1160|181|716|152|611|154|105|70|94|67|11|18|0|14|0|14|0|14|146|74|78|44|68|54|0|14|0|14|0|14|0|14|0|14|11|18|27|25|10|16|250|93
1400000US25025160400|1735|254|911|194|688|188|223|117|90|79|73|71|34|47|0|14|26|33|383|138|263|93|90|81|30|37|0|14|0|14|16|18|0|14|11|17|103|88|48|43|263|108
1400000US25025160501|2964|671|1757|363|1457|311|300|139|144|83|78|86|0|19|0|19|78|98|656|324|374|318|261|120|21|32|0|19|0|19|51|59|0|19|12|19|104|73|176|221|208|132
1400000US25025160502|2244|380|1593|330|1280|299|313|180|213|156|30|48|70|101|0|19|0|19|400|161|209|113|130|104|61|91|0|19|0|19|7|11|0|19|0|19|117|78|14|22|113|81
1400000US25025160601|2734|601|1773|491|1140|294|633|437|341|313|17|28|267|317|0|14|8|12|522|234|335|191|187|119|0|14|0|14|0|14|0|14|0|14|0|14|290|145|34|31|115|68
1400000US25025160602|2310|397|1624|305|1263|302|361|132|278|137|16|23|33|41|30|39|4|9|366|118|228|109|138|71|0|19|0|19|0|19|31|32|1|6|0|19|179|143|1|6|108|76
1400000US25025170101|1873|353|1394|350|1142|313|252|160|138|93|114|112|0|14|0|14|0|14|245|103|146|88|99|82|0|14|0|14|0|14|0|14|0|14|0|14|64|68|0|14|170|85
1400000US25025170102|2597|714|2094|684|1770|637|324|152|267|135|57|52|0|14|0|14|0|14|384|181|122|119|262|162|0|14|0|14|0|14|0|14|0|14|20|22|15|24|0|14|84|63
1400000US25025170200|1942|396|1575|331|1273|318|302|166|160|74|106|107|12|20|24|35|0|19|149|101|35|38|74|74|40|63|0|19|0|19|14|22|0|19|0|19|111|70|0|19|93|60
1400000US25025170301|3742|1193|2822|1032|2410|955|412|301|294|267|114|111|4|5|0|19|0|19|568|338|104|83|445|332|10|15|9|13|0|19|0|19|0|19|0|19|17|28|0|19|335|187
1400000US25025170302|2302|490|1913|426|1474|387|439|198|429|200|0|14|0|14|10|19|0|14|271|195|245|196|26|31|0|14|0|14|0|14|0|14|0|14|14|27|0|14|9|15|95|74
1400000US25025170400|2366|496|1753|445|1543|436|210|129|167|127|16|26|27|45|0|19|0|19|213|145|74|55|95|108|44|80|0|19|0|19|28|50|0|19|22|35|103|93|16|25|231|129
1400000US25025170502|1616|306|1112|207|987|247|125|116|80|69|45|88|0|14|0|14|0|14|215|163|98|142|92|56|25|46|0|14|0|14|0|14|0|14|0|14|0|14|118|114|171|96
1400000US25025170503|734|190|357|95|327|90|30|35|17|30|13|18|0|14|0|14|0|14|192|92|25|37|167|89|0|14|0|14|0|14|0|14|0|14|0|14|0|14|76|135|109|67
1400000US25025170504|2104|394|899|280|724|263|175|146|172|147|3|16|0|14|0|14|0|14|660|271|79|79|546|236|20|31|15|23|0|14|33|35|0|14|0|14|111|85|16|26|385|138
1400000US25025170601|3254|675|1781|407|1538|448|243|146|243|146|0|19|0|19|0|19|0|19|1037|644|91|92|846|517|100|143|0|19|0|19|35|48|0|19|0|19|107|123|9|14|285|125
1400000US25025170701|1334|267|596|156|545|158|51|48|51|48|0|14|0|14|0|14|0|14|459|178|0|14|454|185|5|26|0|14|0|14|40|36|0|14|0|14|10|17|69|66|160|89
1400000US25025170702|4219|723|1945|540|1497|360|448|339|345|324|46|89|57|87|0|19|0|19|1913|673|697|586|949|460|267|362|0|19|0|19|31|38|0|19|0|19|59|95|48|78|223|194
1400000US25025170800|3231|721|1779|458|1530|352|249|239|151|175|0|19|0|19|98|147|0|19|1190|419|126|137|1064|345|0|19|0|19|0|19|0|19|0|19|78|90|1|3|19|30|164|138
1400000US25025180101|2632|317|1769|294|1399|341|370|191|193|137|0|19|82|114|95|95|0|19|380|215|137|120|243|182|0|19|0|19|0|19|6|10|0|19|32|49|49|79|0|19|396|151
1400000US25025180200|2432|291|1614|287|1299|247|315|184|195|109|110|114|0|14|10|19|0|14|505|150|71|62|434|121|0|14|0|14|0|14|0|14|0|14|0|14|49|43|66|82|198|82
1400000US25025180301|1552|243|1003|178|945|171|58|48|50|48|0|14|0|14|0|14|8|12|194|105|0|14|149|82|0|14|27|41|18|29|0|14|0|14|25|39|75|46|6|11|249|112
1400000US25025180400|1152|208|789|147|698|128|91|70|11|12|74|68|0|14|4|6|2|7|178|92|6|9|168|91|0|14|4|9|0|14|0|14|0|14|0|14|37|25|0|14|148|86
1400000US25025180500|2235|344|1371|268|1356|271|15|25|15|25|0|14|0|14|0|14|0|14|223|103|32|46|124|74|0|14|10|16|57|69|0|14|0|14|0|14|54|76|73|89|514|230
1400000US25025980101|48|64|0|14|0|14|0|14|0|14|0|14|0|14|0|14|0|14|23|32|23|32|0|14|0|14|0|14|0|14|0|14|0|14|0|14|25|32|0|14|0|14
1400000US25025980300|70|47|20|56|20|56|0|14|0|14|0|14|0|14|0|14|0|14|50|56|15|41|35|53|0|14|0|14|0|14|0|14|0|14|0|14|0|14|0|14|0|14
1400000US25025980700|0|14|0|14|0|14|0|14|0|14|0|14|0|14|0|14|0|14|0|14|0|14|0|14|0|14|0|14|0|14|0|14|0|14|0|14|0|14|0|14|0|14
1400000US25025980900|39|20|18|16|18|16|0|14|0|14|0|14|0|14|0|14|0|14|5|7|0|14|0|14|5|7|0|14|0|14|0|14|0|14|0|14|0|14|0|14|16|26
1400000US25025981000|30|42|16|23|16|23|0|14|0|14|0|14|0|14|0|14|0|14|14|19|0|14|14|19|0|14|0|14|0|14|0|14|0|14|0|14|0|14|0|14|0|14
1400000US25025981100|0|14|0|14|0|14|0|14|0|14|0|14|0|14|0|14|0|14|0|14|0|14|0|14|0|14|0|14|0|14|0|14|0|14|0|14|0|14|0|14|0|14
1400000US25025981201|0|14|0|14|0|14|0|14|0|14|0|14|0|14|0|14|0|14|0|14|0|14|0|14|0|14|0|14|0|14|0|14|0|14|0|14|0|14|0|14|0|14
1400000US25025981202|77|28|31|37|31|37|0|14|0|14|0|14|0|14|0|14|0|14|0|14|0|14|0|14|0|14|0|14|0|14|0|14|0|14|0|14|8|15|0|14|38|34
1400000US25025981300|30|21|9|7|9|7|0|14|0|14|0|14|0|14|0|14|0|14|4|6|0|14|0|14|0|14|4|6|0|14|0|14|0|14|0|14|0|14|0|14|17|19
1400000US25025981501|0|14|0|14|0|14|0|14|0|14|0|14|0|14|0|14|0|14|0|14|0|14|0|14|0|14|0|14|0|14|0|14|0|14|0|14|0|14|0|14|0|14
1400000US25025981502|0|14|0|14|0|14|0|14|0|14|0|14|0|14|0|14|0|14|0|14|0|14|0|14|0|14|0|14|0|14|0|14|0|14|0|14|0|14|0|14|0|14
1400000US25025981600|0|14|0|14|0|14|0|14|0|14|0|14|0|14|0|14|0|14|0|14|0|14|0|14|0|14|0|14|0|14|0|14|0|14|0|14|0|14|0|14|0|14
1400000US25025981700|0|14|0|14|0|14|0|14|0|14|0|14|0|14|0|14|0|14|0|14|0|14|0|14|0|14|0|14|0|14|0|14|0|14|0|14|0|14|0|14|0|14
1400000US25025981800|11|17|0|14|0|14|0|14|0|14|0|14|0|14|0|14|0|14|0|14|0|14|0|14|0|14|0|14|0|14|0|14|0|14|0|14|0|14|0|14|11|17
1400000US25025981900|0|14|0|14|0|14|0|14|0|14|0|14|0|14|0|14|0|14|0|14|0|14|0|14|0|14|0|14|0|14|0|14|0|14|0|14|0|14|0|14|0|14
1400000US25025990101|0|14|0|14|0|14|0|14|0|14|0|14|0|14|0|14|0|14|0|14|0|14|0|14|0|14|0|14|0|14|0|14|0|14|0|14|0|14|0|14|0|14
1400000US25027700100|3001|400|2490|434|2449|431|41|37|41|37|0|19|0|19|0|19|0|19|18|29|0|19|18|29|0|19|0|19|0|19|0|19|0|19|0|19|19|32|54|66|420|234
1400000US25027701101|2129|352|1732|315|1507|308|225|137|177|110|48|74|0|14|0|14|0|14|17|26|0|14|17|26|0|14|0|14|0|14|0|14|0|14|0|14|0|14|52|47|328|209
1400000US25027701102|1848|330|1648|339|1461|361|187|143|157|164|30|48|0|14|0|14|0|14|13|20|1|5|12|19|0|14|0|14|0|14|0|14|0|14|12|20|44|53|0|14|131|93
1400000US25027702201|672|127|597|120|529|99|68|50|58|49|6|9|4|6|0|14|0|14|0|14|0|14|0|14|0|14|0|14|0|14|0|14|0|14|0|14|0|14|1|2|74|37
1400000US25027702202|656|151|620|150|558|148|62|50|62|50|0|14|0|14|0|14|0|14|1|2|1|2|0|14|0|14|0|14|0|14|0|14|0|14|0|14|10|16|0|14|25|25
1400000US25027703100|1762|247|1537|235|1387|223|150|85|147|85|3|6|0|14|0|14|0|14|0|14|0|14|0|14|0|14|0|14|0|14|0|14|0|14|0|14|68|59|20|22|137|77
1400000US25027703200|1684|299|1555|285|1292|290|263|122|243|121|20|30|0|14|0|14|0|14|13|20|13|20|0|14|0|14|0|14|0|14|0|14|0|14|0|14|13|20|26|25|77|59
1400000US25027703300|1946|269|1431|229|1280|228|151|83|126|86|0|14|25|22|0|14|0|14|29|41|29|41|0|14|0|14|0|14|0|14|0|14|0|14|48|49|166|199|52|65|220|97
1400000US25027704201|951|152|852|145|777|138|75|41|64|38|11|12|0|14|0|14|0|14|5|8|5|8|0|14|0|14|0|14|0|14|0|14|0|14|3|4|7|7|0|14|84|32
1400000US25027704202|559|74|467|64|427|62|40|25|23|19|15|14|0|14|0|14|2|3|0|14|0|14|0|14|0|14|0|14|0|14|0|14|0|14|0|14|11|17|0|14|81|33
1400000US25027705101|1954|367|1646|377|1525|339|121|128|88|103|0|14|33|63|0|14|0|14|0|14|0|14|0|14|0|14|0|14|0|14|0|14|0|14|0|14|0|14|0|14|308|174
1400000US25027705102|1945|343|1475|352|1406|338|69|67|69|67|0|14|0|14|0|14|0|14|0|14|0|14|0|14|0|14|0|14|0|14|57|64|0|14|0|14|98|84|45|58|270|114
1400000US25027706100|2217|208|1839|197|1813|196|26|25|20|23|0|14|2|6|4|6|0|14|0|14|0|14|0|14|0|14|0|14|0|14|0|14|0|14|0|14|41|40|14|23|323|109
1400000US25027707100|1706|405|1473|336|1306|298|167|109|71|64|16|25|61|64|19|30|0|14|5|8|0|14|5|8|0|14|0|14|0|14|0|14|0|14|5|9|7|11|0|14|216|231
1400000US25027707200|818|192|673|192|547|204|126|131|125|131|1|8|0|14|0|14|0|14|0|14|0|14|0|14|0|14|0|14|0|14|0|14|0|14|0|14|17|25|0|14|128|91
1400000US25027707300|1747|329|1603|311|1292|177|311|271|199|254|82|91|30|47|0|14|0|14|0|14|0|14|0|14|0|14|0|14|0|14|0|14|0|14|0|14|71|79|15|19|58|39
1400000US25027707400|2558|332|2055|327|1960|327|95|75|82|72|13|25|0|14|0|14|0|14|9|15|9|15|0|14|0|14|0|14|0|14|0|14|65|72|23|29|117|100|118|108|171|93
1400000US25027707500|2544|374|1677|390|1406|369|271|232|153|126|0|19|118|153|0|19|0|19|193|214|27|32|166|211|0|19|0|19|0|19|0|19|0|19|0|19|0|19|124|106|550|211
1400000US25027708100|4129|356|3435|390|3347|403|88|119|83|118|0|19|0|19|0|19|5|10|12|21|0|19|0|19|12|21|0|19|0|19|0|19|0|19|0|19|33|41|122|149|527|199
1400000US25027709100|2368|372|2055|385|1727|328|328|137|190|105|33|43|82|106|23|37|0|14|51|39|13|19|0|14|38|36|0|14|0|14|0|14|0|14|0|14|0|14|3|12|259|108
1400000US25027709201|3986|706|3548|682|3278|670|270|187|254|182|0|19|0|19|16|28|0|19|0|19|0|19|0|19|0|19|0|19|0|19|0|19|0|19|75|78|0|19|1|3|362|153
1400000US25027709203|1605|410|1250|254|1161|249|89|85|62|81|27|33|0|14|0|14|0|14|0|14|0|14|0|14|0|14|0|14|0|14|0|14|0|14|0|14|0|14|0|14|355|370
1400000US25027709204|2258|588|1887|605|1728|604|159|99|92|81|18|28|0|14|49|55|0|14|0|14|0|14|0|14|0|14|0|14|0|14|0|14|0|14|0|14|28|28|9|16|334|133
1400000US25027709400|2118|538|1843|511|1638|518|205|136|146|129|59|67|0|19|0|19|0|19|106|167|0|19|0|19|106|167|0|19|0|19|0|19|0|19|0|19|0|19|0|19|169|136
1400000US25027709501|1375|283|1183|269|1145|268|38|25|22|18|16|17|0|14|0|14|0|14|0|14|0|14|0|14|0|14|0|14|0|14|0|14|0|14|0|14|0|14|0|14|192|70
1400000US25027709502|3058|458|2877|450|2539|392|338|149|257|132|0|19|60|90|0|19|21|35|10|17|0|19|0|19|10|17|0|19|0|19|0|19|0|19|0|19|0|19|19|30|152|81
1400000US25027709600|1255|290|1073|187|939|198|134|92|117|89|11|18|0|14|6|22|0|14|10|17|10|17|0|14|0|14|0|14|0|14|0|14|0|14|0|14|0|14|0|14|172|180
1400000US25027709701|3215|508|2893|533|2735|511|158|115|114|107|0|19|9|23|35|58|0|19|47|59|47|59|0|19|0|19|0|19|0|19|0|19|0|19|0|19|13|21|0|19|262|128
1400000US25027709702|1222|190|1012|183|946|186|66|49|66|49|0|14|0|14|0|14|0|14|0|14|0|14|0|14|0|14|0|14|0|14|0|14|0|14|0|14|43|41|31|28|136|74
1400000US25027710100|1759|322|1648|321|1533|312|115|164|115|164|0|14|0|14|0|14|0|14|0|14|0|14|0|14|0|14|0|14|0|14|0|14|0|14|0|14|11|20|23|37|77|63
1400000US25027710200|3789|524|3341|535|3017|459|324|216|116|103|189|195|19|32|0|19|0|19|15|23|15|23|0|19|0|19|0|19|0|19|0|19|0|19|0|19|70|86|16|26|347|197
1400000US25027710300|1818|261|1542|271|1435|231|107|109|107|109|0|14|0|14|0|14|0|14|20|38|0|14|0|14|20|38|0|14|0|14|0|14|0|14|0|14|0|14|2|11|254|106
1400000US25027710400|1201|258|1093|266|892|234|201|81|151|70|26|34|24|38|0|14|0|14|9|13|9|13|0|14|0|14|0|14|0|14|0|14|0|14|0|14|19|19|0|14|80|39
1400000US25027710500|1585|339|1278|283|1109|232|169|112|169|112|0|14|0|14|0|14|0|14|239|192|239|192|0|14|0|14|0|14|0|14|0|14|0|14|0|14|21|30|3|7|44|35
1400000US25027710601|1618|438|1275|374|1123|356|152|126|88|95|42|68|22|36|0|14|0|14|79|103|62|93|0|14|17|33|0|14|0|14|33|47|0|14|0|14|0|14|52|82|179|171
1400000US25027710602|2125|372|1922|383|1660|414|262|154|188|111|74|72|0|14|0|14|0|14|32|46|32|46|0|14|0|14|0|14|0|14|0|14|0|14|0|14|47|45|0|14|124|93
1400000US25027710700|461|159|358|151|349|149|9|14|9|14|0|14|0|14|0|14|0|14|6|9|6|9|0|14|0|14|0|14|0|14|32|36|0|14|0|14|65|46|0|14|0|14
1400000US25027710800|2484|652|1965|489|1669|515|296|166|261|167|21|26|9|14|0|14|5|11|39|40|39|40|0|14|0|14|0|14|0|14|18|25|0|14|0|14|229|193|0|14|233|122
1400000US25027711000|1804|376|1187|204|949|216|238|90|228|91|10|19|0|14|0|14|0|14|38|60|38|60|0|14|0|14|0|14|0|14|0|14|0|14|0|14|167|138|58|90|354|207
1400000US25027711100|2643|462|2210|465|1883|337|327|268|325|268|0|19|0|19|2|6|0|19|12|14|12|14|0|19|0|19|0|19|0|19|2|4|0|19|0|19|95|52|39|30|285|132
1400000US25027712101|3922|462|3303|354|2999|362|304|191|304|191|0|19|0|19|0|19|0|19|177|185|0|19|0|19|177|185|0|19|0|19|0|19|0|19|0|19|38|46|2|6|402|197
1400000US25027712102|2072|280|1683|289|1518|230|165|148|165|148|0|14|0|14|0|14|0|14|14|23|0|14|0|14|14|23|0|14|0|14|0|14|0|14|0|14|29|40|0|14|346|95
1400000US25027713100|3812|461|2348|452|2232|443|116|77|116|77|0|19|0|19|0|19|0|19|24|32|15|25|0|19|9|18|0|19|0|19|0|19|0|19|0|19|28|44|201|135|1211|391
1400000US25027715100|2887|191|1842|247|1825|248|17|19|7|11|0|19|0|19|0|19|10|15|28|32|0|19|0|19|28|32|0|19|0|19|0|19|0|19|0|19|0|19|13|16|1004|197
1400000US25027716101|1979|379|1411|236|1326|231|85|50|85|50|0|14|0|14|0|14|0|14|0|14|0|14|0|14|0|14|0|14|0|14|0|14|0|14|0|14|0|14|0|14|568|349
1400000US25027716102|2804|450|2402|461|2003|340|399|169|279|123|120|125|0|19|0|19|0|19|0|19|0|19|0|19|0|19|0|19|0|19|0|19|0|19|0|19|7|13|51|51|344|178
1400000US25027716200|1841|352|1611|329|1419|329|192|119|192|119|0|14|0|14|0|14|0|14|0|14|0|14|0|14|0|14|0|14|0|14|0|14|0|14|0|14|23|27|21|32|186|91
1400000US25027716300|2422|414|2071|412|1637|427|434|259|292|157|71|71|57|71|14|24|0|14|0|14|0|14|0|14|0|14|0|14|0|14|25|39|0|14|0|14|156|81|21|23|149|91
1400000US25027717100|1821|208|1191|221|1161|216|30|31|22|26|8|15|0|14|0|14|0|14|0|14|0|14|0|14|0|14|0|14|0|14|0|14|0|14|0|14|54|41|11|19|565|129
1400000US25027718100|2515|203|1880|213|1696|226|184|106|77|48|0|14|0|14|107|90|0|14|13|18|4|9|0|14|9|15|0|14|0|14|0|14|0|14|0|14|0|14|45|40|577|161
1400000US25027719100|4402|328|3435|350|3248|330|187|117|164|110|23|37|0|19|0|19|0|19|233|331|22|35|0|19|211|331|0|19|0|19|0|19|19|31|0|19|41|65|0|19|674|262
1400000US25027720100|1906|150|1311|188|1244|184|67|46|62|45|0|14|0|14|5|13|0|14|41|43|0|14|0|14|41|43|0|14|0|14|0|14|0|14|20|24|41|42|9|15|484|117
1400000US25027721101|778|70|642|72|604|73|38|21|27|22|8|8|0|14|0|14|3|4|0|14|0|14|0|14|0|14|0|14|0|14|0|14|0|14|0|14|2|3|42|37|92|34
1400000US25027721103|2751|397|2160|398|1887|340|273|169|114|96|18|20|0|19|63|90|78|116|15|25|0|19|0|19|15|25|0|19|0|19|0|19|0|19|0|19|0|19|16|26|560|220
1400000US25027721104|1763|314|1605|320|1494|323|111|129|46|59|0|14|65|109|0|14|0|14|0|14|0|14|0|14|0|14|0|14|0|14|0|14|0|14|0|14|0|14|0|14|158|84
1400000US25027722100|2745|386|2274|402|1924|410|350|227|233|194|117|154|0|19|0|19|0|19|101|104|0|19|0|19|45|68|0|19|56|81|0|19|0|19|0|19|49|63|76|117|245|116
1400000US25027723100|1722|175|1569|180|1330|135|239|178|104|74|20|25|102|109|0|14|13|9|14|22|0|14|4|6|3|6|3|6|4|6|0|14|0|14|6|8|16|17|0|14|117|50
1400000US25027724100|1572|247|1271|217|1128|209|143|107|132|104|0|14|0|14|11|16|0|14|0|14|0|14|0|14|0|14|0|14|0|14|0|14|25|40|0|14|0|14|0|14|276|261
1400000US25027725100|2563|200|2305|241|2185|251|120|77|89|75|31|25|0|14|0|14|0|14|0|14|0|14|0|14|0|14|0|14|0|14|0|14|0|14|0|14|16|24|8|13|234|113
1400000US25027726100|3115|450|2443|385|2338|373|105|90|72|69|0|19|0|19|33|53|0|19|12|21|0|19|0|19|12|21|0|19|0|19|0|19|0|19|0|19|55|61|0|19|605|428
1400000US25027726200|2610|414|2244|398|1999|388|245|195|209|192|0|19|15|26|21|33|0|19|113|108|113|108|0|19|0|19|0|19|0|19|0|19|0|19|0|19|0|19|0|19|253|218
1400000US25027727100|2638|158|1891|191|1792|186|99|51|78|39|21|33|0|14|0|14|0|14|14|22|14|22|0|14|0|14|0|14|0|14|0|14|0|14|0|14|163|71|13|20|557|161
1400000US25027728100|2715|294|2256|233|2199|240|57|54|57|54|0|19|0|19|0|19|0|19|0|19|0|19|0|19|0|19|0|19|0|19|0|19|0|19|0|19|12|18|18|28|429|150
1400000US25027728200|1967|214|1712|223|1568|225|144|85|59|48|27|42|49|41|9|13|0|14|0|14|0|14|0|14|0|14|0|14|0|14|9|14|0|14|0|14|0|14|12|14|234|90
1400000US25027728300|2518|302|1954|269|1874|277|80|51|80|51|0|14|0|14|0|14|0|14|18|20|0|14|0|14|18|20|0|14|0|14|0|14|0|14|0|14|33|35|0|14|513|135
1400000US25027728400|2621|257|2201|236|2068|221|133|78|104|62|0|19|29|47|0|19|0|19|0|19|0|19|0|19|0|19|0|19|0|19|0|19|0|19|0|19|5|11|6|9|409|165
1400000US25027729100|1931|192|1592|220|1461|227|131|88|131|88|0|14|0|14|0|14|0|14|0|14|0|14|0|14|0|14|0|14|0|14|0|14|0|14|0|14|0|14|17|20|322|112
1400000US25027729200|1594|214|1323|209|1222|202|101|68|90|63|0|14|0|14|11|15|0|14|0|14|0|14|0|14|0|14|0|14|0|14|0|14|0|14|0|14|39|50|0|14|232|102
1400000US25027730100|3811|443|3340|461|2803|372|537|307|270|189|225|266|0|19|42|46|0|19|29|50|15|25|0|19|14|25|0|19|0|19|27|30|0|19|0|19|0|19|0|19|415|168
1400000US25027730200|3704|524|3201|491|2710|354|491|320|287|207|18|31|173|245|0|19|13|22|27|42|0|19|0|19|27|42|0|19|0|19|0|19|0|19|0|19|0|19|0|19|476|267
1400000US25027730300|3080|666|2847|658|2240|556|607|314|519|303|0|19|0|19|88|100|0|19|37|50|37|50|0|19|0|19|0|19|0|19|23|34|0|19|0|19|8|15|0|19|165|104
1400000US25027730401|2815|565|2396|573|2162|581|234|180|212|177|0|19|0|19|21|34|1|2|135|75|111|68|24|37|0|19|0|19|0|19|80|118|0|19|0|19|38|56|56|59|110|84
1400000US25027730402|1053|153|890|154|734|157|156|66|137|66|0|14|19|27|0|14|0|14|26|26|26|26|0|14|0|14|0|14|0|14|0|14|0|14|0|14|62|47|7|12|68|38
1400000US25027730500|2142|266|1704|282|1564|285|140|74|133|78|0|14|7|14|0|14|0|14|27|45|27|45|0|14|0|14|0|14|0|14|26|41|0|14|0|14|129|66|97|107|159|85
1400000US25027730600|4357|540|3118|529|2718|486|400|172|263|136|111|103|0|19|3|5|23|29|42|32|13|17|6|8|23|30|0|19|0|19|0|19|0|19|0|19|207|85|99|55|891|331
1400000US25027730700|4237|444|3343|428|3138|426|205|134|155|105|35|58|15|56|0|19|0|19|167|88|121|76|0|19|46|43|0|19|0|19|0|19|0|19|0|19|0|19|50|123|677|219
1400000US25027730801|2304|416|1802|347|1637|348|165|80|139|79|11|16|0|14|10|16|5|10|0|14|0|14|0|14|0|14|0|14|0|14|0|14|0|14|0|14|2|3|0|14|500|168
1400000US25027730802|1222|230|927|221|883|217|44|37|22|17|22|35|0|14|0|14|0|14|29|28|0|14|0|14|29|28|0|14|0|14|0|14|10|12|0|14|14|16|36|30|206|99
1400000US25027730901|2141|570|1964|570|1726|561|238|135|192|128|10|16|0|14|36|48|0|14|26|24|0|14|0|14|26|24|0|14|0|14|0|14|0|14|0|14|0|14|10|14|141|68
1400000US25027730902|2156|354|1340|336|1217|297|123|90|106|88|0|14|0|14|0|14|17|23|21|24|0|14|21|24|0|14|0|14|0|14|0|14|0|14|0|14|317|123|26|38|452|125
1400000US25027731001|1718|387|1597|366|1054|267|543|209|376|152|167|196|0|14|0|14|0|14|0|14|0|14|0|14|0|14|0|14|0|14|0|14|0|14|0|14|73|110|19|41|29|24
1400000US25027731002|2749|422|2523|376|2126|396|397|137|345|125|44|50|8|19|0|19|0|19|77|105|77|105|0|19|0|19|0|19|0|19|0|19|0|19|0|19|18|29|27|46|104|87
1400000US25027731101|2023|324|1558|269|1237|241|321|169|116|93|147|108|58|76|0|14|0|14|107|89|85|82|12|22|10|17|0|14|0|14|0|14|0|14|18|19|12|17|97|105|231|120
1400000US25027731102|2173|358|1565|250|1425|241|140|84|136|86|0|14|4|14|0|14|0|14|200|209|51|53|0|14|149|204|0|14|0|14|0|14|0|14|0|14|34|32|0|14|374|206
1400000US25027731202|563|97|209|69|154|62|55|30|31|29|0|14|9|16|0|14|15|21|0|14|0|14|0|14|0|14|0|14|0|14|0|14|0|14|0|14|222|73|20|34|112|52
1400000US25027731203|2523|559|1416|427|1264|410|152|121|84|107|43|27|0|19|0|19|25|43|99|107|99|107|0|19|0|19|0|19|0|19|0|19|0|19|99|105|580|247|91|137|238|123
1400000US25027731204|1101|287|754|156|531|126|223|95|178|95|29|25|16|25|0|14|0|14|7|10|7|10|0|14|0|14|0|14|0|14|45|40|0|14|7|10|79|69|47|61|162|155
1400000US25027731300|2044|343|1669|309|1310|230|359|178|238|163|57|57|64|59|0|19|0|19|12|19|12|19|0|19|0|19|0|19|0|19|66|50|0|19|0|19|132|88|78|64|87|88
1400000US25027731400|2010|484|1468|398|1154|293|314|199|304|202|0|19|0|19|7|23|3|9|163|117|163|117|0|19|0|19|0|19|0|19|111|112|0|19|0|19|130|95|43|55|95|96
1400000US25027731500|1870|437|1623|420|1366|378|257|133|180|122|36|40|41|62|0|19|0|19|40|45|40|45|0|19|0|19|0|19|0|19|78|86|0|19|0|19|114|94|0|19|15|24
1400000US25027731601|2404|560|1390|379|1185|357|205|125|147|115|23|38|32|48|3|7|0|14|150|113|150|113|0|14|0|14|0|14|0|14|78|70|0|14|0|14|476|264|0|14|310|218
1400000US25027731602|1088|152|335|122|276|127|59|55|44|47|0|14|0|14|7|14|8|17|0|14|0|14|0|14|0|14|0|14|0|14|22|38|0|14|0|14|467|121|8|15|256|107
1400000US25027731700|2085|325|1141|257|1100|237|41|52|38|52|0|14|0|14|3|8|0|14|137|102|89|86|0|14|48|54|0|14|0|14|82|88|0|14|0|14|537|254|27|26|161|103
1400000US25027731801|1499|283|1217|304|1144|298|73|65|49|53|24|41|0|14|0|14|0|14|31|31|31|31|0|14|0|14|0|14|0|14|140|122|0|14|0|14|14|22|0|14|97|59
1400000US25027731802|1665|482|1262|437|728|237|534|442|504|438|30|38|0|14|0|14|0|14|0|14|0|14|0|14|0|14|0|14|0|14|0|14|0|14|0|14|216|187|51|70|136|99
1400000US25027731900|2343|403|1886|355|1495|340|391|189|271|141|61|89|59|101|0|19|0|19|43|64|43|64|0|19|0|19|0|19|0|19|50|57|0|19|0|19|59|61|104|93|201|118
1400000US25027732001|1194|257|836|184|678|174|158|88|132|85|26|33|0|14|0|14|0|14|222|114|215|116|7|12|0|14|0|14|0|14|6|11|0|14|0|14|71|56|28|44|31|27
1400000US25027732002|2135|357|1534|298|1355|243|179|161|115|136|64|75|0|14|0|14|0|14|61|58|10|16|0|14|51|55|0|14|0|14|6|12|0|14|0|14|110|67|20|31|404|217
1400000US25027732201|1648|352|1256|295|1151|275|105|86|66|54|39|49|0|14|0|14|0|14|35|33|0|14|0|14|35|33|0|14|0|14|11|17|0|14|0|14|46|43|0|14|300|246
1400000US25027732202|2040|400|1395|240|1331|224|64|45|61|46|3|9|0|14|0|14|0|14|174|144|56|72|84|103|34|52|0|14|0|14|0|14|0|14|0|14|35|39|7|12|429|337
1400000US25027732203|1573|268|1221|237|971|226|250|118|250|118|0|14|0|14|0|14|0|14|48|51|42|49|0|14|6|12|0|14|0|14|0|14|0|14|25|38|59|50|19|28|201|106
1400000US25027732301|2143|364|1735|318|1568|273|167|124|157|124|10|16|0|14|0|14|0|14|17|20|0|14|10|14|7|15|0|14|0|14|30|60|0|14|0|14|23|37|142|192|196|92
1400000US25027732302|2350|315|1921|318|1523|262|398|191|262|190|100|112|0|14|36|41|0|14|118|103|118|103|0|14|0|14|0|14|0|14|39|56|0|14|0|14|55|44|18|33|199|105
1400000US25027732400|3244|678|2545|481|1929|402|616|303|544|298|64|81|8|14|0|19|0|19|29|43|29|43|0|19|0|19|0|19|0|19|195|178|0|19|0|19|143|146|79|96|253|290
1400000US25027732500|838|179|648|157|530|136|118|87|118|87|0|14|0|14|0|14|0|14|17|26|0|14|17|26|0|14|0|14|0|14|36|44|0|14|0|14|43|32|0|14|94|71
1400000US25027732600|2260|465|1934|411|1835|419|99|79|72|62|27|51|0|14|0|14|0|14|0|14|0|14|0|14|0|14|0|14|0|14|74|73|0|14|0|14|43|43|67|82|142|122
1400000US25027732700|1896|505|1437|400|1053|355|384|243|384|243|0|14|0|14|0|14|0|14|55|42|35|38|20|29|0|14|0|14|0|14|62|52|0|14|0|14|93|134|77|91|172|203
1400000US25027732801|3593|611|2782|544|2578|540|204|108|109|83|95|57|0|19|0|19|0|19|56|51|0|19|0|19|56|51|0|19|0|19|0|19|0|19|19|30|0|19|258|295|478|200
1400000US25027732802|2315|257|2095|244|1826|233|269|170|195|124|74|77|0|14|0|14|0|14|17|27|17|27|0|14|0|14|0|14|0|14|39|39|0|14|0|14|0|14|18|27|146|110
1400000US25027732901|4327|694|3727|606|3010|494|717|299|480|244|93|116|14|22|130|118|0|19|126|140|113|138|0|19|13|21|0|19|0|19|17|28|0|19|0|19|39|49|207|182|211|94
1400000US25027732902|1216|162|251|106|221|83|30|40|30|40|0|14|0|14|0|14|0|14|13|19|13|19|0|14|0|14|0|14|0|14|0|14|0|14|0|14|580|175|54|40|318|118
1400000US25027733000|1836|380|1353|313|1119|287|234|97|186|82|23|37|0|14|0|14|25|25|71|60|71|60|0|14|0|14|0|14|0|14|57|62|0|14|32|53|193|161|32|49|98|78
1400000US25027733101|1581|362|1471|360|1279|374|192|99|178|96|8|11|6|9|0|14|0|14|7|12|0|14|0|14|7|12|0|14|0|14|4|6|0|14|0|14|0|14|24|36|75|41
1400000US25027733102|1306|184|1102|201|1037|169|65|63|49|58|0|14|16|23|0|14|0|14|33|32|33|32|0|14|0|14|0|14|0|14|24|34|0|14|0|14|15|16|0|14|132|63
1400000US25027735100|3440|445|2855|425|2571|424|284|164|249|157|29|45|0|19|0|19|6|13|15|22|15|22|0|19|0|19|0|19|0|19|0|19|0|19|29|47|117|66|4|8|420|229
1400000US25027735200|2529|448|2185|398|2034|405|151|90|138|87|13|21|0|14|0|14|0|14|9|14|9|14|0|14|0|14|0|14|0|14|0|14|0|14|0|14|20|19|36|51|279|143
1400000US25027736100|1294|210|1145|218|1062|222|83|81|83|81|0|14|0|14|0|14|0|14|17|29|0|14|0|14|17|29|0|14|0|14|0|14|0|14|0|14|0|14|0|14|132|101
1400000US25027736200|1884|287|1564|264|1482|240|82|65|82|65|0|14|0|14|0|14|0|14|56|53|7|12|31|44|18|27|0|14|0|14|0|14|0|14|0|14|18|22|0|14|246|97
1400000US25027736300|1355|160|1200|159|1061|162|139|75|119|72|0|14|15|19|5|7|0|14|3|5|0|14|0|14|3|5|0|14|0|14|6|10|0|14|0|14|32|31|6|9|108|52
1400000US25027736400|1435|249|1092|192|1022|190|70|50|59|40|0|14|11|17|0|14|0|14|41|65|0|14|0|14|41|65|0|14|0|14|20|31|0|14|0|14|0|14|0|14|282|108
1400000US25027736500|2450|396|2120|353|2067|360|53|50|46|48|7|12|0|14|0|14|0|14|0|14|0|14|0|14|0|14|0|14|0|14|0|14|0|14|0|14|32|37|0|14|298|159
1400000US25027737100|2645|387|2122|426|1867|412|255|187|219|182|36|42|0|19|0|19|0|19|53|77|6|16|0|19|47|74|0|19|0|19|1|3|0|19|0|19|14|21|0|19|455|206
1400000US25027737200|831|169|697|162|659|157|38|36|38|36|0|14|0|14|0|14|0|14|4|7|0|14|0|14|4|7|0|14|0|14|5|10|0|14|0|14|1|2|6|8|118|64
1400000US25027737300|3632|413|2961|397|2851|387|110|106|27|32|65|98|0|19|18|28|0|19|29|36|0|19|17|27|12|23|0|19|0|19|0|19|11|18|0|19|15|26|45|74|571|192
1400000US25027738100|2821|317|2206|328|2096|317|110|53|56|40|24|26|30|37|0|19|0|19|11|17|0|19|0|19|11|17|0|19|0|19|0|19|0|19|0|19|43|48|54|66|507|159
1400000US25027738201|2754|491|1984|505|1908|508|76|51|67|45|0|14|9|12|0|14|0|14|68|51|12|22|11|18|45|43|0|14|0|14|0|14|0|14|0|14|6|10|76|80|620|146
1400000US25027738202|3123|360|2242|395|2082|398|160|133|81|84|79|109|0|19|0|19|0|19|54|70|0|19|0|19|15|25|39|65|0|19|0|19|0|19|0|19|34|60|95|79|698|201
1400000US25027739101|2531|325|1990|321|1799|281|191|121|177|119|0|14|0|14|0|14|14|22|29|30|0|14|4|11|25|28|0|14|0|14|0|14|0|14|0|14|0|14|15|26|497|163
1400000US25027739102|2680|373|1710|354|1577|350|133|112|133|112|0|19|0|19|0|19|0|19|37|41|0|19|0|19|37|41|0|19|0|19|0|19|0|19|0|19|0|19|37|34|896|289
1400000US25027739201|1872|509|1551|512|1249|481|302|135|214|123|70|81|0|14|0|14|18|29|0|14|0|14|0|14|0|14|0|14|0|14|9|16|0|14|0|14|90|92|11|20|211|110
1400000US25027739202|1817|334|1030|310|965|303|65|61|65|61|0|14|0|14|0|14|0|14|16|27|0|14|7|12|9|15|0|14|0|14|0|14|0|14|0|14|28|41|0|14|743|159
1400000US25027739300|2133|445|1603|379|1539|374|64|39|52|42|12|18|0|14|0|14|0|14|0|14|0|14|0|14|0|14|0|14|0|14|0|14|0|14|0|14|92|81|27|31|411|160
1400000US25027739401|3154|434|2584|489|2400|494|184|120|153|116|0|19|0|19|31|44|0|19|19|31|0|19|0|19|19|31|0|19|0|19|0|19|0|19|0|19|0|19|33|48|518|183
1400000US25027739402|1404|321|893|156|876|154|17|22|11|20|6|9|0|14|0|14|0|14|67|44|11|12|0|14|56|43|0|14|0|14|0|14|0|14|0|14|5|11|0|14|439|281
1400000US25027739500|4005|472|2921|386|2741|363|180|93|180|93|0|19|0|19|0|19|0|19|65|63|34|53|0|19|31|32|0|19|0|19|0|19|0|19|0|19|15|27|77|88|927|297
1400000US25027740101|3538|445|2700|412|2410|352|290|153|236|142|36|43|0|19|0|19|18|29|65|67|0|19|51|63|14|20|0|19|0|19|0|19|0|19|0|19|143|103|61|73|569|191
1400000US25027740102|3154|364|2286|313|2149|332|137|70|127|70|0|19|10|15|0|19|0|19|58|56|0|19|0|19|58|56|0|19|0|19|0|19|0|19|0|19|3|9|0|19|807|329
1400000US25027740200|1702|351|1247|209|1208|224|39|43|39|43|0|14|0|14|0|14|0|14|22|32|0|14|0|14|22|32|0|14|0|14|0|14|0|14|0|14|11|17|60|75|362|237
1400000US25027741101|2634|308|1792|222|1667|218|125|63|79|53|24|26|3|10|9|14|10|15|41|32|8|12|0|14|33|31|0|14|0|14|0|14|0|14|0|14|21|31|37|28|743|246
1400000US25027741102|2912|297|1844|262|1794|261|50|42|34|31|0|19|0|19|16|28|0|19|142|74|12|18|0|19|130|72|0|19|0|19|0|19|0|19|0|19|51|54|25|37|850|197
1400000US25027742300|2417|327|1863|280|1765|271|98|83|96|83|0|14|2|7|0|14|0|14|40|36|0|14|1|5|39|35|0|14|0|14|0|14|0|14|0|14|17|21|0|14|497|182
1400000US25027742401|3050|423|1857|273|1725|282|132|63|121|54|11|18|0|19|0|19|0|19|79|61|0|19|25|39|54|47|0|19|0|19|0|19|11|16|0|19|29|42|9|15|1065|414
1400000US25027742402|2287|271|1545|231|1498|224|47|39|47|39|0|14|0|14|0|14|0|14|79|70|0|14|0|14|79|70|0|14|0|14|26|42|0|14|0|14|24|31|36|57|577|174
1400000US25027743100|4138|357|3154|404|2770|348|384|173|243|133|92|95|20|32|15|25|14|23|59|60|0|19|27|42|32|46|0|19|0|19|0|19|0|19|15|23|26|32|28|31|856|214
1400000US25027744102|2741|598|2172|443|2025|376|147|134|132|132|15|23|0|19|0|19|0|19|9|16|0|19|0|19|9|16|0|19|0|19|0|19|0|19|0|19|33|56|164|225|363|132
1400000US25027744103|1620|297|1277|297|1138|301|139|86|109|76|30|44|0|14|0|14|0|14|24|26|0|14|0|14|24|26|0|14|0|14|0|14|0|14|0|14|0|14|18|29|301|160
1400000US25027744104|2609|381|1812|361|1616|332|196|107|109|74|0|14|87|95|0|14|0|14|61|84|0|14|0|14|61|84|0|14|0|14|0|14|0|14|55|71|26|33|86|90|569|193
1400000US25027744201|1327|283|1040|285|944|282|96|76|93|77|0|14|3|8|0|14|0|14|35|45|17|29|0|14|18|32|0|14|0|14|0|14|0|14|0|14|0|14|0|14|252|152
1400000US25027744202|3070|526|2200|554|2093|555|107|89|107|89|0|19|0|19|0|19|0|19|24|37|0|19|0|19|24|37|0|19|0|19|0|19|0|19|0|19|58|91|538|399|250|178
1400000US25027744300|2524|413|1578|336|1327|321|251|125|151|125|26|30|65|73|9|14|0|14|32|39|14|25|0|14|0|14|18|30|0|14|0|14|0|14|0|14|105|87|590|286|219|101
1400000US25027744400|2265|413|1860|380|1647|358|213|164|141|112|58|56|0|14|0|14|14|21|16|17|0|14|0|14|16|17|0|14|0|14|0|14|0|14|0|14|29|36|130|145|230|108
1400000US25027745100|3014|279|2474|247|2419|253|55|63|24|39|13|20|12|20|6|11|0|19|13|20|0|19|0|19|13|20|0|19|0|19|0|19|0|19|12|20|49|64|0|19|466|208
1400000US25027746100|3566|308|3045|363|2929|375|116|90|32|37|34|54|50|55|0|19|0|19|16|27|16|27|0|19|0|19|0|19|0|19|0|19|0|19|0|19|1|3|10|16|494|189
1400000US25027747101|2858|377|2371|390|2149|375|222|132|154|101|55|88|0|19|13|22|0|19|0|19|0|19|0|19|0|19|0|19|0|19|0|19|0|19|0|19|0|19|0|19|487|161
1400000US25027747102|1953|284|1601|223|1535|222|66|53|59|51|0|14|7|13|0|14|0|14|29|32|0|14|0|14|29|32|0|14|0|14|0|14|0|14|0|14|0|14|0|14|323|156
1400000US25027748100|1869|215|1654|212|1449|194|205|159|196|160|0|14|4|7|5|8|0|14|9|12|0|14|0|14|9|12|0|14|0|14|0|14|0|14|0|14|12|17|31|37|163|71
1400000US25027749100|4812|507|3927|510|3418|424|509|371|389|345|86|97|28|37|0|19|6|10|17|30|17|30|0|19|0|19|0|19|0|19|0|19|0|19|0|19|0|19|125|113|743|281
1400000US25027749200|3484|421|2830|362|2701|366|129|82|103|72|0|19|26|33|0|19|0|19|0|19|0|19|0|19|0|19|0|19|0|19|0|19|0|19|0|19|136|174|47|68|471|222
1400000US25027750100|3330|464|2737|459|2509|432|228|191|45|56|148|155|0|19|35|44|0|19|62|55|35|37|0|19|27|41|0|19|0|19|0|19|0|19|0|19|82|117|16|26|433|216
1400000US25027750200|3697|550|3039|536|2954|527|85|71|50|58|17|26|0|19|18|31|0|19|0|19|0|19|0|19|0|19|0|19|0|19|0|19|0|19|0|19|0|19|0|19|658|219
1400000US25027750300|1378|236|1039|235|996|233|43|35|43|35|0|14|0|14|0|14|0|14|0|14|0|14|0|14|0|14|0|14|0|14|0|14|0|14|0|14|0|14|81|64|258|98
1400000US25027751101|3915|386|3209|459|2931|491|278|179|145|99|113|147|20|32|0|19|0|19|14|22|0|19|14|22|0|19|0|19|0|19|0|19|0|19|0|19|43|69|72|85|577|204
1400000US25027751102|1498|210|1051|206|1051|206|0|14|0|14|0|14|0|14|0|14|0|14|19|21|0|14|0|14|19|21|0|14|0|14|0|14|0|14|0|14|8|13|0|14|420|141
1400000US25027752101|3204|479|2388|392|2300|402|88|60|71|61|17|26|0|19|0|19|0|19|68|89|0|19|49|81|19|34|0|19|0|19|0|19|0|19|0|19|14|24|22|35|712|245
1400000US25027752102|1800|249|1389|218|1372|216|17|27|17|27|0|14|0|14|0|14|0|14|0|14|0|14|0|14|0|14|0|14|0|14|0|14|0|14|0|14|60|67|9|14|342|133
1400000US25027753100|3845|454|3194|388|2981|392|213|140|115|74|86|127|12|20|0|19|0|19|18|26|0|19|0|19|18|26|0|19|0|19|0|19|0|19|0|19|0|19|32|38|601|269
1400000US25027753200|2855|390|2492|390|2157|326|335|190|308|188|27|41|0|19|0|19|0|19|0|19|0|19|0|19|0|19|0|19|0|19|0|19|0|19|13|20|10|19|38|63|302|135
1400000US25027754100|3539|432|2897|372|2644|339|253|144|188|144|16|33|0|19|49|55|0|19|70|78|0|19|43|62|27|41|0|19|0|19|30|47|15|22|0|19|73|75|70|117|384|191
1400000US25027754200|1620|242|1285|213|1165|219|120|86|104|84|0|14|16|22|0|14|0|14|11|17|11|17|0|14|0|14|0|14|0|14|31|47|0|14|0|14|122|85|62|85|109|66
1400000US25027754300|1380|372|1240|342|1105|351|135|76|118|74|0|14|17|28|0|14|0|14|0|14|0|14|0|14|0|14|0|14|0|14|22|37|0|14|8|13|68|60|32|39|10|15
1400000US25027754400|1837|212|1742|214|1658|216|84|57|84|57|0|14|0|14|0|14|0|14|0|14|0|14|0|14|0|14|0|14|0|14|0|14|0|14|0|14|0|14|29|43|66|45
1400000US25027755100|1825|313|1717|296|1569|288|148|74|122|71|14|20|0|14|12|19|0|14|0|14|0|14|0|14|0|14|0|14|0|14|0|14|0|14|0|14|0|14|48|43|60|50
1400000US25027755201|1883|347|1754|360|1631|353|123|95|108|89|15|24|0|14|0|14|0|14|0|14|0|14|0|14|0|14|0|14|0|14|15|24|0|14|0|14|9|14|9|14|96|58
1400000US25027755202|1903|259|1447|213|1303|176|144|83|113|78|17|28|0|14|11|15|3|8|0|14|0|14|0|14|0|14|0|14|0|14|0|14|12|20|0|14|252|109|11|16|181|98
1400000US25027756101|2398|343|2227|357|2115|369|112|80|112|80|0|19|0|19|0|19|0|19|0|19|0|19|0|19|0|19|0|19|0|19|0|19|0|19|0|19|0|19|0|19|171|91
1400000US25027756102|4100|416|3302|424|3117|410|185|97|171|94|0|19|14|23|0|19|0|19|0|19|0|19|0|19|0|19|0|19|0|19|0|19|11|19|0|19|23|38|208|200|556|222
1400000US25027757100|2330|416|2051|432|1984|413|67|72|8|17|10|19|0|19|8|14|41|66|0|19|0|19|0|19|0|19|0|19|0|19|0|19|0|19|10|15|70|83|52|65|147|87
1400000US25027757200|808|150|638|131|543|110|95|86|95|86|0|14|0|14|0|14|0|14|6|12|0|14|6|12|0|14|0|14|0|14|0|14|0|14|0|14|108|79|11|12|45|39
1400000US25027757300|1711|376|1268|367|1031|304|237|161|237|161|0|14|0|14|0|14|0|14|0|14|0|14|0|14|0|14|0|14|0|14|0|14|0|14|81|126|180|130|50|57|132|76
1400000US25027757400|1201|200|1120|177|930|201|190|102|141|79|19|34|30|53|0|14|0|14|0|14|0|14|0|14|0|14|0|14|0|14|0|14|0|14|10|19|29|38|16|24|26|32
1400000US25027757500|2229|402|2042|391|1749|425|293|146|113|67|137|139|33|39|10|15|0|14|11|16|11|16|0|14|0|14|0|14|0|14|0|14|26|40|11|18|39|44|8|14|92|64
1400000US25027758101|831|159|723|153|649|132|74|62|74|62|0|14|0|14|0|14|0|14|0|14|0|14|0|14|0|14|0|14|0|14|0|14|0|14|0|14|0|14|9|14|99|57
1400000US25027758103|2449|297|2092|298|1924|296|168|165|166|164|0|14|2|5|0|14|0|14|0|14|0|14|0|14|0|14|0|14|0|14|0|14|0|14|0|14|13|20|0|14|344|161
1400000US25027758104|1900|277|1439|292|1240|270|199|89|199|89|0|14|0|14|0|14|0|14|0|14|0|14|0|14|0|14|0|14|0|14|0|14|0|14|0|14|0|14|0|14|461|178
1400000US25027759100|1077|154|956|134|930|134|26|22|12|14|7|9|3|6|4|7|0|14|0|14|0|14|0|14|0|14|0|14|0|14|0|14|0|14|0|14|55|78|0|14|66|28
1400000US25027760100|1818|189|1661|201|1605|202|56|61|56|61|0|14|0|14|0|14|0|14|0|14|0|14|0|14|0|14|0|14|0|14|0|14|9|14|0|14|0|14|2|5|146|79
1400000US25027761100|2714|374|2395|365|2267|340|128|100|128|100|0|14|0|14|0|14|0|14|0|14|0|14|0|14|0|14|0|14|0|14|0|14|0|14|0|14|37|54|0|14|282|174
1400000US25027761200|3401|398|2620|390|2434|384|186|109|160|108|0|19|0|19|18|30|8|15|137|114|42|63|46|72|49|55|0|19|0|19|0|19|0|19|0|19|6|11|49|72|589|193
1400000US25027761300|1864|263|1309|226|1212|206|97|60|97|60|0|14|0|14|0|14|0|14|11|17|0|14|0|14|11|17|0|14|0|14|0|14|6|11|0|14|32|50|12|20|494|181
1400000US25027761401|2258|281|1156|209|1125|208|31|31|8|14|0|14|23|30|0|14|0|14|52|38|0|14|0|14|52|38|0|14|0|14|0|14|0|14|0|14|42|36|13|22|995|205
1400000US25027761402|776|172|639|175|545|139|94|96|94|96|0|14|0|14|0|14|0|14|6|9|0|14|6|9|0|14|0|14|0|14|0|14|0|14|0|14|0|14|17|28|114|63
