GEO_ID|B17001_E001|B17001_M001|B17001_E002|B17001_M002|B17001_E003|B17001_M003|B17001_E004|B17001_M004|B17001_E005|B17001_M005|B17001_E006|B17001_M006|B17001_E007|B17001_M007|B17001_E008|B17001_M008|B17001_E009|B17001_M009|B17001_E010|B17001_M010|B17001_E011|B17001_M011|B17001_E012|B17001_M012|B17001_E013|B17001_M013|B17001_E014|B17001_M014|B17001_E015|B17001_M015|B17001_E016|B17001_M016|B17001_E017|B17001_M017|B17001_E018|B17001_M018|B17001_E019|B17001_M019|B17001_E020|B17001_M020|B17001_E021|B17001_M021|B17001_E022|B17001_M022|B17001_E023|B17001_M023|B17001_E024|B17001_M024|B17001_E025|B17001_M025|B17001_E026|B17001_M026|B17001_E027|B17001_M027|B17001_E028|B17001_M028|B17001_E029|B17001_M029|B17001_E030|B17001_M030|B17001_E031|B17001_M031|B17001_E032|B17001_M032|B17001_E033|B17001_M033|B17001_E034|B17001_M034|B17001_E035|B17001_M035|B17001_E036|B17001_M036|B17001_E037|B17001_M037|B17001_E038|B17001_M038|B17001_E039|B17001_M039|B17001_E040|B17001_M040|B17001_E041|B17001_M041|B17001_E042|B17001_M042|B17001_E043|B17001_M043|B17001_E044|B17001_M044|B17001_E045|B17001_M045|B17001_E046|B17001_M046|B17001_E047|B17001_M047|B17001_E048|B17001_M048|B17001_E049|B17001_M049|B17001_E050|B17001_M050|B17001_E051|B17001_M051|B17001_E052|B17001_M052|B17001_E053|B17001_M053|B17001_E054|B17001_M054|B17001_E055|B17001_M055|B17001_E056|B17001_M056|B17001_E057|B17001_M057|B17001_E058|B17001_M058|B17001_E059|B17001_M059
1400000US25001010100|3638|30|434|289|367|267|90|120|0|14|42|61|0|14|0|14|0|14|10|15|46|74|25|47|50|49|77|70|27|42|0|14|67|50|0|14|0|14|0|14|0|14|0|14|0|14|3|8|46|48|0|14|0|14|0|14|0|14|18|27|3204|296|1920|297|19|25|14|17|20|24|0|14|11|14|8|13|47|56|317|199|278|144|306|145|543|178|160|87|197|100|1284|265|0|14|0|14|14|17|8|14|0|14|12|15|29|53|34|32|132|66|119|86|403|151|367|116|166|90
1400000US25001010206|4340|287|278|140|151|97|0|14|0|14|0|14|0|14|0|14|0|14|5|4|15|25|0|14|63|78|47|50|0|14|21|23|127|82|0|14|0|14|0|14|0|14|0|14|0|14|0|14|0|14|12|20|0|14|51|46|55|61|9|16|4062|309|1978|245|46|45|32|41|255|192|14|20|20|27|8|15|118|89|109|107|345|110|177|116|379|138|255|97|220|101|2084|184|29|40|14|35|225|132|13|22|0|14|26|35|23|35|30|46|337|133|226|116|472|122|374|132|315|114
1400000US25001010208|1675|287|99|112|54|84|0|14|0|14|0|14|0|14|0|14|0|14|1|3|0|14|0|14|1|2|0|14|0|14|52|84|45|71|0|14|0|14|0|14|0|14|0|14|0|14|1|3|0|14|0|14|0|14|0|14|44|71|0|14|1576|311|867|226|0|14|0|14|16|27|16|27|0|14|0|14|27|44|1|3|0|14|174|125|268|220|258|124|107|94|709|157|0|14|0|14|18|31|0|14|0|14|0|14|38|61|0|14|17|29|44|45|115|82|312|147|165|114
1400000US25001010304|2745|314|206|119|64|72|0|14|0|14|0|14|0|14|0|14|0|14|0|14|0|14|0|14|0|14|50|67|0|14|14|23|142|84|0|14|0|14|11|18|11|18|0|14|0|14|21|33|0|14|0|14|0|14|13|20|20|23|66|65|2539|319|998|191|9|16|0|14|34|35|10|17|27|23|8|14|34|37|25|26|34|42|136|73|201|122|185|78|295|125|1541|260|37|39|0|14|45|34|66|55|0|14|81|71|61|93|57|43|22|24|228|103|280|120|266|114|398|142
1400000US25001010306|3027|316|322|199|111|82|0|14|32|44|0|14|0|14|0|14|0|14|0|14|25|33|13|20|0|14|9|16|23|25|9|14|211|135|0|14|0|14|17|23|0|14|0|14|0|14|0|14|23|32|18|23|44|51|13|20|87|97|9|13|2705|372|1282|231|71|66|35|54|25|29|37|45|27|36|9|15|100|64|138|84|102|70|101|79|201|93|249|84|187|102|1423|241|0|14|0|14|19|24|139|115|0|14|34|25|117|141|95|74|64|46|170|83|253|87|443|133|89|76
1400000US25001010400|3302|419|479|286|93|78|23|38|0|14|0|14|0|14|0|14|0|14|0|14|0|14|0|14|4|6|53|61|13|15|0|14|386|255|0|14|0|14|0|14|0|14|0|14|31|48|36|46|44|42|0|14|0|14|127|112|139|153|9|15|2823|366|1213|236|15|23|0|14|36|33|23|29|53|37|19|23|91|76|34|60|128|67|107|56|105|67|370|249|232|92|1610|272|35|40|55|52|60|49|30|38|15|20|30|31|47|57|25|39|202|160|216|95|151|62|366|138|378|116
1400000US25001010500|3007|418|200|146|113|95|37|41|13|21|0|14|0|14|0|14|0|14|0|14|20|26|0|14|15|20|19|26|9|15|0|14|87|74|0|14|0|14|0|14|0|14|0|14|0|14|0|14|4|8|33|37|0|14|35|57|15|24|0|14|2807|401|1495|254|38|38|0|14|76|66|38|44|17|20|54|46|77|73|13|18|99|81|109|50|272|139|422|145|280|119|1312|190|0|14|0|14|12|20|27|40|13|21|12|19|66|57|69|44|66|51|146|72|189|77|426|111|286|138
1400000US25001010600|3215|308|243|132|135|77|0|14|0|14|0|14|0|14|0|14|3|6|16|24|14|22|0|14|0|14|37|33|47|59|18|19|108|73|0|14|0|14|0|14|0|14|0|14|0|14|0|14|0|14|3|6|0|14|56|61|0|14|49|35|2972|320|1290|170|0|14|0|14|23|35|41|45|0|14|62|53|116|81|84|50|52|55|101|47|178|70|410|115|223|88|1682|216|37|52|0|14|17|27|66|47|0|14|60|50|147|138|129|85|48|47|167|87|199|70|417|123|395|125
1400000US25001010700|3251|318|345|199|120|85|0|14|0|14|58|61|0|14|0|14|0|14|16|24|0|14|0|14|0|14|13|21|33|42|0|14|225|135|0|14|0|14|0|14|0|14|0|14|0|14|78|72|15|24|53|54|0|14|70|48|9|18|0|14|2906|325|1485|187|112|101|18|28|11|17|23|23|13|21|10|13|54|70|114|62|120|71|110|63|210|80|340|76|350|110|1421|218|0|14|0|14|13|20|25|22|0|14|0|14|60|59|64|51|29|35|168|84|314|94|365|88|383|153
1400000US25001010800|4808|482|439|258|279|229|0|14|0|14|0|14|0|14|0|14|15|28|22|24|24|25|0|14|35|54|156|212|27|25|0|14|160|114|0|14|0|14|0|14|0|14|0|14|0|14|0|14|0|14|0|14|18|31|22|24|10|17|110|103|4369|481|2077|308|30|51|0|14|56|52|75|64|14|23|98|88|74|76|176|122|157|76|237|148|377|145|462|170|321|112|2292|332|16|24|33|53|112|81|85|77|13|21|32|48|39|49|159|110|213|115|319|125|246|92|592|171|433|140
1400000US25001010900|5364|482|656|628|208|183|6|34|0|19|70|108|8|45|0|19|0|19|0|19|70|109|24|35|16|24|14|22|0|19|0|19|448|462|0|19|0|19|160|239|0|19|0|19|69|102|0|19|89|134|90|119|17|26|12|22|0|19|11|12|4708|764|2528|523|49|87|19|46|77|125|71|80|21|36|24|43|102|153|339|259|142|139|177|115|467|199|649|201|391|152|2180|370|25|48|0|19|127|151|41|49|13|23|81|125|25|40|111|108|136|154|196|118|624|257|546|150|255|102
1400000US25001011002|4250|454|306|122|98|57|0|14|0|14|0|14|0|14|0|14|0|14|15|26|2|5|11|17|27|40|21|23|10|16|12|19|208|114|0|14|0|14|0|14|0|14|0|14|0|14|0|14|22|36|2|5|99|92|18|25|14|18|53|33|3944|478|2177|297|23|29|34|42|242|100|40|45|97|87|142|108|183|113|92|60|104|71|239|106|361|130|426|138|194|79|1767|258|9|15|0|14|0|14|0|14|0|14|14|20|117|82|133|96|202|71|202|119|411|135|401|115|278|88
1400000US25001011100|5282|511|78|50|30|27|0|19|0|19|0|19|0|19|0|19|0|19|2|5|0|19|0|19|4|10|18|27|4|10|2|5|48|44|0|19|0|19|0|19|0|19|0|19|0|19|0|19|0|19|0|19|0|19|18|28|16|26|14|22|5204|520|2447|284|209|91|0|19|48|53|73|68|0|19|31|51|300|157|157|115|225|131|98|64|684|225|480|131|142|75|2757|356|39|56|89|86|104|90|0|19|0|19|13|21|0|19|201|129|328|165|101|67|670|254|824|207|388|140
1400000US25001011200|3732|392|211|86|72|45|0|14|0|14|0|14|0|14|0|14|6|12|5|11|0|14|0|14|10|16|9|16|42|33|0|14|139|70|0|14|0|14|0|14|0|14|0|14|0|14|0|14|0|14|0|14|10|15|74|56|21|24|34|28|3521|391|1688|277|10|15|0|14|61|47|63|65|0|14|0|14|271|182|118|66|104|55|214|88|262|122|300|98|285|116|1833|192|11|19|0|14|12|17|77|70|50|45|82|67|33|48|85|56|152|49|174|77|328|134|338|85|491|136
1400000US25001011300|2619|544|25|22|0|14|0|14|0|14|0|14|0|14|0|14|0|14|0|14|0|14|0|14|0|14|0|14|0|14|0|14|25|22|0|14|0|14|0|14|0|14|0|14|0|14|0|14|0|14|0|14|0|14|0|14|18|20|7|10|2594|544|1214|212|0|14|0|14|99|85|56|77|10|16|0|14|13|20|87|70|160|151|104|67|189|69|300|97|196|69|1380|406|4|6|0|14|58|79|13|20|0|14|0|14|100|91|177|210|80|50|136|79|298|126|263|82|251|110
1400000US25001011400|3497|474|234|105|116|58|13|23|0|14|12|20|17|25|0|14|0|14|0|14|18|27|0|14|17|24|17|23|22|24|0|14|118|62|0|14|0|14|0|14|0|14|0|14|0|14|0|14|0|14|13|21|35|34|13|19|19|21|38|46|3263|459|1532|301|55|80|56|85|33|31|22|26|0|14|11|19|93|85|136|113|158|64|156|75|160|70|338|112|314|134|1731|277|8|13|8|14|21|24|48|34|19|30|0|14|101|111|36|49|218|122|83|58|286|97|422|137|481|180
1400000US25001011500|4032|467|396|254|268|266|17|27|0|14|0|14|0|14|0|14|0|14|0|14|0|14|0|14|0|14|213|278|10|15|28|26|128|83|14|22|0|14|0|14|0|14|0|14|0|14|0|14|39|58|0|14|0|14|16|24|20|21|39|30|3636|445|1854|287|47|43|18|27|63|52|83|58|75|88|10|17|202|108|98|65|234|62|315|110|271|111|306|86|132|51|1782|241|49|47|0|14|24|30|0|14|12|20|11|19|366|172|162|73|223|97|151|74|277|72|298|81|209|69
1400000US25001011600|2677|427|380|183|96|70|0|14|0|14|0|14|0|14|0|14|0|14|0|14|0|14|2|6|35|54|50|44|0|14|9|13|284|177|0|14|0|14|65|69|64|69|0|14|0|14|0|14|21|34|44|39|38|43|2|5|8|14|42|35|2297|444|1210|285|0|14|0|14|22|38|43|67|18|28|10|18|52|64|96|89|100|80|178|131|302|93|253|104|136|80|1087|217|4|9|0|14|36|49|7|14|0|14|0|14|23|40|118|89|71|60|182|108|203|86|253|97|190|97
1400000US25001011700|1910|286|112|65|63|47|0|14|0|14|0|14|0|14|0|14|0|14|0|14|0|14|9|14|34|42|9|14|0|14|11|12|49|43|0|14|0|14|0|14|0|14|0|14|0|14|0|14|0|14|0|14|8|11|0|14|22|37|19|17|1798|274|801|156|0|14|0|14|0|14|0|14|0|14|0|14|36|37|83|71|31|18|87|44|189|102|233|57|142|61|997|156|58|33|0|14|21|38|0|14|0|14|12|19|77|25|3|18|42|22|121|58|204|103|300|81|159|64
1400000US25001011801|2415|356|75|52|12|14|0|14|0|14|0|14|0|14|0|14|0|14|0|14|0|14|0|14|0|14|2|4|0|14|10|14|63|48|0|14|0|14|0|14|0|14|0|14|0|14|0|14|0|14|0|14|0|14|0|14|15|23|48|43|2340|356|1115|222|40|56|7|16|16|32|41|62|0|14|13|22|22|25|48|57|63|29|90|68|154|51|280|83|341|116|1225|192|7|16|0|14|22|34|23|33|0|14|46|65|51|50|0|14|56|27|73|65|232|72|397|118|318|91
1400000US25001011802|4593|471|283|232|152|163|10|17|0|14|58|76|11|20|0|14|0|14|0|14|0|14|0|14|48|70|0|14|2|5|23|37|131|82|0|14|0|14|0|14|0|14|0|14|0|14|0|14|0|14|67|69|0|14|2|4|12|19|50|49|4310|415|1988|200|40|34|9|14|59|50|14|23|11|16|64|41|153|77|256|123|220|77|246|102|323|88|342|75|251|71|2322|311|63|64|45|49|65|43|69|52|30|49|85|70|101|95|177|121|192|85|284|113|475|138|404|86|332|104
1400000US25001012001|6183|695|558|535|215|226|0|19|0|19|0|19|0|19|0|19|16|26|103|126|0|19|1|2|94|109|0|19|1|3|0|19|343|314|0|19|0|19|0|19|0|19|0|19|66|99|34|57|19|30|0|19|90|109|14|21|56|86|64|51|5625|759|2729|447|51|48|0|19|44|41|39|45|22|36|21|33|209|164|331|126|397|228|279|188|322|124|482|176|532|243|2896|452|73|56|17|24|74|76|42|63|40|48|44|58|233|178|292|99|214|79|138|112|516|210|528|201|685|233
1400000US25001012002|2709|415|367|178|130|81|0|14|5|15|51|54|0|14|0|14|0|14|0|14|0|14|19|28|0|14|0|14|14|21|41|33|237|120|5|14|0|14|0|14|0|14|0|14|7|12|11|18|53|51|33|35|0|14|77|74|19|20|32|23|2342|377|1188|261|48|47|0|14|46|41|0|14|42|50|33|33|17|26|241|124|60|59|126|67|275|114|239|87|61|35|1154|181|0|14|2|12|36|56|25|29|14|21|29|32|21|32|63|56|69|46|106|59|393|112|255|72|141|65
1400000US25001012101|5569|616|335|206|64|71|0|19|0|19|0|19|0|19|0|19|0|19|0|19|41|61|23|36|0|19|0|19|0|19|0|19|271|190|24|42|0|19|0|19|0|19|0|19|0|19|45|70|121|147|0|19|30|46|19|29|0|19|32|36|5234|642|2521|433|273|177|117|92|85|121|79|80|0|19|0|19|140|78|373|190|253|183|319|142|342|156|369|119|171|102|2713|389|141|95|101|82|288|140|83|83|0|19|0|19|65|75|420|190|207|126|462|160|408|119|211|96|327|226
1400000US25001012102|3189|504|287|189|124|102|0|14|12|19|12|19|6|9|0|14|0|14|0|14|0|14|14|22|10|28|0|14|70|80|0|14|163|98|0|14|0|14|0|14|0|14|0|14|0|14|3|8|0|14|23|25|0|14|0|14|64|71|73|47|2902|499|1347|297|40|70|0|14|101|70|69|63|6|11|0|14|43|64|258|143|131|95|111|60|195|65|229|78|164|66|1555|302|14|20|25|37|54|53|90|74|8|15|0|14|57|54|106|68|71|49|154|85|151|61|352|96|473|201
1400000US25001012200|5270|991|2|8|2|8|0|19|0|19|0|19|0|19|0|19|0|19|0|19|0|19|0|19|1|4|1|5|0|19|0|19|0|19|0|19|0|19|0|19|0|19|0|19|0|19|0|19|0|19|0|19|0|19|0|19|0|19|0|19|5268|992|2672|653|233|187|64|105|301|269|19|30|38|44|43|42|180|102|243|128|337|238|204|64|352|100|439|134|219|74|2596|420|91|107|0|19|19|24|188|105|0|19|68|49|28|43|350|189|407|265|238|78|577|169|487|120|143|58
1400000US25001012502|3486|604|386|340|201|233|0|14|0|14|0|14|49|97|0|14|0|14|32|51|11|17|21|33|25|39|51|63|12|18|0|14|185|134|0|14|0|14|0|14|0|14|0|14|0|14|0|14|24|28|0|14|0|14|125|120|19|28|17|19|3100|572|1397|257|56|52|15|24|55|51|39|53|19|30|27|34|45|38|113|67|358|152|139|92|119|58|148|70|264|76|1703|397|0|14|0|14|58|61|25|33|24|37|142|53|197|160|225|170|159|101|213|133|263|111|193|71|204|66
1400000US25001012601|3043|681|341|238|244|212|97|115|0|14|32|45|16|22|0|14|0|14|24|40|30|35|0|14|14|20|16|27|0|14|15|24|97|70|12|20|0|14|0|14|9|14|0|14|0|14|0|14|27|33|0|14|7|13|13|20|16|21|13|20|2702|649|1150|299|81|106|35|46|80|65|27|36|8|13|0|14|139|130|113|86|114|85|122|86|136|79|221|98|74|49|1552|402|0|14|0|14|123|163|21|27|18|29|0|14|96|76|106|71|229|133|171|93|371|153|285|99|132|79
1400000US25001012602|5112|996|571|369|252|227|178|216|0|19|0|19|0|19|0|19|0|19|2|5|0|19|2|8|0|19|40|49|30|39|0|19|319|209|29|49|0|19|0|19|31|38|32|55|0|19|3|6|74|106|78|99|0|19|8|25|46|46|18|30|4541|874|2158|468|15|30|102|157|28|44|87|99|0|19|178|129|359|278|295|195|193|179|328|144|142|117|256|144|175|91|2383|571|0|19|0|19|275|317|0|19|0|19|109|105|374|258|216|195|295|179|376|131|434|249|223|96|81|57
1400000US25001012700|5040|745|129|96|38|28|0|19|0|19|0|19|0|19|0|19|0|19|0|19|0|19|2|5|1|4|20|28|0|19|15|27|91|85|0|19|0|19|0|19|0|19|0|19|0|19|46|68|43|55|0|19|0|19|0|19|2|6|0|19|4911|710|2441|428|66|63|41|53|152|104|24|45|0|19|0|19|177|110|409|270|237|107|102|73|578|140|335|153|320|132|2470|389|190|139|38|59|125|80|15|32|0|19|21|36|242|183|250|136|148|87|376|157|409|114|469|158|187|88
1400000US25001012800|4064|710|275|241|100|89|0|14|0|14|72|86|0|14|0|14|0|14|0|14|1|2|0|14|1|2|16|18|10|15|0|14|175|159|9|14|0|14|35|54|0|14|0|14|0|14|0|14|62|89|43|63|0|14|0|14|0|14|26|24|3789|706|1876|419|32|28|15|29|158|121|152|134|23|23|15|16|152|75|119|79|199|75|170|69|386|168|274|96|181|54|1913|338|59|37|0|14|179|155|55|44|24|21|44|31|93|63|160|86|281|159|213|76|311|117|294|87|200|61
1400000US25001012900|4571|595|315|224|88|74|36|64|0|14|8|12|0|14|0|14|0|14|23|35|3|5|6|11|5|9|7|12|0|14|0|14|227|172|48|77|0|14|9|14|26|39|0|14|0|14|27|43|29|46|26|27|24|38|22|34|0|14|16|18|4256|565|2089|309|88|58|0|14|68|47|25|29|26|28|43|35|98|70|146|68|333|130|194|79|338|92|365|127|365|271|2167|340|134|76|6|10|110|62|24|30|0|14|40|52|244|125|230|97|206|82|260|66|273|64|359|98|281|186
1400000US25001013002|2970|474|158|118|76|64|0|14|0|14|0|14|10|18|0|14|0|14|0|14|0|14|0|14|10|18|21|30|0|14|35|41|82|80|0|14|0|14|0|14|0|14|0|14|0|14|0|14|0|14|0|14|5|7|0|14|0|14|77|78|2812|482|1305|293|32|31|0|14|73|59|10|16|8|12|66|56|18|20|51|42|93|51|109|53|265|133|302|90|278|152|1507|281|25|44|6|10|123|82|68|53|0|14|0|14|136|89|55|72|188|82|94|49|197|75|379|107|236|75
1400000US25001013100|5951|711|202|116|75|72|0|19|0|19|0|19|0|19|0|19|0|19|0|19|51|58|0|19|13|20|0|19|11|15|0|19|127|93|0|19|0|19|0|19|0|19|0|19|0|19|39|68|0|19|0|19|21|35|8|14|44|44|15|20|5749|694|2794|406|113|109|67|86|205|101|18|29|16|30|51|56|280|154|347|214|308|124|378|182|436|118|380|191|195|83|2955|438|132|127|0|19|151|114|75|87|65|82|134|94|126|136|215|162|303|98|449|180|641|234|423|112|241|123
1400000US25001013200|5288|815|260|175|206|152|0|19|0|19|0|19|0|19|0|19|19|33|57|67|15|22|58|87|13|28|19|30|25|35|0|19|54|48|0|19|0|19|0|19|0|19|0|19|0|19|0|19|3|8|0|19|0|19|25|36|26|32|0|19|5028|742|2411|402|0|19|0|19|63|57|0|19|28|40|50|65|257|142|255|117|349|276|198|124|600|245|340|130|271|98|2617|423|42|50|55|62|61|58|68|64|18|31|0|19|93|85|252|120|330|274|260|114|604|257|530|144|304|142
1400000US25001013300|3039|363|195|110|97|79|11|17|0|14|0|14|0|14|0|14|0|14|0|14|14|21|44|51|0|14|28|33|0|14|0|14|98|65|0|14|0|14|0|14|9|16|0|14|9|18|13|22|0|14|0|14|16|20|15|17|0|14|36|32|2844|353|1359|233|0|14|0|14|84|32|53|45|24|33|97|92|59|46|102|57|45|55|145|99|212|67|379|139|159|46|1485|214|67|52|0|14|20|22|43|42|0|14|67|67|35|51|84|55|107|45|134|56|301|111|326|103|301|84
1400000US25001013400|3910|557|442|363|201|171|0|14|0|14|0|14|0|14|0|14|0|14|0|14|0|14|0|14|68|103|32|38|101|133|0|14|241|222|0|14|0|14|0|14|0|14|0|14|0|14|0|14|0|14|9|13|8|13|30|34|128|176|66|78|3468|432|1722|253|71|45|0|14|88|64|80|45|17|31|33|37|150|109|151|75|128|74|259|71|243|105|283|97|219|80|1746|264|57|61|0|14|80|74|69|92|58|46|0|14|175|109|62|46|126|48|286|76|193|65|441|104|199|79
1400000US25001013500|7142|679|406|342|259|244|0|19|0|19|0|19|0|19|0|19|55|66|78|90|0|19|92|90|7|9|2|5|25|40|0|19|147|114|0|19|0|19|21|35|0|19|0|19|0|19|0|19|0|19|84|83|0|19|0|19|42|46|0|19|6736|733|3375|477|87|62|25|32|264|103|63|58|64|60|34|39|208|166|468|236|391|136|465|155|549|164|629|273|128|71|3361|451|107|91|116|69|100|83|248|115|0|19|33|52|287|165|267|136|275|106|495|129|616|160|645|268|172|80
1400000US25001013600|6105|531|254|173|52|39|0|19|0|19|0|19|0|19|0|19|0|19|0|19|5|12|0|19|10|15|16|25|4|12|17|27|202|161|0|19|0|19|0|19|0|19|0|19|0|19|88|135|73|87|0|19|0|19|0|19|13|21|28|34|5851|481|2771|306|228|140|92|86|263|155|109|73|28|33|77|78|104|96|144|84|380|110|468|194|454|169|305|120|119|48|3080|375|246|138|0|19|307|175|41|48|13|22|105|62|119|121|315|126|373|128|316|125|739|242|240|104|266|116
1400000US25001013700|3966|429|348|134|144|90|0|14|13|20|0|14|13|20|0|14|6|10|0|14|51|65|0|14|11|17|22|25|0|14|28|44|204|94|0|14|0|14|0|14|0|14|19|29|6|11|22|38|0|14|42|37|7|12|41|32|47|44|20|21|3618|397|1848|231|27|33|32|35|41|31|46|37|37|31|20|25|257|131|141|62|130|54|271|84|207|76|335|108|304|113|1770|251|81|55|23|31|65|38|43|31|9|13|56|50|137|113|90|60|123|56|281|88|326|94|353|126|183|86
1400000US25001013800|5348|518|108|93|53|53|0|19|0|19|0|19|0|19|0|19|0|19|0|19|21|35|0|19|19|31|0|19|13|20|0|19|55|52|0|19|0|19|0|19|0|19|21|34|0|19|0|19|0|19|0|19|14|22|0|19|0|19|20|32|5240|543|2240|300|0|19|0|19|107|71|67|54|42|49|100|61|190|111|299|133|113|77|319|109|447|151|405|201|151|82|3000|346|126|90|54|56|185|111|48|56|19|29|105|82|175|90|457|161|225|96|432|131|477|170|432|189|265|142
1400000US25001013900|5055|571|374|178|143|124|0|19|0|19|0|19|0|19|0|19|0|19|0|19|0|19|0|19|41|64|0|19|102|109|0|19|231|150|0|19|0|19|0|19|0|19|0|19|0|19|0|19|55|76|21|35|0|19|46|53|87|72|22|35|4681|631|2153|402|78|108|39|63|154|94|37|61|55|57|52|73|207|183|267|190|42|70|220|161|331|160|410|156|261|101|2528|464|82|127|0|19|194|205|0|19|0|19|59|63|122|136|205|143|167|108|570|212|314|152|545|151|270|134
1400000US25001014002|4574|583|301|135|91|74|0|14|0|14|0|14|56|37|0|14|0|14|0|14|0|14|0|14|35|70|0|14|0|14|0|14|210|141|29|17|0|14|0|14|0|14|0|14|0|14|0|14|28|21|11|19|24|69|98|104|0|14|20|18|4273|621|2244|394|0|14|32|50|102|82|61|78|0|14|35|48|176|113|143|79|283|96|261|152|356|160|494|196|301|95|2029|334|105|118|0|14|101|86|70|75|11|16|54|80|84|66|168|121|162|68|153|94|410|124|417|167|294|109
1400000US25001014100|742|246|6|8|0|14|0|14|0|14|0|14|0|14|0|14|0|14|0|14|0|14|0|14|0|14|0|14|0|14|0|14|6|8|0|14|0|14|0|14|0|14|0|14|0|14|0|14|0|14|0|14|0|14|6|8|0|14|0|14|736|247|361|147|94|71|12|13|25|23|10|13|0|14|3|4|37|38|149|80|25|18|4|8|2|5|0|14|0|14|375|114|25|18|5|7|16|12|32|34|4|7|0|14|74|50|109|42|89|87|8|8|13|14|0|14|0|14
1400000US25001014300|3669|702|159|99|15|21|0|14|0|14|0|14|0|14|0|14|0|14|0|14|0|14|6|11|7|12|2|10|0|14|0|14|144|99|0|14|0|14|0|14|0|14|0|14|0|14|0|14|0|14|1|8|0|14|42|39|17|27|84|80|3510|708|1703|327|116|129|44|68|64|35|15|20|31|32|0|14|127|114|190|154|126|87|115|55|265|76|260|87|350|138|1807|452|108|115|105|150|84|68|36|31|0|14|36|33|83|74|97|128|153|87|129|67|306|101|317|105|353|151
1400000US25001014402|7368|791|542|265|291|180|0|19|0|19|21|34|0|19|0|19|18|29|0|19|0|19|0|19|0|19|200|161|52|80|0|19|251|146|28|47|0|19|0|19|0|19|0|19|0|19|0|19|64|85|13|20|0|19|82|84|64|72|0|19|6826|767|3457|338|108|107|17|27|161|95|166|95|101|81|99|71|255|137|199|119|440|158|354|123|619|166|660|135|278|109|3369|537|287|231|20|42|175|120|86|83|0|19|92|61|47|74|439|195|261|132|583|272|623|200|502|123|254|84
1400000US25001014500|5954|594|292|245|117|134|0|19|0|19|0|19|17|56|0|19|0|19|0|19|0|19|0|19|47|67|41|64|12|41|0|19|175|155|0|19|0|19|15|51|0|19|0|19|0|19|0|19|1|3|1|3|25|38|90|119|10|32|33|36|5662|625|3011|389|115|99|28|52|150|114|55|61|26|43|32|43|285|190|226|142|408|154|263|116|645|169|418|128|360|149|2651|380|90|106|19|38|8|14|74|63|40|42|57|56|159|115|355|156|311|114|211|90|528|99|453|133|346|170
1400000US25001014600|4361|566|342|112|101|72|0|14|0|14|0|14|0|14|0|14|0|14|0|14|21|20|0|14|29|49|6|11|39|46|6|10|241|106|0|14|0|14|0|14|0|14|0|14|0|14|41|49|14|24|0|14|1|2|77|50|56|51|52|62|4019|545|1963|294|8|15|0|14|33|32|104|62|0|14|69|75|152|76|156|97|141|91|133|72|499|180|396|126|272|110|2056|310|19|22|6|11|29|29|43|43|11|17|98|68|232|153|94|56|153|84|258|96|541|207|342|103|230|93
1400000US25001014700|4077|620|339|172|172|136|6|10|0|14|27|34|18|23|23|35|0|14|16|29|21|27|0|14|10|15|35|35|0|14|16|24|167|90|0|14|0|14|11|17|0|14|0|14|0|14|20|26|0|14|6|12|21|28|84|70|9|15|16|19|3738|634|1776|398|112|98|0|14|56|46|26|24|35|38|33|32|325|268|205|126|112|59|121|62|270|108|254|76|227|71|1962|358|79|76|0|14|91|53|49|52|0|14|28|41|118|102|227|113|99|39|125|72|386|131|431|193|329|87
1400000US25001014800|3608|442|1003|374|427|247|30|52|27|42|41|66|27|41|0|14|0|14|0|14|103|106|30|48|10|14|109|97|42|44|8|13|576|208|46|49|0|14|30|47|0|14|0|14|0|14|29|41|104|96|57|62|11|17|75|73|125|97|99|75|2605|404|1235|229|0|14|23|30|74|60|50|68|0|14|17|28|66|59|109|56|55|42|46|42|155|86|425|153|215|110|1370|213|28|34|0|14|49|47|5|10|0|14|19|32|67|55|87|57|122|68|100|65|231|73|401|96|261|109
1400000US25001014900|3459|398|239|105|71|59|17|30|0|14|0|14|0|14|0|14|0|14|0|14|7|15|0|14|38|37|0|14|0|14|9|15|168|69|0|14|0|14|0|14|0|14|0|14|0|14|0|14|27|44|0|14|32|34|19|22|19|20|71|39|3220|374|1499|222|27|28|0|14|40|32|0|14|20|36|10|15|137|109|142|75|89|43|79|51|265|80|394|133|296|77|1721|252|23|24|0|14|95|64|20|26|0|14|68|66|18|23|235|129|70|36|115|54|263|87|410|148|404|100
1400000US25001015001|4587|412|206|101|74|57|1|2|0|14|0|14|0|14|0|14|0|14|1|4|0|14|10|18|1|9|30|47|13|19|18|22|132|75|0|14|0|14|4|7|3|7|0|14|2|4|1|3|38|45|2|4|0|14|28|26|9|14|45|45|4381|414|2050|278|109|86|39|42|70|43|52|49|19|19|94|70|123|87|436|195|137|73|173|74|354|112|269|114|175|69|2331|264|136|60|13|21|143|96|40|39|0|14|60|51|268|120|318|114|188|77|303|105|334|129|225|69|303|98
1400000US25001015002|3924|454|247|164|87|66|9|16|0|14|0|14|30|36|0|14|21|30|0|14|9|15|7|12|5|8|0|14|0|14|6|10|160|114|28|36|0|14|0|14|0|14|0|14|0|14|0|14|14|26|58|59|5|7|26|41|13|16|16|19|3677|528|1900|368|141|110|0|14|78|60|28|32|0|14|110|108|92|114|175|145|200|113|133|90|367|162|272|74|304|67|1777|226|18|32|0|14|75|67|28|33|79|90|0|14|17|29|188|96|103|84|116|103|308|138|494|109|351|68
1400000US25001015100|4039|369|258|211|138|136|0|14|0|14|0|14|0|14|35|54|0|14|11|22|0|14|83|93|2|6|0|14|0|14|7|11|120|90|0|14|0|14|50|76|0|14|0|14|0|14|0|14|0|14|0|14|29|45|30|29|11|17|0|14|3781|399|1758|230|45|41|26|32|69|70|58|48|28|31|21|36|93|84|153|126|201|73|158|97|405|102|299|85|202|79|2023|285|38|49|0|14|139|104|41|63|0|14|15|24|144|168|149|95|164|71|249|102|389|92|422|109|273|95
1400000US25001015200|2557|346|46|52|32|49|0|14|0|14|0|14|0|14|0|14|0|14|0|14|32|49|0|14|0|14|0|14|0|14|0|14|14|17|0|14|0|14|0|14|0|14|0|14|5|9|0|14|0|14|0|14|0|14|0|14|9|15|0|14|2511|346|1167|186|0|14|15|16|52|60|7|12|0|14|10|13|33|31|102|79|64|39|104|67|261|70|340|88|179|67|1344|246|45|50|0|14|12|19|13|19|5|9|6|9|149|173|40|23|80|84|140|79|312|77|347|89|195|66
1400000US25001015300|4175|594|815|352|380|194|0|14|0|14|112|108|0|14|0|14|0|14|0|14|104|142|0|14|12|20|36|41|100|95|16|25|435|345|0|14|0|14|60|81|60|81|0|14|0|14|0|14|25|37|94|97|20|31|37|102|70|73|69|64|3360|644|1576|460|235|163|0|14|50|46|0|14|0|14|15|23|38|42|141|99|391|249|341|185|210|125|69|46|86|72|1784|321|161|109|51|84|125|93|40|60|0|14|0|14|55|72|163|116|334|179|258|137|237|110|229|102|131|72
1400000US25001990000|0|14|0|14|0|14|0|14|0|14|0|14|0|14|0|14|0|14|0|14|0|14|0|14|0|14|0|14|0|14|0|14|0|14|0|14|0|14|0|14|0|14|0|14|0|14|0|14|0|14|0|14|0|14|0|14|0|14|0|14|0|14|0|14|0|14|0|14|0|14|0|14|0|14|0|14|0|14|0|14|0|14|0|14|0|14|0|14|0|14|0|14|0|14|0|14|0|14|0|14|0|14|0|14|0|14|0|14|0|14|0|14|0|14|0|14|0|14
1400000US25003900100|3286|547|599|244|429|233|0|14|0|14|0|14|0|14|0|14|7|12|18|30|59|61|124|113|139|170|45|38|24|25|13|21|170|87|0|14|0|14|0|14|0|14|0|14|0|14|0|14|0|14|13|25|14|17|30|36|34|38|79|84|2687|528|1431|370|184|170|0|14|153|192|15|22|0|14|7|15|48|59|440|199|131|124|108|101|166|109|122|71|57|45|1256|316|46|62|0|14|52|67|31|47|0|14|6|10|136|103|201|113|372|151|50|57|146|80|129|58|87|66
1400000US25003900200|4262|723|875|512|504|302|21|36|11|46|78|90|111|133|0|14|0|14|8|34|188|158|26|45|19|41|31|37|11|18|0|14|371|247|21|36|0|14|35|56|31|46|40|48|0|14|0|14|103|93|68|83|25|40|41|47|7|12|0|14|3387|534|1670|332|26|53|0|14|182|104|17|27|0|14|110|103|100|89|393|186|230|137|91|70|235|115|214|126|72|97|1717|313|20|47|0|14|74|70|87|57|0|14|11|21|154|96|580|259|94|84|205|125|233|96|151|59|108|118
1400000US25003900300|2666|420|124|86|79|50|0|14|0|14|0|14|0|14|0|14|0|14|0|14|3|7|0|14|1|2|51|41|11|18|13|21|45|45|0|14|0|14|0|14|0|14|0|14|0|14|0|14|0|14|0|14|0|14|24|38|0|14|21|26|2542|419|1252|240|142|128|0|14|46|46|65|56|67|57|0|14|172|111|158|102|213|123|35|31|194|56|124|49|36|29|1290|258|68|52|46|59|67|39|48|59|0|14|15|22|141|103|243|112|169|113|152|85|134|58|160|51|47|38
1400000US25003900400|4757|638|472|241|218|117|39|59|0|14|0|14|78|92|0|14|0|14|0|14|16|28|0|14|0|14|71|85|14|23|0|14|254|164|25|41|0|14|61|68|0|14|0|14|0|14|0|14|42|61|0|14|79|74|47|58|0|14|0|14|4285|656|2207|410|142|151|0|14|35|54|69|76|0|14|7|11|227|164|194|153|264|147|454|278|387|161|259|129|169|79|2078|352|27|45|0|14|58|76|16|28|90|63|0|14|133|101|233|188|368|157|305|176|225|105|482|188|141|80
1400000US25003900500|2928|423|193|159|89|75|0|14|0|14|0|14|0|14|7|12|8|12|0|14|18|27|8|13|4|11|28|44|16|24|0|14|104|104|0|14|0|14|0|14|0|14|0|14|0|14|0|14|18|28|66|102|6|12|10|14|0|14|4|10|2735|386|1382|233|16|22|22|27|37|32|16|18|0|14|14|20|127|94|192|104|124|51|121|57|230|97|272|162|211|60|1353|196|42|44|26|30|0|14|9|16|19|28|10|14|76|72|128|88|82|43|209|82|378|150|162|65|212|55
1400000US25003900600|3528|513|1341|543|720|346|79|95|0|14|65|85|78|80|52|70|47|58|55|62|85|54|100|97|74|70|34|42|45|44|6|10|621|250|90|93|0|14|97|114|0|14|0|14|0|14|71|59|92|88|70|68|41|42|57|42|71|52|32|55|2187|422|1075|261|44|54|0|14|77|72|0|14|22|34|87|72|46|45|171|102|81|67|159|85|135|70|123|66|130|84|1112|276|20|34|69|77|82|83|0|14|16|28|0|14|79|76|184|102|190|96|75|49|225|92|112|56|60|34
1400000US25003900700|2778|397|171|58|106|40|0|14|0|14|0|14|0|14|0|14|23|30|0|14|10|26|18|55|36|52|0|14|0|14|19|21|65|53|0|14|0|14|0|14|0|14|0|14|0|14|11|17|10|17|0|14|0|14|10|15|26|25|8|14|2607|388|1198|217|0|14|0|14|73|77|38|30|0|14|35|33|78|54|31|33|264|140|191|65|264|77|194|120|30|27|1409|258|56|85|8|13|90|75|105|66|22|25|8|13|128|74|245|134|94|55|223|62|144|63|180|64|106|41
1400000US25003900800|5103|486|196|126|97|92|0|19|0|19|0|19|0|19|0|19|0|19|10|17|0|19|0|19|0|19|18|28|56|86|13|22|99|86|0|19|0|19|0|19|0|19|0|19|0|19|0|19|0|19|0|19|0|19|98|85|0|19|1|3|4907|521|2288|363|190|138|0|19|80|52|109|53|12|18|0|19|94|77|256|146|358|201|259|135|462|144|294|89|174|157|2619|313|248|91|35|38|105|97|41|37|63|66|61|57|155|123|223|104|333|183|333|129|439|134|335|100|248|89
1400000US25003900900|5264|612|1099|642|572|325|117|154|0|19|195|229|0|19|0|19|0|19|0|19|3|11|238|206|0|19|19|31|0|19|0|19|527|354|104|142|0|19|33|47|0|19|0|19|0|19|0|19|189|166|108|128|20|21|23|37|0|19|50|54|4165|567|2182|358|159|105|12|20|162|117|43|55|22|34|67|50|157|126|281|188|195|123|457|144|209|150|281|99|137|77|1983|322|68|70|0|19|151|72|110|104|0|19|74|77|69|62|174|151|325|142|216|104|448|227|219|103|129|75
1400000US25003901100|3466|334|374|135|164|104|0|14|0|14|0|14|0|14|0|14|0|14|33|45|15|25|47|58|17|25|8|13|31|29|13|20|210|99|16|25|0|14|0|14|0|14|0|14|0|14|15|22|45|40|0|14|36|43|50|42|33|38|15|24|3092|384|1434|233|62|53|50|39|38|35|27|43|30|42|35|41|44|40|203|108|138|75|234|102|222|98|198|71|153|63|1658|232|35|33|0|14|69|49|25|26|0|14|33|38|152|72|145|88|190|88|210|62|250|116|228|70|321|126
1400000US25003911100|3033|16|174|113|87|59|13|19|0|14|0|14|0|14|0|14|11|19|0|14|11|11|12|19|14|23|7|10|0|14|19|22|87|65|0|14|0|14|11|19|0|14|23|30|0|14|0|14|14|21|12|18|17|20|0|14|0|14|10|15|2859|115|1359|140|0|14|54|54|32|27|37|35|0|14|71|58|122|83|75|60|128|48|185|90|302|124|188|85|165|104|1500|150|34|30|18|24|155|77|74|58|0|14|49|46|58|66|66|42|205|86|186|74|347|109|211|85|97|53
1400000US25003912100|6223|55|329|170|120|81|0|19|0|19|49|58|0|19|0|19|0|19|1|2|15|26|0|19|27|32|5|12|23|36|0|19|209|121|0|19|0|19|28|32|25|31|0|19|0|19|0|19|1|2|27|32|16|27|51|56|0|19|61|54|5894|179|2848|236|181|137|25|32|278|108|7|15|87|73|17|23|177|105|292|172|288|123|394|168|585|167|308|108|209|95|3046|238|110|77|108|110|178|78|126|87|5|11|39|47|94|71|337|141|288|103|362|129|493|130|526|197|380|134
1400000US25003913100|4788|36|434|210|177|138|0|19|0|19|0|19|0|19|0|19|0|19|0|19|0|19|0|19|5|18|46|47|126|119|0|19|257|202|23|41|0|19|0|19|0|19|0|19|25|41|57|77|26|52|0|19|30|43|57|64|6|17|33|37|4354|216|1987|282|12|33|0|19|138|79|52|60|81|90|91|72|152|156|43|55|325|271|236|120|190|95|415|159|252|106|2367|277|85|76|0|19|62|73|28|49|29|47|0|19|213|150|50|68|199|137|374|112|460|171|466|214|401|140
1400000US25003914100|5590|16|375|232|124|92|0|19|0|19|21|33|0|19|0|19|0|19|0|19|7|12|49|50|12|19|35|36|0|19|0|19|251|174|0|19|0|19|0|19|23|36|22|34|22|34|32|60|23|35|0|19|0|19|12|19|0|19|117|84|5215|235|2441|260|45|65|0|19|152|112|162|212|54|45|41|56|59|59|216|132|302|174|276|124|358|149|383|150|393|130|2774|299|46|50|9|13|115|110|30|34|6|13|94|67|85|76|202|148|309|121|419|167|416|178|327|154|716|212
1400000US25003920101|3369|282|294|143|84|56|0|14|0|14|11|16|5|8|0|14|0|14|4|8|20|32|23|26|0|14|21|22|0|14|0|14|210|142|0|14|0|14|5|9|0|14|0|14|0|14|105|142|25|29|3|9|0|14|0|14|33|41|39|41|3075|315|1375|199|63|33|0|14|42|43|99|71|0|14|49|52|79|58|155|69|132|63|203|111|178|73|197|64|178|77|1700|257|111|91|0|14|169|129|50|59|19|23|14|21|50|54|205|81|249|83|194|69|216|72|260|72|163|73
1400000US25003920102|1850|291|287|132|122|124|0|14|0|14|0|14|0|14|0|14|0|14|80|116|0|14|0|14|14|23|9|13|19|22|0|14|165|115|28|35|0|14|26|32|0|14|0|14|8|11|13|20|0|14|26|32|8|13|0|14|56|49|0|14|1563|294|695|168|7|14|2|10|12|18|16|18|11|18|102|118|38|50|22|18|45|33|16|18|211|60|89|36|124|77|868|162|14|22|10|16|52|35|22|24|10|15|15|19|0|14|24|21|41|33|73|38|171|61|310|110|126|70
1400000US25003921300|4221|555|815|287|388|180|0|14|0|14|54|71|0|14|0|14|0|14|23|39|112|112|34|50|42|58|84|61|39|55|0|14|427|219|54|47|0|14|0|14|0|14|0|14|0|14|78|95|87|86|3|9|7|11|129|154|52|56|17|28|3406|693|1964|521|80|108|0|14|296|158|126|71|105|107|59|63|261|161|211|175|217|133|99|80|215|103|232|120|63|46|1442|240|0|14|0|14|123|74|52|63|0|14|14|28|32|46|215|133|363|155|82|56|176|86|226|113|159|101
1400000US25003921400|1397|283|122|59|64|47|0|14|7|11|0|14|10|11|0|14|0|14|0|14|0|14|6|9|0|14|33|44|8|12|0|14|58|32|0|14|0|14|0|14|0|14|0|14|0|14|0|14|13|17|19|17|20|21|0|14|0|14|6|9|1275|297|733|186|11|15|0|14|52|56|12|16|0|14|0|14|64|48|118|76|97|68|104|53|126|72|85|34|64|35|542|132|0|14|0|14|7|11|10|17|0|14|10|14|24|29|55|50|78|56|97|58|108|69|34|20|119|47
1400000US25003921500|2697|327|531|237|173|144|0|14|0|14|0|14|59|70|0|14|0|14|59|59|0|14|0|14|0|14|47|58|8|12|0|14|358|138|18|31|17|29|0|14|46|55|0|14|5|10|26|31|61|61|53|65|51|37|19|27|51|38|11|18|2166|360|1055|203|0|14|0|14|21|26|38|44|22|27|17|28|84|58|38|42|181|80|107|98|310|128|170|72|67|36|1111|231|41|60|0|14|67|44|43|56|0|14|63|52|66|54|0|14|147|90|191|104|197|71|173|77|123|56
1400000US25003922100|2625|311|569|233|229|126|50|74|0|14|61|55|0|14|12|21|0|14|0|14|16|26|40|50|10|16|10|15|19|20|11|17|340|157|0|14|0|14|10|16|62|80|0|14|0|14|29|33|73|86|48|48|0|14|30|34|1|3|87|78|2056|279|1041|184|27|32|0|14|77|70|24|29|0|14|0|14|164|101|146|86|72|54|66|55|152|78|248|96|65|34|1015|171|41|38|0|14|58|57|0|14|17|28|26|29|67|71|152|85|134|71|71|53|111|62|200|74|138|55
1400000US25003922200|3635|307|444|181|211|118|0|14|0|14|28|40|0|14|0|14|0|14|2|4|45|47|46|68|50|48|15|22|11|13|14|14|233|102|0|14|0|14|0|14|0|14|0|14|0|14|32|36|48|55|3|6|63|56|15|24|39|27|33|23|3191|358|1558|232|132|82|9|13|40|38|26|42|0|14|8|14|72|61|196|95|169|93|228|109|340|130|202|93|136|74|1633|269|98|95|5|11|59|38|27|30|14|22|9|14|94|71|227|106|123|51|200|77|292|88|300|119|185|89
1400000US25003922300|1765|253|166|84|64|34|0|14|0|14|0|14|5|8|0|14|0|14|0|14|15|22|12|18|0|14|13|13|6|9|13|13|102|57|0|14|0|14|17|19|0|14|0|14|0|14|2|5|23|24|5|9|2|6|22|26|12|13|19|23|1599|244|702|145|21|24|0|14|7|10|61|55|0|14|29|30|23|36|57|38|62|34|85|41|158|54|80|33|119|73|897|165|43|34|0|14|27|24|12|20|20|25|22|32|98|68|83|38|86|41|121|54|108|41|122|36|155|72
1400000US25003923100|3234|15|307|152|174|101|0|14|0|14|9|14|9|15|0|14|22|33|8|14|0|14|16|24|44|40|23|22|12|18|31|28|133|71|0|14|0|14|0|14|0|14|0|14|33|37|0|14|0|14|1|4|27|29|50|42|9|13|13|18|2927|152|1474|170|104|64|0|14|72|56|33|31|21|15|5|8|89|65|171|100|174|65|147|68|279|99|249|76|130|54|1453|151|41|36|5|14|138|63|4|14|18|25|38|29|65|45|195|85|118|39|149|62|273|89|311|149|98|49
1400000US25003924100|1851|303|214|103|130|84|0|14|0|14|0|14|0|14|0|14|0|14|0|14|0|14|70|85|6|10|9|13|14|22|31|116|84|48|4|8|0|14|0|14|0|14|0|14|0|14|0|14|18|23|5|9|0|14|35|32|15|24|7|11|1637|317|842|183|35|37|0|14|4|8|6|10|34|47|0|14|60|61|69|52|5|9|41|44|165|79|277|116|146|65|795|175|0|14|4|9|0|14|31|39|0|14|0|14|59|94|36|41|5|8|62|53|167|79|252|79|179|69
1400000US25003925101|1580|294|47|44|32|35|0|14|0|14|0|14|0|14|0|14|0|14|0|14|4|6|2|5|0|14|2|5|24|35|0|14|15|27|0|14|0|14|0|14|0|14|0|14|0|14|0|14|0|14|0|14|0|14|0|14|0|14|15|27|1533|304|744|183|74|79|0|14|19|27|22|22|0|14|0|14|25|41|33|48|199|86|68|67|206|113|40|44|58|49|789|194|6|10|0|14|32|46|65|74|52|55|12|15|54|77|48|51|140|76|120|71|137|107|71|51|52|58
1400000US25003925102|4768|300|212|124|110|109|0|19|0|19|0|19|0|19|0|19|0|19|0|19|59|86|0|19|23|36|28|53|0|19|0|19|102|69|0|19|0|19|0|19|0|19|0|19|0|19|0|19|0|19|0|19|15|26|13|21|19|32|55|47|4556|328|2083|302|55|68|28|36|69|61|132|101|18|29|26|28|127|118|238|183|319|165|341|146|287|128|308|113|135|77|2473|267|120|153|35|56|140|101|20|33|36|46|0|19|150|110|212|129|226|139|300|112|460|153|482|161|292|118
1400000US25003926100|3328|16|281|143|63|41|15|24|0|14|0|14|0|14|0|14|0|14|2|6|2|6|17|19|14|22|13|20|0|14|0|14|218|130|0|14|17|20|16|19|0|14|0|14|0|14|78|99|54|62|17|19|0|14|12|19|24|27|0|14|3047|141|1609|142|20|24|0|14|48|41|54|45|0|14|14|22|157|100|92|60|305|139|124|85|451|132|203|66|141|83|1438|141|10|19|0|14|87|73|75|53|0|14|17|28|77|58|114|89|193|106|144|70|270|99|277|116|174|93
1400000US25003931100|1723|217|43|26|21|19|0|14|0|14|0|14|3|4|0|14|0|14|2|4|1|3|5|6|0|14|4|5|3|4|3|4|22|13|0|14|0|14|0|14|0|14|0|14|0|14|5|7|0|14|0|14|0|14|4|5|13|8|0|14|1680|223|894|142|13|10|14|19|60|31|63|54|10|8|15|11|112|44|51|29|94|29|104|35|143|42|140|32|75|30|786|103|25|15|0|14|26|22|19|15|0|14|35|14|70|41|62|27|73|25|111|33|151|36|147|33|67|26
1400000US25003931300|1488|169|146|111|72|61|0|14|0|14|3|4|38|58|0|14|0|14|0|14|3|4|0|14|4|5|13|7|7|6|4|4|74|52|0|14|0|14|0|14|12|20|0|14|3|4|0|14|7|11|21|28|5|5|11|6|6|5|9|7|1342|129|701|73|9|6|4|5|18|10|20|17|3|3|24|12|43|21|30|17|102|28|131|34|99|26|152|38|66|27|641|76|19|14|0|14|30|15|14|12|13|9|14|13|26|14|63|24|75|28|104|28|114|28|115|30|54|24
1400000US25003931400|1650|182|76|25|33|18|0|14|0|14|0|14|0|14|0|14|0|14|0|14|4|5|0|14|12|15|6|6|8|8|3|4|43|16|0|14|0|14|3|4|0|14|0|14|0|14|0|14|12|10|9|8|0|14|11|8|5|5|3|3|1574|181|819|124|63|56|3|5|31|16|22|10|2|3|13|12|86|61|86|24|99|44|121|29|142|25|120|24|31|13|755|82|15|12|1|3|50|25|23|17|2|3|19|10|36|18|44|16|129|46|91|25|180|35|138|33|27|9
1400000US25003932200|2577|273|210|170|145|165|0|14|0|14|0|14|0|14|0|14|0|14|1|3|4|6|0|14|128|166|10|10|2|3|0|14|65|40|0|14|0|14|3|4|0|14|0|14|0|14|0|14|5|7|9|13|0|14|13|13|33|37|2|3|2367|221|1218|149|45|30|8|8|69|49|51|34|18|15|32|21|54|28|63|37|167|35|161|52|245|52|218|51|87|27|1149|129|22|17|11|13|28|22|59|29|18|16|8|10|72|45|106|38|112|32|163|48|202|56|239|67|109|45
1400000US25003932300|1825|239|166|101|59|48|0|14|0|14|0|14|0|14|0|14|0|14|9|16|0|14|18|26|0|14|20|33|0|14|12|10|107|68|0|14|0|14|24|32|0|14|0|14|0|14|0|14|19|21|7|10|7|11|38|36|12|9|0|14|1659|249|817|155|23|27|0|14|35|31|5|7|12|15|22|20|54|37|192|101|23|22|146|51|102|54|118|40|85|46|842|134|57|49|0|14|65|54|5|9|13|16|14|13|51|37|159|95|70|41|150|48|108|48|60|31|90|37
1400000US25003933200|1489|205|80|64|16|33|0|14|0|14|0|14|0|14|0|14|0|14|5|30|0|14|3|4|0|14|8|12|0|14|0|14|64|72|0|14|0|14|0|14|0|14|0|14|0|14|6|28|6|8|0|14|0|14|1|4|0|14|51|85|1409|222|702|144|25|14|3|5|15|16|15|14|23|25|10|15|59|28|26|16|52|23|47|20|145|78|108|31|174|85|707|106|5|6|0|14|28|12|31|24|30|21|26|19|51|37|52|31|31|13|111|44|124|45|85|19|133|66
1400000US25003933300|1631|235|48|29|20|13|0|14|0|14|0|14|0|14|0|14|9|11|0|14|0|14|3|5|0|14|0|14|3|5|5|5|28|19|0|14|0|14|0|14|0|14|0|14|0|14|4|6|0|14|0|14|11|13|13|14|0|14|0|14|1583|236|718|109|31|23|0|14|55|50|0|14|4|6|18|14|33|28|27|22|71|31|147|39|122|51|108|33|102|40|865|161|50|46|13|21|34|24|28|25|60|60|9|12|58|37|64|46|101|49|105|44|143|64|117|29|83|29
1400000US25003933400|2507|230|72|33|50|25|0|14|0|14|2|6|0|14|0|14|3|5|1|2|5|7|9|10|0|14|19|20|7|7|4|5|22|21|0|14|0|14|0|14|0|14|0|14|0|14|1|3|0|14|12|18|0|14|0|14|0|14|9|10|2435|240|1270|134|29|20|15|20|71|40|56|36|17|19|34|17|68|38|170|81|81|27|195|54|215|62|176|42|143|53|1165|143|27|18|3|5|40|18|31|33|2|3|5|6|61|32|143|68|100|48|165|47|239|55|196|51|153|45
1400000US25003934200|1201|183|140|86|73|50|12|19|0|14|29|42|0|14|0|14|0|14|0|14|6|7|0|14|22|21|0|14|0|14|4|6|67|48|12|20|0|14|0|14|0|14|0|14|0|14|0|14|0|14|24|24|6|6|8|7|17|20|0|14|1061|159|495|85|15|12|9|14|25|23|4|7|0|14|11|12|53|36|13|11|41|15|83|36|121|45|109|34|11|8|566|105|0|14|0|14|25|19|17|13|9|8|25|17|22|18|34|18|29|15|103|54|132|44|147|45|23|15
1400000US25003934300|1812|288|102|93|59|52|0|14|0|14|0|14|0|14|0|14|0|14|0|14|16|25|26|42|7|9|9|9|1|2|0|14|43|47|0|14|0|14|0|14|0|14|0|14|0|14|0|14|2|4|29|45|0|14|11|13|1|4|0|14|1710|299|780|179|25|24|3|4|19|11|12|9|0|14|5|6|115|139|22|13|35|28|109|36|141|47|174|49|120|37|930|178|107|80|18|22|10|11|7|9|0|14|0|14|64|47|81|44|39|18|103|41|202|57|192|54|107|29
1400000US25003935100|2434|242|315|156|137|84|0|14|0|14|24|33|0|14|0|14|0|14|2|4|38|44|13|11|3|5|19|11|32|32|6|5|178|81|20|26|3|4|52|68|3|5|0|14|0|14|9|7|14|14|7|7|0|14|31|14|19|13|20|12|2119|211|997|113|43|26|26|26|32|15|13|12|0|14|18|11|77|37|94|31|88|26|128|34|188|40|197|40|93|23|1122|136|31|21|21|11|35|18|21|12|21|12|13|9|52|24|48|26|109|34|142|51|243|70|254|48|132|34
1400000US25003935200|4798|693|364|195|210|158|0|14|0|14|0|14|0|14|0|14|10|24|27|39|25|39|0|14|14|24|98|119|19|31|17|25|154|104|0|14|0|14|0|14|0|14|0|14|13|20|24|38|6|6|35|50|27|39|14|22|21|35|14|23|4434|620|1991|413|88|82|30|40|64|61|28|32|0|14|25|30|226|119|475|298|190|104|288|87|244|95|178|98|155|85|2443|451|68|55|22|30|89|62|173|133|61|53|84|57|172|173|229|136|247|105|413|199|436|217|243|109|206|93
1400000US25003935300|3493|444|674|251|392|191|74|77|0|14|13|21|53|46|0|14|0|14|0|14|7|11|73|77|11|16|2|5|74|91|85|78|282|119|23|26|0|14|24|28|0|14|12|20|9|14|0|14|43|42|47|38|0|14|69|64|12|18|43|42|2819|397|1480|291|35|37|13|21|38|37|28|27|15|21|10|17|40|43|276|145|122|70|203|104|213|124|339|124|148|83|1339|240|29|33|0|14|76|52|0|14|10|11|7|11|79|97|114|60|131|74|226|107|266|102|211|102|190|66
1400000US25005600100|4133|460|296|116|141|85|0|14|0|14|11|18|11|18|0|14|0|14|12|19|19|30|0|14|2|5|41|50|18|22|27|45|155|80|0|14|0|14|0|14|0|14|0|14|0|14|0|14|0|14|0|14|28|26|50|44|0|14|77|68|3837|462|2060|337|94|97|45|41|125|102|96|48|46|39|3|6|125|59|232|88|214|63|323|150|255|139|417|226|85|45|1777|259|19|17|20|22|127|57|88|52|0|14|10|16|58|61|208|121|224|68|205|57|225|82|327|151|266|98
1400000US25005600202|4967|466|384|255|143|111|47|69|0|14|8|15|0|14|0|14|0|14|0|14|0|14|31|32|0|14|25|41|18|20|14|22|241|158|0|14|0|14|11|18|19|25|10|18|0|14|0|14|117|106|18|23|0|14|17|20|49|50|0|14|4583|431|1873|218|51|46|0|14|187|88|50|47|22|31|34|37|61|60|239|100|125|58|420|132|298|97|195|79|191|95|2710|316|40|31|0|14|148|89|94|76|4|10|8|13|130|99|393|187|225|86|499|147|506|165|361|149|302|199
1400000US25005600203|6318|594|269|294|115|113|36|51|37|48|0|19|0|19|0|19|0|19|0|19|2|5|33|50|0|19|7|15|0|19|0|19|154|193|64|86|0|19|0|19|0|19|0|19|0|19|0|19|46|64|0|19|0|19|33|45|0|19|11|18|6049|670|3201|369|199|110|16|24|247|173|111|86|8|14|85|65|221|110|278|176|422|140|466|162|422|178|352|123|374|159|2848|436|95|99|0|19|269|156|44|51|44|53|34|41|172|139|174|98|378|141|558|231|431|123|310|124|339|153
1400000US25005600204|4167|406|137|75|65|46|0|14|0|14|12|20|13|20|0|14|0|14|0|14|5|11|16|20|1|4|0|14|18|19|0|14|72|38|0|14|0|14|0|14|0|14|0|14|0|14|0|14|0|14|25|29|0|14|17|19|30|28|0|14|4030|414|2151|245|94|69|14|18|250|146|235|128|46|40|106|61|218|83|139|65|269|87|207|91|331|92|144|45|98|50|1879|272|19|22|0|14|168|95|96|80|14|22|49|47|186|97|111|56|335|101|324|120|342|92|114|36|121|64
1400000US25005610100|5501|868|171|117|116|99|19|31|6|16|0|19|0|19|0|19|0|19|0|19|29|39|3|6|0|19|59|72|0|19|0|19|55|40|0|19|0|19|0|19|0|19|0|19|0|19|1|5|19|29|0|19|0|19|0|19|0|19|35|29|5330|856|2589|498|122|99|0|19|275|149|0|19|55|75|14|22|279|204|455|160|280|137|620|288|205|111|219|121|65|54|2741|511|118|104|15|26|295|243|54|73|14|22|28|45|197|99|450|210|323|128|416|209|402|160|284|155|145|94
1400000US25005610202|5638|938|218|129|48|55|0|19|0|19|0|19|12|17|0|19|13|19|12|17|6|12|0|19|4|8|0|19|1|3|0|19|170|106|0|19|0|19|0|19|28|41|0|19|0|19|12|15|0|19|13|18|40|49|69|106|0|19|8|12|5420|888|2877|615|264|192|65|45|193|71|70|60|102|69|49|36|228|176|419|182|298|69|435|104|431|131|213|81|110|49|2543|338|167|71|12|19|120|70|76|44|26|30|106|66|219|135|267|100|258|53|454|89|434|139|258|79|146|97
1400000US25005610203|6594|714|94|62|16|20|0|19|0|19|0|19|0|19|0|19|0|19|0|19|7|14|9|14|0|19|0|19|0|19|0|19|78|60|0|19|0|19|0|19|0|19|0|19|0|19|0|19|0|19|27|38|0|19|22|34|16|25|13|20|6500|706|3022|261|70|59|18|28|189|130|95|66|85|112|92|71|293|108|327|141|293|70|626|152|459|120|389|109|86|57|3478|545|43|49|0|19|227|128|323|179|84|57|111|71|297|157|302|141|423|195|342|101|710|157|422|233|194|95
1400000US25005610204|6080|643|665|393|232|171|0|19|0|19|25|37|24|36|26|38|22|35|0|19|0|19|86|127|0|19|49|74|0|19|0|19|433|295|82|115|0|19|82|121|0|19|0|19|0|19|0|19|95|134|25|37|6|10|54|59|32|40|57|49|5415|615|2578|368|148|93|0|19|157|93|206|152|104|90|51|44|84|79|314|152|571|202|358|160|219|104|325|142|41|35|2837|454|232|166|78|71|267|135|27|30|13|22|18|31|289|164|284|139|487|196|456|213|315|135|254|124|117|104
1400000US25005611101|5320|529|222|123|76|48|11|19|0|19|0|19|0|19|0|19|0|19|6|9|6|15|7|11|0|19|9|11|6|11|31|40|146|104|10|15|0|19|0|19|0|19|0|19|0|19|24|39|12|20|51|59|23|37|10|12|8|12|8|13|5098|566|2595|462|111|85|102|55|304|299|60|47|36|47|49|39|219|65|214|101|530|176|322|103|267|88|251|101|130|59|2503|302|149|85|0|19|202|141|128|76|78|57|154|85|140|84|223|89|414|110|291|82|274|72|277|81|173|70
1400000US25005611102|3418|425|257|99|186|76|10|19|0|19|10|17|0|19|0|19|0|19|0|19|78|47|12|18|56|62|20|27|0|19|0|19|71|55|0|19|0|19|0|19|0|19|0|19|8|14|0|19|5|11|13|17|0|19|15|17|0|19|30|38|3161|439|1735|350|123|80|0|19|54|46|60|58|47|45|17|27|223|170|222|75|250|124|215|82|298|83|184|52|42|28|1426|188|91|57|0|19|43|58|24|26|0|19|16|19|125|64|131|68|258|93|161|58|260|67|176|63|141|57
1400000US25005611201|3120|471|150|74|42|41|0|14|0|14|0|14|0|14|0|14|0|14|0|14|0|14|32|38|0|14|5|9|0|14|5|10|108|48|0|14|0|14|0|14|0|14|0|14|0|14|16|26|24|29|2|6|11|14|21|28|18|22|16|19|2970|476|1513|352|45|38|11|17|56|44|43|44|11|17|33|30|118|80|179|125|265|184|192|70|314|161|169|63|77|39|1457|189|13|19|6|10|120|66|91|61|0|14|114|74|110|75|98|63|212|73|189|71|319|160|150|47|35|26
1400000US25005611202|5543|471|211|182|107|81|0|19|0|19|35|56|0|19|0|19|0|19|0|19|21|31|13|26|0|19|21|34|0|19|17|28|104|122|0|19|0|19|37|61|0|19|0|19|0|19|0|19|14|23|40|59|0|19|13|20|0|19|0|19|5332|440|2589|290|80|61|34|41|39|37|60|59|0|19|96|71|191|82|305|118|274|93|462|141|593|162|261|89|194|81|2743|268|104|68|0|19|275|145|9|20|48|51|133|82|189|121|225|98|379|118|265|89|538|111|381|99|197|93
1400000US25005612100|4726|444|348|215|154|105|0|14|0|14|0|14|22|28|0|14|0|14|36|55|0|14|0|14|22|28|27|30|47|52|0|14|194|133|0|14|0|14|0|14|0|14|23|29|23|29|0|14|3|7|0|14|35|32|0|14|8|14|102|76|4378|470|2209|290|80|66|8|14|175|113|111|86|8|13|46|34|170|72|260|107|294|72|265|102|384|112|291|102|117|56|2169|279|76|50|11|19|98|73|105|67|7|13|58|42|141|100|264|91|309|106|224|71|454|117|209|72|213|72
1400000US25005612201|4249|473|628|417|124|97|0|14|0|14|0|14|0|14|0|14|0|14|18|28|51|64|55|75|0|14|0|14|0|14|0|14|504|372|106|115|0|14|52|71|0|14|0|14|0|14|123|119|0|14|206|210|0|14|0|14|17|26|0|14|3621|599|1718|301|105|97|9|15|167|103|88|68|13|21|30|37|172|91|218|118|227|129|115|60|223|97|229|88|122|70|1903|372|77|87|29|47|250|149|25|32|23|31|86|107|88|53|267|115|130|82|281|161|276|98|230|95|141|75
1400000US25005612202|6111|487|394|237|162|113|0|19|0|19|13|22|0|19|0|19|0|19|50|74|0|19|0|19|13|19|15|28|0|19|71|77|232|157|0|19|0|19|33|44|0|19|0|19|0|19|1|4|36|52|36|44|1|3|50|72|0|19|75|73|5717|542|2653|302|146|131|0|19|360|103|84|82|0|19|19|30|227|119|257|136|419|122|341|129|317|109|284|126|199|96|3064|447|152|128|34|49|167|102|142|131|25|43|109|90|230|131|337|155|330|133|561|191|433|167|330|136|214|109
1400000US25005613100|7076|1111|689|261|372|226|0|19|0|19|68|83|0|19|0|19|0|19|46|50|110|107|0|19|0|19|94|98|15|24|39|50|317|150|0|19|0|19|0|19|0|19|0|19|0|19|28|37|37|51|27|66|0|19|82|76|68|66|75|64|6387|1174|2953|599|193|116|14|23|297|276|57|67|31|38|11|20|210|125|240|109|399|114|392|256|733|207|246|123|130|89|3434|700|106|71|33|47|149|91|113|89|0|19|89|85|164|118|673|377|391|117|519|330|539|119|417|128|241|140
1400000US25005613300|7123|643|269|174|95|78|0|19|0|19|20|32|0|19|0|19|47|50|0|19|0|19|28|39|0|19|0|19|0|19|0|19|174|126|0|19|14|24|0|19|30|45|0|19|0|19|3|8|0|19|52|58|4|10|44|47|0|19|27|32|6854|688|3664|476|363|164|20|33|180|98|125|88|15|24|97|71|259|124|501|137|477|249|382|140|608|217|430|140|207|81|3190|330|82|61|0|19|71|58|80|80|18|29|12|20|236|153|526|165|325|148|437|145|686|172|335|108|382|140
1400000US25005613400|3780|481|345|263|120|85|0|14|9|18|39|56|9|18|0|14|0|14|0|14|0|14|44|60|8|13|0|14|0|14|11|15|225|203|48|57|0|14|67|92|0|14|0|14|0|14|0|14|45|53|14|21|0|14|36|38|8|12|7|10|3435|477|1538|231|58|46|20|24|35|31|91|64|5|11|73|51|201|123|240|114|117|59|171|72|318|85|158|75|51|34|1897|355|103|54|11|19|221|158|54|46|28|32|79|55|54|64|196|104|145|69|251|154|468|140|176|74|111|48
1400000US25005613600|3931|521|842|325|480|246|84|74|41|66|14|26|45|50|0|14|54|79|5|9|70|90|13|19|37|31|45|41|72|66|0|14|362|148|25|42|0|14|7|14|37|59|0|14|0|14|0|14|99|74|93|80|54|54|14|22|13|16|20|24|3089|507|1595|290|123|108|57|72|19|23|61|62|0|14|49|60|180|94|274|100|225|166|144|92|298|148|131|48|34|32|1494|299|52|34|0|14|71|52|90|123|0|14|60|63|76|48|309|128|158|122|242|115|256|114|119|52|61|43
1400000US25005613700|4482|654|450|204|182|144|12|21|12|22|0|14|11|16|0|14|0|14|12|17|21|26|11|17|74|114|19|21|9|13|1|5|268|129|11|21|0|14|31|37|0|14|0|14|0|14|61|63|10|18|66|51|9|16|11|16|69|52|0|14|4032|652|1933|335|90|65|0|14|102|70|17|21|28|26|24|39|175|107|472|155|222|77|313|222|287|102|141|80|62|31|2099|406|79|71|66|81|48|51|42|43|23|33|46|39|109|60|466|209|228|117|240|92|406|147|140|52|206|73
1400000US25005613800|5097|886|1208|330|701|228|76|99|0|19|97|106|39|63|0|19|46|76|39|62|8|17|108|85|53|68|32|57|140|107|63|81|507|175|0|19|0|19|0|19|45|76|0|19|0|19|0|19|242|130|46|68|14|25|0|19|111|71|49|69|3889|857|1975|417|70|76|0|19|0|19|164|135|0|19|110|99|165|132|299|182|309|146|233|108|360|174|172|162|93|74|1914|540|131|114|12|20|168|121|64|60|14|24|14|23|147|133|266|136|272|197|278|151|357|246|114|102|77|59
1400000US25005613901|3165|524|586|286|254|148|0|14|0|14|31|35|38|35|0|14|13|22|14|29|0|14|19|26|0|14|112|120|27|33|0|14|332|163|9|14|0|14|41|43|0|14|0|14|0|14|0|14|56|41|40|37|12|21|79|113|59|41|36|35|2579|515|1286|324|88|87|0|14|114|105|55|50|0|14|5|9|171|108|255|130|204|72|180|83|93|79|84|50|37|27|1293|259|15|20|21|24|52|45|157|111|43|60|84|69|94|75|222|91|151|71|278|125|41|31|52|32|83|45
1400000US25005613902|5157|1066|735|542|271|225|0|19|0|19|0|19|99|119|106|127|32|53|0|19|4|6|28|52|0|19|2|6|0|19|0|19|464|330|26|41|0|19|0|19|45|56|0|19|81|94|73|86|23|38|126|119|0|19|80|76|0|19|10|17|4422|1051|1600|395|0|19|0|19|108|82|107|94|0|19|23|37|136|96|132|96|368|265|275|106|184|121|124|82|143|92|2822|747|337|392|11|18|115|78|118|95|23|38|65|70|195|125|443|319|313|136|293|114|391|168|178|95|340|145
1400000US25005614000|5031|654|1448|629|540|244|46|50|31|40|199|164|9|15|0|19|0|19|0|19|44|51|19|22|25|33|104|72|34|30|29|48|908|476|73|77|66|81|137|113|159|137|41|51|10|15|33|31|205|157|101|76|0|19|83|57|0|19|0|19|3583|648|1510|394|65|83|0|19|85|63|89|91|105|93|6|11|171|128|180|98|304|142|238|93|136|69|43|42|88|56|2073|371|156|88|0|19|220|159|106|85|37|41|72|49|145|76|209|118|377|141|179|89|311|134|131|81|130|75
1400000US25005614101|7049|795|781|540|470|303|25|44|0|19|0|19|97|122|78|117|0|19|46|79|29|48|0|19|79|67|56|88|19|28|41|35|311|265|0|19|0|19|57|68|0|19|0|19|60|92|53|82|22|33|68|106|15|26|0|19|0|19|36|31|6268|737|3004|522|89|71|85|87|276|181|64|56|24|41|100|105|230|137|663|332|269|137|473|193|362|168|231|92|138|96|3264|464|232|143|102|85|220|131|21|34|16|30|218|160|293|138|458|135|411|137|592|209|312|145|226|87|163|95
1400000US25005614102|7266|865|772|187|557|141|0|19|0|19|0|19|0|19|0|19|31|47|332|78|0|19|48|51|117|54|29|44|0|19|0|19|215|93|0|19|0|19|0|19|0|19|0|19|0|19|0|19|0|19|0|19|156|78|59|51|0|19|0|19|6494|891|3265|420|410|267|0|19|118|81|162|118|0|19|132|106|274|123|368|183|493|202|323|123|489|164|255|115|241|118|3229|600|109|71|91|102|392|195|27|49|0|19|22|36|186|139|337|197|551|187|436|169|554|196|311|151|213|101
1400000US25005615100|8096|19|225|137|149|122|0|19|0|19|0|19|0|19|0|19|0|19|0|19|0|19|70|114|0|19|0|19|79|120|0|19|76|62|0|19|0|19|0|19|0|19|0|19|0|19|21|36|11|20|2|9|0|19|27|39|15|25|0|19|7871|140|3844|240|144|79|35|42|323|131|86|56|177|159|104|66|303|159|387|131|454|145|578|171|703|202|374|106|176|82|4027|225|110|74|54|63|371|174|67|64|128|81|104|77|252|119|502|153|593|160|535|125|627|171|468|148|216|92
1400000US25005616100|6773|16|180|167|115|90|0|19|0|19|21|34|0|19|0|19|0|19|11|19|2|5|47|57|25|34|2|5|0|19|7|13|65|81|0|19|0|19|0|19|21|34|0|19|0|19|0|19|0|19|44|54|0|19|0|19|0|19|0|19|6593|168|3401|258|153|120|20|35|234|148|176|114|22|35|44|49|279|193|332|140|520|129|533|171|652|177|230|91|206|107|3192|255|74|83|33|40|267|166|75|66|17|29|261|170|186|137|199|113|441|131|467|196|614|155|294|103|264|110
1400000US25005617101|4885|307|268|127|112|63|0|14|0|14|0|14|0|14|0|14|0|14|0|14|31|41|22|25|5|12|29|30|15|17|10|15|156|86|0|14|0|14|41|53|0|14|0|14|0|14|17|24|0|14|17|21|9|14|55|45|17|19|0|14|4617|317|2265|214|107|64|9|14|95|55|116|64|26|29|80|49|103|51|371|137|267|124|347|101|328|81|287|88|129|61|2352|242|113|80|48|43|227|116|38|32|57|50|63|52|124|41|413|152|222|68|316|81|257|71|345|92|129|52
1400000US25005617102|4247|306|45|39|5|9|0|14|0|14|0|14|0|14|0|14|0|14|2|5|0|14|3|8|0|14|0|14|0|14|0|14|40|38|0|14|0|14|0|14|0|14|0|14|0|14|4|8|0|14|0|14|0|14|7|10|20|31|9|15|4202|296|2061|218|131|74|18|21|112|58|74|43|32|39|41|38|113|61|342|132|221|72|262|76|414|122|193|57|108|52|2141|193|48|38|10|16|187|89|96|57|14|22|86|67|283|145|251|105|205|61|278|65|329|89|254|67|100|42
1400000US25005630101|3389|451|213|128|84|49|0|14|0|14|0|14|0|14|0|14|0|14|7|18|25|36|7|21|17|22|12|39|8|14|8|14|129|110|9|17|0|14|20|24|12|21|0|14|0|14|11|17|39|37|7|12|13|20|0|14|10|17|8|13|3176|472|1565|253|99|64|11|22|40|43|78|64|8|12|18|20|158|89|281|125|302|165|234|90|134|79|153|47|49|37|1611|301|136|139|0|14|26|33|11|18|0|14|0|14|119|61|511|149|138|67|215|84|198|103|249|134|8|13
1400000US25005630102|4900|718|502|208|323|180|0|14|0|14|0|14|0|14|0|14|57|90|0|14|0|14|17|27|110|126|93|145|46|73|0|14|179|111|0|14|0|14|0|14|0|14|0|14|0|14|0|14|35|40|0|14|69|87|75|80|0|14|0|14|4398|716|2036|427|51|46|30|33|85|65|20|32|41|47|0|14|274|254|348|190|137|96|209|118|434|167|376|155|31|35|2362|389|81|69|16|27|131|95|33|38|17|28|17|26|94|80|334|172|268|122|333|166|605|292|332|142|101|82
1400000US25005630201|3208|425|403|336|195|161|50|48|0|14|0|14|0|14|0|14|0|14|0|14|0|14|60|53|36|53|0|14|8|13|41|41|208|181|40|40|0|14|0|14|50|50|0|14|0|14|0|14|9|14|49|48|1|4|50|44|9|16|0|14|2805|534|1384|292|61|49|0|14|30|34|77|63|14|24|66|70|40|35|223|131|130|77|98|62|369|178|131|76|145|100|1421|279|46|41|9|15|66|53|27|46|0|14|13|23|153|82|188|90|152|80|124|70|274|109|248|176|121|59
1400000US25005630202|5334|610|207|232|105|96|0|19|0|19|60|87|0|19|0|19|0|19|0|19|0|19|0|19|0|19|45|53|0|19|0|19|102|144|0|19|0|19|0|19|51|74|0|19|0|19|0|19|0|19|51|71|0|19|0|19|0|19|0|19|5127|636|2621|389|108|61|13|21|173|114|116|79|94|65|158|85|100|69|231|86|181|76|456|131|400|107|337|126|254|301|2506|366|20|23|63|71|226|106|195|98|49|49|163|137|145|93|272|111|316|115|415|111|374|102|237|99|31|36
1400000US25005630301|5452|753|110|87|58|46|0|19|0|19|0|19|0|19|0|19|0|19|0|19|0|19|0|19|15|26|0|19|25|29|18|29|52|73|0|19|0|19|0|19|0|19|0|19|0|19|0|19|0|19|0|19|0|19|0|19|0|19|52|73|5342|778|2385|309|100|76|41|61|128|83|107|69|14|22|141|80|172|84|212|90|357|136|405|169|427|153|223|89|58|47|2957|615|123|81|22|37|197|97|266|207|22|30|236|209|193|87|225|96|416|154|482|160|435|79|198|93|142|94
1400000US25005630302|3147|386|60|64|31|33|0|14|0|14|15|24|0|14|0|14|0|14|0|14|0|14|16|25|0|14|0|14|0|14|0|14|29|31|0|14|0|14|0|14|0|14|0|14|0|14|0|14|14|22|14|24|0|14|0|14|1|3|0|14|3087|382|1453|302|39|39|0|14|125|121|129|77|10|18|19|33|29|33|291|104|165|103|271|94|150|101|170|115|55|37|1634|219|58|53|0|14|94|69|168|118|0|14|49|62|92|72|244|100|232|98|394|115|155|68|69|46|79|47
1400000US25005630400|5268|625|174|156|55|62|12|21|0|19|0|19|26|42|0|19|0|19|0|19|0|19|17|28|0|19|0|19|0|19|0|19|119|103|0|19|0|19|0|19|0|19|0|19|12|21|22|27|1|2|39|56|0|19|1|2|44|53|0|19|5094|631|2467|481|146|114|23|37|246|106|70|75|0|19|0|19|105|72|248|135|412|153|347|159|408|152|321|165|141|174|2627|370|140|107|43|38|173|114|82|69|117|103|31|46|356|200|250|117|389|131|281|121|283|128|227|119|255|141
1400000US25005631101|3183|523|394|366|201|163|23|37|0|14|18|25|0|14|0|14|0|14|0|14|0|14|0|14|2|5|111|147|19|29|28|40|193|216|0|14|0|14|0|14|0|14|0|14|0|14|3|7|37|53|153|204|0|14|0|14|0|14|0|14|2789|384|1176|237|76|61|0|14|49|46|52|48|32|33|18|29|52|71|134|97|222|118|167|89|201|91|121|57|52|48|1613|295|50|51|0|14|39|56|59|53|7|13|135|76|228|186|132|92|122|65|263|108|231|99|220|95|127|64
1400000US25005631102|4754|945|266|171|98|78|7|12|0|14|19|32|7|12|0|14|0|14|0|14|0|14|8|13|7|11|0|14|34|48|16|25|168|130|0|14|0|14|0|14|9|15|0|14|9|15|0|14|33|36|11|16|20|31|18|29|0|14|68|80|4488|928|2108|502|104|86|0|14|338|308|44|42|51|49|41|57|143|85|326|195|196|122|194|77|382|112|225|102|64|39|2380|462|159|164|33|51|252|122|69|54|9|16|65|49|146|85|328|243|315|119|221|83|384|122|264|97|135|76
1400000US25005631200|8021|1307|413|241|193|146|52|64|54|70|0|19|0|19|0|19|0|19|20|27|1|4|0|19|0|19|0|19|50|49|16|26|220|136|0|19|0|19|40|53|0|19|0|19|0|19|0|19|78|79|1|3|15|23|38|55|34|39|14|20|7608|1335|3912|639|295|260|12|21|178|107|104|80|245|135|79|59|252|116|601|297|518|209|557|167|406|136|458|142|207|76|3696|800|285|230|0|19|327|234|286|123|54|52|13|23|87|53|629|336|414|187|643|217|457|140|242|81|259|89
1400000US25005631300|5329|706|266|146|150|90|0|19|0|19|0|19|0|19|15|24|0|19|0|19|32|41|45|47|27|32|19|32|0|19|12|20|116|107|0|19|0|19|0|19|0|19|39|58|0|19|59|82|0|19|3|9|0|19|0|19|15|26|0|19|5063|708|2412|429|197|125|30|35|73|53|75|78|13|20|11|19|164|101|349|168|270|115|315|145|498|201|284|137|133|77|2651|424|190|107|23|35|245|105|77|56|23|28|20|31|291|179|254|142|352|121|395|118|492|183|163|96|126|65
1400000US25005631400|3642|664|1006|535|410|206|39|48|0|14|54|87|0|14|36|56|0|14|69|74|37|46|92|78|61|60|14|22|8|12|0|14|596|424|209|205|23|37|82|93|35|56|0|14|0|14|82|110|41|52|57|65|11|18|0|14|49|50|7|11|2636|477|1252|265|101|68|0|14|174|112|33|43|0|14|41|54|46|32|314|135|215|106|50|40|160|92|111|72|7|12|1384|303|118|91|8|14|211|111|66|57|9|14|7|13|89|74|290|141|232|83|142|113|109|75|63|54|40|36
1400000US25005631500|2889|509|457|455|260|282|0|14|0|14|0|14|0|14|0|14|0|14|211|275|35|37|0|14|10|15|0|14|2|4|2|4|197|187|19|26|0|14|23|31|0|14|0|14|0|14|17|25|23|32|0|14|90|147|8|13|0|14|17|19|2432|347|1098|187|53|55|8|14|47|37|20|20|3|6|22|31|111|72|216|89|184|72|161|74|126|60|130|73|17|19|1334|244|41|37|33|41|86|53|74|56|9|16|19|23|34|35|223|116|181|71|174|87|191|87|162|66|107|73
1400000US25005631600|3604|658|480|200|217|136|41|63|11|19|0|14|0|14|0|14|0|14|0|14|51|66|38|54|0|14|41|58|35|59|0|14|263|93|0|14|0|14|0|14|0|14|0|14|0|14|68|86|0|14|74|60|31|32|54|37|17|26|19|25|3124|659|1535|324|42|48|11|19|26|25|106|80|32|50|80|63|86|57|338|168|248|87|241|115|194|80|121|64|10|15|1589|391|119|86|22|28|247|123|69|60|0|14|14|24|121|104|251|108|233|102|208|128|129|63|135|77|41|34
1400000US25005631700|6800|819|117|113|25|33|0|19|0|19|0|19|0|19|0|19|0|19|0|19|0|19|0|19|5|11|0|19|0|19|20|31|92|110|0|19|0|19|0|19|0|19|0|19|0|19|0|19|66|103|0|19|0|19|0|19|19|29|7|12|6683|805|3484|518|304|129|76|73|267|122|145|106|204|259|59|52|220|123|424|218|441|135|468|146|466|122|236|102|174|122|3199|407|164|101|43|52|306|201|70|53|13|22|13|21|266|146|317|184|567|172|419|145|524|146|282|108|215|89
1400000US25005631800|7737|861|834|554|197|93|17|26|0|19|0|19|0|19|0|19|36|54|58|3|13|22|0|19|0|19|43|48|30|36|0|19|637|543|295|416|0|19|0|19|0|19|0|19|0|19|0|19|28|32|127|145|0|19|84|62|36|41|67|59|6903|591|3442|406|219|154|0|19|157|115|126|77|26|41|115|92|105|57|474|191|644|184|439|144|479|119|445|180|213|96|3461|431|200|145|31|38|124|86|124|109|0|19|93|50|186|98|551|181|444|136|461|173|568|146|446|258|233|115
1400000US25005632100|6904|636|238|134|85|72|17|28|0|19|0|19|0|19|0|19|0|19|41|56|0|19|0|19|0|19|15|26|12|19|0|19|153|109|14|22|0|19|0|19|0|19|0|19|0|19|0|19|17|27|12|21|7|14|77|94|12|19|14|24|6666|648|3265|356|41|49|42|54|259|97|147|100|0|19|43|47|258|198|573|173|232|116|414|127|776|211|172|85|308|140|3401|433|221|106|14|23|126|86|131|82|27|32|237|107|89|79|547|202|307|108|540|159|665|228|293|99|204|81
1400000US25005632200|8669|636|448|234|289|156|29|35|0|19|14|25|35|39|0|19|0|19|0|19|0|19|0|19|0|19|35|57|124|103|52|57|159|117|0|19|0|19|0|19|0|19|0|19|0|19|0|19|0|19|10|18|24|38|52|84|34|42|39|60|8221|664|4408|523|106|73|107|92|239|137|276|163|60|65|297|198|356|219|398|231|441|155|971|266|547|219|520|167|90|65|3813|415|84|61|49|58|173|90|174|140|84|73|78|73|209|100|394|167|538|158|575|150|622|228|571|230|262|106
1400000US25005633100|5926|561|411|281|196|123|0|19|0|19|0|19|0|19|0|19|0|19|13|22|57|60|0|19|29|32|0|19|81|67|16|27|215|178|26|39|0|19|32|48|0|19|0|19|0|19|39|61|29|45|20|34|17|28|52|65|0|19|0|19|5515|629|2891|350|81|62|40|49|130|134|170|135|0|19|35|42|246|151|454|255|255|104|539|172|449|178|338|114|154|85|2624|423|169|123|0|19|100|100|80|67|20|30|140|162|212|124|222|107|269|109|372|155|520|179|373|111|147|89
1400000US25005633200|6831|546|241|205|75|87|0|19|0|19|0|19|0|19|0|19|0|19|25|41|0|19|0|19|3|9|8|18|23|37|16|26|166|182|0|19|0|19|0|19|0|19|0|19|0|19|0|19|70|109|0|19|13|21|0|19|77|103|6|14|6590|612|3513|444|121|96|29|47|151|107|189|156|60|70|284|252|338|143|246|115|363|133|561|183|626|215|299|136|246|184|3077|381|42|46|17|27|287|203|69|71|0|19|0|19|183|111|243|116|365|137|653|188|528|213|388|136|302|172
1400000US25005640100|5682|877|851|522|287|200|58|112|0|19|29|53|11|20|0|19|86|129|0|19|0|19|14|26|0|19|66|86|15|20|8|13|564|350|0|19|0|19|157|179|0|19|0|19|10|20|32|59|63|77|132|136|112|68|0|19|37|38|21|26|4831|833|2372|481|180|148|10|17|394|221|151|90|9|21|9|21|59|53|242|119|336|145|295|107|295|144|303|125|89|73|2459|411|34|36|0|19|169|121|153|141|45|71|75|95|173|123|319|173|516|248|230|103|245|128|339|121|161|103
1400000US25005640201|2844|618|1236|344|300|163|34|63|0|14|90|60|65|68|0|14|0|14|0|14|0|14|30|52|32|37|40|54|9|15|0|14|936|274|79|84|0|14|107|71|102|73|0|14|0|14|106|71|94|120|304|85|88|85|39|48|17|21|0|14|1608|547|924|391|0|14|12|24|140|125|58|89|0|14|0|14|91|104|11|93|322|217|69|76|133|88|77|72|11|18|684|277|0|14|0|14|88|106|49|56|0|14|76|73|31|33|1|51|172|115|67|65|48|62|152|26|0|14
1400000US25005640202|3799|570|1275|348|463|194|60|54|0|14|49|54|78|124|0|14|85|88|40|46|30|52|16|14|42|52|0|14|36|35|27|28|812|240|27|39|45|46|90|59|64|55|26|44|26|44|0|14|112|114|112|65|79|73|119|118|105|74|7|11|2524|549|1279|351|88|76|0|14|23|39|22|37|0|14|0|14|83|87|106|95|207|147|176|136|252|132|89|51|233|215|1245|328|22|37|13|21|30|36|13|21|14|21|59|66|212|121|118|79|131|95|44|42|190|122|136|77|263|172
1400000US25005640300|4329|736|626|198|176|111|0|14|22|38|30|47|0|14|0|14|14|22|22|27|38|60|0|14|0|14|26|40|24|26|0|14|450|185|80|64|0|14|99|62|20|34|0|14|0|14|66|45|47|50|22|20|0|14|82|70|18|21|16|24|3703|747|1617|301|159|105|0|14|124|106|34|41|19|28|16|24|114|63|130|66|340|183|214|100|224|102|136|59|107|64|2086|529|102|91|25|31|20|29|60|57|183|185|91|86|199|117|285|135|208|104|330|288|266|91|235|93|82|54
1400000US25005640400|3093|699|503|312|202|138|12|21|0|14|0|14|0|14|0|14|30|46|0|14|9|15|41|46|27|46|19|22|64|57|0|14|301|238|12|19|0|14|9|13|8|13|0|14|0|14|0|14|38|44|0|14|8|12|64|64|7|13|155|211|2590|672|1212|321|34|54|0|14|83|54|34|39|27|41|9|14|79|80|138|94|140|87|382|249|137|93|68|56|81|49|1378|443|174|137|32|35|214|150|0|14|10|17|0|14|39|37|245|138|100|53|256|200|162|113|58|35|88|51
1400000US25005640500|5132|771|994|452|479|311|10|16|0|19|0|19|0|19|0|19|0|19|7|30|187|172|35|62|84|135|128|122|0|19|28|38|515|258|27|48|0|19|77|118|0|19|0|19|63|94|0|19|22|45|42|61|185|136|70|78|20|31|9|25|4138|701|1885|381|87|77|18|30|72|76|197|109|0|19|0|19|60|90|364|213|411|149|266|171|245|122|90|76|75|54|2253|491|217|107|0|19|15|24|30|52|43|46|0|19|284|215|422|161|128|80|258|170|300|170|462|256|94|59
1400000US25005640600|4515|760|1173|509|392|191|47|52|52|80|17|27|46|55|0|14|0|14|34|53|46|54|60|58|1|2|1|2|88|105|0|14|781|413|57|46|0|14|78|93|0|14|24|38|24|38|11|18|153|118|0|14|180|184|147|167|40|51|67|83|3342|702|1568|385|17|26|47|53|85|67|27|31|36|44|31|50|31|29|265|127|147|100|265|140|361|231|215|106|41|39|1774|408|141|84|51|55|125|101|55|61|0|14|71|66|137|106|292|151|162|95|223|120|349|225|109|63|59|55
1400000US25005640700|2757|434|546|263|253|136|63|58|24|36|28|45|0|14|0|14|0|14|0|14|20|23|88|61|20|30|0|14|10|15|0|14|293|180|45|76|0|14|0|14|36|44|26|43|0|14|0|14|108|97|1|4|28|43|21|23|20|22|8|12|2211|348|1114|226|9|15|13|21|98|63|40|34|38|56|0|14|30|38|216|144|156|70|244|120|144|94|90|52|36|30|1097|218|46|42|14|22|62|53|88|91|0|14|16|24|39|33|98|60|292|90|141|113|83|54|177|78|41|31
1400000US25005640800|3745|579|315|147|157|99|0|14|0|14|32|53|0|14|0|14|10|15|9|15|32|54|56|71|0|14|0|14|9|14|9|15|158|111|0|14|0|14|19|28|0|14|0|14|19|28|36|52|8|14|27|32|10|17|10|14|11|18|18|18|3430|591|1752|300|56|39|8|14|72|46|65|48|10|17|56|62|218|89|348|163|157|71|305|115|126|71|228|98|103|67|1678|357|64|60|53|46|121|73|54|71|19|30|0|14|101|87|308|114|212|94|330|156|108|53|165|67|143|77
1400000US25005640901|4712|985|914|265|338|149|0|14|0|14|0|14|16|27|0|14|0|14|56|81|16|23|46|71|125|83|63|59|0|14|16|25|576|213|0|14|0|14|0|14|14|22|0|14|12|22|0|14|107|92|55|68|102|77|156|97|44|37|86|82|3798|1001|2088|708|178|225|41|60|48|75|126|183|42|64|199|153|152|171|566|248|291|180|359|201|34|37|32|33|20|24|1710|460|207|188|43|70|73|71|15|25|0|14|17|28|137|119|254|127|128|117|394|193|270|175|83|82|89|77
1400000US25005641000|2503|438|824|345|407|223|47|59|61|66|71|113|0|14|0|14|0|14|12|18|67|110|0|14|62|65|77|74|10|16|0|14|417|160|18|29|0|14|27|41|0|14|0|14|0|14|49|55|83|81|0|14|83|63|97|86|49|48|11|20|1679|374|847|207|0|14|32|46|26|39|28|49|0|14|0|14|47|59|188|129|121|92|70|58|141|124|123|72|71|52|832|276|35|44|0|14|20|32|57|61|32|47|0|14|92|74|74|89|33|46|104|69|199|186|96|88|90|50
1400000US25005641101|1423|392|447|279|229|186|43|89|0|14|0|14|7|10|0|14|0|14|41|82|29|51|0|14|0|14|40|42|46|57|23|38|218|119|0|14|0|14|0|14|0|14|0|14|0|14|43|92|5|16|0|14|18|30|35|24|56|51|61|47|976|292|604|244|7|11|0|14|57|61|34|53|0|14|0|14|126|152|119|136|6|9|97|87|66|50|55|49|37|23|372|136|7|11|7|13|0|14|0|14|0|14|0|14|50|52|24|30|0|14|60|48|47|36|126|87|51|26
1400000US25005641200|3431|699|939|374|351|148|35|55|0|14|68|74|7|11|0|14|0|14|26|41|90|95|48|37|0|14|13|22|64|49|0|14|588|257|0|14|0|14|85|70|57|62|7|11|0|14|157|133|85|80|52|56|49|52|60|65|12|18|24|27|2492|663|1233|375|106|85|0|14|108|90|26|29|72|120|9|14|241|125|140|115|183|98|89|59|93|56|73|54|93|92|1259|401|60|67|0|14|0|14|106|175|15|23|15|22|132|94|105|75|329|211|147|101|156|82|56|48|138|97
1400000US25005641300|6128|842|2109|694|1060|398|160|99|43|56|278|122|143|115|37|58|125|115|59|79|41|63|104|89|26|30|16|28|28|42|0|19|1049|450|100|115|0|19|166|169|33|37|85|125|0|19|10|22|330|164|200|139|12|20|95|103|18|30|0|19|4019|784|2258|536|67|67|0|19|156|151|130|108|0|19|63|79|197|121|380|173|366|195|311|164|327|181|188|102|73|68|1761|381|95|62|5|16|67|67|0|19|41|49|13|25|146|129|374|186|221|141|215|139|343|156|112|64|129|93
1400000US25005641400|3256|501|1053|283|501|216|22|24|0|14|11|18|34|40|36|42|0|14|32|43|152|182|37|43|40|50|59|58|67|52|11|17|552|174|0|14|0|14|0|14|9|22|0|14|0|14|153|107|36|43|12|18|46|64|147|58|54|35|95|64|2203|510|1339|385|151|102|30|33|64|52|205|183|0|14|54|47|108|103|151|107|169|95|105|73|238|193|33|27|31|33|864|211|12|19|0|14|51|45|25|36|0|14|12|23|108|60|280|179|169|83|49|46|34|31|61|44|63|40
1400000US25005641500|2710|395|497|191|308|142|0|14|0|14|34|31|0|14|0|14|14|23|22|22|72|76|12|16|33|46|62|60|0|14|59|67|189|99|22|22|9|16|24|25|0|14|0|14|0|14|24|24|18|22|22|29|5|9|58|46|0|14|7|13|2213|452|1122|252|41|34|0|14|20|31|85|67|15|17|0|14|66|54|177|145|242|121|266|106|105|66|79|56|26|21|1091|309|56|45|0|14|114|52|34|27|20|31|142|104|160|148|62|71|187|61|115|61|73|72|76|51|52|35
1400000US25005641600|2396|394|536|169|160|76|0|14|20|34|0|14|0|14|0|14|0|14|22|32|46|53|22|31|20|32|4|8|16|20|10|16|376|123|51|76|0|14|76|54|0|14|0|14|0|14|23|34|74|46|20|29|0|14|67|50|33|29|32|37|1860|390|749|169|69|60|0|14|43|43|30|34|0|14|0|14|20|25|138|68|108|78|129|78|150|77|54|35|8|13|1111|297|62|88|18|28|77|79|26|36|0|14|0|14|49|42|148|139|157|83|244|78|114|70|138|61|78|61
1400000US25005641700|4628|582|371|210|169|105|0|14|0|14|16|26|20|33|0|14|0|14|2|7|0|14|53|52|0|14|15|26|53|64|10|16|202|155|0|14|0|14|0|14|0|14|0|14|0|14|0|14|110|149|34|40|0|14|14|21|12|23|32|31|4257|575|2059|432|65|67|0|14|107|119|5|21|0|14|5|22|217|131|265|197|230|131|528|238|326|143|253|136|58|49|2198|343|124|105|0|14|97|65|0|14|0|14|58|92|78|73|475|228|195|153|497|176|287|154|267|123|120|101
1400000US25005641800|1888|258|224|109|69|57|0|14|0|14|0|14|0|14|0|14|0|14|0|14|8|19|11|13|15|20|7|8|0|14|28|46|155|77|0|14|0|14|0|14|15|24|0|14|5|7|0|14|28|28|27|32|17|25|13|10|0|14|50|52|1664|234|866|114|37|37|0|14|6|12|11|16|16|25|8|12|94|58|134|53|191|67|117|54|131|52|83|46|38|25|798|167|13|20|21|21|19|23|0|14|0|14|29|31|152|102|144|65|53|31|135|47|119|46|65|39|48|26
1400000US25005641900|2733|516|617|331|147|121|23|39|0|14|69|81|0|14|0|14|0|14|37|41|1|15|8|13|0|14|9|14|0|14|0|14|470|249|15|23|0|14|0|14|63|63|0|14|43|62|26|32|156|88|0|14|120|131|17|35|0|14|30|31|2116|406|1091|239|0|14|0|14|102|72|53|40|0|14|49|69|60|44|323|120|154|90|142|95|93|43|71|59|44|35|1025|233|143|113|16|27|27|33|0|14|17|23|48|58|64|52|305|110|80|65|67|60|119|52|66|50|73|65
1400000US25005642000|3379|477|1049|308|507|176|102|87|45|51|97|64|38|46|0|14|0|14|76|62|102|67|11|17|8|12|19|25|0|14|9|14|542|194|25|47|28|44|65|55|32|35|0|14|10|15|43|57|133|55|47|38|21|32|69|99|8|21|61|64|2330|405|1308|254|39|46|0|14|0|14|52|57|0|14|51|52|159|104|267|133|282|169|157|89|216|116|60|49|25|22|1022|233|28|45|0|14|19|24|35|41|0|14|10|17|138|79|109|72|268|143|109|72|92|61|107|69|107|68
1400000US25005642100|4346|932|869|338|394|240|0|14|0|14|38|60|0|14|41|65|0|14|0|14|52|84|51|84|39|64|129|163|44|43|0|14|475|259|68|77|0|14|39|60|34|60|0|14|0|14|0|14|73|79|67|79|93|85|29|34|0|14|72|69|3477|980|1810|616|47|78|55|55|338|259|0|14|0|14|0|14|46|74|563|272|251|153|28|35|149|86|291|139|42|39|1667|479|0|14|0|14|70|86|17|28|0|14|33|41|78|100|555|325|237|161|106|88|234|158|253|121|84|70
1400000US25005642200|3283|573|713|297|384|214|52|82|19|31|36|43|36|43|0|14|61|48|28|41|61|72|38|45|26|39|0|14|0|14|27|35|329|131|0|14|25|39|0|14|0|14|0|14|0|14|0|14|36|40|41|52|79|78|20|27|57|47|71|47|2570|543|1324|264|84|85|8|14|10|18|34|47|28|31|28|31|70|72|170|94|158|58|253|89|223|114|151|112|107|90|1246|374|108|124|15|24|11|18|122|191|32|30|29|32|37|40|121|73|171|74|195|95|242|143|99|54|64|41
1400000US25005642300|2044|233|147|83|104|60|0|14|0|14|18|26|0|14|0|14|0|14|0|14|0|14|26|30|0|14|34|45|9|12|17|36|43|31|0|14|0|14|0|14|0|14|0|14|4|6|0|14|0|14|16|22|0|14|8|10|15|21|0|14|1897|235|898|139|10|18|6|10|76|47|18|16|0|14|0|14|112|62|73|39|158|52|90|34|153|61|122|42|80|32|999|136|67|28|0|14|20|23|35|30|5|8|30|23|44|27|71|35|200|83|146|56|171|55|133|35|77|23
1400000US25005642400|3077|486|291|102|104|75|0|14|0|14|0|14|0|14|0|14|0|14|0|14|0|14|41|62|40|50|23|24|0|14|0|14|187|91|0|14|0|14|0|14|0|14|15|27|0|14|26|59|7|11|9|14|65|58|18|20|17|19|30|50|2786|505|1177|234|0|14|0|14|61|44|8|16|0|14|35|32|77|47|50|45|382|195|152|72|193|78|92|48|127|60|1609|307|97|94|16|24|189|116|60|51|36|46|38|38|82|49|275|140|216|129|129|60|230|82|164|64|77|43
1400000US25005642500|4680|431|243|112|97|70|0|14|0|14|0|14|0|14|0|14|0|14|2|15|0|14|0|14|29|44|31|32|18|17|17|33|146|99|0|14|0|14|0|14|0|14|0|14|0|14|0|14|0|14|2|17|18|28|46|48|9|17|71|47|4437|470|2160|297|52|48|10|16|71|56|117|84|67|98|22|29|198|99|356|167|242|92|465|109|258|107|210|66|92|46|2277|337|76|51|0|14|101|54|107|95|0|14|60|59|149|73|220|103|358|175|296|107|514|163|260|100|136|51
1400000US25005644101|5988|480|279|147|84|71|0|19|0|19|17|27|20|31|0|19|22|32|0|19|12|16|0|19|0|19|0|19|8|15|5|8|195|116|7|13|0|19|0|19|17|27|0|19|23|37|1|5|15|24|45|41|15|25|8|15|62|94|2|5|5709|505|2711|317|60|66|68|75|119|62|66|66|20|33|35|41|113|77|130|83|431|130|301|144|641|240|406|179|321|109|2998|319|132|94|0|19|239|106|119|94|44|47|57|55|84|70|275|128|235|97|417|94|339|127|497|211|560|201
1400000US25005644102|5003|461|280|157|105|70|0|19|0|19|18|26|24|28|0|19|0|19|1|2|0|19|15|23|21|25|0|19|0|19|26|20|175|97|11|17|0|19|5|8|28|43|0|19|0|19|0|19|29|34|11|17|50|49|12|20|15|18|14|16|4723|483|2326|277|130|80|98|101|192|76|95|66|8|14|65|42|159|64|317|103|266|94|260|88|344|91|227|80|165|68|2397|293|151|66|26|29|151|106|72|57|11|16|63|52|129|61|305|103|313|105|275|74|387|95|324|102|190|81
1400000US25005644200|6962|482|331|171|204|140|0|19|0|19|23|37|0|19|24|38|0|19|0|19|3|6|2|4|0|19|83|87|0|19|69|85|127|72|0|19|0|19|0|19|0|19|0|19|0|19|27|40|0|19|19|32|0|19|26|37|12|21|43|40|6631|485|3155|411|80|61|45|55|159|86|67|68|22|36|95|63|218|141|469|136|351|94|721|310|340|115|274|115|314|198|3476|342|184|87|65|73|305|138|50|63|25|22|68|61|152|104|406|156|494|138|498|118|433|131|367|112|429|206
1400000US25005645101|5365|679|149|155|89|88|0|19|0|19|0|19|0|19|0|19|50|81|0|19|0|19|0|19|23|31|16|27|0|19|0|19|60|74|0|19|0|19|0|19|0|19|0|19|0|19|0|19|0|19|42|68|0|19|0|19|18|30|0|19|5216|667|2378|340|182|110|17|29|71|46|99|61|0|19|64|43|62|72|588|261|280|159|369|173|326|110|194|73|126|74|2838|441|141|87|18|34|149|76|8|18|33|37|0|19|247|104|393|210|267|101|385|177|475|131|353|157|369|129
1400000US25005645102|5703|559|90|78|74|78|0|19|0|19|0|19|0|19|0|19|37|59|0|19|0|19|0|19|12|22|11|19|0|19|14|23|16|2|0|19|0|19|0|19|0|19|0|19|0|19|1|3|1|3|1|7|13|10|0|19|0|19|0|19|5613|541|2711|353|48|55|23|37|155|82|94|87|68|93|103|70|119|94|226|98|520|214|405|124|507|143|282|118|161|65|2902|392|48|46|85|79|247|167|204|125|47|61|47|52|139|86|192|91|440|154|447|130|257|107|398|113|351|179
1400000US25005645103|5976|556|236|167|78|46|0|19|0|19|0|19|0|19|0|19|0|19|4|8|6|13|19|25|0|19|12|20|37|29|0|19|158|162|0|19|0|19|0|19|0|19|0|19|0|19|0|19|26|42|0|19|0|19|12|19|120|174|0|19|5740|556|2708|287|229|112|0|19|240|107|118|82|26|32|44|63|112|79|424|138|277|110|331|101|369|98|260|101|278|132|3032|472|217|152|88|84|196|127|25|41|0|19|14|21|174|70|550|200|269|113|422|128|317|111|485|155|275|112
1400000US25005646101|7743|541|485|247|152|136|49|86|0|19|16|28|0|19|0|19|0|19|23|39|0|19|0|19|33|52|13|21|0|19|18|29|333|162|0|19|0|19|51|63|0|19|0|19|33|38|0|19|60|69|37|40|0|19|71|58|0|19|81|63|7258|511|3724|368|256|215|71|59|164|85|294|137|13|20|81|65|210|169|404|162|706|204|359|196|439|190|483|117|244|112|3534|353|111|85|114|95|58|57|179|112|54|86|18|28|256|161|343|163|383|110|482|220|523|158|546|155|467|188
1400000US25005646103|5913|499|415|311|279|278|0|19|0|19|53|86|57|93|0|19|0|19|0|19|3|6|0|19|73|95|0|19|93|71|0|19|136|100|0|19|0|19|0|19|0|19|0|19|0|19|0|19|19|29|6|12|0|19|18|30|93|75|0|19|5498|508|2567|316|22|41|33|35|117|90|162|107|29|32|39|41|185|110|139|113|243|84|491|192|566|144|278|163|263|96|2931|322|24|31|95|71|37|44|127|81|27|32|51|67|295|176|99|67|329|77|778|232|431|137|345|145|293|106
1400000US25005646104|2704|340|77|51|41|30|0|14|0|14|0|14|0|14|0|14|0|14|24|22|0|14|0|14|0|14|0|14|9|13|8|13|36|31|0|14|0|14|0|14|0|14|0|14|0|14|0|14|0|14|19|23|9|15|0|14|8|14|0|14|2627|342|1359|193|21|22|0|14|18|19|9|14|0|14|22|34|94|65|61|39|127|67|197|101|280|84|264|75|266|93|1268|196|42|23|0|14|47|23|40|65|42|43|14|18|45|36|40|32|103|40|164|100|289|84|265|63|177|69
1400000US25005650101|5503|750|655|493|185|135|0|19|0|19|0|19|0|19|0|19|0|19|63|92|0|19|0|19|51|73|2|5|28|32|41|66|470|376|67|100|0|19|0|19|0|19|0|19|56|83|49|74|0|19|150|156|0|19|0|19|67|81|81|90|4848|788|2426|443|62|69|0|19|26|39|126|73|45|55|59|62|300|229|281|131|439|185|367|139|418|146|197|99|106|71|2422|503|94|71|45|74|137|117|49|51|0|19|47|64|209|191|187|111|425|188|367|143|386|155|245|113|231|134
1400000US25005650102|5305|609|1408|646|360|196|0|19|0|19|97|116|0|19|0|19|33|54|53|77|136|122|0|19|0|19|25|42|0|19|16|25|1048|516|100|112|0|19|0|19|230|216|65|92|114|126|142|139|15|25|189|153|80|69|25|41|32|37|56|52|3897|738|1838|343|31|30|51|85|212|132|81|108|18|30|70|94|49|47|139|78|429|148|140|95|439|187|123|65|56|52|2059|460|109|97|74|71|247|143|76|84|25|54|27|42|73|65|170|98|298|135|294|157|319|135|256|116|91|59
1400000US25005650201|3240|826|162|93|50|52|0|14|0|14|0|14|8|13|9|16|9|16|10|17|13|23|0|14|0|14|0|14|0|14|1|6|112|69|9|17|0|14|0|14|0|14|0|14|0|14|0|14|0|14|30|30|0|14|28|32|34|41|11|17|3078|826|1642|584|248|222|0|14|36|32|39|36|84|122|10|16|157|131|170|84|108|50|231|152|331|106|167|51|61|37|1436|307|71|59|0|14|39|35|0|14|21|25|43|59|181|108|164|87|202|149|182|71|293|91|164|37|76|39
1400000US25005650202|2048|311|247|133|85|63|16|26|0|14|35|40|20|21|0|14|0|14|0|14|0|14|5|8|0|14|4|6|5|7|0|14|162|83|20|28|0|14|0|14|29|29|0|14|0|14|19|22|11|12|20|20|19|29|10|10|16|16|18|15|1801|348|837|181|73|41|0|14|36|32|34|26|0|14|56|43|78|28|107|87|174|104|62|39|73|34|82|38|62|36|964|194|24|39|12|14|81|45|36|25|14|16|21|29|107|83|96|50|187|95|103|36|132|50|66|27|85|30
1400000US25005650300|3462|665|283|157|181|105|19|32|0|14|20|31|21|38|0|14|0|14|1|6|0|14|51|51|1|11|38|45|30|39|0|14|102|79|8|15|0|14|10|19|10|17|0|14|0|14|0|14|28|34|11|18|10|18|10|18|0|14|15|17|3179|656|1583|401|122|136|0|14|38|61|98|85|37|50|36|51|148|85|267|137|225|142|286|124|48|30|182|69|96|47|1596|343|29|38|0|14|120|94|49|55|38|61|49|64|33|35|208|131|376|160|147|74|261|95|168|83|118|49
1400000US25005650400|3796|664|803|258|289|118|86|82|0|14|45|53|0|14|0|14|0|14|24|39|25|39|20|28|64|54|9|14|10|13|6|11|514|188|56|54|7|11|73|63|18|32|11|22|0|14|79|65|73|74|92|68|55|41|30|29|6|10|14|22|2993|632|1637|418|160|110|17|26|153|132|54|58|36|55|70|80|84|30|200|109|287|147|310|132|123|63|52|29|91|56|1356|328|58|51|0|14|128|87|5|12|7|12|37|59|102|73|247|100|216|141|269|109|67|49|140|59|80|53
1400000US25005650500|3578|395|374|180|156|137|0|14|0|14|26|41|0|14|0|14|0|14|37|63|35|61|0|14|0|14|51|47|0|14|7|12|218|128|26|40|0|14|44|54|0|14|0|14|0|14|38|56|30|34|21|26|8|23|21|30|20|29|10|16|3204|427|1880|308|71|57|0|14|169|63|27|28|10|16|57|45|169|112|267|110|356|104|278|207|161|74|190|128|125|79|1324|266|52|51|0|14|55|51|25|28|5|11|56|55|105|83|155|77|153|57|179|96|246|111|137|126|156|82
1400000US25005650600|2432|442|605|298|336|185|38|58|0|14|0|14|0|14|34|58|0|14|113|134|9|14|10|16|37|63|38|47|29|37|28|43|269|168|40|63|0|14|0|14|0|14|0|14|0|14|44|58|70|81|35|58|27|41|0|14|53|48|0|14|1827|332|971|232|0|14|33|37|37|60|6|12|0|14|0|14|27|27|236|93|116|81|116|140|155|87|176|137|69|68|856|265|39|42|0|14|2|34|0|14|0|14|11|17|105|129|91|71|59|47|53|43|187|147|180|88|129|113
1400000US25005650700|2490|481|983|377|593|239|81|61|35|43|49|35|43|39|0|14|0|14|98|98|209|129|0|14|40|48|21|30|6|11|11|17|390|193|28|34|0|14|13|21|13|20|0|14|0|14|123|160|148|93|13|20|6|10|37|42|2|12|7|10|1507|386|755|191|32|44|0|14|40|45|0|14|0|14|0|14|104|77|191|87|122|66|52|40|176|88|21|22|17|16|752|238|51|58|0|14|82|81|14|24|0|14|30|36|122|72|124|77|58|45|144|99|36|29|70|41|21|23
1400000US25005650800|4061|593|1387|569|710|335|146|119|31|48|117|99|0|14|12|18|24|38|50|66|28|42|119|103|52|51|40|47|78|91|13|11|677|301|64|101|0|14|0|14|57|63|25|34|50|69|63|65|57|63|149|99|98|84|28|35|32|28|54|41|2674|464|1525|324|121|80|0|14|48|52|31|47|115|95|13|21|203|119|310|145|138|92|247|117|188|90|85|53|26|26|1149|237|193|102|0|14|65|57|25|38|0|14|0|14|98|77|262|133|103|56|204|119|35|36|105|62|59|39
1400000US25005650900|2894|612|1472|530|690|370|17|29|6|10|277|147|83|121|97|94|0|14|71|79|0|14|91|85|0|14|25|29|23|29|0|14|782|259|38|56|0|14|100|83|57|80|56|74|0|14|62|68|139|98|162|98|10|17|59|42|88|81|11|11|1422|427|685|268|81|91|25|41|18|32|0|14|32|55|0|14|9|21|157|92|73|70|144|116|55|44|47|38|44|35|737|295|13|25|0|14|5|8|0|14|47|67|63|70|21|39|187|166|50|56|86|86|61|54|67|51|137|70
1400000US25005651001|2985|374|232|93|156|101|7|15|0|14|0|14|0|14|0|14|0|14|107|90|35|23|0|14|0|14|1|6|0|14|6|9|76|45|0|14|0|14|0|14|0|14|0|14|0|14|8|13|35|35|0|14|0|14|10|16|16|18|7|11|2753|379|1315|243|102|80|0|14|14|22|71|63|24|39|36|43|51|51|161|66|110|61|243|91|172|71|140|69|191|95|1438|233|31|65|8|12|101|61|0|14|0|14|86|62|131|94|109|93|175|48|195|99|172|87|217|82|213|78
1400000US25005651002|3966|571|888|312|388|169|13|24|0|14|17|22|153|114|0|14|45|57|34|44|49|47|36|28|15|27|26|39|0|14|0|14|500|205|18|29|31|49|48|51|38|52|38|44|47|65|0|14|35|31|152|78|60|79|8|14|25|24|0|14|3078|636|1684|387|106|94|19|32|127|116|33|34|19|23|121|113|136|93|167|90|259|148|242|129|179|77|195|69|81|53|1394|328|59|62|3|6|60|63|81|79|0|14|30|31|78|51|227|124|73|52|246|145|213|81|195|62|129|59
1400000US25005651100|5167|749|1643|520|824|334|212|177|0|19|84|84|84|76|0|19|56|58|22|25|52|62|25|29|0|19|151|92|65|64|73|93|819|278|27|41|0|19|51|68|99|107|0|19|38|61|140|122|97|76|233|124|31|42|55|52|24|21|24|27|3524|728|1809|476|141|109|43|55|47|39|54|46|18|31|23|37|252|131|207|106|394|182|258|105|118|89|127|84|127|170|1715|378|138|96|8|13|111|72|22|27|11|21|40|44|210|103|114|81|204|87|186|95|207|111|277|215|187|162
1400000US25005651200|2367|377|572|201|185|98|72|55|0|14|5|9|0|14|14|23|0|14|0|14|0|14|43|38|34|33|17|19|0|14|0|14|387|146|17|20|0|14|3|5|3|7|0|14|33|50|60|57|95|56|82|63|71|58|19|21|0|14|4|32|1795|299|966|246|83|66|6|11|50|41|6|12|0|14|44|44|84|57|342|146|141|44|146|89|42|35|22|19|0|14|829|174|67|45|0|14|69|53|88|68|15|20|11|18|68|81|151|63|146|54|79|43|47|47|81|44|7|9
1400000US25005651300|2163|360|641|195|263|97|26|43|0|14|14|25|6|9|0|14|0|14|76|61|11|18|46|39|42|42|6|9|15|14|21|32|378|142|44|35|0|14|33|26|21|33|0|14|20|32|0|14|40|27|98|59|60|48|29|34|0|14|33|33|1522|329|789|175|0|14|10|11|62|45|0|14|0|14|18|25|35|31|242|90|203|134|73|47|51|31|58|28|37|30|733|226|62|92|14|21|88|72|0|14|0|14|14|18|79|66|143|77|95|57|42|33|68|52|83|39|45|33
1400000US25005651400|3183|488|763|286|342|173|23|34|0|14|0|14|55|86|16|18|16|25|32|40|39|39|54|47|83|59|12|19|12|22|0|14|421|163|8|13|0|14|33|28|22|29|7|11|13|15|18|24|86|65|73|60|74|54|58|61|24|26|5|10|2420|479|1341|297|61|57|20|34|109|79|12|21|0|14|39|44|175|119|83|62|218|118|229|153|201|80|160|150|34|42|1079|235|74|50|0|14|36|36|53|42|0|14|0|14|113|100|209|82|77|56|218|91|136|79|110|54|53|67
1400000US25005651500|3092|431|375|220|199|143|0|14|8|13|28|38|14|28|0|14|0|14|36|53|42|48|20|33|13|23|29|38|9|18|0|14|176|158|39|51|0|14|33|45|0|14|0|14|0|14|10|20|51|53|10|18|0|14|21|34|0|14|12|22|2717|485|1375|304|210|106|0|14|41|44|48|57|0|14|77|57|128|79|233|110|131|82|90|59|152|77|195|163|70|74|1342|268|106|68|0|14|93|55|12|22|26|36|0|14|61|43|207|103|171|61|172|75|175|83|225|146|94|56
1400000US25005651600|3872|822|382|252|215|186|0|14|44|63|38|60|0|14|40|65|0|14|22|39|0|14|0|14|0|14|36|44|26|39|9|16|167|91|0|14|0|14|0|14|0|14|25|34|0|14|0|14|1|2|39|53|21|30|47|41|18|23|16|18|3490|807|1979|607|123|125|30|40|174|181|162|131|72|52|17|21|73|61|328|228|280|93|317|125|255|110|139|54|9|16|1511|359|121|113|0|14|130|66|33|34|45|52|32|42|173|123|268|162|174|85|305|128|61|49|117|59|52|38
1400000US25005651700|2271|327|587|222|179|115|17|31|0|14|0|14|39|38|0|14|0|14|0|14|34|54|0|14|9|14|55|75|0|14|25|38|408|158|17|32|33|32|44|36|0|14|19|32|0|14|11|19|84|50|35|32|58|72|48|39|59|74|0|14|1684|370|929|260|144|115|0|14|28|26|37|51|0|14|64|76|62|47|130|78|74|35|160|111|137|135|79|55|14|23|755|183|4|8|38|61|39|42|14|19|0|14|7|11|73|51|64|63|100|67|113|98|161|119|55|42|87|65
1400000US25005651800|2014|267|901|230|384|127|0|14|0|14|0|14|0|14|0|14|0|14|28|46|39|52|0|14|25|42|89|58|71|56|132|100|517|168|0|14|0|14|0|14|0|14|0|14|0|14|0|14|73|86|0|14|39|43|313|135|57|38|35|42|1113|228|520|161|0|14|0|14|83|44|0|14|0|14|20|27|28|42|65|66|45|40|170|90|57|49|29|27|23|41|593|192|0|14|45|45|0|14|0|14|0|14|0|14|112|74|144|74|114|44|16|22|41|36|94|51|27|23
1400000US25005651900|2115|346|459|177|302|159|13|18|7|10|16|27|0|14|0|14|0|14|44|46|19|22|19|28|35|54|121|94|6|8|22|29|157|75|0|14|10|15|0|14|0|14|0|14|0|14|33|69|38|31|24|33|25|28|17|20|10|12|0|14|1656|313|811|217|42|45|26|28|147|57|42|39|18|31|33|35|46|48|94|58|150|76|46|34|22|27|119|114|26|22|845|166|59|46|0|14|122|37|19|16|0|14|0|14|67|36|149|50|175|65|53|41|64|39|97|70|40|40
1400000US25005652000|2879|432|521|213|227|146|0|14|0|14|32|52|0|14|5|13|0|14|0|14|43|69|0|14|45|49|58|74|0|14|44|69|294|141|40|45|8|14|5|11|0|14|0|14|4|10|0|14|72|64|42|49|10|16|62|58|51|48|0|14|2358|439|1235|355|65|73|0|14|203|121|17|27|0|14|54|66|130|91|186|82|100|71|244|110|129|107|82|57|25|29|1123|195|0|14|38|46|68|37|70|72|23|37|11|18|56|50|266|124|179|102|160|76|166|78|40|27|46|31
1400000US25005652100|3132|400|116|77|70|66|0|14|0|14|0|14|0|14|0|14|0|14|0|14|2|5|45|60|0|14|3|9|11|17|9|14|46|37|0|14|0|14|0|14|0|14|0|14|0|14|0|14|0|14|10|16|0|14|36|33|0|14|0|14|3016|395|1450|181|144|43|0|14|88|76|48|55|0|14|64|39|131|67|200|96|209|44|76|48|245|75|197|87|48|35|1566|274|107|83|7|14|132|75|45|49|41|42|40|42|136|70|214|104|152|60|162|108|281|106|189|93|60|40
1400000US25005652200|2845|354|233|173|138|153|0|14|0|14|0|14|0|14|0|14|0|14|64|76|0|14|0|14|6|11|62|80|6|9|0|14|95|66|0|14|0|14|0|14|0|14|13|21|0|14|0|14|0|14|35|41|21|25|20|29|0|14|6|9|2612|341|1357|181|13|26|0|14|265|66|40|56|0|14|23|36|181|109|129|74|129|76|156|73|123|62|127|71|171|55|1255|199|18|27|0|14|141|91|13|15|44|50|0|14|152|112|107|67|129|76|250|103|107|59|163|60|131|57
1400000US25005652300|2519|718|248|140|130|99|0|14|2|9|24|40|0|14|0|14|0|14|0|14|30|45|0|14|21|35|30|43|12|21|11|17|118|73|0|14|0|14|3|9|0|14|0|14|0|14|14|22|3|8|10|18|11|18|40|44|0|14|37|34|2271|712|1224|290|15|24|34|55|164|114|192|218|36|46|41|50|147|105|167|124|167|91|36|35|76|72|122|103|27|23|1047|485|39|43|159|221|8|23|9|25|28|35|11|21|53|51|78|56|351|254|71|64|135|86|48|38|57|41
1400000US25005652400|2767|460|503|296|87|78|0|14|0|14|0|14|15|29|0|14|6|12|18|28|17|32|25|34|5|12|1|3|0|14|0|14|416|268|31|36|17|27|110|127|0|14|0|14|0|14|37|41|33|41|93|135|15|23|17|29|47|43|16|19|2264|445|1033|222|97|60|19|25|103|67|69|55|20|32|0|14|61|53|224|112|54|50|121|63|85|60|136|79|44|35|1231|249|106|81|20|32|76|66|24|25|68|62|23|24|57|58|204|92|167|71|170|71|69|56|162|79|85|65
1400000US25005652500|3216|555|634|446|282|231|12|19|0|14|93|89|36|60|41|65|0|14|0|14|13|20|38|60|25|40|24|27|0|14|0|14|352|234|0|14|0|14|44|54|29|45|13|20|37|59|37|61|110|89|37|60|0|14|34|42|11|18|0|14|2582|494|1532|249|127|136|47|60|213|89|58|55|6|19|6|19|129|91|265|134|224|105|179|87|150|78|60|36|68|42|1050|301|117|73|0|14|71|65|39|48|23|37|97|88|25|29|242|102|146|104|131|83|45|32|69|59|45|37
1400000US25005652600|3359|705|865|363|560|309|66|75|0|14|0|14|7|16|21|33|0|14|263|255|77|62|4|9|122|99|0|14|0|14|0|14|305|167|43|69|0|14|8|17|0|14|0|14|19|32|7|12|80|77|41|56|26|33|12|18|59|69|10|18|2494|669|1059|341|97|74|0|14|189|110|62|60|0|14|14|24|149|126|180|165|173|77|62|68|50|62|52|49|31|37|1435|389|129|163|0|14|171|102|77|55|39|52|68|68|128|132|160|104|122|97|238|126|67|58|134|79|102|95
1400000US25005652700|3507|653|677|204|306|106|38|58|0|14|59|57|0|14|12|19|0|14|10|19|12|20|11|17|54|52|31|28|68|43|11|18|371|148|27|43|0|14|22|26|12|20|0|14|24|38|32|44|104|78|19|28|61|59|53|49|5|8|12|19|2830|676|1340|338|116|97|91|100|158|87|10|14|0|14|10|15|170|96|177|99|101|67|176|110|164|75|101|53|66|45|1490|437|83|83|0|14|163|115|70|55|20|31|10|15|119|84|313|151|182|103|208|102|86|59|133|58|103|77
1400000US25005652800|3171|428|124|86|43|53|8|13|0|14|8|13|0|14|0|14|9|14|0|14|0|14|8|14|0|14|0|14|10|15|0|14|81|58|0|14|0|14|0|14|0|14|0|14|0|14|40|48|0|14|9|13|0|14|32|36|0|14|0|14|3047|431|1642|261|61|44|0|14|127|120|41|36|0|14|0|14|53|51|379|163|153|94|209|86|237|98|290|120|92|53|1405|317|20|23|10|16|118|75|50|67|0|14|127|109|42|30|132|68|207|140|183|95|223|104|193|43|100|54
1400000US25005653101|6730|649|506|238|211|168|0|19|0|19|13|21|0|19|0|19|0|19|94|145|0|19|0|19|31|47|19|31|54|49|0|19|295|164|0|19|0|19|0|19|57|85|0|19|0|19|0|19|12|21|103|82|12|20|65|55|36|43|10|17|6224|662|2936|449|77|92|21|35|166|76|53|52|68|77|12|20|254|160|469|225|395|192|393|150|414|145|390|155|224|114|3288|399|144|87|133|140|206|108|177|108|22|34|43|49|123|83|358|164|480|182|373|132|475|145|329|145|425|168
1400000US25005653102|4254|483|40|38|11|16|0|14|0|14|0|14|0|14|0|14|0|14|0|14|10|16|0|14|0|14|1|2|0|14|0|14|29|34|0|14|0|14|0|14|0|14|0|14|0|14|0|14|0|14|0|14|0|14|9|14|0|14|20|32|4214|478|2110|256|67|62|59|95|121|59|134|49|27|38|118|109|156|80|128|110|369|126|257|85|389|95|152|57|133|65|2104|281|105|117|41|50|211|77|35|37|16|18|115|94|109|68|181|124|240|103|318|93|455|104|162|56|116|57
1400000US25005653203|4873|598|307|200|103|86|24|38|0|14|0|14|0|14|0|14|0|14|0|14|28|38|0|14|0|14|3|7|48|42|0|14|204|135|0|14|0|14|23|35|0|14|0|14|0|14|26|39|24|39|20|31|13|20|30|32|42|41|26|34|4566|618|1939|399|37|60|0|14|164|141|80|72|27|34|21|34|159|92|323|231|200|107|351|176|341|130|125|68|111|63|2627|391|57|67|46|65|82|78|156|142|61|93|0|14|209|146|213|109|443|182|518|268|441|158|165|78|236|107
1400000US25005653204|3018|453|197|116|100|73|0|14|0|14|0|14|0|14|0|14|0|14|54|68|3|9|0|14|0|14|19|20|16|19|8|13|97|59|0|14|0|14|0|14|0|14|0|14|0|14|5|8|0|14|7|12|33|37|26|35|8|14|18|21|2821|471|1600|245|76|64|20|23|88|51|18|19|0|14|38|32|264|128|194|94|122|71|322|107|302|107|125|57|31|37|1221|275|40|43|0|14|66|36|7|12|29|25|47|57|96|67|118|67|100|57|311|107|207|105|116|60|84|57
1400000US25005653301|5099|566|352|180|163|87|0|19|0|19|0|19|0|19|0|19|0|19|15|25|41|59|0|19|0|19|8|21|70|69|29|32|189|141|0|19|0|19|0|19|0|19|0|19|0|19|1|3|0|19|17|28|0|19|26|34|15|24|130|124|4747|587|2310|357|31|44|0|19|203|174|47|43|23|40|72|73|190|144|276|123|339|158|185|79|257|100|427|129|260|135|2437|344|94|73|11|22|57|87|66|70|0|19|42|59|178|97|239|126|226|149|338|132|422|104|427|135|337|141
1400000US25005653304|3268|392|275|276|79|82|0|14|0|14|0|14|0|14|0|14|0|14|49|78|0|14|0|14|0|14|0|14|0|14|30|30|196|201|0|14|0|14|0|14|0|14|0|14|0|14|148|210|0|14|0|14|19|21|0|14|21|24|8|13|2993|326|1525|187|46|50|18|28|87|56|77|83|57|61|7|12|40|38|97|74|201|93|95|50|363|74|286|106|151|66|1468|203|39|35|0|14|83|66|27|28|0|14|41|46|100|57|71|56|172|56|158|65|306|107|333|79|138|51
1400000US25005654100|7269|380|366|287|151|111|0|19|0|19|0|19|0|19|52|79|0|19|0|19|25|41|0|19|0|19|42|49|10|19|22|35|215|203|0|19|0|19|0|19|28|47|0|19|0|19|52|79|0|19|54|76|36|60|12|21|0|19|33|38|6903|493|3308|344|188|115|0|19|304|134|107|80|0|19|62|61|257|142|439|174|278|115|477|140|493|128|395|119|308|124|3595|323|84|77|47|73|284|133|194|111|11|19|137|93|351|151|363|126|410|113|426|144|571|140|540|155|177|71
1400000US25005654200|3294|382|171|115|104|84|0|14|0|14|46|69|0|14|0|14|0|14|0|14|3|6|0|14|29|46|17|20|0|14|9|14|67|46|0|14|0|14|0|14|0|14|0|14|0|14|4|5|23|34|11|18|2|5|1|3|0|14|26|25|3123|358|1539|197|78|46|20|18|93|49|8|13|26|27|19|23|93|55|168|76|203|73|62|35|349|84|203|74|217|117|1584|216|123|58|19|22|59|37|18|23|0|14|22|27|126|81|146|72|153|45|226|105|259|78|217|69|216|138
1400000US25005655100|3766|296|135|77|51|44|14|23|0|14|0|14|0|14|0|14|0|14|0|14|12|19|7|12|0|14|8|13|10|15|0|14|84|44|4|7|0|14|0|14|0|14|0|14|0|14|5|10|0|14|12|15|6|10|9|13|19|20|29|27|3631|308|1798|191|69|51|8|13|109|51|56|34|19|23|122|117|126|53|222|76|274|98|261|80|200|66|184|60|148|86|1833|227|22|20|21|29|76|48|161|107|23|23|65|65|111|62|140|63|281|98|277|68|285|91|216|79|155|69
1400000US25005655200|4417|477|520|236|291|183|0|14|18|29|48|71|0|14|0|14|0|14|104|159|1|4|0|14|0|14|29|38|12|20|79|75|229|116|0|14|0|14|22|35|0|14|0|14|0|14|10|19|9|25|66|78|0|14|2|5|34|38|86|48|3897|546|1803|452|0|14|34|57|32|53|34|56|41|55|5|9|98|64|342|130|115|105|299|186|550|411|130|88|123|61|2094|324|77|81|0|14|81|71|128|125|8|15|0|14|114|69|290|149|218|91|358|103|93|60|327|137|400|222
1400000US25005655300|3319|410|204|109|44|43|0|14|0|14|0|14|0|14|0|14|0|14|2|5|6|12|23|36|0|14|3|6|0|14|10|15|160|85|0|14|0|14|0|14|0|14|0|14|0|14|0|14|9|16|0|14|0|14|54|53|59|49|38|48|3115|412|1400|217|95|62|0|14|83|76|39|34|31|41|8|14|69|59|226|108|245|88|155|118|240|94|104|50|105|58|1715|259|19|28|46|55|76|59|62|53|0|14|0|14|280|154|212|88|220|120|132|70|298|106|185|90|185|69
1400000US25005655400|3848|345|312|174|145|125|35|41|0|14|35|41|10|16|0|14|0|14|0|14|0|14|37|43|0|14|0|14|18|20|10|15|167|82|29|34|0|14|0|14|10|17|0|14|0|14|0|14|10|15|25|23|7|11|51|55|8|13|27|27|3536|388|1725|249|48|49|35|40|15|21|71|54|0|14|31|32|59|37|198|113|134|61|199|82|458|145|371|76|106|52|1811|227|62|50|3|8|59|50|35|45|11|16|30|34|20|22|200|96|136|76|215|78|413|118|430|79|197|90
1400000US25005985500|1384|186|38|35|11|12|0|14|0|14|0|14|0|14|0|14|0|14|0|14|0|14|2|6|2|4|7|10|0|14|0|14|27|27|0|14|0|14|0|14|0|14|0|14|8|12|0|14|0|14|3|10|8|10|8|11|0|14|0|14|1346|190|732|120|39|35|0|14|58|33|19|18|8|12|26|19|73|53|63|35|58|23|105|30|127|64|137|43|19|25|614|99|37|32|4|8|20|16|14|14|0|14|4|7|31|23|74|37|60|21|109|40|124|50|94|27|43|36
1400000US25005985600|3573|413|449|356|117|72|0|19|0|19|0|19|0|19|0|19|0|19|25|37|0|19|0|19|0|19|0|19|77|59|15|16|332|350|0|19|0|19|0|19|111|160|82|102|0|19|26|31|0|19|68|99|0|19|25|29|20|19|0|19|3124|334|1486|195|68|59|14|22|136|69|59|43|0|19|35|31|88|74|142|62|243|96|233|59|250|85|134|62|84|49|1638|201|115|55|0|19|68|43|45|34|45|36|58|37|131|81|187|91|143|62|308|105|266|69|218|82|54|36
1400000US25005990000|0|14|0|14|0|14|0|14|0|14|0|14|0|14|0|14|0|14|0|14|0|14|0|14|0|14|0|14|0|14|0|14|0|14|0|14|0|14|0|14|0|14|0|14|0|14|0|14|0|14|0|14|0|14|0|14|0|14|0|14|0|14|0|14|0|14|0|14|0|14|0|14|0|14|0|14|0|14|0|14|0|14|0|14|0|14|0|14|0|14|0|14|0|14|0|14|0|14|0|14|0|14|0|14|0|14|0|14|0|14|0|14|0|14|0|14|0|14
1400000US25007200100|4803|46|269|203|150|143|22|36|0|14|17|30|0|14|0|14|0|14|24|3|0|14|0|14|87|128|0|14|0|14|0|14|119|107|0|14|0|14|0|14|0|14|0|14|0|14|0|14|53|54|18|31|0|14|0|14|48|79|0|14|4534|206|2323|272|18|30|0|14|124|83|19|31|52|64|43|46|149|144|254|165|251|168|310|173|603|205|294|165|206|120|2211|289|169|113|0|14|116|80|104|65|82|69|0|14|89|76|241|186|127|65|135|86|551|223|222|155|375|166
1400000US25007200200|5241|110|306|273|50|85|0|19|0|19|0|19|0|19|0|19|0|19|0|19|15|65|0|19|35|58|0|19|0|19|0|19|256|276|0|19|0|19|0|19|0|19|0|19|0|19|0|19|23|33|22|32|121|158|80|118|10|17|0|19|4935|272|2359|243|28|48|0|19|224|146|236|119|0|19|104|110|0|19|305|221|222|140|337|157|232|149|555|195|116|109|2576|298|163|111|0|19|82|87|128|99|51|80|141|159|82|98|275|186|496|171|241|197|267|143|385|196|265|151
1400000US25007200300|5176|45|303|229|139|99|0|19|0|19|0|19|44|68|0|19|0|19|0|19|10|17|0|19|0|19|72|66|0|19|13|27|164|166|0|19|0|19|40|65|0|19|0|19|0|19|21|42|0|19|29|53|74|112|0|19|0|19|0|19|4873|240|2282|291|40|41|0|19|69|77|0|19|48|60|0|19|338|334|241|171|229|161|171|93|580|223|236|131|330|158|2591|295|23|26|0|19|188|97|101|78|0|19|38|61|202|111|405|189|155|123|207|162|611|202|284|160|377|174
1400000US25007200400|5266|19|224|146|163|123|0|19|0|19|0|19|0|19|0|19|29|45|0|19|49|88|0|19|35|52|39|50|5|7|6|10|61|54|0|19|0|19|0|19|0|19|0|19|0|19|0|19|0|19|0|19|21|37|4|6|18|22|18|24|5042|147|2569|202|185|88|8|15|236|137|37|39|17|19|46|49|199|160|152|115|332|170|284|138|381|197|432|152|260|94|2473|189|101|55|4|6|146|59|42|34|69|61|11|19|72|63|137|103|301|131|399|158|287|114|771|162|133|60
1400000US25007990000|0|14|0|14|0|14|0|14|0|14|0|14|0|14|0|14|0|14|0|14|0|14|0|14|0|14|0|14|0|14|0|14|0|14|0|14|0|14|0|14|0|14|0|14|0|14|0|14|0|14|0|14|0|14|0|14|0|14|0|14|0|14|0|14|0|14|0|14|0|14|0|14|0|14|0|14|0|14|0|14|0|14|0|14|0|14|0|14|0|14|0|14|0|14|0|14|0|14|0|14|0|14|0|14|0|14|0|14|0|14|0|14|0|14|0|14|0|14
1400000US25009201100|3281|36|222|120|85|66|11|18|12|20|0|14|0|14|0|14|0|14|0|14|9|14|14|22|25|38|0|14|14|15|0|14|137|80|10|15|0|14|0|14|0|14|0|14|0|14|0|14|12|19|41|48|0|14|16|18|9|14|49|44|3059|122|1460|182|120|80|0|14|61|41|35|53|14|18|9|14|150|56|92|62|138|86|169|67|295|96|245|73|132|47|1599|181|29|33|0|14|31|32|9|12|35|30|12|19|69|55|98|58|93|53|220|68|421|160|445|143|137|47
1400000US25009202101|2335|251|97|62|43|36|0|14|0|14|0|14|0|14|0|14|0|14|0|14|6|10|15|18|11|15|5|8|0|14|6|9|54|47|0|14|0|14|0|14|0|14|0|14|0|14|0|14|0|14|0|14|5|8|26|25|2|7|21|24|2238|241|1153|150|42|24|9|13|89|30|95|33|21|17|19|17|156|74|64|43|130|46|183|59|171|60|103|36|71|30|1085|143|44|24|10|10|81|32|39|39|13|14|28|22|60|43|109|53|160|68|190|50|139|50|121|32|91|43
1400000US25009202103|1520|345|327|359|91|84|0|14|0|14|0|14|0|14|0|14|0|14|0|14|9|16|64|79|0|14|18|29|0|14|0|14|236|288|124|192|0|14|0|14|0|14|0|14|0|14|56|88|39|62|0|14|0|14|17|28|0|14|0|14|1193|169|525|92|36|27|6|10|33|27|15|18|5|9|10|12|27|26|84|43|81|39|93|47|80|47|36|36|19|22|668|115|38|34|21|27|60|29|47|27|0|14|16|23|46|41|59|38|124|71|85|42|64|39|63|45|45|46
1400000US25009202104|5046|641|410|187|200|126|0|19|0|19|0|19|25|50|0|19|0|19|0|19|16|27|0|19|0|19|40|63|67|99|52|81|210|115|0|19|0|19|37|45|0|19|0|19|0|19|0|19|37|50|49|49|0|19|48|40|14|22|25|31|4636|676|2173|438|150|95|64|77|48|73|50|76|35|42|59|55|112|101|231|134|426|357|315|124|296|120|278|119|109|66|2463|390|79|87|26|44|71|69|69|48|0|19|54|59|138|125|510|342|211|106|393|135|378|142|322|110|212|136
1400000US25009202200|6228|683|220|126|107|89|0|19|0|19|0|19|0|19|0|19|0|19|62|82|25|42|0|19|0|19|20|34|0|19|0|19|113|90|0|19|0|19|0|19|0|19|0|19|0|19|0|19|19|31|35|52|1|2|0|19|0|19|58|68|6008|694|2905|392|178|138|40|44|189|105|161|83|46|43|48|56|177|120|140|81|391|105|534|154|492|212|277|101|232|106|3103|423|262|128|30|35|218|102|59|61|20|24|0|19|297|192|186|121|325|119|558|155|555|224|313|115|280|97
1400000US25009203100|7047|629|176|151|107|96|0|19|0|19|0|19|0|19|0|19|0|19|28|46|0|19|0|19|38|47|28|29|0|19|13|22|69|69|0|19|0|19|0|19|0|19|0|19|0|19|0|19|0|19|0|19|26|44|0|19|14|24|29|48|6871|657|3189|318|81|62|34|38|183|84|201|98|0|19|261|103|250|122|226|95|363|116|713|205|423|114|273|88|181|82|3682|459|101|93|117|137|345|127|209|111|31|37|151|85|124|131|340|171|503|145|523|148|585|146|387|107|266|106
1400000US25009203200|4521|486|178|116|69|56|0|14|0|14|0|14|10|18|0|14|10|17|12|18|0|14|0|14|8|14|10|17|19|22|0|14|109|72|0|14|0|14|0|14|10|17|9|17|0|14|0|14|0|14|0|14|33|32|17|18|0|14|40|49|4343|526|2137|299|49|35|33|29|150|75|142|71|77|63|78|44|150|77|90|36|165|50|373|106|308|67|313|138|209|64|2206|280|105|79|10|16|179|150|96|43|17|19|107|50|115|68|99|51|199|49|346|94|387|120|305|113|241|75
1400000US25009203301|4340|536|208|135|35|28|0|14|0|14|5|8|0|14|0|14|0|14|0|14|0|14|0|14|5|8|0|14|21|24|4|6|173|128|0|14|0|14|24|39|0|14|12|19|6|10|16|25|0|14|39|54|12|20|43|57|12|18|9|14|4132|546|2003|319|61|41|0|14|90|50|164|73|34|25|134|118|127|148|138|77|184|66|363|113|258|147|282|102|168|70|2129|335|66|47|0|14|128|62|139|138|70|44|103|99|104|68|84|48|187|74|476|129|340|130|311|98|121|51
1400000US25009203302|4325|523|197|143|48|57|0|14|0|14|0|14|0|14|0|14|0|14|0|14|0|14|0|14|0|14|34|52|14|23|0|14|149|106|0|14|0|14|0|14|0|14|32|49|0|14|0|14|0|14|0|14|0|14|15|26|102|95|0|14|4128|553|2120|360|46|41|0|14|69|61|64|67|0|14|154|106|217|221|150|145|223|110|179|78|434|187|329|225|255|74|2008|301|93|89|0|14|45|42|93|95|30|33|14|23|98|72|135|78|257|99|294|132|360|161|295|189|294|98
1400000US25009204101|4365|471|512|217|154|92|0|14|0|14|0|14|54|65|12|19|0|14|0|14|29|39|0|14|4|7|44|49|11|20|0|14|358|150|22|34|0|14|52|42|0|14|9|15|0|14|74|87|48|36|43|46|71|81|28|30|1|3|10|15|3853|451|1728|271|67|52|13|20|129|59|30|33|0|14|11|17|109|73|343|160|306|124|223|92|242|131|172|49|83|46|2125|288|39|39|0|14|146|96|23|26|54|62|20|23|269|200|399|146|243|81|376|142|181|83|212|62|163|105
1400000US25009204102|4012|447|532|239|237|120|37|43|0|14|0|14|8|13|0|14|0|14|0|14|47|57|14|22|23|28|28|34|67|84|13|19|295|134|14|21|0|14|27|25|21|32|0|14|0|14|30|44|9|15|34|30|1|3|6|9|130|98|23|21|3480|432|1559|274|68|62|30|35|50|35|34|29|14|22|51|43|118|83|185|85|123|63|132|59|449|199|192|87|113|59|1921|269|44|43|13|18|30|28|23|26|0|14|6|10|176|86|405|164|201|65|212|78|315|89|335|116|161|64
1400000US25009204200|4905|700|723|453|289|189|96|148|0|14|0|14|0|14|0|14|0|14|63|74|17|28|0|14|0|14|80|78|33|53|0|14|434|288|23|39|0|14|0|14|0|14|0|14|0|14|110|130|204|238|41|49|0|14|0|14|56|73|0|14|4182|659|1977|366|82|88|0|14|15|33|119|82|38|59|18|29|247|186|562|169|434|199|185|105|158|114|83|78|36|35|2205|432|68|67|0|14|18|31|92|88|0|14|0|14|205|117|369|202|350|223|249|104|409|136|317|169|128|85
1400000US25009204300|4061|568|1371|487|697|338|64|69|33|40|91|64|35|44|0|14|11|17|27|43|36|36|66|70|30|45|31|35|1|3|272|287|674|339|102|148|0|14|45|50|35|50|0|14|44|62|51|54|99|84|61|53|0|14|150|125|49|33|38|34|2690|513|1073|313|38|44|0|14|67|79|77|59|0|14|0|14|85|87|254|120|194|93|59|53|167|70|106|53|26|30|1617|284|29|34|0|14|157|125|22|33|0|14|71|99|82|62|394|171|235|124|168|74|244|99|152|54|63|53
1400000US25009204400|3418|473|428|281|92|50|27|43|0|14|0|14|0|14|0|14|0|14|0|14|16|23|9|15|10|16|0|14|20|31|10|16|336|266|29|46|0|14|0|14|0|14|0|14|0|14|0|14|33|53|11|16|10|16|30|35|27|39|196|236|2990|422|1455|231|57|48|17|26|71|47|64|50|0|14|51|42|42|40|285|115|175|63|277|91|133|66|239|77|44|32|1535|269|80|53|0|14|35|53|35|41|0|14|41|41|87|109|338|98|269|85|250|93|135|51|223|66|42|30
1400000US25009204500|3333|461|285|143|97|79|0|14|0|14|0|14|0|14|0|14|22|34|0|14|0|14|4|9|45|50|0|14|9|14|17|20|188|80|0|14|23|35|8|13|0|14|0|14|0|14|12|19|22|27|39|47|2|6|32|37|29|27|21|21|3048|449|1498|250|18|23|0|14|92|65|94|73|0|14|48|48|18|31|322|91|206|96|307|138|218|108|114|68|61|41|1550|305|58|52|0|14|76|64|26|26|0|14|9|14|146|102|383|147|260|114|143|65|264|131|116|55|69|46
1400000US25009204600|5073|619|421|245|131|89|0|19|0|19|0|19|0|19|0|19|40|59|0|19|36|46|15|25|26|42|13|19|1|3|0|19|290|193|0|19|0|19|43|62|0|19|0|19|0|19|67|81|10|21|14|22|76|82|36|53|44|48|0|19|4652|657|2134|427|0|19|35|40|72|63|0|19|15|30|0|19|248|243|474|179|404|159|153|111|328|156|389|196|16|19|2518|496|130|107|18|32|89|83|84|89|17|36|48|53|345|203|347|143|274|131|341|140|357|182|255|152|213|228
1400000US25009204701|7080|778|926|600|285|187|17|28|0|19|96|150|0|19|0|19|0|19|0|19|61|60|0|19|0|19|73|88|17|27|21|23|641|549|0|19|70|112|130|205|0|19|0|19|0|19|82|128|167|193|88|114|0|19|0|19|71|57|33|33|6154|821|2850|484|159|151|22|42|300|95|175|93|46|50|44|46|362|162|512|202|131|94|270|141|425|198|186|116|218|90|3304|537|61|60|0|19|189|80|24|38|6|10|63|74|414|336|506|218|313|173|422|177|647|363|402|124|257|101
1400000US25009204702|6577|645|672|547|267|250|0|19|0|19|0|19|93|126|0|19|47|68|0|19|0|19|25|41|102|124|0|19|0|19|0|19|405|325|0|19|0|19|45|66|0|19|0|19|0|19|53|79|1|2|233|209|0|19|35|39|0|19|38|61|5905|643|2695|347|173|88|0|19|203|127|29|17|61|70|15|31|302|123|397|152|539|206|317|132|314|124|152|73|193|83|3210|471|89|73|80|90|131|120|200|131|44|62|48|30|269|143|537|184|629|315|417|127|378|120|252|100|136|65
1400000US25009205100|5824|691|392|332|151|122|0|19|0|19|51|76|0|19|0|19|0|19|0|19|0|19|48|74|7|19|0|19|45|71|0|19|241|272|0|19|0|19|160|187|0|19|0|19|0|19|0|19|26|47|48|70|0|19|0|19|7|20|0|19|5432|738|2677|474|113|89|14|25|220|120|97|108|26|31|112|89|277|232|290|125|172|118|391|186|559|166|178|87|228|72|2755|401|335|177|76|78|107|80|32|56|43|48|60|52|184|137|288|154|346|139|428|213|405|154|242|90|209|91
1400000US25009205200|6083|870|469|359|158|139|0|19|0|19|90|137|0|19|0|19|0|19|3|6|0|19|2|7|23|39|6|7|0|19|34|44|311|225|0|19|47|72|20|34|20|33|0|19|58|61|0|19|49|73|0|19|41|48|21|33|2|5|53|54|5614|935|3015|492|124|149|0|19|230|115|27|49|0|19|176|115|518|258|371|167|595|293|420|253|317|126|168|94|69|67|2599|587|101|128|55|57|199|125|106|116|68|74|85|131|114|123|361|180|281|148|395|203|272|125|391|181|171|98
1400000US25009205300|4372|542|321|312|237|235|0|14|0|14|52|79|64|75|0|14|19|25|0|14|0|14|1|2|48|73|2|4|51|54|0|14|84|84|0|14|0|14|0|14|0|14|0|14|0|14|0|14|0|14|0|14|68|79|16|26|0|14|0|14|4051|487|2283|383|92|76|0|14|176|70|148|89|25|27|97|68|236|131|141|64|273|90|368|135|286|165|303|105|138|63|1768|289|87|75|0|14|49|48|64|56|25|30|40|47|143|85|149|78|365|116|310|98|239|125|155|56|142|64
1400000US25009205400|5309|659|367|361|215|227|53|52|0|19|0|19|33|54|31|50|32|50|0|19|7|14|59|60|0|19|0|19|0|19|0|19|152|140|0|19|0|19|44|52|0|19|0|19|0|19|0|19|0|19|90|92|0|19|0|19|0|19|18|20|4942|711|2526|463|199|86|0|19|193|101|53|46|41|50|60|51|163|92|315|121|393|122|352|87|405|128|193|73|159|82|2416|338|29|30|65|86|57|55|99|67|94|65|34|26|162|95|352|115|243|95|406|104|319|103|307|88|249|80
1400000US25009205500|4936|653|213|128|61|50|0|14|0|14|0|14|0|14|16|25|0|14|0|14|0|14|16|28|0|14|0|14|21|33|8|14|152|102|0|14|0|14|0|14|17|28|0|14|14|25|0|14|25|30|0|14|0|14|0|14|55|54|41|34|4723|679|2531|416|78|51|16|25|349|120|122|91|86|80|63|72|408|187|305|183|257|102|308|125|259|87|157|86|123|77|2192|423|168|118|14|25|145|106|0|14|6|9|46|43|290|198|311|152|331|121|394|153|161|76|190|88|136|71
1400000US25009205600|4283|529|831|414|372|230|109|109|0|14|33|46|39|48|0|14|0|14|12|18|45|58|29|49|16|28|15|22|7|11|67|63|459|221|0|14|0|14|102|76|53|55|0|14|0|14|0|14|92|73|75|54|0|14|24|26|88|63|25|26|3452|530|1692|333|229|214|28|26|40|43|7|11|0|14|73|79|216|97|248|135|184|109|103|55|362|95|151|68|51|33|1760|274|32|33|9|15|64|53|103|77|63|61|52|49|193|76|214|121|249|84|365|111|216|65|111|53|89|41
1400000US25009205700|5166|683|167|131|119|106|0|19|0|19|0|19|0|19|14|27|0|19|0|19|25|33|3|9|11|18|58|52|8|12|0|19|48|59|0|19|0|19|0|19|0|19|0|19|0|19|0|19|0|19|0|19|48|59|0|19|0|19|0|19|4999|694|2509|399|57|55|0|19|63|51|48|53|66|63|64|67|387|176|645|276|306|143|381|121|213|107|225|75|54|43|2490|395|172|128|10|17|134|74|189|114|0|19|24|30|134|110|398|149|348|96|493|328|252|126|211|63|125|74
1400000US25009205800|3521|774|597|482|307|254|142|186|0|14|45|52|0|14|0|14|0|14|0|14|60|52|39|60|0|14|13|15|8|13|0|14|290|238|52|84|0|14|47|78|49|55|0|14|0|14|0|14|65|73|42|47|6|8|0|14|0|14|29|40|2924|677|1454|373|31|30|37|40|178|119|64|56|8|14|87|74|235|109|55|45|293|146|157|91|76|47|177|146|56|41|1470|373|162|164|0|14|170|100|67|77|36|42|24|39|150|92|214|121|249|103|164|86|43|31|136|71|55|39
1400000US25009205900|4763|875|650|325|210|143|0|14|0|14|0|14|0|14|0|14|39|45|1|2|27|42|64|102|0|14|33|39|45|66|1|2|440|276|135|172|0|14|44|68|24|38|0|14|19|25|0|14|43|51|45|60|22|35|59|74|24|41|25|28|4113|846|2074|529|231|168|21|39|68|68|137|111|21|38|9|31|148|112|671|305|110|79|271|125|212|97|76|50|99|66|2039|427|228|145|29|40|302|216|47|62|41|20|16|27|245|127|451|180|151|101|189|74|238|124|94|55|8|18
1400000US25009206000|3205|616|311|189|161|107|0|14|0|14|27|45|0|14|0|14|0|14|2|7|62|72|0|14|26|42|0|14|44|66|0|14|150|126|0|14|0|14|30|48|0|14|0|14|0|14|0|14|20|33|0|14|35|50|0|14|56|61|9|21|2894|611|1509|428|60|56|0|14|109|78|141|104|0|14|19|28|77|57|147|93|519|239|167|134|192|93|78|72|0|14|1385|307|57|88|0|14|82|57|67|56|0|14|81|51|233|141|113|56|272|135|197|78|131|90|114|94|38|36
1400000US25009206100|4211|856|970|360|363|178|29|48|0|14|39|48|50|54|26|43|0|14|13|21|0|14|79|73|38|55|36|55|20|27|33|54|607|266|80|79|0|14|0|14|18|33|30|44|36|46|30|47|48|51|69|67|28|43|175|145|57|53|36|56|3241|850|1571|358|174|106|0|14|58|68|64|46|0|14|29|40|115|88|283|133|272|108|110|85|249|120|175|106|42|30|1670|725|77|63|0|14|294|290|55|43|0|14|63|71|233|178|241|130|340|296|108|71|115|72|94|45|50|34
1400000US25009206200|6025|1000|846|418|258|188|0|19|0|19|32|51|70|83|0|19|67|78|52|80|0|19|15|25|0|19|22|36|0|19|0|19|588|292|42|66|13|22|0|19|0|19|0|19|75|79|146|231|104|94|103|88|61|59|25|40|19|34|0|19|5179|1047|2832|640|312|205|0|19|361|217|49|76|0|19|97|83|445|159|327|145|466|206|322|218|272|99|165|95|16|25|2347|604|140|129|21|28|247|170|162|126|6|10|32|33|312|113|262|154|404|173|309|136|290|115|119|81|43|61
1400000US25009206300|4683|1131|280|221|90|112|0|14|0|14|0|14|0|14|0|14|21|32|35|43|0|14|0|14|25|39|9|15|0|14|0|14|190|175|22|36|0|14|0|14|0|14|0|14|0|14|0|14|0|14|0|14|36|39|22|36|102|152|8|13|4403|1160|2336|631|252|277|33|48|95|78|81|59|93|117|122|88|213|137|256|132|436|199|440|300|205|92|79|63|31|41|2067|601|160|92|0|14|272|174|51|49|34|33|68|51|99|88|452|333|169|84|437|352|171|96|101|73|53|43
1400000US25009206400|6946|827|436|279|232|148|37|48|0|19|21|39|23|39|0|19|0|19|83|69|13|20|46|56|0|19|0|19|9|13|0|19|204|148|0|19|0|19|66|89|8|13|0|19|0|19|19|28|28|45|31|40|24|40|28|34|0|19|0|19|6510|847|3215|454|170|127|29|35|328|170|57|59|64|56|49|55|332|120|515|206|542|164|393|97|497|274|133|53|106|61|3295|503|109|103|0|19|316|129|138|87|72|67|170|90|432|127|328|148|560|147|448|110|375|121|201|107|146|83
1400000US25009206500|3298|779|925|708|401|294|0|14|0|14|0|14|0|14|0|14|0|14|58|61|0|14|84|75|179|243|25|41|39|44|16|26|524|427|0|14|0|14|127|151|17|25|42|74|9|15|30|44|86|108|20|31|28|44|68|56|65|97|32|47|2373|528|1147|265|96|77|0|14|137|74|86|55|0|14|78|58|188|84|98|58|42|41|270|184|64|42|79|53|9|15|1226|298|185|145|23|25|5|7|57|49|21|25|18|24|132|115|157|76|273|137|118|72|112|67|61|37|64|60
1400000US25009206600|5721|776|575|328|286|175|26|42|0|19|26|43|0|19|0|19|39|60|3|9|13|25|30|52|41|48|68|69|40|43|0|19|289|174|21|35|0|19|33|45|29|47|0|19|0|19|16|26|20|32|48|59|43|55|43|49|18|22|18|25|5146|806|2842|600|106|84|33|45|297|204|9|14|25|39|121|87|368|191|676|382|335|154|237|104|211|136|338|97|86|65|2304|348|82|98|0|19|132|91|51|52|107|79|52|56|52|61|488|176|406|129|357|146|233|120|222|72|122|80
1400000US25009206700|4069|474|725|258|264|129|17|27|0|14|36|57|0|14|0|14|30|46|21|30|0|14|39|32|15|25|25|31|81|91|0|14|461|188|0|14|0|14|0|14|0|14|0|14|0|14|36|47|73|90|54|65|97|69|65|65|81|90|55|89|3344|521|1466|341|6|12|67|64|38|45|41|62|0|14|86|85|171|108|254|192|181|94|220|90|127|83|129|71|146|113|1878|344|130|80|64|82|115|66|47|53|0|14|33|52|90|61|165|107|299|127|237|127|248|100|268|105|182|95
1400000US25009206800|4080|885|1490|520|722|283|110|110|0|14|18|27|45|54|0|14|39|47|84|74|10|16|28|34|33|48|151|92|149|82|55|61|768|283|31|41|0|14|45|51|73|68|0|14|37|57|53|65|72|69|60|67|36|41|154|112|159|107|48|61|2590|970|1218|309|67|61|0|14|0|14|101|68|0|14|38|41|239|127|181|130|335|147|100|85|81|60|54|48|22|28|1372|840|0|14|77|95|240|335|37|44|0|14|205|256|31|45|118|85|328|231|139|94|98|59|39|39|60|51
1400000US25009206900|4919|751|1789|585|827|357|231|263|0|19|19|31|0|19|0|19|50|76|0|19|151|174|24|39|112|116|25|40|132|81|83|108|962|334|60|101|86|109|39|47|0|19|0|19|0|19|71|109|155|130|56|71|46|57|152|101|192|116|105|62|3130|609|1456|433|9|34|7|25|113|127|0|19|0|19|59|68|21|35|241|152|178|142|314|191|178|98|285|150|51|46|1674|395|71|110|51|53|38|64|27|47|0|19|33|55|79|75|322|236|199|146|206|108|126|95|207|137|315|245
1400000US25009207000|2045|324|515|193|162|103|0|14|0|14|0|14|0|14|0|14|0|14|12|23|5|9|20|51|8|15|60|85|32|42|25|34|353|196|11|19|0|14|0|14|9|15|0|14|0|14|12|20|8|16|42|47|0|14|33|32|52|65|186|139|1530|279|588|155|17|26|18|24|67|38|0|14|11|19|0|14|28|35|71|57|99|87|84|70|20|30|132|93|41|46|942|203|0|14|35|41|86|34|0|14|0|14|71|60|132|117|50|52|135|60|111|70|66|61|134|132|122|87
1400000US25009207100|4152|843|293|214|137|110|0|14|20|31|0|14|0|14|0|14|0|14|30|38|0|14|0|14|67|65|20|31|0|14|0|14|156|121|0|14|0|14|0|14|0|14|31|51|0|14|0|14|37|41|8|14|49|56|31|38|0|14|0|14|3859|815|2291|542|226|133|128|173|146|118|134|74|0|14|169|95|226|195|309|192|334|167|267|159|263|201|60|58|29|31|1568|337|104|135|22|38|162|110|17|27|96|61|44|49|170|125|298|125|254|138|128|73|175|94|85|70|13|21
1400000US25009207200|2644|410|566|187|166|90|0|14|0|14|0|14|0|14|0|14|0|14|0|14|14|22|16|25|83|75|41|46|0|14|12|18|400|173|31|27|0|14|88|69|16|27|0|14|0|14|36|57|0|14|61|56|52|46|55|56|43|49|18|29|2078|482|1012|319|80|78|0|14|100|69|0|14|0|14|0|14|124|97|176|114|191|102|24|31|143|72|148|101|26|25|1066|229|119|82|11|20|76|86|35|44|15|24|31|42|45|57|174|73|128|75|93|72|252|95|77|77|10|16
1400000US25009208101|5971|563|522|286|196|140|0|19|0|19|63|64|0|19|0|19|0|19|10|18|1|5|98|68|10|17|0|19|14|21|0|19|326|170|0|19|0|19|41|50|32|41|0|19|0|19|16|27|58|88|90|80|39|42|15|21|27|30|8|14|5449|559|2949|395|244|150|17|27|58|44|92|69|0|19|125|104|499|215|368|144|448|148|348|134|393|141|170|85|187|67|2500|306|27|25|38|53|87|59|73|57|10|16|31|26|206|122|454|198|380|147|380|112|363|124|235|76|216|80
1400000US25009208102|3033|434|218|142|125|89|11|17|0|14|11|17|0|14|9|15|0|14|11|17|28|41|0|14|14|19|12|18|0|14|29|38|93|64|0|14|0|14|12|18|0|14|0|14|0|14|0|14|23|27|10|16|10|15|0|14|0|14|38|40|2815|462|1272|300|87|85|0|14|136|99|32|28|10|16|0|14|63|61|62|48|189|81|224|96|304|146|74|44|91|43|1543|227|40|37|35|29|58|44|7|14|50|47|17|27|145|55|175|75|207|99|129|63|361|122|244|84|75|45
1400000US25009208200|5315|682|427|296|255|161|0|19|0|19|0|19|0|19|0|19|0|19|0|19|18|22|63|73|0|19|0|19|16|26|158|139|172|166|0|19|0|19|0|19|0|19|0|19|0|19|11|19|0|19|0|19|2|5|29|33|99|155|31|33|4888|676|2447|483|28|36|0|19|14|21|108|106|28|49|46|70|155|114|389|172|525|265|315|200|396|189|347|161|96|58|2441|351|0|19|16|25|163|130|146|129|60|72|141|136|137|96|335|132|146|88|467|186|314|142|233|116|283|130
1400000US25009208301|2690|433|148|90|52|53|0|14|0|14|0|14|9|14|0|14|0|14|0|14|0|14|0|14|15|24|0|14|2|6|26|40|96|73|0|14|0|14|0|14|0|14|0|14|0|14|0|14|8|12|9|16|68|68|0|14|11|15|0|14|2542|441|1208|231|111|111|17|27|87|70|39|61|21|25|22|24|18|29|137|86|196|125|124|77|82|64|149|74|205|127|1334|296|62|51|0|14|65|53|0|14|11|17|22|35|146|116|287|152|64|47|65|43|77|56|114|58|421|191
1400000US25009208302|5093|591|220|124|114|68|0|19|0|19|15|25|0|19|0|19|0|19|12|20|8|2|0|19|23|24|0|19|44|42|12|20|106|65|0|19|0|19|0|19|0|19|0|19|0|19|0|19|0|19|0|19|10|17|17|26|31|35|48|43|4873|600|2363|308|30|51|0|19|52|70|173|79|0|19|104|101|319|151|330|227|372|172|300|137|235|121|326|134|122|57|2510|346|87|89|10|17|111|124|115|109|24|48|16|28|223|141|364|229|307|92|316|134|443|163|300|132|194|103
1400000US25009208401|3360|874|164|123|30|29|0|14|0|14|0|14|0|14|0|14|0|14|0|14|0|14|0|14|7|11|12|19|0|14|11|19|134|102|0|14|0|14|0|14|0|14|0|14|0|14|31|65|27|34|0|14|0|14|24|26|0|14|52|42|3196|879|1566|546|160|199|83|119|34|39|65|87|0|14|93|103|0|14|194|99|100|116|293|176|197|121|269|121|78|61|1630|406|53|64|0|14|163|187|14|22|17|26|79|61|62|62|118|72|202|166|207|118|224|112|363|155|128|69
1400000US25009208402|2758|409|103|100|64|72|0|14|0|14|0|14|16|26|0|14|0|14|0|14|0|14|48|69|0|14|0|14|0|14|0|14|39|51|0|14|0|14|0|14|0|14|15|25|0|14|0|14|0|14|0|14|15|25|0|14|0|14|9|14|2655|410|1345|192|14|22|56|74|70|92|59|74|0|14|56|69|43|79|214|101|180|94|288|155|137|77|179|101|49|41|1310|344|110|100|0|14|16|27|0|14|0|14|33|61|40|47|354|262|130|76|200|97|184|105|134|62|109|67
1400000US25009209100|7340|522|611|457|283|205|0|19|0|19|46|74|0|19|0|19|0|19|0|19|67|107|114|132|1|3|20|33|18|30|17|28|328|278|0|19|0|19|87|119|36|58|0|19|0|19|0|19|0|19|126|144|14|34|0|19|36|47|29|34|6729|681|3306|526|364|253|148|149|240|132|176|141|21|33|129|116|103|76|397|144|479|229|350|151|362|121|282|102|255|112|3423|489|102|85|83|78|374|245|189|129|26|36|97|75|134|81|252|115|515|205|557|208|392|121|365|120|337|159
1400000US25009209200|5624|528|176|205|124|174|0|19|0|19|29|43|0|19|0|19|27|39|32|46|0|19|0|19|30|44|6|10|0|19|0|19|52|39|0|19|0|19|0|19|0|19|0|19|0|19|0|19|0|19|5|11|7|11|27|39|6|9|7|11|5448|554|2818|360|277|116|46|32|313|108|97|63|32|41|31|27|137|76|264|97|366|138|427|107|346|96|283|74|199|64|2630|317|136|78|58|45|135|70|92|53|49|51|109|63|229|140|242|147|288|76|291|81|442|106|341|94|218|76
1400000US25009210100|6789|751|462|260|189|146|0|19|0|19|0|19|25|39|0|19|0|19|9|14|60|95|0|19|32|38|31|51|0|19|32|52|273|158|0|19|0|19|0|19|0|19|0|19|16|25|31|36|0|19|20|31|97|90|2|6|75|97|32|41|6327|719|2943|495|135|96|21|36|136|107|15|25|94|118|164|138|208|118|274|117|361|132|293|120|633|216|448|116|161|72|3384|434|355|249|10|21|98|92|106|104|44|63|40|45|254|156|242|104|333|156|404|193|607|107|580|171|311|92
1400000US25009210200|5424|760|182|91|102|70|0|19|0|19|0|19|0|19|0|19|0|19|8|14|1|5|27|42|0|19|0|19|45|52|21|32|80|47|0|19|0|19|0|19|0|19|0|19|0|19|0|19|11|19|7|19|32|35|9|12|14|20|7|10|5242|767|2732|541|137|110|60|53|321|319|30|32|21|30|20|31|139|70|262|99|346|209|327|95|497|145|302|99|270|74|2510|308|104|57|7|11|102|66|48|63|0|19|37|32|145|77|322|93|294|238|227|78|623|127|235|82|366|87
1400000US25009210301|4833|526|237|128|45|41|0|14|0|14|0|14|0|14|16|26|0|14|17|28|0|14|0|14|10|16|2|5|0|14|0|14|192|121|0|14|0|14|0|14|0|14|0|14|0|14|1|4|2|4|0|14|18|27|0|14|18|27|153|112|4596|539|1729|342|77|104|0|14|57|106|0|14|0|14|89|101|77|116|242|190|53|47|228|155|116|73|231|158|559|239|2867|445|0|14|0|14|50|44|0|14|0|14|54|100|199|205|299|214|56|104|251|158|157|79|207|120|1594|455
1400000US25009210302|4821|722|220|161|130|124|0|19|0|19|0|19|0|19|0|19|17|26|0|19|4|8|0|19|0|19|76|107|9|16|24|41|90|63|0|19|0|19|0|19|0|19|0|19|0|19|0|19|5|13|0|19|27|45|0|19|25|29|33|34|4601|785|2254|515|248|184|0|19|131|126|0|19|20|25|74|103|147|89|548|260|240|165|158|99|228|134|254|107|206|103|2347|410|284|191|0|19|130|127|0|19|8|15|22|24|147|98|703|310|226|138|169|95|287|93|249|92|122|92
1400000US25009210401|3647|441|333|247|146|125|32|52|0|14|41|63|0|14|0|14|0|14|21|34|0|14|16|23|0|14|0|14|31|41|5|10|187|143|0|14|0|14|0|14|0|14|0|14|0|14|0|14|0|14|62|71|46|69|24|31|5|11|50|61|3314|492|1767|307|138|169|0|14|167|124|0|14|0|14|0|14|137|110|448|246|67|83|309|201|87|60|271|167|143|101|1547|339|23|38|0|14|151|109|199|178|0|14|30|44|32|55|283|198|266|155|164|139|92|66|224|117|83|86
1400000US25009210402|4036|635|376|219|156|114|8|12|0|14|0|14|0|14|0|14|8|12|13|20|71|99|0|14|0|14|35|53|21|26|0|14|220|128|8|12|0|14|0|14|0|14|0|14|29|51|0|14|10|17|66|89|60|84|35|47|0|14|12|19|3660|645|1569|304|46|36|57|88|76|56|113|58|0|14|70|85|164|103|103|61|218|114|237|110|189|112|249|91|47|34|2091|431|182|179|31|35|125|46|29|32|7|10|18|20|239|183|287|139|75|55|371|195|279|125|355|112|93|71
1400000US25009210500|6974|729|226|202|144|161|54|87|0|19|0|19|0|19|0|19|0|19|0|19|0|19|48|66|42|65|0|19|0|19|0|19|82|70|0|19|0|19|0|19|0|19|0|19|0|19|0|19|0|19|20|31|25|41|14|23|23|38|0|19|6748|708|3301|428|107|76|25|42|156|116|118|102|0|19|45|55|171|176|372|170|438|109|701|262|544|146|445|143|179|70|3447|402|91|73|40|54|271|193|112|93|0|19|149|93|251|111|265|117|374|126|604|277|600|145|401|151|289|112
1400000US25009210600|4571|724|268|128|123|70|20|24|0|14|6|12|0|14|0|14|0|14|1|4|17|26|0|14|14|23|29|25|30|28|6|9|145|75|0|14|0|14|7|12|7|11|0|14|0|14|34|29|20|32|6|11|0|14|1|5|31|32|39|31|4303|727|2176|421|38|45|54|63|253|113|60|55|34|38|99|96|309|145|210|87|368|148|253|111|192|82|219|81|87|44|2127|372|151|141|16|19|182|107|120|52|10|18|13|22|105|102|297|151|318|89|245|98|399|132|140|44|131|50
1400000US25009210700|4418|590|419|227|184|98|0|14|0|14|0|14|24|39|0|14|0|14|72|69|0|14|26|41|9|15|53|49|0|14|0|14|235|142|0|14|0|14|0|14|0|14|42|61|0|14|21|22|0|14|87|76|44|38|32|42|0|14|9|14|3999|576|1981|385|145|120|0|14|65|50|90|59|33|49|75|60|256|157|146|82|377|176|240|113|286|138|137|87|131|70|2018|346|116|74|19|21|213|194|119|66|0|14|15|19|227|164|210|97|326|155|157|73|330|112|160|81|126|63
1400000US25009210800|4041|627|414|284|195|224|0|14|0|14|0|14|0|14|0|14|0|14|73|105|82|120|0|14|0|14|23|31|17|28|0|14|219|139|0|14|0|14|0|14|0|14|0|14|0|14|0|14|79|123|0|14|10|17|44|52|12|20|74|51|3627|626|1936|404|146|134|0|14|91|128|14|24|0|14|31|49|82|136|271|157|379|200|232|169|401|320|199|109|90|57|1691|339|100|67|0|14|51|54|40|57|0|14|25|53|255|173|204|121|201|139|122|84|333|171|190|88|170|88
1400000US25009210900|3963|591|345|185|138|107|0|14|0|14|0|14|0|14|0|14|0|14|0|14|62|86|1|4|0|14|1|4|37|36|37|43|207|111|0|14|0|14|0|14|0|14|0|14|0|14|0|14|53|75|0|14|9|15|58|74|64|56|23|25|3618|577|1677|321|148|123|0|14|88|71|0|14|9|13|19|25|105|66|178|125|243|92|174|69|305|122|254|112|154|106|1941|388|140|123|7|17|117|61|50|34|6|11|13|26|57|61|188|113|244|98|184|100|259|142|250|85|426|277
1400000US25009211100|3830|510|342|198|108|70|0|14|0|14|0|14|0|14|0|14|40|52|0|14|0|14|25|41|6|11|22|31|15|26|0|14|234|144|0|14|0|14|0|14|0|14|0|14|21|29|81|88|0|14|0|14|29|40|32|43|38|38|33|17|3488|461|1734|254|58|44|0|14|54|45|111|96|15|18|37|36|50|41|308|149|159|54|223|86|287|95|212|65|220|76|1754|331|26|28|19|22|37|28|47|52|11|17|43|48|212|236|245|100|247|72|170|72|259|79|241|81|197|71
1400000US25009211201|2796|733|100|75|9|16|0|14|0|14|0|14|0|14|0|14|0|14|0|14|0|14|0|14|0|14|9|16|0|14|0|14|91|74|0|14|0|14|0|14|0|14|7|12|0|14|0|14|19|30|0|14|0|14|0|14|0|14|65|70|2696|756|1490|637|80|66|0|14|14|22|44|37|10|15|193|209|340|308|80|46|166|74|244|153|151|59|114|59|54|34|1206|268|21|26|0|14|15|18|66|43|10|16|24|24|13|21|265|230|161|67|282|137|148|52|101|53|100|60
1400000US25009211202|3702|480|341|221|91|67|0|14|0|14|26|25|20|30|0|14|9|14|0|14|0|14|1|2|0|14|10|15|6|10|19|28|250|171|0|14|27|27|53|52|26|26|0|14|23|23|0|14|0|14|55|44|9|16|3|6|21|30|33|31|3361|502|1625|299|92|68|0|14|91|58|0|14|0|14|49|64|107|84|284|161|218|91|281|136|268|103|139|73|96|52|1736|276|31|44|0|14|88|55|69|54|0|14|57|46|146|96|88|58|326|120|188|84|432|148|213|96|98|61
1400000US25009211300|6974|729|179|120|40|39|0|19|0|19|0|19|0|19|0|19|0|19|0|19|20|26|0|19|0|19|0|19|11|21|9|27|139|99|14|23|0|19|0|19|0|19|0|19|0|19|0|19|33|40|0|19|27|32|19|27|0|19|46|72|6795|759|2997|492|81|57|0|19|196|114|111|118|0|19|95|57|376|106|258|176|322|136|266|89|716|208|264|106|312|115|3798|463|325|188|74|82|233|155|80|72|30|43|147|82|290|140|251|131|442|163|458|179|685|189|417|150|366|149
1400000US25009211401|4062|411|326|144|186|102|7|13|0|14|0|14|19|28|0|14|0|14|25|30|48|61|9|15|78|69|0|14|0|14|0|14|140|98|0|14|9|17|18|28|0|14|0|14|0|14|0|14|19|28|56|62|9|14|0|14|0|14|29|32|3736|425|1608|244|35|35|0|14|104|56|54|49|18|28|51|36|89|70|121|54|325|164|218|89|280|99|113|60|200|107|2128|272|69|53|32|32|55|50|131|68|6|11|40|29|136|107|279|100|332|159|349|98|248|59|268|89|183|84
1400000US25009211402|5996|674|142|89|32|30|0|19|0|19|0|19|0|19|0|19|0|19|0|19|0|19|12|20|0|19|1|3|0|19|19|22|110|78|0|19|0|19|0|19|0|19|0|19|0|19|0|19|59|69|0|19|2|10|0|19|13|19|36|28|5854|679|2584|407|122|115|0|19|66|58|0|19|0|19|57|64|218|114|407|214|327|131|249|114|390|125|575|337|173|70|3270|441|227|141|28|36|186|130|130|83|69|69|52|59|206|121|468|212|445|122|240|117|478|148|383|155|358|107
1400000US25009212101|3822|402|159|94|51|49|0|14|0|14|0|14|0|14|0|14|0|14|4|2|0|14|0|14|0|14|26|41|12|19|9|15|108|79|0|14|0|14|0|14|0|14|0|14|0|14|0|14|36|51|0|14|10|17|33|52|0|14|29|28|3663|394|1887|264|87|64|19|30|75|52|108|72|11|20|38|33|59|54|128|69|368|117|276|139|387|147|156|87|175|78|1776|231|22|32|0|14|177|95|36|40|20|28|0|14|94|65|151|83|213|73|241|104|331|155|231|114|260|91
1400000US25009212102|4929|409|133|98|51|57|17|26|0|14|0|14|0|14|0|14|0|14|0|14|23|31|2|3|5|19|3|4|0|14|1|3|82|59|0|14|0|14|0|14|0|14|0|14|0|14|0|14|19|28|12|20|2|4|2|5|22|27|25|39|4796|429|2597|353|97|63|96|96|171|116|134|98|0|14|85|58|265|167|319|163|346|146|299|93|409|128|211|80|165|128|2199|181|76|56|7|13|176|120|15|20|0|14|107|93|44|45|170|82|241|110|452|125|410|120|340|167|161|94
1400000US25009213100|8155|24|181|163|99|103|0|19|0|19|12|22|0|19|0|19|0|19|0|19|0|19|30|37|2|5|0|19|55|86|0|19|82|92|0|19|0|19|15|26|26|34|0|19|0|19|0|19|0|19|26|33|0|19|0|19|15|25|0|19|7974|165|4064|233|171|98|53|50|316|134|157|88|176|128|139|83|149|115|289|153|385|166|726|183|750|169|530|156|223|85|3910|253|140|90|12|18|370|176|165|87|71|65|151|96|270|124|190|136|431|143|598|163|695|190|504|137|313|126
1400000US25009214100|6436|22|483|347|156|171|0|19|0|19|57|82|0|19|0|19|18|30|0|19|5|13|61|86|0|19|0|19|15|24|0|19|327|194|0|19|0|19|56|81|0|19|0|19|0|19|0|19|16|25|114|115|49|39|37|44|0|19|55|51|5953|348|2979|244|159|106|13|23|174|92|143|70|121|83|212|107|69|66|270|117|456|185|373|93|406|89|342|108|241|101|2974|292|294|157|67|50|182|89|87|52|24|28|57|50|103|85|288|140|461|169|292|108|440|86|400|118|279|104
1400000US25009215101|4412|293|308|245|172|165|24|28|0|14|0|14|35|52|31|45|0|14|0|14|19|22|44|63|0|14|0|14|8|12|11|17|136|92|0|14|0|14|32|46|0|14|12|19|0|14|8|15|30|28|0|14|22|33|0|14|32|51|0|14|4104|358|1982|196|79|45|20|14|205|79|97|48|10|15|28|28|154|74|212|109|176|62|205|75|348|89|220|80|228|106|2122|214|76|49|7|11|224|83|53|35|36|26|35|28|34|29|179|108|257|69|340|85|314|99|376|114|191|126
1400000US25009215102|2966|294|145|107|83|80|11|17|0|14|0|14|0|14|0|14|0|14|0|14|25|37|0|14|2|5|35|39|0|14|10|15|62|53|0|14|0|14|0|14|0|14|0|14|0|14|8|14|1|2|8|13|0|14|0|14|9|13|36|43|2821|312|1389|165|72|44|10|15|112|59|120|106|23|21|21|19|96|63|104|59|198|84|231|65|185|84|176|82|41|30|1432|205|78|47|28|43|144|62|69|40|0|14|7|11|166|81|89|43|252|90|180|82|218|94|165|77|36|26
1400000US25009216100|3685|44|144|101|51|45|0|14|0|14|0|14|0|14|0|14|0|14|0|14|23|36|0|14|20|27|8|7|0|14|0|14|93|75|0|14|0|14|0|14|0|14|0|14|0|14|25|37|24|36|0|14|0|14|0|14|29|44|15|17|3541|107|1760|144|83|63|11|17|147|66|105|61|31|25|85|50|125|75|145|72|240|76|330|75|151|67|196|63|111|54|1781|145|79|56|0|14|175|68|84|51|18|21|50|33|160|117|67|36|242|59|272|71|284|82|181|57|169|68
1400000US25009217101|4306|784|815|788|266|214|0|14|0|14|124|186|71|94|0|14|0|14|15|19|3|9|1|3|52|52|0|14|0|14|0|14|549|584|0|14|0|14|185|206|127|186|9|16|0|14|0|14|172|205|19|30|0|14|11|15|24|19|2|4|3491|332|1732|239|31|36|19|23|142|71|127|149|11|21|15|25|115|78|154|83|350|92|185|76|310|99|204|82|69|36|1759|182|117|85|23|26|152|78|85|65|30|31|80|54|71|55|221|117|257|81|192|66|292|88|161|64|78|42
1400000US25009217102|2871|528|96|72|50|46|0|14|9|16|0|14|0|14|0|14|0|14|0|14|0|14|4|9|11|19|0|14|0|14|26|30|46|35|0|14|0|14|0|14|0|14|0|14|0|14|0|14|3|8|0|14|0|14|0|14|3|8|40|33|2775|539|1146|288|0|14|9|15|75|82|0|14|89|46|0|14|36|39|201|135|72|61|338|267|134|103|32|30|160|81|1629|353|57|77|0|14|87|140|55|107|0|14|117|109|91|57|111|79|337|159|165|108|135|94|166|88|308|98
1400000US25009217201|4179|458|179|93|90|60|0|14|0|14|0|14|0|14|0|14|0|14|5|10|3|7|0|14|0|14|0|14|73|57|9|14|89|53|0|14|0|14|0|14|0|14|0|14|0|14|19|33|1|9|0|14|15|17|31|36|8|12|15|17|4000|454|1958|258|125|76|16|18|234|87|52|35|5|8|13|20|75|65|255|108|309|97|209|69|378|74|181|77|106|51|2042|289|82|72|16|25|118|51|47|39|39|42|45|37|168|126|348|126|317|87|124|56|352|92|228|82|158|66
1400000US25009217202|3504|361|84|56|48|53|0|14|0|14|0|14|0|14|0|14|0|14|0|14|0|14|0|14|0|14|6|9|42|53|0|14|36|35|0|14|0|14|0|14|0|14|0|14|0|14|0|14|0|14|0|14|0|14|0|14|36|35|0|14|3420|367|1676|235|105|48|0|14|151|63|37|34|26|24|15|23|69|46|116|58|311|57|142|58|290|69|167|62|247|148|1744|176|214|91|28|26|105|58|50|40|10|16|8|14|68|36|188|66|268|59|91|43|334|56|281|111|99|51
1400000US25009217300|4929|561|855|444|415|205|101|90|0|14|0|14|65|87|20|30|20|30|1|8|29|37|0|14|67|103|71|96|41|36|0|14|440|300|85|91|0|14|91|120|0|14|36|58|0|14|14|23|25|35|128|119|17|27|40|42|4|6|0|14|4074|493|1949|342|124|79|73|96|166|144|130|93|10|16|0|14|137|132|166|129|357|149|187|114|250|132|208|129|141|80|2125|311|90|91|60|70|170|96|73|80|102|74|45|51|145|111|357|163|359|115|298|134|155|100|117|74|154|92
1400000US25009217401|2567|414|443|172|130|87|16|23|0|14|12|18|0|14|0|14|0|14|29|48|22|26|0|14|0|14|10|17|41|60|0|14|313|117|0|14|0|14|0|14|12|19|0|14|0|14|61|56|79|72|9|15|119|87|19|22|0|14|14|23|2124|418|978|223|128|103|0|14|21|30|0|14|0|14|6|11|0|14|272|143|171|92|44|54|88|51|130|97|118|119|1146|272|30|30|0|14|55|59|0|14|23|29|0|14|143|152|214|88|119|71|73|55|128|63|220|169|141|133
1400000US25009217402|3527|504|329|132|178|86|0|14|0|14|30|47|0|14|0|14|0|14|18|29|28|31|29|3|0|14|15|18|10|18|48|54|151|90|0|14|0|14|0|14|0|14|0|14|0|14|32|38|0|14|0|14|63|71|37|45|12|18|7|11|3198|505|1534|376|60|52|0|14|63|54|37|33|0|14|0|14|93|116|477|242|203|137|211|108|116|74|183|66|91|49|1664|306|37|42|15|24|74|50|65|52|0|14|0|14|140|136|401|155|269|107|135|70|311|111|168|65|49|35
1400000US25009217500|6269|683|424|335|116|66|13|20|0|19|0|19|0|19|0|19|0|19|34|38|15|24|41|33|0|19|13|20|0|19|0|19|308|322|0|19|0|19|0|19|0|19|0|19|14|24|17|28|3|9|12|20|30|43|232|311|0|19|0|19|5845|640|3177|422|343|200|63|68|237|120|121|83|39|55|15|27|169|110|453|186|349|123|351|127|665|209|254|89|118|65|2668|330|70|53|0|19|62|61|70|63|15|22|93|82|120|95|395|162|435|123|308|103|526|169|296|106|278|219
1400000US25009217601|3925|342|375|159|177|135|0|14|0|14|44|57|0|14|0|14|0|14|0|14|0|14|0|14|37|49|11|20|60|53|25|28|198|87|0|14|0|14|0|14|0|14|0|14|0|14|23|40|0|14|24|33|0|14|25|27|19|21|107|82|3550|399|1952|287|195|84|19|23|111|73|46|45|44|46|56|47|203|98|214|157|227|85|224|85|223|75|205|74|185|92|1598|206|100|54|1|6|57|48|63|43|31|37|21|27|103|70|80|50|199|55|201|64|292|83|270|99|180|67
1400000US25009217602|2834|794|270|149|133|89|27|37|0|19|0|19|0|19|0|19|16|25|24|32|0|19|32|44|0|19|14|21|10|15|10|21|137|94|28|40|0|19|0|19|0|19|0|19|0|19|15|24|0|19|0|19|35|54|26|28|28|46|5|10|2564|765|1169|351|35|32|0|19|40|34|20|30|0|19|33|34|42|51|82|55|38|34|203|105|151|79|399|331|126|71|1395|438|35|37|16|26|21|25|44|35|0|19|0|19|88|99|108|92|104|48|230|138|571|390|138|79|40|47
1400000US25009218100|5368|41|151|102|122|86|0|19|0|19|0|19|0|19|0|19|0|19|0|19|17|25|0|19|16|26|0|19|0|19|89|82|29|37|0|19|0|19|0|19|0|19|0|19|0|19|0|19|12|24|2|6|15|26|0|19|0|19|0|19|5217|104|2485|186|105|54|67|48|70|58|260|142|31|47|7|12|126|94|167|103|204|92|472|187|393|130|379|119|204|73|2732|174|73|57|6|12|147|116|205|119|104|79|168|106|39|56|190|90|203|85|336|117|565|168|432|144|264|94
1400000US25009220101|3725|346|90|66|48|55|0|14|0|14|0|14|0|14|0|14|0|14|0|14|0|14|0|14|0|14|40|48|0|14|8|12|42|32|0|14|0|14|0|14|0|14|0|14|0|14|0|14|0|14|0|14|0|14|7|11|9|14|26|24|3635|346|1772|286|133|120|12|21|8|15|47|44|0|14|33|37|106|74|91|96|91|57|88|51|308|95|593|173|262|101|1863|210|1|11|9|14|6|11|54|41|0|14|54|44|137|85|110|80|116|56|239|85|346|88|585|142|206|80
1400000US25009220102|3208|346|157|91|81|63|0|14|0|14|0|14|0|14|0|14|0|14|17|27|0|14|0|14|9|14|33|53|12|18|10|15|76|65|0|14|0|14|0|14|0|14|0|14|0|14|0|14|31|43|0|14|0|14|27|32|10|16|8|13|3051|319|1465|160|76|78|0|14|64|37|23|27|10|17|37|30|151|89|170|68|132|74|73|58|242|69|296|91|191|63|1586|235|13|20|28|26|63|74|30|48|80|95|29|46|74|66|155|88|154|95|156|87|283|88|372|103|149|65
1400000US25009221100|3893|439|233|136|87|73|0|14|0|14|0|14|0|14|0|14|0|14|0|14|0|14|39|44|0|14|0|14|48|61|0|14|146|81|0|14|0|14|8|16|0|14|0|14|0|14|0|14|0|14|15|22|4|8|38|58|33|27|48|41|3660|439|1677|231|74|56|8|12|74|63|33|34|14|22|8|12|97|62|148|73|96|60|253|125|447|154|266|72|159|72|1983|286|42|36|21|25|60|37|27|24|14|22|49|37|183|92|117|59|189|57|245|99|387|143|379|136|270|94
1400000US25009221300|4602|496|213|157|7|7|0|14|0|14|0|14|0|14|0|14|0|14|0|14|1|4|0|14|6|8|0|14|0|14|0|14|206|157|0|14|0|14|0|14|0|14|0|14|0|14|0|14|0|14|76|117|0|14|99|107|16|25|15|24|4389|502|2174|254|72|64|0|14|106|79|60|55|0|14|107|99|106|81|228|148|120|87|321|134|502|182|403|156|149|65|2215|381|34|40|21|35|61|50|38|48|25|30|38|38|126|132|228|111|112|73|305|122|427|168|648|294|152|81
1400000US25009221400|4004|446|878|586|507|342|66|68|0|14|155|150|0|14|0|14|0|14|11|21|42|44|79|82|48|49|37|42|55|51|14|16|371|263|75|74|0|14|73|76|0|14|0|14|5|9|32|42|77|75|55|54|49|52|0|14|0|14|5|10|3126|542|1664|350|136|86|44|48|140|82|41|43|0|14|0|14|120|83|290|135|302|125|133|87|229|85|163|92|66|41|1462|248|161|109|0|14|11|17|56|50|18|29|47|45|194|107|180|86|162|72|153|74|277|83|136|69|67|38
1400000US25009221500|2941|415|658|286|300|165|102|108|0|14|0|14|27|42|0|14|0|14|7|31|5|10|31|48|28|44|43|58|27|27|30|45|358|184|38|55|0|14|6|10|0|14|0|14|0|14|48|69|24|46|36|48|25|18|16|17|34|39|131|93|2283|434|1091|253|23|29|17|20|0|14|0|14|0|14|43|50|31|32|182|134|160|77|185|109|167|84|150|76|133|105|1192|252|40|47|14|22|51|35|31|32|41|47|9|15|146|92|70|59|147|88|110|81|226|79|188|75|119|48
1400000US25009221600|2778|443|427|231|172|96|66|64|44|64|0|14|8|16|0|14|7|12|18|29|0|14|18|26|0|14|0|14|11|17|0|14|255|144|25|30|0|14|31|39|9|16|0|14|0|14|0|14|42|52|90|88|39|39|19|21|0|14|0|14|2351|448|1189|316|56|27|38|49|105|45|46|36|69|71|0|14|151|112|190|93|114|48|137|74|105|43|123|50|55|33|1162|200|99|66|0|14|9|20|6|10|0|14|36|39|166|124|170|73|228|105|60|64|258|62|70|44|60|35
1400000US25009221700|2702|481|254|175|55|56|33|50|0|14|10|16|0|14|0|14|0|14|0|14|0|14|0|14|0|14|12|19|0|14|0|14|199|153|12|17|0|14|0|14|0|14|0|14|0|14|88|137|14|21|9|15|0|14|24|40|42|35|10|16|2448|473|1157|258|34|42|0|14|9|14|66|61|22|25|0|14|23|27|50|54|179|95|57|30|185|98|426|203|106|84|1291|256|58|49|0|14|32|30|23|26|0|14|19|21|41|50|121|74|68|49|184|95|254|104|313|175|178|118
1400000US25009221800|1725|261|108|66|53|29|0|14|0|14|0|14|14|21|0|14|0|14|0|14|8|10|6|10|12|13|5|7|0|14|8|11|55|45|0|14|0|14|14|20|0|14|0|14|0|14|0|14|6|8|15|21|0|14|0|14|9|10|11|12|1617|259|807|154|25|22|7|10|7|10|15|14|5|8|0|14|73|46|56|36|90|22|72|35|251|118|149|30|57|30|810|141|49|45|18|16|7|10|12|13|11|11|12|19|34|29|59|47|82|49|68|27|230|88|135|33|93|39
1400000US25009221901|3467|478|134|81|65|52|0|14|0|14|0|14|0|14|0|14|0|14|0|14|0|14|28|43|0|14|29|29|8|12|0|14|69|64|0|14|0|14|0|14|0|14|0|14|18|24|0|14|9|15|18|31|0|14|0|14|0|14|24|39|3333|474|1741|331|26|28|7|12|126|78|34|30|0|14|46|57|149|84|250|115|153|68|167|97|457|115|164|61|162|56|1592|241|103|69|10|14|46|37|16|19|0|14|26|28|112|93|111|51|173|85|189|104|308|76|239|72|259|107
1400000US25009221902|3540|391|252|86|121|76|0|14|0|14|0|14|0|14|0|14|10|17|0|14|0|14|7|11|6|9|83|72|0|14|15|18|131|63|0|14|0|14|0|14|0|14|0|14|7|11|8|14|9|16|11|17|0|14|60|49|27|25|9|13|3288|382|1729|264|140|125|70|97|52|43|59|51|0|14|12|19|229|109|158|88|193|89|233|78|222|81|237|83|124|57|1559|185|41|48|0|14|48|43|43|40|19|28|0|14|82|76|156|84|255|104|95|50|415|104|265|77|140|55
1400000US25009222100|3621|91|217|141|95|63|0|14|0|14|0|14|33|37|10|14|8|13|0|14|0|14|0|14|0|14|0|14|23|22|21|23|122|93|0|14|8|14|0|14|31|46|0|14|0|14|0|14|0|14|43|47|14|17|0|14|6|10|20|22|3404|164|1687|127|108|59|49|69|77|41|106|75|20|19|27|27|82|50|174|96|181|74|344|115|311|86|139|55|69|36|1717|155|134|61|0|14|68|44|13|16|57|51|121|133|102|51|173|95|209|76|319|81|303|97|144|62|74|52
1400000US25009223100|4064|460|295|100|66|38|0|14|0|14|5|8|0|14|0|14|18|25|0|14|18|23|0|14|0|14|17|27|0|14|8|13|229|85|0|14|0|14|11|17|0|14|0|14|8|12|10|16|27|44|10|17|4|46|29|26|21|20|109|75|3769|459|1767|207|48|43|0|14|109|74|17|18|52|57|56|44|79|57|112|72|170|70|233|113|358|112|323|116|210|76|2002|332|74|58|0|14|236|138|153|116|6|8|40|34|34|43|133|92|243|137|263|94|251|96|349|97|220|76
1400000US25009223200|3903|377|216|136|140|125|0|14|0|14|0|14|0|14|0|14|0|14|1|2|15|16|10|17|67|101|44|55|3|6|0|14|76|63|0|14|0|14|0|14|0|14|0|14|0|14|0|14|10|15|40|56|0|14|0|14|18|19|8|13|3687|382|1643|187|59|49|0|14|70|34|58|36|8|15|33|27|208|87|185|88|341|113|243|95|205|75|127|66|106|53|2044|268|121|109|7|12|97|59|81|54|12|16|81|47|86|65|276|110|296|119|250|93|370|136|223|80|144|54
1400000US25009223300|5807|487|391|248|213|141|0|19|22|34|30|35|0|19|15|23|10|16|0|19|0|19|22|37|11|19|17|24|61|70|25|29|178|126|0|19|0|19|41|47|15|24|0|19|0|19|1|2|20|33|16|24|42|49|0|19|32|27|11|18|5416|495|2560|366|107|62|41|52|47|49|159|77|4|20|76|63|349|200|267|156|240|99|411|122|296|133|369|125|194|74|2856|343|200|111|42|65|175|101|26|38|25|35|102|70|96|112|388|189|201|89|648|155|395|146|311|90|247|87
1400000US25009250100|4027|489|1142|311|419|181|75|92|22|36|0|14|27|44|0|14|0|14|9|16|33|56|89|85|0|14|100|82|26|43|38|36|723|218|18|28|0|14|8|13|14|23|0|14|20|34|47|51|47|41|39|46|73|57|236|137|140|115|81|83|2885|561|1071|239|65|76|0|14|68|74|0|14|45|56|98|79|19|30|244|100|86|64|133|91|125|90|105|80|83|71|1814|463|313|301|56|66|77|63|0|14|19|31|0|14|197|110|286|131|190|112|249|242|239|143|118|80|70|56
1400000US25009250200|6855|1210|811|505|368|327|0|19|0|19|66|100|66|100|0|19|63|95|101|131|0|19|0|19|37|42|30|37|5|13|0|19|443|283|66|83|0|19|52|68|19|33|45|59|0|19|0|19|173|136|21|37|0|19|24|42|26|46|17|26|6044|1131|3227|651|347|174|67|78|278|147|144|108|36|58|49|51|299|153|792|402|323|149|475|173|209|114|131|80|77|88|2817|589|292|197|110|95|259|136|31|45|32|49|167|127|305|137|346|166|467|185|466|159|155|109|157|118|30|35
1400000US25009250300|2684|494|710|246|245|142|24|40|17|24|39|37|0|14|0|14|24|33|5|10|51|40|16|22|45|54|24|26|0|14|0|14|465|163|34|37|9|17|113|61|8|12|23|32|0|14|12|19|27|29|140|63|30|28|29|29|34|32|6|10|1974|472|964|276|78|61|10|14|52|38|29|35|10|17|7|10|165|80|176|85|294|222|24|23|58|50|44|37|17|25|1010|278|51|44|16|27|46|35|71|58|9|11|16|23|86|49|174|95|136|77|211|120|115|64|57|32|22|25
1400000US25009250400|4411|696|754|284|327|139|22|34|0|14|0|14|52|64|45|74|0|14|79|72|0|14|44|52|0|14|18|28|46|43|21|22|427|164|0|14|54|66|37|42|0|14|0|14|0|14|0|14|79|74|47|58|61|77|51|57|51|50|47|40|3657|780|1807|471|260|171|0|14|114|84|65|50|0|14|133|191|224|162|208|138|338|189|125|81|152|89|148|66|40|46|1850|536|202|175|0|14|149|116|79|64|0|14|7|23|274|218|368|157|276|172|122|74|210|103|110|68|53|47
1400000US25009250500|4450|729|902|682|478|391|0|14|0|14|232|229|0|14|0|14|20|32|29|35|107|129|26|42|25|39|39|46|0|14|0|14|424|309|34|56|0|14|0|14|14|26|11|18|122|140|37|44|23|29|65|104|59|54|22|33|0|14|37|49|3548|565|1558|291|84|74|0|14|150|98|116|88|26|43|63|56|230|167|285|141|147|97|181|120|189|113|65|54|22|37|1990|362|169|115|36|44|34|45|47|54|0|14|66|62|413|196|362|143|249|112|279|127|119|88|139|86|77|70
1400000US25009250600|5910|803|420|230|132|86|33|50|0|19|0|19|0|19|0|19|0|19|16|26|17|28|44|50|0|19|22|37|0|19|0|19|288|189|0|19|65|80|51|63|0|19|0|19|0|19|16|25|83|74|2|4|30|45|24|39|0|19|17|26|5490|816|2909|483|199|123|64|50|295|178|105|82|26|40|0|19|296|123|610|202|471|231|294|118|295|136|140|109|114|71|2581|492|275|153|13|20|256|145|132|110|56|47|13|19|162|91|367|146|442|160|407|125|190|120|175|83|93|67
1400000US25009250700|5379|711|784|391|380|212|73|79|23|38|81|65|75|70|0|19|0|19|39|59|3|5|0|19|42|68|0|19|23|38|21|33|404|204|0|19|30|43|34|50|0|19|9|15|0|19|0|19|57|65|163|97|0|19|41|46|27|40|43|53|4595|749|2491|476|158|151|91|80|102|68|165|130|98|74|53|49|328|161|520|190|270|128|226|180|268|154|113|87|99|59|2104|370|74|55|0|19|191|95|97|77|0|19|28|33|291|129|316|169|266|123|499|161|252|100|47|43|43|35
1400000US25009250800|8208|887|1277|675|672|521|54|66|0|19|33|56|187|242|24|42|0|19|0|19|130|121|0|19|35|61|182|239|27|36|0|19|605|463|86|126|0|19|95|103|69|99|0|19|0|19|18|29|26|45|61|90|120|117|0|19|94|139|36|44|6931|1041|3022|576|183|171|0|19|404|212|196|155|0|19|157|137|482|239|712|279|289|150|231|148|239|161|100|87|29|48|3909|615|264|206|51|73|363|219|193|140|45|69|82|89|315|190|943|323|463|214|402|184|502|233|164|137|122|89
1400000US25009250900|2249|476|789|414|269|156|0|14|0|14|86|71|47|50|0|14|0|14|48|50|17|20|11|18|0|14|35|38|19|22|6|9|520|363|171|262|23|28|24|33|0|14|0|14|0|14|59|55|50|84|81|54|9|13|46|38|32|32|25|33|1460|372|677|209|67|53|8|13|37|37|62|43|0|14|7|11|13|16|34|34|117|78|166|119|37|31|89|81|40|41|783|220|34|37|0|14|103|74|53|41|0|14|37|39|84|57|52|49|155|72|90|56|70|43|92|64|13|14
1400000US25009251000|1750|281|554|190|266|95|21|33|0|14|31|45|28|32|11|17|34|28|46|32|14|23|13|20|23|26|19|20|26|26|0|14|288|128|15|23|0|14|23|28|25|25|7|11|0|14|18|22|13|20|58|38|60|41|44|53|14|15|11|16|1196|336|491|186|22|31|12|21|63|63|19|23|0|14|13|20|31|51|155|85|71|52|46|38|12|15|32|33|15|23|705|201|70|58|5|8|5|8|0|14|0|14|12|18|135|98|87|52|85|38|57|32|141|65|24|22|84|47
1400000US25009251100|2625|450|531|219|177|120|0|14|0|14|9|20|0|14|0|14|7|14|6|14|12|26|0|14|0|14|98|114|6|15|39|33|354|194|0|14|0|14|9|22|0|14|0|14|0|14|0|14|6|10|17|23|17|34|141|184|81|62|83|48|2094|416|1131|303|67|73|0|14|94|72|134|90|0|14|60|55|71|85|56|54|97|49|188|136|91|87|98|80|175|137|963|231|102|127|0|14|0|14|0|14|38|50|0|14|147|105|115|87|83|30|97|69|161|98|60|64|160|64
1400000US25009251200|1467|233|342|183|112|114|0|14|0|14|0|14|8|14|0|14|0|14|2|3|63|112|11|16|0|14|28|24|0|14|0|14|230|194|0|14|0|14|9|14|0|14|0|14|15|16|13|22|0|14|15|16|8|12|133|186|7|11|30|32|1125|153|569|73|113|66|0|14|65|38|10|18|16|28|33|33|42|38|81|73|10|19|131|43|22|24|46|39|0|14|556|142|37|40|0|14|18|25|5|11|7|14|9|14|76|42|74|43|88|20|39|38|147|106|49|39|7|11
1400000US25009251300|3565|778|912|339|433|207|43|76|16|29|69|80|0|14|23|40|60|73|62|72|5|8|29|38|29|34|18|30|30|32|49|49|479|172|0|14|0|14|15|31|24|34|56|67|0|14|12|18|48|41|118|86|50|41|31|33|87|52|38|43|2653|851|1335|516|158|121|110|127|110|103|4|15|29|45|19|28|68|48|190|112|297|204|188|131|95|58|66|67|1|4|1318|407|86|91|72|51|58|46|132|162|0|14|18|28|101|85|104|71|339|148|191|107|93|61|65|42|59|54
1400000US25009251400|5479|882|2009|834|963|364|89|78|84|62|18|23|219|155|25|40|51|47|77|63|0|19|79|72|194|168|16|26|87|64|24|30|1046|506|327|357|0|19|27|42|97|91|18|28|0|19|80|63|157|149|87|55|58|51|137|79|35|40|23|34|3470|569|1843|338|92|82|0|19|174|123|158|95|0|19|37|49|309|136|194|94|207|86|204|85|260|109|176|72|32|28|1627|361|129|80|0|19|59|55|14|25|17|30|94|49|179|101|341|150|187|87|241|90|206|112|39|49|121|105
1400000US25009251500|7525|866|1299|642|328|222|0|19|0|19|53|60|0|19|0|19|25|43|0|19|106|105|33|51|73|89|7|15|0|19|31|48|971|474|132|114|88|84|99|88|44|71|119|176|21|35|36|55|94|93|47|55|42|63|0|19|226|202|23|32|6226|888|2965|530|112|118|143|105|209|112|171|128|30|54|69|104|373|197|749|295|247|149|413|169|318|150|56|56|75|61|3261|588|233|138|0|19|207|154|260|196|26|43|216|152|457|224|304|140|684|241|437|205|248|119|132|83|57|55
1400000US25009251600|6989|983|996|456|568|307|53|62|34|55|146|176|0|19|0|19|32|53|121|90|0|19|63|69|31|51|47|57|41|42|0|19|428|204|0|19|0|19|0|19|0|19|9|14|32|38|16|26|54|52|63|58|78|81|41|51|38|40|97|81|5993|1076|3620|865|223|207|11|17|442|322|82|93|0|19|0|19|385|204|920|332|657|311|339|191|473|176|78|53|10|15|2373|477|34|53|27|43|195|165|103|114|29|47|42|53|355|245|520|207|329|156|232|151|367|156|102|65|38|33
1400000US25009251700|5664|739|1002|628|671|535|31|48|0|19|30|50|265|342|0|19|0|19|70|69|181|173|26|40|45|68|12|20|11|17|0|19|331|208|0|19|0|19|0|19|0|19|26|45|0|19|43|51|27|40|33|46|53|66|23|35|116|122|10|16|4662|560|2292|398|41|52|68|81|183|93|15|25|68|78|44|55|187|110|524|219|371|245|268|132|332|196|164|78|27|25|2370|316|205|145|0|19|0|19|149|106|0|19|52|63|295|134|393|174|320|166|313|119|372|140|120|81|151|113
1400000US25009251800|8043|952|647|538|357|398|102|150|0|19|77|115|0|19|0|19|0|19|81|120|23|43|0|19|0|19|63|72|11|18|0|19|290|191|0|19|80|119|0|19|26|44|0|19|0|19|18|34|0|19|25|44|45|51|71|70|10|18|15|31|7396|963|3645|758|189|200|0|19|288|328|234|110|0|19|42|58|559|238|234|164|569|360|610|232|497|220|304|130|119|77|3751|532|233|159|23|37|180|160|223|177|87|112|85|105|197|174|490|215|393|209|828|325|458|185|300|129|254|140
1400000US25009252101|3730|548|381|218|206|112|11|22|0|14|28|43|0|14|0|14|0|14|0|14|9|17|34|51|11|18|62|50|33|41|18|26|175|127|37|56|0|14|0|14|7|14|0|14|4|24|6|29|7|14|50|54|0|14|11|19|19|18|34|23|3349|522|1481|250|71|60|0|14|110|66|56|61|0|14|8|14|58|60|270|177|397|178|152|78|134|68|140|94|85|44|1868|349|33|40|0|14|242|165|96|64|45|49|65|47|218|167|322|190|281|99|151|77|166|76|115|73|134|58
1400000US25009252102|4647|764|46|37|19|16|0|14|0|14|0|14|0|14|0|14|0|14|2|4|3|8|2|4|11|15|1|4|0|14|0|14|27|32|0|14|0|14|0|14|0|14|0|14|0|14|0|14|0|14|0|14|0|14|0|14|0|14|27|32|4601|764|2255|394|60|57|63|65|341|221|55|42|31|32|0|14|149|81|240|122|276|118|285|149|357|70|234|74|164|69|2346|439|65|43|0|14|160|109|78|39|27|31|123|101|208|135|197|101|228|78|488|228|334|80|295|83|143|61
1400000US25009252201|3415|510|207|236|127|181|23|37|0|14|0|14|0|14|0|14|41|68|0|14|0|14|50|79|0|14|0|14|13|22|0|14|80|63|0|14|0|14|21|35|0|14|0|14|0|14|0|14|12|19|0|14|0|14|10|16|18|21|19|21|3208|501|1724|307|19|29|9|14|60|43|143|60|30|32|33|32|156|154|258|124|209|117|248|126|315|123|106|54|138|70|1484|292|25|40|21|32|85|76|105|84|0|14|73|66|99|43|206|100|202|137|261|88|193|87|132|67|82|41
1400000US25009252202|3348|510|80|61|30|29|0|14|0|14|0|14|0|14|0|14|0|14|0|14|11|19|0|14|0|14|19|21|0|14|0|14|50|44|0|14|0|14|0|14|0|14|0|14|0|14|10|16|0|14|0|14|8|13|10|16|0|14|22|33|3268|518|1588|197|27|46|0|14|229|130|36|27|10|18|21|20|90|67|205|106|239|71|240|97|252|70|206|59|33|27|1680|411|60|46|0|14|227|152|29|38|7|13|37|31|109|75|101|59|206|65|288|142|242|82|327|201|47|31
1400000US25009252300|7923|1185|1056|383|314|132|0|19|0|19|0|19|0|19|15|24|0|19|18|28|61|57|17|34|25|35|80|103|98|112|0|19|742|329|126|119|0|19|68|81|0|19|0|19|28|37|0|19|11|18|92|98|106|102|92|88|93|92|126|117|6867|1167|3805|716|243|202|0|19|186|174|71|69|10|16|131|124|471|231|751|247|495|265|373|166|557|250|318|111|199|117|3062|579|94|118|0|19|289|159|213|143|47|63|25|40|149|149|455|217|316|121|352|174|484|212|440|162|198|154
1400000US25009252400|4649|836|871|341|354|163|0|14|0|14|42|63|16|20|0|14|37|58|53|66|53|44|29|38|13|21|9|18|40|54|62|42|517|230|43|64|0|14|53|56|66|68|19|28|0|14|52|47|35|50|104|70|19|22|41|48|60|49|25|22|3778|773|1782|504|33|36|26|38|116|83|126|91|90|110|45|47|158|114|379|181|196|132|395|189|151|92|56|40|11|16|1996|425|145|119|21|37|185|101|79|70|25|37|54|48|176|126|423|155|186|73|364|142|178|84|121|94|39|39
1400000US25009252501|4975|728|534|263|212|113|0|19|0|19|18|27|0|19|10|16|10|15|50|49|34|41|52|62|24|26|0|19|1|4|13|22|322|187|0|19|35|53|36|55|11|17|0|19|0|19|71|59|38|55|31|34|36|39|54|56|9|14|1|4|4441|710|2091|409|145|116|59|82|135|72|26|43|76|68|36|30|263|130|241|129|399|198|280|106|234|118|123|87|74|55|2350|416|130|93|99|113|222|159|63|53|40|30|25|25|315|115|338|155|263|112|297|119|190|96|291|131|77|55
1400000US25009252502|4730|525|494|217|206|173|61|71|0|14|42|46|13|21|0|14|11|19|0|14|22|36|45|51|0|14|0|14|12|19|0|14|288|87|0|14|0|14|10|16|0|14|0|14|12|19|59|78|56|61|56|44|0|14|0|14|46|34|49|72|4236|562|2157|270|90|77|24|38|64|57|97|50|23|25|9|14|250|102|313|128|248|106|332|139|218|75|281|104|208|64|2079|432|188|109|27|27|120|119|107|122|5|8|102|73|151|74|233|117|251|83|302|78|211|78|205|74|177|76
1400000US25009252601|7009|775|429|262|113|87|0|19|0|19|0|19|16|27|0|19|0|19|0|19|2|4|0|19|41|63|27|31|16|27|11|19|316|195|0|19|0|19|0|19|15|25|0|19|0|19|0|19|0|19|69|97|15|26|83|81|63|78|71|76|6580|798|2982|543|41|51|20|38|458|213|38|41|78|81|108|85|145|90|283|161|738|273|321|116|305|102|295|119|152|93|3598|494|174|140|0|19|342|136|242|185|10|19|31|34|192|124|379|193|713|261|370|125|530|170|367|159|248|129
1400000US25009252602|4907|534|139|99|53|49|0|14|0|14|0|14|0|14|0|14|0|14|0|14|17|25|0|14|10|16|0|14|26|38|0|14|86|58|0|14|0|14|0|14|0|14|0|14|0|14|0|14|23|27|0|14|0|14|0|14|40|43|23|29|4768|535|2323|249|113|67|57|41|148|80|26|36|64|48|55|50|201|91|404|112|229|99|337|113|354|138|243|72|92|59|2445|395|63|49|0|14|28|48|44|43|0|14|58|53|376|145|422|199|156|64|548|167|284|111|196|67|270|89
1400000US25009252603|3246|432|59|63|8|13|0|14|0|14|0|14|0|14|0|14|0|14|0|14|0|14|0|14|8|13|0|14|0|14|0|14|51|53|7|12|0|14|8|12|0|14|0|14|0|14|0|14|0|14|0|14|7|12|0|14|29|35|0|14|3187|445|1559|256|157|145|0|14|61|48|73|72|5|8|39|33|136|66|184|82|142|68|242|116|213|117|219|91|88|42|1628|299|64|46|9|14|104|86|69|62|18|27|92|60|84|51|279|96|181|71|200|110|323|92|77|47|128|73
1400000US25009253100|6331|831|469|280|287|191|0|19|0|19|72|104|36|52|0|19|0|19|20|35|25|42|0|19|0|19|75|92|46|71|13|20|182|146|0|19|0|19|0|19|0|19|17|32|0|19|0|19|79|116|17|33|0|19|58|65|0|19|11|17|5862|813|3171|511|351|214|0|19|433|253|124|105|99|84|12|21|145|101|601|187|481|183|225|157|400|136|194|97|106|74|2691|393|34|55|0|19|77|94|179|179|0|19|61|62|198|135|335|147|505|215|420|200|298|99|421|100|163|84
1400000US25009253201|3165|720|168|105|63|75|0|14|0|14|0|14|0|14|0|14|0|14|0|14|0|14|1|15|14|22|35|67|13|18|0|14|105|77|1|17|0|14|1|11|0|14|0|14|0|14|22|33|2|86|1|14|0|14|0|14|7|12|71|77|2997|683|1558|389|119|66|0|14|56|44|87|51|41|33|14|21|246|211|258|102|111|55|192|154|171|60|102|49|161|142|1439|345|95|65|0|14|33|37|55|43|10|11|49|41|131|139|170|75|165|68|305|170|207|65|163|72|56|50
1400000US25009253202|6828|907|1439|653|856|445|100|127|68|100|10|17|59|85|16|26|11|22|464|427|24|34|7|13|1|2|47|56|35|40|14|21|583|384|17|23|0|19|23|26|18|29|0|19|0|19|58|86|9|17|131|149|36|42|212|268|8|15|71|81|5389|756|2756|458|92|79|10|20|237|142|10|19|49|59|48|48|475|370|512|177|307|136|329|176|347|100|321|237|19|31|2633|511|169|111|17|18|142|100|140|106|54|53|12|20|213|158|428|154|250|102|297|166|514|176|221|89|176|79
1400000US25009253203|4216|378|148|79|52|46|0|14|0|14|0|14|0|14|0|14|0|14|0|14|29|49|0|14|0|14|13|20|0|14|10|15|96|63|0|14|0|14|0|14|0|14|0|14|0|14|0|14|0|14|16|22|0|14|40|47|0|14|40|34|4068|387|1959|299|84|61|0|14|190|83|154|88|20|31|62|56|183|93|172|61|164|62|296|99|253|78|224|68|157|54|2109|203|74|64|0|14|128|62|177|80|25|26|69|58|151|75|156|58|197|77|311|89|230|75|232|80|359|84
1400000US25009253204|5476|406|73|88|49|80|0|19|0|19|0|19|0|19|0|19|0|19|0|19|0|19|0|19|0|19|0|19|49|80|0|19|24|36|0|19|0|19|0|19|0|19|0|19|0|19|0|19|12|22|0|19|12|20|0|19|0|19|0|19|5403|416|2583|274|128|72|0|19|208|90|45|41|69|54|138|70|64|57|181|94|384|109|458|144|483|156|325|189|100|66|2820|282|256|130|27|38|308|171|55|44|111|120|48|40|217|132|201|91|388|115|443|142|453|130|210|83|103|83
1400000US25009253205|4065|388|28|38|14|20|0|14|0|14|0|14|0|14|0|14|0|14|0|14|0|14|0|14|0|14|13|20|1|4|0|14|14|19|0|14|0|14|0|14|0|14|0|14|0|14|0|14|0|14|0|14|2|4|12|19|0|14|0|14|4037|388|1871|228|95|44|12|15|163|88|72|45|47|42|50|35|70|50|84|38|238|47|333|112|422|157|203|60|82|48|2166|228|133|57|4|8|188|66|152|59|48|34|83|42|126|63|178|57|198|49|326|94|428|154|190|60|112|60
1400000US25009254100|6075|562|253|131|101|89|0|19|0|19|0|19|0|19|58|78|0|19|43|59|0|19|0|19|0|19|0|19|0|19|0|19|152|100|0|19|0|19|0|19|0|19|0|19|0|19|0|19|0|19|0|19|0|19|29|45|54|83|69|65|5822|573|2640|304|155|87|14|22|284|107|16|25|38|44|64|43|77|67|291|121|452|141|366|117|491|201|267|132|125|76|3182|370|229|130|52|39|284|66|151|107|6|14|139|97|81|66|159|87|473|124|534|177|454|121|321|121|299|103
1400000US25009254200|4059|614|444|190|91|50|0|19|12|19|8|13|0|19|0|19|0|19|0|19|2|5|8|15|1|3|13|16|38|31|9|15|353|187|11|18|7|13|86|119|0|19|0|19|0|19|9|14|1|3|39|37|22|23|20|22|123|78|35|29|3615|632|1720|398|53|42|6|9|82|42|73|55|8|12|88|47|112|74|87|49|193|77|253|71|415|286|295|141|55|41|1895|312|72|48|22|25|169|76|39|33|22|20|49|46|110|55|106|46|248|85|315|66|397|188|181|69|165|75
1400000US25009254301|4200|371|108|124|21|23|0|14|0|14|0|14|0|14|0|14|0|14|0|14|0|14|0|14|13|19|8|12|0|14|0|14|87|119|0|14|0|14|0|14|0|14|0|14|0|14|0|14|54|124|13|20|0|14|20|23|0|14|0|14|4092|377|2066|252|47|36|55|61|158|116|88|45|39|28|69|43|163|75|75|43|153|53|420|108|460|190|241|98|98|40|2026|271|85|65|37|48|179|95|91|45|23|23|139|65|120|68|108|68|239|53|417|133|341|127|162|55|85|41
1400000US25009254302|4820|439|176|121|118|109|0|14|0|14|8|14|0|14|0|14|0|14|0|14|0|14|0|14|65|105|20|22|25|27|0|14|58|39|0|14|0|14|12|18|0|14|0|14|0|14|0|14|11|17|1|6|18|20|0|14|16|24|0|14|4644|408|2543|236|195|93|29|31|150|82|149|55|77|43|132|61|217|89|141|72|278|81|346|83|501|136|190|49|138|63|2101|240|124|76|12|20|96|61|65|50|16|19|39|34|200|75|149|62|309|73|309|74|369|90|349|122|64|46
1400000US25009254401|3710|375|111|124|40|42|30|39|0|14|0|14|0|14|0|14|0|14|0|14|0|14|0|14|10|15|0|14|0|14|0|14|71|84|0|14|34|43|0|14|0|14|0|14|0|14|0|14|0|14|37|42|0|14|0|14|0|14|0|14|3599|382|1628|182|191|87|6|9|82|52|38|29|6|11|96|111|140|67|182|85|217|69|211|68|285|57|90|43|84|37|1971|258|96|65|56|39|223|74|84|59|36|32|113|131|125|80|239|101|244|66|199|87|299|79|143|56|114|53
1400000US25009254402|8222|653|114|82|34|44|0|19|0|19|0|19|0|19|0|19|0|19|0|19|19|29|11|27|4|18|0|19|0|19|0|19|80|77|0|19|0|19|0|19|0|19|0|19|0|19|0|19|49|61|14|32|0|19|0|19|0|19|17|30|8108|647|4240|458|182|122|68|85|293|127|257|157|17|26|249|111|437|210|257|117|688|161|780|191|538|185|310|127|164|94|3868|372|64|68|61|46|264|123|287|182|178|105|128|84|128|78|248|103|697|107|654|183|577|163|355|130|227|117
1400000US25009254403|3970|437|36|36|5|6|0|14|0|14|0|14|0|14|0|14|0|14|0|14|0|14|0|14|1|4|2|4|2|4|0|14|31|36|0|14|0|14|0|14|0|14|0|14|0|14|0|14|0|14|0|14|11|17|0|14|10|16|10|16|3934|440|1945|251|135|79|19|22|287|89|46|32|26|22|113|73|59|40|180|96|229|60|318|89|233|80|234|83|66|41|1989|276|188|90|21|31|204|89|49|35|58|51|35|32|115|93|190|108|203|68|342|76|207|68|242|80|135|70
1400000US25009260100|5563|872|1904|589|697|239|33|55|0|19|167|139|55|78|0|19|7|28|24|42|113|104|79|77|86|82|48|58|39|48|46|71|1207|473|114|106|0|19|131|119|76|104|0|19|0|19|32|44|355|210|133|112|109|85|96|94|69|68|92|110|3659|852|1869|618|7|14|0|19|167|96|280|332|0|19|139|162|163|98|498|234|133|84|143|96|121|98|98|64|120|177|1790|372|97|107|0|19|151|123|72|76|0|19|38|36|73|83|562|215|220|95|159|92|173|92|191|138|54|87
1400000US25009260200|3505|494|579|245|211|117|0|14|0|14|12|20|13|22|0|14|0|14|38|41|41|60|7|15|34|39|22|34|7|11|37|46|368|182|17|29|0|14|29|36|29|36|0|14|0|14|0|14|13|23|13|21|62|44|48|44|56|57|101|83|2926|442|1388|286|0|14|21|32|176|87|116|89|78|64|0|14|78|54|157|92|280|103|143|77|171|98|125|93|43|47|1538|261|204|128|18|28|46|54|34|37|12|21|0|14|66|61|334|99|223|99|161|64|104|64|171|105|165|95
1400000US25009260301|4611|485|407|196|208|107|0|14|0|14|0|14|35|31|0|14|0|14|0|14|0|14|95|70|0|14|43|52|2|5|33|41|199|120|0|14|0|14|62|54|0|14|0|14|22|22|8|13|26|26|11|20|10|15|8|14|44|43|8|13|4204|555|1939|319|58|70|0|14|240|98|33|33|36|28|15|16|30|26|349|163|239|68|328|112|274|78|247|80|90|42|2265|315|120|92|30|42|146|79|34|36|21|21|37|31|181|68|372|151|208|76|264|100|460|108|254|76|138|62
1400000US25009260302|3354|482|49|77|33|55|0|14|0|14|0|14|16|27|0|14|0|14|9|15|0|14|0|14|8|14|0|14|0|14|0|14|16|23|0|14|0|14|0|14|0|14|0|14|5|8|0|14|0|14|0|14|5|9|0|14|6|10|0|14|3305|478|1683|226|37|39|24|40|122|61|23|25|28|42|50|43|218|84|169|73|180|84|166|81|401|118|206|57|59|31|1622|294|24|21|17|20|84|63|62|49|45|44|50|70|121|102|113|76|170|67|307|113|323|108|177|55|129|55
1400000US25009260401|4220|456|448|276|145|124|35|58|0|14|0|14|10|15|0|14|0|14|29|37|40|67|0|14|9|15|10|17|12|19|0|14|303|194|50|81|0|14|0|14|11|17|0|14|23|34|61|64|32|53|45|56|31|30|16|27|34|47|0|14|3772|471|2029|332|55|45|0|14|113|65|137|98|44|69|83|51|202|101|152|123|137|83|333|141|371|109|301|147|101|53|1743|201|84|55|0|14|7|11|53|41|32|28|62|70|109|69|113|66|202|86|314|125|341|94|261|73|165|65
1400000US25009260402|7113|838|353|240|139|129|0|19|0|19|32|38|0|19|0|19|31|36|0|19|0|19|39|47|2|1|20|30|0|19|15|24|214|142|0|19|0|19|0|19|33|39|0|19|0|19|0|19|20|31|18|29|31|36|92|104|0|19|20|19|6760|817|3286|499|166|110|48|63|252|106|186|123|45|37|115|90|137|141|307|107|341|161|507|175|573|195|330|110|279|178|3474|478|65|79|57|57|142|91|20|33|30|38|87|87|512|195|378|166|461|164|479|163|475|107|346|99|422|269
1400000US25009260500|3603|620|261|182|101|90|0|14|0|14|0|14|7|11|0|14|0|14|0|14|0|14|0|14|8|12|68|88|9|15|9|19|160|153|0|14|0|14|31|50|0|14|0|14|0|14|29|46|0|14|6|10|62|59|17|25|5|8|10|18|3342|552|1755|342|111|90|0|14|89|60|79|48|25|28|62|52|207|119|103|72|391|187|193|74|240|92|168|74|87|47|1587|282|80|92|22|31|141|76|116|99|0|14|40|36|35|33|79|55|286|71|186|110|316|84|180|96|106|51
1400000US25009260600|3913|564|557|321|306|242|40|54|0|14|19|32|59|86|58|77|0|14|32|42|7|11|28|38|0|14|31|49|0|14|32|36|251|170|20|32|0|14|0|14|0|14|0|14|0|14|15|25|18|25|131|108|30|45|26|44|5|7|6|10|3356|608|1614|377|73|74|0|14|61|62|89|65|74|62|0|14|228|166|285|122|201|102|276|156|177|66|142|64|8|13|1742|355|86|69|0|14|99|72|21|25|38|33|46|40|399|217|312|117|238|107|188|103|212|83|46|31|57|43
1400000US25009260700|5227|625|749|363|365|242|21|33|0|19|63|52|50|80|0|19|52|52|46|53|11|18|10|15|24|24|55|53|24|39|9|14|384|187|24|39|26|41|18|31|38|51|0|19|5|13|0|19|48|40|24|37|65|51|61|58|73|58|2|4|4478|576|2102|450|197|155|43|50|106|78|53|46|47|45|0|19|210|113|336|119|305|171|274|121|240|104|179|82|112|86|2376|290|155|79|13|25|254|147|82|65|13|22|88|73|317|133|325|121|331|120|317|101|231|105|160|57|90|69
1400000US25009260800|5539|824|755|276|309|138|0|19|0|19|25|36|9|17|7|13|0|19|19|23|92|61|29|47|0|19|43|42|81|98|4|12|446|215|77|67|9|18|9|18|33|49|0|19|29|41|53|50|114|77|30|43|39|47|33|69|11|18|9|14|4784|868|2518|554|190|182|131|177|161|121|86|75|0|19|12|23|102|64|792|231|232|109|338|148|225|108|249|239|0|19|2266|427|197|124|0|19|51|45|110|99|0|19|11|20|299|154|547|231|274|131|219|156|392|201|128|71|38|34
1400000US25009260900|5323|873|415|217|179|118|0|19|0|19|11|23|0|19|0|19|0|19|23|37|14|23|24|46|70|102|37|45|0|19|0|19|236|122|62|90|0|19|0|19|11|24|0|19|0|19|0|19|10|22|22|42|10|17|39|37|82|83|0|19|4908|865|2137|438|126|92|110|91|173|124|47|59|13|21|0|19|73|59|305|176|259|122|417|158|303|182|169|77|142|118|2771|583|168|160|0|19|88|77|121|88|216|117|13|22|218|194|290|148|359|174|367|135|517|210|240|93|174|141
1400000US25009261000|4263|571|205|88|125|74|0|14|0|14|16|25|12|18|21|23|4|7|0|14|0|14|16|21|20|23|8|13|11|17|17|18|80|46|0|14|0|14|0|14|0|14|0|14|0|14|19|27|0|14|23|19|0|14|22|25|0|14|16|19|4058|585|2252|452|54|41|33|39|113|74|55|45|83|71|76|86|356|191|346|127|248|96|320|153|363|185|115|59|90|48|1806|295|104|88|20|26|125|75|38|41|21|27|27|31|223|160|222|83|247|89|208|77|277|122|196|109|98|70
1400000US25009261101|5267|916|136|97|57|43|23|36|0|19|0|19|0|19|0|19|0|19|0|19|0|19|0|19|10|16|11|16|0|19|13|15|79|57|0|19|0|19|0|19|0|19|0|19|6|9|31|48|0|19|0|19|2|4|20|17|7|9|13|13|5131|906|2451|544|104|69|63|65|296|293|83|58|0|19|72|52|186|100|165|83|347|179|290|119|444|120|238|76|163|70|2680|450|98|69|0|19|169|110|150|85|9|16|95|70|176|83|367|202|359|190|437|126|398|89|218|57|204|77
1400000US25009261102|4989|489|244|190|76|72|0|14|0|14|19|32|0|14|0|14|0|14|0|14|0|14|0|14|21|34|36|51|0|14|0|14|168|138|0|14|0|14|0|14|0|14|0|14|18|30|93|109|0|14|20|33|20|43|0|14|0|14|17|27|4745|488|2276|346|172|105|61|89|100|62|38|42|14|23|41|50|318|176|469|186|277|137|266|112|293|123|161|74|66|46|2469|345|347|153|6|13|147|91|51|68|6|10|83|66|89|75|529|178|172|88|408|136|323|109|233|99|75|56
1400000US25009262100|6676|41|553|482|308|317|245|332|0|19|0|19|0|19|13|20|0|19|0|19|1|4|0|19|13|21|19|32|17|28|0|19|245|175|0|19|0|19|0|19|13|21|0|19|0|19|0|19|122|173|0|19|15|24|43|41|0|19|52|40|6123|486|3394|282|98|90|25|32|415|185|31|53|32|33|23|32|218|159|359|205|345|145|497|210|571|181|466|166|314|167|2729|396|37|46|93|108|31|52|26|32|29|35|32|41|274|150|260|132|218|104|460|162|527|161|440|129|302|178
1400000US25009263100|4520|36|101|57|24|23|0|14|0|14|0|14|0|14|0|14|0|14|0|14|14|16|8|15|0|14|0|14|2|4|0|14|77|47|8|13|0|14|0|14|0|14|0|14|0|14|21|36|19|29|0|14|0|14|15|16|13|21|1|2|4419|74|2123|152|71|51|11|18|51|42|67|48|15|25|55|40|168|87|228|101|179|73|320|102|428|104|365|131|165|68|2296|155|111|71|0|14|167|62|140|89|26|28|111|65|105|66|145|58|258|85|321|102|392|108|418|118|102|58
1400000US25009264100|6719|43|283|136|82|75|0|19|0|19|0|19|0|19|0|19|0|19|0|19|0|19|0|19|33|51|30|51|0|19|19|30|201|123|0|19|0|19|45|71|0|19|0|19|0|19|0|19|0|19|0|19|44|68|44|51|15|24|53|59|6436|136|3138|239|288|173|0|19|321|150|106|77|39|41|71|70|141|98|221|117|645|149|237|111|502|106|326|90|241|108|3298|234|135|124|0|19|309|206|62|77|28|38|26|28|213|126|272|134|680|204|269|127|566|136|516|100|222|121
1400000US25009265101|4034|411|127|89|43|47|0|14|0|14|12|18|11|19|20|29|0|14|0|14|0|14|0|14|0|14|0|14|0|14|0|14|84|51|0|14|0|14|0|14|0|14|0|14|0|14|8|13|0|14|0|14|40|40|16|18|11|18|9|15|3907|425|1916|240|99|51|0|14|227|150|58|38|0|14|51|41|98|60|261|117|225|73|192|67|377|82|275|78|53|33|1991|268|194|118|26|28|156|59|63|46|23|24|115|108|103|79|262|112|238|97|159|64|319|85|251|64|82|65
1400000US25009265102|4406|415|146|76|67|41|0|14|0|14|0|14|0|14|0|14|0|14|0|14|4|13|34|34|9|12|0|14|9|12|11|15|79|54|0|14|6|11|0|14|0|14|0|14|0|14|0|14|0|14|0|14|6|10|22|23|9|12|36|40|4260|416|2232|241|159|62|15|19|182|78|95|49|37|40|106|67|75|43|163|111|259|83|370|89|405|137|174|65|192|68|2028|255|43|45|0|14|186|63|60|35|4|8|73|51|144|96|145|59|287|63|293|79|326|77|246|78|221|142
1400000US25009266100|4415|376|191|128|69|51|0|14|0|14|0|14|0|14|0|14|0|14|0|14|1|5|14|14|6|10|30|44|10|15|8|12|122|112|0|14|0|14|0|14|0|14|6|9|6|9|7|12|0|14|0|14|5|10|51|83|26|40|21|23|4224|383|2191|243|185|86|12|19|107|62|130|67|32|36|49|39|140|65|258|88|370|185|231|63|341|86|235|66|101|38|2033|229|36|45|0|14|75|45|89|41|0|14|60|32|114|90|275|99|204|63|468|189|372|90|180|65|160|64
1400000US25009266200|5292|612|284|161|35|33|14|22|0|19|0|19|0|19|0|19|0|19|0|19|0|19|0|19|8|14|0|19|13|21|0|19|249|151|16|28|0|19|0|19|0|19|0|19|0|19|0|19|11|19|77|103|42|65|32|37|39|61|32|36|5008|635|2511|441|141|103|11|17|179|111|61|54|46|67|71|105|136|107|160|95|437|161|502|215|440|144|197|90|130|90|2497|328|207|117|18|32|172|101|57|52|20|33|29|36|75|49|310|137|375|138|522|194|321|131|243|76|148|89
1400000US25009266300|3713|431|259|172|135|136|0|14|0|14|0|14|0|14|0|14|12|21|78|124|11|19|0|14|24|36|10|18|0|14|0|14|124|88|0|14|0|14|0|14|0|14|8|14|18|21|31|42|9|16|4|14|9|15|10|18|11|17|24|33|3454|418|1621|232|85|65|36|40|114|91|30|38|21|25|18|22|55|44|319|120|116|69|285|99|257|83|224|69|61|37|1833|251|61|41|12|16|94|40|91|61|8|13|59|53|43|37|310|109|288|130|171|67|368|110|250|70|78|43
1400000US25009266400|3576|498|451|310|242|231|0|14|0|14|112|102|31|40|0|14|0|14|0|14|0|14|90|132|9|17|0|14|0|14|0|14|209|135|0|14|0|14|0|14|31|40|0|14|0|14|60|62|10|15|31|40|34|41|8|14|19|32|16|19|3125|434|1558|229|40|30|0|14|123|128|72|61|5|9|43|36|134|68|270|118|193|75|178|89|157|62|264|89|79|44|1567|261|63|59|0|14|104|57|53|42|6|11|19|22|48|58|293|186|227|60|125|57|270|88|192|86|167|60
1400000US25009267102|5431|404|250|121|145|102|0|19|0|19|0|19|0|19|0|19|7|12|27|43|18|30|0|19|41|48|37|34|0|19|15|24|105|54|0|19|0|19|0|19|0|19|0|19|0|19|0|19|43|66|0|19|23|35|0|19|0|19|39|46|5181|404|2791|343|212|121|8|19|73|58|20|33|16|28|133|94|345|240|495|153|241|108|365|120|435|128|290|91|158|63|2390|255|0|19|46|48|93|70|65|55|60|59|57|59|247|128|248|161|224|91|379|117|488|148|222|100|261|129
1400000US25009267103|1662|269|106|67|37|28|0|14|0|14|0|14|0|14|0|14|0|14|11|17|0|14|0|14|0|14|8|12|13|15|5|8|69|44|0|14|0|14|0|14|0|14|0|14|0|14|11|16|5|8|0|14|15|17|33|27|5|8|0|14|1556|261|773|145|35|25|0|14|29|26|0|14|5|8|5|8|37|20|108|88|68|37|65|36|168|66|141|73|112|48|783|149|0|14|0|14|23|21|10|14|0|14|11|13|40|33|128|81|24|27|106|47|138|68|222|80|81|35
1400000US25009267104|2104|355|98|80|77|75|0|14|0|14|0|14|0|14|0|14|0|14|14|24|12|21|8|12|0|14|0|14|0|14|43|66|21|20|0|14|0|14|0|14|0|14|0|14|0|14|0|14|0|14|0|14|6|9|0|14|9|15|6|9|2006|340|859|218|57|67|0|14|77|72|52|42|0|14|14|20|17|32|123|77|99|80|34|29|139|81|113|52|134|61|1147|221|26|34|0|14|48|47|28|25|0|14|9|13|180|199|123|80|125|87|100|70|133|66|238|89|137|67
1400000US25009268100|2615|347|148|135|86|92|26|43|0|14|9|15|0|14|0|14|0|14|0|14|15|16|0|14|29|47|1|2|0|14|6|10|62|47|9|14|0|14|0|14|0|14|0|14|0|14|0|14|15|15|22|36|0|14|5|8|5|8|6|10|2467|328|1182|142|72|36|20|15|77|38|63|40|32|34|6|9|90|41|88|39|119|34|225|47|224|71|122|36|44|26|1285|221|43|27|0|14|83|35|65|33|21|18|46|26|94|55|178|120|126|31|190|39|274|79|141|45|24|19
1400000US25009268200|6980|1004|308|164|164|111|12|20|0|19|25|32|9|16|0|19|0|19|0|19|65|49|10|18|27|32|10|16|6|10|0|19|144|78|0|19|0|19|6|18|0|19|0|19|0|19|0|19|39|38|17|26|0|19|20|27|45|44|17|28|6672|1040|2783|441|130|94|0|19|441|269|148|75|13|21|17|29|40|48|325|168|438|233|267|89|492|136|317|162|155|82|3889|746|128|104|74|77|423|129|379|496|0|19|46|47|294|215|186|119|584|243|359|119|579|146|336|136|501|154
1400000US25009268300|4122|596|200|120|125|99|0|14|0|14|0|14|0|14|0|14|0|14|2|4|5|4|0|14|1|5|78|93|37|41|2|5|75|60|0|14|0|14|0|14|0|14|0|14|0|14|0|14|18|30|0|14|19|30|33|38|5|9|0|14|3922|592|1790|329|19|21|0|14|116|98|136|126|51|58|45|49|102|99|147|109|132|77|207|90|337|221|209|101|289|101|2132|322|66|68|31|28|11|32|50|44|59|63|18|25|127|75|292|182|110|62|260|122|484|178|457|109|167|85
1400000US25009268400|4484|654|266|231|21|22|0|14|0|14|0|14|0|14|0|14|0|14|0|14|1|5|0|14|2|4|15|22|3|6|0|14|245|227|0|14|55|71|55|70|0|14|0|14|0|14|0|14|57|73|0|14|0|14|29|35|0|14|49|50|4218|657|1941|392|41|48|0|14|122|175|141|102|45|66|15|23|40|62|168|117|206|126|249|88|442|149|287|101|185|98|2277|338|83|74|54|79|192|161|113|123|0|14|62|69|45|62|163|120|248|114|408|128|308|128|433|143|168|81
1400000US25009269100|6712|19|339|156|100|101|0|19|0|19|0|19|0|19|0|19|0|19|29|69|34|52|22|29|0|19|15|24|0|19|0|19|239|138|0|19|0|19|15|23|5|11|0|19|0|19|0|19|33|52|5|11|33|36|13|20|38|42|97|95|6373|154|3160|207|64|55|90|81|80|65|94|93|45|49|115|61|139|83|305|140|383|137|358|148|777|281|507|131|203|99|3213|213|128|75|84|59|254|182|69|57|33|41|93|65|201|82|169|95|387|150|225|82|690|190|651|184|229|109
1400000US25009270100|6183|14|88|76|15|23|0|19|0|19|0|19|0|19|0|19|0|19|0|19|0|19|0|19|0|19|0|19|0|19|15|23|73|66|0|19|0|19|0|19|0|19|0|19|0|19|17|31|14|26|0|19|0|19|13|24|1|2|28|30|6095|75|3116|238|103|63|120|107|126|86|190|98|0|19|44|51|276|134|430|157|291|118|273|106|793|185|306|98|164|90|2979|228|120|80|39|43|200|145|69|42|57|59|147|83|86|60|262|110|255|115|280|91|702|204|457|137|305|114
1400000US25009990100|0|14|0|14|0|14|0|14|0|14|0|14|0|14|0|14|0|14|0|14|0|14|0|14|0|14|0|14|0|14|0|14|0|14|0|14|0|14|0|14|0|14|0|14|0|14|0|14|0|14|0|14|0|14|0|14|0|14|0|14|0|14|0|14|0|14|0|14|0|14|0|14|0|14|0|14|0|14|0|14|0|14|0|14|0|14|0|14|0|14|0|14|0|14|0|14|0|14|0|14|0|14|0|14|0|14|0|14|0|14|0|14|0|14|0|14|0|14
1400000US25011040100|4424|254|369|89|176|50|7|9|0|14|10|8|9|10|2|4|0|14|24|21|15|13|7|7|25|21|7|5|42|21|28|14|193|59|9|7|0|14|18|15|6|7|11|12|13|13|0|14|2|4|23|13|27|17|30|14|32|18|22|12|4055|239|2123|170|67|23|7|6|143|65|30|16|6|5|31|15|184|50|158|37|321|69|219|45|281|46|408|93|268|64|1932|137|61|29|14|10|69|23|57|24|5|5|20|11|107|43|196|46|203|47|255|39|320|53|387|57|238|67
1400000US25011040200|4549|241|307|93|158|74|0|14|0|14|0|14|0|14|0|14|0|14|40|71|65|81|0|14|8|6|31|24|4|4|10|11|149|58|0|14|0|14|9|10|0|14|0|14|0|14|7|9|39|34|3|4|27|30|41|27|15|13|8|7|4242|245|2189|155|99|40|10|11|143|61|66|45|23|18|39|28|151|51|276|70|248|51|222|69|382|62|372|53|158|41|2053|164|77|34|9|8|97|34|81|39|10|8|40|16|76|46|261|58|265|91|329|101|369|47|287|40|152|35
1400000US25011040300|2857|30|241|112|49|50|14|22|0|14|18|19|0|14|0|14|0|14|1|5|15|15|1|4|0|14|0|14|0|14|0|14|192|96|10|16|11|18|21|24|0|14|0|14|0|14|0|14|59|57|19|22|8|14|33|29|16|19|15|17|2616|114|1297|131|0|14|10|15|24|23|63|45|75|49|39|43|79|48|114|53|178|51|168|62|256|89|159|53|132|50|1319|123|11|17|0|14|37|28|64|44|0|14|63|46|90|68|98|51|151|52|216|87|257|69|228|74|104|45
1400000US25011040400|3312|240|265|72|120|36|2|3|0|14|0|14|6|8|0|14|0|14|19|15|10|9|25|19|28|21|16|10|7|6|7|5|145|47|2|3|0|14|3|4|7|9|0|14|9|10|8|11|10|8|34|24|5|6|21|15|28|17|18|16|3047|236|1582|156|80|37|30|21|112|34|29|17|24|14|5|5|117|45|212|65|212|35|209|60|223|38|188|31|141|47|1465|126|51|20|10|13|89|34|51|22|16|12|14|10|99|44|134|42|228|41|179|45|253|45|212|33|129|38
1400000US25011040501|4025|380|833|360|386|182|10|15|26|29|71|57|16|24|15|23|0|14|13|30|105|88|14|22|85|63|0|14|29|30|2|11|447|210|26|30|0|14|90|62|39|38|0|14|0|14|34|33|55|62|61|43|32|37|77|61|33|47|0|14|3192|433|1530|239|27|28|0|14|102|65|12|19|18|27|65|55|175|81|222|88|191|93|188|74|210|98|264|94|56|36|1662|290|86|68|0|14|61|48|122|74|0|14|46|52|87|61|268|134|194|84|225|83|253|86|223|83|97|46
1400000US25011040502|3550|377|778|430|283|150|45|46|0|14|72|88|8|13|8|13|20|26|21|25|0|14|40|48|22|28|26|31|18|19|3|4|495|299|29|45|19|27|64|52|43|40|0|14|31|50|0|14|112|82|38|47|24|28|62|55|58|40|15|19|2772|302|1298|195|51|52|10|15|74|47|0|14|19|23|45|43|49|54|110|79|154|82|174|65|252|90|212|72|148|62|1474|212|26|19|0|14|73|51|83|55|27|39|41|33|89|58|91|53|162|71|119|61|351|89|271|96|141|76
1400000US25011040600|4621|282|343|90|148|65|4|8|4|6|8|13|3|4|41|52|2|5|5|7|11|11|18|15|15|9|30|18|4|6|3|4|195|41|8|12|0|14|5|6|0|14|3|6|12|11|12|9|36|19|6|6|22|18|62|24|12|9|17|13|4278|277|2116|176|60|25|9|7|90|27|27|14|12|9|73|32|107|35|270|69|260|77|203|38|439|98|364|51|202|41|2162|156|83|26|12|8|149|56|51|23|0|14|24|12|116|48|175|44|189|31|201|38|489|87|494|77|179|42
1400000US25011040701|3800|283|439|176|229|95|29|31|20|23|0|14|0|14|0|14|0|14|0|14|60|60|30|27|38|41|16|19|26|24|10|18|210|97|34|41|21|28|21|28|13|20|0|14|0|14|20|24|57|43|0|14|8|14|20|24|16|18|0|14|3361|315|1714|191|130|63|11|19|72|58|26|27|13|21|47|32|113|112|289|96|180|87|226|64|230|91|238|92|139|48|1647|205|63|37|0|14|76|44|25|28|55|54|46|52|125|88|245|93|217|67|285|105|195|66|186|68|129|50
1400000US25011040702|4597|284|428|160|142|81|46|46|0|14|13|19|0|14|0|14|0|14|15|20|29|32|12|19|0|14|13|11|8|12|6|10|286|113|13|19|28|44|20|24|0|14|0|14|0|14|25|43|87|60|13|20|30|35|17|19|20|24|33|25|4169|341|2178|163|89|75|26|38|192|87|81|49|27|39|14|18|39|37|224|120|395|109|289|88|355|119|289|64|158|84|1991|297|50|42|48|52|61|49|45|48|49|44|61|60|61|36|280|145|301|95|245|92|364|119|219|63|207|97
1400000US25011040800|5112|264|810|206|238|90|12|20|0|19|9|14|55|44|0|19|0|19|81|67|43|32|25|27|8|12|5|8|0|19|0|19|572|173|0|19|0|19|0|19|0|19|0|19|16|17|268|139|74|47|184|102|0|19|7|8|10|16|13|20|4302|324|2222|211|39|35|3|5|92|71|12|11|31|34|15|12|362|129|436|136|317|130|260|87|191|60|353|94|111|57|2080|260|33|31|5|7|104|82|62|42|24|28|31|33|139|90|332|121|217|85|282|97|361|91|304|95|186|76
1400000US25011040900|5098|24|367|186|228|133|43|35|28|26|22|35|0|19|0|19|33|40|29|57|15|53|0|19|0|19|18|32|24|39|16|27|139|89|0|19|0|19|0|19|0|19|0|19|0|19|0|19|44|51|11|19|0|19|46|48|16|28|22|47|4731|184|2254|170|30|33|0|19|100|56|35|39|22|36|84|69|91|67|268|105|262|108|413|110|552|199|255|97|142|66|2477|212|33|33|0|19|69|52|130|71|27|32|135|83|115|89|114|65|264|100|422|150|510|198|334|99|324|130
1400000US25011041000|3239|339|538|254|195|109|27|33|0|14|17|19|18|26|0|14|0|14|0|14|25|30|57|57|36|44|9|14|0|14|6|10|343|205|6|10|0|14|74|80|13|20|19|27|18|27|0|14|45|59|38|39|9|14|0|14|121|102|0|14|2701|289|1351|192|53|39|11|17|107|47|115|74|31|29|15|18|96|83|29|28|175|79|251|96|180|87|226|71|62|35|1350|159|89|71|0|14|35|41|51|52|0|14|16|19|81|49|110|67|243|85|211|90|118|57|297|93|99|55
1400000US25011041100|3584|411|156|101|67|69|15|34|0|14|0|14|0|14|0|14|0|14|11|24|0|14|0|14|0|14|16|19|13|16|12|18|89|49|0|14|0|14|0|14|0|14|0|14|0|14|26|32|4|7|6|10|14|18|26|26|5|8|8|13|3428|406|1691|289|140|116|13|21|174|110|32|29|6|12|31|28|55|47|118|68|229|85|182|70|229|77|279|78|203|63|1737|255|68|55|33|39|160|90|7|10|17|20|22|25|41|34|55|41|308|88|213|81|274|95|391|89|148|56
1400000US25011041200|2956|280|351|127|119|67|9|15|0|14|0|14|0|14|0|14|9|15|28|37|0|14|29|32|9|14|0|14|13|20|22|21|232|85|0|14|0|14|19|17|0|14|0|14|0|14|0|14|0|14|22|25|79|66|65|54|19|26|28|17|2605|279|1214|227|63|55|12|20|96|62|81|49|0|14|50|32|81|62|127|63|140|64|228|84|132|67|150|91|54|39|1391|162|40|35|31|33|54|46|38|35|7|12|16|25|51|43|205|102|223|63|205|77|156|70|233|71|132|62
1400000US25011041301|2817|435|673|358|364|250|49|61|0|14|15|23|45|66|0|14|0|14|12|21|29|31|13|21|0|14|147|84|9|16|45|50|309|184|0|14|0|14|0|14|0|14|0|14|0|14|12|20|55|42|93|74|30|46|39|46|38|49|42|34|2144|369|1303|328|39|42|22|26|0|14|66|38|32|33|65|58|118|65|220|104|168|77|176|94|70|55|252|252|75|53|841|168|43|41|0|14|44|54|57|66|0|14|0|14|37|45|249|94|69|46|90|54|68|57|99|50|85|59
1400000US25011041302|2179|328|460|140|211|90|24|37|0|14|0|14|0|14|0|14|9|14|0|14|41|54|0|14|53|40|63|59|21|29|0|14|249|125|0|14|0|14|0|14|0|14|0|14|0|14|33|40|27|42|14|48|58|48|13|22|18|23|86|94|1719|305|857|220|52|28|0|14|72|91|17|27|0|14|17|26|5|9|189|122|118|60|98|80|143|70|129|53|17|22|862|214|100|82|38|38|0|14|0|14|0|14|0|14|167|169|80|44|142|84|50|46|86|52|137|85|62|45
1400000US25011041400|2251|265|486|274|158|132|15|23|0|14|25|33|23|60|0|14|21|50|8|20|24|33|2|3|2|4|5|8|16|22|17|23|328|166|8|16|0|14|28|52|0|14|0|14|0|14|0|14|86|82|105|88|6|13|46|44|0|14|49|50|1765|342|813|197|0|14|0|14|104|57|23|33|0|14|23|37|164|93|91|62|115|77|100|76|104|80|21|21|68|50|952|259|6|13|0|14|58|36|74|40|0|14|31|45|135|118|81|68|104|55|117|89|172|101|70|54|104|63
1400000US25011041501|3543|200|238|98|116|57|3|5|0|14|8|8|0|14|0|14|0|14|13|15|4|5|16|9|22|28|32|35|13|8|5|5|122|56|6|11|0|14|3|4|0|14|0|14|1|3|3|5|7|7|9|8|35|40|18|13|26|21|14|10|3305|217|1682|139|46|25|4|5|87|34|43|18|19|22|43|21|23|14|124|54|126|32|199|52|415|69|381|83|172|47|1623|140|34|18|7|7|47|28|37|22|17|18|31|20|62|29|72|27|177|45|216|48|374|68|431|87|118|40
1400000US25011041502|3468|299|426|132|216|95|12|10|0|14|18|24|0|14|0|14|3|5|29|43|36|59|26|20|44|36|36|15|12|12|0|14|210|75|6|9|6|10|21|15|0|14|0|14|0|14|6|18|28|32|25|17|10|10|41|30|34|23|33|29|3042|314|1520|192|17|13|13|15|154|65|28|19|28|33|10|11|115|43|112|45|220|95|80|33|303|71|286|68|154|50|1522|172|90|53|14|14|63|37|47|23|0|14|24|17|49|25|154|72|155|59|184|49|230|55|341|104|171|49
1400000US25013800101|4155|574|347|230|136|108|20|30|0|14|15|23|0|14|0|14|31|49|18|27|21|40|0|14|0|14|12|19|12|18|7|12|211|163|25|67|7|19|7|19|0|14|0|14|18|28|6|16|7|17|59|52|36|34|0|14|26|31|20|27|3808|601|1877|309|220|148|22|27|143|81|35|38|40|46|87|61|201|93|342|160|287|124|153|74|116|63|155|78|76|59|1931|371|59|51|43|73|139|84|67|57|0|14|37|43|37|55|362|146|210|90|362|152|231|122|323|162|61|37
1400000US25013800102|4822|744|1109|351|545|266|103|75|0|14|132|113|23|27|0|14|38|34|22|37|71|57|6|9|52|67|64|46|28|28|6|11|564|166|0|14|0|14|19|23|56|63|0|14|15|25|23|38|109|75|189|99|41|38|29|76|63|56|20|22|3713|743|1541|385|86|67|26|37|174|104|72|59|16|23|10|16|161|140|305|204|289|129|200|118|94|78|108|49|0|14|2172|567|102|111|0|14|198|248|46|46|10|18|105|116|299|142|306|127|224|106|468|178|181|107|178|89|55|45
1400000US25013800201|5972|899|977|401|376|212|7|15|0|19|32|49|19|27|0|19|1|3|70|69|72|78|0|19|125|93|50|53|0|19|0|19|601|296|38|55|0|19|109|111|20|33|24|39|18|34|0|19|118|103|54|52|40|46|122|93|58|62|0|19|4995|869|2310|532|35|53|0|19|277|113|203|111|0|19|0|19|415|173|137|93|300|133|341|172|438|339|121|62|43|38|2685|538|160|125|0|19|240|184|33|47|0|19|162|160|281|111|260|157|375|192|386|242|414|244|184|108|190|125
1400000US25013800202|1558|334|262|111|102|67|17|26|0|14|55|47|0|14|0|14|17|18|0|14|0|14|0|14|6|10|0|14|7|11|0|14|160|66|22|23|0|14|0|14|5|10|18|15|0|14|16|19|34|31|24|18|6|11|5|7|30|32|0|14|1296|350|683|269|15|23|0|14|46|31|24|27|0|14|9|12|103|72|98|83|153|111|38|37|101|42|96|57|0|14|613|173|0|14|18|30|44|34|35|37|0|14|6|9|88|66|53|32|77|38|73|55|95|32|39|27|85|59
1400000US25013800300|4643|592|682|260|316|151|20|31|0|14|0|14|39|57|0|14|0|14|107|94|0|14|0|14|44|44|44|48|54|53|8|14|366|167|0|14|0|14|36|53|0|14|13|21|0|14|49|61|14|23|50|58|44|53|76|63|55|40|29|26|3961|613|1875|320|43|55|0|14|316|105|87|64|37|50|80|89|144|83|305|135|284|113|182|67|203|86|142|57|52|53|2086|538|177|172|20|31|117|85|102|73|0|14|15|26|360|282|225|161|428|191|201|105|166|78|188|91|87|58
1400000US25013800400|5983|1109|1131|534|455|293|52|61|0|19|25|46|45|60|0|19|0|19|93|123|14|22|155|230|0|19|0|19|71|83|0|19|676|325|44|82|49|79|142|112|23|43|0|19|0|19|0|19|155|105|81|125|112|124|27|31|43|64|0|19|4852|1147|1723|393|25|43|20|34|78|82|163|132|86|99|141|142|118|119|333|218|193|87|172|139|129|108|233|127|32|36|3129|944|134|127|0|19|792|568|86|120|22|34|68|99|136|142|882|478|307|164|335|203|188|116|120|93|59|66
1400000US25013800500|3655|669|467|262|154|120|0|14|0|14|0|14|0|14|0|14|28|45|0|14|52|63|3|7|1|2|21|29|0|14|49|68|313|217|27|43|0|14|0|14|0|14|0|14|0|14|50|76|95|93|23|39|61|75|6|10|41|60|10|16|3188|732|1581|398|247|208|0|14|92|90|13|26|46|72|72|59|124|95|152|111|343|179|121|65|157|62|161|123|53|37|1607|381|56|58|61|67|303|187|38|42|25|37|25|45|47|39|150|98|341|154|137|68|197|90|116|68|111|53
1400000US25013800600|2333|482|1094|399|403|149|13|16|0|14|30|29|40|31|11|14|22|27|63|64|55|49|18|28|53|54|65|76|33|32|0|14|691|340|83|72|52|85|25|27|14|23|0|14|33|49|145|109|80|60|52|47|81|79|73|42|20|24|33|28|1239|307|629|182|64|58|10|14|57|45|38|38|17|26|21|35|139|94|85|59|68|50|96|62|0|14|31|34|3|6|610|206|26|30|7|11|30|34|22|21|21|32|59|49|105|87|41|41|114|64|144|80|0|14|35|38|6|10
1400000US25013800700|4014|560|2021|565|1086|369|31|53|0|14|170|117|59|60|0|14|25|39|80|84|249|259|21|26|56|81|213|140|156|94|26|45|935|294|80|59|21|32|76|58|32|39|62|72|108|86|101|88|77|50|77|68|76|65|96|58|44|43|85|57|1993|558|1148|376|114|104|0|14|71|65|27|43|42|49|31|49|360|205|103|83|47|71|236|168|63|53|39|45|15|23|845|242|20|26|0|14|99|94|26|41|15|34|43|52|71|70|143|109|216|102|30|34|55|47|41|41|86|86
1400000US25013800800|2011|437|1003|445|443|234|52|32|0|14|62|73|19|25|8|11|6|8|69|63|0|14|99|119|19|30|61|34|0|14|48|46|560|233|27|45|0|14|95|94|73|38|0|14|13|26|43|38|101|84|51|28|39|43|62|46|47|33|9|14|1008|240|521|144|33|36|13|21|46|39|25|26|0|14|24|30|92|70|15|23|69|56|26|39|38|28|95|77|45|43|487|138|39|43|5|10|65|62|0|14|0|14|73|56|57|51|46|35|47|39|38|34|35|35|58|38|24|18
1400000US25013800900|4200|786|1730|373|682|215|10|18|0|14|108|88|46|58|16|24|40|4|89|105|2|54|0|14|40|52|180|94|76|66|75|65|1048|309|32|48|19|36|8|14|77|75|0|14|13|21|88|76|166|121|88|76|78|83|94|80|337|229|48|42|2470|767|1504|477|144|135|49|70|48|44|80|76|0|14|26|44|285|177|223|146|224|156|278|226|84|71|47|66|16|27|966|389|67|78|0|14|42|49|145|121|2|4|7|9|154|132|121|80|129|91|141|126|62|59|49|60|47|50
1400000US25013801101|1636|215|964|240|172|101|23|40|7|10|9|14|0|14|0|14|0|14|11|18|0|14|24|36|0|14|98|67|0|14|0|14|792|222|4|6|17|32|0|14|45|52|0|14|0|14|144|100|127|111|114|104|25|30|153|42|93|62|70|64|672|194|362|125|72|56|0|14|77|56|10|17|0|14|0|14|0|14|71|54|55|49|52|38|25|29|0|14|0|14|310|132|11|29|9|24|0|14|10|18|0|14|0|14|47|44|114|78|57|57|0|14|19|32|41|42|2|5
1400000US25013801102|1213|448|299|115|196|82|0|14|0|14|0|14|0|14|0|14|0|14|29|29|67|40|60|53|0|14|0|14|24|31|16|14|103|50|0|14|0|14|0|14|0|14|0|14|0|14|11|18|14|19|0|14|0|14|49|33|29|26|0|14|914|460|380|206|0|14|0|14|63|90|0|14|0|14|0|14|15|16|130|120|70|49|10|15|62|44|24|21|6|10|534|276|128|148|0|14|0|14|0|14|0|14|0|14|50|36|217|139|45|42|31|28|38|47|20|23|5|8
1400000US25013801200|2240|468|1289|438|710|311|32|39|0|14|99|95|23|34|18|28|0|14|149|215|164|144|53|59|69|59|103|98|0|14|0|14|579|281|80|88|0|14|76|78|57|86|25|43|7|21|76|90|65|75|111|88|5|10|77|54|0|14|0|14|951|333|519|203|58|91|0|14|0|14|0|14|22|34|21|34|43|41|43|47|34|40|66|65|96|70|70|53|66|67|432|203|48|77|0|14|0|14|0|14|0|14|0|14|39|43|198|145|75|82|15|28|20|26|0|14|37|59
1400000US25013801300|5328|738|1694|580|784|341|44|48|0|19|92|80|45|54|0|19|36|39|111|94|41|65|98|96|100|74|104|87|103|107|10|16|910|317|68|94|0|19|38|41|0|19|0|19|88|80|38|44|45|56|110|77|106|83|181|91|181|177|55|5|3634|755|1902|430|86|73|0|19|111|89|92|92|113|72|32|38|437|234|212|123|127|86|270|169|189|94|189|94|44|45|1732|434|67|66|0|19|170|83|43|47|51|59|103|68|245|127|173|100|292|116|140|88|234|113|126|54|88|74
1400000US25013801401|3503|374|1397|431|551|223|86|76|38|44|90|105|0|14|15|25|15|25|73|63|82|78|23|33|29|39|69|80|22|26|9|15|846|285|26|32|33|51|137|94|70|67|0|14|74|84|56|53|70|69|152|83|57|54|79|53|55|49|37|41|2106|532|1149|317|112|90|0|14|19|21|57|54|0|14|27|34|157|105|363|219|243|142|32|33|70|49|30|34|39|40|957|280|31|40|0|14|45|41|21|31|12|20|42|41|85|82|128|131|160|103|152|95|135|84|80|43|66|44
1400000US25013801402|2541|405|378|181|85|49|0|14|0|14|35|34|0|14|0|14|0|14|0|14|0|14|8|13|0|14|7|11|14|22|21|26|293|156|0|14|21|32|7|12|36|35|61|53|0|14|0|14|43|34|19|30|28|28|10|10|50|38|18|21|2163|431|1020|232|5|32|0|14|108|97|52|59|48|43|0|14|91|51|115|56|249|92|96|62|106|60|117|49|33|30|1143|257|72|88|0|14|13|22|54|43|12|16|59|56|245|84|46|43|162|71|100|60|170|60|103|64|107|57
1400000US25013801501|5282|725|462|234|223|169|0|19|0|19|0|19|0|19|0|19|30|49|23|46|0|19|66|108|0|19|48|60|47|50|9|18|239|136|0|19|38|69|23|40|0|19|0|19|0|19|0|19|28|45|1|3|74|70|39|52|11|22|25|29|4820|709|2453|465|67|73|0|19|305|181|227|133|26|72|0|19|371|233|524|340|163|106|378|128|114|80|254|191|24|27|2367|498|55|91|0|19|71|89|48|74|50|76|113|120|280|155|313|159|177|133|521|281|399|192|128|82|212|93
1400000US25013801502|3573|653|951|482|325|252|0|14|0|14|52|80|127|151|0|14|0|14|15|21|2|6|63|57|16|20|14|24|13|20|23|24|626|295|44|45|0|14|236|161|0|14|0|14|51|39|0|14|127|109|40|56|18|19|64|63|25|37|21|24|2622|565|1345|327|170|143|62|45|200|150|13|21|22|27|23|33|81|60|173|125|100|69|119|79|99|54|238|126|45|54|1277|352|80|52|0|14|16|26|15|26|0|14|31|37|117|110|360|172|171|105|143|79|127|60|162|78|55|44
1400000US25013801503|4156|659|802|392|333|218|65|78|20|34|89|85|12|18|23|39|0|14|23|39|26|37|19|32|30|36|26|32|0|14|0|14|469|214|0|14|24|38|17|28|52|45|18|31|39|42|13|20|44|40|132|85|41|48|4|8|48|43|37|43|3354|719|1951|451|85|65|0|14|139|112|39|37|0|14|23|30|98|99|490|251|294|151|307|143|207|90|98|63|171|78|1403|339|92|90|63|99|27|34|17|28|0|14|9|11|22|37|121|63|227|173|325|100|261|108|79|49|160|108
1400000US25013801601|3897|957|349|195|167|120|0|14|0|14|16|26|0|14|0|14|62|80|37|57|1|4|16|24|24|23|11|17|0|14|0|14|182|116|0|14|0|14|0|14|15|24|15|25|0|14|0|14|58|75|15|23|0|14|24|25|25|25|30|25|3548|902|1838|681|195|203|89|133|95|118|0|14|0|14|0|14|196|162|250|180|231|172|159|123|218|121|297|161|108|64|1710|319|227|208|5|8|100|106|0|14|0|14|15|22|153|88|161|102|186|103|228|144|168|129|126|56|341|129
1400000US25013801602|4590|470|521|230|147|88|27|43|0|14|28|39|4|23|0|14|0|14|0|14|15|16|0|14|2|4|37|41|24|37|10|17|374|160|88|86|0|14|0|14|0|14|0|14|0|14|34|45|29|37|33|52|36|49|66|50|17|26|71|44|4069|508|1904|340|206|139|0|14|41|39|0|14|79|75|95|114|218|139|215|124|331|124|220|77|189|60|225|101|85|52|2165|308|131|96|31|32|94|81|0|14|22|31|162|98|197|127|401|154|322|104|278|104|154|71|204|74|169|113
1400000US25013801603|3931|399|400|218|134|105|0|14|0|14|40|56|26|41|0|14|0|14|29|46|7|12|0|14|10|17|6|11|16|20|0|14|266|144|0|14|0|14|22|34|22|34|0|14|0|14|50|56|29|32|49|53|30|38|20|21|34|29|10|16|3531|401|1800|229|75|76|12|20|128|72|91|62|21|28|0|14|122|76|270|133|361|121|202|89|232|100|219|81|67|34|1731|259|90|75|42|51|42|49|0|14|25|37|23|30|91|56|185|89|163|77|301|78|248|90|390|119|131|55
1400000US25013801604|4096|862|239|178|83|77|0|14|0|14|0|14|0|14|0|14|0|14|17|25|8|12|0|14|17|29|34|41|7|10|0|14|156|118|0|14|12|18|14|24|0|14|0|14|0|14|16|29|0|14|12|18|41|43|0|14|19|21|42|70|3857|845|1740|320|67|56|25|25|147|115|46|56|32|35|26|33|85|64|267|93|314|164|185|93|213|80|252|78|81|54|2117|650|190|201|17|25|270|316|0|14|0|14|13|21|147|95|261|83|180|136|362|144|239|77|304|83|134|60
1400000US25013801605|4712|621|1373|467|665|305|207|152|37|52|81|60|33|42|18|31|51|59|0|14|121|85|8|14|20|34|0|14|67|68|22|20|708|269|40|55|5|15|124|93|61|62|23|32|31|36|110|149|105|74|80|58|50|57|70|53|0|14|9|12|3339|496|1534|296|88|58|0|14|170|109|0|14|0|14|0|14|60|61|296|94|188|101|156|76|335|156|166|69|75|37|1805|290|60|52|18|33|81|59|59|66|39|49|15|25|136|71|376|135|167|72|183|79|320|164|225|74|126|48
1400000US25013801700|5143|947|1014|390|483|210|125|110|0|19|0|19|31|51|0|19|6|13|8|14|177|148|0|19|39|35|27|32|53|86|17|28|531|265|0|19|51|80|47|56|40|58|10|18|0|19|0|19|85|90|44|53|144|136|64|98|39|64|7|11|4129|907|1863|477|118|103|59|75|211|188|113|106|26|41|28|32|188|142|382|245|87|71|83|58|322|132|89|76|157|103|2266|536|103|104|73|66|106|118|144|127|0|19|15|24|260|256|479|270|240|145|317|185|310|131|136|76|83|58
1400000US25013801800|3947|680|1497|813|571|346|110|107|48|74|206|180|0|14|31|48|0|14|18|32|57|51|28|36|26|34|38|42|9|14|0|14|926|487|227|217|0|14|135|122|17|27|0|14|39|47|78|66|176|128|73|60|22|21|89|79|26|37|44|52|2450|736|1315|492|0|14|0|14|110|92|169|177|47|50|71|96|159|139|237|148|176|180|175|132|75|52|45|50|51|49|1135|345|134|112|0|14|77|86|0|14|0|14|10|17|96|89|183|98|200|158|107|74|180|109|40|41|108|73
1400000US25013801901|3755|988|1739|929|879|546|101|148|0|14|191|240|132|136|74|77|35|39|55|73|100|94|49|69|44|59|95|51|3|5|0|14|860|421|10|26|0|14|105|95|184|206|0|14|76|85|32|53|125|138|132|102|91|81|70|71|35|59|0|14|2016|695|1161|437|0|14|0|14|56|69|31|44|0|14|0|14|398|256|144|128|274|208|20|21|87|69|81|62|70|88|855|337|0|14|0|14|40|61|48|72|0|14|0|14|227|247|71|84|182|133|126|83|60|54|88|59|13|18
1400000US25013801902|3125|548|1232|449|532|329|85|98|0|14|114|105|29|48|0|14|20|33|0|14|122|93|91|136|19|23|0|14|35|39|17|21|700|251|38|62|0|14|64|62|0|14|0|14|0|14|97|85|65|64|113|116|72|74|51|43|107|69|93|103|1893|338|777|240|0|14|33|52|75|83|31|30|0|14|7|14|130|105|149|101|32|38|59|128|122|79|109|121|30|42|1116|247|0|14|0|14|122|85|38|60|0|14|0|14|21|27|215|127|78|66|164|98|162|103|226|114|90|61
1400000US25013802000|2603|454|1322|411|584|215|174|120|42|51|65|63|0|14|14|21|44|57|87|71|28|39|37|48|0|14|93|61|0|14|0|14|738|258|68|72|0|14|113|92|49|55|0|14|0|14|68|62|105|71|63|60|76|68|48|40|14|21|134|121|1281|346|773|223|83|83|20|24|42|44|0|14|0|14|0|14|132|112|42|64|154|95|97|89|99|120|24|31|80|67|508|199|69|80|0|14|46|65|0|14|0|14|44|59|47|36|63|57|75|68|27|36|66|59|18|29|53|42
1400000US25013802101|6938|1039|2531|856|1053|400|50|63|0|19|253|116|60|73|0|19|62|83|0|19|3|5|225|154|179|152|146|141|0|19|75|77|1478|524|456|261|55|68|55|68|52|76|0|19|0|19|45|70|174|160|237|232|49|66|182|169|86|86|87|81|4407|886|2539|590|225|214|0|19|33|40|21|34|0|19|64|70|412|203|222|163|395|280|331|177|282|138|244|152|310|184|1868|509|55|64|15|25|196|220|53|83|0|19|73|91|181|176|217|120|307|180|219|110|334|208|162|122|56|70
1400000US25013802200|3094|713|1359|514|413|193|78|101|0|14|60|80|33|52|0|14|11|18|30|33|135|140|15|24|5|3|34|38|0|14|12|16|946|405|150|170|55|83|54|83|0|14|0|14|53|67|139|123|138|121|141|128|71|90|99|73|44|54|2|6|1735|612|843|265|67|36|0|14|0|14|16|33|28|52|0|14|98|83|132|109|125|69|99|80|175|165|72|57|31|50|892|388|52|83|0|14|16|34|21|33|0|14|0|14|18|27|247|203|85|41|145|72|244|194|29|33|35|41
1400000US25013802300|6793|1197|1812|899|559|385|155|145|0|19|49|69|85|83|49|81|23|37|0|19|0|19|17|29|102|98|53|77|26|37|0|19|1253|599|0|19|34|60|172|190|0|19|27|47|0|19|165|175|368|317|163|155|59|61|173|147|51|70|41|65|4981|865|2294|540|294|173|29|46|174|155|41|50|0|19|46|82|298|168|404|213|351|174|267|132|205|121|102|63|83|66|2687|565|93|94|49|68|347|183|74|95|0|19|43|51|326|146|497|287|425|187|348|180|194|129|135|86|156|98
1400000US25013802400|3777|498|368|199|168|158|0|14|0|14|26|43|0|14|0|14|0|14|2|4|72|97|7|12|41|54|8|15|0|14|12|17|200|111|0|14|0|14|13|20|0|14|0|14|0|14|0|14|44|47|0|14|11|17|24|26|0|14|108|69|3409|497|1771|373|133|86|0|14|143|125|46|45|9|17|53|74|192|103|167|96|204|75|210|81|297|93|118|48|199|144|1638|227|93|66|0|14|129|95|9|14|9|14|81|75|45|43|153|79|156|65|262|114|269|84|197|84|235|128
1400000US25013802500|6985|705|751|446|463|309|0|19|0|19|0|19|86|92|59|85|59|85|57|62|22|35|0|19|94|88|85|64|1|8|0|19|288|183|0|19|0|19|0|19|0|19|0|19|41|74|18|29|59|58|43|67|88|91|33|44|0|19|6|12|6234|751|2980|512|98|125|6|11|421|183|57|53|53|25|97|76|80|99|723|231|327|118|397|178|458|237|170|74|93|85|3254|460|146|137|15|25|0|19|12|20|116|103|145|103|356|276|550|195|417|170|385|218|759|215|235|110|118|72
1400000US25013802601|7567|1046|2162|971|992|542|179|131|29|45|211|161|14|27|0|19|16|31|68|109|329|378|0|19|34|51|96|108|0|19|16|25|1170|512|169|144|19|33|194|151|0|19|0|19|0|19|87|92|295|162|41|49|61|63|263|271|41|45|0|19|5405|800|2693|469|243|128|23|34|126|114|70|65|127|117|23|38|180|116|580|283|403|172|491|156|185|92|199|69|43|40|2712|445|374|179|0|19|91|76|76|94|12|21|168|109|117|87|369|200|344|124|439|165|404|205|239|87|79|49
1400000US25013802602|1807|147|54|31|15|13|0|14|0|14|0|14|0|14|0|14|0|14|0|14|6|10|0|14|0|14|4|7|0|14|5|8|39|31|0|14|0|14|0|14|0|14|0|14|0|14|0|14|0|14|0|14|7|11|0|14|24|28|8|10|1753|150|768|121|40|49|0|14|28|28|21|29|32|31|0|14|50|40|205|67|43|25|126|65|84|30|64|37|75|29|985|128|13|17|22|25|106|58|49|44|12|13|10|13|54|33|189|57|108|56|84|31|100|47|134|51|104|36
1400000US25013810100|6380|460|593|211|223|140|0|19|11|20|17|29|17|29|0|19|0|19|0|19|0|19|15|26|46|61|20|25|34|48|63|73|370|148|9|18|0|19|21|33|0|19|0|19|0|19|0|19|10|19|58|56|25|41|95|75|57|76|95|72|5787|561|3053|408|64|63|47|54|43|47|0|19|45|55|38|60|214|110|406|194|334|160|322|168|966|310|322|226|252|211|2734|331|248|183|24|41|170|140|63|75|0|19|78|82|280|144|219|142|293|120|281|138|437|149|261|105|380|267
1400000US25013810200|2742|386|328|205|171|164|0|14|0|14|0|14|0|14|0|14|26|45|2|62|50|74|68|44|24|51|1|2|0|14|0|14|157|85|15|23|0|14|0|14|21|38|0|14|21|33|0|14|17|26|16|25|43|60|8|12|16|24|0|14|2414|405|1195|206|101|102|0|14|0|14|126|91|0|14|53|53|40|49|231|116|84|62|177|93|189|82|151|59|43|41|1219|255|50|66|0|14|110|83|22|41|0|14|10|15|50|63|276|147|87|83|177|70|182|85|161|60|94|67
1400000US25013810300|3163|422|131|76|52|42|0|14|0|14|0|14|0|14|0|14|0|14|10|15|0|14|0|14|32|38|0|14|10|16|0|14|79|54|0|14|0|14|10|16|0|14|0|14|0|14|13|21|0|14|0|14|25|27|0|14|31|34|0|14|3032|440|1366|217|9|15|0|14|12|19|25|28|22|26|10|16|9|17|186|128|78|47|220|101|520|189|225|98|50|49|1666|303|11|16|11|18|56|44|21|23|15|23|52|51|217|151|212|131|148|74|226|108|409|172|174|75|114|72
1400000US25013810403|4611|476|524|260|335|185|0|14|0|14|63|75|0|14|0|14|1|3|36|57|188|109|0|14|25|26|1|3|6|9|15|24|189|100|0|14|15|23|0|14|0|14|0|14|0|14|0|14|31|49|14|22|58|67|31|33|22|25|18|21|4087|520|2128|334|99|74|0|14|160|76|124|116|14|49|28|31|265|190|458|189|207|131|154|65|221|65|156|79|242|84|1959|298|94|74|35|47|125|106|12|19|8|14|0|14|143|102|384|138|220|119|261|196|253|88|142|75|282|105
1400000US25013810404|3458|434|217|112|108|73|0|14|0|14|0|14|0|14|0|14|0|14|14|21|58|61|0|14|0|14|12|16|0|14|24|29|109|63|0|14|0|14|0|14|0|14|0|14|0|14|6|10|26|36|4|7|1|2|0|14|41|41|31|27|3241|465|1720|324|68|50|13|18|55|37|77|69|23|40|155|145|147|115|150|65|262|80|222|119|204|75|217|84|127|83|1521|221|89|69|0|14|11|20|35|31|0|14|26|32|117|82|130|61|220|62|227|111|250|78|338|132|78|44
1400000US25013810412|5477|481|326|163|177|135|0|19|0|19|12|18|0|19|0|19|0|19|0|19|65|77|28|28|39|55|0|19|0|19|33|33|149|80|0|19|0|19|16|24|0|19|0|19|0|19|0|19|0|19|31|33|0|19|24|27|51|43|27|33|5151|479|2132|383|34|60|0|19|193|187|40|65|22|40|0|19|158|92|169|97|255|162|215|126|450|150|366|105|230|92|3019|430|0|19|17|30|124|95|114|83|106|97|116|107|403|225|259|156|331|92|183|104|608|145|461|193|297|108
1400000US25013810414|6672|626|646|371|301|161|0|19|0|19|62|90|0|19|0|19|0|19|48|78|0|19|16|27|0|19|0|19|118|112|57|65|345|270|0|19|0|19|0|19|74|87|0|19|58|86|0|19|0|19|75|89|0|19|18|29|44|48|76|78|6026|685|2968|411|106|76|16|25|178|130|93|74|36|50|105|83|201|116|173|88|451|258|743|224|332|99|420|116|114|67|3058|458|138|74|48|53|201|151|15|21|9|15|67|80|458|234|198|101|503|275|335|132|477|143|353|140|256|127
1400000US25013810601|4126|638|683|280|184|181|30|63|0|14|36|63|0|14|0|14|12|20|0|14|58|83|16|28|0|14|0|14|8|14|24|39|499|251|0|14|23|53|0|14|73|86|0|14|87|102|16|30|19|43|84|80|0|14|40|47|75|69|82|66|3443|661|1553|308|59|70|0|14|21|39|11|19|16|25|0|14|32|31|274|188|195|120|166|115|498|242|157|81|124|95|1890|504|132|120|21|41|77|98|21|35|0|14|22|34|175|106|357|236|208|100|153|108|311|201|339|166|74|66
1400000US25013810602|2547|472|144|136|49|48|0|14|0|14|0|14|0|14|0|14|0|14|0|14|32|41|0|14|0|14|2|7|0|14|15|22|95|94|36|47|0|14|0|14|0|14|0|14|0|14|0|14|0|14|32|42|0|14|0|14|0|14|27|27|2403|476|1094|217|17|18|0|14|11|17|33|30|13|19|36|34|32|29|79|51|62|38|111|58|319|129|243|125|138|76|1309|289|0|14|0|14|29|26|55|46|11|18|11|16|68|52|157|107|73|36|129|57|293|113|274|110|209|89
1400000US25013810700|6234|765|1598|524|764|303|0|19|0|19|101|88|105|107|63|102|24|37|109|133|95|149|171|134|17|25|0|19|79|118|0|19|834|283|16|24|0|19|21|34|53|70|0|19|69|91|89|119|57|49|329|172|87|86|60|93|17|29|36|44|4636|724|2453|431|10|19|0|19|113|100|96|58|19|30|85|77|242|182|267|130|466|285|192|101|384|131|414|222|165|125|2183|397|130|108|26|35|131|87|17|26|12|21|37|43|278|180|222|104|180|79|291|120|388|181|253|279|218|128
1400000US25013810800|4088|581|782|248|227|142|17|27|0|14|0|14|0|14|0|14|0|14|4|8|33|36|43|64|29|23|101|76|0|14|0|14|555|179|46|58|0|14|47|59|13|19|18|27|0|14|39|49|59|60|48|40|15|22|83|67|85|94|102|75|3306|582|1904|405|135|106|34|41|127|81|42|35|33|53|137|125|125|88|331|172|217|152|246|154|199|84|222|106|56|47|1402|266|59|53|0|14|111|83|0|14|43|50|73|85|36|36|276|95|281|163|163|86|175|75|157|58|28|29
1400000US25013810901|2109|429|615|312|239|114|0|14|6|9|0|14|8|12|0|14|34|51|33|45|85|72|10|15|10|17|37|43|16|18|0|14|376|231|18|31|44|66|36|54|43|69|0|14|0|14|34|48|6|11|65|48|25|24|17|23|33|33|55|71|1494|289|822|157|0|14|0|14|40|33|59|62|0|14|33|40|131|120|127|58|125|77|89|52|87|46|67|41|64|48|672|210|32|33|11|12|57|40|20|28|0|14|21|29|56|35|166|95|92|57|58|34|47|48|73|46|39|27
1400000US25013810902|4366|508|577|330|165|121|0|14|0|14|0|14|30|41|0|14|0|14|29|36|0|14|0|14|6|9|60|90|40|41|0|14|412|294|0|14|0|14|0|14|0|14|108|151|0|14|73|111|12|21|0|14|107|96|48|41|5|9|59|50|3789|401|1908|284|159|131|0|14|130|59|117|91|0|14|53|58|88|58|372|169|293|91|244|141|239|102|137|61|76|35|1881|276|101|54|50|37|128|95|60|40|0|14|31|46|209|109|280|115|316|119|218|106|232|74|153|57|103|54
1400000US25013811000|5082|721|327|247|161|140|0|19|0|19|0|19|0|19|0|19|0|19|0|19|36|62|2|5|2|5|19|32|42|66|60|68|166|141|0|19|0|19|0|19|0|19|0|19|0|19|0|19|0|19|9|15|0|19|11|22|112|125|34|53|4755|762|2296|432|286|189|0|19|10|15|99|94|0|19|137|161|291|186|191|120|296|100|302|135|211|83|342|101|131|81|2459|594|9|17|0|19|560|438|31|56|50|67|46|68|147|105|374|247|362|146|327|131|265|102|124|69|164|65
1400000US25013811101|3639|463|651|251|255|127|0|14|0|14|46|63|16|30|0|14|0|14|0|14|42|53|55|65|27|38|32|43|14|23|23|38|396|178|15|27|0|14|0|14|47|63|0|14|78|95|0|14|103|96|27|36|76|89|18|26|32|41|0|14|2988|442|1668|307|66|81|24|39|126|95|28|46|0|14|49|59|209|177|235|160|50|54|256|133|453|185|53|57|119|136|1320|324|69|88|34|55|37|62|15|30|15|24|0|14|108|121|229|134|118|84|234|134|279|136|102|71|80|73
1400000US25013811102|7019|876|1112|660|489|266|0|19|0|19|163|199|31|39|88|78|0|19|0|19|1|3|0|19|51|60|49|47|42|40|64|55|623|423|146|174|0|19|33|40|33|40|0|19|0|19|0|19|231|226|58|67|62|62|18|29|13|22|29|31|5907|913|2876|515|189|197|0|19|301|118|262|173|0|19|43|74|163|138|208|158|419|231|592|182|402|145|162|77|135|52|3031|552|77|116|0|19|166|155|145|107|0|19|90|70|391|164|273|180|664|236|487|183|198|125|342|144|198|115
1400000US25013811200|4267|526|530|308|208|189|68|85|0|14|0|14|0|14|0|14|0|14|0|14|76|94|0|14|0|14|8|19|40|49|16|27|322|168|0|14|0|14|9|22|0|14|0|14|0|14|78|97|0|14|32|48|43|69|9|22|66|63|85|99|3737|532|1871|302|50|59|0|14|177|99|46|67|18|39|177|76|199|162|249|146|187|131|317|160|202|87|146|106|103|62|1866|307|58|59|0|14|28|47|27|44|14|22|0|14|178|129|158|99|84|83|342|146|434|126|295|116|248|137
1400000US25013811301|5762|730|476|243|251|157|0|19|0|19|0|19|0|19|0|19|0|19|78|119|0|19|20|33|0|19|54|82|46|73|53|66|225|173|46|74|0|19|0|19|0|19|0|19|0|19|71|107|23|38|0|19|0|19|0|19|62|75|23|27|5286|729|2575|368|116|74|39|68|163|88|87|80|12|24|130|106|177|123|285|145|353|149|262|108|486|141|344|166|121|92|2711|555|50|46|98|144|238|175|37|40|20|30|20|30|195|116|345|153|378|182|528|240|345|143|338|127|119|69
1400000US25013811302|5122|529|773|255|488|215|56|51|0|19|47|46|0|19|0|19|38|47|126|122|21|30|74|68|16|26|42|47|38|43|30|33|285|129|0|19|0|19|54|47|23|37|0|19|17|28|36|22|51|43|0|19|28|37|0|19|0|19|76|80|4349|617|2027|329|30|38|41|44|78|75|9|15|9|19|8|27|80|59|442|163|170|113|136|78|580|196|288|111|156|64|2322|376|29|30|0|19|71|60|94|72|0|19|36|44|90|51|361|197|240|106|123|81|536|146|293|121|449|165
1400000US25013811400|2218|413|646|204|367|120|22|24|10|15|55|42|24|29|25|29|0|14|0|14|74|52|13|22|66|59|38|32|15|14|25|29|279|109|51|55|0|14|0|14|0|14|11|17|12|21|43|32|35|33|12|16|81|54|33|23|1|3|0|14|1572|484|725|220|64|58|0|14|46|42|60|55|0|14|54|62|60|56|155|85|67|52|81|46|109|84|16|17|13|23|847|304|64|62|55|62|71|89|11|17|36|48|22|29|81|68|172|62|142|88|64|34|83|44|18|19|28|27
1400000US25013811500|2054|382|1455|391|622|180|79|60|0|14|108|72|67|51|11|16|26|20|15|24|85|71|83|65|63|85|44|52|21|24|20|33|833|270|46|48|93|112|71|62|101|74|55|50|42|39|67|43|122|74|117|50|26|29|58|43|35|24|0|14|599|213|298|130|39|36|0|14|25|39|11|18|0|14|0|14|6|8|17|22|111|77|19|21|65|34|5|12|0|14|301|112|13|23|0|14|13|21|54|35|0|14|14|22|18|34|51|42|51|43|35|37|27|28|11|19|14|16
1400000US25013811600|3398|537|1296|450|704|288|57|68|0|14|67|90|67|91|0|14|33|55|71|97|154|122|42|51|87|79|77|60|49|51|0|14|592|246|76|78|18|30|44|49|11|23|0|14|0|14|28|33|72|62|102|99|67|53|75|50|43|48|56|35|2102|636|869|338|18|30|0|14|197|169|67|109|13|19|0|14|146|117|56|66|86|73|102|72|103|92|40|42|41|35|1233|441|101|104|45|64|101|88|76|72|0|14|54|76|133|99|178|141|187|104|94|96|125|85|47|49|92|71
1400000US25013811700|1869|438|572|214|291|146|0|14|0|14|0|14|0|14|43|44|9|14|75|82|26|41|8|9|15|19|34|34|34|32|47|55|281|121|18|31|0|14|0|14|0|14|0|14|0|14|26|35|39|46|37|47|32|41|58|47|49|52|22|28|1297|440|740|285|40|58|0|14|74|69|60|100|0|14|0|14|24|25|182|135|28|43|55|50|39|31|168|150|70|57|557|211|0|14|0|14|0|14|0|14|0|14|0|14|50|46|115|81|30|40|193|163|34|32|129|67|6|10
1400000US25013811800|3926|448|855|390|416|237|125|113|18|30|51|61|36|52|0|14|16|25|12|19|27|31|31|35|39|38|55|79|6|9|0|14|439|207|17|28|0|14|12|19|0|14|18|27|0|14|92|107|114|97|29|30|119|125|0|14|19|19|19|15|3071|440|1690|322|172|117|0|14|64|48|55|62|0|14|66|76|59|57|458|206|250|107|259|109|157|96|129|66|21|23|1381|243|77|64|12|21|111|73|62|67|0|14|0|14|94|67|219|101|256|109|247|95|152|62|121|63|30|26
1400000US25013811900|3407|481|57|32|6|9|0|14|0|14|0|14|0|14|0|14|0|14|0|14|0|14|0|14|0|14|0|14|0|14|6|9|51|28|0|14|0|14|0|14|0|14|0|14|0|14|16|20|0|14|6|19|1|5|8|14|5|7|15|15|3350|471|1694|288|76|45|0|14|79|55|42|38|89|113|16|21|189|110|132|68|266|104|122|57|266|81|188|80|229|84|1656|224|122|67|24|26|26|33|22|32|11|19|10|15|125|63|87|48|287|102|206|79|304|80|299|99|133|53
1400000US25013812001|3055|429|573|212|282|165|34|52|0|14|25|39|0|14|0|14|0|14|0|14|130|106|0|14|59|49|0|14|31|49|3|8|291|142|0|14|0|14|11|23|0|14|13|28|0|14|43|49|44|53|21|29|0|14|9|20|116|83|34|40|2482|380|1154|228|57|55|23|37|85|82|13|24|0|14|0|14|86|67|238|165|146|87|118|73|186|142|137|76|65|41|1328|279|67|75|8|14|34|39|84|60|16|30|60|44|30|30|159|103|269|105|95|70|189|122|186|80|131|79
1400000US25013812002|4502|646|1044|338|480|221|101|84|6|9|58|64|38|40|24|33|0|14|17|25|28|46|113|118|44|44|14|21|37|41|0|14|564|205|0|14|0|14|136|105|30|34|0|14|0|14|44|52|192|102|31|32|83|88|38|36|10|15|0|14|3458|619|1728|401|147|120|8|13|152|125|85|77|12|19|54|82|99|90|372|147|159|77|209|114|188|79|145|47|98|55|1730|339|63|85|4|10|44|69|53|70|0|14|57|53|139|93|272|117|291|161|262|142|267|112|181|52|97|65
1400000US25013812101|5033|690|345|202|140|125|0|19|0|19|0|19|0|19|0|19|0|19|76|111|1|3|0|19|0|19|51|61|0|19|12|20|205|123|0|19|0|19|28|50|0|19|0|19|0|19|18|30|13|24|14|24|20|33|88|76|0|19|24|39|4688|619|2491|401|142|147|0|19|86|48|76|63|0|19|55|50|159|68|301|244|381|100|335|103|390|98|402|122|164|88|2197|311|35|51|0|19|87|85|37|46|33|33|34|40|168|120|214|134|163|65|384|189|449|141|368|115|225|102
1400000US25013812103|3403|555|999|280|500|190|13|28|10|20|0|14|78|87|0|14|66|64|34|41|62|66|59|77|12|18|121|85|24|37|21|24|499|147|0|14|0|14|38|48|18|29|0|14|0|14|45|56|45|55|89|62|7|16|170|88|55|54|32|27|2404|609|934|252|71|67|0|14|65|73|0|14|11|18|0|14|106|103|178|111|202|110|38|38|73|52|58|51|132|125|1470|459|209|157|0|14|73|73|7|12|0|14|0|14|108|154|296|149|191|133|223|146|41|37|50|42|272|175
1400000US25013812104|4125|436|932|395|431|172|0|14|0|14|58|91|0|14|0|14|24|40|77|88|43|64|60|48|12|22|21|25|12|21|124|101|501|263|80|83|0|14|69|63|30|47|0|14|1|3|25|33|53|60|41|43|18|21|8|13|77|84|99|93|3193|594|1428|335|36|37|0|14|33|35|192|81|13|20|50|48|187|122|332|169|109|79|161|93|105|74|118|127|92|65|1765|343|16|28|75|79|102|75|55|58|0|14|0|14|186|137|311|158|243|105|211|121|161|86|191|102|214|133
1400000US25013812201|4868|908|555|228|219|129|16|27|0|14|0|14|0|14|5|19|0|14|0|14|20|32|49|52|25|31|30|29|74|84|0|14|336|159|0|14|0|14|0|14|12|22|0|14|18|28|33|57|52|79|50|62|28|44|107|92|0|14|36|34|4313|912|2514|496|200|119|0|14|261|210|44|44|16|28|0|14|17|37|782|320|252|150|271|131|257|106|251|116|163|87|1799|479|32|50|0|14|225|198|25|37|24|33|0|14|138|130|481|275|151|90|187|114|223|88|127|75|186|91
1400000US25013812202|3841|443|607|270|305|146|0|14|0|14|0|14|72|73|0|14|0|14|39|43|0|14|36|58|91|79|19|28|48|47|0|14|302|174|0|14|0|14|0|14|70|91|0|14|0|14|51|71|23|37|0|14|24|37|105|107|27|31|2|9|3234|362|1656|264|17|27|0|14|86|63|46|56|0|14|0|14|151|106|294|132|324|124|169|75|296|132|183|74|90|55|1578|203|93|75|0|14|130|70|0|14|38|43|27|40|176|128|178|97|170|57|144|77|295|131|202|86|125|64
1400000US25013812300|5171|896|1118|521|556|289|0|19|0|19|0|19|25|40|34|50|0|19|153|151|32|58|137|144|48|58|103|74|24|39|0|19|562|368|79|100|0|19|0|19|76|114|0|19|0|19|184|148|3|9|43|52|107|128|49|73|0|19|21|35|4053|874|1710|393|200|135|49|73|126|131|0|19|0|19|28|51|90|99|363|242|373|196|118|77|187|112|139|131|37|59|2343|591|71|110|56|44|82|114|37|56|72|101|53|59|246|195|513|242|351|200|365|256|266|144|89|82|142|83
1400000US25013812401|6646|778|196|148|141|124|0|19|0|19|0|19|0|19|0|19|0|19|16|29|67|115|0|19|35|41|23|29|0|19|0|19|55|54|0|19|0|19|0|19|0|19|0|19|0|19|2|7|0|19|3|7|20|34|30|38|0|19|0|19|6450|791|3102|519|130|139|35|47|78|74|149|100|0|19|18|29|404|235|473|286|311|98|451|227|375|117|489|108|189|88|3348|397|154|113|27|34|337|178|140|87|16|26|86|87|186|93|245|172|419|116|515|224|540|144|493|97|190|94
1400000US25013812403|3878|469|336|155|147|99|0|14|10|16|28|41|0|14|0|14|0|14|1|3|20|25|58|49|11|18|0|14|0|14|19|20|189|76|11|18|0|14|0|14|0|14|0|14|0|14|28|47|46|41|5|9|21|24|22|25|18|21|38|48|3542|488|1542|234|82|57|96|91|88|55|26|27|0|14|31|41|75|57|271|87|180|82|231|83|226|70|165|62|71|42|2000|342|49|43|17|29|204|136|50|33|39|36|28|27|120|76|389|215|247|93|309|102|228|65|214|78|106|57
1400000US25013812404|4139|794|169|124|51|42|22|33|0|14|0|14|0|14|0|14|0|14|0|14|11|18|8|14|0|14|0|14|10|17|0|14|118|89|33|53|0|14|0|14|0|14|0|14|0|14|0|14|39|45|0|14|25|27|10|16|0|14|11|17|3970|810|1848|463|27|31|3|8|122|82|190|164|0|14|33|29|240|154|135|66|317|78|226|84|273|98|227|67|55|33|2122|391|201|90|23|23|113|53|15|17|58|78|109|84|156|116|291|126|302|93|98|53|369|121|223|78|164|71
1400000US25013812500|7536|913|754|433|280|200|14|23|0|19|60|69|0|19|0|19|0|19|41|55|2|5|59|71|57|77|47|65|0|19|0|19|474|257|24|34|0|19|83|92|0|19|0|19|32|45|24|34|28|30|97|97|0|19|54|68|35|41|97|91|6782|886|3379|699|48|41|57|53|399|216|146|164|65|95|119|83|278|144|439|203|279|125|569|214|551|164|265|96|164|88|3403|445|264|139|19|31|195|125|115|95|49|40|146|138|235|146|512|184|462|168|470|180|434|146|358|126|144|73
1400000US25013812600|6296|696|165|137|51|71|19|32|0|19|23|39|0|19|0|19|0|19|0|19|0|19|0|19|4|8|5|8|0|19|0|19|114|77|0|19|0|19|20|36|0|19|0|19|18|31|0|19|21|35|0|19|0|19|19|30|36|40|0|19|6131|717|2961|437|97|78|118|75|224|111|82|76|21|37|193|197|82|70|447|262|257|145|340|126|430|174|387|131|283|125|3170|447|114|142|0|19|178|112|99|71|18|30|79|63|138|98|577|205|226|113|379|143|462|155|587|196|313|122
1400000US25013812701|4103|595|482|163|240|114|0|14|0|14|65|75|0|14|0|14|0|14|9|15|55|54|45|51|0|14|54|47|12|18|0|14|242|102|0|14|0|14|10|15|10|17|0|14|0|14|0|14|81|57|39|52|32|48|51|42|11|17|8|13|3621|637|1727|389|9|13|0|14|202|101|36|37|31|39|21|33|192|110|391|201|141|61|226|155|267|97|131|72|80|43|1894|338|40|49|40|37|135|74|49|40|46|57|123|74|137|121|330|132|130|56|214|116|344|134|115|99|191|76
1400000US25013812702|5121|829|1584|717|753|407|135|144|0|19|61|90|87|138|0|19|0|19|175|155|86|107|94|83|80|83|35|42|0|19|0|19|831|365|0|19|0|19|0|19|0|19|0|19|58|83|243|178|0|19|177|151|54|26|114|65|149|161|36|34|3537|827|1771|531|120|105|0|19|185|133|23|45|0|19|24|49|129|104|401|188|255|250|290|143|18|34|252|149|74|41|1766|427|87|79|57|80|183|164|47|71|0|19|19|30|46|60|601|279|95|72|232|84|153|113|139|86|107|65
1400000US25013812800|7403|757|826|426|352|232|34|47|0|19|0|19|41|57|20|34|24|39|47|49|0|19|63|66|0|19|0|19|72|77|51|68|474|308|94|94|0|19|58|88|37|51|0|19|26|44|49|57|101|106|17|29|0|19|35|52|26|42|31|29|6577|879|3240|440|102|85|51|47|109|109|94|72|123|116|102|87|381|234|429|226|450|184|250|126|757|177|275|105|117|55|3337|542|180|125|32|58|349|217|125|112|24|38|19|33|303|137|377|157|380|151|435|207|465|110|387|113|261|112
1400000US25013812901|2841|313|170|118|66|34|0|14|0|14|0|14|0|14|0|14|0|14|9|14|10|16|10|22|0|14|25|27|12|19|0|14|104|96|36|53|0|14|0|14|0|14|0|14|0|14|2|3|10|17|0|14|34|31|9|15|0|14|13|19|2671|328|1133|188|70|40|0|14|55|35|0|14|0|14|0|14|24|23|162|107|151|46|124|56|140|71|325|114|82|45|1538|208|77|42|0|14|94|47|45|32|26|31|12|14|29|30|146|70|150|50|209|95|243|95|394|126|113|48
1400000US25013812902|4736|635|194|84|68|45|0|14|20|30|0|14|0|14|0|14|0|14|13|19|8|14|0|14|0|14|10|15|0|14|17|19|126|55|0|14|0|14|0|14|0|14|14|19|0|14|13|22|24|30|20|29|0|14|18|26|26|27|11|16|4542|636|2341|356|40|44|10|17|150|79|65|42|64|78|153|94|149|64|156|81|349|158|302|91|346|98|374|129|183|65|2201|323|44|40|33|39|148|69|142|168|25|38|29|31|145|71|152|63|325|120|276|95|405|150|256|73|221|74
1400000US25013812903|40|35|0|14|0|14|0|14|0|14|0|14|0|14|0|14|0|14|0|14|0|14|0|14|0|14|0|14|0|14|0|14|0|14|0|14|0|14|0|14|0|14|0|14|0|14|0|14|0|14|0|14|0|14|0|14|0|14|0|14|40|35|20|20|0|14|0|14|0|14|0|14|0|14|0|14|0|14|0|14|0|14|0|14|16|19|0|14|4|6|20|16|0|14|0|14|0|14|0|14|0|14|0|14|0|14|0|14|0|14|0|14|11|18|9|6|0|14
1400000US25013813001|2959|249|120|60|65|38|0|14|6|10|0|14|9|11|0|14|3|4|3|4|6|9|2|3|9|12|12|12|8|6|7|10|55|30|6|9|0|14|5|7|0|14|0|14|0|14|0|14|17|12|10|11|0|14|11|10|2|4|4|11|2839|256|1507|136|58|25|7|5|92|49|48|24|21|14|35|16|69|37|134|39|165|31|279|80|271|48|230|44|98|32|1332|162|37|17|3|4|79|54|92|66|4|6|31|31|70|30|134|39|118|28|184|49|294|60|201|40|85|23
1400000US25013813002|3799|256|233|118|128|64|3|5|0|14|23|23|26|25|0|14|1|2|7|7|0|14|10|10|28|29|9|8|20|15|1|3|105|58|3|4|4|6|7|8|0|14|0|14|6|7|0|14|12|19|5|5|33|44|15|12|12|12|8|8|3566|247|1792|120|65|31|12|9|88|36|44|25|18|12|37|24|88|35|244|47|193|50|287|68|391|86|223|44|102|29|1774|177|67|31|14|18|68|34|23|14|21|31|73|37|171|98|161|45|185|41|268|73|352|75|259|40|112|36
1400000US25013813101|5568|306|398|206|95|70|0|19|0|19|18|29|0|19|0|19|0|19|0|19|12|23|16|25|14|22|12|22|23|39|0|19|303|174|0|19|0|19|16|26|0|19|0|19|0|19|17|28|32|37|85|115|70|59|7|14|74|73|2|5|5170|390|2564|242|22|27|7|15|171|132|116|79|57|69|25|40|194|109|170|118|551|240|366|146|343|101|321|124|221|124|2606|298|97|94|20|34|118|67|187|101|21|31|44|56|228|126|112|58|302|176|516|204|388|124|426|180|147|82
1400000US25013813102|3606|308|165|104|94|60|0|14|0|14|0|14|25|37|0|14|0|14|0|14|38|43|0|14|0|14|10|16|12|18|9|14|71|69|0|14|0|14|0|14|0|14|0|14|0|14|13|21|0|14|23|36|25|36|0|14|0|14|10|16|3441|299|1791|198|25|25|10|16|138|82|63|50|48|48|79|41|169|83|97|73|238|78|323|100|263|81|260|79|78|40|1650|192|60|40|7|13|93|72|47|38|0|14|36|31|129|75|76|46|128|42|363|102|289|79|243|112|179|70
1400000US25013813204|3334|523|51|33|17|20|0|14|0|14|0|14|0|14|0|14|0|14|0|14|2|5|7|12|0|14|0|14|1|4|7|12|34|24|0|14|0|14|0|14|0|14|0|14|0|14|11|19|2|4|0|14|0|14|13|17|0|14|8|12|3283|521|1702|358|63|45|42|45|157|103|59|70|3|5|23|27|167|105|124|77|202|60|290|152|220|72|268|96|84|44|1581|204|68|52|7|12|131|88|13|19|22|26|40|37|94|68|123|83|249|125|234|87|205|70|243|96|152|63
1400000US25013813205|7206|749|629|237|340|147|0|19|0|19|0|19|0|19|0|19|0|19|0|19|92|108|38|43|5|9|85|83|49|75|71|79|289|154|13|34|0|19|0|19|0|19|0|19|0|19|0|19|78|93|13|20|28|42|14|22|15|23|128|118|6577|720|3108|392|102|84|33|33|186|120|66|61|68|91|127|91|211|140|348|171|239|115|421|152|663|218|293|116|351|132|3469|506|174|107|28|32|197|130|169|158|0|19|28|42|204|149|247|149|394|138|513|186|751|212|468|119|296|133
1400000US25013813206|4167|868|329|172|115|69|0|14|0|14|0|14|22|35|0|14|7|12|0|14|35|56|0|14|36|35|14|18|1|3|0|14|214|147|0|14|0|14|0|14|11|14|0|14|11|14|0|14|50|61|65|66|26|30|13|20|29|23|9|12|3838|883|1898|424|83|51|20|23|155|99|47|37|158|170|11|19|136|68|199|104|165|50|434|218|215|83|200|68|75|36|1940|494|53|39|6|13|75|38|40|35|30|28|29|26|335|274|131|54|208|64|346|228|293|74|203|75|191|74
1400000US25013813207|4717|443|429|227|133|99|32|36|0|14|0|14|0|14|0|14|0|14|0|14|53|50|17|27|0|14|0|14|18|29|13|21|296|213|35|53|0|14|31|50|30|50|0|14|0|14|0|14|33|49|0|14|27|43|74|90|31|36|35|39|4288|399|2380|278|62|48|28|43|104|72|93|80|56|50|36|42|193|85|368|143|330|120|286|130|480|160|225|132|119|63|1908|218|41|51|27|32|55|53|28|33|14|21|45|36|137|82|156|85|350|102|368|128|369|146|173|84|145|70
1400000US25013813208|3391|540|277|154|103|56|0|14|0|14|5|7|0|14|0|14|5|8|28|39|39|38|9|14|0|14|4|10|0|14|13|20|174|115|42|69|0|14|9|14|0|14|0|14|0|14|29|42|12|15|0|14|37|60|0|14|30|31|15|19|3114|546|1481|240|81|34|33|32|72|58|37|32|19|28|63|64|161|97|197|89|205|100|224|108|77|60|227|72|85|50|1633|418|59|40|21|21|60|34|67|92|21|26|29|27|206|138|101|46|201|95|284|116|102|52|249|93|233|234
1400000US25013813209|5104|487|219|108|129|89|0|19|0|19|0|19|0|19|0|19|0|19|0|19|0|19|16|27|20|3|93|82|0|19|0|19|90|61|0|19|0|19|0|19|0|19|0|19|0|19|0|19|41|38|0|19|0|19|8|12|11|19|30|38|4885|498|2377|338|135|76|66|82|102|66|129|86|29|41|18|23|203|105|314|148|340|122|282|118|313|108|239|119|207|108|2508|291|132|67|0|19|91|75|62|69|111|83|0|19|108|63|361|180|413|123|213|105|437|135|242|110|338|180
1400000US25013813301|6794|604|276|189|119|89|0|19|0|19|46|69|0|19|0|19|32|51|1|4|1|4|0|19|17|27|1|4|0|19|21|26|157|109|0|19|0|19|14|22|14|22|0|19|0|19|31|38|1|3|54|63|16|26|0|19|0|19|27|33|6518|655|3115|463|145|120|6|12|180|178|165|87|39|36|221|156|175|102|426|184|376|129|488|226|466|112|312|89|116|61|3403|405|275|134|21|27|317|124|203|113|70|56|29|34|118|83|157|83|454|122|523|259|558|121|483|284|195|97
1400000US25013813303|4367|369|212|159|31|27|0|14|0|14|0|14|0|14|0|14|0|14|12|18|0|14|1|2|0|14|0|14|0|14|18|21|181|149|0|14|0|14|21|27|20|26|0|14|21|27|15|22|0|14|0|14|23|31|0|14|19|23|62|60|4155|416|2071|265|152|149|22|24|218|71|135|67|58|40|74|49|47|50|110|76|232|86|264|63|256|71|252|90|251|70|2084|234|98|62|10|17|215|82|56|37|38|31|48|34|77|54|167|111|235|52|338|86|223|74|227|89|352|87
1400000US25013813304|4047|527|109|114|63|76|0|14|0|14|26|38|0|14|0|14|0|14|0|14|1|3|25|35|1|3|10|16|0|14|0|14|46|42|0|14|0|14|0|14|0|14|0|14|11|18|0|14|0|14|25|35|0|14|10|15|0|14|0|14|3938|520|1885|238|106|69|21|22|154|77|45|34|0|14|57|41|144|69|93|65|270|83|201|83|321|93|235|98|238|67|2053|345|56|40|40|35|148|67|126|76|16|19|54|33|86|84|187|102|247|64|214|71|350|113|336|94|193|58
1400000US25013813401|5589|629|79|66|39|36|0|19|0|19|0|19|0|19|0|19|0|19|0|19|13|19|2|4|3|4|0|19|21|31|0|19|40|51|0|19|0|19|0|19|0|19|0|19|0|19|0|19|0|19|0|19|11|19|0|19|29|48|0|19|5510|630|2528|360|200|151|84|121|109|70|101|84|66|69|64|45|289|177|526|152|224|95|356|139|224|109|160|72|125|58|2982|375|85|88|0|19|403|212|95|69|121|77|154|131|122|71|469|208|328|94|267|96|364|121|306|112|268|86
1400000US25013813403|3971|467|158|79|80|54|0|14|0|14|0|14|0|14|0|14|0|14|0|14|23|31|14|24|30|35|13|15|0|14|0|14|78|52|0|14|0|14|0|14|0|14|0|14|0|14|0|14|1|4|10|15|0|14|15|25|8|12|44|43|3813|453|1994|248|61|46|42|58|169|62|82|47|0|14|118|85|188|117|134|62|215|43|252|124|360|82|310|103|63|33|1819|311|93|85|0|14|83|50|155|150|12|19|71|54|113|75|153|67|189|71|218|87|316|69|222|58|194|104
1400000US25013813404|6430|678|230|150|74|65|0|19|0|19|0|19|0|19|0|19|16|24|32|53|0|19|0|19|1|4|0|19|1|3|24|28|156|98|0|19|0|19|13|20|13|20|0|19|0|19|0|19|0|19|0|19|14|23|30|40|40|49|46|54|6200|647|3203|352|129|89|19|30|236|147|183|120|76|72|119|96|332|139|244|124|324|149|437|143|472|121|241|100|391|116|2997|422|196|165|71|73|133|85|60|61|152|135|61|49|181|119|182|95|437|142|356|153|522|99|280|93|366|125
1400000US25013813500|4889|21|96|59|24|37|0|14|0|14|0|14|0|14|0|14|0|14|0|14|0|14|0|14|24|37|0|14|0|14|0|14|72|44|0|14|0|14|0|14|0|14|0|14|0|14|0|14|11|17|0|14|13|21|20|22|4|8|24|28|4793|62|2515|137|86|56|16|24|90|57|120|66|26|31|26|31|208|90|353|128|208|59|290|83|491|125|387|121|214|72|2278|126|45|41|10|16|106|64|27|27|48|44|16|23|150|78|244|114|249|70|210|81|495|111|499|144|179|72
1400000US25013813601|7774|654|582|280|231|134|0|19|0|19|12|19|0|19|0|19|0|19|60|58|0|19|0|19|39|46|94|109|16|26|10|17|351|227|0|19|0|19|38|61|18|28|0|19|0|19|11|19|13|23|13|20|0|19|70|61|158|205|30|49|7192|623|3788|379|283|173|57|67|383|212|124|111|18|29|41|50|287|175|434|167|402|131|434|171|567|152|558|140|200|100|3404|436|103|85|12|21|135|124|164|138|68|87|66|68|173|87|467|186|412|152|337|122|610|136|547|117|310|142
1400000US25013813602|6488|638|33|36|0|19|0|19|0|19|0|19|0|19|0|19|0|19|0|19|0|19|0|19|0|19|0|19|0|19|0|19|33|36|0|19|0|19|0|19|0|19|0|19|0|19|0|19|0|19|0|19|0|19|0|19|0|19|33|36|6455|639|3291|414|70|56|21|32|292|136|269|214|76|49|139|103|233|133|228|110|457|170|571|198|342|126|382|127|211|114|3164|379|147|94|33|35|183|86|98|77|50|48|263|164|192|119|283|111|512|228|400|117|384|118|331|120|288|133
1400000US25013813701|3488|326|658|378|306|197|34|44|0|14|0|14|0|14|51|51|0|14|0|14|0|14|94|69|1|3|97|106|0|14|29|36|352|195|0|14|0|14|0|14|0|14|0|14|0|14|50|63|27|35|73|66|32|38|50|40|95|98|25|23|2830|464|1541|236|59|41|0|14|104|71|73|71|22|26|50|41|134|66|131|64|295|142|185|87|216|85|152|66|120|44|1289|297|12|19|5|9|65|69|92|82|0|14|7|12|59|42|117|89|202|105|225|117|173|56|271|120|61|37
1400000US25013813702|4562|325|322|180|152|93|17|25|0|14|0|14|21|28|0|14|0|14|43|44|0|14|45|57|0|14|9|12|9|16|8|14|170|113|0|14|0|14|41|37|19|27|0|14|0|14|0|14|0|14|41|36|30|45|16|17|0|14|23|22|4240|396|2037|240|73|53|5|12|118|50|54|38|16|19|20|21|157|97|131|64|215|82|349|131|337|114|379|166|183|93|2203|260|65|55|9|13|90|62|42|41|6|10|112|124|195|91|126|72|193|65|504|159|363|133|261|69|237|100
1400000US25013813801|4472|244|221|61|106|44|0|14|0|14|4|7|11|12|0|14|0|14|0|14|0|14|7|7|28|38|21|15|17|14|18|12|115|43|0|14|0|14|0|14|0|14|0|14|0|14|0|14|7|9|14|14|8|11|23|19|38|23|25|26|4251|245|2249|168|142|65|16|16|177|51|49|28|38|35|29|18|157|63|335|68|268|84|224|65|400|108|310|59|104|33|2002|174|74|40|13|11|169|89|84|52|8|10|28|24|97|39|258|70|254|70|265|65|329|69|329|46|94|37
1400000US25013813802|3680|29|216|103|104|64|0|14|0|14|10|17|0|14|0|14|0|14|0|14|0|14|19|22|8|13|53|49|4|6|10|16|112|70|0|14|0|14|0|14|0|14|0|14|0|14|10|15|0|14|9|16|0|14|39|33|20|22|34|55|3464|108|1934|151|109|58|11|19|274|183|6|21|23|32|43|42|126|71|183|77|318|95|160|63|321|70|271|78|89|38|1530|134|30|33|0|14|60|43|117|51|21|25|10|15|62|37|56|36|352|92|142|59|304|75|307|104|69|45
1400000US25015820101|6621|397|367|204|155|110|0|19|0|19|0|19|20|35|0|19|0|19|0|19|19|31|42|66|7|13|8|14|12|20|47|68|212|143|0|19|0|19|0|19|0|19|0|19|0|19|81|122|0|19|0|19|18|28|58|52|0|19|55|65|6254|447|3144|311|88|86|0|19|116|89|61|93|35|42|63|63|450|192|444|218|204|109|336|173|569|155|452|178|326|126|3110|328|184|95|31|52|254|150|38|46|0|19|183|153|143|90|348|166|209|106|551|156|493|129|314|129|362|133
1400000US25015820102|3336|405|610|248|194|100|52|80|0|14|34|40|0|14|8|14|0|14|20|34|45|54|10|18|0|14|1|2|24|23|0|14|416|181|62|51|0|14|31|30|21|33|8|16|0|14|32|33|34|40|32|31|29|34|76|82|41|36|50|53|2726|430|1279|234|57|59|0|14|86|82|26|31|0|14|93|66|132|92|133|66|168|61|266|94|180|96|91|49|47|30|1447|262|80|64|0|14|131|71|64|44|0|14|40|37|106|81|289|164|191|67|202|87|155|63|73|42|116|51
1400000US25015820205|7685|585|630|344|197|136|20|29|12|19|19|28|19|27|18|28|0|19|4|6|50|51|27|32|2|5|4|7|22|29|0|19|433|281|63|70|0|19|70|82|0|19|0|19|12|19|8|10|22|27|185|148|3|6|49|52|5|7|16|17|7055|610|3289|402|180|100|29|28|248|104|110|70|5|7|144|81|226|108|304|118|486|125|438|140|607|142|365|99|147|49|3766|354|183|82|48|51|203|94|125|80|29|41|18|15|217|109|611|281|391|118|531|118|599|125|593|115|218|113
1400000US25015820206|3763|548|423|207|250|156|79|94|0|14|0|14|0|14|0|14|0|14|1|2|33|46|1|3|0|14|0|14|99|71|37|42|173|103|0|14|0|14|0|14|0|14|0|14|0|14|21|39|19|34|11|17|0|14|0|14|122|83|0|14|3340|570|1615|241|72|45|6|10|56|43|76|56|15|25|93|82|122|103|251|150|112|65|286|145|260|99|182|87|84|53|1725|412|34|34|0|14|183|148|90|79|7|14|51|36|53|47|148|130|279|160|231|112|250|88|212|91|187|110
1400000US25015820207|5214|585|428|206|171|113|0|19|0|19|0|19|0|19|0|19|23|34|69|85|0|19|0|19|0|19|79|85|0|19|0|19|257|166|72|84|0|19|0|19|0|19|0|19|0|19|96|89|0|19|0|19|0|19|0|19|67|85|22|37|4786|645|2361|412|63|49|0|19|199|131|152|136|50|52|0|19|142|94|190|108|354|141|350|201|316|113|432|166|113|70|2425|351|221|125|26|35|123|72|35|33|17|28|20|31|161|99|344|128|294|185|240|103|435|155|289|90|220|187
1400000US25015820300|6241|609|1952|413|1096|336|0|19|0|19|0|19|0|19|0|19|18|31|858|308|52|49|49|50|68|69|37|42|14|23|0|19|856|329|18|29|0|19|0|19|26|44|0|19|0|19|699|324|50|43|38|38|10|18|11|18|4|10|0|19|4289|521|2255|386|51|47|6|13|121|74|104|72|44|51|75|86|638|304|291|135|349|113|120|82|153|100|257|72|46|34|2034|362|289|138|0|19|134|93|20|25|0|19|0|19|229|133|147|91|340|150|234|97|211|86|298|100|132|86
1400000US25015820400|65|43|9|10|3|5|0|21|0|21|0|21|0|21|0|21|0|21|0|21|2|4|0|21|1|3|0|21|0|21|0|21|6|9|0|21|0|21|0|21|0|21|0|21|0|21|1|2|5|8|0|21|0|21|0|21|0|21|0|21|56|43|32|23|0|21|0|21|0|21|0|21|0|21|0|21|6|9|0|21|0|21|6|8|15|20|5|7|0|21|24|22|0|21|0|21|0|21|0|21|0|21|0|21|0|21|0|21|0|21|6|9|18|20|0|21|0|21
1400000US25015820500|5658|717|1881|656|1108|486|0|19|0|19|0|19|0|19|40|62|22|35|841|460|20|36|55|61|52|52|45|59|33|38|0|19|773|413|0|19|0|19|0|19|0|19|0|19|0|19|591|406|11|31|0|19|82|105|0|19|76|97|13|21|3777|466|1988|402|102|95|39|64|27|39|71|49|21|37|20|35|600|346|93|69|109|99|290|97|235|124|206|78|175|80|1789|265|0|19|22|36|166|69|0|19|0|19|0|19|194|167|207|108|231|97|157|65|233|126|294|105|285|99
1400000US25015820600|31|25|6|9|6|9|0|14|0|14|0|14|0|14|0|14|0|14|6|9|0|14|0|14|0|14|0|14|0|14|0|14|0|14|0|14|0|14|0|14|0|14|0|14|0|14|0|14|0|14|0|14|0|14|0|14|0|14|0|14|25|27|13|15|0|14|0|14|0|14|0|14|0|14|0|14|0|14|1|4|8|13|4|7|0|14|0|14|0|14|12|13|0|14|0|14|0|14|0|14|0|14|0|14|0|14|0|14|0|14|12|13|0|14|0|14|0|14
1400000US25015820700|3319|420|675|229|213|114|10|17|12|18|11|16|18|19|0|14|13|25|126|84|23|30|0|14|0|14|0|14|0|14|0|14|462|184|11|18|0|14|12|22|0|14|0|14|0|14|306|166|4|6|28|28|20|20|81|74|0|14|0|14|2644|385|1210|213|49|45|20|32|86|52|72|40|11|17|17|19|84|82|143|80|183|65|113|64|163|66|163|57|106|43|1434|235|55|46|24|28|151|63|9|14|15|16|14|25|139|73|103|55|193|92|208|77|227|75|173|58|123|47
1400000US25015820801|4763|554|317|189|156|129|0|14|0|14|0|14|0|14|0|14|3|5|71|98|41|37|0|14|21|31|20|33|0|14|0|14|161|110|18|32|0|14|2|4|3|6|0|14|19|28|46|70|9|11|64|75|0|14|0|14|0|14|0|14|4446|557|2325|414|33|41|42|50|152|93|70|53|103|94|93|73|146|89|402|183|205|125|235|93|377|242|305|104|162|73|2121|300|24|45|0|14|64|63|99|61|33|37|79|101|99|85|175|106|247|106|344|118|405|193|340|93|212|84
1400000US25015820802|0|14|0|14|0|14|0|14|0|14|0|14|0|14|0|14|0|14|0|14|0|14|0|14|0|14|0|14|0|14|0|14|0|14|0|14|0|14|0|14|0|14|0|14|0|14|0|14|0|14|0|14|0|14|0|14|0|14|0|14|0|14|0|14|0|14|0|14|0|14|0|14|0|14|0|14|0|14|0|14|0|14|0|14|0|14|0|14|0|14|0|14|0|14|0|14|0|14|0|14|0|14|0|14|0|14|0|14|0|14|0|14|0|14|0|14|0|14
1400000US25015820900|6068|37|281|158|46|37|0|19|0|19|0|19|0|19|0|19|0|19|0|19|17|28|12|21|0|19|0|19|17|27|0|19|235|144|0|19|0|19|12|22|18|28|0|19|0|19|17|30|18|28|29|50|18|28|17|26|18|27|88|94|5787|163|3115|232|73|77|0|19|330|143|58|53|25|30|16|28|219|133|607|257|249|96|400|120|528|189|404|149|206|95|2672|239|100|72|0|19|110|88|29|29|42|54|59|58|144|104|296|180|292|118|391|144|605|182|368|111|236|90
1400000US25015821000|3940|429|219|124|145|77|14|24|0|14|19|31|0|14|0|14|0|14|0|14|9|18|8|12|0|14|22|30|63|51|10|16|74|62|0|14|0|14|14|22|0|14|0|14|0|14|0|14|0|14|21|28|9|12|0|14|29|36|1|2|3721|434|1617|197|85|51|0|14|91|58|33|27|55|40|49|44|71|51|137|67|208|60|215|79|254|85|157|68|262|117|2104|368|72|48|13|19|109|48|43|40|8|14|47|33|47|42|115|54|231|61|232|78|586|339|350|115|251|96
1400000US25015821101|6806|481|567|253|221|138|0|19|0|19|0|19|14|28|0|19|1|2|43|79|3|5|17|27|0|19|126|133|17|27|0|19|346|179|0|19|0|19|38|57|0|19|0|19|0|19|15|24|81|65|0|19|0|19|169|117|0|19|43|40|6239|507|3218|359|113|86|0|19|236|122|142|72|94|113|38|44|134|77|512|220|378|139|413|92|451|213|400|141|307|90|3021|305|79|72|33|44|176|111|21|36|0|19|78|58|167|108|441|172|336|122|469|137|491|182|305|70|425|151
1400000US25015821200|75|41|4|6|0|14|0|14|0|14|0|14|0|14|0|14|0|14|0|14|0|14|0|14|0|14|0|14|0|14|0|14|4|6|0|14|0|14|0|14|0|14|0|14|0|14|0|14|0|14|0|14|0|14|0|14|4|6|0|14|71|42|30|20|0|14|0|14|0|14|0|14|0|14|0|14|17|12|0|14|0|14|9|9|0|14|0|14|4|6|41|30|0|14|0|14|0|14|0|14|0|14|0|14|6|8|0|14|23|29|4|6|8|7|0|14|0|14
1400000US25015821300|4315|421|313|174|119|71|0|14|0|14|45|49|0|14|0|14|0|14|30|35|29|36|0|14|8|13|7|11|0|14|0|14|194|122|0|14|0|14|33|45|12|18|0|14|14|15|46|70|39|55|13|19|7|10|12|14|11|18|7|13|4002|443|1924|248|74|52|11|17|93|39|84|44|20|31|5|9|171|103|169|78|200|69|253|94|213|67|423|152|208|89|2078|269|63|39|11|13|191|111|28|28|24|21|54|54|115|69|184|84|270|105|227|65|242|72|371|157|298|61
1400000US25015821400|5182|46|161|109|52|72|0|19|0|19|0|19|0|19|0|19|0|19|31|43|17|29|0|19|4|9|0|19|0|19|0|19|109|91|0|19|0|19|0|19|0|19|0|19|0|19|0|19|101|93|0|19|0|19|8|16|0|19|0|19|5021|115|2316|223|108|87|56|61|165|83|127|93|58|65|32|37|100|68|350|142|256|121|176|62|403|112|342|117|143|74|2705|208|51|51|0|19|119|76|48|36|48|43|105|76|154|135|387|164|207|77|435|137|440|117|524|173|187|80
1400000US25015821500|3308|30|261|135|101|68|0|14|0|14|7|12|0|14|0|14|6|12|1|13|0|14|22|35|5|9|60|53|0|14|0|14|160|92|0|14|0|14|0|14|0|14|14|23|0|14|31|36|12|20|20|32|0|14|26|33|19|23|38|46|3047|138|1531|127|100|101|9|14|89|70|65|51|0|14|69|56|150|75|161|90|211|73|175|74|206|97|174|52|122|59|1516|132|54|37|7|13|49|37|35|28|0|14|8|12|130|72|254|140|169|57|174|78|220|75|288|85|128|65
1400000US25015821601|3472|399|319|147|123|94|0|14|0|14|0|14|0|14|0|14|0|14|1|4|46|68|29|35|0|14|47|50|0|14|0|14|196|94|16|24|0|14|0|14|0|14|0|14|0|14|1|2|10|14|36|39|36|34|18|21|0|14|79|71|3153|419|1272|270|142|105|0|14|78|54|28|26|30|39|36|48|123|90|133|61|164|107|159|66|121|56|133|50|125|54|1881|266|87|68|0|14|73|53|71|74|7|11|64|39|142|114|242|105|250|126|230|101|203|83|346|115|166|60
1400000US25015821602|3482|376|501|138|155|74|0|14|0|14|0|14|0|14|0|14|0|14|0|14|13|20|23|26|67|56|0|14|30|34|22|24|346|93|0|14|4|9|4|7|4|7|9|13|0|14|10|16|20|27|50|57|46|37|131|62|62|46|6|11|2981|374|1398|249|39|41|9|16|92|73|63|43|8|14|76|44|84|63|114|76|141|77|224|75|217|93|264|137|67|55|1583|195|36|36|14|15|86|50|62|49|6|10|61|53|63|55|189|101|204|73|257|86|230|89|279|76|96|43
1400000US25015821700|3427|404|210|121|183|116|0|14|0|14|0|14|0|14|0|14|0|14|0|14|32|36|56|69|56|71|32|34|7|11|0|14|27|23|0|14|0|14|0|14|0|14|0|14|0|14|0|14|27|23|0|14|0|14|0|14|0|14|0|14|3217|394|1553|198|47|40|16|22|101|50|36|30|48|63|73|42|62|44|187|87|176|53|176|103|267|94|245|68|119|52|1664|329|41|33|40|33|124|76|20|24|10|16|0|14|144|173|131|62|156|42|134|73|306|79|341|144|217|80
1400000US25015821901|2698|278|238|140|88|83|0|14|11|20|0|14|0|14|0|14|21|34|0|14|2|4|23|32|16|18|15|25|0|14|0|14|150|104|0|14|0|14|15|22|0|14|0|14|21|34|0|14|59|80|7|11|0|14|7|11|23|35|18|21|2460|273|1188|177|31|34|17|23|89|53|76|45|8|19|10|12|92|66|193|95|119|50|160|100|149|57|129|57|115|47|1272|167|17|27|0|14|62|43|54|48|25|25|58|64|12|17|183|81|187|70|217|99|155|78|145|62|157|72
1400000US25015821903|3863|468|842|356|397|206|0|14|0|14|20|33|54|81|0|14|140|128|34|58|33|3|57|55|18|33|20|34|0|14|21|34|445|220|9|14|0|14|0|14|0|14|0|14|0|14|175|119|23|26|155|122|53|79|20|32|10|18|0|14|3021|461|1402|288|157|132|0|14|31|49|37|39|0|14|0|14|57|83|330|150|377|138|69|54|202|129|47|46|95|63|1619|284|15|24|51|70|65|64|24|25|11|16|8|16|147|129|372|143|312|154|64|46|153|74|157|78|240|145
1400000US25015821904|3127|520|330|139|121|79|0|14|0|14|0|14|0|14|0|14|0|14|41|62|22|27|14|21|7|17|18|25|16|28|3|10|209|125|0|14|0|14|0|14|30|44|0|14|0|14|69|83|13|16|32|47|9|20|41|43|0|14|15|23|2797|537|1330|290|54|60|38|54|133|127|33|29|0|14|8|12|3|6|235|82|293|140|204|87|147|77|167|116|15|23|1467|314|75|50|0|14|89|80|59|68|11|19|0|14|105|84|240|93|394|169|151|71|116|53|123|80|104|67
1400000US25015822000|205|74|23|22|3|3|0|14|0|14|0|14|0|14|0|14|0|14|0|14|0|14|0|14|1|6|2|5|0|14|0|14|20|21|0|14|0|14|0|14|0|14|0|14|0|14|1|2|0|14|14|20|0|14|5|7|0|14|0|14|182|65|98|41|6|10|0|14|0|14|4|6|0|14|0|14|16|17|10|17|20|24|32|28|0|14|5|7|5|7|84|39|0|14|0|14|4|6|0|14|0|14|0|14|1|2|39|31|10|12|10|11|4|7|9|9|7|12
1400000US25015822200|5104|544|709|388|241|161|0|19|0|19|35|38|43|56|0|19|0|19|21|38|5|12|28|47|52|42|16|22|41|62|0|19|468|269|57|82|0|19|122|129|0|19|0|19|0|19|0|19|90|105|62|70|13|19|67|62|38|62|19|30|4395|590|2040|308|23|36|8|15|71|76|36|66|71|72|44|31|152|137|225|100|189|97|429|196|341|115|265|90|186|72|2355|367|106|71|18|22|60|63|180|151|0|19|22|27|96|64|177|109|182|98|359|159|483|127|553|120|119|82
1400000US25015822300|5332|501|405|201|219|195|0|19|0|19|0|19|0|19|0|19|0|19|0|19|2|6|135|188|30|34|17|29|35|29|0|19|186|84|0|19|0|19|0|19|17|26|0|19|0|19|0|19|17|27|25|29|10|18|36|29|28|32|53|48|4927|453|2201|273|57|73|0|19|87|92|150|103|67|61|5|12|90|101|297|181|343|119|338|90|323|147|285|105|159|70|2726|338|16|17|0|19|231|112|52|40|0|19|111|86|222|135|266|138|480|168|450|142|378|204|278|75|242|92
1400000US25015822401|5830|547|371|251|257|196|0|19|38|55|0|19|38|55|0|19|22|31|0|19|54|78|27|40|3|9|48|56|0|19|27|32|114|82|0|19|0|19|0|19|0|19|0|19|0|19|8|16|0|19|61|57|0|19|27|42|0|19|18|29|5459|559|2633|343|52|45|22|26|228|126|154|85|20|32|26|42|124|76|124|83|248|80|240|123|460|204|615|185|320|175|2826|327|36|36|0|19|255|112|0|19|0|19|142|90|162|136|129|70|366|116|312|125|469|189|533|158|422|194
1400000US25015822402|4890|577|646|358|235|193|0|14|0|14|0|14|0|14|0|14|0|14|22|36|0|14|47|67|21|36|131|133|0|14|14|24|411|249|0|14|18|27|53|81|0|14|19|29|19|29|23|43|49|67|19|29|5|22|53|57|136|132|17|26|4244|532|2144|406|149|104|10|19|145|117|19|31|0|14|17|27|284|263|325|132|257|110|190|108|368|112|140|63|240|138|2100|446|38|50|0|14|52|41|96|99|53|80|48|58|298|316|327|129|262|157|309|180|360|145|170|88|87|71
1400000US25015822500|6212|17|205|130|112|90|0|19|0|19|0|19|0|19|0|19|27|41|0|19|5|10|0|19|34|41|3|9|31|36|12|20|93|72|0|19|0|19|0|19|0|19|0|19|0|19|28|46|0|19|26|31|0|19|20|34|8|14|11|20|6007|130|3289|231|131|91|37|61|353|95|80|60|0|19|12|21|405|159|329|175|322|119|510|141|464|147|447|108|199|139|2718|220|91|65|65|60|149|81|55|57|0|19|99|64|162|83|206|114|316|88|463|103|463|114|543|178|106|64
1400000US25015822601|2205|298|277|166|121|84|0|14|0|14|45|55|22|27|0|14|0|14|4|6|2|5|3|4|0|14|27|17|8|12|10|12|156|103|60|61|0|14|0|14|0|14|0|14|9|14|0|14|26|31|27|29|0|14|15|15|17|15|2|4|1928|320|940|170|30|26|24|23|22|18|11|9|14|18|17|17|90|59|114|51|140|108|120|55|177|58|84|43|97|39|988|188|42|32|12|13|69|57|41|53|0|14|17|17|60|45|113|39|67|33|196|93|203|60|103|42|65|38
1400000US25015822603|1486|144|86|38|22|12|0|14|0|14|6|5|0|14|0|14|0|14|4|5|0|14|4|5|2|3|3|5|3|4|0|14|64|32|12|13|0|14|7|6|0|14|0|14|0|14|4|5|12|9|3|4|8|7|9|15|1|3|8|9|1400|145|707|89|3|4|0|14|44|30|27|16|6|8|20|20|78|44|54|23|55|22|90|24|170|41|109|31|51|27|693|93|13|13|4|5|25|18|52|22|2|4|24|16|14|10|41|16|89|40|72|23|145|31|167|40|45|14
1400000US25015822607|4637|271|280|100|112|43|0|14|0|14|23|20|6|8|0|14|0|14|0|14|4|5|1|4|9|10|17|12|38|32|14|16|168|73|16|16|0|14|13|15|3|4|12|16|0|14|15|15|10|11|28|22|21|16|28|25|7|8|15|14|4357|265|2008|140|57|23|11|12|149|55|64|31|10|11|21|15|89|38|238|57|269|54|300|73|322|58|385|81|93|32|2349|198|81|54|9|10|76|35|92|55|57|58|96|42|102|47|162|43|229|55|464|145|411|77|411|67|159|55
1400000US25015822700|2962|227|204|81|70|27|0|14|0|14|0|14|0|14|0|14|1|2|0|14|7|9|17|13|1|3|12|7|29|21|3|4|134|69|0|14|0|14|0|14|32|46|0|14|12|19|11|12|18|13|4|5|24|16|16|11|11|7|6|6|2758|222|1452|159|36|18|5|5|60|21|57|45|7|8|20|10|92|56|149|45|120|33|152|37|307|52|290|46|157|50|1306|111|38|14|10|7|62|23|17|10|5|5|25|13|57|21|83|25|135|30|106|26|320|61|302|59|146|46
1400000US25017300100|3188|17|89|57|40|29|0|14|0|14|4|7|0|14|0|14|0|14|0|14|0|14|12|15|0|14|5|7|4|7|15|19|49|31|0|14|0|14|4|7|4|6|0|14|0|14|0|14|2|1|15|12|0|14|5|7|4|6|15|19|3099|60|1535|101|36|40|10|15|71|38|40|34|0|14|35|24|142|50|138|55|156|43|253|56|358|86|235|77|61|27|1564|116|44|34|14|17|69|31|107|39|11|16|52|34|39|26|142|58|200|48|229|65|344|61|222|70|91|37
1400000US25017301101|4020|349|294|135|224|115|0|14|0|14|15|24|0|14|0|14|0|14|23|26|1|2|28|29|101|82|37|34|9|14|10|15|70|46|0|14|0|14|0|14|0|14|0|14|11|18|0|14|0|14|0|14|26|27|0|14|14|23|19|22|3726|380|1725|184|129|78|38|43|108|64|79|53|11|17|23|23|127|61|296|108|219|61|168|53|306|84|135|55|86|50|2001|270|141|80|16|20|164|110|80|47|0|14|64|41|124|65|256|106|277|82|247|93|292|75|242|78|98|50
1400000US25017301102|4967|350|357|206|106|82|0|14|0|14|0|14|0|14|32|44|0|14|0|14|0|14|42|46|0|14|25|38|7|11|0|14|251|135|0|14|0|14|62|86|12|18|0|14|0|14|36|40|40|42|30|41|0|14|41|41|25|24|5|8|4610|406|2322|241|121|90|15|23|184|84|58|46|14|17|110|62|187|106|218|73|296|91|269|91|470|131|302|63|78|38|2288|241|77|51|12|19|162|121|48|51|35|48|15|17|197|78|185|77|361|104|413|131|331|101|328|66|124|56
1400000US25017310101|3520|455|658|249|301|128|0|14|10|17|17|21|0|14|0|14|0|14|5|10|64|75|34|35|36|32|77|79|12|19|46|71|357|187|0|14|0|14|13|23|57|72|0|14|14|22|0|14|13|22|5|12|105|90|45|36|83|91|22|29|2862|483|1290|217|159|103|0|14|22|35|97|92|0|14|0|14|83|60|376|147|299|148|51|56|117|76|86|50|0|14|1572|373|116|62|0|14|97|97|78|82|0|14|99|131|77|74|472|175|236|138|86|55|112|81|119|63|80|76
1400000US25017310102|2750|584|971|513|441|274|101|127|14|26|0|14|0|14|0|14|0|14|0|14|83|133|104|112|19|30|56|56|50|51|14|23|530|278|61|79|38|33|51|39|0|14|0|14|0|14|12|19|126|138|67|41|12|20|101|96|43|45|19|37|1779|350|1007|186|26|49|0|14|0|14|18|28|0|14|17|28|169|107|236|107|167|128|33|43|159|99|113|67|69|71|772|228|27|51|0|14|37|42|40|47|0|14|0|14|133|99|145|85|123|65|61|69|162|92|30|32|14|19
1400000US25017310200|6438|955|1226|671|176|160|28|45|0|19|32|49|62|95|0|19|0|19|0|19|0|19|6|10|23|35|23|36|2|5|0|19|1050|629|296|241|0|19|202|156|136|208|0|19|37|55|22|35|231|145|0|19|105|102|21|32|0|19|0|19|5212|1045|2555|476|120|125|8|13|192|96|147|120|42|67|0|19|369|185|387|193|295|139|531|208|190|114|93|74|181|93|2657|618|172|153|14|35|81|87|226|223|0|19|63|70|238|153|311|161|318|146|366|183|408|172|222|119|238|98
1400000US25017310300|6563|850|707|391|272|143|16|27|0|19|0|19|17|30|0|19|0|19|2|6|0|19|21|36|84|76|113|90|0|19|19|29|435|340|95|126|0|19|102|99|0|19|0|19|0|19|4|12|90|82|57|94|13|22|65|79|0|19|9|17|5856|895|3070|550|246|256|38|63|220|147|153|134|21|39|149|112|169|115|660|257|538|201|125|82|431|167|192|104|128|95|2786|598|33|43|30|47|239|152|204|132|166|218|0|19|227|117|180|109|660|288|283|127|328|114|340|165|96|64
1400000US25017310400|3808|636|1128|551|504|262|80|74|25|37|0|14|44|63|42|44|18|26|60|77|40|43|81|113|13|24|42|37|18|20|41|42|624|317|24|27|27|32|117|130|42|46|28|33|23|41|19|30|48|52|98|52|107|139|79|91|12|20|0|14|2680|534|1389|386|39|43|49|50|149|157|88|75|21|39|49|49|207|114|208|151|247|118|110|74|167|88|51|36|4|9|1291|279|83|79|0|14|209|165|10|16|16|23|0|14|193|98|173|107|188|105|153|79|147|51|92|58|27|26
1400000US25017310500|3565|500|713|317|497|285|0|14|0|14|0|14|0|14|0|14|0|14|276|163|44|48|0|14|175|220|2|4|0|14|0|14|216|138|0|14|0|14|0|14|0|14|0|14|0|14|136|138|22|24|0|14|29|32|19|28|10|15|0|14|2852|468|1547|267|13|22|0|14|32|43|38|31|81|89|17|25|473|215|279|172|243|58|133|68|144|67|76|36|18|22|1305|321|77|66|0|14|105|56|88|43|23|23|23|22|165|87|270|156|144|98|134|81|113|50|141|59|22|28
1400000US25017310601|5409|664|270|147|106|90|0|19|0|19|20|36|0|19|0|19|0|19|0|19|19|37|16|33|25|39|2|7|1|10|23|38|164|99|0|19|0|19|0|19|0|19|0|19|0|19|10|17|0|19|0|19|38|47|62|74|39|46|15|24|5139|675|2125|456|37|47|0|19|390|268|116|83|0|19|24|35|136|67|105|88|389|240|358|141|287|129|130|59|153|67|3014|591|62|55|100|101|211|133|153|116|0|19|51|59|292|163|481|254|588|194|229|67|315|89|319|132|213|92
1400000US25017310602|6036|943|583|425|349|359|0|19|0|19|19|30|0|19|0|19|0|19|71|111|0|19|221|325|38|44|0|19|0|19|0|19|234|152|0|19|0|19|0|19|0|19|0|19|0|19|89|134|6|32|18|28|40|50|54|59|5|16|22|32|5453|810|3079|585|201|198|155|230|136|94|86|60|17|29|142|135|82|75|593|365|493|229|296|123|496|227|187|83|195|115|2374|373|172|117|10|21|292|145|2|11|0|19|9|16|109|88|322|158|429|204|280|144|461|129|197|96|91|59
1400000US25017310700|4060|547|898|463|391|248|0|14|0|14|52|83|0|14|0|14|0|14|230|163|35|44|14|32|0|14|0|14|0|14|60|81|507|281|10|16|0|14|50|55|80|82|0|14|0|14|76|87|6|10|41|58|79|80|30|39|37|46|98|106|3162|677|1753|400|10|16|0|14|103|84|134|131|17|32|0|14|318|206|321|149|107|91|139|93|273|92|281|168|50|45|1409|398|19|24|12|22|188|131|0|14|35|54|46|52|95|67|248|120|240|115|126|70|82|54|254|142|64|43
1400000US25017311100|2342|383|542|199|260|108|0|14|0|14|10|15|13|20|0|14|31|27|32|27|9|10|28|25|28|38|93|74|16|17|0|14|282|121|25|24|0|14|18|18|18|29|0|14|14|24|34|29|40|45|66|43|9|13|41|32|17|20|0|14|1800|342|871|184|68|58|10|15|43|34|39|37|15|21|15|21|93|61|182|77|137|50|110|56|92|65|56|29|11|16|929|256|30|27|0|14|48|40|11|16|39|28|10|17|112|92|227|128|199|70|60|32|147|127|32|29|14|17
1400000US25017311200|3144|572|758|315|450|246|0|14|0|14|0|14|0|14|0|14|0|14|0|14|56|50|33|53|85|83|166|187|110|161|0|14|308|159|0|14|0|14|19|25|4|24|0|14|0|14|0|14|4|27|47|43|54|80|102|90|61|59|17|28|2386|609|995|280|0|14|0|14|41|48|34|53|0|14|21|35|231|223|132|79|69|71|272|127|113|97|39|64|43|44|1391|422|151|74|20|32|95|80|39|54|0|14|9|20|326|271|219|83|218|99|141|89|99|84|74|83|0|14
1400000US25017311300|4186|882|1166|684|673|374|35|51|0|14|245|216|49|75|0|14|0|14|104|159|49|53|81|93|60|20|10|24|27|32|13|21|493|329|55|87|0|14|100|104|52|54|0|14|0|14|60|59|63|70|132|106|9|22|12|19|0|14|10|18|3020|655|1413|288|270|138|0|14|71|61|0|14|9|21|38|36|115|123|194|85|177|125|66|56|357|127|81|47|35|43|1607|421|23|35|47|55|144|114|30|41|52|47|9|18|131|104|240|127|253|138|141|81|405|156|97|71|35|36
1400000US25017311400|6269|991|772|299|323|147|0|19|0|19|21|35|21|36|0|19|0|19|82|79|51|52|27|43|23|33|50|44|29|33|19|30|449|214|47|54|0|19|19|31|0|19|0|19|0|19|54|52|80|64|78|66|38|38|19|32|66|67|48|51|5497|1014|2836|640|211|129|25|40|194|128|183|118|8|13|27|44|376|259|598|233|492|306|302|149|209|86|133|82|78|61|2661|496|232|134|8|21|225|127|57|65|34|38|27|42|124|113|804|282|534|346|140|79|247|91|149|68|80|61
1400000US25017311500|3232|581|390|279|191|137|0|14|0|14|0|14|0|14|0|14|0|14|61|53|50|49|7|16|49|66|7|11|17|24|0|14|199|162|1|3|0|14|0|14|49|68|0|14|0|14|0|14|43|52|6|16|100|86|0|14|0|14|0|14|2842|601|1507|462|237|159|0|14|91|69|5|15|0|14|0|14|43|40|299|170|368|224|135|65|180|61|137|53|12|20|1335|231|108|62|30|22|79|42|74|56|0|14|10|17|47|49|318|136|188|75|124|81|249|83|89|46|19|26
1400000US25017311600|6329|963|472|284|184|132|13|21|0|19|0|19|0|19|0|19|0|19|7|12|1|2|10|19|0|19|151|134|1|2|1|2|288|175|0|19|0|19|14|22|0|19|0|19|0|19|0|19|95|95|0|19|14|22|49|60|108|88|8|13|5857|906|2819|427|216|131|18|28|127|68|11|18|77|69|61|50|195|130|608|286|415|173|466|219|298|113|230|108|97|58|3038|707|154|100|16|23|206|102|141|70|27|37|125|76|389|241|368|250|341|132|572|217|318|123|219|97|162|78
1400000US25017311700|4734|735|625|388|327|258|19|32|8|24|37|43|36|43|20|32|0|14|0|14|0|14|32|40|20|34|27|33|49|78|79|108|298|204|0|14|0|14|7|21|0|14|0|14|0|14|36|60|53|81|86|68|0|14|79|94|37|47|0|14|4109|596|2108|354|138|118|11|19|84|71|14|25|78|89|29|34|208|96|446|155|298|189|258|112|363|150|131|66|50|40|2001|347|38|39|9|16|109|82|0|14|12|23|21|19|185|88|422|169|259|144|394|114|234|97|229|107|89|61
1400000US25017311800|3722|745|1068|513|606|358|113|148|0|14|150|232|0|14|0|14|0|14|18|27|89|85|53|66|79|115|104|79|0|14|0|14|462|218|80|101|0|14|47|49|0|14|0|14|0|14|0|14|108|81|125|131|75|63|27|36|0|14|0|14|2654|507|1302|319|74|98|47|67|101|87|19|29|0|14|49|41|55|59|184|98|244|103|190|110|161|80|116|70|62|45|1352|266|77|82|22|33|21|25|59|37|0|14|43|39|219|112|192|77|204|108|178|74|218|103|108|60|11|18
1400000US25017311900|3012|371|698|255|314|141|0|14|0|14|11|18|34|56|11|17|0|14|82|86|0|14|31|44|35|39|60|55|41|47|9|15|384|138|27|42|21|36|66|79|0|14|18|30|10|17|33|43|31|42|92|65|15|18|36|36|16|26|19|32|2314|367|1244|225|64|42|23|35|21|35|52|57|8|13|19|23|253|99|129|49|238|109|161|95|169|83|38|36|69|50|1070|224|0|14|24|33|24|25|7|14|0|14|46|53|58|39|210|88|233|157|177|79|155|85|58|43|78|43
1400000US25017312000|2909|593|537|275|312|231|71|90|5|14|0|14|17|23|0|14|0|14|37|36|14|15|43|44|95|131|13|27|0|14|17|23|225|122|0|14|0|14|0|14|14|20|6|12|0|14|44|44|4|12|49|48|0|14|39|61|9|14|60|53|2372|639|1288|378|0|14|46|49|26|32|174|93|13|21|52|77|206|87|175|125|238|119|197|115|16|28|88|47|57|47|1084|296|43|27|19|26|15|24|159|116|31|39|39|37|43|33|75|31|180|119|240|114|117|88|69|40|54|35
1400000US25017312100|3480|551|392|250|146|156|0|14|0|14|84|132|0|14|0|14|0|14|15|25|0|14|2|24|16|35|20|28|9|13|0|14|246|132|0|14|0|14|0|14|31|50|0|14|0|14|13|21|13|21|43|56|34|50|91|77|21|28|0|14|3088|511|1497|275|101|69|0|14|24|30|122|72|0|14|93|82|142|93|252|113|284|127|264|133|120|77|62|58|33|25|1591|395|39|59|12|23|208|98|247|200|0|14|23|33|87|69|263|138|354|120|111|80|96|60|104|68|47|28
1400000US25017312200|4817|626|320|185|175|127|0|14|9|18|0|14|9|18|9|18|0|14|73|85|3|8|0|14|41|53|11|18|14|23|6|9|145|95|0|14|0|14|23|29|23|29|0|14|0|14|0|14|62|43|8|17|9|15|17|22|3|7|0|14|4497|675|2302|349|120|97|72|67|279|165|85|84|3|9|33|38|113|77|192|78|395|146|358|99|312|139|281|106|59|46|2195|469|77|68|0|14|82|80|26|41|62|65|101|57|209|205|388|164|351|133|235|78|412|182|165|82|87|58
1400000US25017312300|5093|727|124|100|38|45|0|19|0|19|0|19|0|19|0|19|0|19|0|19|0|19|0|19|11|29|27|32|0|19|0|19|86|79|0|19|0|19|0|19|0|19|0|19|0|19|49|52|0|19|16|28|11|18|0|19|10|40|0|19|4969|721|2252|500|0|19|0|19|75|93|116|136|58|61|107|78|67|54|641|246|302|159|250|119|333|233|210|133|93|76|2717|387|344|222|129|140|170|152|157|131|0|19|80|78|45|45|531|247|242|129|320|149|408|178|187|92|104|63
1400000US25017312400|2144|315|408|141|175|96|0|14|0|14|8|14|8|13|0|14|0|14|0|14|15|21|54|49|14|17|24|22|52|54|0|14|233|93|0|14|0|14|21|23|0|14|0|14|0|14|20|33|30|34|26|25|2|4|36|36|42|35|56|43|1736|292|895|206|79|78|0|14|114|90|104|60|0|14|0|14|5|9|111|60|193|109|49|36|112|65|67|39|61|43|841|151|119|84|0|14|94|77|7|14|8|13|9|12|98|54|117|74|98|56|95|66|70|60|54|34|72|48
1400000US25017312501|4812|528|660|353|279|176|15|18|0|14|64|79|0|14|0|14|0|14|2|5|33|50|30|29|22|25|33|31|80|111|0|14|381|261|112|114|11|17|91|86|0|14|0|14|0|14|0|14|77|65|51|35|0|14|9|15|0|14|30|28|4152|516|1890|325|122|47|0|14|30|26|21|20|7|12|33|34|221|110|347|141|178|68|251|92|288|130|250|74|142|66|2262|324|89|36|75|26|143|131|57|43|19|21|37|41|124|58|365|137|201|67|250|101|489|142|245|78|168|71
1400000US25017312502|4054|361|374|207|271|167|0|14|0|14|0|14|26|36|0|14|0|14|128|100|27|42|1|4|24|27|38|40|9|13|18|22|103|60|0|14|0|14|0|14|0|14|0|14|0|14|0|14|0|14|0|14|30|36|36|32|24|19|13|22|3680|339|1799|231|67|45|0|14|117|88|105|50|0|14|23|30|63|56|244|143|355|128|258|97|228|62|249|98|90|38|1881|238|81|54|25|28|110|64|61|58|10|16|44|39|55|46|252|150|295|93|200|87|311|82|274|77|163|73
1400000US25017313101|7118|672|179|137|79|72|0|19|0|19|0|19|0|19|0|19|0|19|13|22|0|19|2|3|0|19|64|66|0|19|0|19|100|80|0|19|0|19|0|19|0|19|0|19|0|19|7|13|0|19|21|30|38|56|1|4|0|19|33|50|6939|707|3409|522|362|281|0|19|250|159|69|68|93|131|47|56|412|261|480|160|376|166|395|148|439|187|396|103|90|58|3530|333|343|171|0|19|451|239|61|63|50|56|52|53|389|186|303|126|436|194|484|167|498|187|300|102|163|84
1400000US25017313102|5306|676|419|413|112|98|20|45|0|19|0|19|0|19|0|19|0|19|73|92|1|7|0|19|14|24|0|19|4|7|0|19|307|322|0|19|0|19|27|59|83|104|84|107|0|19|0|19|0|19|95|106|0|19|0|19|1|3|17|27|4887|700|2409|418|113|81|57|65|128|106|125|101|25|38|25|31|122|96|406|193|340|108|304|125|354|132|358|114|52|48|2478|370|162|105|54|58|268|158|11|23|0|19|0|19|170|114|287|171|282|108|434|126|524|174|250|84|36|44
1400000US25017314101|6907|790|443|252|192|119|63|94|0|19|0|19|0|19|0|19|0|19|13|21|39|43|39|53|0|19|9|12|0|19|29|36|251|174|0|19|0|19|0|19|0|19|0|19|0|19|104|88|0|19|37|55|0|19|57|83|24|28|29|36|6464|823|3231|484|88|106|17|29|222|110|168|194|80|61|169|121|266|119|436|171|510|131|426|166|494|206|278|107|77|97|3233|426|106|94|36|34|284|179|42|57|72|92|70|71|362|175|341|175|528|200|318|139|424|133|346|102|304|136
1400000US25017314102|6948|647|232|120|110|73|0|19|0|19|0|19|0|19|0|19|0|19|22|34|0|19|0|19|32|32|27|39|16|25|13|22|122|86|0|19|0|19|0|19|0|19|0|19|0|19|0|19|0|19|16|26|17|21|11|35|13|22|65|64|6716|658|3248|449|78|66|57|49|192|111|146|109|85|86|78|81|200|147|436|196|424|161|586|214|343|142|233|96|390|255|3468|424|104|83|68|77|185|115|158|109|36|43|17|29|240|130|312|123|490|112|456|135|460|141|352|206|590|233
1400000US25017314200|5665|874|744|704|332|302|33|53|0|19|33|51|12|30|0|19|0|19|98|152|0|19|3|7|2|6|151|139|0|19|0|19|412|416|0|19|0|19|0|19|22|36|0|19|37|58|166|243|33|50|19|28|31|44|100|150|4|9|0|19|4921|654|2426|362|95|66|0|19|100|106|85|101|32|38|149|95|183|102|189|118|585|179|463|162|241|107|237|95|67|55|2495|351|86|67|0|19|195|159|163|76|0|19|94|101|188|136|279|123|331|167|367|135|361|104|303|117|128|73
1400000US25017314301|9284|802|589|319|359|241|63|70|0|19|27|34|27|34|0|19|0|19|82|126|80|125|2|5|26|34|12|16|21|27|19|33|230|141|39|64|6|11|0|19|0|19|0|19|0|19|0|19|76|66|20|34|26|33|0|19|0|19|63|55|8695|869|4517|561|319|193|84|90|586|241|207|156|25|40|105|81|156|91|431|187|742|236|545|175|601|207|484|171|232|130|4178|566|152|106|63|61|197|120|222|166|29|34|83|73|217|130|346|170|665|211|465|140|680|217|659|242|400|156
1400000US25017314302|3457|396|126|83|54|48|0|14|0|14|0|14|0|14|0|14|0|14|0|14|13|18|18|25|23|26|0|14|0|14|0|14|72|78|25|41|0|14|0|14|0|14|0|14|0|14|0|14|25|41|0|14|0|14|12|19|0|14|10|13|3331|405|1683|272|98|61|89|70|91|72|56|51|22|33|53|41|107|64|125|66|208|66|301|101|320|124|184|58|29|27|1648|248|96|87|14|20|172|138|17|21|0|14|118|77|88|64|139|72|277|120|225|68|314|107|151|61|37|30
1400000US25017315100|5835|723|203|125|87|67|11|18|0|19|0|19|0|19|0|19|0|19|0|19|18|24|0|19|14|24|0|19|0|19|44|32|116|91|11|18|0|19|33|53|0|19|0|19|0|19|15|23|0|19|23|25|0|19|0|19|24|27|10|17|5632|737|2515|309|55|37|24|27|165|80|69|41|70|50|44|33|171|82|355|135|297|68|300|87|622|148|214|62|129|51|3117|492|159|104|28|26|161|108|197|115|48|38|48|38|337|88|297|154|286|76|400|91|562|158|211|79|383|120
1400000US25017315200|8627|967|197|125|58|71|21|34|0|19|0|19|0|19|0|19|0|19|0|19|27|37|0|19|6|11|1|3|0|19|3|10|139|106|0|19|0|19|0|19|0|19|0|19|0|19|0|19|29|35|20|31|22|35|0|19|0|19|68|89|8430|969|4086|559|158|102|61|96|392|203|307|163|22|35|80|65|289|147|715|270|374|162|550|198|455|130|376|120|307|187|4344|571|431|182|52|73|102|72|19|31|56|55|66|78|380|239|520|215|546|158|616|240|771|189|523|164|262|137
1400000US25017315401|3889|760|375|78|164|87|0|14|0|14|0|14|0|14|0|14|0|14|0|14|21|29|59|69|21|46|15|27|41|50|7|28|211|99|0|14|0|14|0|14|0|14|0|14|0|14|16|28|9|25|24|57|65|61|25|49|29|27|43|40|3514|766|1534|229|102|74|0|14|54|57|0|14|0|14|0|14|47|43|159|77|233|68|270|117|266|98|216|93|187|78|1980|599|49|40|0|14|53|52|34|35|17|24|20|30|232|269|342|173|157|68|249|118|349|119|318|86|160|59
1400000US25017315402|3297|381|72|43|34|27|0|14|0|14|0|14|0|14|0|14|0|14|0|14|16|27|0|14|2|7|2|8|14|12|0|14|38|33|0|14|0|14|0|14|0|14|0|14|0|14|6|10|6|11|0|14|0|14|16|24|9|15|1|5|3225|388|1498|176|38|33|18|26|21|19|52|51|0|14|32|29|89|63|103|48|165|55|279|80|387|134|215|81|99|35|1727|266|51|36|5|10|91|41|54|43|43|35|106|64|76|54|134|52|183|67|242|94|382|137|239|128|121|46
1400000US25017315403|1557|118|46|35|35|24|0|14|0|14|0|14|0|14|0|14|3|5|21|31|0|14|0|14|0|14|9|20|0|14|2|6|11|15|0|14|0|14|0|14|0|14|0|14|2|6|0|14|0|14|0|14|1|5|0|14|8|11|0|14|1511|134|751|81|23|19|11|12|34|24|24|24|7|11|29|22|50|28|66|29|105|36|173|51|88|36|93|25|48|24|760|88|40|28|0|14|41|23|13|16|0|14|8|11|98|39|83|42|95|29|110|34|114|51|124|34|34|20
1400000US25017315500|7642|649|31|36|13|21|0|19|0|19|0|19|0|19|0|19|0|19|2|5|0|19|0|19|11|21|0|19|0|19|0|19|18|29|0|19|0|19|0|19|0|19|0|19|0|19|0|19|0|19|0|19|0|19|0|19|18|29|0|19|7611|653|3911|350|172|87|62|63|305|119|33|36|98|97|48|53|201|120|448|146|605|198|606|203|639|159|344|203|350|105|3700|409|323|123|29|47|74|70|245|127|20|34|19|31|122|96|460|151|347|86|636|173|627|189|459|202|339|111
1400000US25017316101|4633|399|104|75|60|56|0|14|0|14|0|14|0|14|0|14|0|14|10|15|0|14|0|14|0|14|0|14|40|50|10|15|44|41|11|17|0|14|0|14|0|14|0|14|0|14|0|14|0|14|11|17|0|14|11|16|11|16|0|14|4529|407|2209|239|104|62|0|14|117|78|27|25|20|23|107|77|183|77|307|98|151|66|260|80|526|128|209|73|198|67|2320|265|137|84|35|32|120|47|48|32|46|37|10|15|151|76|310|82|164|69|335|104|484|139|270|112|210|71
1400000US25017316102|6642|953|172|72|98|60|0|19|0|19|0|19|0|19|0|19|0|19|14|23|27|66|0|19|11|27|33|66|13|22|0|19|74|59|0|19|0|19|0|19|0|19|0|19|0|19|0|19|0|19|0|19|33|46|8|14|27|31|6|11|6470|963|3267|582|67|56|20|32|248|102|50|48|85|68|115|150|371|184|439|389|477|159|519|182|427|187|304|137|145|84|3203|484|154|117|0|19|232|168|109|68|84|60|98|101|186|106|385|318|525|173|352|119|521|168|362|127|195|99
1400000US25017316201|4381|667|104|83|29|27|0|14|0|14|0|14|0|14|0|14|0|14|0|14|4|6|0|14|3|6|14|21|0|14|8|13|75|78|0|14|0|14|0|14|0|14|46|76|0|14|0|14|0|14|0|14|0|14|8|13|2|5|19|21|4277|664|2182|445|83|75|28|35|147|113|165|133|65|66|60|44|200|152|88|52|224|99|291|107|415|190|152|66|264|108|2095|293|112|64|20|33|105|79|56|73|35|43|55|55|109|55|243|95|308|160|252|92|297|85|289|114|214|100
1400000US25017316202|3793|312|184|122|84|63|16|30|10|15|0|14|7|11|0|14|0|14|0|14|0|14|19|21|0|14|23|27|0|14|9|15|100|73|0|14|0|14|43|45|0|14|0|14|0|14|0|14|0|14|27|25|9|14|0|14|10|16|11|18|3609|296|1782|208|70|46|10|15|127|46|106|60|0|14|53|32|141|78|186|89|291|57|314|88|245|78|165|52|74|47|1827|167|56|38|27|23|87|51|74|45|29|29|53|45|79|51|182|83|289|48|315|70|258|87|241|84|137|58
1400000US25017316300|8486|912|622|372|243|170|0|19|0|19|0|19|0|19|0|19|33|53|0|19|33|47|0|19|0|19|62|82|115|132|0|19|379|239|20|33|0|19|0|19|0|19|0|19|0|19|0|19|94|97|0|19|63|70|160|185|24|44|18|30|7864|889|3631|419|174|123|14|23|171|116|68|63|20|32|108|89|297|158|581|214|604|150|513|188|466|151|501|189|114|77|4233|632|202|137|103|62|168|113|60|62|42|49|89|71|203|162|906|196|341|133|694|285|654|248|562|225|209|119
1400000US25017316400|6154|644|154|103|19|26|0|19|0|19|0|19|0|19|0|19|0|19|0|19|0|19|16|26|1|4|0|19|2|4|0|19|135|92|0|19|0|19|0|19|0|19|0|19|0|19|0|19|0|19|0|19|0|19|65|61|70|72|0|19|6000|641|2860|347|129|81|0|19|271|185|76|81|21|26|32|37|84|64|515|163|490|141|270|120|471|151|370|177|131|88|3140|533|43|72|66|97|104|67|127|90|41|50|19|30|259|167|604|428|427|159|243|99|598|151|354|164|255|117
1400000US25017316500|6570|730|478|216|322|219|0|19|0|19|0|19|0|19|0|19|34|58|0|19|146|171|22|36|50|76|0|19|70|93|0|19|156|123|0|19|0|19|0|19|0|19|0|19|0|19|19|31|32|53|0|19|14|22|22|33|56|56|13|22|6092|706|3137|673|97|67|85|111|157|81|60|56|25|48|129|73|285|167|294|155|502|189|386|142|670|577|180|94|267|101|2955|476|101|89|77|91|212|126|174|126|86|84|229|140|140|94|528|182|336|157|333|123|310|133|246|81|183|90
1400000US25017317101|6486|566|488|266|316|186|0|19|0|19|20|34|10|20|0|19|9|17|0|19|21|27|2|5|52|83|137|128|46|74|19|30|172|106|0|19|0|19|37|45|0|19|0|19|0|19|0|19|0|19|28|35|19|30|69|57|0|19|19|30|5998|620|2752|287|184|130|31|36|88|67|55|51|56|48|130|86|194|93|345|176|319|114|386|192|422|122|404|125|138|65|3246|473|130|83|19|22|155|69|56|72|5|12|87|103|209|133|538|274|317|77|582|242|438|132|445|115|265|108
1400000US25017317102|5092|1141|194|111|42|40|0|19|0|19|21|24|10|16|0|19|0|19|0|19|0|19|3|8|8|13|0|19|0|19|0|19|152|94|25|40|0|19|9|15|10|16|0|19|0|19|19|27|12|18|42|40|24|24|3|7|8|12|0|19|4898|1176|2273|284|139|55|29|29|175|71|97|65|18|25|56|34|150|80|379|225|345|61|298|83|263|71|176|52|148|53|2625|952|198|189|131|172|250|83|78|56|33|29|53|37|66|46|562|440|366|79|169|56|392|177|202|65|125|50
1400000US25017317103|4908|549|243|315|34|27|0|14|0|14|0|14|0|14|0|14|11|17|0|14|4|7|0|14|1|4|11|18|2|5|5|9|209|315|0|14|0|14|0|14|0|14|0|14|0|14|136|233|2|4|5|17|46|80|6|12|9|14|5|7|4665|396|2409|252|121|62|10|15|132|91|105|61|23|24|104|62|212|92|184|62|369|59|325|81|377|124|220|78|227|75|2256|205|131|68|6|9|194|84|44|44|0|14|68|51|69|42|166|74|332|54|325|65|408|94|255|82|258|113
1400000US25017317201|2687|190|65|86|42|58|20|28|0|14|0|14|0|14|0|14|0|14|0|14|0|14|10|15|1|4|0|14|9|14|2|6|23|29|0|14|0|14|0|14|0|14|0|14|0|14|0|14|3|5|9|15|0|14|2|5|9|14|0|14|2622|195|1347|120|47|33|0|14|123|63|61|48|15|24|33|31|141|49|98|45|117|42|231|51|201|61|182|51|98|37|1275|143|54|36|11|16|62|35|61|39|0|14|29|31|110|58|98|39|154|43|223|43|191|48|174|52|108|44
1400000US25017317202|4259|995|34|29|10|15|0|14|0|14|0|14|0|14|0|14|0|14|0|14|0|14|0|14|0|14|0|14|10|15|0|14|24|27|0|14|0|14|0|14|0|14|0|14|0|14|0|14|0|14|9|14|0|14|0|14|0|14|15|25|4225|998|2315|629|187|159|36|32|245|159|80|46|0|14|104|147|327|240|88|38|258|75|401|189|254|62|185|58|150|48|1910|453|41|32|17|19|229|169|171|147|14|17|6|10|61|47|164|57|350|161|367|155|169|50|180|54|141|46
1400000US25017317203|3718|372|182|116|76|51|9|14|0|14|9|15|10|17|0|14|0|14|0|14|0|14|10|15|9|13|26|19|3|7|0|14|106|84|0|14|0|14|0|14|0|14|10|17|0|14|24|37|0|14|9|14|17|15|0|14|0|14|46|46|3536|384|1721|195|159|53|16|23|132|76|75|52|0|14|14|20|188|91|120|48|257|42|335|102|162|58|157|49|106|47|1815|241|85|52|31|25|50|35|105|57|0|14|19|23|204|139|217|82|229|55|346|99|222|73|188|48|119|62
1400000US25017317301|3343|947|154|69|64|55|0|14|0|14|0|14|0|14|8|12|0|14|14|26|0|14|0|14|0|14|12|18|27|40|3|5|90|52|0|14|0|14|0|14|0|14|10|15|10|16|0|14|0|14|17|25|19|25|7|11|18|20|9|14|3189|965|1495|415|35|37|21|33|75|42|77|70|82|64|8|14|115|57|246|187|185|90|184|78|182|64|165|118|120|77|1694|594|109|143|0|14|224|144|69|49|21|37|64|48|88|52|170|151|253|125|164|91|277|167|130|66|125|55
1400000US25017317302|5514|646|173|125|67|59|14|21|0|19|0|19|0|19|0|19|0|19|0|19|2|6|0|19|16|24|0|19|35|41|0|19|106|89|0|19|0|19|0|19|0|19|0|19|0|19|0|19|0|19|0|19|25|27|63|73|18|29|0|19|5341|655|2628|338|63|55|10|17|249|123|42|47|0|19|222|208|165|114|384|188|260|118|369|140|427|138|254|139|183|83|2713|451|135|119|0|19|210|97|91|74|17|27|61|61|181|118|363|275|299|101|404|98|388|109|407|158|157|89
1400000US25017318100|6795|589|76|59|50|40|0|19|0|19|0|19|0|19|0|19|0|19|0|19|1|4|2|4|21|30|15|24|11|19|0|19|26|32|0|19|0|19|0|19|0|19|0|19|0|19|0|19|0|19|0|19|15|24|11|19|0|19|0|19|6719|595|3393|325|178|84|44|46|193|96|187|102|78|55|202|132|204|107|172|90|423|69|542|130|580|166|357|104|233|167|3326|359|94|61|13|22|137|78|145|66|22|35|262|85|390|177|130|83|397|63|603|137|552|159|319|82|262|177
1400000US25017318200|4976|452|237|153|127|97|0|14|0|14|27|31|5|9|0|14|6|12|0|14|20|31|27|29|2|6|3|9|37|63|0|14|110|71|14|22|0|14|12|19|0|14|0|14|0|14|0|14|34|31|37|34|0|14|7|11|0|14|6|11|4739|516|2507|296|108|66|18|30|273|101|144|90|74|48|74|58|153|80|182|82|368|92|430|151|427|101|198|51|58|33|2232|307|110|101|16|23|156|92|123|70|32|33|106|74|135|88|198|75|371|84|355|113|354|73|224|68|52|34
1400000US25017318300|8201|721|138|114|62|59|0|19|0|19|0|19|0|19|0|19|0|19|16|28|2|5|0|19|2|5|31|36|11|18|0|19|76|59|8|13|0|19|0|19|0|19|0|19|0|19|0|19|0|19|0|19|12|22|45|37|11|17|0|19|8063|726|3872|386|137|78|11|18|332|122|178|105|72|69|153|75|354|145|304|125|420|120|579|273|802|180|318|130|212|120|4191|527|159|77|35|34|491|162|418|351|67|52|128|72|119|71|258|137|582|119|656|184|747|190|324|114|207|101
1400000US25017318400|4495|454|126|68|42|31|0|14|0|14|1|2|0|14|0|14|9|14|0|14|16|26|0|14|0|14|5|11|0|14|11|18|84|57|0|14|0|14|0|14|0|14|0|14|0|14|22|32|16|21|0|14|10|16|15|19|11|19|10|17|4369|457|2247|230|62|30|39|32|330|155|97|52|42|29|83|54|116|70|157|70|366|91|226|76|401|97|246|85|82|32|2122|309|162|89|96|97|225|104|105|56|8|13|38|28|86|43|138|60|421|106|283|85|313|75|163|69|84|51
1400000US25017320102|5703|511|212|194|136|118|0|19|24|37|25|37|0|19|0|19|0|19|0|19|0|19|24|36|15|23|0|19|48|34|0|19|76|78|0|19|0|19|24|36|12|19|0|19|0|19|0|19|0|19|23|34|0|19|0|19|17|26|0|19|5491|539|2985|348|121|67|0|19|413|133|142|66|81|44|119|71|180|70|213|143|415|90|529|122|447|94|271|127|54|28|2506|317|107|60|33|29|258|97|197|101|63|61|36|28|120|51|127|66|389|120|522|80|335|69|189|89|130|53
1400000US25017320105|2433|284|90|69|36|43|0|14|0|14|6|10|0|14|6|10|0|14|0|14|11|18|6|10|0|14|7|11|0|14|0|14|54|38|0|14|0|14|0|14|0|14|0|14|0|14|0|14|0|14|6|10|0|14|26|26|12|18|10|17|2343|281|1256|198|95|49|47|39|169|68|53|40|15|18|31|25|51|53|41|27|173|49|209|67|177|51|98|39|97|84|1087|133|66|35|0|14|93|41|65|33|11|13|52|32|50|29|107|50|162|48|249|73|111|46|75|35|46|31
1400000US25017320106|6556|874|188|135|58|54|0|19|0|19|0|19|0|19|0|19|11|20|25|38|0|19|0|19|0|19|0|19|2|5|20|34|130|88|0|19|0|19|0|19|0|19|0|19|25|36|14|23|19|30|11|19|0|19|4|10|18|30|39|47|6368|887|2835|343|188|114|0|19|263|108|118|76|24|37|45|42|162|87|156|92|411|88|632|387|463|123|234|114|139|73|3533|632|239|116|0|19|370|159|179|128|58|58|300|343|233|145|229|114|510|139|607|330|376|124|308|120|124|67
1400000US25017320107|4259|514|141|115|56|73|20|33|0|14|0|14|0|14|0|14|0|14|0|14|22|36|5|8|0|14|9|14|0|14|0|14|85|55|0|14|0|14|0|14|0|14|0|14|0|14|17|39|45|46|7|11|0|14|4|6|0|14|12|18|4118|525|2156|360|164|99|62|46|376|150|89|55|15|25|44|40|41|37|116|60|414|190|385|132|273|96|157|83|20|19|1962|266|143|120|0|14|208|114|103|64|15|19|48|37|111|84|174|82|554|161|148|70|200|89|182|73|76|47
1400000US25017321100|6456|861|494|288|268|176|101|103|0|19|38|62|0|19|0|19|0|19|0|19|68|86|1|3|0|19|23|36|21|32|16|25|226|132|0|19|15|25|0|19|17|28|0|19|0|19|0|19|86|88|6|13|38|42|14|25|18|29|32|27|5962|913|2827|445|218|111|52|57|81|132|51|47|0|19|56|52|219|126|395|187|359|101|337|164|462|175|390|96|207|86|3135|577|262|174|20|31|269|203|60|59|19|30|26|39|121|107|381|223|219|108|350|133|635|222|545|152|228|98
1400000US25017321200|8024|1091|307|247|52|52|0|19|0|19|0|19|0|19|0|19|0|19|0|19|52|52|0|19|0|19|0|19|0|19|0|19|255|201|0|19|0|19|0|19|0|19|0|19|52|52|94|80|0|19|50|50|0|19|59|96|0|19|0|19|7717|1104|3816|602|395|267|71|71|268|200|25|32|0|19|73|106|572|255|558|233|509|191|486|180|493|191|272|105|94|57|3901|647|377|194|7|25|326|199|139|203|86|128|0|19|364|227|800|249|487|232|447|168|486|176|226|96|156|76
1400000US25017321301|4611|713|1161|603|563|298|30|44|0|14|89|70|0|14|0|14|0|14|95|125|90|68|0|14|51|27|107|134|101|159|0|14|598|380|0|14|72|98|0|14|0|14|0|14|0|14|122|114|144|118|70|94|88|89|23|34|43|47|36|44|3450|868|1745|462|55|53|37|58|151|119|75|120|22|34|36|58|87|65|372|228|306|142|226|154|226|83|95|58|57|69|1705|496|146|103|0|14|102|78|0|14|0|14|47|40|205|163|360|196|274|163|249|128|142|101|138|97|42|40
1400000US25017321302|3299|518|274|228|120|86|4|25|16|26|0|14|0|14|0|14|0|14|45|60|30|3|0|14|15|26|0|14|10|17|0|14|154|156|0|14|0|14|4|23|0|14|0|14|0|14|30|40|4|22|13|21|66|91|9|14|28|44|0|14|3025|605|1576|422|40|58|0|14|12|32|131|63|0|14|25|37|134|86|331|224|208|117|280|202|196|99|125|69|94|52|1449|239|27|27|0|14|159|76|32|33|0|14|52|43|57|50|285|172|131|76|298|126|176|81|122|77|110|55
1400000US25017321400|4268|572|220|207|59|53|0|14|0|14|0|14|0|14|0|14|0|14|2|17|20|30|0|14|27|39|10|16|0|14|0|14|161|163|0|14|0|14|0|14|26|38|0|14|0|14|61|57|22|30|0|14|52|75|0|14|0|14|0|14|4048|604|1917|243|75|52|8|12|202|116|60|43|0|14|56|46|64|48|278|85|395|186|220|83|291|68|178|49|90|76|2131|439|238|220|16|24|134|68|59|42|0|14|0|14|109|79|357|149|394|148|289|74|208|70|177|60|150|69
1400000US25017321500|7110|789|763|443|367|259|0|19|28|43|0|19|0|19|15|26|16|26|42|58|49|54|78|117|29|43|17|27|93|129|0|19|396|236|32|39|0|19|28|36|0|19|54|77|0|19|67|104|27|34|74|78|27|42|0|19|55|44|32|45|6347|898|3038|475|219|138|70|86|176|109|0|19|0|19|0|19|181|146|552|187|694|260|347|144|314|129|349|158|136|98|3309|560|282|172|20|32|286|153|80|82|18|33|25|25|144|173|691|222|705|245|266|112|406|195|209|99|177|129
1400000US25017321600|7109|1012|550|267|332|182|24|39|0|19|0|19|12|22|0|19|19|30|0|19|28|41|14|24|70|97|129|105|25|36|11|19|218|139|0|19|0|19|0|19|0|19|0|19|65|94|24|43|52|80|12|21|0|19|0|19|65|64|0|19|6559|1048|3214|713|183|131|50|52|202|113|268|228|39|47|76|71|188|109|660|389|346|113|340|119|432|142|155|84|275|155|3345|396|316|127|32|34|202|132|179|118|17|28|52|47|460|237|300|147|435|129|358|117|523|141|260|121|211|120
1400000US25017322100|4843|567|40|30|19|20|0|14|0|14|0|14|0|14|0|14|0|14|6|10|0|14|0|14|0|14|13|18|0|14|0|14|21|23|0|14|0|14|0|14|0|14|0|14|0|14|0|14|0|14|0|14|10|16|11|17|0|14|0|14|4803|573|2354|292|102|69|46|36|233|111|148|85|65|43|33|32|134|66|276|113|406|136|337|97|303|79|195|68|76|42|2449|345|130|69|65|85|375|201|59|40|53|36|36|31|74|46|337|129|399|121|286|80|295|61|215|85|125|55
1400000US25017322200|4381|393|210|152|86|65|21|35|0|14|0|14|0|14|0|14|4|7|21|34|2|5|0|14|0|14|10|16|12|19|16|25|124|96|0|14|0|14|23|37|0|14|0|14|0|14|0|14|22|36|0|14|6|11|20|27|44|34|9|14|4171|431|2085|282|147|106|24|29|112|75|65|47|29|32|75|46|233|121|279|105|157|77|411|156|202|95|166|63|185|75|2086|298|47|43|27|23|109|118|42|42|11|18|20|32|110|93|229|81|243|169|408|139|256|102|363|98|221|90
1400000US25017322300|5832|542|505|209|225|115|0|19|0|19|0|19|0|19|0|19|17|28|19|29|60|55|59|55|18|29|52|62|0|19|0|19|280|133|0|19|0|19|0|19|11|20|0|19|0|19|73|68|15|24|43|45|9|20|33|38|43|44|53|61|5327|547|2657|322|226|104|0|19|129|74|19|30|180|145|56|63|160|90|257|114|348|147|396|106|441|165|255|104|190|115|2670|360|52|49|60|92|24|36|59|68|58|88|68|54|168|77|281|116|460|177|380|163|390|124|210|97|460|208
1400000US25017322400|4892|602|179|112|54|55|0|14|0|14|0|14|12|19|0|14|0|14|0|14|0|14|33|50|0|14|0|14|0|14|9|15|125|87|0|14|0|14|11|17|0|14|0|14|11|18|0|14|0|14|0|14|23|26|11|17|59|67|10|16|4713|614|2420|348|84|53|45|34|159|125|55|44|10|15|140|93|199|111|295|129|325|145|329|157|406|130|186|76|187|77|2293|349|201|122|12|18|114|72|97|101|18|21|22|23|106|75|234|115|248|107|450|161|393|114|199|78|199|103
1400000US25017323101|3702|420|93|71|1|3|0|14|0|14|0|14|0|14|0|14|0|14|0|14|0|14|0|14|1|3|0|14|0|14|0|14|92|71|0|14|0|14|0|14|0|14|0|14|0|14|9|14|0|14|0|14|2|4|70|65|0|14|11|17|3609|434|2033|299|70|52|103|114|86|53|104|74|103|61|55|38|94|55|266|175|233|122|289|106|303|123|227|116|100|49|1576|219|31|26|23|24|149|141|19|21|11|18|45|36|95|66|169|88|118|49|243|68|260|87|244|98|169|78
1400000US25017323102|3407|420|259|320|73|89|0|14|0|14|0|14|54|84|0|14|0|14|0|14|19|28|0|14|0|14|0|14|0|14|0|14|186|233|0|14|0|14|0|14|0|14|67|103|0|14|0|14|18|27|86|133|6|11|0|14|9|15|0|14|3148|371|1609|230|87|44|0|14|111|64|46|40|0|14|92|56|124|86|189|105|183|68|186|81|344|91|130|54|117|62|1539|216|61|45|73|51|118|57|68|43|16|26|0|14|64|58|125|66|188|59|200|69|316|92|210|64|100|59
1400000US25017324101|5560|382|220|122|67|64|0|19|0|19|0|19|0|19|0|19|0|19|3|11|2|6|2|4|4|12|56|60|0|19|0|19|153|95|0|19|0|19|0|19|22|31|0|19|0|19|0|19|0|19|23|34|11|13|94|89|0|19|3|5|5340|405|2590|255|155|76|16|27|172|116|139|96|34|36|40|32|230|75|145|77|498|99|453|152|336|115|280|119|92|56|2750|306|192|90|47|48|227|99|67|56|16|28|128|141|129|82|313|109|380|116|300|86|401|112|412|169|138|83
1400000US25017324102|4454|383|379|255|183|138|12|19|0|14|36|40|12|20|12|19|0|14|0|14|2|7|8|13|76|95|25|23|0|14|0|14|196|134|8|13|0|14|22|34|0|14|0|14|0|14|0|14|100|113|11|20|6|10|16|18|9|15|24|27|4075|369|2145|273|165|61|38|34|168|86|50|36|0|14|57|35|226|130|170|123|308|61|332|85|286|86|211|60|134|56|1930|224|135|73|27|33|105|48|37|28|22|23|88|48|121|50|193|62|194|61|325|56|304|97|152|52|227|84
1400000US25017325101|3958|387|106|75|43|54|0|14|0|14|0|14|0|14|0|14|0|14|32|51|0|14|11|19|0|14|0|14|0|14|0|14|63|58|0|14|0|14|0|14|0|14|0|14|0|14|20|30|0|14|0|14|0|14|0|14|11|18|32|48|3852|394|2049|293|79|62|21|34|174|119|60|56|133|164|54|43|321|159|217|83|297|123|142|76|315|140|200|72|36|33|1803|217|53|43|0|14|206|130|42|52|15|20|0|14|152|75|167|84|436|179|199|101|337|93|147|48|49|43
1400000US25017325102|4383|378|646|305|334|210|19|21|0|14|0|14|10|16|0|14|13|21|64|106|28|34|117|132|52|61|0|14|25|29|6|10|312|189|16|26|0|14|49|69|0|14|0|14|0|14|52|32|49|41|42|51|44|69|15|60|27|30|18|43|3737|421|1665|306|95|98|0|14|102|84|0|14|12|20|89|69|76|53|308|161|142|77|164|109|380|121|249|128|48|38|2072|311|63|43|12|21|123|79|107|75|15|24|75|101|81|66|282|132|165|84|155|103|598|169|133|65|263|149
1400000US25017326101|5037|677|217|150|122|88|0|19|0|19|17|26|0|19|0|19|0|19|29|46|0|19|0|19|17|27|0|19|59|53|0|19|95|84|0|19|0|19|17|26|0|19|0|19|0|19|0|19|35|33|16|25|0|19|0|19|27|31|0|19|4820|668|2611|626|101|38|10|17|390|333|473|347|18|21|70|47|219|151|169|86|405|152|145|53|367|138|143|51|101|54|2209|238|89|59|0|19|144|68|105|62|55|52|68|47|276|188|194|76|329|162|312|165|294|85|170|71|173|73
1400000US25017326102|6014|672|262|147|112|98|0|19|0|19|0|19|0|19|0|19|0|19|17|42|0|19|0|19|21|47|61|74|13|21|0|19|150|111|13|23|0|19|0|19|0|19|27|49|0|19|0|19|0|19|0|19|57|69|0|19|53|42|0|19|5752|662|2770|353|91|76|0|19|217|121|93|62|88|75|85|70|210|130|211|134|337|83|376|129|524|136|344|147|194|90|2982|437|179|156|22|36|406|175|99|70|56|42|98|69|173|116|239|151|350|70|430|140|464|149|279|131|187|77
1400000US25017327101|4051|529|146|76|75|62|0|14|0|14|0|14|0|14|0|14|0|14|13|21|26|39|0|14|0|14|11|17|25|43|0|14|71|50|0|14|0|14|0|14|0|14|0|14|0|14|10|16|28|40|0|14|21|21|0|14|12|21|0|14|3905|516|1895|187|102|63|0|14|133|49|46|33|41|40|101|55|159|81|170|65|242|143|270|82|324|121|269|124|38|30|2010|482|280|262|22|20|108|64|144|145|0|14|55|36|104|72|210|99|235|152|300|79|352|119|161|62|39|38
1400000US25017327102|3858|387|95|88|37|48|0|14|0|14|14|23|0|14|0|14|0|14|3|6|5|10|0|14|15|23|0|14|0|14|0|14|58|52|0|14|0|14|0|14|0|14|0|14|0|14|22|25|21|22|14|22|0|14|0|14|1|4|0|14|3763|393|1700|206|110|62|16|23|58|46|24|28|47|54|13|17|152|93|246|89|311|122|212|69|253|76|188|55|70|46|2063|276|48|34|40|35|172|141|75|55|0|14|28|26|112|78|379|149|255|73|319|104|274|79|310|89|51|38
1400000US25017327103|3645|472|518|314|218|147|28|31|0|14|32|39|0|14|0|14|0|14|48|49|15|17|0|14|55|61|40|40|0|14|0|14|300|190|22|31|0|14|7|12|23|33|0|14|32|36|0|14|44|46|22|32|2|4|97|114|51|43|0|14|3127|487|1678|374|28|31|0|14|81|45|76|44|28|29|17|17|214|150|284|151|133|51|239|111|277|80|205|53|96|52|1449|215|53|46|23|33|28|45|10|15|29|27|37|27|98|86|123|63|118|42|239|116|262|65|333|86|96|53
1400000US25017328100|3368|21|33|29|9|11|0|14|0|14|0|14|0|14|0|14|0|14|0|14|4|7|0|14|0|14|5|8|0|14|0|14|24|24|0|14|0|14|0|14|0|14|0|14|0|14|2|3|0|14|0|14|0|14|9|11|13|20|0|14|3335|35|1730|127|102|83|11|16|83|54|86|48|33|23|87|44|210|80|79|35|245|62|264|58|262|58|220|50|48|20|1605|131|45|31|19|15|77|31|85|47|10|11|74|56|145|71|202|65|187|53|287|46|269|55|157|31|48|19
1400000US25017330101|3458|457|107|97|47|61|0|14|0|14|24|39|0|14|0|14|0|14|0|14|0|14|0|14|0|14|12|19|0|14|11|17|60|58|0|14|0|14|0|14|0|14|0|14|0|14|0|14|35|54|11|18|0|14|4|10|0|14|10|16|3351|475|1632|275|59|53|30|37|77|45|101|64|4|9|110|82|126|83|118|65|184|118|367|139|263|105|144|70|49|48|1719|311|79|52|11|18|179|132|15|24|58|69|9|17|192|115|146|66|190|87|305|107|324|123|107|66|104|91
1400000US25017330102|5105|485|136|92|50|37|0|19|0|19|0|19|0|19|0|19|0|19|0|19|0|19|10|7|2|4|36|37|2|5|0|19|86|65|0|19|0|19|0|19|0|19|0|19|0|19|16|27|0|19|0|19|15|23|13|21|33|38|9|14|4969|505|2421|308|121|58|28|35|383|128|20|34|52|60|51|57|23|36|253|124|315|70|490|211|404|221|180|61|101|60|2548|293|56|35|51|52|255|107|106|68|49|52|167|97|81|56|187|89|332|69|403|162|393|190|256|87|212|91
1400000US25017330201|2997|622|21|13|13|8|0|14|0|14|0|14|0|14|0|14|0|14|0|14|0|14|0|14|8|16|2|6|3|6|0|14|8|11|0|14|0|14|0|14|0|14|0|14|0|14|0|14|2|5|0|14|0|14|0|14|6|10|0|14|2976|622|1440|355|90|74|6|10|29|26|70|47|0|14|49|45|169|120|244|273|165|87|266|179|234|98|66|40|52|33|1536|327|149|152|8|11|50|37|51|43|17|26|68|51|74|51|240|210|203|81|224|145|229|100|160|96|63|37
1400000US25017330202|3970|427|177|201|146|186|0|14|0|14|0|14|0|14|0|14|0|14|7|12|19|22|0|14|0|14|120|175|0|14|0|14|31|35|0|14|0|14|0|14|0|14|0|14|0|14|16|27|15|21|0|14|0|14|0|14|0|14|0|14|3793|408|2011|239|65|56|78|80|149|56|102|84|52|59|61|41|178|79|252|98|289|77|282|97|252|90|146|56|105|43|1782|242|56|42|12|19|35|40|98|63|35|41|9|15|131|81|255|88|288|97|326|90|180|66|223|93|134|57
1400000US25017331101|3256|382|60|46|28|25|0|14|0|14|0|14|0|14|0|14|0|14|0|14|0|14|0|14|3|2|9|17|8|12|8|14|32|40|0|14|0|14|0|14|0|14|0|14|0|14|0|14|0|14|0|14|23|33|0|14|0|14|9|13|3196|384|1742|312|100|54|8|13|107|56|96|75|0|14|85|75|201|104|236|139|216|47|212|76|274|88|139|51|68|52|1454|204|59|39|39|45|37|33|64|57|25|38|107|73|65|44|76|36|212|45|219|91|248|88|201|79|102|61
1400000US25017331102|6774|626|35|30|20|18|0|19|0|19|0|19|0|19|0|19|0|19|0|19|0|19|8|13|2|4|1|4|2|5|7|13|15|24|0|19|0|19|0|19|0|19|0|19|0|19|0|19|0|19|0|19|0|19|0|19|0|19|15|24|6739|626|3536|385|189|93|37|44|352|168|100|63|30|47|50|47|247|183|259|144|431|98|369|114|903|277|292|100|277|117|3203|436|159|116|0|19|364|206|28|33|77|55|59|48|286|158|240|130|372|96|466|172|683|160|331|81|138|77
1400000US25017331200|5650|633|118|90|55|58|0|19|0|19|0|19|0|19|0|19|0|19|14|17|0|19|4|8|16|24|0|19|16|23|5|7|63|55|0|19|0|19|0|19|0|19|0|19|0|19|0|19|0|19|23|38|12|19|9|15|19|22|0|19|5532|628|2854|349|146|67|54|43|265|149|180|99|46|35|9|14|301|148|300|105|334|84|581|151|329|74|182|66|127|65|2678|368|89|41|17|21|267|115|131|75|22|23|113|93|117|84|287|94|457|157|440|111|343|104|324|64|71|43
1400000US25017331300|7175|789|474|285|209|143|0|19|0|19|0|19|0|19|30|47|14|24|15|24|2|4|38|36|47|75|63|100|0|19|0|19|265|186|0|19|0|19|0|19|0|19|14|24|0|19|18|29|0|19|100|141|57|73|73|96|3|7|0|19|6701|815|3512|587|300|247|0|19|252|200|232|142|25|31|127|74|423|173|419|177|427|159|238|105|568|185|358|137|143|89|3189|362|291|267|15|24|135|75|92|79|81|81|70|63|207|101|284|140|504|213|543|182|575|154|233|107|159|71
1400000US25017332100|5758|627|90|59|88|59|0|19|0|19|0|19|0|19|0|19|0|19|0|19|6|9|2|7|3|8|0|19|65|53|12|20|2|7|0|19|0|19|0|19|0|19|0|19|0|19|0|19|0|19|0|19|2|7|0|19|0|19|0|19|5668|635|2732|369|263|74|15|24|148|70|13|21|0|19|14|23|253|113|234|119|365|134|460|139|393|93|262|118|312|222|2936|350|121|59|50|39|311|147|72|64|48|54|32|35|128|100|255|114|283|72|599|120|334|123|330|99|373|162
1400000US25017332201|2228|435|145|100|40|53|0|14|0|14|0|14|0|14|0|14|0|14|15|21|12|16|1|5|0|14|12|17|0|14|0|14|105|94|16|24|0|14|0|14|0|14|0|14|0|14|25|28|0|14|14|20|5|9|5|9|1|4|39|64|2083|435|951|226|39|34|15|21|60|39|37|29|0|14|17|23|76|39|101|51|92|28|103|55|83|41|308|220|20|20|1132|271|77|64|0|14|32|27|66|59|8|13|7|11|17|30|134|55|92|31|90|39|156|60|347|254|106|47
1400000US25017332202|6726|770|563|293|209|99|0|19|0|19|59|63|0|19|0|19|0|19|41|45|24|38|0|19|48|52|19|30|18|29|0|19|354|264|0|19|0|19|0|19|24|37|0|19|0|19|0|19|38|44|29|44|20|30|171|236|31|35|41|44|6163|673|3103|448|159|97|0|19|251|128|38|45|0|19|38|44|244|132|300|151|453|154|461|165|713|405|194|121|252|111|3060|365|110|87|27|34|153|99|41|49|34|38|41|49|320|160|339|159|514|149|291|112|612|228|250|101|328|152
1400000US25017332300|6883|926|346|231|146|138|0|19|11|19|0|19|0|19|0|19|0|19|0|19|23|38|0|19|0|19|0|19|0|19|112|129|200|142|26|42|0|19|20|33|34|54|12|18|0|19|0|19|38|38|0|19|0|19|16|26|18|29|36|38|6537|920|3085|583|161|121|0|19|429|306|53|53|12|19|48|42|345|129|324|144|682|339|293|112|372|85|224|91|142|66|3452|443|117|104|110|97|316|145|110|83|56|51|34|39|143|86|376|154|621|162|623|317|282|97|405|117|259|164
1400000US25017332401|2403|384|147|95|62|64|0|14|0|14|0|14|0|14|14|18|0|14|0|14|2|5|0|14|24|46|0|14|15|20|7|11|85|71|0|14|0|14|0|14|14|18|0|14|0|14|18|27|0|14|0|14|17|22|19|45|0|14|17|19|2256|397|1243|273|38|37|0|14|79|53|60|36|10|14|20|22|156|71|83|53|136|47|188|67|183|86|75|41|215|171|1013|180|29|25|0|14|52|51|44|38|17|19|11|16|63|43|58|47|141|55|142|51|200|124|87|40|169|78
1400000US25017332402|2084|331|166|95|32|75|0|14|0|14|0|14|0|14|0|14|0|14|0|14|2|79|13|21|0|14|12|17|0|14|5|7|134|114|0|14|0|14|0|14|0|14|0|14|0|14|28|41|0|14|14|22|0|14|0|14|6|9|86|97|1918|321|908|222|6|9|73|64|104|76|31|48|0|14|0|14|74|65|163|76|106|67|92|64|152|76|40|21|67|46|1010|173|62|58|0|14|29|44|0|14|0|14|0|14|112|71|189|75|114|59|95|52|150|69|122|52|137|51
1400000US25017333100|7382|663|427|209|193|109|5|9|0|19|27|44|0|19|0|19|0|19|0|19|64|67|0|19|0|19|45|48|0|19|52|62|234|141|13|23|14|23|28|45|0|19|0|19|0|19|0|19|34|54|11|17|9|15|26|30|31|37|68|64|6955|686|3681|518|193|78|29|36|252|123|108|69|44|47|99|77|148|87|655|291|412|169|578|151|486|195|320|144|357|103|3274|335|115|54|0|19|124|74|27|32|38|45|52|49|201|135|398|171|478|129|549|151|411|145|457|162|424|109
1400000US25017333200|5191|774|437|184|147|101|0|19|0|19|0|19|0|19|20|32|0|19|42|75|0|19|0|19|43|50|23|29|19|33|0|19|290|131|0|19|0|19|0|19|0|19|0|19|0|19|40|50|5|12|6|18|52|58|81|65|29|34|77|64|4754|739|2401|556|54|50|17|29|164|61|96|71|82|124|30|40|421|277|306|129|267|91|341|180|286|112|223|98|114|57|2353|339|128|90|0|19|222|115|30|36|48|60|10|18|219|139|330|138|334|110|277|149|447|119|220|82|88|59
1400000US25017333300|4188|628|567|280|288|156|46|56|0|14|31|44|0|14|0|14|0|14|1|3|1|8|25|38|33|44|100|74|13|20|38|42|279|148|0|14|0|14|30|48|0|14|0|14|0|14|16|26|42|50|31|38|29|40|9|13|82|55|40|46|3621|587|1647|280|79|55|29|41|86|53|13|23|86|77|0|14|174|91|294|152|197|81|321|147|140|56|154|99|74|67|1974|427|84|61|0|14|175|117|27|30|29|51|75|57|229|137|357|121|250|85|372|178|152|69|145|85|79|53
1400000US25017333400|6564|717|575|263|157|135|0|19|0|19|0|19|0|19|0|19|0|19|103|124|1|2|0|19|24|29|28|32|0|19|1|3|418|235|40|62|0|19|0|19|33|50|0|19|45|68|0|19|0|19|98|72|122|128|0|19|57|91|23|26|5989|721|2920|399|66|79|69|65|127|94|115|133|0|19|77|68|291|197|482|189|408|190|321|132|601|211|261|127|102|59|3069|532|198|139|67|60|180|86|98|74|56|56|78|57|202|139|479|177|299|127|489|200|453|162|197|86|273|111
1400000US25017333501|4879|438|213|107|63|45|0|14|0|14|0|14|0|14|15|26|0|14|11|18|1|3|9|15|10|13|8|12|9|16|0|14|150|90|0|14|0|14|0|14|0|14|0|14|0|14|60|59|0|14|35|40|12|20|7|11|0|14|36|40|4666|460|2146|315|178|136|0|14|151|86|30|38|0|14|18|22|178|129|384|179|252|79|270|102|330|105|269|85|86|64|2520|264|96|73|25|33|126|91|151|122|93|124|53|63|117|81|363|169|285|79|281|94|409|126|369|106|152|79
1400000US25017333502|3510|705|468|334|276|254|0|14|0|14|0|14|0|14|0|14|0|14|216|245|37|49|0|14|12|16|0|14|11|17|0|14|192|164|31|46|27|41|24|30|12|15|12|15|0|14|8|13|30|46|25|26|0|14|2|8|11|18|10|16|3042|539|1310|231|33|28|9|14|34|36|7|16|69|68|106|79|64|63|194|91|313|141|135|66|217|80|88|47|41|29|1732|452|165|152|0|14|102|106|31|37|10|16|46|45|227|120|208|172|199|74|247|80|274|147|153|77|70|46
1400000US25017333601|1981|369|84|65|0|14|0|14|0|14|0|14|0|14|0|14|0|14|0|14|0|14|0|14|0|14|0|14|0|14|0|14|84|65|0|14|0|14|0|14|0|14|0|14|0|14|45|48|16|27|0|14|16|28|7|11|0|14|0|14|1897|379|1034|218|109|65|0|14|0|14|6|9|0|14|0|14|101|73|512|217|180|90|7|13|108|62|11|17|0|14|863|252|45|52|0|14|0|14|40|53|0|14|5|8|160|96|280|161|120|71|44|47|68|49|87|133|14|16
1400000US25017333602|7273|749|422|244|165|124|77|117|0|19|15|27|0|19|0|19|0|19|28|47|35|48|0|19|0|19|10|19|0|19|0|19|257|152|0|19|0|19|56|69|0|19|0|19|0|19|20|35|41|62|26|35|30|34|41|63|42|48|1|5|6851|759|3473|416|370|211|27|41|62|60|191|125|0|19|0|19|355|189|715|238|419|188|536|172|462|239|231|129|105|64|3378|462|188|143|45|71|155|156|0|19|38|50|28|40|500|189|485|159|457|185|339|128|653|341|201|133|289|146
1400000US25017334100|6865|720|103|75|37|48|0|19|0|19|0|19|0|19|0|19|0|19|15|24|0|19|0|19|0|19|9|14|0|19|13|21|66|56|0|19|0|19|0|19|0|19|0|19|0|19|14|24|0|19|0|19|0|19|21|25|0|19|31|37|6762|716|3332|533|191|78|66|50|254|150|115|116|142|121|81|71|223|115|454|176|373|114|486|189|409|137|235|103|303|133|3430|344|157|88|55|42|224|112|262|146|57|75|95|78|175|121|256|118|360|111|475|152|583|166|358|110|373|137
1400000US25017334200|4193|494|100|67|23|21|0|14|0|14|0|14|0|14|0|14|0|14|0|14|0|14|1|3|0|14|17|18|5|8|0|14|77|65|0|14|7|11|7|11|0|14|0|14|14|23|0|14|2|6|37|36|2|4|0|14|8|13|0|14|4093|491|1977|244|157|77|9|15|153|83|130|109|11|18|31|31|92|54|134|64|322|60|373|132|303|135|168|38|94|34|2116|312|117|50|22|23|132|64|69|46|8|12|84|97|224|120|140|53|361|117|269|63|232|66|302|68|156|72
1400000US25017334300|7658|635|253|196|66|67|0|19|0|19|0|19|0|19|0|19|0|19|0|19|18|27|17|27|12|30|3|6|16|26|0|19|187|169|0|19|0|19|0|19|0|19|0|19|0|19|0|19|17|26|0|19|48|49|0|19|71|94|51|63|7405|647|3757|415|206|93|93|60|427|129|92|69|36|42|92|66|198|113|276|154|586|155|397|138|630|124|450|169|274|151|3648|343|193|90|42|35|321|131|120|68|55|45|167|72|209|104|284|135|566|124|541|125|450|112|467|145|233|122
1400000US25017334400|6581|895|222|113|74|57|0|19|0|19|0|19|0|19|0|19|0|19|0|19|0|19|11|18|0|19|41|43|22|35|0|19|148|100|0|19|0|19|0|19|0|19|0|19|0|19|0|19|0|19|2|15|43|43|48|72|2|12|53|50|6359|900|2908|595|215|127|11|19|382|305|45|51|59|48|26|30|89|77|446|136|195|92|510|216|381|96|387|164|162|85|3451|417|238|111|0|19|201|107|94|66|13|22|115|86|302|228|367|122|401|167|344|102|479|109|603|171|294|125
1400000US25017335100|5943|666|324|147|232|137|0|19|0|19|0|19|0|19|0|19|0|19|0|19|12|24|53|81|39|43|52|53|76|92|0|19|92|96|18|27|0|19|0|19|0|19|19|30|0|19|0|19|0|19|18|28|0|19|19|32|0|19|18|29|5619|637|2586|373|222|130|23|37|133|109|94|61|0|19|16|25|122|77|392|157|421|160|355|196|360|131|189|124|259|138|3033|412|85|67|48|59|198|107|93|87|0|19|17|30|219|122|435|143|394|105|405|165|462|149|244|115|433|145
1400000US25017335200|6500|689|292|202|122|84|0|19|0|19|15|24|0|19|0|19|0|19|7|13|12|18|22|36|0|19|32|38|21|32|13|21|170|140|0|19|0|19|11|18|39|63|0|19|24|29|10|23|11|18|39|38|0|19|11|18|11|18|14|23|6208|707|3266|484|282|194|22|34|384|164|72|69|64|95|104|82|120|65|350|125|517|182|424|158|341|110|389|128|197|132|2942|328|213|119|57|70|104|85|88|61|0|19|35|41|77|42|424|230|481|140|335|92|486|112|307|137|335|146
1400000US25017335301|4374|576|204|112|84|71|22|27|0|14|0|14|0|14|0|14|0|14|6|9|53|49|0|14|0|14|0|14|0|14|3|6|120|75|0|14|0|14|0|14|0|14|0|14|0|14|0|14|0|14|0|14|4|10|52|48|51|62|13|19|4170|614|2254|410|190|78|23|35|141|127|107|52|0|14|26|42|182|133|301|151|301|86|309|152|334|116|210|87|130|62|1916|261|164|66|0|14|116|64|7|12|12|22|22|29|98|59|393|183|304|66|218|142|262|79|128|58|192|66
1400000US25017335302|5013|576|336|252|201|147|0|19|0|19|0|19|35|56|11|19|0|19|49|56|0|19|19|31|9|15|40|50|29|32|9|15|135|146|0|19|0|19|28|43|0|19|0|19|0|19|0|19|0|19|18|29|39|47|9|17|41|55|0|19|4677|585|2367|465|146|63|64|41|22|25|77|57|16|24|322|349|124|73|156|72|431|117|235|88|406|153|169|65|199|131|2310|235|174|82|49|45|115|65|28|26|21|31|15|23|165|75|199|78|283|86|291|88|443|162|315|80|212|121
1400000US25017335400|5110|402|88|57|37|34|0|19|0|19|0|19|0|19|10|15|0|19|15|24|1|2|0|19|0|19|11|18|0|19|0|19|51|34|0|19|0|19|0|19|0|19|0|19|0|19|19|21|13|19|10|14|0|19|6|11|0|19|3|6|5022|402|2547|283|195|110|7|11|212|81|115|80|0|19|71|70|189|69|284|119|332|94|323|96|419|129|303|86|97|41|2475|198|142|52|17|18|83|53|86|45|26|23|32|28|146|78|384|129|372|87|361|89|433|126|262|70|131|58
1400000US25017336100|5472|694|236|111|31|45|0|19|0|19|0|19|0|19|0|19|14|22|0|19|0|19|0|19|14|23|0|19|0|19|3|5|205|105|0|19|0|19|0|19|0|19|0|19|0|19|0|19|14|21|9|17|0|19|39|34|0|19|143|105|5236|682|2405|509|65|48|11|19|250|233|44|44|39|43|48|33|64|63|202|91|385|153|628|217|274|123|179|75|216|146|2831|390|106|83|34|34|312|153|84|60|0|19|43|39|57|75|266|118|365|141|454|231|405|123|381|156|324|126
1400000US25017336201|2923|463|143|126|90|108|0|14|0|14|0|14|0|14|0|14|43|53|0|14|0|14|0|14|2|3|45|55|0|14|0|14|53|73|0|14|0|14|0|14|0|14|0|14|0|14|0|14|0|14|0|14|0|14|0|14|9|15|44|71|2780|475|1349|297|36|37|4|14|50|51|125|65|0|14|0|14|75|42|30|36|149|59|248|165|326|159|112|109|194|78|1431|213|51|56|0|14|64|49|42|43|35|37|97|65|72|39|40|42|184|50|307|126|116|51|184|128|239|130
1400000US25017336202|3126|442|72|63|61|61|0|14|0|14|0|14|0|14|0|14|0|14|41|59|0|14|0|14|16|13|4|13|0|14|0|14|11|18|0|14|0|14|0|14|0|14|0|14|0|14|0|14|0|14|11|18|0|14|0|14|0|14|0|14|3054|448|1350|213|71|63|19|32|131|76|32|28|23|31|13|18|30|42|39|35|250|109|172|68|186|78|140|61|244|157|1704|321|210|187|9|16|111|72|56|41|23|28|13|19|101|54|56|58|323|125|239|71|195|82|99|62|269|110
1400000US25017336300|6886|695|261|151|127|82|0|19|0|19|0|19|41|61|0|19|0|19|0|19|0|19|0|19|37|36|0|19|0|19|49|45|134|92|0|19|0|19|0|19|0|19|0|19|0|19|57|64|0|19|0|19|38|56|0|19|0|19|39|37|6625|703|3300|510|200|94|0|19|348|174|158|85|13|21|107|72|139|81|314|131|816|371|463|108|450|145|151|78|141|76|3325|391|253|128|36|43|339|111|76|54|15|23|69|68|234|124|122|68|619|142|397|133|540|132|283|107|342|130
1400000US25017336402|5035|1000|155|109|101|98|0|19|0|19|0|19|0|19|0|19|0|19|18|29|0|19|0|19|24|54|43|63|0|19|16|26|54|47|0|19|0|19|0|19|0|19|0|19|0|19|0|19|0|19|0|19|0|19|7|16|16|25|31|36|4880|991|2199|528|101|74|0|19|55|60|81|53|21|35|63|46|399|240|408|149|320|104|305|181|156|75|212|92|78|58|2681|540|152|88|0|19|262|95|73|57|80|103|121|84|54|54|285|112|389|97|354|138|263|107|249|95|399|260
1400000US25017336403|3316|497|133|113|59|73|16|33|0|14|0|14|0|14|0|14|0|14|0|14|2|11|25|41|0|14|10|19|0|14|6|10|74|57|4|10|0|14|0|14|0|14|0|14|0|14|0|14|15|24|15|26|0|14|7|12|21|32|12|19|3183|487|1743|291|93|88|0|14|23|31|66|51|0|14|0|14|93|67|401|136|369|131|197|81|130|81|197|116|174|194|1440|273|93|89|0|14|6|11|67|76|0|14|65|50|41|42|379|104|185|76|235|119|35|39|205|107|129|145
1400000US25017336404|2479|323|81|78|45|44|0|14|0|14|25|35|0|14|0|14|0|14|0|14|0|14|0|14|0|14|20|25|0|14|0|14|36|41|0|14|0|14|0|14|0|14|0|14|0|14|0|14|22|31|0|14|0|14|0|14|14|22|0|14|2398|360|1246|251|0|14|9|17|38|48|13|20|0|14|71|73|118|71|223|122|208|108|147|73|254|117|111|83|54|66|1152|238|36|34|22|38|118|81|72|49|0|14|0|14|7|16|127|88|153|88|150|87|244|53|151|87|72|62
1400000US25017337101|2861|325|89|65|36|30|0|14|0|14|0|14|0|14|0|14|0|14|0|14|0|14|12|18|0|14|14|22|10|17|0|14|53|55|0|14|0|14|0|14|15|26|0|14|0|14|0|14|0|14|15|19|0|14|0|14|0|14|23|27|2772|337|1339|182|74|49|31|29|31|28|22|24|11|17|54|36|41|40|176|72|198|77|141|55|218|74|208|79|134|59|1433|213|112|56|0|14|71|47|33|23|0|14|23|29|137|72|166|79|183|45|96|72|321|97|121|56|170|97
1400000US25017337102|5622|803|257|143|70|60|0|19|0|19|0|19|0|19|0|19|0|19|0|19|0|19|0|19|31|29|0|19|14|27|25|42|187|105|0|19|0|19|0|19|0|19|0|19|0|19|0|19|18|28|23|38|2|5|40|50|102|96|2|4|5365|809|2653|401|265|156|31|46|187|125|135|112|0|19|21|34|148|81|258|120|448|156|331|149|425|142|182|87|222|87|2712|526|303|226|0|19|225|104|159|192|0|19|119|120|92|98|365|143|463|172|269|96|327|104|226|99|164|74
1400000US25017337201|3206|435|291|233|186|172|35|47|0|14|39|53|0|14|0|14|0|14|0|14|4|7|48|64|29|41|0|14|12|18|19|21|105|69|0|14|0|14|0|14|0|14|0|14|0|14|0|14|0|14|36|49|0|14|26|38|27|25|16|18|2915|432|1464|309|54|37|11|18|168|179|57|45|0|14|13|19|71|70|155|75|244|72|198|87|205|101|152|56|136|49|1451|274|51|39|15|18|51|34|71|55|11|16|21|39|25|37|212|99|246|83|237|102|180|77|168|57|163|66
1400000US25017337202|5105|596|117|85|24|32|0|19|0|19|0|19|0|19|0|19|0|19|0|19|0|19|0|19|2|4|2|4|0|19|20|32|93|79|0|19|0|19|0|19|0|19|0|19|0|19|0|19|24|36|13|21|0|19|15|24|0|19|41|47|4988|602|2305|360|143|93|79|104|166|106|23|36|0|19|54|62|189|88|153|83|444|213|229|72|355|120|246|90|224|102|2683|413|222|139|29|44|217|119|72|76|0|19|25|41|208|118|310|197|457|155|291|88|218|97|301|126|333|148
1400000US25017337300|6086|596|289|185|152|131|0|19|0|19|0|19|19|31|0|19|0|19|0|19|0|19|15|25|0|19|18|31|68|89|32|43|137|101|0|19|0|19|0|19|23|34|23|40|0|19|1|3|0|19|0|19|34|50|21|34|19|30|16|24|5797|622|2740|376|141|99|53|67|170|138|152|111|34|59|12|21|62|60|542|226|556|162|294|136|266|120|281|136|177|131|3057|349|184|138|58|53|46|41|46|63|41|60|81|91|66|71|613|225|502|176|420|152|365|169|347|163|288|146
1400000US25017338100|3284|463|166|135|67|63|0|14|0|14|0|14|0|14|0|14|18|26|22|31|0|14|0|14|0|14|18|26|9|13|0|14|99|78|0|14|0|14|0|14|0|14|17|26|0|14|0|14|0|14|0|14|26|35|20|28|36|42|0|14|3118|512|1418|205|18|19|8|12|121|58|98|44|71|51|62|42|47|32|115|54|254|108|214|69|227|66|153|64|30|23|1700|361|122|109|89|104|147|44|93|55|37|28|28|43|69|58|124|70|198|78|249|66|252|75|135|54|157|136
1400000US25017338200|3872|435|150|98|81|91|0|14|0|14|33|44|0|14|0|14|0|14|0|14|12|19|0|14|29|43|7|11|0|14|0|14|69|45|0|14|0|14|0|14|0|14|0|14|4|7|11|18|19|20|0|14|9|15|12|17|7|11|7|11|3722|438|1708|167|49|32|12|20|176|70|128|63|66|35|61|42|97|58|223|89|314|126|295|70|159|56|91|51|37|27|2014|407|98|53|22|23|131|51|137|68|9|14|63|37|107|105|168|57|374|145|336|115|239|106|202|99|128|70
1400000US25017338300|3423|338|112|69|23|27|0|14|0|14|0|14|0|14|0|14|5|7|6|18|0|14|0|14|0|14|12|19|0|14|0|14|89|63|0|14|0|14|0|14|0|14|0|14|0|14|0|14|0|14|0|14|30|46|0|14|0|14|59|41|3311|363|1568|200|77|46|19|21|134|71|113|61|97|57|45|39|43|27|127|62|99|46|282|84|217|70|160|78|155|90|1743|262|91|50|0|14|246|80|88|58|38|25|46|31|66|39|88|48|243|87|263|88|224|65|127|55|223|146
1400000US25017338400|6024|475|78|84|43|42|0|19|0|19|0|19|0|19|0|19|0|19|0|19|20|29|0|19|0|19|4|16|0|19|19|30|35|64|3|15|0|19|0|19|0|19|0|19|0|19|3|18|0|19|0|19|0|19|4|16|0|19|25|38|5946|468|3004|291|129|77|152|100|273|88|99|73|51|43|56|45|120|89|196|142|345|107|622|113|367|124|309|122|285|127|2942|300|116|59|26|31|255|88|175|71|32|30|210|121|103|96|103|92|314|71|598|106|346|95|420|143|244|109
1400000US25017338500|6004|578|383|342|136|171|0|19|0|19|0|19|0|19|0|19|0|19|28|39|0|19|0|19|100|163|0|19|1|2|7|13|247|206|0|19|0|19|58|89|29|44|0|19|0|19|0|19|0|19|30|45|0|19|11|17|8|13|111|103|5621|588|2741|274|297|128|82|48|303|83|125|78|0|19|110|64|166|106|108|73|446|120|363|88|402|97|186|71|153|99|2880|407|236|134|162|149|198|85|149|52|48|40|189|73|179|114|106|62|450|153|388|94|436|117|197|68|142|52
1400000US25017339101|3064|414|517|266|293|225|0|14|0|14|27|40|0|14|0|14|0|14|0|14|22|36|40|53|102|148|37|52|48|56|17|20|224|112|27|40|0|14|0|14|0|14|0|14|0|14|0|14|29|31|0|14|0|14|15|24|21|25|132|98|2547|400|998|280|16|26|17|29|0|14|0|14|0|14|0|14|26|22|200|131|218|213|123|65|149|69|176|92|73|47|1549|242|49|54|0|14|94|63|17|25|0|14|22|33|168|100|300|129|92|56|101|59|230|73|336|156|140|71
1400000US25017339102|3131|410|74|63|40|51|0|14|0|14|0|14|0|14|0|14|0|14|0|14|0|14|0|14|30|48|0|14|10|18|0|14|34|30|0|14|0|14|0|14|0|14|0|14|0|14|0|14|0|14|0|14|9|13|0|14|25|27|0|14|3057|402|1468|210|137|92|0|14|182|108|48|77|0|14|25|29|38|46|89|52|265|108|124|65|233|107|258|91|69|51|1589|269|48|56|16|27|117|93|46|54|12|19|14|22|66|65|191|97|242|139|182|92|276|89|211|82|168|94
1400000US25017339200|5606|631|214|140|83|79|0|19|0|19|0|19|0|19|0|19|0|19|15|26|25|40|0|19|19|22|0|19|24|40|0|19|131|115|0|19|0|19|0|19|0|19|0|19|0|19|0|19|87|107|0|19|22|39|20|21|1|4|1|5|5392|613|2486|348|86|75|18|26|75|69|79|64|20|34|63|60|93|81|338|182|450|135|427|176|329|117|326|209|182|81|2906|346|121|77|37|40|54|46|91|68|0|19|106|91|566|202|265|118|305|112|618|155|279|96|301|158|163|83
1400000US25017339300|3060|478|180|80|68|65|0|14|0|14|0|14|0|14|0|14|0|14|0|14|0|14|0|14|0|14|44|57|24|36|0|14|112|63|0|14|0|14|0|14|0|14|0|14|0|14|16|25|2|6|0|14|24|38|9|13|26|41|35|22|2880|515|1334|371|12|21|46|65|121|86|6|9|0|14|75|81|151|90|272|106|148|88|209|96|105|69|114|67|75|45|1546|259|45|38|0|14|31|31|51|43|25|38|19|31|215|131|162|82|324|100|185|73|153|79|204|92|132|53
1400000US25017339400|3762|924|591|189|119|50|0|14|0|14|0|14|0|14|0|14|0|14|65|37|25|29|12|19|0|14|0|14|17|23|0|14|472|189|0|14|0|14|0|14|0|14|0|14|0|14|335|171|18|19|0|14|4|6|28|26|21|26|66|65|3171|929|1672|483|32|30|0|14|59|34|35|43|39|53|0|14|139|98|664|283|178|72|89|50|241|209|167|68|29|28|1499|524|29|22|0|14|32|38|25|26|0|14|0|14|179|121|576|279|150|74|53|35|338|256|65|35|52|47
1400000US25017339500|3860|550|292|146|138|90|0|19|0|19|9|13|0|19|0|19|8|13|58|69|63|50|0|19|0|19|0|19|0|19|0|19|154|92|13|21|0|19|14|22|0|19|0|19|0|19|68|61|13|21|8|13|0|19|0|19|10|15|28|30|3568|548|1726|280|60|56|37|37|106|62|93|62|0|19|37|29|99|61|388|100|198|81|181|89|272|135|156|133|99|50|1842|370|56|54|0|19|97|51|27|36|0|19|27|30|308|161|361|149|185|59|194|68|212|203|246|125|129|69
1400000US25017339600|5174|877|441|269|224|194|0|19|0|19|0|19|10|19|0|19|30|44|133|156|17|27|0|19|0|19|7|12|13|22|14|22|217|179|0|19|0|19|11|19|0|19|0|19|0|19|68|82|19|32|65|74|0|19|0|19|54|85|0|19|4733|795|2415|516|37|57|0|19|86|58|18|29|0|19|16|26|217|117|944|351|396|170|378|340|219|148|104|98|0|19|2318|468|66|66|39|62|43|38|58|55|70|107|11|21|258|200|763|248|434|166|98|73|247|135|97|82|134|101
1400000US25017339700|3675|455|552|179|208|155|0|14|0|14|0|14|0|14|0|14|0|14|83|88|21|30|64|106|11|22|0|14|21|26|8|13|344|163|21|37|0|14|0|14|16|30|0|14|0|14|44|36|18|32|0|14|37|44|128|137|15|24|65|79|3123|458|1492|324|68|63|53|61|0|14|81|88|0|14|0|14|67|53|447|233|172|109|301|133|124|80|115|99|64|47|1631|333|49|53|10|19|72|63|47|48|11|22|0|14|227|94|469|172|95|66|232|127|52|50|218|145|149|95
1400000US25017339802|4769|568|461|316|207|143|91|79|69|60|0|14|0|14|0|14|0|14|0|14|2|5|18|29|0|14|6|13|21|34|0|14|254|180|77|67|0|14|60|53|0|14|0|14|0|14|0|14|80|63|0|14|0|14|0|14|19|31|18|28|4308|669|1657|349|83|81|0|14|17|29|30|45|21|36|17|28|29|47|511|191|284|106|311|215|120|56|124|68|110|98|2651|506|179|140|35|55|87|103|64|77|51|73|48|79|319|214|707|206|340|177|211|99|190|73|205|100|215|90
1400000US25017339803|3812|623|533|203|390|181|0|14|0|14|0|14|0|14|0|14|0|14|287|166|53|40|0|14|37|60|0|14|13|22|0|14|143|85|0|14|0|14|0|14|0|14|0|14|0|14|58|47|57|49|15|24|0|14|0|14|13|22|0|14|3279|649|1641|370|92|63|0|14|0|14|0|14|39|58|12|20|93|80|735|255|401|202|77|69|75|57|38|40|79|68|1638|450|0|14|0|14|0|14|0|14|49|37|0|14|61|71|878|305|170|87|161|92|144|179|150|59|25|25
1400000US25017339804|2580|622|45|43|24|35|0|14|0|14|0|14|0|14|0|14|1|2|0|14|0|14|0|14|0|14|23|35|0|14|0|14|21|24|0|14|0|14|0|14|0|14|0|14|0|14|10|21|5|8|0|14|0|14|0|14|0|14|6|10|2535|625|1320|335|46|43|0|14|82|124|21|24|0|14|71|106|105|83|369|167|106|77|110|55|221|152|145|99|44|35|1215|348|52|59|8|13|38|33|12|17|0|14|6|15|128|101|239|130|254|185|125|58|148|102|95|49|110|89
1400000US25017339900|5174|714|413|256|229|131|0|19|0|19|40|60|0|19|0|19|0|19|42|58|3|6|83|83|0|19|40|46|21|31|0|19|184|141|0|19|0|19|0|19|0|19|0|19|0|19|24|37|65|77|0|19|73|68|2|5|0|19|20|31|4761|700|2358|402|120|82|0|19|168|101|30|25|54|53|82|71|320|224|423|163|223|100|260|140|489|193|101|62|88|74|2403|413|83|58|0|19|117|75|43|56|12|21|0|19|252|173|309|140|345|137|328|162|471|171|296|159|147|75
1400000US25017340000|2701|475|110|66|67|43|0|14|0|14|0|14|0|14|0|14|0|14|7|11|7|15|0|14|19|28|34|35|0|14|0|14|43|38|0|14|0|14|0|14|0|14|0|14|0|14|0|14|15|23|0|14|0|14|0|14|11|18|17|26|2591|465|1341|323|166|124|10|21|95|38|90|80|0|14|43|52|88|54|340|107|178|97|80|55|89|70|92|75|70|38|1250|223|31|29|0|14|31|32|60|47|0|14|45|63|41|51|435|169|118|53|152|52|105|43|83|58|149|91
1400000US25017340100|6493|783|233|202|120|110|0|19|0|19|0|19|0|19|0|19|0|19|38|45|12|17|0|19|19|31|21|27|2|4|28|33|113|100|0|19|0|19|0|19|0|19|0|19|18|30|0|19|0|19|0|19|0|19|31|38|16|26|48|47|6260|820|3283|497|108|102|60|64|162|94|122|59|0|19|115|113|135|88|623|247|470|151|568|212|505|210|239|96|176|116|2977|429|110|89|0|19|277|154|54|57|0|19|43|55|99|80|496|187|490|166|463|133|505|272|266|102|174|117
1400000US25017341101|4083|699|393|191|236|158|0|14|0|14|0|14|0|14|0|14|0|14|71|76|130|125|1|3|0|14|0|14|34|46|0|14|157|81|0|14|0|14|0|14|0|14|0|14|0|14|21|34|66|55|19|31|0|14|0|14|51|44|0|14|3690|646|2079|401|80|70|109|85|129|88|34|32|25|30|73|52|119|86|340|142|348|127|149|68|404|190|173|80|96|41|1611|312|72|60|0|14|64|51|50|55|5|10|0|14|41|34|255|100|300|104|192|72|367|190|123|44|142|69
1400000US25017341102|5593|977|961|492|582|378|0|19|0|19|77|60|38|50|15|28|15|28|81|91|207|281|0|19|39|50|0|19|110|67|0|19|379|156|0|19|0|19|39|41|0|19|0|19|0|19|50|54|62|78|88|58|49|62|32|51|19|31|40|46|4632|928|2487|633|109|79|0|19|42|37|195|278|44|63|64|56|249|148|549|300|308|96|515|292|98|69|267|137|47|41|2145|404|130|114|0|19|16|26|28|34|23|38|48|73|258|117|368|150|404|132|285|283|240|107|211|99|134|113
1400000US25017341200|6969|969|986|448|598|345|0|19|0|19|222|148|0|19|0|19|0|19|61|84|49|60|157|131|55|74|5|9|33|38|16|27|388|179|0|19|0|19|0|19|0|19|0|19|49|59|0|19|0|19|161|116|11|18|65|79|72|95|30|35|5983|1035|2919|673|27|49|59|65|137|114|94|100|0|19|51|66|359|265|662|267|391|156|395|266|376|118|295|141|73|72|3064|481|141|99|46|74|161|106|243|218|0|19|128|133|40|52|412|150|378|134|494|261|448|185|226|89|347|208
1400000US25017341301|4287|571|859|340|469|238|0|14|0|14|0|14|0|14|0|14|0|14|78|67|302|212|0|14|16|26|0|14|14|25|59|71|390|198|0|14|0|14|0|14|0|14|0|14|0|14|213|171|111|75|5|16|0|14|0|14|43|66|18|28|3428|501|1974|305|66|57|25|35|82|59|23|32|0|14|23|32|152|99|788|227|336|161|187|133|137|74|18|29|137|92|1454|331|189|155|15|25|17|27|21|30|14|23|17|34|81|62|523|220|266|115|40|44|83|56|133|81|55|68
1400000US25017341302|2584|708|318|184|170|108|0|14|63|54|0|14|0|14|0|14|54|47|10|20|9|14|0|14|24|39|9|14|1|2|0|14|148|93|0|14|0|14|0|14|0|14|0|14|0|14|5|9|52|60|62|52|0|14|3|17|0|14|26|28|2266|753|1214|401|0|14|16|29|33|41|20|32|0|14|34|38|48|39|393|151|107|74|67|57|358|375|126|102|12|18|1052|398|18|31|4|11|35|35|12|22|8|14|26|35|18|31|186|67|146|63|121|73|348|367|82|49|48|41
1400000US25017341400|6603|997|675|570|251|324|0|19|121|190|0|19|0|19|0|19|0|19|0|19|0|19|130|148|0|19|0|19|0|19|0|19|424|300|0|19|0|19|37|62|0|19|0|19|0|19|0|19|229|213|137|207|0|19|0|19|0|19|21|34|5928|822|3000|510|477|179|19|39|21|36|0|19|0|19|24|40|85|82|1203|395|320|181|338|154|280|175|141|104|92|107|2928|447|221|147|0|19|119|126|121|114|0|19|22|45|245|167|804|209|387|169|187|111|345|162|304|148|173|95
1400000US25017341500|4775|813|450|191|224|119|19|30|0|14|0|14|23|26|30|43|31|43|0|14|29|24|0|14|0|14|21|25|36|48|35|43|226|108|15|25|0|14|0|14|0|14|0|14|0|14|10|17|9|14|55|48|62|58|9|14|37|47|29|31|4325|874|2334|512|150|85|28|42|111|82|10|16|99|91|139|114|138|65|562|209|303|116|392|163|200|93|151|111|51|36|1991|457|115|85|0|14|167|106|17|26|76|82|14|24|145|89|279|110|482|187|246|117|141|63|188|97|121|91
1400000US25017341600|6425|794|925|457|550|307|0|19|0|19|77|58|156|118|0|19|0|19|107|112|34|59|23|20|0|19|83|60|48|76|22|35|375|224|0|19|0|19|0|19|0|19|0|19|0|19|90|142|0|19|32|51|87|72|1|2|22|37|143|150|5500|764|2560|389|87|74|0|19|0|19|51|59|0|19|0|19|163|83|647|231|428|158|408|205|341|154|283|132|152|106|2940|553|143|122|0|19|59|60|146|179|0|19|203|256|157|89|503|203|370|164|567|241|301|136|231|91|260|120
1400000US25017341700|6144|958|410|174|142|103|0|19|0|19|0|19|0|19|0|19|1|2|53|63|0|19|18|29|0|19|0|19|53|50|17|28|268|125|0|19|0|19|0|19|0|19|0|19|0|19|38|44|18|28|0|19|76|92|0|19|47|39|89|66|5734|989|2656|505|174|69|89|83|357|224|55|50|0|19|37|59|411|262|304|123|309|145|410|196|198|117|182|101|130|98|3078|659|179|186|48|76|298|266|170|114|57|55|95|113|170|100|439|216|639|189|496|234|187|91|120|84|180|113
1400000US25017341800|6435|836|1266|439|637|264|0|19|88|112|47|78|26|50|113|95|0|19|62|78|6|15|0|19|148|108|77|104|62|86|8|16|629|215|0|19|0|19|108|93|0|19|0|19|0|19|0|19|5|12|27|42|232|128|165|117|39|61|53|49|5169|866|2701|606|217|155|0|19|185|131|115|151|11|18|0|19|473|409|310|151|223|159|576|205|400|214|102|85|89|87|2468|441|117|106|0|19|98|89|113|124|31|45|64|100|216|151|601|240|348|183|378|128|273|169|27|31|202|156
1400000US25017341901|1138|161|32|33|21|30|0|14|0|14|0|14|0|14|0|14|0|14|0|14|0|14|0|14|0|14|0|14|21|30|0|14|11|14|0|14|0|14|0|14|0|14|0|14|0|14|0|14|0|14|0|14|6|10|5|9|0|14|0|14|1106|154|507|77|20|20|0|14|56|32|10|12|0|14|25|19|54|41|40|31|90|37|78|43|83|37|15|15|36|25|599|110|29|24|25|29|32|24|18|16|0|14|7|10|9|15|123|49|79|30|95|43|98|41|64|43|20|19
1400000US25017341903|7110|895|768|482|506|402|247|296|0|19|0|19|14|24|0|19|0|19|83|110|34|55|52|64|0|19|35|43|17|28|24|29|262|125|0|19|0|19|0|19|13|23|0|19|0|19|0|19|27|43|143|97|31|36|13|22|0|19|35|40|6342|857|3554|654|550|350|0|19|82|78|31|36|0|19|41|55|370|254|1176|311|557|229|173|130|252|217|269|107|53|47|2788|435|83|66|4|21|17|24|49|71|0|19|8|15|310|178|1164|325|297|193|287|160|205|115|295|114|69|61
1400000US25017341904|3183|485|618|237|208|122|0|14|0|14|0|14|0|14|0|14|23|36|66|65|5|16|11|30|85|50|18|28|0|14|0|14|410|159|16|57|0|14|37|34|68|45|50|48|0|14|14|23|14|49|0|14|77|52|94|73|9|17|31|28|2565|562|1054|248|52|45|11|26|15|25|0|14|0|14|9|15|134|119|235|127|157|116|97|110|280|119|45|41|19|33|1511|348|81|94|0|14|142|78|122|65|8|18|0|14|73|95|272|158|161|66|195|117|162|90|82|76|213|105
1400000US25017342101|5376|928|1081|614|468|281|117|80|20|32|130|165|40|51|0|19|0|19|0|19|82|113|60|71|10|16|0|19|9|15|0|19|613|352|116|176|0|19|33|42|15|25|14|23|18|28|25|41|173|144|32|40|94|67|58|53|19|22|16|17|4295|755|2478|535|181|152|83|113|202|140|61|90|6|10|50|46|150|81|487|231|477|264|370|208|173|91|178|73|60|55|1817|345|45|38|0|19|90|74|0|19|0|19|30|36|191|136|551|235|132|71|291|143|196|84|215|101|76|44
1400000US25017342102|4830|570|443|206|248|138|0|14|0|14|10|21|0|14|0|14|36|56|14|29|52|66|49|49|0|14|31|34|48|78|8|13|195|114|0|14|0|14|0|14|0|14|0|14|11|18|8|17|39|60|26|34|11|17|77|82|0|14|23|17|4387|562|2503|426|77|71|44|54|320|132|117|69|55|56|45|52|175|89|553|259|284|150|288|104|392|200|88|51|65|54|1884|341|16|26|0|14|114|123|129|94|0|14|35|53|94|69|229|116|351|116|322|122|198|96|261|108|135|80
1400000US25017342201|5634|1123|655|312|347|237|16|26|0|19|0|19|53|87|0|19|31|49|36|59|78|60|122|126|9|17|2|5|0|19|0|19|308|203|53|65|0|19|49|58|0|19|0|19|0|19|0|19|65|63|66|62|20|28|38|60|0|19|17|25|4979|1158|2695|818|207|211|99|110|371|172|38|61|21|24|27|42|264|163|583|525|452|212|254|114|195|90|47|41|137|85|2284|444|73|69|0|19|169|110|0|19|38|60|54|63|223|215|653|267|313|121|328|159|217|77|112|71|104|51
1400000US25017342202|3931|578|378|260|122|143|47|68|0|14|0|14|51|73|0|14|0|14|2|5|0|14|0|14|2|5|0|14|2|4|18|23|256|136|0|14|0|14|0|14|0|14|0|14|0|14|39|54|14|21|81|79|11|18|51|57|11|18|49|36|3553|586|1755|330|147|102|54|86|0|14|17|27|8|15|43|44|210|104|281|170|270|147|198|111|367|182|99|69|61|45|1798|351|45|73|0|14|42|42|101|107|10|16|84|76|204|108|374|170|167|88|278|145|261|127|94|69|138|67
1400000US25017342301|3903|1081|113|93|14|24|0|14|0|14|0|14|0|14|0|14|0|14|0|14|0|14|0|14|0|14|0|14|0|14|14|24|99|90|0|14|0|14|0|14|0|14|0|14|0|14|0|14|0|14|27|43|0|14|26|45|46|56|0|14|3790|1085|2102|736|316|343|0|14|269|162|52|81|108|118|58|87|150|101|146|87|441|182|243|123|126|82|64|48|129|77|1688|437|105|88|57|92|101|108|31|49|0|14|37|44|244|195|155|108|296|116|213|103|239|102|68|65|142|62
1400000US25017342302|3624|574|426|255|278|155|17|27|0|14|0|14|11|20|11|20|0|14|0|14|47|80|0|14|75|119|9|15|108|83|0|14|148|162|0|14|0|14|0|14|0|14|0|14|0|14|17|23|46|77|37|42|0|14|47|79|1|3|0|14|3198|590|1656|459|156|115|0|14|61|60|53|64|0|14|87|88|151|93|287|209|384|164|197|114|110|120|120|98|50|46|1542|279|32|43|25|39|35|39|11|13|6|10|39|54|95|92|318|112|174|74|324|157|273|151|136|80|74|68
1400000US25017342401|3674|631|764|339|140|86|15|29|0|14|22|33|0|14|0|14|0|14|0|14|0|14|34|59|11|22|29|37|29|34|0|14|624|312|17|31|0|14|129|122|20|30|0|14|0|14|20|29|231|187|0|14|66|46|52|63|78|88|11|21|2910|684|1556|377|22|32|0|14|118|98|77|78|66|103|0|14|42|39|259|192|110|88|247|148|296|149|209|128|110|75|1354|423|36|69|0|14|62|61|41|70|54|85|0|14|18|30|182|111|225|158|299|189|209|131|125|73|103|69
1400000US25017342402|4362|1076|1773|940|903|418|108|79|0|14|82|82|163|172|59|76|99|151|101|90|12|18|178|109|0|14|43|56|58|70|0|14|870|572|118|118|0|14|192|161|59|58|0|14|61|97|15|22|51|63|292|204|8|14|10|12|8|15|56|64|2589|699|1735|639|68|51|0|14|27|28|0|14|0|14|0|14|56|52|583|292|610|326|252|255|66|54|66|69|7|14|854|169|0|14|0|14|8|14|7|13|18|26|0|14|160|87|317|127|136|66|29|30|99|41|52|66|28|26
1400000US25017342501|4703|638|558|351|280|192|0|14|0|14|20|36|0|14|0|14|0|14|0|14|132|130|78|106|13|46|27|49|10|16|0|14|278|205|0|14|0|14|59|82|0|14|0|14|53|62|0|14|1|3|62|86|40|47|52|58|10|15|1|2|4145|739|2273|480|83|71|0|14|183|143|233|158|49|62|44|46|226|159|218|121|429|182|251|137|256|110|187|81|114|77|1872|375|163|103|72|72|145|81|85|89|0|14|16|30|197|142|219|134|362|139|282|148|133|86|101|61|97|54
1400000US25017342502|3422|1032|671|329|344|176|99|65|0|14|0|14|0|14|9|16|0|14|0|14|72|69|127|101|0|14|0|14|37|39|0|14|327|188|73|72|0|14|51|76|0|14|0|14|0|14|50|70|62|63|56|88|7|12|0|14|23|22|5|8|2751|1022|1356|548|4|8|0|14|0|14|0|14|0|14|23|46|85|69|499|312|135|94|335|163|220|210|22|34|33|31|1395|588|41|56|0|14|0|14|70|70|49|65|0|14|183|209|228|110|6|11|485|312|202|242|29|34|102|75
1400000US25017342600|5594|805|671|415|332|214|52|82|0|19|0|19|0|19|36|20|35|19|63|37|0|19|113|99|12|20|21|34|0|19|0|19|339|238|90|102|0|19|60|51|0|19|0|19|0|19|28|15|65|75|80|79|16|29|0|19|0|19|0|19|4923|821|2673|445|141|92|27|41|321|196|66|70|28|44|70|70|159|81|512|176|434|146|407|238|247|113|215|150|46|36|2250|449|35|41|0|19|207|159|151|81|68|55|127|122|180|116|379|180|237|152|237|118|367|122|237|159|25|32
1400000US25017350105|1271|146|26|25|17|18|0|14|0|14|0|14|4|6|0|14|4|6|0|14|6|9|0|14|0|14|3|7|0|14|0|14|9|10|0|14|0|14|0|14|0|14|0|14|0|14|0|14|0|14|4|6|0|14|0|14|5|7|0|14|1245|150|646|96|15|11|0|14|14|14|7|11|0|14|13|10|109|65|184|69|59|26|51|25|104|41|52|36|38|22|599|99|4|7|0|14|9|9|12|15|0|14|7|11|44|30|191|60|45|23|43|22|84|40|70|45|90|50
1400000US25017350106|2165|283|226|106|155|83|0|14|0|14|0|14|0|14|0|14|0|14|39|33|79|77|21|32|6|10|10|19|0|14|0|14|71|45|0|14|0|14|0|14|0|14|0|14|0|14|35|32|30|27|0|14|0|14|6|9|0|14|0|14|1939|295|1048|176|57|39|0|14|0|14|0|14|0|14|0|14|94|58|549|129|184|71|42|35|109|58|13|15|0|14|891|168|49|42|0|14|37|31|10|15|0|14|0|14|151|96|399|100|142|47|38|20|34|42|31|3|0|14
1400000US25017350107|1334|334|104|69|30|36|0|14|0|14|0|14|0|14|0|14|0|14|10|17|0|14|0|14|20|30|0|14|0|14|0|14|74|57|0|14|0|14|0|14|0|14|0|14|0|14|48|42|0|14|0|14|0|14|0|14|26|36|0|14|1230|341|743|240|19|30|131|73|102|58|0|14|0|14|9|17|15|23|158|115|130|76|96|88|67|61|16|25|0|14|487|145|52|51|0|14|0|14|5|13|11|18|7|17|99|83|84|34|109|67|18|27|76|69|15|23|11|14
1400000US25017350108|3814|582|637|329|272|148|12|27|5|18|40|67|0|14|0|14|0|14|42|49|70|90|20|31|18|30|18|28|47|70|0|14|365|224|5|16|0|14|0|14|36|63|0|14|32|62|91|78|29|41|92|91|0|14|80|92|0|14|0|14|3177|527|1419|262|181|98|16|26|6|17|42|51|45|36|24|40|157|97|229|121|301|148|254|99|60|64|74|48|30|30|1758|384|5|16|0|14|70|55|26|36|0|14|29|40|158|144|465|160|170|67|449|235|182|100|174|144|30|30
1400000US25017350109|2473|663|122|78|62|51|0|14|0|14|0|14|0|14|0|14|0|14|16|25|23|37|0|14|2|6|7|12|14|18|0|14|60|46|0|14|0|14|0|14|0|14|0|14|0|14|32|49|0|14|16|25|4|7|0|14|8|12|0|14|2351|660|1452|478|65|76|0|14|60|90|32|43|0|14|13|22|219|150|508|260|190|97|91|60|118|77|141|130|15|23|899|301|37|53|0|14|0|14|13|22|0|14|0|14|29|25|250|120|141|86|92|56|69|47|56|46|212|206
1400000US25017350201|3017|558|334|205|103|101|0|14|0|14|0|14|0|14|0|14|0|14|41|44|52|54|0|14|0|14|0|14|0|14|10|15|231|166|0|14|0|14|0|14|0|14|0|14|50|75|32|60|33|41|2|4|60|72|32|51|12|18|10|15|2683|493|1514|334|37|53|0|14|0|14|0|14|0|14|14|24|107|106|516|257|325|136|265|193|128|80|64|46|58|40|1169|254|93|52|0|14|112|40|0|14|0|14|0|14|62|62|468|204|93|62|34|30|144|160|51|44|112|66
1400000US25017350202|4118|606|230|101|127|83|0|14|0|14|0|14|0|14|0|14|0|14|40|59|41|41|13|23|0|14|17|30|3|11|13|22|103|59|0|14|0|14|0|14|0|14|0|14|0|14|33|37|0|14|0|14|12|22|10|17|36|35|12|22|3888|617|1823|345|44|45|33|42|150|126|76|72|28|31|44|56|101|97|632|195|255|86|166|84|218|112|67|39|9|15|2065|341|152|100|7|12|48|49|46|42|17|24|32|28|265|154|656|155|234|81|202|94|266|92|102|61|38|38
1400000US25017350300|2931|396|423|271|100|73|15|24|0|14|0|14|0|14|0|14|0|14|15|23|3|7|16|26|3|10|26|37|22|26|0|14|323|255|0|14|0|14|16|26|0|14|0|14|0|14|0|14|15|25|56|60|140|219|65|57|0|14|31|42|2508|358|1279|231|57|43|0|14|64|50|18|17|0|14|10|16|71|57|474|126|302|97|122|64|122|75|33|29|6|9|1229|199|67|48|13|21|42|34|18|13|0|14|0|14|54|48|494|156|221|59|42|32|184|87|78|51|16|18
1400000US25017350400|5926|1016|364|183|113|77|0|19|0|19|0|19|0|19|0|19|0|19|0|19|34|35|41|41|20|29|17|20|0|19|1|6|251|161|0|19|0|19|0|19|0|19|0|19|14|22|81|131|81|60|14|23|21|35|0|19|0|19|40|61|5562|1035|2675|457|103|80|0|19|65|69|107|87|0|19|69|83|131|100|940|265|581|174|330|233|141|81|181|73|27|30|2887|739|188|112|0|19|75|59|0|19|0|19|0|19|586|499|879|280|470|114|381|229|179|77|84|54|45|67
1400000US25017350500|1655|224|84|47|20|22|0|14|0|14|0|14|0|14|0|14|0|14|0|14|14|17|3|7|3|7|0|14|0|14|0|14|64|44|0|14|0|14|0|14|0|14|0|14|0|14|0|14|36|33|0|14|6|9|0|14|16|21|6|8|1571|230|746|170|24|29|0|14|25|20|8|13|0|14|0|14|99|63|299|105|69|28|74|40|76|33|35|29|37|18|825|123|16|16|0|14|14|17|28|21|9|12|17|21|88|51|360|95|86|39|87|41|38|19|45|21|37|22
1400000US25017350600|2611|371|400|189|151|119|0|14|0|14|13|20|0|14|0|14|0|14|118|113|19|23|0|14|0|14|1|4|0|14|0|14|249|142|0|14|0|14|0|14|13|19|0|14|0|14|179|133|22|34|0|14|12|20|11|17|0|14|12|18|2211|317|1154|255|81|67|4|9|27|28|13|20|13|20|9|14|150|130|415|159|170|61|112|58|49|39|84|61|27|24|1057|152|87|53|17|26|33|31|17|20|0|14|0|14|44|38|413|121|194|81|27|25|79|62|94|41|52|36
1400000US25017350701|2845|433|309|188|154|132|0|14|0|14|0|14|0|14|0|14|0|14|121|121|5|10|0|14|5|9|0|14|0|14|23|37|155|143|0|14|0|14|0|14|0|14|0|14|0|14|120|141|12|19|0|14|0|14|0|14|14|17|9|16|2536|414|1349|360|29|35|0|14|0|14|25|35|0|14|0|14|112|86|442|154|259|112|341|348|59|51|73|47|9|15|1187|164|39|42|28|42|57|44|0|14|0|14|0|14|90|66|486|125|145|96|114|42|135|80|84|54|9|15
1400000US25017350702|3345|548|977|450|343|183|0|14|0|14|0|14|103|102|0|14|0|14|28|41|5|10|108|153|10|17|19|30|34|32|36|36|634|341|61|95|9|15|88|86|88|100|0|14|0|14|32|52|161|111|62|57|14|32|32|30|72|60|15|19|2368|471|1149|384|79|67|10|17|62|61|10|18|0|14|0|14|365|319|239|122|131|73|73|64|25|30|74|58|81|81|1219|230|28|36|0|14|58|51|4|12|0|14|9|15|142|143|247|127|200|106|85|52|86|78|208|125|152|90
1400000US25017350800|1944|229|92|54|38|27|0|14|0|14|0|14|0|14|0|14|0|14|6|10|12|12|11|19|5|8|0|14|4|8|0|14|54|36|0|14|0|14|0|14|0|14|0|14|0|14|17|24|13|15|14|17|0|14|5|7|5|8|0|14|1852|232|862|131|59|40|2|3|10|14|3|6|0|14|0|14|61|45|361|96|71|28|79|38|96|31|90|46|30|24|990|166|41|43|0|14|9|14|7|8|0|14|0|14|75|35|584|146|105|43|19|14|66|24|71|60|13|14
1400000US25017350900|3723|409|317|259|177|181|39|63|0|14|44|55|0|14|0|14|0|14|29|27|16|24|7|11|42|64|0|14|0|14|0|14|140|88|0|14|0|14|0|14|0|14|0|14|0|14|45|35|24|25|58|74|0|14|0|14|13|21|0|14|3406|306|1708|196|93|61|13|15|54|33|38|29|15|23|22|35|72|43|670|159|343|107|156|75|156|68|29|27|47|23|1698|206|46|44|0|14|47|25|0|14|0|14|0|14|128|70|728|210|329|118|87|47|157|76|114|57|62|34
1400000US25017351001|4045|614|320|140|76|50|0|14|0|14|0|14|0|14|0|14|0|14|24|25|17|20|10|14|0|14|8|13|0|14|17|27|244|132|0|14|0|14|0|14|0|14|0|14|0|14|112|117|82|48|0|14|0|14|25|29|0|14|25|30|3725|595|1883|376|8|12|0|14|0|14|0|14|0|14|0|14|306|186|787|256|405|136|160|99|114|78|78|72|25|37|1842|520|57|60|0|14|123|39|12|18|0|14|0|14|93|73|875|482|364|153|22|27|131|92|78|60|87|71
1400000US25017351002|2739|446|160|102|64|46|0|14|0|14|15|23|0|14|0|14|0|14|0|14|17|24|30|32|0|14|0|14|0|14|2|7|96|73|0|14|0|14|0|14|14|22|0|14|14|22|13|23|24|27|9|14|20|24|1|3|1|3|0|14|2579|443|1420|367|59|60|0|14|66|64|0|14|0|14|0|14|23|27|585|327|375|108|124|28|68|65|79|57|41|46|1159|230|173|66|0|14|32|33|0|14|0|14|0|14|79|101|396|146|230|93|131|56|0|14|84|70|34|42
1400000US25017351101|3320|462|242|99|85|46|0|14|0|14|0|14|0|14|0|14|0|14|25|39|0|14|0|14|0|14|54|53|6|11|0|14|157|96|0|14|0|14|0|14|0|14|0|14|0|14|0|14|53|41|0|14|40|59|34|45|13|19|17|23|3078|444|1476|206|33|39|0|14|34|38|53|48|0|14|56|37|62|54|617|200|210|78|157|77|134|79|91|46|29|27|1602|314|46|40|0|14|26|29|39|39|0|14|27|49|96|85|535|192|261|81|168|84|163|84|129|61|112|75
1400000US25017351102|2081|565|98|77|62|51|0|14|0|14|0|14|0|14|0|14|0|14|16|25|30|44|0|14|2|6|10|15|0|14|4|17|36|50|0|14|0|14|0|14|0|14|0|14|0|14|0|14|4|7|0|14|0|14|9|13|0|14|23|47|1983|557|923|252|31|30|7|11|9|12|9|15|0|14|0|14|36|36|447|205|207|92|64|25|15|15|94|53|4|6|1060|350|83|73|41|69|23|26|0|14|0|14|8|14|102|73|399|251|158|78|97|48|30|23|49|48|70|62
1400000US25017351203|4290|597|334|149|138|74|0|14|0|14|0|14|0|14|0|14|22|33|42|41|37|48|3|6|10|15|17|22|2|6|5|8|196|105|0|14|0|14|0|14|0|14|0|14|0|14|50|57|17|26|20|32|62|72|0|14|36|50|11|19|3956|584|1817|480|26|20|0|14|13|17|28|34|0|14|0|14|118|84|738|212|594|405|98|58|114|82|61|39|27|42|2139|385|82|61|17|26|27|31|0|14|0|14|32|37|236|121|1035|348|262|91|155|105|181|100|62|62|50|51
1400000US25017351204|3981|448|318|225|118|131|0|14|0|14|0|14|0|14|0|14|0|14|78|123|11|18|0|14|0|14|18|28|11|18|0|14|200|186|0|14|0|14|0|14|0|14|0|14|13|20|86|129|82|80|0|14|8|15|0|14|11|17|0|14|3663|425|1623|257|48|43|11|18|0|14|21|24|0|14|0|14|119|65|748|228|287|89|196|75|102|69|82|43|9|13|2040|287|78|47|30|27|121|87|27|30|0|14|0|14|312|170|774|189|175|72|305|99|113|58|43|28|62|31
1400000US25017351300|4394|643|321|144|124|72|0|14|0|14|0|14|0|14|0|14|0|14|0|14|22|33|0|14|0|14|0|14|47|63|55|40|197|122|0|14|0|14|0|14|0|14|0|14|0|14|0|14|24|32|15|25|24|40|0|14|77|61|57|65|4073|659|2067|532|81|127|45|66|34|47|74|120|0|14|87|140|361|315|347|165|267|140|352|141|254|121|78|72|87|57|2006|286|16|26|33|52|107|80|33|36|0|14|59|59|126|114|751|216|344|163|203|120|211|110|83|60|40|61
1400000US25017351403|3822|506|688|254|278|156|0|14|0|14|0|14|0|14|0|14|0|14|43|50|136|124|11|19|9|14|19|24|26|24|34|48|410|213|0|14|28|51|28|51|0|14|0|14|0|14|90|103|61|48|5|14|131|94|20|31|30|40|17|18|3134|471|1585|295|51|53|0|14|25|31|0|14|23|36|0|14|31|33|674|175|369|143|94|105|121|90|163|101|34|29|1549|287|37|43|0|14|99|103|0|14|13|22|0|14|121|90|410|96|256|145|117|70|269|106|116|64|111|107
1400000US25017351404|3604|433|359|179|231|128|0|14|0|14|13|22|11|19|0|14|0|14|51|58|72|57|20|34|0|14|57|61|7|20|0|14|128|98|0|14|0|14|0|14|0|14|0|14|0|14|51|59|39|59|16|26|0|14|11|17|5|8|6|17|3245|421|1860|288|17|30|0|14|77|70|78|49|36|44|33|39|251|149|574|168|311|131|209|103|100|77|30|39|144|78|1385|238|55|53|0|14|45|43|0|14|0|14|19|35|200|89|383|153|203|67|204|70|83|95|177|64|16|19
1400000US25017351500|2517|365|428|200|146|83|0|14|0|14|0|14|0|14|0|14|0|14|11|17|37|45|2|6|2|5|38|49|17|20|39|36|282|207|0|14|0|14|0|14|0|14|0|14|0|14|88|115|12|22|0|14|44|69|34|40|83|73|21|34|2089|365|1044|202|61|35|0|14|38|49|47|44|0|14|0|14|60|56|438|109|148|95|77|56|120|77|33|24|22|21|1045|239|45|63|0|14|0|14|0|14|0|14|0|14|51|46|366|137|202|108|76|42|148|82|89|57|68|55
1400000US25017352101|3218|404|386|193|248|184|18|28|0|14|0|14|0|14|0|14|0|14|131|174|54|55|32|36|0|14|13|15|0|14|0|14|138|61|0|14|0|14|0|14|0|14|0|14|0|14|33|32|34|33|18|29|23|25|0|14|19|29|11|17|2832|435|1609|275|39|32|13|20|2|7|0|14|2|17|0|14|119|83|968|250|270|112|80|50|69|53|39|37|8|11|1223|252|58|46|12|20|0|14|0|14|3|17|0|14|210|135|432|161|211|98|146|90|54|45|50|34|47|49
1400000US25017352102|2849|602|233|117|58|44|0|14|0|14|0|14|0|14|0|14|0|14|21|29|15|16|0|14|4|9|0|14|9|14|9|14|175|100|0|14|0|14|8|18|0|14|0|14|0|14|88|104|34|50|4|9|0|14|0|14|15|18|26|4|2616|615|1365|501|99|96|11|17|11|32|0|14|18|21|8|16|162|100|410|178|276|155|95|68|177|66|32|31|66|38|1251|255|53|35|7|11|37|41|0|14|4|8|0|14|131|88|273|142|239|113|64|38|221|112|101|48|121|53
1400000US25017352200|1894|393|457|289|108|56|0|14|0|14|5|9|0|14|0|14|0|14|3|5|32|30|0|14|3|5|45|49|11|17|9|13|349|283|2|4|0|14|0|14|0|14|0|14|5|8|205|209|79|80|0|14|0|14|38|39|0|14|20|31|1437|206|695|140|6|10|0|14|0|14|21|28|21|29|0|14|102|106|225|83|109|56|30|27|47|55|73|53|61|59|742|145|75|58|38|37|19|23|7|13|8|12|0|14|47|41|232|97|87|45|23|23|143|84|39|30|24|25
1400000US25017352300|4657|506|251|166|106|99|0|14|0|14|0|14|0|14|0|14|0|14|57|89|37|43|0|14|12|15|0|14|0|14|0|14|145|90|0|14|0|14|0|14|0|14|0|14|0|14|73|66|9|15|38|42|13|20|0|14|12|16|0|14|4406|497|2467|377|176|96|39|61|46|44|54|45|22|35|0|14|367|173|807|185|432|204|264|109|141|76|92|54|27|46|1939|276|66|49|27|36|23|25|15|24|12|20|40|43|86|54|702|191|396|120|208|74|140|65|142|76|82|66
1400000US25017352400|1801|285|401|195|169|93|46|45|0|14|14|16|14|16|0|14|0|14|32|26|4|6|33|29|11|15|0|14|15|21|0|14|232|119|1|2|0|14|53|43|0|14|11|15|0|14|15|20|81|52|20|20|10|14|26|26|15|23|0|14|1400|297|748|226|64|48|4|7|29|29|57|58|22|36|6|9|140|67|164|75|96|63|72|38|45|35|38|24|11|15|652|129|40|35|20|24|16|18|9|14|0|14|8|12|59|40|161|51|104|67|96|55|51|32|66|42|22|22
1400000US25017352500|2980|410|290|112|141|70|0|14|0|14|11|17|0|14|0|14|0|14|62|57|55|46|4|7|9|16|0|14|0|14|0|14|149|78|0|14|0|14|0|14|26|34|0|14|0|14|12|19|45|37|10|17|0|14|31|24|25|31|0|14|2690|426|1460|335|29|25|0|14|34|33|35|29|16|25|0|14|181|90|522|164|143|57|121|55|223|161|60|54|96|130|1230|212|27|28|0|14|33|29|18|25|10|20|16|25|327|161|343|134|109|46|56|34|169|80|87|38|35|29
1400000US25017352600|3091|478|563|365|187|116|27|32|0|14|0|14|0|14|0|14|0|14|90|85|22|32|11|16|29|33|0|14|0|14|8|18|376|278|10|16|0|14|26|30|0|14|0|14|65|108|107|75|41|38|28|32|78|109|8|18|0|14|13|15|2528|365|1065|192|17|21|5|9|52|44|0|14|0|14|0|14|79|63|480|149|251|98|21|25|62|38|55|30|43|38|1463|291|43|56|33|50|16|26|64|63|0|14|0|14|336|215|440|141|195|71|83|52|119|48|98|45|36|39
1400000US25017352700|2102|396|449|260|212|143|0|14|0|14|36|46|0|14|0|14|0|14|46|36|108|107|0|14|0|14|22|33|0|14|0|14|237|138|7|11|0|14|0|14|0|14|0|14|0|14|74|50|64|108|31|40|16|34|15|29|1|2|29|27|1653|369|821|192|51|52|0|14|37|47|15|22|8|12|23|36|75|75|238|110|151|80|113|72|33|41|54|25|23|27|832|231|69|59|28|44|75|60|0|14|0|14|39|49|58|46|315|109|67|47|82|65|47|48|45|20|7|11
1400000US25017352800|1887|347|115|49|66|38|0|14|0|14|0|14|0|14|0|14|0|14|13|19|21|20|3|6|0|14|0|14|21|27|8|10|49|28|0|14|0|14|0|14|0|14|0|14|0|14|30|25|14|13|0|14|0|14|5|8|0|14|0|14|1772|339|885|226|25|25|0|14|74|42|38|58|0|14|7|10|23|22|352|104|187|96|80|41|51|49|40|19|8|10|887|148|25|18|4|7|60|27|26|23|36|39|11|17|82|39|277|89|114|41|73|34|90|61|69|32|20|17
1400000US25017352900|3096|417|142|108|33|47|14|22|0|14|0|14|0|14|0|14|0|14|0|14|0|14|15|24|1|4|3|7|0|14|0|14|109|73|0|14|0|14|16|24|0|14|0|14|0|14|26|34|50|47|15|23|2|8|0|14|0|14|0|14|2954|399|1442|270|44|40|44|33|116|78|12|19|0|14|0|14|119|71|434|130|134|56|178|80|127|64|144|117|90|49|1512|200|46|37|0|14|46|35|26|29|8|13|13|20|126|99|260|79|180|69|229|87|141|61|358|125|79|54
1400000US25017353000|2923|400|442|222|236|131|0|14|0|14|0|14|34|52|0|14|0|14|53|62|101|81|0|14|0|14|29|39|19|19|0|14|206|118|0|14|0|14|0|14|29|38|0|14|0|14|43|42|54|68|8|12|60|57|4|9|8|15|0|14|2481|408|1169|261|92|109|0|14|0|14|0|14|0|14|0|14|76|62|614|181|129|67|68|55|72|52|93|60|25|24|1312|236|21|32|0|14|25|39|0|14|0|14|0|14|131|107|573|163|183|90|32|35|65|50|144|70|138|71
1400000US25017353101|3371|388|924|312|380|198|70|107|0|14|0|14|0|14|0|14|0|14|118|119|70|54|6|16|39|63|42|56|8|14|27|28|544|210|29|51|0|14|130|84|0|14|0|14|0|14|77|74|237|102|0|14|0|14|10|16|30|32|31|114|2447|411|1392|340|65|61|0|14|31|58|0|14|0|14|0|14|147|93|524|163|276|110|152|85|105|71|65|78|27|31|1055|211|27|38|0|14|0|14|0|14|0|14|0|14|228|115|369|148|120|60|40|51|125|45|69|47|77|68
1400000US25017353102|780|112|180|65|139|59|7|6|0|19|0|19|0|19|0|19|0|19|35|36|87|47|6|10|0|19|0|19|4|6|0|19|41|20|8|7|0|19|0|19|0|19|0|19|0|19|13|13|13|12|0|19|0|19|0|19|7|10|0|19|600|140|322|77|16|14|0|19|14|15|0|19|0|19|0|19|40|32|227|69|6|9|8|6|0|19|8|7|3|5|278|97|10|18|0|19|11|11|0|19|0|19|0|19|38|25|144|67|53|34|0|19|4|6|7|7|11|16
1400000US25017353200|3868|419|467|184|304|150|12|21|0|19|17|23|17|23|0|19|18|24|13|20|36|42|78|118|42|36|22|25|29|28|20|23|163|95|10|17|0|19|15|20|0|19|0|19|0|19|44|37|16|19|8|14|20|20|0|19|0|19|50|69|3401|432|1546|216|60|39|7|12|53|42|28|26|0|19|5|10|154|85|581|139|193|82|143|59|146|67|93|50|83|89|1855|316|43|28|9|13|82|57|88|76|11|15|40|37|120|84|453|156|312|105|197|92|199|89|158|102|143|61
1400000US25017353300|4232|631|280|149|148|100|11|18|0|14|0|14|0|14|0|14|0|14|16|21|41|33|10|14|4|7|63|78|2|4|1|3|132|93|0|14|0|14|0|14|0|14|0|14|0|14|9|14|26|28|67|92|3|4|25|26|2|6|0|14|3952|560|1956|324|120|65|12|19|125|70|24|27|11|17|7|12|189|106|506|151|237|112|315|119|194|141|107|68|109|65|1996|425|76|44|22|19|121|155|0|14|18|20|11|17|163|98|563|171|302|89|228|115|133|63|199|168|160|67
1400000US25017353600|3329|474|482|270|265|197|0|14|0|14|0|14|0|14|0|14|38|54|61|98|98|74|10|14|47|53|2|5|0|14|9|15|217|122|0|14|0|14|0|14|10|15|0|14|0|14|75|88|59|46|16|23|0|14|57|75|0|14|0|14|2847|474|1434|268|23|20|5|7|39|39|90|54|40|33|9|15|68|49|429|166|325|126|98|45|64|56|162|81|82|39|1413|255|62|35|0|14|65|43|0|14|0|14|32|29|39|33|465|169|176|69|138|68|163|92|184|75|89|46
1400000US25017353700|3268|528|495|122|202|89|0|19|0|19|0|19|0|19|0|19|9|14|79|68|53|51|44|37|0|19|17|31|0|19|0|19|293|118|0|19|0|19|0|19|0|19|0|19|0|19|96|63|167|103|8|12|0|19|0|19|14|68|8|13|2773|506|1378|282|17|22|4|15|41|42|26|25|54|49|82|111|34|34|439|137|152|63|170|84|146|118|149|61|64|58|1395|303|87|75|0|19|0|19|0|19|0|19|0|19|143|115|475|198|186|86|169|71|158|112|111|54|66|45
1400000US25017353800|4237|622|365|190|131|102|0|14|0|14|0|14|0|14|0|14|0|14|41|48|26|38|0|14|43|66|21|36|0|14|0|14|234|164|0|14|0|14|0|14|0|14|0|14|0|14|50|69|123|101|0|14|0|14|15|25|46|40|0|14|3872|609|2036|453|119|125|0|14|102|86|0|14|16|25|0|14|131|81|785|257|206|100|131|74|143|81|334|277|69|52|1836|329|27|36|0|14|39|34|0|14|0|14|44|57|225|109|558|174|442|218|82|61|246|121|139|89|34|33
1400000US25017353900|2692|432|768|287|360|179|8|13|0|19|19|23|0|19|0|19|0|19|91|77|196|151|21|22|14|21|0|19|11|31|0|19|408|211|0|19|10|16|0|19|0|19|0|19|0|19|193|170|154|91|42|38|0|19|0|19|9|16|0|19|1924|373|894|228|83|70|10|16|43|41|9|16|0|19|0|19|59|63|325|128|236|104|43|48|0|19|47|47|39|47|1030|232|62|44|12|10|32|32|0|19|0|19|0|19|33|39|568|167|183|87|14|22|17|19|101|109|8|14
1400000US25017354000|3681|530|800|453|267|210|109|161|0|14|0|14|0|14|0|14|0|14|31|46|78|68|0|14|49|72|0|14|0|14|0|14|533|274|0|14|0|14|0|14|96|143|0|14|0|14|165|130|161|94|83|96|0|14|17|26|0|14|11|14|2881|334|1296|212|54|37|0|14|48|41|0|14|0|14|0|14|28|31|544|152|143|70|109|106|77|54|150|79|143|56|1585|212|114|80|0|14|22|27|0|14|14|17|0|14|163|85|570|145|246|109|99|57|58|44|180|73|119|50
1400000US25017354100|2010|252|115|79|33|27|0|14|0|14|0|14|0|14|0|14|0|14|4|6|14|17|6|13|0|14|9|18|0|14|0|14|82|72|0|14|0|14|0|14|0|14|0|14|0|14|0|14|42|56|0|14|0|14|26|42|14|20|0|14|1895|252|992|153|29|27|0|14|41|43|12|17|0|14|11|17|22|25|338|107|103|58|91|45|35|34|120|57|190|90|903|145|34|30|0|14|22|23|11|16|0|14|19|22|10|16|156|58|100|50|72|60|79|40|159|64|241|83
1400000US25017354200|3302|484|192|125|72|59|0|14|0|14|8|12|0|14|0|14|0|14|39|54|0|14|7|11|0|14|10|15|0|14|8|12|120|84|1|3|0|14|0|14|0|14|0|14|0|14|0|14|14|21|7|10|1|3|35|49|59|64|3|4|3110|507|1433|264|95|59|22|24|167|108|40|29|5|9|33|29|43|50|144|79|92|49|180|89|194|57|237|81|181|54|1677|336|149|151|0|14|165|104|21|25|8|14|23|21|59|57|127|68|198|87|159|63|172|70|442|201|154|55
1400000US25017354300|3370|427|210|115|90|65|0|14|0|14|0|14|0|14|0|14|53|57|0|14|0|14|0|14|0|14|33|35|0|14|4|14|120|83|0|14|0|14|0|14|0|14|20|30|0|14|18|31|9|19|19|28|0|14|9|14|10|15|35|43|3160|440|1631|307|65|64|0|14|201|85|7|12|36|36|22|23|82|59|225|130|269|103|268|79|178|78|260|95|18|21|1529|221|125|78|22|36|78|55|24|27|0|14|9|16|122|83|214|87|301|99|202|90|183|75|193|100|56|34
1400000US25017354400|1865|245|118|58|48|31|0|14|0|14|5|8|0|14|0|14|0|14|14|18|13|13|0|14|4|6|0|14|9|11|3|6|70|43|8|13|0|14|0|14|4|7|0|14|0|14|8|12|28|28|0|14|4|8|10|16|0|14|8|8|1747|240|847|181|33|25|20|17|37|23|24|23|13|14|44|57|60|35|119|53|101|40|158|75|130|54|84|35|24|14|900|140|18|17|12|13|37|24|18|17|18|20|24|18|73|56|128|56|140|69|121|39|104|33|132|51|75|26
1400000US25017354500|2027|361|69|34|39|28|0|14|0|14|0|14|0|14|0|14|0|14|30|25|0|14|0|14|0|14|0|14|9|14|0|14|30|20|0|14|0|14|0|14|0|14|0|14|0|14|20|19|6|9|0|14|0|14|0|14|0|14|4|7|1958|359|819|146|49|32|32|22|26|24|16|21|0|14|0|14|26|23|159|69|117|42|126|72|86|33|91|61|91|25|1139|253|35|33|7|11|111|75|42|35|0|14|98|89|62|35|170|58|129|44|125|76|122|68|110|43|128|55
1400000US25017354601|1628|233|322|147|50|43|0|14|0|14|0|14|0|14|0|14|0|14|9|14|7|14|14|24|0|14|7|16|13|23|0|14|272|146|0|14|0|14|0|14|0|14|0|14|0|14|200|140|20|22|0|14|6|10|10|17|0|14|36|33|1306|249|734|150|28|28|21|38|90|85|31|35|8|14|4|12|104|94|196|77|72|56|111|48|12|19|51|52|6|10|572|145|0|14|0|14|35|35|0|14|0|14|16|18|77|74|130|50|147|88|90|65|16|18|55|53|6|10
1400000US25017354602|4392|758|439|225|178|119|0|14|0|14|0|14|14|22|0|14|42|61|8|16|38|45|0|14|10|16|0|14|66|78|0|14|261|147|0|14|0|14|0|14|10|16|18|31|0|14|113|92|0|14|20|32|62|64|9|16|29|33|0|14|3953|835|1961|604|116|77|2|9|364|398|56|51|9|15|42|57|35|35|267|130|519|210|148|63|213|105|98|76|92|48|1992|362|220|134|14|23|171|75|20|24|0|14|89|84|151|114|194|93|517|213|243|116|126|67|126|62|121|67
1400000US25017354700|2878|277|195|167|42|46|0|14|0|14|0|14|0|14|0|14|0|14|4|6|0|14|0|14|0|14|38|46|0|14|0|14|153|144|0|14|0|14|0|14|0|14|0|14|0|14|100|148|9|15|6|9|2|5|0|14|18|19|18|18|2683|316|1410|226|14|22|0|14|96|60|37|29|0|14|41|33|220|137|302|122|199|59|94|46|151|59|233|105|23|22|1273|170|28|32|7|11|59|39|30|24|26|24|13|19|87|49|291|104|238|72|117|50|153|66|110|46|114|66
1400000US25017354800|2290|368|210|88|71|46|0|14|0|14|25|36|0|14|0|14|0|14|0|14|19|17|10|16|0|14|17|18|0|14|0|14|139|70|0|14|0|14|0|14|0|14|0|14|18|28|46|39|33|25|11|17|0|14|30|29|0|14|1|2|2080|343|814|128|21|20|0|14|15|14|16|20|0|14|29|36|48|29|270|102|103|47|71|37|93|36|80|35|68|41|1266|273|44|26|32|29|22|18|12|19|6|14|13|16|79|63|559|215|110|52|123|48|82|43|145|28|39|27
1400000US25017354901|3112|596|247|282|215|250|31|52|0|14|112|174|0|14|0|14|0|14|0|14|60|95|0|14|0|14|1|2|11|28|0|14|32|39|0|14|0|14|0|14|0|14|0|14|0|14|0|14|0|14|21|34|11|19|0|14|0|14|0|14|2865|496|1547|257|96|79|30|40|10|16|0|14|0|14|0|14|81|56|789|233|353|162|108|74|31|36|49|28|0|14|1318|301|37|39|0|14|10|15|8|20|0|14|0|14|104|60|750|270|228|128|120|41|37|36|24|35|0|14
1400000US25017354902|5482|800|934|468|499|274|26|43|0|19|153|116|16|49|0|19|16|26|59|79|26|36|87|68|23|53|11|18|0|19|82|119|435|231|42|57|0|19|2|36|2|36|34|39|4|48|42|53|9|28|84|61|9|15|6|16|101|118|100|88|4548|762|2260|616|126|96|0|19|77|79|24|39|37|48|111|112|333|204|488|328|332|117|177|83|303|144|183|87|69|58|2288|378|94|83|0|19|87|64|88|57|58|78|76|52|144|103|360|158|335|152|450|167|245|105|149|82|202|116
1400000US25017355000|3299|465|201|90|96|68|0|14|0|14|0|14|0|14|0|14|0|14|63|61|0|14|0|14|0|14|0|14|22|26|11|17|105|51|0|14|0|14|0|14|0|14|0|14|0|14|0|14|40|37|12|20|0|14|25|24|11|17|17|32|3098|462|1628|349|31|46|22|25|59|37|42|41|0|14|38|37|132|109|537|174|277|101|96|57|231|158|89|45|74|42|1470|196|63|46|9|15|110|49|0|14|12|20|12|17|75|47|458|115|271|154|118|64|162|82|111|56|69|45
1400000US25017356100|3629|457|75|42|50|34|0|14|0|14|0|14|0|14|0|14|0|14|5|7|0|14|17|18|17|21|0|14|11|17|0|14|25|23|0|14|0|14|0|14|0|14|0|14|0|14|0|14|0|14|0|14|0|14|7|11|10|16|8|13|3554|466|1594|189|161|101|12|18|106|41|17|20|8|14|24|26|71|58|440|133|266|74|180|74|140|67|45|31|124|59|1960|395|181|159|0|14|142|86|0|14|17|24|75|47|55|32|511|169|405|149|256|67|92|49|107|53|119|67
1400000US25017356300|5546|630|203|163|103|83|0|19|0|19|0|19|0|19|0|19|0|19|1|2|0|19|0|19|1|3|32|49|69|72|0|19|100|100|0|19|0|19|0|19|31|47|0|19|0|19|0|19|19|31|0|19|30|47|0|19|20|32|0|19|5343|655|2649|379|76|44|0|19|176|109|159|113|43|49|52|49|125|87|745|280|395|170|366|135|298|150|134|84|80|62|2694|399|86|64|21|34|123|62|79|58|0|19|46|52|111|82|817|333|478|105|466|159|203|79|66|61|198|99
1400000US25017356400|7507|758|448|246|146|102|0|19|0|19|0|19|0|19|0|19|0|19|48|74|1|3|0|19|23|36|0|19|0|19|74|60|302|185|0|19|0|19|0|19|0|19|0|19|0|19|0|19|0|19|0|19|79|97|32|37|124|136|67|55|7059|786|3329|400|189|91|59|52|226|88|215|111|106|143|177|97|156|95|272|122|359|144|605|168|380|112|391|111|194|70|3730|516|113|59|87|52|234|113|338|317|52|41|143|76|100|80|463|163|457|136|724|209|379|125|338|120|302|102
1400000US25017356500|7173|644|362|201|151|92|7|14|0|19|0|19|0|19|0|19|0|19|0|19|0|19|3|7|21|33|81|73|14|23|25|33|211|139|0|19|0|19|20|32|20|32|0|19|0|19|0|19|12|18|0|19|41|48|43|68|0|19|75|59|6811|673|3459|404|150|79|77|62|341|138|158|86|31|33|66|49|88|64|365|127|594|132|554|220|348|122|419|131|268|150|3352|450|180|91|18|30|270|119|141|80|38|40|84|66|184|109|460|188|487|126|545|192|352|109|363|118|230|123
1400000US25017356601|4178|388|224|166|129|100|0|14|0|14|0|14|0|14|21|32|25|37|0|14|16|25|2|4|28|39|29|43|8|14|0|14|95|84|0|14|0|14|9|13|0|14|23|35|0|14|14|24|0|14|8|13|24|37|17|20|0|14|0|14|3954|392|1807|232|53|36|8|13|96|48|81|64|0|14|32|33|116|63|316|145|265|97|255|72|331|123|194|71|60|39|2147|257|34|27|15|20|240|78|55|41|28|45|23|39|118|67|186|79|311|91|340|82|353|127|312|120|132|66
1400000US25017356602|4289|603|237|277|153|202|0|14|0|14|0|14|0|14|0|14|0|14|59|100|13|21|0|14|6|9|62|100|0|14|13|20|84|83|0|14|0|14|0|14|0|14|0|14|0|14|0|14|0|14|0|14|46|75|12|18|11|19|15|19|4052|526|1692|202|109|57|22|23|113|45|68|38|0|14|20|21|119|81|144|83|238|64|375|121|198|71|141|79|145|63|2360|420|128|73|22|21|233|110|119|104|17|19|71|34|27|24|187|92|359|114|261|79|518|253|256|116|162|63
1400000US25017356701|6267|568|477|194|210|131|0|19|0|19|17|28|22|34|0|19|21|33|45|66|55|61|25|43|0|19|20|28|5|12|0|19|267|134|0|19|0|19|21|32|0|19|0|19|0|19|67|93|12|25|34|28|21|33|40|38|27|32|45|41|5790|602|2863|424|130|82|0|19|143|87|131|90|0|19|51|47|120|92|814|294|496|129|342|120|272|107|240|139|124|73|2927|376|176|91|0|19|161|84|27|42|51|51|14|24|123|86|615|220|613|135|294|107|423|134|228|87|202|79
1400000US25017356703|3125|425|344|210|128|90|0|14|0|14|0|14|0|14|0|14|0|14|0|14|2|11|10|17|12|19|14|22|71|82|19|23|216|172|0|14|0|14|0|14|0|14|0|14|13|21|21|34|10|15|13|22|105|152|0|14|54|56|0|14|2781|400|1272|191|118|73|0|14|56|53|73|58|0|14|58|47|39|44|153|81|96|64|155|78|183|98|158|68|183|93|1509|322|14|26|0|14|32|31|20|31|21|32|135|122|147|123|95|54|156|80|167|75|335|116|274|107|113|65
1400000US25017356704|3989|506|99|70|68|63|0|14|0|14|0|14|0|14|0|14|0|14|31|52|0|14|0|14|5|16|24|28|0|14|8|12|31|26|0|14|0|14|0|14|0|14|0|14|0|14|0|14|0|14|0|14|12|22|0|14|8|13|11|20|3890|505|2014|326|105|67|12|19|189|126|100|85|91|78|22|24|163|92|219|97|195|69|510|198|156|76|193|71|59|41|1876|280|117|70|51|57|121|68|82|107|0|14|38|40|61|50|197|85|313|92|317|143|262|93|211|57|106|67
1400000US25017357100|5103|436|107|73|22|28|0|19|0|19|0|19|0|19|0|19|18|29|0|19|3|6|0|19|0|19|1|4|0|19|0|19|85|57|22|34|0|19|0|19|0|19|0|19|0|19|0|19|0|19|20|24|0|19|0|19|16|25|27|25|4996|441|2346|267|118|62|23|29|161|82|41|30|29|28|126|91|54|42|286|103|341|116|333|90|303|79|376|175|155|57|2650|279|79|54|39|30|214|77|73|48|64|63|131|73|316|172|245|126|280|71|303|65|345|115|324|131|237|94
1400000US25017357200|3154|331|51|45|5|9|0|14|0|14|0|14|0|14|0|14|0|14|0|14|0|14|0|14|0|14|5|9|0|14|0|14|46|43|0|14|0|14|0|14|0|14|0|14|0|14|10|17|0|14|0|14|4|9|21|24|11|18|0|14|3103|333|1553|190|59|36|0|14|137|79|108|55|52|45|67|53|79|40|103|55|258|93|261|77|181|61|111|44|137|85|1550|209|65|57|0|14|164|93|64|54|31|30|63|29|50|37|137|63|252|93|234|75|225|63|177|118|88|44
1400000US25017357300|3295|323|77|53|27|28|0|14|0|14|4|9|0|14|0|14|0|14|4|10|19|23|0|14|0|14|0|14|0|14|0|14|50|41|0|14|0|14|0|14|0|14|0|14|0|14|0|14|0|14|4|9|11|16|6|10|0|14|29|35|3218|321|1476|184|102|54|19|21|71|53|65|43|66|43|6|11|30|27|280|121|271|76|209|59|101|44|161|76|95|54|1742|203|160|73|0|14|198|70|44|34|0|14|17|18|85|57|329|108|288|101|163|56|199|68|203|79|56|33
1400000US25017357400|2419|265|71|68|23|29|0|14|0|14|0|14|14|20|0|14|0|14|0|14|8|19|0|14|0|14|0|14|1|3|0|14|48|44|0|14|0|14|14|20|0|14|0|14|0|14|0|14|1|3|8|11|14|20|11|11|0|14|0|14|2348|267|1161|150|72|32|5|8|132|43|71|38|20|18|20|18|19|16|103|52|174|54|217|80|155|65|89|38|84|35|1187|172|40|28|0|14|99|42|44|29|9|12|50|31|88|68|88|50|173|52|158|46|216|60|109|53|113|67
1400000US25017357500|2369|297|127|77|34|34|10|14|0|14|0|14|0|14|0|14|0|14|0|14|10|13|3|6|11|15|0|14|0|14|0|14|93|54|0|14|0|14|9|13|0|14|0|14|12|16|0|14|0|14|15|14|31|31|0|14|0|14|26|15|2242|321|1141|171|86|38|9|10|112|45|54|27|30|23|33|26|49|35|110|56|185|67|184|54|109|42|140|80|40|21|1101|170|35|22|9|14|120|49|41|26|6|9|21|18|50|42|91|42|223|66|164|51|115|37|172|70|54|29
1400000US25017357600|2719|396|102|69|26|23|0|14|0|14|0|14|0|14|0|14|0|14|0|14|5|10|0|14|0|14|10|16|7|11|4|8|76|66|0|14|0|14|11|17|0|14|0|14|11|17|6|10|0|14|0|14|18|22|0|14|0|14|30|34|2617|400|1236|181|45|32|14|22|181|77|39|32|10|17|95|68|71|47|103|57|244|64|129|48|198|105|77|43|30|23|1381|252|195|130|0|14|70|44|11|16|8|14|21|25|69|41|147|61|346|121|216|71|143|74|119|60|36|26
1400000US25017357700|3892|345|286|108|58|48|0|14|0|14|16|22|0|14|0|14|0|14|0|14|0|14|0|14|11|15|1|6|26|38|4|9|228|84|0|14|0|14|0|14|7|12|0|14|0|14|30|31|35|44|26|25|5|5|18|19|65|49|42|47|3606|362|1715|167|93|63|54|55|171|74|35|31|0|14|44|41|58|43|159|71|291|78|261|77|235|79|204|95|110|46|1891|252|24|25|38|34|173|77|86|46|8|15|71|61|89|47|158|62|336|97|253|66|309|101|206|87|140|96
1400000US25017357800|3877|491|105|80|72|65|0|14|0|14|0|14|0|14|0|14|0|14|0|14|0|14|0|14|25|32|24|33|23|30|0|14|33|33|0|14|0|14|0|14|0|14|0|14|0|14|0|14|0|14|10|17|0|14|23|32|0|14|0|14|3772|492|1912|272|74|43|16|20|77|44|97|44|16|17|261|178|170|75|71|46|169|42|430|120|191|69|191|56|149|70|1860|371|58|42|21|22|243|107|228|180|5|10|43|40|59|38|64|40|180|54|385|114|251|83|198|64|125|58
1400000US25017358100|5091|463|70|51|18|21|0|19|0|19|0|19|0|19|0|19|0|19|0|19|0|19|9|15|0|19|0|19|9|15|0|19|52|37|0|19|0|19|0|19|9|13|0|19|0|19|0|19|1|3|1|3|11|15|0|19|7|12|23|21|5021|469|2407|277|87|52|63|51|180|71|145|72|52|46|148|122|55|36|51|41|380|122|480|136|398|87|203|77|165|51|2614|278|122|67|21|31|278|110|153|71|78|55|76|50|95|51|106|47|456|137|431|86|407|114|263|68|128|53
1400000US25017358300|6027|593|264|157|85|61|0|19|0|19|0|19|20|34|0|19|0|19|0|19|22|33|4|14|0|19|0|19|39|39|0|19|179|115|0|19|0|19|0|19|0|19|0|19|0|19|15|25|15|23|17|29|0|19|10|27|36|38|86|86|5763|627|2613|361|28|34|33|45|262|121|234|143|0|19|142|103|84|73|129|80|299|90|567|164|328|172|185|94|322|90|3150|432|39|46|0|19|284|98|275|128|49|47|210|92|189|139|111|79|384|106|674|164|349|146|235|91|351|126
1400000US25017358400|4862|471|394|173|92|56|0|14|0|14|0|14|0|14|0|14|15|18|11|17|0|14|0|14|24|34|4|14|0|14|38|37|302|140|0|14|15|24|23|27|16|25|8|13|0|14|0|14|13|23|15|24|43|42|11|18|0|14|158|86|4468|472|2320|314|48|34|15|17|216|65|107|57|33|32|127|71|52|35|136|60|181|57|407|93|358|101|265|95|375|223|2148|237|62|44|0|14|181|60|128|45|23|21|72|36|45|35|108|55|176|55|377|85|365|90|271|103|340|108
1400000US25017358500|5640|550|204|142|87|73|40|57|0|19|17|27|10|16|0|19|0|19|11|14|0|19|0|19|0|19|9|14|0|19|0|19|117|76|0|19|0|19|0|19|0|19|0|19|0|19|15|17|0|19|17|20|72|68|0|19|0|19|13|20|5436|547|2664|337|169|112|10|15|171|64|193|88|115|101|102|44|146|90|73|50|253|68|588|169|362|109|323|92|159|58|2772|287|63|38|0|19|212|74|192|72|88|59|48|29|238|129|169|99|315|78|518|141|429|104|338|102|162|65
1400000US25017358600|6245|652|429|272|165|103|22|35|0|19|0|19|43|47|36|40|0|19|0|19|3|12|0|19|0|19|16|27|14|23|31|30|264|185|0|19|0|19|17|29|21|33|14|22|24|37|21|34|20|25|15|28|74|59|16|27|14|23|28|35|5816|634|2830|334|131|78|27|31|253|110|128|83|44|42|72|59|114|90|63|52|342|72|600|161|454|157|417|209|185|68|2986|389|71|72|70|53|419|161|182|112|21|33|125|66|119|75|67|50|379|70|583|174|353|129|400|171|197|78
1400000US25017358700|5928|585|86|47|24|15|0|19|0|19|0|19|0|19|0|19|0|19|0|19|0|19|4|7|2|5|6|8|12|15|0|19|62|44|0|19|0|19|0|19|0|19|0|19|0|19|0|19|35|38|0|19|0|19|0|19|14|15|13|17|5842|588|2869|330|225|102|17|20|291|115|112|60|48|36|63|43|152|64|164|91|295|95|606|138|333|77|382|157|181|76|2973|350|142|69|31|28|255|108|226|91|119|72|193|73|152|69|121|66|408|91|502|85|232|66|449|208|143|50
1400000US25017359100|6545|516|343|148|151|96|12|25|0|19|14|27|32|50|0|19|0|19|13|22|27|37|33|47|2|8|16|16|2|4|0|19|192|93|0|19|0|19|0|19|0|19|0|19|0|19|0|19|2|5|97|65|15|21|50|47|28|38|0|19|6202|552|3043|341|193|128|0|19|176|98|117|78|116|116|46|51|110|72|333|138|514|146|420|129|469|190|329|100|220|125|3159|391|214|111|0|19|177|91|109|63|32|38|146|113|176|139|390|135|427|192|381|117|432|167|248|81|427|133
1400000US25017359301|0|14|0|14|0|14|0|14|0|14|0|14|0|14|0|14|0|14|0|14|0|14|0|14|0|14|0|14|0|14|0|14|0|14|0|14|0|14|0|14|0|14|0|14|0|14|0|14|0|14|0|14|0|14|0|14|0|14|0|14|0|14|0|14|0|14|0|14|0|14|0|14|0|14|0|14|0|14|0|14|0|14|0|14|0|14|0|14|0|14|0|14|0|14|0|14|0|14|0|14|0|14|0|14|0|14|0|14|0|14|0|14|0|14|0|14|0|14
1400000US25017359302|0|14|0|14|0|14|0|14|0|14|0|14|0|14|0|14|0|14|0|14|0|14|0|14|0|14|0|14|0|14|0|14|0|14|0|14|0|14|0|14|0|14|0|14|0|14|0|14|0|14|0|14|0|14|0|14|0|14|0|14|0|14|0|14|0|14|0|14|0|14|0|14|0|14|0|14|0|14|0|14|0|14|0|14|0|14|0|14|0|14|0|14|0|14|0|14|0|14|0|14|0|14|0|14|0|14|0|14|0|14|0|14|0|14|0|14|0|14
1400000US25017359303|7521|512|230|106|95|52|0|19|0|19|0|19|11|19|0|19|0|19|8|18|5|10|17|28|0|19|54|41|0|19|0|19|135|80|16|27|0|19|11|18|0|19|0|19|0|19|0|19|0|19|33|37|28|32|0|19|0|19|47|75|7291|529|3359|363|77|55|32|30|346|116|87|56|61|61|59|50|175|114|481|313|399|93|686|178|428|115|361|136|167|83|3932|325|244|113|23|27|442|157|201|86|114|71|112|104|158|108|129|68|545|126|693|152|631|200|387|159|253|134
1400000US25017359400|7073|503|1041|396|458|234|26|38|0|19|40|63|36|56|0|19|0|19|79|71|70|54|115|90|28|46|64|60|0|19|0|19|583|248|0|19|0|19|29|41|57|63|29|42|0|19|49|43|161|103|44|46|0|19|94|104|35|38|85|83|6032|591|3246|405|367|228|7|11|206|127|107|82|0|19|96|111|253|130|887|221|450|152|332|129|236|123|227|99|78|53|2786|355|14|17|37|44|158|84|27|30|0|19|0|19|395|189|852|217|335|134|334|146|158|102|301|146|175|77
1400000US25017360300|6785|68|266|189|86|74|0|19|41|63|0|19|0|19|0|19|0|19|0|19|0|19|0|19|0|19|16|28|14|23|15|27|180|123|41|63|0|19|0|19|15|23|0|19|0|19|0|19|34|52|16|25|0|19|39|42|17|26|18|28|6519|200|3160|305|237|201|6|10|505|186|107|66|34|47|75|54|137|95|166|91|434|115|437|137|399|111|207|90|416|113|3359|283|167|98|6|15|293|121|132|83|23|28|123|90|189|166|228|96|627|129|392|118|489|111|208|80|482|138
1400000US25017361100|5751|636|87|68|21|28|0|19|0|19|0|19|0|19|0|19|0|19|20|27|0|19|1|3|0|19|0|19|0|19|0|19|66|50|0|19|0|19|0|19|0|19|0|19|0|19|18|29|0|19|0|19|0|19|16|25|28|31|4|8|5664|642|2744|334|196|97|31|34|332|125|224|97|48|43|89|77|186|179|165|101|231|115|520|153|333|122|208|90|181|82|2920|396|99|51|64|75|266|157|280|135|134|160|116|72|74|62|104|61|351|108|479|161|407|167|303|113|243|98
1400000US25017361200|5440|588|164|110|71|60|0|19|0|19|12|18|14|23|0|19|0|19|12|20|20|28|0|19|2|3|11|16|0|19|0|19|93|76|0|19|0|19|0|19|0|19|0|19|0|19|18|31|0|19|20|31|26|40|19|27|0|19|10|16|5276|589|2569|364|164|114|78|105|213|112|146|73|142|83|81|59|162|92|71|55|443|149|320|101|263|88|294|109|192|75|2707|378|140|69|19|26|229|83|126|61|24|29|98|62|153|72|137|80|377|133|398|93|363|185|429|173|214|101
1400000US25017361300|5811|490|180|135|127|115|0|19|0|19|54|68|0|19|0|19|0|19|4|18|0|19|32|38|20|30|0|19|17|28|0|19|53|55|0|19|0|19|0|19|0|19|0|19|0|19|27|45|0|19|0|19|8|15|0|19|18|28|0|19|5631|492|2733|298|150|83|20|20|274|97|131|90|0|19|116|78|168|99|66|76|172|53|381|125|539|135|430|161|286|95|2898|297|18|27|48|40|176|96|169|80|54|48|256|183|259|128|68|55|284|88|458|132|487|145|231|130|390|117
1400000US25017362100|5187|35|107|81|30|30|0|19|0|19|0|19|8|13|0|19|0|19|0|19|0|19|9|14|0|19|5|8|0|19|8|12|77|59|0|19|0|19|8|12|8|13|0|19|0|19|0|19|0|19|0|19|10|14|8|13|28|32|15|16|5080|88|2752|150|95|43|50|48|375|173|153|89|61|53|62|47|197|101|122|60|306|86|393|85|358|81|369|102|211|75|2328|154|163|143|38|34|219|124|62|52|18|22|42|28|135|72|112|60|307|95|406|89|345|75|366|91|115|54
1400000US25017363103|3211|315|65|53|56|52|0|14|0|14|0|14|0|14|0|14|0|14|0|14|0|14|44|51|0|14|0|14|0|14|12|18|9|15|0|14|0|14|0|14|0|14|0|14|0|14|0|14|0|14|0|14|0|14|0|14|0|14|9|15|3146|312|1549|163|37|38|0|14|109|46|97|49|7|14|48|34|111|54|67|39|189|53|274|76|347|98|175|61|88|58|1597|208|20|24|16|19|127|50|106|52|21|14|92|55|120|67|27|30|226|48|262|71|248|87|196|57|136|64
1400000US25017363104|6300|619|284|177|67|69|0|19|0|19|20|32|0|19|20|31|0|19|5|14|0|19|0|19|4|11|18|26|0|19|0|19|217|155|0|19|0|19|0|19|0|19|0|19|0|19|0|19|0|19|20|30|52|74|24|32|81|107|40|64|6016|665|2933|335|134|68|41|43|364|159|60|54|65|44|83|69|136|72|114|72|369|86|538|131|492|157|226|85|311|151|3083|415|161|61|22|25|256|105|65|56|102|115|170|96|239|110|197|81|480|199|519|112|427|142|215|91|230|95
1400000US25017363105|4201|910|194|130|54|58|0|14|0|14|0|14|0|14|11|18|16|26|10|18|0|14|0|14|0|14|17|27|0|14|0|14|140|102|0|14|0|14|0|14|11|19|0|14|0|14|6|12|0|14|0|14|32|37|63|67|9|15|19|31|4007|920|1701|240|13|21|49|46|154|112|51|58|87|54|168|85|77|53|90|61|309|162|305|121|167|90|208|110|23|22|2306|883|31|39|0|14|94|81|284|314|214|184|11|19|141|150|345|251|358|184|444|210|234|98|90|46|60|46
1400000US25017363106|2980|294|122|86|58|45|0|14|0|14|0|14|0|14|0|14|12|18|6|9|0|14|11|16|17|27|12|20|0|14|0|14|64|57|0|14|0|14|7|13|8|13|0|14|0|14|0|14|0|14|28|30|0|14|12|19|0|14|9|16|2858|302|1654|191|48|56|45|58|260|115|160|91|31|29|25|28|66|39|204|114|327|113|114|73|276|100|35|31|63|46|1204|194|8|14|0|14|72|52|12|18|10|18|34|34|100|63|52|38|311|108|201|75|138|75|146|85|120|55
1400000US25017363201|3341|445|77|71|35|34|0|14|0|14|0|14|0|14|0|14|0|14|11|15|0|14|0|14|0|14|5|8|19|29|0|14|42|40|0|14|0|14|0|14|0|14|0|14|0|14|16|20|0|14|6|11|0|14|20|29|0|14|0|14|3264|449|1614|238|66|39|0|14|145|79|60|48|23|24|90|79|93|55|124|51|247|101|219|101|268|51|212|56|67|39|1650|251|152|64|30|32|170|79|33|29|0|14|27|29|44|34|94|50|276|91|263|100|251|60|241|95|69|36
1400000US25017363202|3782|377|62|75|19|34|0|14|0|14|10|18|0|14|0|14|0|14|0|14|0|14|0|14|9|17|0|14|0|14|0|14|43|49|0|14|9|16|0|14|0|14|0|14|0|14|13|20|0|14|0|14|9|16|11|17|0|14|1|2|3720|385|1931|284|106|68|106|149|123|76|64|37|60|48|25|21|157|90|116|66|212|57|302|120|377|83|151|53|132|60|1789|193|61|53|32|33|108|61|85|60|34|26|42|38|128|76|63|52|313|110|217|74|329|75|249|73|128|56
1400000US25017364101|6043|505|636|318|403|226|0|19|0|19|80|74|0|19|44|62|0|19|66|81|0|19|43|61|25|35|55|78|38|42|52|60|233|141|0|19|0|19|22|35|16|26|0|19|0|19|0|19|0|19|29|46|16|26|53|81|35|41|62|56|5407|628|2694|412|31|37|0|19|329|239|168|111|16|27|31|40|123|99|172|90|472|188|349|131|646|266|199|91|158|67|2713|500|204|213|209|235|150|78|23|29|45|48|14|24|152|125|246|109|500|190|412|209|347|116|206|111|205|101
1400000US25017364102|4620|504|153|110|64|63|0|14|0|14|17|30|0|14|0|14|0|14|0|14|14|24|29|41|4|10|0|14|0|14|0|14|89|77|0|14|0|14|0|14|0|14|0|14|0|14|0|14|2|7|21|32|54|62|0|14|0|14|12|18|4467|502|2196|318|120|77|65|77|134|97|52|53|56|76|61|52|86|82|283|117|267|89|249|106|451|143|235|128|137|68|2271|312|68|48|17|28|56|46|29|35|0|14|28|32|320|146|331|145|312|100|378|125|416|136|142|75|174|84
1400000US25017365100|8044|644|195|222|135|175|0|19|0|19|0|19|48|77|0|19|0|19|43|55|0|19|0|19|43|49|0|19|1|4|0|19|60|56|0|19|0|19|0|19|0|19|0|19|0|19|0|19|0|19|0|19|16|25|23|36|2|4|19|32|7849|650|4039|452|322|220|27|25|515|195|123|66|60|50|147|74|340|169|259|122|534|131|523|130|744|208|245|100|200|97|3810|315|272|101|0|19|316|110|179|78|28|39|333|150|140|85|234|124|617|133|497|109|647|166|271|94|276|118
1400000US25017365201|6152|689|28|44|15|24|0|19|0|19|0|19|0|19|0|19|0|19|0|19|0|19|0|19|15|24|0|19|0|19|0|19|13|21|0|19|0|19|0|19|0|19|0|19|0|19|0|19|0|19|0|19|13|21|0|19|0|19|0|19|6124|688|2871|339|349|262|16|25|276|110|108|70|7|12|127|105|137|94|294|136|215|85|668|168|326|105|141|70|207|72|3253|543|251|149|0|19|245|178|164|159|204|148|143|150|86|55|325|117|358|160|634|169|343|92|270|75|230|86
1400000US25017365202|4690|389|261|156|73|65|0|14|0|14|0|14|0|14|0|14|0|14|0|14|0|14|0|14|0|14|22|33|51|57|0|14|188|126|0|14|0|14|0|14|0|14|0|14|32|50|0|14|6|10|22|33|30|47|0|14|48|55|50|54|4429|402|2090|242|64|44|2|7|198|81|150|91|13|16|80|44|214|117|83|45|191|70|353|92|366|99|255|100|121|54|2339|277|78|51|0|14|201|99|162|95|104|92|73|49|88|49|90|45|239|83|433|105|411|112|234|79|226|90
1400000US25017366100|4599|365|348|244|138|101|11|16|0|14|21|21|0|14|0|14|12|18|0|14|0|14|12|18|9|13|2|7|61|63|10|15|210|206|36|44|0|14|20|20|0|14|0|14|0|14|47|74|11|17|56|87|8|11|0|14|14|18|18|24|4251|398|2060|238|90|64|49|61|140|68|142|57|44|27|11|16|97|59|161|75|357|116|301|69|357|100|177|69|134|70|2191|231|73|48|19|23|208|105|103|53|43|30|72|40|77|42|132|55|342|117|266|71|448|103|258|80|150|70
1400000US25017366201|3625|476|147|121|64|51|16|23|0|14|25|35|0|14|3|7|0|14|0|14|0|14|0|14|0|14|9|16|11|16|0|14|83|74|16|24|0|14|28|31|0|14|0|14|0|14|0|14|0|14|19|21|0|14|20|22|0|14|0|14|3478|500|1715|276|108|95|35|28|85|48|118|72|24|19|55|56|67|51|134|96|269|83|281|87|272|86|164|50|103|42|1763|269|191|107|24|22|155|51|63|39|29|27|92|56|18|21|70|56|331|91|172|55|340|116|169|54|109|48
1400000US25017366202|5534|486|78|62|22|29|0|19|6|9|5|9|0|19|0|19|0|19|0|19|0|19|11|24|0|19|0|19|0|19|0|19|56|52|0|19|0|19|5|8|0|19|0|19|0|19|0|19|13|14|5|8|31|45|2|4|0|19|0|19|5456|487|2672|288|123|55|62|49|206|61|94|42|24|24|132|111|226|111|195|100|221|76|312|90|475|137|371|109|231|79|2784|279|117|70|35|41|264|90|101|61|46|50|60|38|218|136|204|89|256|79|359|81|413|126|389|94|322|105
1400000US25017367100|4543|445|283|246|118|115|0|14|0|14|0|14|0|14|0|14|0|14|10|16|0|14|0|14|44|64|0|14|0|14|64|89|165|141|0|14|0|14|42|61|43|61|0|14|0|14|23|32|0|14|0|14|0|14|45|59|0|14|12|19|4260|400|2167|251|110|58|8|13|172|68|152|81|38|33|32|27|185|62|134|83|169|57|387|105|295|69|327|114|158|57|2093|222|18|15|20|19|143|53|115|41|15|18|95|51|53|39|83|55|252|59|423|108|356|92|350|96|170|80
1400000US25017367200|6149|449|173|146|95|80|17|28|0|19|19|30|15|28|0|19|0|19|15|24|0|19|0|19|0|19|0|19|16|34|13|22|78|75|0|19|0|19|0|19|0|19|0|19|0|19|0|19|0|19|0|19|35|43|16|27|0|19|27|34|5976|470|3101|341|250|118|93|91|435|199|179|129|64|51|108|57|150|74|119|91|322|93|367|133|599|122|164|90|251|91|2875|312|154|135|11|17|285|94|259|167|17|23|77|71|107|78|69|62|427|102|528|185|404|116|188|78|349|105
1400000US25017368101|5640|586|410|287|207|147|54|86|0|19|0|19|0|19|0|19|0|19|86|96|12|20|16|27|20|32|0|19|0|19|19|33|203|171|0|19|0|19|36|58|0|19|0|19|0|19|52|71|57|76|2|5|0|19|0|19|56|69|0|19|5230|521|2463|263|158|91|44|51|87|60|66|55|0|19|0|19|150|93|595|186|463|125|226|126|374|153|162|80|138|92|2767|400|227|127|0|19|175|87|93|83|62|88|0|19|143|96|552|207|409|130|298|130|299|114|242|128|267|126
1400000US25017368102|5078|972|316|136|170|76|0|19|0|19|0|19|0|19|0|19|10|17|75|63|28|29|28|35|12|17|0|19|17|19|0|19|146|76|0|19|0|19|0|19|0|19|0|19|0|19|64|65|25|29|29|45|0|19|18|25|10|15|0|19|4762|962|2363|520|45|39|6|11|123|65|51|35|0|19|85|57|393|268|267|94|267|77|197|72|581|300|213|71|135|52|2399|500|111|56|4|9|128|94|17|20|0|19|18|26|311|303|333|155|210|84|300|140|382|87|306|85|279|133
1400000US25017368200|3750|467|244|198|110|88|28|42|0|14|0|14|0|14|8|12|0|14|46|75|5|11|0|14|8|12|9|14|6|10|0|14|134|125|32|45|0|14|34|40|0|14|0|14|0|14|23|34|0|14|35|47|0|14|6|9|4|11|0|14|3506|453|1643|234|109|57|21|24|50|39|40|47|9|16|8|14|55|70|242|84|345|91|144|73|294|95|164|56|162|91|1863|282|100|50|11|19|49|32|54|44|12|18|39|46|146|103|154|75|232|56|220|80|313|119|267|84|266|109
1400000US25017368300|5989|856|700|416|452|381|0|19|0|19|0|19|0|19|0|19|0|19|261|233|159|195|13|22|0|19|11|22|8|13|0|19|248|137|18|31|0|19|0|19|16|29|0|19|0|19|22|40|95|88|49|64|0|19|19|26|26|33|3|8|5289|694|2750|444|171|164|101|148|146|159|27|41|0|19|0|19|198|154|623|208|196|129|582|220|455|274|81|85|170|111|2539|601|85|102|101|122|51|73|87|93|0|19|49|71|318|153|468|144|336|197|293|136|338|128|130|106|283|132
1400000US25017368400|5451|653|281|247|65|53|0|19|0|19|0|19|0|19|0|19|0|19|0|19|27|32|0|19|0|19|18|32|20|27|0|19|216|224|125|184|0|19|0|19|0|19|0|19|0|19|16|30|12|20|3|8|0|19|3|8|0|19|57|92|5170|619|2569|378|137|136|0|19|232|110|77|77|34|53|24|39|232|198|383|210|343|124|353|150|374|192|191|80|189|64|2601|390|110|66|0|19|117|62|82|73|0|19|23|39|128|110|453|149|609|199|229|132|438|293|325|130|87|62
1400000US25017368500|3405|416|410|140|201|121|0|14|0|14|0|14|0|14|0|14|0|14|130|113|30|27|13|18|19|25|1|4|8|12|0|14|209|82|0|14|0|14|0|14|0|14|0|14|0|14|88|69|54|44|0|14|13|17|19|21|27|33|8|12|2995|409|1574|375|20|21|0|14|26|29|0|14|0|14|41|66|117|102|615|300|210|78|153|94|211|95|123|71|58|40|1421|217|26|38|0|14|9|14|63|43|0|14|0|14|199|67|442|93|148|67|147|66|98|66|197|168|92|53
1400000US25017368600|5961|751|503|366|278|227|0|19|0|19|0|19|67|87|0|19|36|58|103|102|0|19|46|74|0|19|26|41|0|19|0|19|225|153|0|19|0|19|36|58|0|19|0|19|0|19|12|20|25|28|57|75|50|62|13|20|0|19|32|39|5458|814|3009|597|186|142|22|36|117|109|4|16|0|19|58|88|428|219|754|241|477|190|375|208|330|146|219|105|39|39|2449|352|133|81|19|30|230|162|0|19|0|19|81|117|246|178|616|174|347|151|309|158|192|102|126|69|150|89
1400000US25017368700|2483|450|363|213|242|166|0|14|17|29|26|36|0|14|0|14|0|14|0|14|17|27|24|25|8|20|57|88|92|112|1|7|121|107|0|14|0|14|16|24|24|30|0|14|0|14|0|14|0|14|26|35|17|24|0|14|8|20|30|46|2120|462|911|312|33|41|0|14|55|63|0|14|7|14|0|14|23|32|344|173|205|133|151|84|57|51|21|30|15|21|1209|249|108|102|92|79|0|14|18|26|0|14|53|54|84|65|343|147|139|81|157|71|132|61|72|72|11|18
1400000US25017368800|5608|561|525|225|239|135|0|19|0|19|21|34|0|19|0|19|0|19|46|61|24|39|0|19|20|34|19|30|12|20|97|58|286|152|0|19|0|19|19|30|0|19|0|19|0|19|54|63|14|26|37|42|0|19|32|39|43|44|87|106|5083|595|2681|379|117|65|14|22|71|53|64|57|0|19|27|39|120|112|1061|303|364|168|273|137|324|125|189|113|57|51|2402|334|80|52|43|36|102|57|35|53|6|10|29|48|203|191|519|182|301|143|285|195|275|145|314|149|210|120
1400000US25017368901|6007|939|363|178|159|125|0|19|0|19|0|19|0|19|0|19|0|19|77|113|0|19|22|34|18|46|18|23|0|19|24|31|204|132|0|19|0|19|0|19|15|24|0|19|0|19|12|48|42|42|0|19|22|35|23|26|74|87|16|19|5644|922|2438|337|138|89|0|19|61|67|63|57|14|22|53|55|154|112|383|126|353|238|203|70|388|126|374|127|254|101|3206|849|65|60|23|31|119|70|51|51|0|19|9|16|918|813|262|136|285|106|245|103|455|140|395|113|379|121
1400000US25017368902|3624|546|651|358|363|224|25|32|41|71|0|14|0|14|0|14|0|14|0|14|67|71|85|74|101|116|13|21|31|52|0|14|288|169|29|45|0|14|46|76|0|14|0|14|0|14|17|26|84|79|0|14|77|81|0|14|8|12|27|30|2973|494|1410|320|155|132|0|14|65|33|42|62|15|22|0|14|79|57|329|129|350|150|51|38|269|154|24|22|31|23|1563|304|173|72|7|11|71|64|11|17|47|64|24|29|176|107|367|128|193|94|103|100|213|99|99|49|79|50
1400000US25017369000|212|40|128|50|64|103|0|14|0|14|0|14|0|14|0|14|0|14|0|14|0|14|0|14|18|44|23|48|23|49|0|14|64|98|0|14|0|14|0|14|0|14|0|14|0|14|0|14|0|14|0|14|0|14|41|115|23|50|0|14|84|59|54|56|0|14|0|14|0|14|0|14|0|14|0|14|0|14|0|14|5|7|11|17|15|17|0|14|23|50|30|22|0|14|0|14|0|14|0|14|0|14|0|14|0|14|0|14|4|7|0|14|21|24|5|7|0|14
1400000US25017369100|4999|471|125|87|73|66|0|19|0|19|0|19|0|19|0|19|0|19|0|19|56|61|1|6|0|19|16|27|0|19|0|19|52|54|0|19|0|19|0|19|0|19|0|19|0|19|0|19|2|8|15|19|0|19|0|19|0|19|35|46|4874|473|2271|315|250|181|0|19|35|33|31|32|27|30|37|42|136|80|198|93|454|166|276|109|340|84|242|92|245|75|2603|285|122|82|0|19|95|87|123|81|38|46|133|85|65|42|200|79|542|132|411|104|247|93|496|121|131|68
1400000US25017370101|6579|713|454|255|61|55|0|19|0|19|0|19|0|19|0|19|0|19|0|19|18|29|0|19|23|37|19|28|0|19|1|6|393|254|0|19|0|19|51|81|0|19|0|19|0|19|17|28|65|91|0|19|0|19|133|94|26|31|101|145|6125|697|2749|401|85|83|0|19|105|60|61|54|17|27|32|38|313|205|541|280|457|164|360|129|332|152|230|110|216|110|3376|476|255|130|0|19|173|109|140|91|37|34|34|42|109|74|533|195|525|140|488|180|740|339|226|108|116|67
1400000US25017370103|3344|612|292|135|180|105|9|15|9|16|0|14|0|14|0|14|0|14|40|46|31|20|6|11|37|58|1|5|0|14|47|55|112|69|10|16|0|14|0|14|0|14|0|14|0|14|12|19|19|23|0|14|10|16|38|62|23|27|0|14|3052|609|1426|329|103|73|11|21|17|24|38|42|0|14|1|11|67|66|383|159|148|89|142|72|283|172|99|63|134|73|1626|353|70|57|17|24|65|50|0|14|0|14|56|52|141|121|393|126|113|70|307|173|162|104|148|82|154|72
1400000US25017370104|4343|677|193|134|122|111|0|14|0|14|0|14|0|14|0|14|0|14|32|52|61|92|0|14|0|14|3|6|0|14|26|39|71|59|0|14|0|14|0|14|0|14|0|14|0|14|9|15|16|25|0|14|9|15|2|4|0|14|35|40|4150|687|2058|418|177|165|5|8|123|101|19|23|51|76|71|60|53|51|460|121|484|192|173|98|151|85|185|84|106|70|2092|358|204|103|16|20|112|103|152|120|4|7|19|28|26|31|643|197|336|188|160|62|214|88|124|62|82|68
1400000US25017370201|4321|547|76|50|22|22|0|14|0|14|0|14|0|14|0|14|0|14|0|14|0|14|4|8|6|11|12|19|0|14|0|14|54|47|0|14|0|14|0|14|0|14|0|14|0|14|27|41|0|14|0|14|0|14|0|14|0|14|27|25|4245|548|2027|354|40|30|0|14|54|42|64|42|29|46|39|35|111|75|473|193|223|81|280|145|225|91|299|149|190|102|2218|309|130|75|21|27|102|66|27|25|28|30|46|54|135|87|289|92|270|68|338|95|384|145|345|145|103|42
1400000US25017370202|3450|297|88|55|53|43|0|14|0|14|0|14|0|14|0|14|0|14|0|14|10|15|24|35|0|14|0|14|10|15|9|14|35|28|0|14|0|14|0|14|0|14|0|14|0|14|0|14|0|14|8|14|0|14|7|11|20|22|0|14|3362|299|1641|144|84|43|0|14|41|27|69|36|0|14|51|50|89|61|250|86|249|74|188|71|246|68|249|50|125|50|1721|223|77|46|0|14|80|45|43|31|23|25|21|19|79|63|262|79|256|59|170|57|267|78|310|148|133|65
1400000US25017370301|4112|482|284|168|161|128|0|14|0|14|0|14|0|14|0|14|0|14|0|14|94|110|0|14|20|35|39|62|0|14|8|14|123|96|0|14|21|35|0|14|0|14|0|14|0|14|0|14|33|39|0|14|23|38|23|36|0|14|23|30|3828|491|1763|254|104|127|0|14|89|55|0|14|0|14|0|14|135|66|446|147|418|170|130|76|115|79|174|77|152|100|2065|368|93|65|70|42|104|57|0|14|28|44|0|14|98|88|364|152|492|146|195|165|222|114|203|144|196|120
1400000US25017370302|1932|530|118|71|32|31|0|14|0|14|0|14|0|14|6|9|0|14|0|14|0|14|6|10|0|14|0|14|6|10|14|22|86|48|6|10|0|14|0|14|6|10|0|14|0|14|0|14|0|14|6|10|6|9|8|13|33|31|21|24|1814|527|846|261|8|17|0|14|64|46|0|14|0|14|87|139|48|38|145|74|231|119|8|12|56|44|92|66|107|77|968|303|64|41|0|14|136|132|48|50|0|14|4|8|42|26|225|113|195|133|49|38|17|25|65|46|123|75
1400000US25017370401|3688|532|391|228|181|106|18|33|0|14|0|14|0|14|0|14|0|14|14|22|37|45|0|14|19|27|23|38|46|57|24|31|210|141|20|35|0|14|0|14|0|14|0|14|0|14|30|51|19|33|0|14|14|22|63|64|47|47|17|20|3297|538|1590|310|67|51|0|14|83|71|0|14|0|14|32|49|53|58|598|274|213|131|140|98|200|137|135|64|69|45|1707|387|100|71|17|28|56|63|4|12|0|14|0|14|99|88|318|121|345|199|161|63|214|131|311|244|82|47
1400000US25017370402|1376|187|175|101|85|61|0|14|0|14|0|14|0|14|0|14|0|14|36|41|0|14|0|14|11|17|0|14|38|53|0|14|90|80|16|26|0|14|0|14|0|14|0|14|0|14|43|60|20|37|11|16|0|14|0|14|0|14|0|14|1201|206|572|136|33|27|0|14|0|14|17|21|0|14|28|38|62|42|156|73|82|40|32|31|81|54|81|70|0|14|629|114|7|11|5|10|13|23|0|14|0|14|0|14|5|10|190|67|75|43|156|90|93|71|73|41|12|16
1400000US25017370403|1970|281|75|50|41|38|0|14|0|14|0|14|0|14|0|14|0|14|0|14|5|11|0|14|14|22|0|14|22|29|0|14|34|42|0|14|0|14|0|14|0|14|0|14|0|14|0|14|4|11|0|14|0|14|0|14|30|39|0|14|1895|285|814|142|72|59|0|14|38|48|0|14|7|15|0|14|0|14|204|91|259|102|66|48|112|46|34|30|22|22|1081|231|58|58|43|34|19|35|0|14|0|14|31|52|122|127|281|94|196|78|53|34|137|91|51|47|90|63
1400000US25017373100|5303|650|295|217|114|78|0|19|0|19|0|19|0|19|0|19|0|19|10|16|9|17|45|53|18|26|15|31|0|19|17|27|181|161|0|19|0|19|54|96|9|26|5|13|0|19|0|19|42|45|26|47|5|14|8|17|0|19|32|39|5008|658|2388|537|162|78|32|42|111|63|70|70|7|13|48|40|140|105|376|141|662|455|337|144|136|75|217|107|90|54|2620|394|233|81|13|22|44|32|23|27|68|62|16|28|138|94|912|363|220|98|234|101|308|100|224|121|187|65
1400000US25017373200|5215|514|322|148|131|82|0|19|0|19|0|19|0|19|0|19|0|19|3|15|3|13|4|9|12|19|25|31|39|42|45|52|191|93|0|19|0|19|0|19|0|19|0|19|0|19|35|40|3|8|0|19|49|42|22|32|22|32|60|49|4893|557|2253|355|47|40|39|33|111|67|60|46|46|55|149|89|283|125|401|122|233|76|313|130|348|185|178|69|45|35|2640|360|129|65|14|22|164|95|90|61|43|42|78|74|167|135|424|118|357|95|431|110|278|138|207|76|258|143
1400000US25017373300|3027|413|108|85|5|20|0|14|0|14|0|14|0|14|0|14|0|14|0|14|1|3|0|14|0|14|2|7|2|18|0|14|103|75|0|14|0|14|0|14|0|14|0|14|0|14|44|59|9|15|0|14|27|36|21|22|2|17|0|14|2919|432|1430|278|45|33|4|11|100|64|66|52|45|42|76|62|125|81|138|81|178|61|227|68|184|83|116|70|126|89|1489|216|59|49|29|41|103|58|73|46|22|36|17|19|94|69|102|66|245|80|250|103|104|54|193|66|198|108
1400000US25017373400|3459|618|169|129|92|71|26|36|0|14|0|14|0|14|0|14|0|14|40|40|0|14|12|18|4|8|9|15|1|6|0|14|77|60|0|14|0|14|10|15|0|14|0|14|20|30|0|14|16|23|0|14|0|14|23|32|8|14|0|14|3290|635|1610|348|80|44|0|14|107|65|77|51|45|49|45|31|203|77|243|142|165|68|201|62|154|58|169|139|121|48|1680|333|50|39|0|14|111|54|36|36|24|27|19|28|205|195|135|48|197|71|220|69|284|142|191|68|208|87
1400000US25017373500|5444|435|213|101|84|68|0|19|0|19|0|19|0|19|0|19|0|19|27|43|0|19|0|19|0|19|48|52|0|19|9|15|129|72|0|19|0|19|0|19|0|19|14|20|0|19|39|42|19|29|15|23|1|8|2|8|10|16|29|48|5231|449|2502|253|80|52|13|20|179|77|199|74|80|78|69|45|150|83|193|102|247|54|433|92|349|90|330|76|180|66|2729|309|33|32|9|14|407|173|189|72|40|41|97|55|112|75|177|90|262|66|501|139|372|96|377|101|153|62
1400000US25017373600|2781|340|246|201|65|49|0|19|0|19|0|19|13|22|8|13|0|19|9|13|0|19|0|19|16|20|11|18|8|12|0|19|181|191|0|19|0|19|0|19|0|19|0|19|0|19|123|189|0|19|12|19|12|18|0|19|8|12|26|21|2535|288|1243|171|50|35|28|20|108|47|23|20|23|19|39|27|89|72|41|38|166|42|185|73|169|71|215|48|107|48|1292|200|12|13|9|11|129|67|135|82|25|28|14|14|104|70|54|36|205|105|174|52|194|68|169|46|68|30
1400000US25017373700|3713|440|38|30|3|7|0|14|0|14|0|14|0|14|0|14|0|14|0|14|0|14|3|7|0|14|0|14|0|14|0|14|35|31|0|14|0|14|0|14|0|14|0|14|0|14|0|14|3|7|0|14|15|23|0|14|7|11|10|15|3675|444|1784|245|16|24|15|23|260|112|85|39|0|14|96|67|73|56|101|74|165|63|222|83|282|90|338|86|131|53|1891|286|77|58|33|29|168|64|34|33|19|20|40|33|118|80|147|132|226|73|213|79|315|82|394|112|107|48
1400000US25017373800|6076|652|340|223|133|119|0|19|0|19|0|19|30|38|0|19|28|37|0|19|0|19|30|47|0|19|0|19|27|44|18|30|207|130|0|19|0|19|0|19|0|19|0|19|0|19|49|48|51|83|0|19|29|37|30|35|28|45|20|30|5736|639|2868|387|215|155|31|37|271|125|246|113|22|34|89|68|103|81|248|137|297|89|533|138|235|112|313|131|265|110|2868|337|167|72|61|73|128|103|129|75|26|43|63|54|79|77|309|167|352|113|417|127|332|117|378|146|427|124
1400000US25017373901|3066|447|28|36|10|16|0|14|0|14|0|14|0|14|0|14|0|14|0|14|0|14|0|14|0|14|0|14|0|14|10|16|18|23|0|14|0|14|0|14|0|14|0|14|0|14|0|14|0|14|0|14|0|14|0|14|9|16|9|16|3038|447|1612|258|19|25|23|31|176|74|115|56|62|54|102|57|93|94|91|58|51|43|264|64|261|103|258|148|97|38|1426|210|52|49|0|14|82|51|59|64|46|53|36|42|71|74|63|52|83|53|317|86|235|59|208|136|174|65
1400000US25017373902|3626|631|153|130|17|21|0|14|0|14|0|14|0|14|0|14|0|14|5|6|0|14|0|14|0|14|0|14|0|14|12|21|136|124|0|14|0|14|0|14|0|14|0|14|0|14|0|14|25|34|0|14|0|14|71|114|25|28|15|20|3473|625|1766|345|151|149|0|14|167|88|24|29|25|29|54|45|74|92|30|39|382|180|142|60|260|69|296|96|161|78|1707|334|9|19|28|34|51|42|46|40|13|21|71|55|53|41|107|61|273|192|241|92|212|70|361|165|242|81
1400000US25017374000|4156|657|107|59|38|29|0|14|0|14|0|14|0|14|0|14|0|14|0|14|2|7|0|14|0|14|9|15|13|17|14|16|69|46|0|14|0|14|0|14|0|14|0|14|0|14|0|14|0|14|3|7|2|4|29|38|13|17|22|19|4049|667|2087|407|13|21|8|14|239|110|33|22|0|14|9|14|265|221|146|70|207|73|411|197|281|101|243|72|232|69|1962|320|99|58|34|43|158|73|64|57|37|44|19|22|100|48|93|68|181|65|364|181|300|87|307|85|206|57
1400000US25017374100|5183|567|548|273|231|143|7|12|20|34|0|19|12|15|0|19|0|19|13|23|87|74|7|13|65|93|0|19|20|31|0|19|317|153|21|35|0|19|30|25|8|13|0|19|0|19|42|50|32|40|71|86|53|46|39|40|21|24|0|19|4635|592|2390|330|127|64|58|70|159|92|56|45|13|21|28|34|254|132|378|143|325|103|331|92|359|129|229|119|73|47|2245|374|145|99|29|35|199|90|23|34|27|28|69|55|95|102|266|96|264|86|413|162|318|104|280|77|117|83
1400000US25017374200|4068|618|66|51|13|21|0|14|0|14|0|14|7|11|0|14|0|14|0|14|0|14|0|14|6|11|0|14|0|14|0|14|53|35|0|14|0|14|0|14|0|14|0|14|0|14|6|10|0|14|0|14|7|11|23|17|8|13|9|14|4002|615|2063|381|146|115|80|56|172|67|71|39|55|35|93|111|93|53|153|81|213|120|259|91|421|97|215|59|92|40|1939|272|78|56|9|15|203|51|68|38|0|14|18|20|98|58|160|76|288|137|253|67|371|105|296|89|97|36
1400000US25017374300|3759|431|29|26|15|14|0|14|0|14|0|14|0|14|0|14|0|14|0|14|0|14|5|10|6|11|1|3|3|2|0|14|14|21|0|14|0|14|0|14|0|14|0|14|0|14|0|14|0|14|0|14|0|14|0|14|0|14|14|21|3730|433|1886|262|83|70|9|13|232|100|47|39|39|39|115|78|73|57|75|52|168|61|331|105|350|143|258|63|106|48|1844|224|80|41|0|14|196|93|97|60|37|47|70|49|100|67|101|62|234|91|317|82|273|118|275|62|64|40
1400000US25017374400|5542|493|275|147|70|78|0|19|0|19|25|38|24|36|0|19|0|19|0|19|0|19|5|14|4|10|0|19|0|19|12|20|205|116|0|19|0|19|0|19|0|19|0|19|0|19|47|57|17|20|18|27|1|7|30|48|48|74|44|57|5267|500|2429|225|81|69|12|27|109|61|106|68|57|55|177|112|92|64|122|71|325|101|278|101|411|123|315|127|344|91|2838|458|56|55|31|38|374|163|271|127|10|16|165|81|66|53|124|152|309|103|521|142|324|103|238|97|349|108
1400000US25017374500|4599|442|357|240|242|209|0|14|0|14|0|14|13|24|0|14|12|22|85|107|0|14|14|24|71|92|0|14|17|22|30|26|115|87|0|14|0|14|12|21|0|14|0|14|0|14|40|70|0|14|13|23|9|15|14|17|12|18|15|17|4242|419|2220|282|156|73|19|23|165|91|101|71|18|22|113|65|175|83|255|121|290|78|366|119|294|126|178|64|90|44|2022|229|128|75|50|38|171|71|75|57|21|23|26|29|74|53|166|93|264|74|309|78|366|140|153|56|219|97
1400000US25017374600|5314|490|94|66|62|41|0|19|0|19|0|19|0|19|0|19|10|17|0|19|0|19|9|14|0|19|11|17|21|22|11|18|32|29|0|19|0|19|0|19|0|19|0|19|0|19|0|19|9|14|0|19|0|19|0|19|0|19|23|25|5220|508|2565|349|113|49|21|25|267|109|123|63|44|39|81|48|95|80|390|101|454|238|394|82|280|73|182|64|121|52|2655|280|111|58|0|19|95|58|187|88|41|45|180|89|95|62|469|171|328|70|467|89|277|82|259|94|146|57
1400000US25017374700|4421|537|358|230|146|127|11|16|0|14|0|14|0|14|0|14|0|14|8|14|27|32|72|118|2|5|0|14|26|24|0|14|212|189|11|17|0|14|7|13|0|14|0|14|0|14|0|14|11|17|0|14|14|17|141|180|12|19|16|24|4063|471|1886|229|194|106|15|22|106|52|9|14|15|18|38|32|49|35|298|132|333|80|256|99|300|128|155|83|118|60|2177|305|170|74|37|35|103|62|90|49|63|71|84|89|103|93|310|125|328|85|273|100|226|74|235|97|155|64
1400000US25017374800|3665|452|126|56|62|42|0|19|0|19|0|19|0|19|0|19|0|19|0|19|9|14|0|19|9|11|18|20|0|19|26|33|64|44|0|19|0|19|0|19|0|19|0|19|0|19|15|16|0|19|0|19|0|19|0|19|11|33|38|35|3539|455|1803|274|46|32|23|27|183|83|104|56|54|47|75|91|70|45|259|116|210|83|238|71|214|78|213|84|114|45|1736|253|16|18|31|36|105|52|66|59|75|72|51|37|105|97|206|70|195|81|332|80|211|65|139|59|204|68
1400000US25017382100|4826|515|172|74|64|49|0|14|0|14|0|14|0|14|0|14|0|14|0|14|0|14|0|14|0|14|27|31|22|29|15|23|108|55|13|21|0|14|0|14|0|14|0|14|0|14|0|14|0|14|0|14|0|14|45|60|7|11|43|34|4654|513|2280|342|122|69|88|71|128|54|83|45|20|19|84|52|133|92|233|120|276|71|355|71|212|70|316|129|230|111|2374|291|133|98|47|35|236|75|123|87|42|42|88|49|63|40|174|105|387|71|361|92|287|117|198|77|235|144
1400000US25017382200|5226|602|197|184|180|179|0|19|0|19|0|19|0|19|0|19|0|19|39|49|51|82|0|19|3|7|87|94|0|19|0|19|17|23|0|19|0|19|0|19|0|19|0|19|0|19|0|19|3|7|0|19|0|19|14|23|0|19|0|19|5029|639|2431|336|131|71|22|26|166|104|77|59|97|84|43|39|106|73|268|123|333|131|390|146|333|113|436|203|29|34|2598|379|120|136|21|24|259|118|71|37|13|21|54|42|92|61|209|108|378|153|369|154|400|145|459|209|153|86
1400000US25017382300|5920|606|149|88|58|53|0|19|0|19|0|19|0|19|0|19|0|19|33|48|4|10|0|19|0|19|6|15|15|25|0|19|91|84|0|19|0|19|0|19|0|19|0|19|0|19|17|30|12|11|0|19|21|36|19|31|5|12|17|28|5771|590|2831|373|170|82|45|58|309|141|44|44|45|57|159|90|133|94|172|100|276|84|489|137|503|233|227|114|259|113|2940|390|35|39|44|49|290|121|202|120|41|48|80|73|190|85|161|74|376|99|435|120|589|285|244|113|253|91
1400000US25017382400|5275|605|297|205|141|107|0|19|0|19|0|19|0|19|0|19|25|40|0|19|0|19|0|19|0|19|46|73|15|25|55|76|156|123|0|19|0|19|0|19|12|20|0|19|0|19|0|19|0|19|0|19|33|40|56|69|0|19|55|76|4978|615|2192|323|107|68|30|48|189|112|65|47|36|42|42|41|146|94|297|244|277|61|303|113|337|112|262|101|101|70|2786|382|129|70|99|80|195|102|83|69|14|25|70|66|107|126|257|219|419|83|268|107|483|159|308|143|354|185
1400000US25017382500|5677|1001|724|493|388|344|142|186|0|19|63|97|0|19|0|19|0|19|61|96|0|19|72|94|18|28|0|19|0|19|32|36|336|187|0|19|0|19|18|27|0|19|18|27|0|19|115|98|59|91|45|70|18|27|0|19|15|27|48|42|4953|997|2295|591|82|59|30|39|132|68|97|71|32|38|82|64|220|189|516|215|353|147|267|104|333|221|86|59|65|54|2658|473|112|81|52|80|129|88|63|53|20|31|15|24|266|152|530|244|356|145|421|241|269|85|248|85|177|97
1400000US25017382601|4587|609|110|96|12|18|0|14|0|14|0|14|0|14|0|14|0|14|0|14|9|17|0|14|0|14|3|8|0|14|0|14|98|105|0|14|0|14|0|14|0|14|0|14|0|14|60|93|16|26|0|14|4|16|15|25|3|7|0|14|4477|602|2101|330|246|167|12|22|55|49|20|30|0|14|63|101|94|78|560|196|491|155|181|108|143|87|165|111|71|61|2376|351|185|143|42|42|117|88|12|22|29|32|59|59|62|58|723|186|406|150|286|204|215|94|152|86|88|61
1400000US25017382602|4845|476|382|141|190|109|0|14|0|14|0|14|0|14|17|26|21|33|0|14|11|18|2|4|79|86|42|41|0|14|18|29|192|93|0|14|0|14|0|14|0|14|0|14|0|14|0|14|0|14|0|14|25|29|33|52|65|53|69|62|4463|477|2338|318|121|76|53|52|275|90|219|110|0|14|0|14|80|72|159|93|358|84|294|114|220|95|310|138|249|188|2125|298|44|41|12|16|155|68|92|57|18|29|0|14|112|119|232|101|260|85|278|98|278|97|264|82|380|179
1400000US25017383101|3654|458|703|284|327|122|16|26|0|14|10|17|21|34|0|14|0|14|41|66|65|82|74|89|4|9|44|46|31|46|21|32|376|241|70|75|26|39|17|28|62|98|0|14|0|14|0|14|35|41|67|63|33|52|24|36|28|33|14|15|2951|469|1725|326|49|46|0|14|149|83|85|65|21|26|67|50|201|109|291|105|347|143|291|131|117|79|91|41|16|20|1226|248|76|57|21|34|119|133|37|51|0|14|12|19|115|62|311|123|156|76|183|86|76|51|101|53|19|18
1400000US25017383102|5474|828|1538|729|764|457|186|194|0|19|136|136|28|34|16|25|14|21|24|27|65|59|184|141|57|59|9|14|24|41|21|35|774|360|171|162|21|34|55|40|119|140|41|48|0|19|43|50|86|63|72|43|132|122|2|19|32|51|0|19|3936|532|2132|299|163|93|101|121|368|150|135|92|3|6|140|95|216|159|295|128|222|98|180|101|217|88|52|44|40|42|1804|317|97|79|0|19|191|103|61|65|35|50|33|53|111|73|444|184|301|127|167|112|181|88|74|40|109|96
1400000US25017383200|6044|992|983|485|395|307|138|137|21|36|21|36|0|19|89|134|20|32|0|19|34|55|43|51|0|19|0|19|29|96|0|19|588|320|101|114|0|19|65|80|19|32|0|19|22|37|0|19|63|80|246|157|0|19|13|19|6|10|53|67|5061|960|2644|642|47|60|42|59|340|207|209|211|0|19|18|31|214|166|390|196|650|339|393|134|154|72|148|99|39|39|2417|451|267|148|0|19|116|88|78|81|26|44|0|19|117|89|466|192|448|182|324|151|395|180|129|83|51|50
1400000US25017383300|3533|625|233|160|105|89|0|14|0|14|0|14|0|14|0|14|0|14|47|63|0|14|0|14|0|14|49|61|9|16|0|14|128|125|0|14|0|14|0|14|0|14|0|14|0|14|0|14|0|14|0|14|88|116|26|41|1|3|13|20|3300|674|1607|406|132|102|5|9|65|71|5|8|0|14|78|92|40|64|387|156|255|154|299|180|187|125|81|55|73|43|1693|375|294|228|0|14|131|102|23|27|14|22|0|14|16|25|269|114|257|132|250|155|94|81|110|53|235|93
1400000US25017383401|2817|690|347|239|129|87|0|14|0|14|32|51|34|53|0|14|0|14|0|14|23|26|0|14|0|14|40|63|0|14|0|14|218|180|37|59|0|14|29|47|0|14|0|14|0|14|20|32|74|71|0|14|0|14|16|40|26|39|16|35|2470|718|1181|406|109|98|7|12|86|92|0|14|20|31|0|14|183|144|219|140|223|112|152|171|104|110|23|22|55|48|1289|398|71|70|32|49|179|135|11|18|105|114|0|14|80|99|127|108|257|117|131|118|223|156|23|42|50|48
1400000US25017383402|3828|606|606|465|337|254|0|14|0|14|74|105|0|14|0|14|58|87|15|29|34|46|74|106|41|54|41|47|0|14|0|14|269|220|13|26|0|14|42|51|57|83|0|14|0|14|0|14|32|43|91|98|0|14|27|40|0|14|7|12|3222|729|1670|407|101|92|46|58|134|116|69|59|46|63|36|39|267|121|264|168|317|148|172|195|115|80|86|69|17|27|1552|441|101|99|110|99|123|69|69|56|45|74|45|74|60|94|398|170|140|96|196|75|72|59|147|103|46|40
1400000US25017383501|4085|483|727|291|378|176|30|47|0|14|108|127|0|14|14|29|31|50|0|14|30|47|0|14|0|14|18|15|113|104|34|41|349|160|0|14|0|14|0|14|0|14|0|14|0|14|42|41|54|69|16|26|128|102|12|16|55|50|42|47|3358|533|1597|288|22|19|8|13|126|96|91|72|17|26|52|42|54|55|386|162|269|124|243|125|99|58|156|84|74|75|1761|362|103|81|47|64|115|70|47|65|17|27|17|27|202|135|293|171|220|104|161|72|281|128|175|82|83|63
1400000US25017383502|2747|561|104|102|51|52|0|14|0|14|0|14|0|14|0|14|0|14|0|14|1|2|0|14|0|14|30|46|19|21|1|2|53|72|12|21|0|14|10|16|9|16|0|14|0|14|0|14|0|14|10|17|0|14|0|14|9|13|3|3|2643|566|1193|356|31|28|0|14|23|30|9|14|0|14|8|13|261|127|114|67|120|65|140|75|167|72|290|229|30|27|1450|278|71|42|29|23|123|79|25|25|28|43|13|20|136|97|121|58|242|77|200|81|250|124|71|39|141|132
1400000US25017383600|5744|714|411|202|147|66|0|19|0|19|0|19|0|19|0|19|0|19|0|19|55|61|0|19|19|29|0|19|73|4|0|19|264|198|0|19|0|19|13|22|0|19|0|19|0|19|0|19|23|34|122|109|0|19|26|42|57|90|23|38|5333|695|2647|375|150|115|78|83|111|90|84|77|54|78|16|34|219|125|345|131|227|135|390|194|445|181|314|131|214|167|2686|390|216|159|19|31|40|37|105|114|58|75|71|68|228|146|366|159|334|115|259|141|319|125|312|135|359|232
1400000US25017383700|5174|712|295|246|123|80|0|19|0|19|0|19|0|19|0|19|0|19|0|19|62|75|2|8|4|9|21|27|34|37|0|19|172|181|46|69|0|19|38|57|0|19|0|19|0|19|0|19|37|55|2|4|16|24|0|19|16|25|17|27|4879|694|2535|440|304|117|0|19|155|116|14|23|0|19|47|51|485|271|334|107|209|95|291|112|371|164|206|86|119|98|2344|381|96|74|8|22|77|60|13|17|13|20|98|72|164|158|340|114|327|116|393|199|403|143|174|81|238|130
1400000US25017383800|5954|1179|288|174|92|78|0|19|0|19|0|19|0|19|0|19|0|19|0|19|25|42|0|19|0|19|67|66|0|19|0|19|196|155|12|22|13|24|39|70|0|19|0|19|0|19|0|19|51|41|33|37|1|4|0|19|16|27|31|37|5666|1183|2872|657|163|83|227|311|216|129|60|57|32|39|37|51|85|74|397|131|484|304|282|136|456|139|346|97|87|59|2794|597|282|264|23|39|87|58|79|85|18|30|20|26|199|154|324|130|557|274|154|84|540|143|352|95|159|83
1400000US25017383902|5920|777|141|94|46|33|0|19|0|19|8|12|15|22|0|19|0|19|0|19|0|19|9|14|0|19|1|4|0|19|13|21|95|67|13|19|0|19|0|19|7|11|17|24|0|19|0|19|14|20|0|19|8|13|0|19|11|17|25|27|5779|770|2972|431|87|58|33|27|299|175|130|68|45|30|84|50|191|101|99|52|357|107|474|134|546|177|411|195|216|67|2807|410|45|33|47|38|263|150|105|63|34|28|70|50|150|71|188|114|512|171|376|129|389|97|391|152|237|76
1400000US25017383903|2527|427|239|354|84|120|0|14|0|14|0|14|0|14|0|14|32|53|0|14|1|3|40|67|1|3|0|14|0|14|10|14|155|235|75|119|0|14|0|14|0|14|0|14|0|14|40|64|0|14|32|53|8|14|0|14|0|14|0|14|2288|375|920|156|28|29|12|22|66|67|21|27|36|39|0|14|57|46|75|62|145|47|78|57|175|64|161|86|66|43|1368|287|66|51|0|14|83|51|11|18|82|77|94|78|95|69|101|77|177|69|111|53|284|93|119|60|145|101
1400000US25017383904|4806|476|441|183|125|81|0|14|0|14|0|14|0|14|0|14|0|14|0|14|3|6|13|20|0|14|55|50|21|33|33|47|316|170|39|67|0|14|0|14|0|14|0|14|0|14|0|14|59|79|0|14|0|14|30|36|134|122|54|31|4365|505|2451|382|119|86|38|54|230|115|128|113|15|23|34|55|192|122|199|110|275|103|350|137|420|177|293|158|158|81|1914|287|65|52|25|34|88|56|55|57|15|23|0|14|87|120|177|99|251|90|351|143|402|193|222|123|176|92
1400000US25017384003|5392|777|519|233|179|112|0|19|0|19|0|19|0|19|0|19|0|19|0|19|3|4|69|107|21|34|80|100|6|11|0|19|340|173|27|44|0|19|0|19|0|19|0|19|0|19|72|75|150|125|0|19|0|19|0|19|50|65|41|40|4873|794|2676|493|81|77|28|47|248|156|0|19|21|34|26|41|403|295|403|190|346|214|250|162|502|200|273|116|95|57|2197|394|27|46|0|19|159|121|76|64|0|19|0|19|276|166|429|196|288|133|143|69|428|185|205|83|166|78
1400000US25017384004|1405|170|31|25|18|17|0|14|0|14|0|14|8|11|0|14|0|14|0|14|0|14|0|14|2|7|8|14|0|14|0|14|13|16|0|14|0|14|0|14|0|14|0|14|0|14|0|14|0|14|0|14|7|11|5|8|0|14|1|8|1374|168|615|108|62|40|8|12|45|29|0|14|6|9|0|14|65|49|83|58|102|33|67|40|30|20|90|33|57|29|759|108|57|28|18|22|59|36|8|11|16|20|4|6|59|48|101|46|148|48|45|38|64|27|117|61|63|31
1400000US25017385101|2965|656|102|91|68|81|0|14|0|14|0|14|0|14|0|14|0|14|0|14|0|14|0|14|0|14|56|81|12|20|0|14|34|34|0|14|0|14|0|14|0|14|0|14|0|14|0|14|0|14|13|22|0|14|0|14|12|20|9|15|2863|662|1314|276|56|46|0|14|68|58|24|27|0|14|11|18|64|54|307|220|345|103|96|66|145|72|124|90|74|48|1549|421|35|37|0|14|201|161|93|59|25|25|17|28|35|32|495|241|186|80|123|57|153|77|94|68|92|47
1400000US25017385102|4737|504|254|227|138|119|0|14|0|14|0|14|0|14|0|14|0|14|63|100|59|66|1|8|0|14|15|21|0|14|0|14|116|125|0|14|0|14|0|14|0|14|0|14|0|14|0|14|0|14|84|118|0|14|0|14|10|17|22|35|4483|497|2209|399|69|66|0|14|204|96|50|49|0|14|28|26|136|71|348|117|452|279|275|98|283|100|223|129|141|52|2274|269|120|90|10|17|214|95|20|28|97|81|29|29|176|93|238|92|321|132|376|96|352|102|173|78|148|62
1400000US25017385201|2794|344|110|63|42|37|0|14|0|14|0|14|0|14|0|14|0|14|0|14|0|14|0|14|12|19|19|26|0|14|11|18|68|42|0|14|0|14|0|14|0|14|0|14|0|14|1|2|0|14|14|21|0|14|28|28|21|19|4|7|2684|346|1296|222|122|118|27|30|140|120|101|80|0|14|0|14|14|17|36|33|225|86|205|84|130|65|222|118|74|53|1388|206|31|26|0|14|58|51|40|42|9|15|12|20|73|59|113|84|153|62|280|96|134|83|239|122|246|121
1400000US25017385203|4572|507|225|148|75|68|0|14|0|14|15|28|0|14|0|14|0|14|0|14|0|14|15|27|0|14|33|43|12|20|0|14|150|100|0|14|0|14|0|14|0|14|0|14|17|32|0|14|27|42|14|27|0|14|16|27|24|28|52|71|4347|511|2083|313|90|64|30|47|103|80|64|87|0|14|22|34|93|79|273|156|405|215|354|149|378|158|216|93|55|47|2264|325|152|88|0|14|120|88|27|43|42|48|32|42|88|72|261|131|390|168|161|99|476|220|339|97|176|82
1400000US25017385204|3462|357|70|80|45|58|0|14|0|14|16|26|0|14|0|14|0|14|0|14|0|14|0|14|17|28|12|23|0|14|0|14|25|26|0|14|14|23|0|14|0|14|0|14|0|14|0|14|0|14|0|14|0|14|0|14|2|8|9|14|3392|360|1784|283|174|87|30|35|131|99|33|46|16|27|92|69|229|148|216|109|222|110|231|102|236|55|71|41|103|50|1608|212|93|64|13|20|97|86|65|43|19|26|0|14|170|104|274|95|201|94|288|103|234|95|96|49|58|39
1400000US25017386100|4404|21|81|80|32|33|0|14|0|14|0|14|0|14|4|10|0|14|0|14|0|14|0|14|4|11|24|26|0|14|0|14|49|51|0|14|0|14|4|11|0|14|0|14|4|11|13|20|0|14|0|14|4|11|12|18|12|19|0|14|4323|85|2149|118|258|131|34|31|216|68|124|60|56|49|86|54|54|38|97|69|235|59|337|79|357|105|179|62|116|58|2174|114|105|62|18|21|170|70|158|68|22|27|59|35|121|67|121|50|364|129|407|78|266|71|211|55|152|68
1400000US25017387100|4377|382|144|80|52|35|0|14|0|14|10|15|0|14|0|14|0|14|0|14|7|15|4|12|12|17|0|14|17|24|2|5|92|59|0|14|0|14|10|15|0|14|0|14|0|14|0|14|5|19|0|14|21|23|0|14|13|23|43|33|4233|387|1968|267|47|39|34|30|132|53|130|67|25|23|76|44|163|82|105|47|219|70|473|168|239|83|235|69|90|46|2265|194|60|45|11|16|181|66|172|54|19|19|72|41|158|72|115|59|317|81|339|77|337|85|235|61|249|92
1400000US25017387201|5949|448|244|130|124|77|0|19|0|19|20|32|0|19|0|19|0|19|0|19|1|4|6|11|1|4|23|35|73|70|0|19|120|79|18|29|0|19|0|19|0|19|0|19|0|19|0|19|19|30|20|33|0|19|13|24|34|52|16|26|5705|460|2957|309|129|78|103|78|160|94|121|82|24|37|62|50|225|134|240|126|371|173|459|154|542|168|312|127|209|133|2748|297|198|85|0|19|153|83|70|60|33|30|102|59|233|198|183|99|479|102|280|120|466|155|287|123|264|123
1400000US25017387202|4611|500|86|88|63|56|0|14|0|14|0|14|0|14|0|14|0|14|0|14|0|14|41|51|11|17|11|15|0|14|0|14|23|35|0|14|0|14|0|14|0|14|0|14|0|14|23|35|0|14|0|14|0|14|0|14|0|14|0|14|4525|504|2440|324|103|43|41|29|310|153|135|90|54|36|100|53|127|81|168|76|327|155|393|101|325|63|220|62|137|64|2085|245|79|44|0|14|175|78|80|39|90|105|14|22|164|81|104|48|271|69|396|110|290|70|314|175|108|43
1400000US25017388100|5468|20|197|123|77|71|0|19|0|19|0|19|0|19|0|19|47|53|15|23|9|12|6|9|0|19|0|19|0|19|0|19|120|71|0|19|0|19|0|19|0|19|0|19|0|19|64|74|0|19|28|44|0|19|8|14|20|33|0|19|5271|125|2490|216|79|64|64|65|213|91|90|78|26|37|37|40|76|57|274|125|360|92|275|100|600|167|318|115|78|58|2781|243|0|19|0|19|298|85|93|65|15|26|63|85|531|293|192|95|344|93|322|137|578|161|205|82|140|85
1400000US25017388200|5743|100|122|81|77|66|0|19|0|19|0|19|0|19|0|19|0|19|13|20|0|19|0|19|0|19|64|61|0|19|0|19|45|41|0|19|0|19|0|19|0|19|0|19|0|19|0|19|0|19|0|19|0|19|33|35|0|19|12|20|5621|125|2988|181|208|123|89|96|136|81|143|80|45|50|55|51|99|71|393|165|434|123|210|87|469|109|470|159|237|213|2633|165|60|51|46|48|147|63|105|68|10|16|49|53|86|59|240|122|444|136|347|136|545|156|224|85|330|192
1400000US25017388300|3678|432|1161|302|542|194|33|37|34|55|46|53|9|16|0|19|9|15|189|137|49|43|37|60|50|58|73|56|13|23|0|19|619|180|58|54|0|19|62|73|0|19|0|19|0|19|25|28|86|65|74|95|46|33|174|64|25|30|69|58|2517|421|1184|283|29|45|35|52|68|79|105|82|39|53|0|19|244|128|167|96|75|67|166|89|125|80|119|103|12|19|1333|284|59|65|0|19|119|86|20|39|73|64|0|19|176|116|229|129|240|151|28|30|124|125|65|63|200|136
1400000US25017980000|0|14|0|14|0|14|0|14|0|14|0|14|0|14|0|14|0|14|0|14|0|14|0|14|0|14|0|14|0|14|0|14|0|14|0|14|0|14|0|14|0|14|0|14|0|14|0|14|0|14|0|14|0|14|0|14|0|14|0|14|0|14|0|14|0|14|0|14|0|14|0|14|0|14|0|14|0|14|0|14|0|14|0|14|0|14|0|14|0|14|0|14|0|14|0|14|0|14|0|14|0|14|0|14|0|14|0|14|0|14|0|14|0|14|0|14|0|14
1400000US25019950100|2347|623|154|69|80|46|0|14|0|14|0|14|0|14|0|14|26|57|3|20|0|14|7|13|15|31|0|14|16|25|13|12|74|54|0|14|0|14|0|14|0|14|0|14|0|14|0|14|29|44|0|14|9|15|0|14|20|15|16|18|2193|627|959|268|44|34|14|21|101|90|101|90|11|17|4|7|57|53|92|54|112|79|81|45|122|55|165|61|55|32|1234|388|138|90|0|14|132|95|24|26|0|14|48|41|69|64|119|77|162|142|167|83|125|53|152|48|98|37
1400000US25019950201|4614|758|33|38|20|29|0|14|0|14|0|14|0|14|0|14|0|14|20|29|0|14|0|14|0|14|0|14|0|14|0|14|13|27|0|14|0|14|0|14|0|14|0|14|0|14|0|14|0|14|13|27|0|14|0|14|0|14|0|14|4581|757|2487|536|58|44|31|37|228|116|91|83|63|76|27|29|267|251|370|130|298|117|682|235|123|69|111|70|138|55|2094|348|0|14|0|14|94|67|47|45|34|45|24|33|0|14|292|140|929|195|250|100|168|76|139|75|117|51
1400000US25019950202|2641|667|41|53|9|16|0|14|0|14|0|14|0|14|0|14|0|14|0|14|0|14|0|14|0|14|0|14|0|14|9|16|32|51|0|14|0|14|0|14|0|14|0|14|0|14|32|51|0|14|0|14|0|14|0|14|0|14|0|14|2600|680|1443|408|75|59|13|21|77|75|104|115|22|28|11|22|0|14|133|119|345|208|121|89|332|290|161|71|49|42|1157|383|84|72|0|14|78|70|44|38|0|14|93|93|34|60|165|115|165|107|137|83|215|154|100|53|42|36
1400000US25019950307|478|155|3|5|0|14|0|14|0|14|0|14|0|14|0|14|0|14|0|14|0|14|0|14|0|14|0|14|0|14|0|14|3|5|0|14|0|14|0|14|0|14|0|14|0|14|0|14|0|14|0|14|0|14|0|14|0|14|3|5|475|156|268|103|0|14|0|14|12|15|0|14|0|14|3|6|0|14|15|25|20|26|31|34|97|79|79|40|11|17|207|67|0|14|0|14|9|12|0|14|0|14|0|14|12|20|3|5|20|28|10|15|75|47|66|24|12|12
1400000US25019950400|2932|725|75|57|45|53|0|14|0|14|0|14|0|14|0|14|0|14|45|53|0|14|0|14|0|14|0|14|0|14|0|14|30|28|0|14|0|14|0|14|0|14|0|14|0|14|0|14|9|16|0|14|21|22|0|14|0|14|0|14|2857|731|1232|382|98|98|74|125|80|79|73|77|6|10|13|16|65|57|57|66|211|111|237|113|171|81|92|49|55|37|1625|415|123|58|58|76|42|42|83|88|17|27|22|30|150|84|251|140|325|138|160|72|216|89|147|63|31|28
1400000US25019950500|1134|205|122|117|64|62|0|14|0|14|0|14|0|14|0|14|13|28|13|29|0|14|0|14|0|14|0|14|0|14|38|54|58|63|0|14|0|14|0|14|0|14|0|14|0|14|0|14|0|14|0|14|0|14|9|13|1|2|48|62|1012|199|612|159|19|21|0|14|5|10|0|14|0|14|136|73|64|56|20|36|74|57|54|34|150|76|59|52|31|21|400|102|7|13|0|14|27|18|9|14|8|14|11|20|13|23|4|8|23|20|81|46|108|50|65|36|44|28
1400000US25019990000|0|14|0|14|0|14|0|14|0|14|0|14|0|14|0|14|0|14|0|14|0|14|0|14|0|14|0|14|0|14|0|14|0|14|0|14|0|14|0|14|0|14|0|14|0|14|0|14|0|14|0|14|0|14|0|14|0|14|0|14|0|14|0|14|0|14|0|14|0|14|0|14|0|14|0|14|0|14|0|14|0|14|0|14|0|14|0|14|0|14|0|14|0|14|0|14|0|14|0|14|0|14|0|14|0|14|0|14|0|14|0|14|0|14|0|14|0|14
1400000US25021400100|5091|512|804|301|342|168|24|38|11|18|17|27|0|19|0|19|0|19|33|54|166|67|11|20|32|56|0|19|34|43|14|23|462|203|10|17|25|41|0|19|0|19|0|19|0|19|83|81|136|108|10|17|27|46|10|17|93|81|68|92|4287|534|1706|397|50|56|0|19|81|68|16|25|0|19|0|19|279|245|391|151|273|142|121|85|300|122|126|70|69|55|2581|322|222|116|0|19|174|138|73|74|0|19|0|19|198|135|597|193|437|154|93|86|474|202|156|75|157|112
1400000US25021400201|3198|558|251|261|19|29|0|14|0|14|0|14|0|14|0|14|0|14|0|14|0|14|19|29|0|14|0|14|0|14|0|14|232|257|0|14|0|14|0|14|0|14|0|14|0|14|0|14|0|14|17|25|13|21|0|14|37|54|165|248|2947|553|1410|326|118|75|10|19|47|37|0|14|0|14|14|23|108|149|401|237|226|88|177|111|94|41|71|52|144|78|1537|299|58|45|67|69|101|71|0|14|0|14|0|14|219|151|369|185|325|113|86|62|153|72|89|37|70|41
1400000US25021400202|3537|679|938|373|368|238|11|17|0|14|14|23|0|14|0|14|0|14|306|239|10|26|2|5|9|15|14|23|2|5|0|14|570|293|0|14|0|14|0|14|0|14|0|14|0|14|394|241|49|40|28|31|0|14|12|20|73|117|14|23|2599|564|1244|378|58|55|32|32|76|96|87|86|35|61|0|14|298|230|190|137|116|69|126|61|93|82|113|62|20|23|1355|297|195|195|37|45|70|53|49|54|0|14|20|33|135|110|182|121|111|81|321|165|103|91|111|41|21|27
1400000US25021400300|4425|612|402|178|130|93|0|14|0|14|0|14|0|14|0|14|0|14|58|86|42|31|4|10|0|14|0|14|11|17|15|24|272|109|0|14|0|14|0|14|0|14|12|19|0|14|61|50|129|94|11|17|0|14|30|39|20|32|9|14|4023|625|1761|323|137|74|13|23|230|129|38|45|9|13|67|62|125|75|204|88|240|94|220|103|241|79|152|54|85|45|2262|392|102|99|27|40|152|76|83|82|50|54|58|57|204|123|530|201|327|173|212|112|241|76|219|85|57|36
1400000US25021400401|3929|558|556|249|155|91|0|14|0|14|0|14|0|14|0|14|0|14|78|71|0|14|0|14|0|14|36|41|0|14|41|42|401|193|0|14|0|14|0|14|0|14|22|33|0|14|129|113|24|37|11|13|21|31|18|30|29|34|147|114|3373|551|1546|339|114|98|19|30|62|28|16|27|0|14|0|14|109|92|497|157|189|118|73|55|294|213|100|54|73|57|1827|321|28|36|0|14|21|28|0|14|0|14|44|55|251|115|590|217|143|73|104|58|205|156|252|186|189|82
1400000US25021400402|1957|359|74|70|55|66|0|14|0|14|0|14|0|14|0|14|0|14|0|14|0|14|27|34|26|34|0|14|2|6|0|14|19|26|0|14|0|14|8|13|0|14|0|14|0|14|0|14|0|14|7|13|0|14|4|6|0|14|0|14|1883|354|970|149|45|42|5|8|63|52|40|29|0|14|26|24|33|38|138|72|117|68|230|118|173|76|87|44|13|16|913|264|49|39|0|14|97|96|88|84|14|21|0|14|49|40|126|65|100|58|144|76|91|48|103|51|52|49
1400000US25021400500|5716|639|406|212|166|118|0|19|0|19|0|19|0|19|0|19|0|19|68|109|37|41|0|19|16|31|19|29|10|24|16|26|240|174|0|19|0|19|0|19|19|29|0|19|0|19|162|157|0|19|0|19|33|40|18|28|0|19|8|23|5310|614|2559|456|126|94|0|19|193|96|110|83|83|86|38|43|349|251|570|311|438|150|235|135|145|122|77|58|195|94|2751|464|57|50|22|36|114|63|94|69|19|29|18|29|309|150|857|375|426|182|414|163|132|77|132|85|157|85
1400000US25021400600|5311|639|115|94|35|40|0|19|0|19|0|19|0|19|0|19|0|19|3|6|0|19|0|19|0|19|21|35|11|18|0|19|80|85|0|19|0|19|0|19|0|19|0|19|0|19|0|19|66|83|0|19|0|19|0|19|0|19|14|20|5196|648|2441|433|67|73|68|69|46|55|72|57|19|30|75|59|363|261|449|226|394|171|208|73|198|89|285|136|197|128|2755|427|127|90|0|19|104|72|69|63|0|19|60|54|209|185|511|218|358|158|274|112|407|173|508|287|128|63
1400000US25021400700|3912|447|438|274|169|175|13|22|0|14|0|14|0|14|0|14|0|14|120|170|7|11|10|15|0|14|19|31|0|14|0|14|269|188|0|14|0|14|8|13|0|14|0|14|0|14|231|188|23|23|0|14|0|14|0|14|7|10|0|14|3474|464|1459|235|54|40|32|35|106|61|150|104|16|18|27|25|46|44|324|102|211|82|152|66|167|93|79|48|95|55|2015|352|67|49|38|36|163|72|51|32|0|14|34|31|181|105|479|268|224|83|274|76|151|75|249|114|104|55
1400000US25021400800|5781|607|369|194|125|97|0|19|0|19|0|19|0|19|0|19|0|19|52|59|21|30|33|56|19|31|0|19|0|19|0|19|244|161|0|19|0|19|0|19|0|19|0|19|0|19|105|119|64|64|53|76|0|19|0|19|22|25|0|19|5412|591|2446|374|177|128|23|41|113|82|72|56|56|67|0|19|163|131|513|159|387|130|278|114|322|158|193|79|149|85|2966|396|234|134|0|19|220|144|34|56|20|31|39|45|468|239|474|174|511|146|310|120|266|124|147|68|243|111
1400000US25021400900|3865|455|682|250|372|196|16|26|0|14|0|14|0|14|0|14|0|14|212|176|126|106|0|14|0|14|18|21|0|14|0|14|310|124|0|14|0|14|9|14|0|14|0|14|0|14|0|14|72|59|0|14|9|15|101|82|36|43|83|66|3183|449|1555|296|124|97|10|15|155|81|48|42|0|14|55|56|160|131|279|108|378|127|61|65|135|76|63|46|87|62|1628|248|8|15|0|14|87|82|79|64|12|19|0|14|49|44|380|120|269|127|204|77|197|88|158|79|185|108
1400000US25021401000|3526|410|426|194|199|123|5|8|0|14|36|46|15|20|0|14|14|18|0|14|36|55|0|14|87|66|1|2|5|9|0|14|227|121|35|57|0|14|9|17|21|25|0|14|13|17|35|34|0|14|42|42|40|46|27|42|0|14|5|10|3100|415|1365|263|60|46|41|36|114|58|27|29|43|42|42|36|82|66|139|60|242|61|199|87|129|43|173|109|74|45|1735|264|112|45|0|14|119|51|86|82|0|14|28|25|190|133|328|116|191|91|282|128|142|48|169|56|88|50
1400000US25021401100|4613|529|131|111|58|71|0|14|0|14|0|14|0|14|16|24|0|14|0|14|0|14|0|14|32|53|0|14|0|14|10|15|73|67|25|38|0|14|0|14|0|14|0|14|8|13|9|14|11|18|0|14|13|15|7|12|0|14|0|14|4482|540|2343|303|86|63|93|77|305|112|240|113|23|25|143|82|96|77|146|55|249|83|296|85|287|106|190|87|189|79|2139|329|134|87|0|14|310|156|137|120|34|44|66|44|14|25|277|137|247|65|399|92|199|51|121|48|201|97
1400000US25021401201|5475|776|383|178|109|79|28|45|0|19|8|12|0|19|7|11|0|19|0|19|4|8|21|23|20|33|1|10|0|19|20|24|274|142|34|54|0|19|16|28|8|14|58|70|0|19|27|28|40|51|22|36|15|19|0|19|12|18|42|34|5092|805|2788|574|282|137|16|21|93|55|392|336|9|18|267|162|70|63|161|81|335|195|524|208|263|134|190|63|186|118|2304|347|149|92|0|19|229|105|63|57|25|26|86|122|117|113|129|78|397|158|390|114|314|115|231|85|174|82
1400000US25021401202|1284|222|38|33|12|13|0|14|0|14|0|14|0|14|0|14|0|14|2|5|0|14|0|14|2|5|0|14|8|13|0|14|26|24|0|14|0|14|0|14|0|14|12|19|0|14|0|14|0|14|0|14|0|14|0|14|14|15|0|14|1246|223|532|121|36|33|7|11|22|20|9|14|0|14|26|20|26|36|26|29|59|37|98|54|92|56|41|37|90|43|714|160|35|34|10|13|47|31|0|14|0|14|27|27|38|46|66|51|55|23|81|59|73|41|105|51|177|81
1400000US25021402101|3380|348|147|78|47|33|0|14|0|14|0|14|0|14|0|14|0|14|0|14|0|14|0|14|0|14|1|2|38|30|8|13|100|55|0|14|0|14|0|14|0|14|0|14|0|14|0|14|14|22|0|14|0|14|0|14|58|39|28|24|3233|357|1520|211|18|28|0|14|110|57|40|42|20|23|21|27|95|126|226|97|246|114|199|87|274|92|142|86|129|73|1713|231|22|34|15|21|115|46|59|55|17|27|35|45|81|67|280|168|176|70|215|115|261|82|299|108|138|73
1400000US25021402102|4620|536|512|328|254|210|0|14|62|95|51|78|0|14|0|14|0|14|0|14|69|103|0|14|9|13|38|44|5|8|20|22|258|169|0|14|0|14|0|14|25|40|0|14|0|14|40|59|0|14|84|101|58|50|51|45|0|14|0|14|4108|503|1919|349|139|85|11|18|55|38|72|70|19|24|24|34|195|91|351|170|313|107|319|134|185|94|175|84|61|39|2189|371|136|82|88|86|106|76|200|111|25|37|40|49|224|138|344|138|249|86|267|116|175|83|268|97|67|38
1400000US25021402200|2294|330|56|35|19|16|0|14|0|14|0|14|0|14|0|14|0|14|0|14|3|6|0|14|0|14|9|12|7|10|0|14|37|31|0|14|0|14|0|14|4|8|0|14|0|14|14|16|0|14|5|8|4|6|0|14|0|14|10|11|2238|323|1040|144|38|29|5|8|106|47|26|20|12|17|19|19|99|49|113|45|162|37|181|69|150|53|91|40|38|23|1198|272|87|34|0|14|30|25|57|55|7|12|23|22|84|33|89|32|156|42|194|46|300|255|146|45|25|20
1400000US25021402300|4338|466|104|58|35|38|0|14|0|14|0|14|0|14|0|14|0|14|0|14|0|14|0|14|0|14|10|15|25|35|0|14|69|42|9|15|0|14|0|14|0|14|0|14|0|14|0|14|6|10|8|15|0|14|26|35|10|15|10|15|4234|479|2284|307|92|63|24|27|144|75|153|86|24|27|115|81|149|96|234|86|263|71|312|152|429|120|191|77|154|50|1950|263|201|101|0|14|75|48|89|59|34|32|31|28|95|79|189|77|279|87|260|92|244|96|203|70|250|72
1400000US25021402400|6367|567|128|84|73|62|0|19|0|19|0|19|0|19|0|19|0|19|0|19|12|19|3|8|4|6|0|19|37|44|17|28|55|45|0|19|0|19|0|19|0|19|0|19|0|19|0|19|0|19|0|19|0|19|0|19|10|17|45|42|6239|587|2890|383|239|109|66|92|133|114|49|63|8|13|0|19|386|221|390|150|506|109|362|155|337|109|216|87|198|91|3349|338|238|131|0|19|249|111|0|19|146|110|60|55|271|192|376|123|528|144|440|146|468|156|282|130|291|119
1400000US25021402500|3385|380|174|128|37|35|0|14|0|14|0|14|0|14|0|14|0|14|0|14|4|8|0|14|0|14|13|19|0|14|20|24|137|120|0|14|0|14|0|14|0|14|0|14|0|14|0|14|11|18|0|14|0|14|21|25|0|14|105|118|3211|358|1517|218|23|27|0|14|62|48|81|41|17|23|55|57|185|106|65|45|185|92|197|71|262|82|229|67|156|72|1694|245|38|29|0|14|123|57|51|36|8|12|76|52|24|29|86|55|97|48|357|144|291|80|165|76|378|148
1400000US25021403100|7452|661|326|240|121|95|0|19|0|19|0|19|0|19|22|36|1|2|0|19|1|2|19|30|1|2|0|19|45|67|32|38|205|167|0|19|0|19|56|66|36|41|0|19|0|19|0|19|0|19|33|39|20|34|0|19|60|74|0|19|7126|641|3363|299|128|77|36|38|430|136|187|79|56|52|108|71|220|161|166|87|563|135|534|129|569|174|159|78|207|77|3763|473|256|117|32|34|521|143|247|147|60|54|195|205|239|119|245|101|522|125|547|135|447|134|265|102|187|88
1400000US25021403300|4391|448|242|156|106|73|0|14|0|14|22|23|11|16|0|14|0|14|0|14|4|10|15|23|11|17|38|39|5|10|0|14|136|89|16|25|0|14|12|17|11|16|0|14|0|14|0|14|25|35|15|23|12|18|45|40|0|14|0|14|4149|482|2179|260|84|45|30|26|213|64|125|64|15|23|138|90|155|77|96|54|195|64|419|101|342|114|285|82|82|46|1970|270|65|41|13|19|148|52|138|73|58|43|75|42|125|93|90|42|250|68|360|77|314|113|246|49|88|47
1400000US25021403400|6609|695|229|136|129|112|0|19|0|19|0|19|0|19|0|19|0|19|0|19|6|16|9|19|0|19|0|19|96|106|18|24|100|73|0|19|0|19|0|19|0|19|0|19|0|19|0|19|18|29|3|8|0|19|26|33|16|27|37|46|6380|710|3264|467|326|208|17|26|490|251|164|86|33|39|90|71|40|45|137|105|439|88|409|117|489|178|245|106|385|131|3116|385|195|94|28|32|469|191|157|99|11|18|56|55|61|61|71|60|592|152|397|162|501|90|193|80|385|114
1400000US25021403501|2636|462|240|195|98|134|0|14|0|14|0|14|0|14|0|14|0|14|91|134|3|8|0|14|4|8|0|14|0|14|0|14|142|136|0|14|0|14|0|14|0|14|0|14|41|46|54|53|0|14|0|14|40|44|0|14|0|14|7|12|2396|472|1045|230|0|14|0|14|65|59|80|59|9|21|27|37|70|45|104|50|69|63|258|135|109|54|90|54|164|139|1351|298|0|14|74|99|105|62|98|58|0|14|0|14|56|51|96|71|302|140|132|50|81|49|213|61|194|160
1400000US25021403502|4253|517|70|50|47|38|0|14|0|14|0|14|0|14|0|14|0|14|18|29|10|14|0|14|0|14|11|18|8|13|0|14|23|24|0|14|0|14|0|14|0|14|0|14|0|14|0|14|0|14|3|7|0|14|0|14|20|23|0|14|4183|528|1885|311|44|49|37|43|168|68|63|51|26|25|76|58|81|64|97|75|321|73|345|106|323|211|231|156|73|48|2298|300|204|70|66|58|258|103|80|74|31|31|88|65|46|62|124|78|307|78|433|89|323|169|208|129|130|70
1400000US25021404100|4299|628|138|116|55|53|0|14|0|14|14|18|0|14|9|15|0|14|9|15|0|14|7|12|5|11|11|19|0|14|0|14|83|68|7|12|0|14|22|27|9|16|0|14|0|14|0|14|0|14|15|19|17|20|4|9|9|15|0|14|4161|664|2107|425|102|51|46|41|226|93|214|123|34|34|104|96|103|68|111|79|242|59|445|136|188|63|181|75|111|45|2054|302|213|144|4|6|136|59|136|79|28|22|44|36|180|84|147|74|278|52|423|146|199|60|132|47|134|59
1400000US25021404201|3941|352|70|52|21|21|0|14|0|14|0|14|0|14|0|14|0|14|1|3|0|14|0|14|0|14|13|17|6|12|1|3|49|41|0|14|0|14|0|14|0|14|10|17|0|14|18|29|0|14|0|14|0|14|0|14|6|11|15|22|3871|350|1779|220|227|105|14|24|144|80|73|49|46|38|32|30|99|68|60|60|264|95|193|78|429|86|92|38|106|47|2092|217|216|111|30|33|182|86|151|79|98|62|43|31|138|67|104|67|220|76|292|101|296|78|167|62|155|53
1400000US25021404202|3513|462|104|52|37|34|0|19|0|19|0|19|0|19|0|19|0|19|21|29|9|15|0|19|1|14|0|19|3|13|3|13|67|43|0|19|0|19|0|19|0|19|0|19|0|19|0|19|0|19|0|19|18|19|27|34|0|19|22|20|3409|465|1567|239|4|9|25|25|111|93|107|87|56|43|137|59|150|76|25|23|111|53|319|93|275|70|159|85|88|48|1842|327|33|36|16|25|175|138|49|35|80|54|78|81|153|82|39|31|120|60|380|138|291|87|259|104|169|81
1400000US25021404301|5776|740|96|76|53|60|0|19|0|19|0|19|0|19|0|19|0|19|35|57|0|19|6|9|0|19|0|19|0|19|12|20|43|42|0|19|0|19|16|24|0|19|0|19|0|19|19|22|8|12|0|19|0|19|0|19|0|19|0|19|5680|741|2781|426|145|72|11|17|262|131|235|185|75|49|194|186|92|51|76|40|318|117|392|95|502|147|304|92|175|73|2899|399|88|40|16|19|239|99|279|148|64|60|76|58|210|144|141|53|220|68|671|167|409|105|281|77|205|81
1400000US25021404302|3450|457|154|77|78|57|0|14|0|14|0|14|0|14|0|14|9|16|20|32|0|14|0|14|11|18|38|42|0|14|0|14|76|53|0|14|0|14|0|14|0|14|0|14|0|14|0|14|0|14|0|14|0|14|43|43|0|14|33|29|3296|473|1553|259|51|38|13|19|222|121|23|26|55|49|127|74|39|32|73|63|187|51|220|77|296|84|132|66|115|51|1743|284|79|51|10|15|223|179|64|40|5|10|48|42|58|42|78|38|205|97|255|66|376|113|134|49|208|71
1400000US25021404400|4282|480|249|110|135|112|0|19|0|19|0|19|0|19|7|12|7|11|16|28|29|46|0|19|0|19|23|22|29|47|24|22|114|100|0|19|0|19|0|19|0|19|0|19|0|19|8|68|0|19|0|19|12|15|30|27|15|18|49|64|4033|484|1857|271|175|75|12|17|141|66|44|35|16|20|51|36|89|61|119|78|285|101|171|77|279|108|244|82|231|81|2176|307|154|73|28|29|210|100|29|29|10|16|17|20|123|64|167|86|395|111|132|62|327|103|291|88|293|91
1400000US25021405100|5879|37|119|82|79|63|0|19|0|19|0|19|0|19|0|19|0|19|26|37|0|19|0|19|11|17|0|19|32|47|10|16|40|35|0|19|0|19|0|19|10|16|0|19|0|19|2|8|0|19|0|19|9|13|9|15|0|19|10|16|5760|92|2886|199|161|76|35|30|266|100|156|81|108|90|174|112|194|113|99|52|294|61|470|105|523|128|302|81|104|52|2874|203|167|73|13|18|188|73|84|56|59|42|108|63|304|213|95|48|360|74|528|109|460|129|335|78|173|69
1400000US25021406101|6122|509|173|105|123|83|0|19|0|19|0|19|12|18|0|19|0|19|1|4|39|54|0|19|14|18|10|17|21|31|26|35|50|43|12|18|0|19|0|19|0|19|0|19|0|19|0|19|0|19|11|17|0|19|18|20|9|14|0|19|5949|513|2741|384|252|139|36|34|357|248|132|62|30|28|67|52|178|98|163|97|474|164|422|121|338|101|159|69|133|63|3208|327|212|128|0|19|279|117|145|80|131|117|83|72|298|153|145|62|448|180|539|164|379|109|387|130|162|63
1400000US25021406102|6754|502|119|77|49|50|0|19|0|19|0|19|0|19|0|19|0|19|0|19|13|23|0|19|0|19|36|44|0|19|0|19|70|75|0|19|0|19|0|19|0|19|0|19|0|19|0|19|32|50|0|19|0|19|0|19|0|19|38|60|6635|505|3445|398|272|117|81|73|456|154|86|62|14|24|124|115|162|116|258|105|466|108|508|183|547|146|309|97|162|79|3190|356|149|111|15|23|345|163|105|72|0|19|254|142|167|78|284|116|303|80|573|188|603|128|269|81|123|65
1400000US25021407101|4542|422|231|151|55|45|0|14|0|14|0|14|24|39|0|14|0|14|0|14|1|3|1|3|1|3|15|17|10|16|3|5|176|123|0|14|0|14|0|14|0|14|0|14|25|40|0|14|12|18|67|72|39|64|8|13|25|29|0|14|4311|459|1966|290|127|70|0|14|121|61|31|37|43|37|8|14|177|124|168|122|261|88|205|88|307|88|382|181|136|86|2345|319|105|70|6|12|200|104|78|65|47|40|24|26|195|92|118|69|189|69|337|126|552|211|328|171|166|67
1400000US25021407102|4119|421|192|142|146|114|0|14|0|14|17|28|0|14|0|14|19|30|0|14|0|14|20|28|18|30|52|49|20|34|0|14|46|39|0|14|0|14|0|14|0|14|0|14|0|14|5|8|0|14|19|28|5|14|0|14|6|11|11|19|3927|461|1861|295|130|69|58|42|95|60|49|52|53|50|42|43|121|115|210|114|286|107|200|94|256|110|191|72|170|75|2066|259|144|73|0|14|96|69|32|28|43|55|87|58|41|47|134|78|268|86|329|113|331|108|406|213|155|68
1400000US25021408102|5004|448|231|177|128|139|0|19|0|19|11|18|0|19|0|19|0|19|0|19|25|25|0|19|3|25|0|19|10|15|79|125|103|58|0|19|0|19|11|18|0|19|11|19|0|19|22|24|29|19|10|17|0|19|0|19|10|15|10|18|4773|454|2335|270|156|108|66|49|124|90|50|33|32|25|72|43|277|110|325|120|240|113|351|118|320|77|262|65|60|42|2438|286|158|83|12|20|241|130|64|52|21|26|96|65|89|51|432|128|232|102|385|126|404|104|212|55|92|37
1400000US25021408103|3419|551|112|168|0|14|0|14|0|14|0|14|0|14|0|14|0|14|0|14|0|14|0|14|0|14|0|14|0|14|0|14|112|168|0|14|0|14|0|14|0|14|0|14|0|14|0|14|112|168|0|14|0|14|0|14|0|14|0|14|3307|451|1568|217|147|76|47|39|79|51|55|53|0|14|41|30|121|56|107|111|191|43|108|46|492|169|145|97|35|37|1739|380|108|74|0|14|74|50|106|114|88|94|42|34|142|59|160|182|172|52|247|160|378|114|196|83|26|32
1400000US25021408104|4722|418|71|63|29|33|0|14|0|14|0|14|0|14|0|14|0|14|1|3|0|14|0|14|11|18|2|6|15|25|0|14|42|39|0|14|0|14|0|14|0|14|0|14|0|14|0|14|19|28|0|14|0|14|0|14|14|25|9|14|4651|422|2085|210|79|43|6|11|123|70|118|56|72|63|111|58|126|85|231|120|338|58|313|99|335|105|154|66|79|47|2566|315|188|145|46|47|185|97|89|57|60|62|48|41|208|104|330|157|321|76|337|96|314|111|274|97|166|77
1400000US25021409101|4470|583|55|32|25|19|0|19|0|19|0|19|0|19|0|19|0|19|4|16|7|12|0|19|0|19|1|3|6|11|7|10|30|30|0|19|0|19|0|19|0|19|0|19|0|19|12|19|11|18|0|19|0|19|0|19|0|19|7|11|4415|583|2192|338|72|39|37|36|275|214|130|76|23|25|14|28|139|67|189|70|365|220|256|83|359|108|237|70|96|50|2223|289|190|87|8|14|315|227|24|23|81|61|35|41|115|66|138|66|450|176|185|83|384|106|230|74|68|39
1400000US25021409102|5467|597|153|144|43|50|0|19|0|19|31|46|0|19|0|19|0|19|0|19|0|19|0|19|0|19|9|16|3|7|0|19|110|96|0|19|0|19|31|46|0|19|0|19|0|19|0|19|0|19|41|44|10|16|0|19|0|19|28|34|5314|653|2744|356|239|90|86|87|357|140|115|62|54|46|77|63|145|90|144|68|424|113|404|110|348|108|229|65|122|60|2570|359|196|154|41|37|141|60|116|74|39|34|130|73|92|78|188|78|480|141|377|97|330|102|273|73|167|76
1400000US25021410100|6738|710|329|109|85|75|0|19|0|19|0|19|0|19|0|19|0|19|0|19|1|3|2|6|47|73|16|27|19|19|0|19|244|119|0|19|0|19|0|19|0|19|0|19|0|19|0|19|53|62|0|19|32|50|84|59|57|69|18|28|6409|721|3133|360|33|38|65|54|294|151|199|77|15|27|102|72|146|85|250|102|322|100|443|149|542|125|399|125|323|264|3276|597|196|124|139|195|210|117|148|89|33|33|127|121|393|217|277|134|317|94|453|130|484|143|348|94|151|81
1400000US25021410300|4955|697|236|144|95|74|0|14|0|14|0|14|0|14|0|14|0|14|0|14|8|13|0|14|20|19|67|65|0|14|0|14|141|84|0|14|0|14|0|14|0|14|0|14|22|33|0|14|13|21|0|14|22|24|0|14|67|63|17|19|4719|701|2527|523|133|80|0|14|86|64|88|56|43|33|70|46|512|462|309|138|135|60|448|162|408|98|181|59|114|38|2192|253|90|60|21|24|91|58|134|71|4|7|61|75|157|68|268|105|212|72|359|124|354|107|241|70|200|62
1400000US25021410400|6770|703|315|197|116|107|0|19|0|19|18|29|0|19|0|19|0|19|0|19|22|32|10|17|23|43|10|16|1|3|32|43|199|133|36|58|0|19|0|19|0|19|10|16|0|19|21|36|0|19|51|66|25|32|0|19|56|61|0|19|6455|724|3014|399|210|126|31|36|122|75|99|52|65|55|94|60|244|138|311|132|391|124|470|187|567|170|275|103|135|74|3441|600|144|98|20|31|316|229|113|72|0|19|149|146|459|340|320|141|388|114|457|148|539|181|436|134|100|58
1400000US25021411101|4268|786|140|113|94|87|11|19|0|14|0|14|0|14|0|14|0|14|0|14|11|19|0|14|0|14|50|74|0|14|22|34|46|45|0|14|0|14|0|14|0|14|0|14|0|14|0|14|25|29|0|14|0|14|0|14|21|33|0|14|4128|806|1994|400|80|52|85|70|211|193|32|30|59|52|75|57|194|160|256|136|340|217|292|111|245|78|58|41|67|50|2134|465|117|81|0|14|223|170|90|75|8|14|74|72|177|90|230|126|500|261|253|95|211|78|96|56|155|148
1400000US25021411102|4469|584|86|76|46|44|0|14|0|14|11|17|0|14|0|14|0|14|0|14|0|14|25|26|0|14|3|7|0|14|7|13|40|35|0|14|0|14|0|14|0|14|0|14|0|14|0|14|0|14|23|26|2|8|0|14|15|18|0|14|4383|584|2057|302|176|79|31|37|194|144|72|48|62|63|92|57|165|96|202|71|123|72|323|115|345|136|132|54|140|66|2326|361|127|72|23|37|29|34|21|26|33|42|36|39|178|101|372|200|132|73|384|108|445|202|236|76|310|87
1400000US25021411200|7719|741|251|186|88|75|0|19|0|19|0|19|0|19|0|19|0|19|26|42|4|9|0|19|13|24|0|19|11|25|34|53|163|121|13|23|0|19|26|46|0|19|0|19|0|19|30|49|0|19|12|22|0|19|33|38|0|19|49|61|7468|761|3838|523|260|136|27|33|315|155|266|124|134|70|214|107|267|133|365|157|561|149|502|114|336|125|363|123|228|84|3630|430|102|76|23|36|433|174|203|124|173|111|20|33|140|78|472|134|518|144|570|130|420|151|350|116|206|88
1400000US25021411301|5886|534|54|55|54|55|0|19|0|19|0|19|0|19|0|19|0|19|12|31|0|19|0|19|20|33|0|19|4|9|18|29|0|19|0|19|0|19|0|19|0|19|0|19|0|19|0|19|0|19|0|19|0|19|0|19|0|19|0|19|5832|528|2544|279|75|53|10|16|212|120|68|47|19|30|103|69|226|125|220|107|317|102|532|161|276|88|354|89|132|70|3288|413|179|104|34|46|224|99|281|151|60|49|204|154|183|79|257|105|376|120|459|141|419|111|324|120|288|110
1400000US25021411302|3681|389|330|271|195|172|34|57|0|14|34|47|0|14|0|14|4|9|5|11|40|65|54|60|10|13|0|14|0|14|14|22|135|105|16|24|0|14|0|14|0|14|0|14|0|14|0|14|36|59|40|56|15|19|0|14|0|14|28|30|3351|436|1750|282|111|86|16|18|129|73|95|56|6|9|81|72|91|77|356|136|140|61|258|104|249|69|206|59|12|13|1601|214|60|38|19|23|117|59|111|97|42|34|41|29|27|27|235|94|182|82|224|68|241|79|214|71|88|55
1400000US25021412100|6999|806|422|440|180|209|0|19|0|19|0|19|0|19|0|19|0|19|93|116|0|19|0|19|73|91|0|19|0|19|14|22|242|236|0|19|0|19|0|19|0|19|0|19|0|19|195|241|0|19|0|19|0|19|0|19|16|23|31|51|6577|807|2959|383|230|116|36|41|336|138|343|168|30|28|58|52|132|108|329|144|314|64|488|122|325|146|153|83|185|85|3618|658|166|84|62|81|503|141|158|102|9|15|245|206|91|79|305|134|396|75|629|205|488|220|274|95|292|159
1400000US25021412200|3525|539|182|112|72|28|0|14|0|14|0|14|0|14|0|14|0|14|0|14|1|17|19|22|14|26|22|13|16|20|0|14|110|91|0|14|0|14|12|18|0|14|11|19|0|14|21|27|0|14|0|14|14|21|0|14|19|22|33|31|3343|553|1702|414|83|41|24|23|105|64|80|49|0|14|87|51|105|51|282|273|111|34|226|65|322|140|109|42|168|57|1641|213|23|26|25|26|64|52|52|38|69|54|81|45|89|55|48|32|150|42|229|61|340|161|178|54|293|86
1400000US25021412300|5554|610|197|145|90|65|9|14|0|19|0|19|0|19|0|19|0|19|23|34|0|19|11|16|18|26|0|19|20|31|9|15|107|88|0|19|0|19|35|41|23|33|0|19|0|19|0|19|0|19|30|34|0|19|0|19|9|15|10|16|5357|635|2676|380|131|86|24|36|287|99|69|44|31|30|126|67|298|123|181|77|249|70|412|129|421|121|141|65|306|136|2681|323|185|97|47|48|219|83|129|76|17|27|71|67|192|75|226|104|336|82|330|110|366|100|222|103|341|134
1400000US25021413100|6230|574|398|245|135|119|0|19|0|19|17|27|0|19|0|19|0|19|88|112|0|19|0|19|0|19|3|7|13|21|14|21|263|160|0|19|0|19|0|19|0|19|0|19|0|19|0|19|90|116|0|19|19|30|83|90|42|39|29|32|5832|554|3115|448|302|228|0|19|178|116|98|84|0|19|54|51|316|156|489|198|251|119|379|162|407|163|352|149|289|132|2717|372|132|113|0|19|202|103|81|64|84|68|47|73|216|120|318|135|358|126|248|115|357|158|333|129|341|129
1400000US25021413201|4153|484|371|275|56|57|20|34|0|14|0|14|0|14|0|14|0|14|0|14|0|14|0|14|23|39|0|14|0|14|13|24|315|244|2|4|0|14|61|105|0|14|0|14|0|14|30|50|26|42|0|14|28|47|0|14|55|50|113|134|3782|452|1649|268|11|22|0|14|166|78|0|14|78|58|0|14|120|125|487|222|154|98|258|93|121|80|136|72|118|74|2133|292|91|88|0|14|55|57|68|34|33|46|62|52|216|128|243|189|266|100|323|114|221|122|288|92|267|97
1400000US25021413202|2422|627|155|164|54|60|35|55|0|14|6|9|6|9|0|14|0|14|0|14|1|8|0|14|6|10|0|14|0|14|0|14|101|110|0|14|0|14|0|14|22|33|0|14|0|14|20|31|0|14|35|46|0|14|6|10|18|27|0|14|2267|616|1157|375|118|104|22|27|174|192|14|22|7|12|0|14|9|15|210|138|180|88|106|75|113|96|42|36|162|87|1110|271|96|77|0|14|104|111|19|29|0|14|8|13|9|15|202|133|196|122|92|50|144|100|134|67|106|81
1400000US25021413300|5176|529|366|222|143|111|0|19|0|19|0|19|0|19|0|19|24|33|31|45|0|19|32|43|31|46|0|19|25|22|0|19|223|128|0|19|0|19|22|36|30|42|0|19|0|19|27|39|18|30|32|36|29|41|0|19|26|23|39|40|4810|586|2444|379|143|99|21|25|88|58|77|42|53|43|120|71|130|76|252|89|424|162|292|94|396|150|161|55|287|92|2366|339|81|54|24|27|75|52|108|76|36|33|39|37|93|68|312|141|299|82|224|72|544|220|322|91|209|73
1400000US25021413401|3346|455|150|92|49|42|0|14|0|14|0|14|0|14|0|14|0|14|0|14|0|14|4|8|0|14|45|41|0|14|0|14|101|83|0|14|0|14|0|14|0|14|0|14|0|14|50|55|0|14|0|14|19|22|0|14|0|14|32|54|3196|462|1620|304|136|81|35|43|67|62|11|18|9|13|21|22|114|95|156|79|253|90|286|131|267|153|156|68|109|48|1576|244|62|51|0|14|96|67|44|33|0|14|33|44|96|74|403|159|169|52|176|64|247|106|129|50|121|43
1400000US25021413402|4891|569|347|289|93|73|12|29|0|19|14|31|0|19|0|19|0|19|0|19|33|33|12|19|0|19|8|28|0|19|14|27|254|247|73|88|39|61|14|30|0|19|0|19|0|19|30|46|59|84|4|7|0|19|12|20|11|17|12|19|4544|589|2250|372|206|122|17|25|252|146|26|28|6|9|23|25|106|70|534|167|350|93|311|168|282|136|112|61|25|27|2294|311|172|88|38|37|40|36|39|34|56|61|0|19|221|142|623|165|253|82|358|181|254|118|138|68|102|61
1400000US25021413500|4688|602|741|319|308|172|51|77|0|14|9|16|0|14|30|31|38|56|0|14|4|6|96|81|10|15|70|66|0|14|0|14|433|211|0|14|0|14|15|24|139|86|9|15|0|14|42|53|65|59|116|85|19|31|0|14|20|24|8|14|3947|678|2065|537|71|67|32|49|273|177|35|40|11|21|14|21|118|96|342|255|417|151|302|126|173|117|205|79|72|40|1882|289|71|51|0|14|98|67|59|59|37|42|32|40|138|83|395|163|270|101|334|96|125|53|187|96|136|70
1400000US25021414100|5589|512|75|81|31|40|0|19|0|19|0|19|0|19|0|19|0|19|0|19|0|19|16|29|0|19|13|24|0|19|2|8|44|54|0|19|0|19|0|19|0|19|0|19|0|19|12|22|0|19|0|19|12|22|20|33|0|19|0|19|5514|507|2521|370|118|83|39|45|214|150|56|44|53|51|101|63|120|90|144|81|366|138|331|116|418|136|273|85|288|206|2993|300|169|105|24|39|329|115|171|73|25|29|69|51|61|55|315|119|410|110|440|114|453|227|285|97|242|181
1400000US25021414200|7457|568|392|365|118|134|0|19|0|19|44|65|0|19|0|19|0|19|0|19|0|19|2|6|48|67|0|19|9|15|15|24|274|273|0|19|0|19|46|67|0|19|0|19|0|19|122|160|0|19|0|19|96|97|0|19|10|16|0|19|7065|653|3645|346|220|128|30|36|485|185|72|50|141|78|166|104|147|107|372|168|514|124|506|139|605|143|212|89|175|72|3420|381|204|88|112|116|260|118|129|72|80|58|59|51|151|89|257|103|568|198|514|156|519|103|352|94|215|108
1400000US25021414300|5327|489|256|157|90|72|0|19|0|19|0|19|34|52|29|38|0|19|0|19|5|9|0|19|0|19|0|19|11|17|11|18|166|101|0|19|0|19|0|19|0|19|0|19|7|15|30|47|0|19|36|53|28|26|9|14|12|18|44|37|5071|513|2522|290|150|85|49|43|337|111|107|62|44|48|82|42|108|60|143|52|373|80|407|93|226|90|310|93|186|133|2549|301|194|104|43|36|268|88|98|53|50|33|29|20|104|57|175|51|461|134|322|69|278|104|343|127|184|67
1400000US25021415101|5561|598|225|201|106|102|60|91|0|19|0|19|0|19|0|19|10|17|1|3|0|19|0|19|21|23|14|20|0|19|0|19|119|103|0|19|32|48|0|19|0|19|11|17|0|19|14|23|40|61|0|19|11|18|0|19|1|3|10|16|5336|662|2614|416|183|91|12|19|144|79|166|89|34|32|108|81|91|49|250|134|390|100|435|124|428|311|202|75|171|69|2722|371|139|58|9|15|268|141|77|52|65|61|56|40|163|86|323|165|351|91|441|117|235|64|198|70|397|238
1400000US25021415103|4101|369|178|166|12|23|12|23|0|14|0|14|0|14|0|14|0|14|0|14|0|14|0|14|0|14|0|14|0|14|0|14|166|163|47|76|0|14|0|14|0|14|0|14|0|14|0|14|50|82|11|23|0|14|18|28|23|29|17|27|3923|400|1973|306|226|151|19|30|84|50|64|62|55|69|0|14|39|63|215|129|380|140|176|92|351|162|209|111|155|77|1950|221|110|75|24|39|71|64|0|14|16|23|25|40|58|62|340|136|289|101|160|77|314|141|321|128|222|127
1400000US25021415104|3638|550|78|50|47|39|12|18|0|14|0|14|0|14|0|14|0|14|0|14|12|18|0|14|7|13|2|7|3|7|11|17|31|38|0|14|0|14|0|14|0|14|0|14|0|14|20|33|0|14|0|14|0|14|0|14|11|17|0|14|3560|547|1707|224|96|44|20|31|77|49|128|97|6|19|38|39|139|122|216|125|185|64|190|75|348|170|130|116|134|66|1853|411|85|71|0|14|152|60|117|71|60|89|83|107|11|18|208|84|264|158|332|152|181|98|100|50|260|176
1400000US25021415201|3710|548|256|174|114|85|0|14|0|14|32|59|0|14|0|14|44|76|0|14|18|30|0|14|3|2|0|14|17|28|0|14|142|115|0|14|0|14|0|14|0|14|0|14|0|14|0|14|0|14|15|27|48|79|0|14|79|90|0|14|3454|585|1888|418|99|80|0|14|204|161|7|12|10|36|22|28|133|95|476|295|189|102|274|163|320|152|105|63|49|34|1566|274|24|28|42|89|65|58|134|124|20|24|21|24|65|55|217|161|307|173|280|153|198|118|132|69|61|48
1400000US25021415202|3182|536|172|144|72|69|0|14|0|14|0|14|0|14|0|14|19|30|12|18|4|9|0|14|37|55|0|14|0|14|0|14|100|78|41|64|0|14|0|14|0|14|0|14|11|16|0|14|0|14|19|32|3|9|22|23|4|10|0|14|3010|557|1476|349|115|130|9|15|203|75|40|31|9|15|41|40|121|94|128|113|175|69|109|61|184|82|210|70|132|53|1534|266|129|90|0|14|66|54|37|46|0|14|28|29|177|58|217|157|155|41|81|55|250|87|122|58|272|95
1400000US25021415300|3926|498|147|79|94|64|0|14|0|14|0|14|0|14|0|14|0|14|0|14|11|16|0|14|6|11|45|57|11|19|21|23|53|30|0|14|0|14|0|14|0|14|0|14|0|14|0|14|0|14|0|14|0|14|0|14|6|9|47|29|3779|526|1829|275|156|70|17|20|116|62|80|62|10|16|48|47|169|83|64|41|361|131|239|93|275|81|89|40|205|79|1950|340|96|61|22|20|234|127|85|47|0|14|44|46|63|48|133|60|325|113|316|125|224|74|214|103|194|51
1400000US25021416101|5870|466|200|210|23|30|0|19|0|19|0|19|0|19|0|19|0|19|0|19|13|23|0|19|0|19|0|19|0|19|10|18|177|197|0|19|0|19|0|19|0|19|0|19|0|19|17|161|0|19|0|19|0|19|13|21|56|70|91|85|5670|516|2896|333|148|92|56|59|302|149|203|70|50|40|43|39|232|115|173|169|457|109|468|112|448|160|147|68|169|81|2774|325|111|73|0|19|314|126|74|59|64|44|153|113|251|114|176|97|419|115|354|98|440|135|216|93|202|93
1400000US25021416102|2805|791|97|53|29|30|0|14|0|14|0|14|0|14|0|14|0|14|0|14|0|14|0|14|0|14|10|17|9|12|10|15|68|43|0|14|0|14|0|14|0|14|0|14|0|14|19|29|0|14|0|14|0|14|0|14|15|18|34|24|2708|787|1253|368|5|9|34|43|114|37|85|83|0|14|116|106|68|44|32|30|206|156|132|61|301|183|86|42|74|42|1455|468|25|31|0|14|87|54|52|43|29|23|20|24|194|231|98|113|120|35|247|161|164|47|169|55|250|101
1400000US25021416200|6718|802|498|364|88|87|0|19|0|19|17|30|0|19|0|19|0|19|0|19|6|10|29|48|0|19|0|19|18|27|18|30|410|352|0|19|0|19|0|19|0|19|43|72|0|19|0|19|0|19|0|19|0|19|325|345|17|21|25|38|6220|667|3031|461|62|51|26|33|359|171|65|51|5|11|125|113|206|106|258|88|452|293|560|170|366|137|380|136|167|193|3189|413|102|70|38|57|394|117|149|109|0|19|164|116|89|78|152|74|508|129|489|160|526|222|323|99|255|208
1400000US25021416300|5372|572|266|187|134|140|0|19|0|19|0|19|10|16|0|19|28|42|36|52|19|27|0|19|0|19|29|43|0|19|12|16|132|73|0|19|0|19|31|48|0|19|0|19|0|19|0|19|7|13|15|18|10|16|0|19|23|37|46|50|5106|573|2548|347|137|74|73|53|207|90|188|87|75|72|135|72|206|107|151|77|410|161|394|115|231|83|270|106|71|41|2558|328|132|80|0|19|382|109|49|39|49|39|60|40|116|77|292|122|489|126|325|95|235|81|288|87|141|67
1400000US25021416400|6282|665|210|156|105|119|0|19|0|19|0|19|0|19|0|19|0|19|0|19|0|19|0|19|82|116|11|17|12|18|0|19|105|97|0|19|0|19|0|19|0|19|0|19|0|19|59|82|22|54|6|11|6|13|0|19|12|18|0|19|6072|610|2855|431|214|119|92|70|289|163|186|139|27|38|98|69|107|91|296|135|432|144|306|109|403|87|272|85|133|73|3217|394|262|127|9|16|435|170|178|140|93|78|152|108|89|67|313|122|437|160|406|147|441|91|305|82|97|53
1400000US25021417100|6139|562|301|142|123|85|0|19|0|19|0|19|0|19|0|19|0|19|0|19|12|19|32|45|15|22|34|41|30|47|0|19|178|113|0|19|0|19|0|19|0|19|0|19|0|19|0|19|51|82|0|19|0|19|45|52|8|13|74|91|5838|562|2757|314|214|150|15|25|138|92|151|156|0|19|74|65|130|107|565|141|356|131|377|111|316|96|280|109|141|80|3081|484|265|179|13|24|148|89|10|18|33|33|60|61|129|77|630|212|418|193|441|105|343|114|330|147|261|145
1400000US25021417201|5161|701|474|322|202|194|0|19|0|19|0|19|0|19|0|19|60|91|45|53|0|19|0|19|79|96|0|19|18|30|0|19|272|162|0|19|0|19|0|19|15|25|0|19|0|19|91|102|0|19|106|119|14|24|0|19|0|19|46|54|4687|805|2596|487|60|67|31|43|106|79|66|94|0|19|16|29|276|228|699|258|144|113|298|165|342|143|351|209|207|116|2091|415|42|55|0|19|78|59|109|112|16|29|41|45|254|215|490|194|260|116|188|111|214|117|296|147|103|82
1400000US25021417202|3804|551|589|276|359|213|0|14|0|14|88|71|48|54|0|14|0|14|32|46|13|16|0|14|21|28|99|138|58|52|0|14|230|114|0|14|0|14|18|27|65|47|0|14|19|28|0|14|18|29|79|56|17|26|14|21|0|14|0|14|3215|581|1711|321|51|54|0|14|123|107|14|23|0|14|66|58|118|79|257|153|453|193|136|64|252|86|183|85|58|53|1504|328|30|36|15|25|64|72|81|109|0|14|0|14|92|76|268|132|268|129|202|95|199|108|154|85|131|64
1400000US25021417300|3293|395|277|128|93|71|0|14|0|14|0|14|0|14|0|14|0|14|1|3|35|42|0|14|0|14|21|31|16|26|20|31|184|89|13|20|0|14|0|14|0|14|0|14|0|14|0|14|22|25|12|17|23|23|0|14|22|35|92|59|3016|390|1426|277|30|35|0|14|48|53|0|14|0|14|0|14|48|58|462|175|239|140|158|101|145|81|165|90|131|60|1590|246|18|27|0|14|9|14|0|14|0|14|0|14|68|112|345|157|258|96|202|72|249|108|211|87|230|121
1400000US25021417400|3078|386|142|85|71|51|0|14|0|14|0|14|0|14|0|14|0|14|31|36|0|14|0|14|0|14|40|38|0|14|0|14|71|50|0|14|0|14|0|14|0|14|0|14|0|14|8|13|8|13|0|14|38|45|0|14|7|12|10|15|2936|400|1438|362|96|93|0|14|105|61|23|38|38|41|36|39|109|79|141|78|116|67|301|150|179|91|143|71|151|89|1498|277|47|48|0|14|55|47|111|70|8|13|132|112|170|163|142|70|157|63|207|70|181|82|162|65|126|59
1400000US25021417501|5702|870|459|342|227|157|0|19|38|58|54|64|0|19|0|19|0|19|37|64|19|31|0|19|35|42|19|31|12|19|13|22|232|209|0|19|0|19|91|86|0|19|0|19|0|19|41|51|0|19|36|55|42|44|0|19|14|22|8|13|5243|876|2467|369|153|99|0|19|103|70|35|38|0|19|101|73|276|183|438|215|419|160|243|184|382|106|283|110|34|34|2776|618|68|57|0|19|238|255|76|58|64|65|53|51|147|91|409|242|540|191|347|128|525|157|138|95|171|124
1400000US25021417502|4643|443|469|225|205|147|14|21|0|14|17|28|0|14|0|14|0|14|0|14|18|29|13|19|44|54|10|14|89|114|0|14|264|138|0|14|0|14|0|14|0|14|0|14|55|53|0|14|12|19|38|35|62|62|36|28|48|49|13|22|4174|469|2217|289|40|45|0|14|133|61|38|31|15|23|71|45|171|91|616|186|373|123|235|93|337|142|130|58|58|44|1957|294|38|36|0|14|44|39|62|47|0|14|17|22|36|34|588|222|237|80|186|74|439|167|188|65|122|80
1400000US25021417601|5017|762|415|168|183|92|9|15|0|19|15|24|0|19|0|19|0|19|0|19|40|31|0|19|16|25|42|48|30|37|31|49|232|105|0|19|0|19|15|24|0|19|0|19|0|19|46|48|24|27|0|19|44|51|40|45|43|42|20|26|4602|777|2181|459|134|87|0|19|40|34|14|17|15|17|97|120|99|81|429|200|212|87|376|241|332|125|299|143|134|83|2421|411|39|39|30|32|76|81|50|41|7|12|53|67|100|95|475|167|304|122|395|197|423|143|250|127|219|134
1400000US25021417602|4909|639|540|253|421|230|0|14|0|14|58|90|0|14|0|14|0|14|0|14|122|103|61|92|21|36|42|46|14|21|103|105|119|70|0|14|0|14|0|14|0|14|0|14|0|14|0|14|25|40|0|14|0|14|0|14|14|22|80|53|4369|611|2170|418|68|80|20|32|188|98|16|20|11|18|45|49|25|44|605|347|455|216|265|148|196|115|195|101|81|60|2199|380|121|74|37|45|112|64|12|19|0|14|29|31|205|154|556|232|323|127|148|97|284|153|111|100|261|150
1400000US25021417702|2694|427|294|139|125|84|13|20|0|14|0|14|0|14|0|14|0|14|6|11|21|24|28|37|30|40|5|40|17|30|5|9|169|105|10|16|0|14|0|14|0|14|0|14|0|14|0|14|81|75|12|19|50|69|10|17|6|10|0|14|2400|421|1266|288|33|26|54|36|191|152|6|12|5|9|0|14|171|98|80|36|154|62|185|121|181|79|119|53|87|49|1134|186|43|29|0|14|96|56|33|26|17|19|9|16|62|79|104|57|246|91|114|54|202|67|117|53|91|53
1400000US25021417703|1944|209|265|101|104|67|0|14|0|14|0|14|0|14|0|14|0|14|0|14|0|14|16|25|58|59|9|14|9|14|12|18|161|83|0|14|0|14|0|14|0|14|0|14|0|14|0|14|7|14|0|14|0|14|21|24|68|57|65|64|1679|241|912|201|0|14|0|14|18|20|62|77|0|14|40|25|55|83|317|120|107|101|54|69|96|67|36|31|127|81|767|209|6|13|0|14|16|19|0|14|0|14|0|14|32|39|274|94|55|60|114|58|37|38|74|54|159|77
1400000US25021417704|4187|848|231|126|124|80|0|14|46|63|0|14|0|14|0|14|0|14|41|56|0|14|1|4|0|14|21|34|15|24|0|14|107|75|0|14|0|14|0|14|0|14|0|14|0|14|15|18|9|14|0|14|44|59|0|14|8|15|31|48|3956|872|1982|553|214|237|9|15|101|83|0|14|0|14|0|14|175|129|491|146|533|275|10|17|161|98|190|95|98|70|1974|411|145|149|0|14|82|79|0|14|0|14|0|14|156|117|517|201|415|305|143|112|293|109|132|66|91|50
1400000US25021417801|5587|570|521|351|304|321|9|18|0|19|33|53|68|94|0|19|10|21|76|118|0|19|10|21|63|98|0|19|17|28|18|28|217|126|0|19|10|20|19|30|0|19|0|19|0|19|0|19|68|62|58|59|0|19|0|19|39|45|23|37|5066|538|2551|341|169|100|0|19|185|118|147|85|16|25|35|43|17|28|322|134|321|95|265|147|392|225|548|225|134|128|2515|287|90|76|15|26|190|89|32|37|0|19|82|70|49|48|269|143|547|163|230|132|377|189|432|182|202|151
1400000US25021417802|3279|462|996|332|343|136|0|14|0|14|19|27|36|54|41|63|0|14|14|17|10|16|10|16|38|34|83|86|43|45|49|51|653|296|35|55|0|14|42|41|37|38|0|14|96|84|49|54|12|20|17|27|191|87|51|52|95|73|28|29|2283|544|1264|378|109|72|0|14|65|45|141|96|0|14|29|36|250|145|103|62|94|62|199|97|144|70|85|63|45|36|1019|264|85|80|36|56|45|42|0|14|0|14|13|23|133|91|112|57|187|92|128|67|130|85|84|39|66|46
1400000US25021417901|7407|847|1405|482|653|334|98|101|0|19|97|135|0|19|0|19|0|19|10|24|92|88|12|20|206|151|46|66|67|111|25|38|752|279|73|116|0|19|0|19|0|19|0|19|0|19|53|85|136|173|187|144|17|25|0|19|162|116|124|103|6002|928|3200|708|189|188|0|19|36|64|0|19|0|19|39|60|395|296|846|256|331|242|364|213|419|257|386|231|195|109|2802|452|226|246|0|19|60|75|0|19|0|19|0|19|77|97|674|233|278|148|235|110|437|120|381|172|434|230
1400000US25021417902|3765|544|468|233|270|173|70|73|0|14|0|14|0|14|21|30|8|13|10|17|44|58|10|16|9|14|36|38|43|46|19|22|198|101|0|14|0|14|15|23|0|14|0|14|8|13|24|29|23|26|54|58|15|18|21|29|29|31|9|15|3297|589|1530|302|74|55|11|19|17|22|74|62|12|18|26|27|102|63|278|151|154|72|208|95|330|166|86|39|158|85|1767|370|32|32|0|14|95|43|0|14|16|18|17|20|250|153|399|135|238|94|207|97|294|128|92|53|127|56
1400000US25021418002|7158|739|400|189|121|71|0|19|0|19|41|61|0|19|0|19|0|19|0|19|29|33|2|6|5|11|6|14|26|29|12|19|279|153|0|19|0|19|0|19|0|19|13|21|0|19|0|19|32|36|57|65|0|19|52|66|72|78|53|83|6758|751|3164|437|229|153|47|68|161|105|67|64|0|19|65|93|142|70|558|222|961|216|478|183|252|165|88|60|116|75|3594|489|215|106|86|91|406|182|52|59|0|19|10|26|239|150|608|235|817|184|355|145|414|124|269|97|123|82
1400000US25021418003|2786|465|240|137|181|125|0|14|0|14|16|23|0|14|0|14|0|14|30|36|7|20|80|100|0|14|17|24|31|44|0|14|59|62|0|14|0|14|0|14|0|14|0|14|0|14|0|14|32|47|14|22|9|16|4|11|0|14|0|14|2546|510|1229|338|76|71|0|14|8|13|0|14|0|14|0|14|82|72|403|127|332|200|112|74|114|84|62|44|40|55|1317|224|31|20|0|14|5|8|26|16|0|14|0|14|147|87|601|200|102|40|153|76|75|66|166|65|11|17
1400000US25021418004|5194|711|652|279|210|136|18|21|0|19|0|19|0|19|0|19|0|19|2|4|89|112|19|31|14|23|21|32|21|22|26|22|442|185|69|88|0|19|0|19|16|26|0|19|0|19|75|75|123|104|22|37|7|12|67|41|0|19|63|45|4542|709|2173|463|112|68|59|45|77|57|26|31|0|19|69|80|45|42|426|135|408|252|266|101|280|88|323|185|82|68|2369|326|93|60|0|19|90|65|62|62|20|32|31|36|268|97|585|139|442|150|282|114|157|71|245|116|94|53
1400000US25021418101|4857|759|605|291|208|142|0|14|0|14|31|48|62|74|0|14|0|14|69|87|15|24|0|14|1|4|12|19|18|30|0|14|397|210|17|25|0|14|33|54|0|14|0|14|0|14|104|129|35|41|0|14|102|94|0|14|13|22|93|102|4252|766|2007|390|69|72|70|76|203|117|72|55|14|27|17|34|79|72|360|143|288|114|203|111|210|105|369|283|53|51|2245|458|95|82|0|14|46|44|0|14|7|11|0|14|55|58|719|379|338|114|203|100|309|131|272|97|201|108
1400000US25021418102|3550|692|241|128|105|65|0|14|0|14|0|14|0|14|0|14|0|14|7|12|47|49|23|42|14|15|14|22|0|14|0|14|136|86|0|14|0|14|16|27|10|16|0|14|0|14|25|40|11|20|25|30|9|15|4|8|8|12|28|34|3309|687|1930|623|108|76|16|18|118|140|9|15|5|14|15|25|102|65|452|131|613|556|145|94|191|71|116|60|40|26|1379|208|33|28|5|14|24|30|0|14|0|14|41|37|151|93|414|137|212|94|122|58|194|79|67|54|116|57
1400000US25021418201|6198|830|1480|877|1001|626|238|233|0|19|30|50|0|19|46|69|19|29|398|290|24|38|61|76|164|162|4|7|17|24|0|19|479|275|0|19|0|19|0|19|0|19|0|19|46|69|37|44|194|195|119|87|10|20|10|18|39|40|24|38|4718|593|2597|468|109|78|0|19|147|104|125|70|26|43|0|19|148|140|667|196|325|135|217|119|313|132|313|142|207|126|2121|292|67|50|0|19|65|66|74|64|0|19|0|19|43|67|513|148|343|147|232|103|397|128|328|112|59|41
1400000US25021419100|5901|688|461|262|173|150|29|47|0|19|57|59|0|19|0|19|0|19|33|56|0|19|27|44|0|19|0|19|10|20|17|26|288|161|33|51|0|19|13|22|12|22|0|19|11|21|36|52|55|57|0|19|26|32|64|70|0|19|38|56|5440|750|2810|380|32|43|85|88|303|117|13|24|35|43|144|98|354|196|411|225|222|96|507|177|321|116|165|83|218|90|2630|485|66|59|18|30|120|71|120|68|0|19|85|70|195|271|248|123|487|189|498|190|326|109|208|107|259|134
1400000US25021419200|5244|575|345|146|138|70|14|22|0|19|13|19|19|31|8|13|0|19|0|19|7|10|31|31|9|14|11|16|8|13|18|19|207|105|0|19|0|19|37|46|0|19|0|19|0|19|0|19|2|5|32|30|50|44|11|18|7|12|68|54|4899|597|2509|393|54|41|8|11|170|57|163|91|29|41|81|51|468|220|119|58|213|70|447|132|392|120|235|86|130|58|2390|331|55|42|41|46|151|63|115|64|44|37|41|34|317|118|196|75|223|72|506|141|339|91|240|82|122|54
1400000US25021419300|4016|505|234|147|77|68|0|14|0|14|12|19|14|24|0|14|0|14|17|32|0|14|0|14|0|14|10|17|24|30|0|14|157|96|30|32|0|14|18|26|14|19|0|14|0|14|0|14|18|22|16|27|8|13|44|39|9|14|0|14|3782|500|2077|271|140|86|9|16|174|58|74|56|85|66|0|14|175|102|339|133|314|122|260|91|240|77|152|78|115|50|1705|307|69|56|16|23|63|54|49|55|26|40|75|91|84|57|289|97|264|142|201|82|348|89|126|70|95|46
1400000US25021419400|3222|515|132|74|58|34|0|14|0|14|0|14|0|14|0|14|0|14|2|6|1|3|3|5|0|14|10|16|42|30|0|14|74|60|0|14|0|14|0|14|0|14|0|14|0|14|0|14|0|14|1|3|3|5|21|24|1|5|48|54|3090|532|1516|343|124|93|24|22|127|88|42|29|66|61|53|50|23|29|218|103|195|110|170|59|175|61|212|178|87|41|1574|260|13|20|20|19|97|51|37|61|0|14|74|50|95|45|209|79|177|74|221|78|199|63|264|115|168|96
1400000US25021419500|3438|515|60|50|32|39|11|18|0|14|0|14|0|14|0|14|0|14|0|14|5|9|0|14|0|14|0|14|5|8|11|19|28|34|0|14|0|14|0|14|0|14|0|14|0|14|0|14|0|14|6|11|0|14|22|33|0|14|0|14|3378|519|1674|331|61|43|0|14|49|41|53|43|38|35|39|43|153|91|300|263|242|74|177|66|272|118|155|59|135|50|1704|248|101|53|24|26|101|53|23|23|0|14|44|48|228|151|233|119|228|61|273|70|168|65|130|48|151|60
1400000US25021419601|1302|236|156|142|140|149|0|14|0|14|0|14|0|14|0|14|0|14|95|136|0|14|0|14|0|14|0|14|45|66|0|14|16|25|0|14|0|14|0|14|0|14|0|14|8|12|0|14|0|14|0|14|8|13|0|14|0|14|0|14|1146|185|428|128|21|30|0|14|8|15|8|12|0|14|0|14|0|14|169|113|100|49|11|15|59|50|42|34|10|12|718|113|57|47|0|14|16|18|14|18|0|14|0|14|0|14|227|122|63|35|73|57|97|65|120|87|51|50
1400000US25021419602|6109|736|175|125|126|99|0|19|0|19|0|19|0|19|0|19|0|19|0|19|23|37|71|79|0|19|23|34|0|19|9|18|49|47|0|19|0|19|0|19|0|19|0|19|0|19|0|19|0|19|18|27|0|19|22|35|9|17|0|19|5934|743|2578|413|180|107|16|27|271|134|105|96|0|19|94|100|118|98|94|64|416|147|442|102|352|142|341|111|149|87|3356|453|117|75|22|36|180|123|174|120|151|111|248|128|277|114|91|62|610|155|484|114|381|123|363|108|258|108
1400000US25021419700|4509|617|93|84|27|30|0|14|0|14|0|14|0|14|0|14|0|14|2|4|14|24|0|14|11|17|0|14|0|14|0|14|66|79|0|14|0|14|0|14|0|14|0|14|0|14|0|14|0|14|0|14|0|14|31|49|10|17|25|40|4416|618|2275|368|163|121|25|24|171|109|59|36|22|23|37|35|125|90|464|264|259|74|241|79|351|92|186|71|172|60|2141|297|67|31|39|32|150|61|144|78|0|14|43|30|122|80|379|205|219|66|373|85|243|79|178|56|184|64
1400000US25021419800|4521|439|322|136|202|102|38|40|0|14|11|19|12|19|0|14|0|14|10|19|62|67|16|23|24|35|13|20|0|14|16|43|120|69|0|14|0|14|0|14|0|14|0|14|0|14|14|18|11|18|35|44|0|14|30|27|0|14|30|45|4199|453|2029|292|176|86|0|14|141|76|65|60|12|18|37|41|173|97|354|157|284|119|212|89|290|98|203|86|82|47|2170|251|152|92|33|33|58|39|136|65|0|14|68|53|143|97|352|149|292|87|307|105|254|85|188|96|187|70
1400000US25021420101|6025|1059|569|301|270|170|0|19|26|44|0|19|12|20|0|19|83|80|0|19|0|19|0|19|131|145|2|3|4|6|12|16|299|200|49|51|0|19|50|53|0|19|0|19|0|19|19|30|0|19|26|43|73|66|70|108|10|21|2|25|5456|1083|2557|594|75|65|0|19|101|78|71|61|38|52|56|52|140|106|634|254|290|202|326|151|529|288|197|64|100|65|2899|685|273|131|35|59|236|142|0|19|35|56|42|38|350|338|466|221|210|91|232|93|543|217|285|74|192|175
1400000US25021420102|3793|534|233|216|126|130|0|14|0|14|0|14|0|14|0|14|0|14|0|14|97|128|0|14|0|14|29|37|0|14|0|14|107|98|0|14|0|14|0|14|0|14|0|14|0|14|0|14|0|14|0|14|0|14|52|87|55|53|0|14|3560|495|1981|310|88|90|19|31|209|145|115|64|0|14|0|14|108|87|320|151|325|183|247|145|259|143|218|90|73|55|1579|277|29|43|0|14|63|76|63|71|0|14|0|14|182|140|284|153|192|106|273|118|239|108|148|67|106|78
1400000US25021420201|2912|428|271|119|96|57|0|14|0|14|0|14|0|14|0|14|0|14|0|14|6|15|10|24|0|14|52|42|5|10|23|29|175|104|36|56|0|14|0|14|0|14|0|14|0|14|0|14|0|14|0|14|0|14|0|14|35|54|104|69|2641|479|1284|279|32|33|28|31|55|49|55|47|13|21|7|17|132|77|190|87|300|196|143|89|168|69|78|53|83|48|1357|266|51|53|0|14|44|52|7|17|2|13|16|20|42|43|178|80|152|82|136|71|311|106|225|98|193|98
1400000US25021420202|6747|579|397|210|233|165|32|43|0|19|0|19|38|53|0|19|0|19|0|19|47|50|0|19|61|90|46|58|9|16|0|19|164|117|0|19|0|19|0|19|0|19|0|19|0|19|0|19|30|57|0|19|15|25|33|46|48|62|38|62|6350|579|3460|524|162|117|0|19|328|169|101|97|82|79|98|90|253|98|671|312|477|278|474|152|251|119|389|175|174|84|2890|360|125|86|13|32|136|97|199|117|25|40|103|79|187|125|241|132|470|150|457|162|445|146|356|165|133|74
1400000US25021420301|7338|1116|333|290|171|171|0|19|0|19|0|19|0|19|0|19|46|80|9|23|23|51|13|22|15|24|40|65|14|34|11|18|162|138|0|19|0|19|0|19|0|19|0|19|0|19|0|19|12|21|46|71|28|44|14|24|51|57|11|19|7005|1118|3282|474|26|48|0|19|307|139|0|19|133|146|108|129|397|157|644|271|350|240|303|180|566|193|280|131|168|109|3723|776|67|86|26|47|441|336|207|278|0|19|4|6|261|187|521|177|535|232|596|210|344|169|395|169|326|145
1400000US25021420302|7594|816|736|376|457|313|0|19|0|19|14|39|0|19|11|19|0|19|169|200|54|73|0|19|14|22|64|76|105|94|26|37|279|185|0|19|0|19|38|71|0|19|0|19|0|19|0|19|0|19|63|88|0|19|61|79|59|42|58|82|6858|839|3262|490|173|114|27|38|228|108|176|109|10|19|56|46|444|153|396|253|402|150|369|161|501|175|341|170|139|96|3596|428|144|117|0|19|121|76|129|119|56|66|138|109|316|206|478|215|496|170|495|188|526|175|282|137|415|141
1400000US25021421100|5508|549|422|225|139|113|13|25|0|19|0|19|0|19|0|19|0|19|0|19|24|32|0|19|46|75|0|19|41|52|15|23|283|154|14|27|0|19|0|19|0|19|0|19|0|19|0|19|0|19|56|74|27|47|12|20|13|23|161|126|5086|549|2721|398|236|170|0|19|266|152|0|19|4|18|81|101|50|61|220|130|543|237|362|171|453|187|422|153|84|59|2365|473|218|170|0|19|344|265|82|100|0|19|0|19|153|126|391|175|335|144|171|108|315|135|339|179|17|25
1400000US25021421200|5767|550|318|233|154|141|0|19|0|19|0|19|0|19|0|19|0|19|22|34|0|19|3|5|116|137|12|21|1|3|0|19|164|126|0|19|0|19|0|19|0|19|0|19|0|19|0|19|0|19|0|19|78|96|11|18|55|71|20|31|5449|534|2766|387|104|103|131|110|159|87|118|95|0|19|58|62|246|182|411|146|236|135|471|158|383|169|190|100|259|97|2683|287|143|129|0|19|83|73|157|105|108|86|112|91|54|64|369|152|484|228|455|153|292|120|321|149|105|91
1400000US25021422100|5542|553|180|96|79|59|0|19|0|19|6|11|8|13|0|19|0|19|0|19|0|19|1|3|33|44|18|20|13|20|0|19|101|74|0|19|6|11|6|11|0|19|5|8|0|19|0|19|0|19|1|4|13|21|5|9|0|19|65|68|5362|557|2496|319|185|170|25|27|194|106|28|29|22|30|84|50|144|94|287|102|305|81|399|108|357|103|241|87|225|170|2866|382|192|71|19|30|194|137|127|68|13|22|27|26|295|108|357|126|309|97|458|132|413|232|287|92|175|94
1400000US25021422201|2110|360|105|78|49|54|0|14|0|14|0|14|0|14|0|14|0|14|0|14|0|14|28|46|21|27|0|14|0|14|0|14|56|58|0|14|0|14|0|14|0|14|0|14|0|14|36|55|0|14|0|14|0|14|5|9|7|12|8|20|2005|356|890|244|63|69|0|14|40|63|0|14|0|14|0|14|109|99|259|114|54|65|21|26|169|145|110|64|65|47|1115|195|12|18|11|20|72|80|0|14|0|14|0|14|150|88|152|90|132|96|83|84|312|158|77|53|114|71
1400000US25021422202|7279|727|497|283|168|130|0|19|0|19|0|19|0|19|0|19|0|19|6|12|0|19|0|19|5|9|59|71|0|19|98|102|329|192|0|19|0|19|0|19|12|21|0|19|25|44|0|19|0|19|71|98|0|19|11|21|83|68|127|112|6782|731|2974|331|262|156|33|40|104|74|99|74|7|14|29|35|139|86|446|184|506|200|464|224|423|137|355|128|107|69|3808|561|166|100|35|43|309|214|243|190|0|19|174|133|257|135|709|287|353|122|235|100|569|149|458|183|300|144
1400000US25021422301|3433|695|96|61|47|38|0|14|0|14|9|14|0|14|0|14|0|14|0|14|9|13|10|16|8|13|0|14|11|17|0|14|49|32|0|14|0|14|0|14|0|14|0|14|0|14|0|14|0|14|8|13|9|15|0|14|10|16|22|18|3337|696|1575|300|97|48|12|21|73|54|12|19|0|14|13|21|141|102|117|60|323|140|264|162|215|70|237|92|71|60|1762|492|127|72|0|14|44|43|76|63|53|77|68|81|318|250|223|81|148|70|274|130|196|69|137|74|98|68
1400000US25021422303|4669|482|682|408|102|104|0|14|0|14|0|14|61|76|0|14|0|14|0|14|0|14|40|49|0|14|0|14|1|4|0|14|580|358|137|136|0|14|81|92|26|41|0|14|0|14|0|14|52|75|64|59|87|111|78|91|21|30|34|54|3987|519|1960|341|118|117|0|14|37|51|75|75|32|50|0|14|36|50|463|157|452|223|93|83|430|192|125|84|99|75|2027|349|23|34|0|14|0|14|0|14|0|14|51|63|159|164|409|166|222|121|296|163|514|182|210|121|143|82
1400000US25021422304|1994|406|186|174|56|74|12|20|0|14|0|14|0|14|0|14|0|14|0|14|0|14|30|49|0|14|0|14|14|24|0|14|130|123|14|21|0|14|0|14|0|14|0|14|0|14|0|14|34|52|13|20|0|14|63|70|0|14|6|10|1808|437|887|237|47|34|0|14|62|52|12|18|0|14|22|25|0|14|95|57|113|50|74|47|226|196|171|73|65|57|921|229|6|14|0|14|87|48|12|19|0|14|0|14|67|55|112|57|101|35|71|59|294|186|93|48|78|60
1400000US25021422401|3239|506|340|180|70|58|0|14|10|20|24|38|0|14|0|14|0|14|0|14|1|2|12|20|0|14|23|27|0|14|0|14|270|145|0|14|0|14|21|41|0|14|0|14|0|14|0|14|73|89|31|48|12|22|111|101|12|19|10|16|2899|510|1768|415|138|129|8|17|74|65|36|43|16|25|14|22|194|153|337|168|196|103|169|80|267|114|283|185|36|33|1131|183|11|19|0|14|51|50|12|18|0|14|17|27|12|20|162|101|175|88|193|93|188|111|246|109|64|46
1400000US25021422402|4004|652|133|83|59|48|0|14|0|14|0|14|0|14|0|14|0|14|0|14|18|27|10|15|0|14|14|24|7|18|10|16|74|66|0|14|0|14|0|14|0|14|0|14|0|14|0|14|0|14|0|14|0|14|0|14|0|14|74|66|3871|651|1947|390|66|53|9|16|46|40|15|21|20|24|0|14|214|71|335|144|222|68|373|313|371|199|224|67|52|56|1924|352|114|67|6|12|90|110|19|24|0|14|63|55|139|94|335|127|239|102|229|79|377|298|181|57|132|99
1400000US25021422501|4372|400|420|225|257|159|0|14|0|14|0|14|0|14|0|14|30|32|86|73|39|43|41|49|0|14|45|51|0|14|16|27|163|97|0|14|17|27|0|14|17|27|0|14|0|14|7|12|1|4|50|45|20|31|37|40|0|14|14|22|3952|433|1893|299|46|47|72|83|0|14|22|34|0|14|24|39|192|124|332|128|255|115|235|125|477|198|135|87|103|66|2059|304|139|102|14|31|180|135|50|49|89|92|21|34|80|72|272|122|375|105|261|131|331|109|172|96|75|60
1400000US25021422502|6101|813|895|576|274|178|0|19|0|19|0|19|0|19|41|66|0|19|0|19|75|118|65|87|19|27|37|39|0|19|37|43|621|454|0|19|0|19|92|90|47|63|48|60|47|60|61|97|120|184|0|19|98|95|13|22|52|74|43|51|5206|945|2557|523|175|87|70|67|134|91|0|19|19|31|16|29|277|169|431|255|329|182|270|141|370|165|403|264|63|87|2649|491|119|102|29|49|63|66|45|64|0|19|0|19|183|118|415|165|228|120|245|101|558|270|416|311|348|198
1400000US25021422600|7050|917|381|240|164|132|0|19|0|19|49|71|0|19|0|19|23|32|0|19|20|39|5|9|0|19|0|19|0|19|67|54|217|126|32|46|0|19|0|19|0|19|0|19|0|19|0|19|0|19|31|44|48|61|33|37|15|23|58|42|6669|909|3481|570|166|61|46|53|218|111|171|142|19|32|199|205|342|198|526|140|310|120|377|160|578|128|370|138|159|85|3188|477|212|163|0|19|107|78|81|67|144|100|76|74|86|66|369|124|504|218|612|160|458|131|345|135|194|86
1400000US25021422700|3834|439|223|143|63|49|0|14|0|14|0|14|0|14|0|14|0|14|0|14|0|14|19|31|8|14|12|19|7|11|17|20|160|111|16|26|0|14|17|27|0|14|0|14|0|14|0|14|38|48|0|14|19|29|52|53|10|15|8|13|3611|477|1777|302|43|44|13|20|138|90|34|35|15|24|15|25|197|119|285|86|303|106|211|75|278|83|170|50|75|71|1834|242|146|80|0|14|161|92|134|100|0|14|8|13|44|35|198|81|205|68|217|80|279|82|238|69|204|94
1400000US25021422800|3728|463|258|152|155|111|0|14|0|14|0|14|0|14|0|14|15|22|40|55|14|21|0|14|30|34|50|48|6|10|0|14|103|56|0|14|0|14|0|14|0|14|0|14|0|14|0|14|0|14|0|14|33|37|30|30|18|14|22|25|3470|472|1644|290|69|67|35|44|28|40|8|13|10|16|0|14|141|85|170|76|203|104|178|88|337|114|360|117|105|45|1826|270|131|74|0|14|42|39|38|39|8|14|0|14|92|69|222|103|185|80|174|150|403|100|343|138|188|67
1400000US25021423101|3517|462|159|101|29|34|0|14|0|14|7|13|0|14|0|14|0|14|0|14|2|4|0|14|1|4|19|24|0|14|0|14|130|79|0|14|0|14|8|13|7|13|0|14|0|14|0|14|0|14|2|4|8|14|26|31|68|68|11|18|3358|463|1573|272|139|69|50|47|74|54|84|91|8|13|19|33|9|16|133|101|164|57|292|139|332|154|187|84|82|59|1785|256|120|69|27|27|99|45|82|65|34|51|76|50|34|40|74|58|205|60|215|118|399|166|232|107|188|103
1400000US25021423102|4756|474|85|91|69|99|0|14|0|14|0|14|0|14|0|14|0|14|0|14|59|97|0|14|0|14|0|14|0|14|10|16|16|26|0|14|0|14|0|14|0|14|0|14|0|14|0|14|0|14|0|14|0|14|0|14|16|26|0|14|4671|472|2498|335|247|138|21|26|286|181|113|66|54|48|71|43|102|97|111|74|301|137|376|148|457|213|164|84|195|95|2173|264|189|147|56|62|177|76|63|55|14|22|65|48|98|82|118|72|421|122|349|191|316|115|190|87|117|62
1400000US25021440101|6772|301|741|463|371|273|0|19|0|19|83|96|54|76|0|19|0|19|48|64|59|92|75|78|0|19|8|20|29|36|15|28|370|232|0|19|0|19|0|19|76|101|0|19|0|19|0|19|53|42|109|114|18|28|74|100|6|10|34|39|6031|496|2831|281|172|102|0|19|212|117|21|25|10|17|82|58|181|121|352|131|477|173|309|115|319|136|462|213|234|109|3200|341|193|119|0|19|101|71|129|110|0|19|63|67|114|117|415|174|314|134|409|162|597|257|506|198|359|113
1400000US25021440102|3100|302|69|50|20|14|0|14|0|14|0|14|0|14|0|14|0|14|0|14|6|11|0|14|0|14|6|18|0|14|8|13|49|45|0|14|0|14|0|14|0|14|0|14|0|14|5|9|0|14|29|41|0|14|8|13|0|14|7|13|3031|304|1663|220|118|108|0|14|122|97|39|49|86|56|61|61|152|85|318|155|195|96|219|114|133|68|185|89|35|30|1368|211|30|44|0|14|74|106|43|40|28|33|22|35|119|101|228|106|139|68|178|84|279|91|177|77|51|37
1400000US25021441202|2986|239|87|53|25|22|0|14|0|14|0|14|0|14|0|14|0|14|5|9|0|14|0|14|4|8|10|14|0|14|6|8|62|45|0|14|0|14|0|14|0|14|0|14|0|14|0|14|21|38|18|26|0|14|10|12|0|14|13|29|2899|254|1499|184|67|37|13|15|120|82|63|29|6|7|62|35|107|45|100|44|178|42|333|85|246|72|154|44|50|35|1400|132|56|36|8|13|204|63|45|28|19|17|32|18|57|37|103|44|176|50|273|62|240|62|130|37|57|40
1400000US25021441203|3635|364|179|104|79|70|0|14|19|31|0|14|0|14|0|14|0|14|0|14|9|14|9|14|0|14|2|4|39|60|1|4|100|59|0|14|0|14|8|14|9|14|0|14|0|14|0|14|43|42|0|14|0|14|0|14|22|35|18|21|3456|379|1752|239|22|21|7|12|110|50|84|55|30|46|15|18|167|120|291|131|148|53|210|93|273|100|189|62|206|81|1704|218|93|73|0|14|90|46|39|35|44|45|47|47|94|81|209|97|130|54|304|96|329|101|172|56|153|60
1400000US25021441204|5463|398|419|275|125|80|0|19|0|19|0|19|0|19|0|19|0|19|55|65|0|19|9|15|0|19|46|44|12|25|3|5|294|223|3|4|0|19|53|61|0|19|0|19|0|19|38|61|0|19|113|131|8|14|21|48|58|100|0|19|5044|358|2655|282|115|73|21|24|165|83|133|87|82|64|88|49|320|233|154|94|255|53|417|108|380|107|340|134|185|91|2389|237|113|60|10|15|112|59|71|56|34|26|121|72|153|95|116|57|235|64|408|91|407|124|258|91|351|160
1400000US25021442101|4810|607|279|165|71|58|0|19|0|19|0|19|0|19|0|19|0|19|0|19|12|20|27|33|23|43|0|19|9|14|0|19|208|164|0|19|0|19|0|19|0|19|0|19|67|94|11|19|3|9|2|9|41|38|65|65|8|20|11|16|4531|613|2224|304|82|48|63|45|114|63|68|56|30|27|54|50|201|88|315|138|317|97|363|129|349|103|145|55|123|69|2307|360|224|165|20|31|153|63|90|56|45|31|28|27|111|70|334|159|231|77|341|97|340|102|222|82|168|74
1400000US25021442103|7205|732|92|86|35|37|0|19|0|19|0|19|9|15|0|19|0|19|16|27|10|19|0|19|0|19|0|19|0|19|0|19|57|57|9|18|10|18|0|19|9|15|0|19|0|19|0|19|10|18|0|19|0|19|9|15|0|19|10|16|7113|727|3554|422|140|81|19|31|331|175|239|108|83|54|227|139|262|178|213|105|403|106|662|164|522|137|344|160|109|64|3559|392|153|88|16|27|177|107|160|112|84|63|189|127|311|144|286|126|569|126|503|168|613|151|392|163|106|51
1400000US25021442104|5632|628|268|303|197|264|0|19|0|19|0|19|24|43|0|19|0|19|0|19|170|262|0|19|0|19|0|19|3|7|0|19|71|86|0|19|0|19|0|19|0|19|0|19|0|19|0|19|0|19|48|79|0|19|23|36|0|19|0|19|5364|403|2543|328|123|92|0|19|140|85|80|84|13|22|43|48|396|209|240|98|307|69|392|149|441|128|258|85|110|59|2821|329|76|54|57|55|170|105|186|114|54|78|0|19|237|121|361|273|328|55|437|173|438|150|306|156|171|89
1400000US25021442105|2144|402|83|53|31|44|0|14|0|14|0|14|0|14|0|14|0|14|25|43|0|14|0|14|0|14|0|14|6|11|0|14|52|52|0|14|0|14|0|14|0|14|0|14|0|14|0|14|6|13|21|40|0|14|11|16|14|17|0|14|2061|401|961|184|77|35|0|14|56|35|49|37|0|14|0|14|43|65|128|57|151|64|209|146|159|47|57|41|32|27|1100|246|14|21|7|11|49|37|16|18|6|12|85|71|84|51|124|58|144|61|141|79|282|167|77|38|71|44
1400000US25021442201|3936|349|302|217|77|66|0|14|0|14|0|14|0|14|0|14|41|61|0|14|7|11|0|14|13|22|6|11|0|14|10|17|225|164|0|14|0|14|0|14|0|14|12|18|0|14|60|67|0|14|71|94|20|22|6|9|0|14|56|69|3634|323|1955|228|68|46|17|25|166|78|80|51|8|12|102|56|244|121|205|67|169|68|375|86|260|70|193|50|68|41|1679|177|82|40|18|20|75|54|33|26|58|46|28|29|127|75|222|78|199|58|247|83|333|86|181|58|76|47
1400000US25021442203|3917|527|354|204|198|166|0|14|14|22|9|14|9|14|0|14|0|14|78|87|0|14|0|14|43|67|37|59|0|14|8|15|156|86|0|14|0|14|14|23|0|14|0|14|0|14|0|14|21|27|40|38|12|20|29|45|10|16|30|34|3563|531|1499|356|95|57|0|14|34|31|62|59|13|20|53|41|56|44|406|277|132|51|216|89|156|72|213|86|63|51|2064|403|10|15|30|27|194|141|32|26|49|59|53|42|210|141|220|146|203|99|252|115|409|199|192|95|210|82
1400000US25021442204|4414|809|384|267|128|90|0|14|0|14|0|14|23|35|0|14|0|14|55|87|0|14|0|14|43|68|0|14|0|14|7|12|256|203|0|14|0|14|23|35|0|14|48|50|28|45|0|14|20|31|27|40|49|78|22|33|39|46|0|14|4030|835|2016|348|63|46|0|14|83|64|40|43|54|47|59|49|201|106|244|117|239|108|457|262|369|123|111|47|96|43|2014|548|82|56|27|31|156|80|200|220|0|14|30|33|124|74|167|75|219|82|391|291|360|106|156|58|102|46
1400000US25021443103|4215|551|288|174|194|115|5|10|6|10|20|29|0|14|0|14|0|14|17|27|0|14|75|60|2|4|9|17|28|42|32|30|94|69|0|14|0|14|18|26|6|11|0|14|0|14|0|14|14|18|24|29|0|14|6|11|0|14|26|30|3927|588|1794|381|132|64|14|24|177|120|141|109|11|18|58|52|47|38|184|84|271|127|302|104|255|101|127|62|75|55|2133|308|74|53|23|37|216|113|41|53|44|47|0|14|367|148|173|80|316|116|251|85|291|94|205|57|132|61
1400000US25021443104|4621|534|349|250|142|112|55|47|0|14|0|14|0|14|0|14|0|14|45|60|10|17|0|14|19|28|13|23|0|14|0|14|207|148|9|16|0|14|86|76|0|14|0|14|0|14|40|53|25|29|18|26|14|21|0|14|15|19|0|14|4272|587|2103|322|61|38|17|22|126|59|78|60|53|45|69|63|184|102|309|126|251|88|291|118|361|134|193|104|110|67|2169|342|49|41|27|26|122|66|55|42|54|73|13|22|168|110|255|82|409|136|254|107|418|189|280|83|65|52
1400000US25021443105|2167|320|88|73|17|28|0|14|0|14|0|14|0|14|0|14|0|14|0|14|17|28|0|14|0|14|0|14|0|14|0|14|71|57|0|14|0|14|0|14|0|14|0|14|0|14|23|34|0|14|15|25|18|26|0|14|6|9|9|14|2079|291|1094|202|93|73|0|14|123|65|26|28|11|14|20|26|108|81|126|53|195|62|144|55|112|64|89|43|47|36|985|171|85|45|11|17|35|34|29|26|29|27|15|17|158|75|124|57|82|28|136|50|118|42|67|44|96|45
1400000US25021443106|6101|978|33|31|19|22|0|19|0|19|0|19|0|19|0|19|0|19|0|19|19|22|0|19|0|19|0|19|0|19|0|19|14|22|0|19|0|19|0|19|0|19|0|19|0|19|0|19|0|19|0|19|0|19|0|19|13|21|1|9|6068|983|3168|651|185|115|10|18|526|389|215|226|31|36|37|60|378|143|212|101|536|224|230|106|504|110|278|87|26|29|2900|456|67|67|13|21|277|149|57|45|17|26|0|19|255|230|257|102|497|272|414|184|453|153|256|98|337|237
1400000US25021456101|3613|619|277|234|78|56|0|14|0|14|8|13|0|14|0|14|0|14|0|14|0|14|53|50|0|14|6|9|11|16|0|14|199|185|42|45|0|14|70|79|0|14|0|14|0|14|0|14|0|14|43|40|0|14|17|19|27|30|0|14|3336|609|1634|307|48|39|10|16|116|94|95|73|12|20|65|88|137|80|85|42|138|67|174|80|383|124|251|105|120|71|1702|345|37|34|0|14|80|64|57|38|0|14|62|58|154|148|210|120|155|65|220|97|373|142|173|66|181|90
1400000US25021456102|5501|720|623|288|225|107|0|19|0|19|0|19|16|26|0|19|0|19|50|51|48|49|0|19|37|41|74|53|0|19|0|19|398|241|20|33|0|19|72|86|0|19|0|19|0|19|82|85|34|44|31|34|73|89|86|81|0|19|0|19|4878|702|2357|411|127|109|10|16|85|107|102|90|26|31|108|103|124|80|226|134|474|192|396|196|331|154|213|88|135|112|2521|441|317|182|0|19|222|201|31|37|0|19|57|45|124|103|209|124|349|186|483|147|232|137|338|151|159|91
1400000US25021456200|3856|555|262|160|151|122|0|14|0|14|0|14|0|14|0|14|0|14|0|14|72|70|0|14|56|65|0|14|0|14|23|20|111|92|0|14|0|14|0|14|0|14|0|14|0|14|0|14|13|19|72|88|0|14|0|14|13|21|13|20|3594|574|1832|410|132|111|12|21|100|66|65|49|8|12|79|58|155|105|257|140|174|85|337|170|319|133|125|111|69|45|1762|288|54|64|0|14|91|69|43|34|10|15|0|14|131|89|354|146|139|69|500|173|127|71|168|85|145|69
1400000US25021456301|2159|455|218|128|89|67|0|14|0|14|7|12|30|29|0|14|0|14|0|14|1|4|31|30|10|14|10|17|0|14|0|14|129|75|0|14|7|12|23|29|0|14|0|14|0|14|15|18|0|14|23|28|25|31|16|28|20|30|0|14|1941|471|999|304|67|38|0|14|58|41|23|29|0|14|33|49|149|125|93|51|151|69|55|35|208|97|56|29|106|129|942|219|7|12|0|14|38|34|55|39|0|14|38|34|29|27|156|68|106|47|173|109|105|45|113|60|122|91
1400000US25021456302|4688|647|853|406|257|167|0|14|0|14|35|51|0|14|54|64|0|14|99|102|0|14|37|54|19|32|0|14|0|14|13|18|596|275|36|52|0|14|0|14|0|14|0|14|85|93|0|14|95|115|48|58|109|122|120|102|93|124|10|18|3835|733|1713|391|94|131|0|14|0|14|92|128|55|82|24|40|0|14|246|135|275|171|188|115|250|155|419|146|70|55|2122|411|0|14|0|14|119|144|0|14|0|14|86|109|50|56|256|141|176|144|355|155|370|199|464|158|246|104
1400000US25021456401|2801|441|167|99|70|47|0|14|0|14|4|8|4|8|0|14|10|16|11|24|18|26|0|14|0|14|23|25|0|14|0|14|97|71|0|14|0|14|0|14|26|38|0|14|0|14|16|24|0|14|14|18|4|8|0|14|15|19|22|32|2634|447|1148|284|71|54|0|14|40|48|63|49|16|27|25|22|146|110|145|73|170|85|172|87|162|47|107|39|31|25|1486|265|44|50|39|45|142|77|37|39|40|29|5|9|189|83|176|61|233|92|159|76|226|60|130|56|66|46
1400000US25021456402|6221|625|263|173|68|48|0|19|0|19|0|19|0|19|0|19|26|30|3|11|5|9|0|19|13|21|0|19|0|19|21|23|195|136|0|19|0|19|10|14|57|77|0|19|0|19|0|19|0|19|0|19|39|40|0|19|32|43|57|56|5958|616|2721|430|98|86|30|46|284|142|120|69|27|41|82|45|126|69|263|133|546|189|315|119|244|79|508|338|78|33|3237|323|337|146|0|19|337|154|121|62|41|44|98|66|233|141|331|120|437|141|343|105|447|123|354|191|158|60
1400000US25021457100|4718|49|243|135|122|91|0|14|0|14|0|14|0|14|0|14|10|17|0|14|0|14|0|14|102|85|0|14|0|14|10|11|121|84|0|14|0|14|10|16|0|14|10|17|11|17|0|14|0|14|10|15|21|24|0|14|19|22|40|48|4475|131|2220|194|118|71|25|31|275|134|39|42|13|17|23|26|212|108|346|116|207|83|247|83|308|87|213|82|194|176|2255|168|138|67|15|17|113|47|32|30|30|36|133|106|190|95|424|124|228|95|321|107|278|83|212|76|141|53
1400000US25021457200|6028|593|70|72|50|51|0|19|0|19|0|19|0|19|0|19|0|19|46|51|4|7|0|19|0|19|0|19|0|19|0|19|20|29|0|19|0|19|0|19|0|19|0|19|0|19|0|19|0|19|19|29|0|19|0|19|0|19|1|3|5958|588|2817|336|93|59|81|62|302|112|165|88|73|66|130|70|149|86|139|105|440|104|549|130|272|92|256|92|168|109|3141|386|82|48|55|46|350|188|137|71|122|64|139|70|203|129|96|64|471|100|492|120|422|134|292|117|280|197
1400000US25021980000|0|14|0|14|0|14|0|14|0|14|0|14|0|14|0|14|0|14|0|14|0|14|0|14|0|14|0|14|0|14|0|14|0|14|0|14|0|14|0|14|0|14|0|14|0|14|0|14|0|14|0|14|0|14|0|14|0|14|0|14|0|14|0|14|0|14|0|14|0|14|0|14|0|14|0|14|0|14|0|14|0|14|0|14|0|14|0|14|0|14|0|14|0|14|0|14|0|14|0|14|0|14|0|14|0|14|0|14|0|14|0|14|0|14|0|14|0|14
1400000US25023500101|3472|422|131|70|27|28|0|14|0|14|0|14|0|14|0|14|0|14|0|14|0|14|4|9|0|14|0|14|23|27|0|14|104|59|0|14|0|14|0|14|0|14|0|14|0|14|0|14|7|12|9|14|20|23|41|47|0|14|27|25|3341|418|1654|220|92|72|36|28|137|60|37|28|26|27|40|45|121|61|91|50|190|72|164|59|348|104|235|71|137|72|1687|268|64|42|0|14|55|32|46|36|0|14|30|43|120|93|179|78|168|80|285|95|332|126|322|131|86|43
1400000US25023500103|2867|645|119|86|20|24|0|14|0|14|0|14|0|14|0|14|0|14|0|14|0|14|0|14|0|14|7|11|13|21|0|14|99|77|0|14|0|14|0|14|0|14|0|14|0|14|0|14|0|14|0|14|0|14|0|14|78|75|21|24|2748|657|1418|318|28|31|0|14|14|25|0|14|38|33|66|99|91|64|275|187|36|31|150|67|480|209|169|65|71|34|1330|370|0|14|0|14|0|14|52|70|0|14|26|26|27|30|268|207|40|29|329|187|220|75|266|108|102|43
1400000US25023500104|3747|392|287|174|140|97|0|14|0|14|0|14|0|14|0|14|14|18|0|14|0|14|0|14|14|16|77|84|12|14|23|35|147|88|0|14|0|14|7|12|6|9|0|14|0|14|0|14|0|14|0|14|64|76|26|23|19|23|25|37|3460|373|1564|215|56|42|5|9|46|39|11|17|6|9|40|34|100|56|126|90|203|89|130|54|444|110|240|86|157|68|1896|249|19|21|13|20|58|55|19|15|35|56|52|38|107|76|187|82|134|72|208|82|572|139|266|71|226|86
1400000US25023501101|3545|401|199|84|48|40|0|14|0|14|0|14|9|12|0|14|0|14|5|16|0|14|9|12|0|14|25|37|0|14|0|14|151|66|0|14|0|14|0|14|0|14|0|14|0|14|25|35|6|11|0|14|14|16|12|18|30|29|64|57|3346|418|1586|230|118|75|18|20|225|83|99|45|10|14|33|26|104|65|50|33|239|50|244|54|210|70|170|119|66|35|1760|237|120|58|17|19|200|75|41|31|29|26|30|28|73|47|151|116|248|52|172|53|272|74|219|144|188|86
1400000US25023501102|8525|682|290|191|141|100|0|19|0|19|0|19|0|19|0|19|44|71|0|19|0|19|14|32|1|2|45|54|23|35|14|22|149|114|0|19|0|19|0|19|0|19|0|19|0|19|0|19|0|19|0|19|0|19|54|88|32|38|63|50|8235|683|3969|485|227|104|106|106|339|177|142|96|65|68|185|93|53|64|156|96|670|209|650|205|627|194|470|173|279|136|4266|344|255|99|47|52|219|117|177|101|48|53|52|44|322|185|275|120|716|219|651|206|684|157|535|169|285|122
1400000US25023501201|4322|572|75|78|9|14|0|14|0|14|0|14|0|14|0|14|0|14|0|14|0|14|0|14|0|14|9|14|0|14|0|14|66|75|0|14|0|14|0|14|0|14|0|14|0|14|0|14|0|14|0|14|0|14|0|14|10|17|56|73|4247|594|2195|328|242|97|62|56|372|151|27|28|23|26|20|21|137|86|100|69|267|51|444|173|233|90|151|83|117|37|2052|354|54|35|0|14|300|154|73|47|4|8|107|63|152|80|66|46|279|52|406|170|280|94|225|81|106|36
1400000US25023501203|2444|271|20|31|8|14|0|14|0|14|0|14|0|14|0|14|0|14|0|14|0|14|0|14|0|14|8|14|0|14|0|14|12|18|0|14|0|14|0|14|0|14|0|14|0|14|0|14|3|10|0|14|0|14|9|15|0|14|0|14|2424|272|1277|173|68|55|12|17|165|88|39|31|27|34|75|57|131|126|80|55|138|66|275|66|81|42|127|59|59|36|1147|196|24|25|8|12|99|69|123|54|7|11|7|11|138|132|38|31|118|46|284|96|146|56|82|37|73|45
1400000US25023501204|5112|525|197|126|44|42|0|19|0|19|0|19|0|19|0|19|0|19|1|3|0|19|3|7|4|7|0|19|0|19|36|45|153|112|0|19|0|19|0|19|0|19|0|19|66|103|0|19|0|19|2|5|0|19|0|19|0|19|85|45|4915|476|2054|245|42|43|64|86|191|101|70|59|30|35|13|21|134|105|72|63|240|86|155|88|266|124|391|171|386|164|2861|351|145|75|0|19|97|74|98|57|0|19|105|70|43|51|109|81|225|60|203|96|386|182|409|152|1041|335
1400000US25023502101|6603|1038|290|238|102|106|0|19|0|19|0|19|0|19|0|19|6|13|0|19|0|19|0|19|2|10|43|61|40|43|11|17|188|148|0|19|0|19|0|19|0|19|0|19|0|19|29|43|4|17|0|19|23|27|81|73|10|18|41|58|6313|1026|3340|529|347|244|30|48|362|226|102|102|47|56|16|25|100|91|705|257|609|203|319|164|490|192|178|77|35|33|2973|604|212|159|0|19|284|169|63|60|58|78|108|86|366|406|442|155|404|212|440|145|347|123|177|88|72|49
1400000US25023502102|4966|718|445|242|284|163|42|66|0|14|20|31|0|14|0|14|0|14|42|66|0|14|0|14|87|92|59|61|17|27|17|28|161|98|0|14|0|14|0|14|0|14|0|14|0|14|35|54|0|14|0|14|11|19|44|53|50|47|21|34|4521|773|1890|348|105|80|0|14|148|129|49|50|40|50|121|88|168|119|198|120|220|144|267|96|265|102|225|109|84|47|2631|556|194|113|0|14|231|191|130|126|0|14|75|85|178|132|354|219|236|139|432|137|370|140|265|110|166|93
1400000US25023502200|5984|776|578|391|157|109|77|100|0|19|0|19|0|19|0|19|0|19|1|3|2|5|19|33|0|19|0|19|42|48|16|25|421|339|24|39|0|19|55|91|0|19|0|19|0|19|0|19|122|129|0|19|46|75|86|134|35|32|53|46|5406|788|2685|520|276|141|11|18|96|88|24|30|15|20|31|44|223|118|500|272|392|129|255|112|493|232|216|75|153|77|2721|344|122|84|146|115|146|99|103|94|0|19|12|22|56|56|321|111|226|83|287|123|657|254|411|106|234|112
1400000US25023503101|7330|707|386|356|203|181|0|19|0|19|0|19|0|19|25|37|25|37|79|126|27|44|0|19|0|19|30|44|0|19|17|28|183|193|0|19|0|19|0|19|42|67|0|19|0|19|0|19|21|35|75|117|0|19|0|19|27|41|18|29|6944|704|3815|577|232|110|72|75|415|211|312|194|12|21|226|163|324|192|278|171|358|95|613|248|443|178|303|103|227|81|3129|372|192|131|34|33|194|116|13|22|94|59|77|58|326|148|277|146|408|87|540|222|477|136|291|103|206|118
1400000US25023503102|7355|716|454|182|125|91|0|19|0|19|23|37|0|19|0|19|0|19|0|19|48|68|22|36|0|19|18|29|0|19|14|23|329|148|20|31|0|19|0|19|0|19|0|19|0|19|3|6|5|12|22|35|53|84|17|29|20|24|189|134|6901|741|3418|419|126|80|39|52|333|161|177|123|67|64|166|124|468|169|132|89|465|115|748|202|336|100|213|68|148|61|3483|451|216|120|139|96|251|136|94|64|42|49|167|121|288|132|119|64|487|111|548|154|500|123|398|102|234|99
1400000US25023504101|5247|389|167|106|23|34|0|19|0|19|12|18|0|19|0|19|0|19|0|19|0|19|0|19|11|17|0|19|0|19|0|19|144|96|36|34|0|19|0|19|0|19|0|19|8|14|8|14|23|30|39|58|0|19|14|23|10|15|6|10|5080|388|2485|239|162|64|0|19|174|69|104|61|87|75|218|94|148|79|365|140|308|90|282|87|351|83|176|56|110|47|2595|268|194|67|23|26|97|57|149|70|11|16|41|40|307|122|314|124|272|66|447|117|325|87|218|65|197|59
1400000US25023504102|5900|387|178|132|108|131|0|19|0|19|0|19|32|46|0|19|30|44|0|19|2|5|0|19|0|19|30|44|0|19|14|16|70|57|0|19|0|19|0|19|0|19|0|19|10|15|9|12|2|8|0|19|1|4|7|12|9|13|32|40|5722|424|2976|278|274|246|58|62|372|110|80|67|76|50|162|66|213|115|133|74|484|113|485|104|276|68|238|79|125|52|2746|310|274|99|23|27|279|123|149|73|37|43|81|64|102|68|131|93|547|96|368|93|299|105|320|97|136|55
1400000US25023505102|5650|600|85|52|31|24|0|19|0|19|0|19|0|19|0|19|0|19|0|19|4|7|0|19|5|15|0|19|16|24|6|11|54|47|0|19|0|19|0|19|0|19|0|19|0|19|0|19|0|19|0|19|15|24|28|37|0|19|11|14|5565|607|2782|294|193|66|47|52|305|111|71|61|17|19|89|52|118|71|294|121|269|74|513|142|377|118|291|68|198|71|2783|400|151|67|23|28|252|104|141|65|31|27|81|47|152|98|340|254|376|86|330|107|327|90|331|69|248|91
1400000US25023505103|3027|686|38|43|10|15|0|14|0|14|0|14|0|14|0|14|0|14|0|14|0|14|0|14|0|14|0|14|10|15|0|14|28|34|0|14|0|14|0|14|0|14|0|14|0|14|0|14|0|14|0|14|0|14|28|34|0|14|0|14|2989|685|1595|373|44|36|7|14|46|65|24|30|16|22|61|48|236|163|182|104|223|238|182|50|402|120|88|40|84|53|1394|391|115|72|0|14|37|35|96|76|38|37|26|27|154|154|92|50|63|39|202|76|310|161|163|61|98|51
1400000US25023505104|3851|576|158|99|85|57|0|14|0|14|0|14|0|14|0|14|0|14|23|38|0|14|0|14|9|17|14|22|20|26|19|33|73|53|0|14|0|14|0|14|0|14|0|14|0|14|0|14|0|14|0|14|0|14|73|53|0|14|0|14|3693|573|1717|231|48|45|29|30|202|76|90|56|0|14|9|18|140|113|107|69|157|52|308|125|363|117|161|60|103|39|1976|423|77|61|26|38|115|78|114|91|0|14|87|91|203|202|111|62|200|65|250|105|367|94|233|61|193|164
1400000US25023505201|1800|230|39|30|0|14|0|14|0|14|0|14|0|14|0|14|0|14|0|14|0|14|0|14|0|14|0|14|0|14|0|14|39|30|0|14|0|14|0|14|0|14|0|14|0|14|0|14|0|14|0|14|7|11|0|14|32|32|0|14|1761|231|875|145|87|99|0|14|72|61|11|17|0|14|17|25|0|14|178|78|91|75|37|36|91|58|190|95|101|85|886|168|34|32|32|49|81|47|18|26|0|14|45|41|27|40|85|52|140|68|37|32|133|74|127|74|127|72
1400000US25023505202|4603|450|142|98|3|6|0|14|0|14|0|14|0|14|0|14|0|14|0|14|0|14|0|14|2|4|1|2|0|14|0|14|139|97|0|14|0|14|0|14|0|14|0|14|0|14|0|14|0|14|0|14|14|21|76|76|0|14|49|66|4461|475|1850|258|83|50|0|14|88|74|116|67|34|46|49|45|139|97|69|54|255|93|204|94|342|85|254|95|217|139|2611|357|107|87|53|85|274|153|42|42|0|14|54|46|228|161|85|75|276|111|301|100|388|165|501|231|302|118
1400000US25023506102|5801|670|452|288|272|187|0|19|32|47|0|19|66|75|16|29|16|28|0|19|65|70|0|19|20|29|43|46|2|4|12|20|180|116|28|40|0|19|0|19|0|19|0|19|0|19|0|19|26|38|1|3|37|45|2|6|28|43|58|47|5349|768|2500|425|137|131|0|19|51|55|59|51|35|40|119|99|322|191|197|93|277|133|397|143|467|149|328|130|111|66|2849|517|111|103|0|19|174|96|233|193|30|51|176|150|224|234|316|158|175|98|567|168|482|147|201|98|160|88
1400000US25023506103|2650|798|722|799|236|246|0|14|0|14|87|121|0|14|0|14|0|14|17|27|15|23|10|18|83|116|0|14|11|16|13|21|486|560|108|147|0|14|199|271|0|14|0|14|0|14|0|14|0|14|101|141|0|14|51|48|0|14|27|31|1928|223|901|143|18|31|11|17|144|68|70|42|7|13|51|58|33|35|44|30|129|59|111|58|65|52|178|57|40|31|1027|133|18|20|0|14|86|57|24|25|54|61|18|23|0|14|61|40|181|56|179|76|158|81|170|57|78|60
1400000US25023506104|4106|519|55|14|47|3|0|14|0|14|0|14|0|14|0|14|0|14|0|14|0|14|0|14|47|3|0|14|0|14|0|14|8|14|0|14|0|14|0|14|0|14|0|14|0|14|0|14|0|14|0|14|0|14|8|14|0|14|0|14|4051|518|1871|280|37|39|30|35|139|113|60|50|38|27|31|30|140|79|215|116|338|166|199|90|305|78|187|77|152|94|2180|336|157|127|8|15|83|75|40|64|59|65|71|54|100|70|146|79|433|229|276|117|296|122|276|67|235|145
1400000US25023506202|2740|364|81|47|26|22|0|14|0|14|0|14|0|14|0|14|0|14|6|10|4|8|0|14|0|14|11|12|5|9|0|14|55|40|0|14|0|14|0|14|0|14|0|14|0|14|0|14|0|14|0|14|5|7|14|16|8|13|28|34|2659|369|1413|248|127|95|22|21|136|58|35|32|0|14|39|29|157|67|105|46|194|78|145|50|205|67|145|107|103|54|1246|184|26|23|5|8|85|51|51|34|8|13|21|22|69|42|104|44|157|53|263|123|165|55|126|44|166|61
1400000US25023506203|5646|639|335|211|147|113|0|19|0|19|0|19|0|19|0|19|0|19|33|53|0|19|0|19|53|81|0|19|29|34|32|35|188|133|0|19|0|19|0|19|0|19|0|19|0|19|42|68|0|19|0|19|0|19|41|44|13|22|92|83|5311|631|2865|442|154|116|41|59|180|117|86|81|26|33|44|41|204|121|359|164|305|143|474|280|448|146|285|143|259|193|2446|344|171|115|0|19|168|112|73|68|0|19|75|99|164|115|343|193|348|158|281|112|313|141|338|135|172|89
1400000US25023506205|2170|544|161|96|88|55|0|14|0|14|0|14|37|37|0|14|19|25|0|14|0|14|0|14|0|14|27|32|0|14|5|9|73|48|0|14|0|14|0|14|0|14|0|14|0|14|6|12|4|8|0|14|35|35|4|7|0|14|24|17|2009|566|969|265|10|21|0|14|0|14|7|14|0|14|23|29|132|64|117|74|104|56|97|52|305|239|152|76|22|22|1040|322|20|21|0|14|53|47|0|14|0|14|0|14|52|42|109|80|56|41|122|55|376|286|203|82|49|31
1400000US25023506206|2492|360|129|114|36|40|0|14|0|14|0|14|0|14|0|14|0|14|0|14|0|14|0|14|0|14|0|14|7|11|29|40|93|94|0|14|0|14|0|14|0|14|0|14|0|14|0|14|0|14|0|14|55|83|23|39|0|14|15|24|2363|376|1164|280|43|45|34|50|21|28|26|30|33|34|40|45|127|100|12|19|143|87|229|117|279|167|119|109|58|48|1199|192|0|14|12|20|50|39|25|32|0|14|22|33|127|90|60|49|95|50|188|78|270|111|215|90|135|94
1400000US25023507101|5437|535|152|106|67|51|0|19|0|19|0|19|0|19|0|19|0|19|0|19|0|19|0|19|10|16|28|37|29|20|0|19|85|78|0|19|0|19|0|19|0|19|0|19|0|19|0|19|0|19|0|19|0|19|21|34|8|13|56|69|5285|542|2612|410|216|242|23|25|210|119|194|76|57|45|137|97|195|86|182|85|219|87|463|111|395|118|156|69|165|73|2673|298|127|69|31|27|226|89|112|52|34|42|64|42|171|98|229|116|274|94|441|88|433|138|338|109|193|75
1400000US25023507103|4162|441|179|116|95|68|0|14|0|14|0|14|0|14|0|14|22|25|35|31|0|14|0|14|11|19|0|14|27|30|0|14|84|56|0|14|0|14|0|14|0|14|0|14|0|14|18|29|1|5|6|10|26|26|9|14|11|17|13|18|3983|457|1991|273|105|71|0|14|134|56|101|67|16|15|92|70|78|59|103|59|88|35|307|102|399|108|274|96|294|173|1992|261|34|26|0|14|156|71|141|68|39|30|29|27|219|134|70|45|168|45|371|113|322|94|279|77|164|83
1400000US25023507104|6389|718|481|317|219|169|0|19|0|19|51|79|57|83|0|19|7|12|0|19|3|11|0|19|26|39|9|16|49|48|17|27|262|174|0|19|0|19|0|19|0|19|0|19|0|19|97|151|0|19|0|19|51|51|13|20|76|53|25|30|5908|789|2916|541|49|44|19|31|211|146|47|47|11|19|120|118|220|211|255|223|317|160|509|245|449|143|460|256|249|133|2992|386|204|100|0|19|390|201|73|57|74|67|37|41|162|141|159|89|358|166|424|135|354|174|500|242|257|102
1400000US25023508101|7156|781|396|223|72|53|0|19|0|19|0|19|0|19|0|19|20|33|0|19|1|3|13|21|1|3|21|32|0|19|16|26|324|205|0|19|0|19|0|19|0|19|0|19|0|19|0|19|0|19|0|19|76|91|19|30|105|120|124|104|6760|793|3059|456|131|115|19|33|167|111|160|103|161|110|45|37|137|127|262|136|441|180|473|149|353|140|556|401|154|87|3701|456|139|154|42|53|181|101|301|143|71|100|14|23|214|128|267|124|418|169|703|169|755|436|341|146|255|111
1400000US25023508102|4920|546|181|110|63|59|0|14|0|14|0|14|0|14|0|14|0|14|0|14|24|32|1|9|0|14|0|14|15|25|23|36|118|72|0|14|0|14|0|14|0|14|0|14|0|14|0|14|37|45|0|14|0|14|19|17|53|59|9|15|4739|555|2262|305|137|89|0|14|117|83|62|44|27|38|46|46|291|123|279|142|202|69|346|108|377|114|279|91|99|56|2477|355|139|91|0|14|92|52|81|59|34|36|97|90|284|138|295|156|288|82|373|87|390|113|243|73|161|72
1400000US25023508200|6166|563|203|110|32|49|0|19|0|19|0|19|0|19|0|19|0|19|0|19|0|19|0|19|9|21|14|23|9|21|0|19|171|98|0|19|0|19|0|19|0|19|0|19|0|19|42|56|14|30|15|24|0|19|31|34|14|22|55|64|5963|558|2831|388|217|103|18|29|170|103|127|82|0|19|150|114|310|176|334|171|202|101|376|145|466|143|354|147|107|80|3132|361|241|91|47|47|54|46|162|113|16|29|80|50|274|155|347|154|329|112|446|147|666|203|355|138|115|88
1400000US25023509101|7173|704|151|112|55|50|0|19|0|19|0|19|0|19|0|19|0|19|0|19|0|19|0|19|0|19|19|31|17|27|19|29|96|99|0|19|0|19|0|19|0|19|0|19|0|19|0|19|0|19|0|19|7|11|19|30|31|40|39|59|7022|725|3752|500|256|117|120|90|229|143|225|128|19|25|78|69|209|118|369|187|514|132|406|164|642|295|357|168|328|219|3270|461|220|106|123|130|237|119|64|52|42|41|112|101|47|54|230|108|726|292|475|163|469|244|410|185|115|69
1400000US25023509102|6414|693|237|106|49|47|0|19|0|19|0|19|0|19|0|19|0|19|0|19|5|16|7|15|0|19|27|34|0|19|10|16|188|98|0|19|0|19|8|17|8|17|0|19|0|19|0|19|0|19|8|17|23|29|36|41|30|34|75|67|6177|696|3128|397|219|128|41|48|33|33|164|87|56|55|87|91|198|118|447|148|263|115|569|156|222|140|448|209|381|247|3049|559|32|36|20|31|310|145|37|39|29|44|219|199|177|141|304|129|305|190|497|150|480|251|326|141|313|141
1400000US25023510100|4865|710|111|87|37|39|0|14|0|14|10|16|0|14|0|14|0|14|5|8|0|14|0|14|0|14|19|32|2|4|1|3|74|63|0|14|0|14|10|15|9|14|0|14|5|8|0|14|0|14|5|7|16|18|11|16|2|4|16|20|4754|711|2328|382|155|83|0|14|101|85|157|128|56|66|13|17|181|111|425|169|289|103|291|108|340|124|251|98|69|48|2426|401|218|119|0|14|93|65|35|51|59|69|101|99|182|98|430|135|184|97|261|110|404|110|337|83|122|53
1400000US25023510200|7263|860|1229|610|511|243|0|19|85|65|85|65|0|19|76|59|0|19|49|79|0|19|51|79|122|146|0|19|43|69|0|19|718|396|0|19|0|19|158|119|177|125|45|74|54|91|0|19|37|65|115|83|0|19|0|19|94|102|38|54|6034|870|3083|501|197|106|15|25|150|101|126|169|14|23|74|85|269|160|433|234|393|161|392|175|612|209|315|152|93|65|2951|555|192|151|0|19|175|119|123|93|140|199|36|58|365|184|348|168|427|197|254|115|492|168|254|122|145|82
1400000US25023510300|4293|796|889|364|321|154|0|14|0|14|95|62|0|14|0|14|20|32|0|14|15|26|39|57|48|65|56|55|28|44|20|38|568|251|85|66|0|14|38|43|47|44|53|74|0|14|0|14|43|41|129|79|6|10|59|52|76|62|32|35|3404|807|1984|625|430|389|8|14|70|59|105|80|19|30|81|45|212|144|360|221|322|176|136|85|117|65|84|45|40|38|1420|291|103|103|7|14|82|81|120|87|0|14|11|17|99|66|312|159|174|90|164|100|185|93|122|80|41|47
1400000US25023510400|3932|666|1098|365|501|266|68|56|0|14|40|57|21|29|0|14|22|34|47|74|85|99|61|56|75|122|18|30|64|95|0|14|597|244|178|124|12|22|10|15|0|14|0|14|39|57|0|14|144|113|166|127|8|13|8|13|13|23|19|47|2834|619|1491|391|117|76|25|39|207|110|90|95|22|34|15|23|178|94|198|158|274|106|161|67|143|99|61|54|0|14|1343|288|12|20|0|14|255|115|56|54|24|37|107|84|95|71|240|123|197|91|120|60|107|58|58|40|72|52
1400000US25023510501|3601|728|408|204|147|84|0|14|0|14|0|14|36|38|0|14|0|14|26|39|0|14|0|14|16|25|50|45|19|29|0|14|261|161|26|38|0|14|0|14|21|33|0|14|0|14|12|18|0|14|53|62|14|18|135|123|0|14|0|14|3193|648|1501|334|120|159|46|42|102|58|154|92|25|41|28|31|80|69|270|99|228|105|135|72|102|61|135|94|76|41|1692|365|55|46|0|14|87|62|64|104|56|61|44|40|164|120|236|122|286|153|277|118|173|81|89|48|161|80
1400000US25023510503|3642|519|696|245|266|132|0|14|0|14|54|57|59|59|0|14|27|39|0|14|27|41|32|44|0|14|55|50|12|20|0|14|430|177|32|50|0|14|11|20|0|14|21|29|55|51|22|40|6|10|120|75|87|62|20|27|32|37|24|28|2946|594|1261|263|77|67|0|14|156|104|0|14|55|47|32|39|63|65|115|97|184|97|181|76|185|92|49|37|164|86|1685|445|98|99|11|17|77|66|124|84|11|18|28|25|124|90|203|108|299|146|173|65|218|163|171|85|148|66
1400000US25023510504|2676|675|615|491|290|246|37|58|37|57|0|14|37|57|0|14|0|14|24|39|0|14|42|64|20|30|57|70|0|14|36|44|325|259|0|14|0|14|35|53|34|52|22|37|56|89|0|14|0|14|47|53|0|14|45|73|41|66|45|54|2061|666|1097|437|50|62|0|14|91|95|76|116|0|14|76|61|88|83|129|131|94|92|273|140|97|79|60|61|63|68|964|269|4|9|52|80|0|14|25|39|17|29|58|92|94|84|197|132|110|79|150|98|99|85|17|20|141|100
1400000US25023510505|4282|613|803|524|457|308|0|14|0|14|28|54|0|14|0|14|40|76|25|75|73|111|0|14|0|14|133|150|74|85|84|97|346|291|31|62|0|14|0|14|13|48|0|14|0|14|76|109|0|14|76|95|0|14|91|96|41|67|18|30|3479|607|1874|412|0|14|0|14|135|105|46|74|0|14|39|62|204|155|460|222|118|109|181|149|305|177|291|172|95|86|1605|281|112|120|36|63|42|70|0|14|15|32|0|14|107|120|242|148|139|94|317|179|225|132|219|144|151|134
1400000US25023510600|3344|527|274|207|112|75|0|14|0|14|21|25|0|14|0|14|0|14|15|26|10|17|29|32|16|23|9|12|0|14|12|20|162|139|0|14|24|28|25|29|24|28|0|14|0|14|0|14|14|25|24|29|13|22|18|23|0|14|20|25|3070|568|1404|229|9|15|7|15|41|45|17|23|13|20|145|88|187|91|232|160|59|57|307|122|164|83|156|83|67|55|1666|393|138|90|24|37|101|52|147|72|22|37|13|21|239|135|71|55|194|76|318|133|181|105|183|118|35|35
1400000US25023510700|6881|1114|445|273|174|119|0|19|0|19|0|19|29|57|0|19|0|19|15|26|1|4|0|19|2|5|9|13|2|5|116|98|271|226|0|19|0|19|55|90|0|19|0|19|0|19|40|70|44|70|29|58|0|19|11|21|92|127|0|19|6436|1090|2907|492|135|108|0|19|149|108|51|63|13|23|57|55|331|205|551|257|420|204|487|185|436|146|183|91|94|81|3529|721|197|237|27|43|239|182|152|135|236|165|131|170|653|290|194|169|471|173|477|156|371|203|240|104|141|99
1400000US25023510800|7466|1184|1323|705|475|267|49|69|0|19|44|61|0|19|0|19|48|55|124|156|50|84|18|47|54|61|6|37|34|43|48|73|848|535|22|58|11|39|210|250|75|106|0|19|0|19|178|166|131|110|2|16|107|121|3|12|109|110|0|19|6143|1173|2862|532|82|82|10|41|479|291|142|155|72|104|98|80|305|150|440|172|274|170|588|220|305|154|49|49|18|30|3281|745|296|175|43|65|393|249|143|149|38|66|35|63|313|188|319|221|453|241|592|210|399|141|152|74|105|90
1400000US25023510900|2385|517|759|243|268|156|10|15|0|14|20|33|9|15|0|14|0|14|44|58|29|59|58|69|54|51|13|21|31|37|0|14|491|163|0|14|19|31|14|24|16|29|0|14|15|23|0|14|117|92|45|51|6|10|70|46|101|51|88|96|1626|475|802|371|0|14|49|72|55|47|116|109|17|28|13|24|220|167|132|82|33|44|65|70|63|57|19|22|20|32|824|205|32|49|0|14|51|56|52|59|0|14|0|14|87|77|20|33|177|97|171|89|54|45|109|74|71|57
1400000US25023511000|3054|539|737|351|479|269|6|12|0|14|77|82|74|106|0|14|18|29|56|86|24|35|115|126|12|23|71|66|26|33|0|14|258|127|10|20|0|14|10|18|9|18|23|29|11|20|0|14|57|52|28|28|67|56|9|14|23|28|11|19|2317|439|1017|208|95|102|0|14|81|58|68|66|4|8|57|56|60|47|60|65|155|92|106|70|245|144|66|69|20|26|1300|325|129|115|0|14|45|35|103|69|0|14|38|44|159|101|166|100|202|76|145|73|243|157|49|37|21|26
1400000US25023511100|5693|626|319|215|198|132|0|19|0|19|41|60|0|19|0|19|33|52|12|18|9|13|12|19|26|39|37|44|21|27|7|11|121|98|0|19|23|36|0|19|0|19|0|19|0|19|13|25|44|51|0|19|0|19|16|25|8|12|17|21|5374|635|2804|409|160|115|127|142|131|94|76|70|0|19|130|91|327|152|316|145|291|146|441|175|385|132|334|98|86|44|2570|362|119|80|55|53|125|69|120|77|37|41|32|48|151|106|358|137|201|111|365|138|561|158|250|94|196|96
1400000US25023511200|5321|843|810|304|279|117|20|27|0|19|0|19|11|21|0|19|0|19|19|24|14|26|30|48|30|45|104|89|18|20|33|33|531|263|30|49|1|3|33|60|34|43|12|21|0|19|25|28|142|157|82|61|33|32|9|14|112|77|18|22|4511|804|2134|439|127|70|14|23|188|116|97|56|15|16|92|102|168|124|237|60|250|135|271|116|295|135|255|133|125|78|2377|518|256|145|23|37|222|162|58|78|23|33|60|60|109|72|391|178|237|135|324|114|264|73|338|301|72|48
1400000US25023511301|6257|674|527|224|223|128|0|19|30|47|0|19|26|29|0|19|0|19|10|16|42|73|65|65|0|19|6|26|44|52|0|19|304|139|0|19|0|19|24|28|12|21|0|19|12|18|16|26|65|66|45|60|0|19|76|62|34|41|20|58|5730|713|2882|349|98|72|16|25|285|193|243|132|47|50|58|52|462|193|268|122|324|110|543|168|247|106|206|129|85|43|2848|438|223|206|23|35|221|128|243|85|18|29|32|50|99|81|341|120|440|179|333|98|437|271|240|135|198|92
1400000US25023511302|3765|551|334|243|139|156|46|72|0|14|0|14|58|95|0|14|24|41|0|14|0|14|0|14|0|14|0|14|8|14|3|10|195|124|0|14|0|14|20|34|24|37|0|14|0|14|0|14|46|52|25|37|30|36|11|20|23|33|16|17|3431|538|1738|324|143|84|0|14|134|103|79|75|39|55|30|26|245|147|179|120|217|93|148|106|192|109|295|112|37|26|1693|316|99|78|0|14|48|35|0|14|0|14|19|30|235|154|255|132|218|91|199|109|223|135|227|100|170|88
1400000US25023511400|4188|869|653|360|288|203|0|14|0|14|30|29|92|81|19|31|20|31|32|25|0|14|53|45|0|14|0|14|17|24|25|23|365|241|0|14|0|14|28|26|17|27|38|64|0|14|128|113|0|14|89|64|0|14|30|36|0|14|35|47|3535|860|1751|493|72|78|83|83|81|66|55|62|67|63|29|43|254|119|493|212|180|108|192|111|198|110|47|45|0|14|1784|488|124|96|92|72|130|108|52|72|48|69|92|84|204|129|362|180|100|76|270|109|160|79|150|81|0|14
1400000US25023511500|5003|824|685|386|299|172|0|19|19|29|67|58|0|19|16|26|31|34|65|87|45|68|0|19|56|55|0|19|0|19|0|19|386|226|18|38|17|26|30|33|0|19|28|45|0|19|13|18|113|147|96|81|1|4|70|63|0|19|0|19|4318|652|2168|381|292|163|41|38|132|100|102|63|46|61|38|44|227|90|200|107|365|201|258|109|230|103|190|85|47|39|2150|346|93|63|20|26|320|192|110|75|66|67|73|44|321|127|189|79|264|100|318|120|234|98|92|58|50|37
1400000US25023511601|4267|665|728|604|258|238|113|166|0|14|73|70|0|14|0|14|0|14|22|35|0|14|36|60|0|14|14|25|0|14|0|14|470|421|123|125|0|14|100|104|0|14|0|14|0|14|0|14|66|65|84|134|0|14|27|42|0|14|70|56|3539|661|1761|421|154|125|0|14|213|129|180|101|27|31|41|49|233|177|60|65|415|102|185|116|133|89|84|106|36|37|1778|416|57|68|25|39|141|100|62|61|49|59|123|128|175|101|254|139|258|120|193|101|236|106|88|72|117|64
1400000US25023511602|3449|614|577|196|209|103|0|14|0|14|0|14|0|14|0|14|0|14|11|16|42|58|9|14|0|14|11|28|127|82|9|15|368|145|0|14|18|29|0|14|0|14|0|14|0|14|9|14|116|99|0|14|18|29|148|96|59|63|0|14|2872|611|1499|355|97|73|0|14|87|109|18|31|23|42|12|23|150|113|233|99|186|127|220|124|171|101|189|94|113|75|1373|373|77|73|0|14|72|59|101|135|0|14|99|121|72|59|194|68|169|100|192|118|140|74|225|122|32|27
1400000US25023511701|5111|533|291|192|181|115|25|29|25|30|12|18|37|57|11|16|0|19|0|19|20|33|0|19|18|21|22|24|0|19|11|11|110|109|0|19|0|19|34|53|0|19|0|19|8|15|12|21|0|19|41|50|7|11|8|13|0|19|0|19|4820|596|2342|337|57|52|0|19|176|67|134|67|16|27|28|33|155|94|390|172|502|147|218|106|316|116|209|84|141|69|2478|339|106|72|0|19|108|70|100|65|53|51|97|80|178|109|314|140|328|94|272|126|430|156|253|105|239|92
1400000US25023511702|2745|475|68|48|35|29|0|14|0|14|0|14|0|14|0|14|0|14|0|14|1|6|0|14|0|14|10|15|15|21|9|14|33|31|0|14|0|14|0|14|0|14|0|14|0|14|0|14|0|14|2|5|17|28|9|13|2|4|3|4|2677|486|1373|253|116|129|11|16|115|59|46|38|0|14|63|38|115|70|150|80|222|90|217|83|171|69|102|46|45|32|1304|280|104|84|6|12|128|131|7|12|31|30|46|36|61|42|131|66|243|102|216|67|134|59|148|73|49|27
1400000US25023520100|7090|791|276|186|110|96|18|32|0|19|19|32|0|19|0|19|0|19|0|19|0|19|0|19|0|19|72|75|1|2|0|19|166|127|0|19|0|19|0|19|0|19|0|19|0|19|0|19|25|45|0|19|67|106|58|61|16|28|0|19|6814|812|3447|603|283|289|0|19|142|190|78|82|100|102|184|111|95|54|291|143|872|315|578|266|464|184|274|147|86|52|3367|519|150|110|59|57|389|142|189|128|0|19|101|81|203|136|240|119|708|278|551|140|353|117|269|138|155|88
1400000US25023520201|3515|417|206|108|107|71|15|27|0|14|0|14|0|14|0|14|0|14|17|25|0|14|10|16|25|37|40|46|0|14|0|14|99|62|0|14|0|14|0|14|5|9|0|14|0|14|0|14|0|14|5|8|0|14|50|46|0|14|39|41|3309|423|1787|256|125|62|21|24|133|57|97|64|52|51|21|23|102|54|328|147|237|57|212|75|243|85|144|60|72|36|1522|245|99|63|0|14|40|38|44|40|4|6|4|9|54|59|310|122|178|85|192|76|322|89|184|75|91|52
1400000US25023520202|6276|807|475|371|251|293|142|212|55|86|0|19|0|19|0|19|0|19|0|19|0|19|23|38|17|27|14|23|0|19|0|19|224|143|0|19|0|19|0|19|0|19|0|19|0|19|0|19|91|96|23|37|8|13|61|96|0|19|41|64|5801|801|2948|561|29|45|94|88|319|166|183|142|36|43|36|44|147|133|328|182|390|128|654|246|396|141|133|60|203|97|2853|519|72|63|54|61|272|121|101|108|0|19|85|108|338|206|165|88|529|187|456|174|465|139|114|58|202|94
1400000US25023521101|4582|415|294|211|116|90|0|14|0|14|0|14|0|14|0|14|5|8|15|23|51|76|0|14|0|14|22|25|10|15|13|21|178|128|38|56|0|14|42|64|0|14|0|14|0|14|0|14|6|11|24|31|6|9|7|12|44|40|11|17|4288|430|1939|287|105|62|32|27|158|90|85|48|27|29|77|78|80|49|161|69|359|52|208|68|345|166|243|84|59|38|2349|277|77|49|17|21|213|67|57|38|0|14|80|66|317|167|244|102|336|80|297|110|367|161|179|103|165|63
1400000US25023521102|3497|615|452|296|159|135|0|14|0|14|0|14|0|14|0|14|0|14|0|14|29|37|1|2|0|14|58|85|71|110|0|14|293|195|46|54|0|14|0|14|0|14|0|14|0|14|41|49|41|52|0|14|9|14|26|29|105|143|25|27|3045|604|1621|480|12|18|17|26|148|70|81|69|94|125|171|216|148|81|127|64|306|164|168|65|195|80|107|32|47|32|1424|208|23|27|21|29|167|77|48|35|0|14|8|13|149|109|68|45|369|159|187|67|191|75|110|45|83|51
1400000US25023521201|3207|477|311|178|94|80|0|14|0|14|11|23|12|23|0|14|0|14|0|14|13|27|17|44|22|19|19|31|0|14|0|14|217|154|41|56|0|14|0|14|0|14|0|14|0|14|41|50|80|80|7|12|18|36|25|33|5|9|0|14|2896|488|1435|260|58|65|23|36|69|55|115|97|0|14|49|62|66|69|358|121|155|78|248|89|138|84|131|39|25|20|1461|335|141|113|26|42|62|81|11|18|0|14|48|65|107|105|263|95|277|128|152|68|160|76|177|71|37|28
1400000US25023521202|3929|403|88|61|40|47|0|14|0|14|0|14|0|14|0|14|0|14|12|22|11|21|2|4|4|10|1|5|0|14|10|15|48|41|0|14|0|14|0|14|0|14|0|14|0|14|18|30|0|14|0|14|0|14|12|19|11|17|7|13|3841|402|1893|230|139|65|45|34|83|50|91|58|27|28|53|42|126|78|258|89|190|46|335|111|306|96|142|63|98|42|1948|241|64|50|0|14|51|40|101|48|24|26|30|35|314|147|184|83|260|46|362|118|248|97|207|78|103|53
1400000US25023522101|4700|500|93|55|33|26|0|14|0|14|0|14|0|14|0|14|0|14|12|18|0|14|4|8|17|18|0|14|0|14|0|14|60|55|0|14|0|14|0|14|0|14|0|14|0|14|0|14|0|14|0|14|0|14|28|43|8|13|24|37|4607|507|2285|345|142|88|46|48|96|48|84|52|0|14|86|77|248|173|316|148|249|98|300|128|472|165|194|52|52|30|2322|304|86|54|15|24|229|98|19|22|20|33|43|43|247|166|343|105|252|82|329|120|357|80|230|50|152|81
1400000US25023522102|5812|495|178|109|98|84|0|19|0|19|0|19|0|19|0|19|19|32|0|19|0|19|0|19|55|48|0|19|24|40|0|19|80|65|0|19|0|19|0|19|0|19|0|19|0|19|0|19|19|31|0|19|9|16|0|19|32|41|20|33|5634|509|2976|332|96|67|66|53|254|169|205|125|8|13|111|72|121|93|135|82|305|154|555|172|436|164|486|202|198|88|2658|311|122|80|27|31|229|149|12|21|151|106|57|43|212|123|214|138|177|79|420|145|382|138|393|123|262|112
1400000US25023523100|3419|406|85|74|25|29|0|14|0|14|0|14|0|14|0|14|17|26|6|9|0|14|2|4|0|14|0|14|0|14|0|14|60|68|27|44|0|14|0|14|0|14|0|14|0|14|0|14|26|29|7|11|0|14|0|14|0|14|0|14|3334|405|1468|234|82|56|15|25|151|102|27|26|26|27|17|25|160|77|274|119|231|93|162|68|192|85|96|40|35|25|1866|295|73|47|34|38|216|146|72|56|54|45|71|46|204|125|348|155|208|78|186|63|230|110|135|42|35|28
1400000US25023523201|2964|319|260|199|92|85|9|15|0|14|37|39|39|46|0|14|0|14|1|4|0|14|0|14|1|3|0|14|0|14|5|8|168|121|0|14|0|14|24|35|0|14|0|14|30|42|27|42|24|35|10|16|33|25|0|14|8|15|12|18|2704|321|1495|202|80|78|26|35|102|47|59|55|81|46|85|49|142|58|102|75|135|62|198|77|292|69|121|69|72|57|1209|184|11|16|15|22|87|57|62|57|0|14|38|33|152|76|133|77|149|45|173|64|242|81|67|37|80|69
1400000US25023523203|4378|512|71|66|18|24|0|14|0|14|0|14|0|14|0|14|0|14|0|14|0|14|0|14|6|12|0|14|0|14|12|20|53|53|0|14|0|14|0|14|0|14|0|14|0|14|0|14|32|44|0|14|8|18|0|14|0|14|13|21|4307|523|2130|308|126|108|0|14|101|64|21|27|30|49|53|59|200|126|317|164|286|72|351|211|414|126|127|63|104|48|2177|264|90|67|0|14|167|101|53|43|15|24|91|69|122|121|187|103|305|99|507|205|259|100|170|64|211|68
1400000US25023523204|3553|440|168|111|92|48|4|18|0|14|7|11|0|14|0|14|0|14|0|14|5|10|0|14|0|14|0|14|31|30|45|26|76|76|0|14|0|14|8|13|16|22|3|14|0|14|0|14|0|14|7|11|6|10|5|8|19|23|12|14|3385|444|1746|275|84|44|22|22|90|60|99|76|23|33|22|23|215|180|203|100|121|77|259|84|270|152|231|106|107|48|1639|270|73|55|0|14|28|29|16|21|67|74|32|30|104|71|313|166|160|85|240|110|215|70|254|60|137|64
1400000US25023524101|3221|320|65|75|9|16|0|14|0|14|0|14|0|14|0|14|0|14|0|14|0|14|9|16|0|14|0|14|0|14|0|14|56|62|0|14|0|14|0|14|10|18|0|14|11|19|18|30|0|14|10|18|0|14|0|14|0|14|7|12|3156|328|1541|244|65|50|30|27|89|58|24|27|13|20|19|23|210|137|170|97|263|73|275|164|200|74|123|63|60|50|1615|183|72|46|0|14|235|128|25|32|53|50|27|35|59|46|174|76|181|62|274|94|219|77|253|66|43|36
1400000US25023524102|4310|321|279|215|118|90|0|14|0|14|0|14|12|19|0|14|0|14|0|14|74|81|10|16|11|17|2|5|0|14|9|14|161|138|0|14|28|39|39|41|0|14|0|14|0|14|0|14|34|48|0|14|12|17|32|48|8|14|8|14|4031|367|2066|216|90|58|13|20|71|51|75|56|29|28|61|50|198|137|433|194|220|82|273|121|177|55|294|71|132|73|1965|279|148|126|33|30|27|25|93|58|12|19|64|60|106|66|369|231|171|58|297|116|237|73|198|58|210|78
1400000US25023525101|7259|568|461|241|259|145|40|58|0|19|0|19|0|19|0|19|0|19|83|108|9|22|95|88|0|19|16|25|0|19|16|23|202|166|0|19|0|19|0|19|36|54|0|19|0|19|26|46|44|55|0|19|0|19|0|19|0|19|96|116|6798|586|3299|384|190|120|25|31|213|131|67|55|64|54|72|57|389|197|629|220|483|161|343|179|376|138|300|130|148|64|3499|449|214|210|52|60|178|132|53|47|26|43|293|177|272|127|672|294|398|193|462|156|402|133|315|117|162|99
1400000US25023525104|7217|807|245|144|108|89|0|19|0|19|18|28|0|19|0|19|0|19|14|23|0|19|10|17|0|19|17|27|37|44|12|16|137|94|0|19|0|19|0|19|0|19|0|19|0|19|36|59|0|19|33|42|0|19|40|46|5|7|23|36|6972|820|3499|445|131|72|0|19|341|117|154|112|79|72|70|49|236|154|492|199|357|122|571|157|373|158|535|205|160|105|3473|549|110|66|57|47|169|85|73|49|0|19|23|40|448|268|345|109|389|179|493|152|622|267|471|122|273|174
1400000US25023525204|4033|548|95|79|61|52|0|14|0|14|0|14|0|14|0|14|0|14|17|26|0|14|0|14|0|14|0|14|34|42|10|15|34|30|0|14|0|14|0|14|0|14|0|14|0|14|0|14|0|14|0|14|0|14|13|19|21|23|0|14|3938|548|2038|339|192|109|20|15|272|130|82|55|44|31|111|89|31|29|108|67|285|113|356|124|239|84|145|70|153|89|1900|268|49|34|77|51|118|73|53|36|39|31|0|14|182|113|279|145|243|78|286|125|304|103|176|86|94|58
1400000US25023526100|7734|23|239|133|66|55|0|19|0|19|0|19|0|19|0|19|0|19|0|19|0|19|11|17|5|14|33|41|0|19|17|27|173|117|0|19|0|19|0|19|0|19|0|19|0|19|0|19|1|6|8|17|0|19|68|85|45|68|51|48|7495|137|3544|232|177|97|48|73|417|184|102|91|23|30|106|86|314|191|339|139|552|192|579|231|392|100|400|151|95|60|3951|223|150|90|29|33|338|188|325|183|36|59|49|45|323|191|384|127|538|178|478|178|562|136|421|147|318|142
1400000US25023530100|4388|521|380|186|156|83|39|34|10|16|9|14|0|14|0|14|11|16|30|46|11|18|24|30|11|18|0|14|6|12|5|8|224|132|22|27|0|14|27|41|0|14|29|43|0|14|0|14|42|33|27|41|19|31|21|23|14|19|23|22|4008|529|1821|283|49|55|12|20|61|60|111|73|13|22|67|68|129|86|234|88|93|62|235|81|368|184|289|113|160|52|2187|321|0|14|0|14|108|73|45|51|19|31|10|16|121|82|351|120|179|89|339|128|477|170|398|128|140|56
1400000US25023530200|4449|488|815|347|528|290|0|14|0|14|0|14|10|15|0|14|0|14|65|74|59|62|229|270|69|46|14|16|21|25|61|115|287|143|0|14|0|14|10|15|0|14|0|14|0|14|47|57|63|69|40|41|57|55|14|16|22|24|34|46|3634|422|1715|274|76|53|30|45|30|45|53|53|28|37|0|14|88|55|477|174|239|129|159|117|280|110|209|85|46|32|1919|256|139|105|22|39|103|127|68|58|5|11|84|75|88|86|430|146|167|82|153|78|356|144|207|112|97|74
1400000US25023530300|3823|506|330|233|67|68|0|14|0|14|0|14|0|14|0|14|0|14|0|14|35|56|0|14|24|38|8|13|0|14|0|14|263|224|0|14|0|14|0|14|0|14|0|14|71|106|2|4|0|14|27|42|123|128|0|14|0|14|40|46|3493|572|1646|396|56|58|24|40|18|29|48|68|0|14|40|34|109|154|423|185|303|172|131|101|222|138|143|89|129|75|1847|362|46|47|0|14|22|31|11|18|27|35|13|21|104|108|360|172|311|141|191|90|216|96|175|80|371|243
1400000US25023530400|5779|708|157|119|26|25|0|19|0|19|0|19|0|19|0|19|0|19|0|19|2|4|1|2|2|4|1|3|9|16|11|19|131|110|0|19|0|19|0|19|0|19|0|19|0|19|0|19|0|19|1|5|0|19|33|39|97|108|0|19|5622|721|2681|403|197|127|81|70|77|75|112|107|17|26|17|29|168|98|148|99|486|165|306|108|413|201|346|117|313|128|2941|431|53|51|18|31|198|151|229|173|37|43|41|45|56|69|271|119|368|169|453|158|482|127|530|196|205|89
1400000US25023530500|5411|718|552|264|210|134|0|19|0|19|30|36|0|19|0|19|0|19|30|45|0|19|0|19|0|19|108|123|30|34|12|18|342|218|75|117|0|19|18|30|0|19|0|19|12|19|0|19|0|19|105|101|26|29|15|23|45|40|46|54|4859|753|2430|466|38|49|43|38|195|112|12|20|37|49|63|46|207|198|260|179|341|150|349|195|586|259|176|102|123|66|2429|403|31|36|27|43|180|150|18|29|36|38|172|174|155|144|281|166|258|115|383|136|365|130|289|194|234|111
1400000US25023530600|5543|489|88|83|44|53|0|19|0|19|0|19|0|19|0|19|0|19|0|19|0|19|0|19|29|47|0|19|15|24|0|19|44|45|0|19|0|19|0|19|0|19|0|19|0|19|0|19|19|25|0|19|0|19|11|17|14|24|0|19|5455|505|2652|297|184|107|10|17|258|111|88|49|44|29|69|45|146|80|266|84|272|89|433|105|422|128|279|105|181|75|2803|336|137|86|71|59|198|76|88|64|34|38|63|45|233|107|239|85|372|114|328|116|615|181|237|97|188|75
1400000US25023530700|6434|756|317|160|3|8|0|19|0|19|0|19|0|19|0|19|0|19|0|19|0|19|3|8|0|19|0|19|0|19|0|19|314|160|0|19|0|19|0|19|0|19|0|19|0|19|0|19|79|99|16|25|0|19|45|37|33|38|141|123|6117|743|2954|430|48|72|0|19|47|67|19|46|74|72|52|52|232|144|110|73|324|136|257|128|437|103|656|194|698|298|3163|436|0|19|0|19|170|141|5|21|44|69|20|47|137|93|228|118|193|89|247|98|424|131|1079|391|616|189
1400000US25023530801|6724|804|219|114|68|52|16|23|0|19|18|25|0|19|0|19|0|19|0|19|0|19|0|19|0|19|17|26|0|19|17|26|151|83|0|19|0|19|0|19|0|19|0|19|0|19|0|19|8|12|27|29|0|19|49|56|16|23|51|56|6505|797|2860|324|200|156|94|129|170|94|89|96|6|9|91|88|206|103|233|113|337|152|424|165|298|114|437|123|275|101|3645|554|235|162|90|70|277|283|151|121|54|54|61|59|288|169|228|121|489|169|389|168|399|129|537|135|447|162
1400000US25023530802|4612|599|216|194|48|59|37|56|0|14|0|14|0|14|0|14|11|17|0|14|0|14|0|14|0|14|0|14|0|14|0|14|168|163|0|14|0|14|0|14|0|14|0|14|0|14|102|149|3|11|50|64|0|14|0|14|11|16|2|11|4396|565|2083|290|134|86|0|14|226|133|31|27|11|17|19|30|121|96|190|92|265|113|126|55|358|104|442|158|160|60|2313|361|94|64|20|22|23|31|26|25|14|21|28|29|258|200|258|94|311|139|222|87|481|136|381|136|197|81
1400000US25023530902|4441|638|79|45|58|42|0|14|0|14|0|14|0|14|0|14|0|14|16|25|11|17|0|14|3|9|16|25|12|19|0|14|21|20|0|14|0|14|0|14|0|14|0|14|0|14|0|14|0|14|0|14|0|14|21|20|0|14|0|14|4362|647|2133|401|48|39|42|45|97|65|6|9|11|17|21|21|314|229|331|155|206|98|218|68|363|82|279|80|197|88|2229|337|67|44|0|14|120|85|114|98|84|85|76|58|69|57|237|80|209|101|318|96|428|189|314|88|193|101
1400000US25023530903|6142|623|533|409|329|284|47|71|54|80|50|76|0|19|0|19|0|19|70|99|0|19|0|19|37|64|58|82|13|24|0|19|204|139|52|74|0|19|0|19|0|19|0|19|0|19|0|19|107|106|0|19|0|19|14|24|0|19|31|36|5609|650|2877|434|223|97|0|19|129|102|94|87|65|56|62|72|209|127|416|161|185|96|362|133|545|153|426|232|161|94|2732|346|169|86|13|24|213|124|59|50|0|19|91|67|219|145|417|158|363|142|233|98|488|120|365|153|102|73
1400000US25023530904|3295|713|46|41|9|15|0|14|0|14|0|14|0|14|0|14|0|14|0|14|0|14|0|14|0|14|9|15|0|14|0|14|37|37|0|14|0|14|0|14|0|14|0|14|16|26|0|14|12|20|0|14|0|14|0|14|0|14|9|17|3249|704|1811|459|87|81|62|49|223|132|177|132|0|14|14|22|130|95|128|66|216|99|250|179|332|89|152|54|40|36|1438|316|72|76|0|14|94|81|0|14|16|28|0|14|94|115|137|76|168|88|402|195|251|113|162|57|42|33
1400000US25023540101|4504|530|362|157|176|93|0|14|0|14|10|17|0|14|0|14|0|14|29|43|60|71|5|5|0|14|26|24|37|29|9|15|186|94|0|14|0|14|0|14|0|14|0|14|0|14|0|14|36|51|42|52|11|18|18|23|68|65|11|16|4142|509|1916|314|53|41|0|14|89|60|115|63|37|42|48|43|264|132|278|158|239|84|185|74|321|103|221|73|66|38|2226|273|178|109|20|30|204|93|105|73|11|17|33|31|166|87|237|102|229|72|251|84|448|133|210|69|134|63
1400000US25023540102|2607|288|133|82|20|21|0|14|0|14|0|14|0|14|0|14|0|14|0|14|0|14|0|14|0|14|14|18|0|14|6|10|113|73|0|14|0|14|0|14|0|14|0|14|0|14|1|3|31|39|6|10|9|11|36|35|8|13|22|26|2474|295|1248|138|48|27|21|22|48|26|95|52|0|14|41|34|52|40|194|74|154|64|140|66|212|67|110|49|133|67|1226|205|31|25|0|14|86|49|53|47|11|18|46|32|159|73|145|61|81|49|156|69|217|86|89|35|152|76
1400000US25023540103|4508|556|90|61|34|37|0|14|0|14|0|14|0|14|0|14|0|14|11|18|0|14|8|13|0|14|7|13|0|14|8|15|56|42|0|14|0|14|0|14|0|14|0|14|0|14|1|5|2|4|26|35|0|14|7|12|12|17|8|15|4418|547|2157|256|124|87|30|35|141|55|51|40|0|14|70|53|277|75|138|63|199|73|333|117|493|196|261|66|40|31|2261|339|72|53|11|16|247|84|108|63|0|14|41|29|274|90|254|155|252|66|344|88|430|192|207|75|21|18
1400000US25023541100|5745|45|301|241|109|95|59|84|0|19|0|19|0|19|32|52|0|19|0|19|0|19|0|19|0|19|0|19|18|28|0|19|192|171|66|91|0|19|21|32|21|32|0|19|0|19|0|19|52|69|18|26|10|18|0|19|0|19|4|6|5444|249|2759|211|121|73|10|18|131|66|217|123|31|34|20|23|156|94|450|189|288|104|337|100|410|151|484|149|104|58|2685|215|126|103|0|19|114|61|90|67|65|50|114|58|202|109|337|179|301|81|288|101|468|127|449|155|131|72
1400000US25023542101|7497|804|384|283|266|281|0|19|0|19|0|19|18|33|0|19|0|19|14|21|0|19|186|274|14|23|14|25|0|19|20|27|118|68|0|19|0|19|0|19|0|19|16|26|0|19|0|19|0|19|0|19|26|31|14|24|31|39|31|37|7113|693|3730|508|200|161|152|171|238|142|81|71|11|18|151|152|291|164|580|166|328|134|520|158|625|331|383|133|170|89|3383|355|146|87|77|59|346|152|113|70|18|29|99|67|134|111|598|317|414|162|368|136|571|190|297|127|202|78
1400000US25023542102|2491|229|105|51|27|16|0|14|0|14|0|14|0|14|0|14|7|12|2|7|0|14|0|14|6|8|0|14|12|9|0|14|78|41|7|11|0|14|0|14|0|14|0|14|0|14|0|14|7|10|7|12|5|8|27|24|12|13|13|18|2386|229|1195|108|53|38|23|23|81|52|40|29|4|7|21|16|138|50|117|52|175|26|160|46|172|58|170|40|41|23|1191|161|80|48|12|13|89|41|32|28|12|11|35|25|70|42|91|46|127|40|145|53|234|56|160|38|104|93
1400000US25023542200|6026|595|369|281|82|84|0|19|0|19|55|79|0|19|0|19|0|19|0|19|0|19|0|19|0|19|8|14|16|26|3|6|287|223|47|69|0|19|0|19|0|19|0|19|0|19|0|19|45|65|0|19|47|73|57|80|8|13|83|89|5657|634|2716|356|106|86|0|19|76|73|33|35|83|90|42|41|76|56|363|196|263|134|446|195|420|98|430|138|378|124|2941|418|79|76|0|19|59|53|38|50|0|19|49|60|280|161|211|140|240|110|359|118|450|111|629|194|547|158
1400000US25023542301|3886|537|339|210|198|114|39|51|0|14|4|16|0|14|0|14|0|14|0|14|14|24|60|59|0|14|0|14|43|62|38|55|141|136|4|13|0|14|0|14|0|14|0|14|0|14|64|84|7|14|0|14|40|52|0|14|26|43|0|14|3547|578|1654|328|51|51|0|14|231|98|41|72|57|75|0|14|101|79|246|157|372|260|201|93|195|139|133|74|26|25|1893|366|209|112|21|35|227|118|33|47|47|50|24|39|170|113|426|167|170|95|187|132|222|128|87|65|70|44
1400000US25023542302|4051|442|652|359|308|235|0|14|18|28|19|28|12|18|51|63|15|25|129|167|11|17|13|21|15|37|25|39|0|14|0|14|344|173|40|37|0|14|0|14|0|14|0|14|0|14|61|65|63|61|39|35|61|91|28|34|21|32|31|47|3399|459|1758|373|49|41|11|18|115|55|85|55|44|65|85|76|187|124|394|154|153|89|304|122|102|70|96|55|133|107|1641|236|33|38|0|14|23|30|11|20|70|71|75|69|147|89|275|123|134|85|266|95|200|130|319|111|88|50
1400000US25023543100|2934|24|271|187|103|45|0|14|0|14|0|14|0|14|0|14|0|14|5|9|31|25|0|14|41|48|9|12|13|18|4|7|168|150|20|26|0|14|28|44|34|55|0|14|0|14|5|7|2|6|35|54|0|14|13|13|21|20|10|11|2663|187|1331|140|77|37|20|26|159|60|75|35|0|14|17|16|70|47|121|57|123|37|167|74|241|58|181|69|80|36|1332|119|52|31|30|24|65|31|65|45|2|6|18|14|89|34|123|46|163|41|163|73|219|67|215|92|128|46
1400000US25023544100|5776|556|587|313|222|157|11|18|27|39|39|43|0|19|0|19|0|19|7|12|33|47|50|51|13|18|33|54|9|13|0|19|365|177|35|39|0|19|0|19|12|19|0|19|42|52|52|58|47|45|79|63|6|9|67|57|19|21|6|9|5189|592|2565|377|50|44|92|96|182|103|102|72|28|31|38|36|320|144|203|88|432|164|373|108|304|124|248|70|193|75|2624|357|82|81|51|49|260|143|145|75|71|71|0|19|232|113|299|178|289|97|442|123|317|93|346|92|90|44
1400000US25023544200|5844|565|176|129|39|43|0|19|0|19|0|19|0|19|0|19|0|19|0|19|0|19|16|34|0|19|0|19|0|19|23|28|137|104|0|19|0|19|12|31|0|19|0|19|0|19|0|19|3|7|44|66|14|24|16|27|31|33|17|26|5668|550|2730|304|88|83|0|19|188|120|16|26|67|80|0|19|200|132|265|107|215|93|396|187|502|254|425|140|368|143|2938|367|154|121|0|19|148|78|46|43|0|19|9|14|231|123|370|135|201|80|444|211|551|197|540|184|244|121
1400000US25023545100|7085|854|834|364|308|169|0|19|0|19|0|19|20|37|21|36|0|19|80|113|0|19|34|46|3|5|86|82|0|19|64|64|526|244|26|34|0|19|18|29|20|36|0|19|70|107|30|54|72|85|97|108|17|28|110|100|4|8|62|65|6251|894|2797|519|29|37|0|19|338|203|125|120|0|19|15|24|155|90|278|191|281|94|332|119|461|128|580|368|203|118|3454|534|10|20|11|22|239|155|62|68|129|123|45|64|237|134|337|192|355|115|336|134|622|163|625|390|446|213
1400000US25023545200|7037|717|393|179|188|124|35|48|20|28|0|19|0|19|0|19|21|34|0|19|33|52|21|35|4|10|54|50|0|19|0|19|205|104|0|19|0|19|0|19|0|19|0|19|0|19|0|19|40|36|41|71|20|33|49|48|41|48|14|24|6644|703|3327|424|74|58|23|37|219|151|0|19|45|72|24|40|367|216|495|185|473|158|174|130|801|248|398|178|234|122|3317|408|86|71|0|19|216|136|191|108|0|19|78|78|149|96|408|177|326|167|425|154|666|231|369|141|403|218
1400000US25023545300|4221|647|206|145|144|135|0|14|0|14|0|14|0|14|0|14|0|14|0|14|0|14|0|14|58|62|69|112|17|27|0|14|62|54|0|14|0|14|0|14|0|14|0|14|0|14|0|14|0|14|15|25|7|16|24|41|0|14|16|25|4015|683|2082|422|210|157|0|14|107|121|73|91|0|14|27|44|69|86|169|135|189|112|205|124|472|217|287|163|274|121|1933|389|76|91|0|14|63|104|39|54|0|14|0|14|77|83|153|117|401|246|259|154|289|159|289|174|287|134
1400000US25023545400|4672|570|218|134|72|52|0|14|0|14|0|14|0|14|0|14|0|14|0|14|0|14|8|16|13|20|0|14|31|43|20|27|146|100|0|14|0|14|0|14|0|14|0|14|0|14|0|14|22|36|2|5|43|68|31|35|23|36|25|42|4454|602|2101|326|127|57|45|62|63|66|0|14|0|14|24|27|147|99|177|108|126|75|260|109|489|176|452|238|191|94|2353|445|45|43|0|14|0|14|39|50|11|21|0|14|149|146|330|95|159|109|347|220|377|113|618|367|278|195
1400000US25023560100|6563|14|213|125|48|38|0|19|0|19|0|19|0|19|0|19|0|19|16|25|13|24|3|6|2|4|1|6|13|20|0|19|165|114|0|19|0|19|0|19|0|19|0|19|14|28|15|28|0|19|0|19|13|25|71|80|15|19|37|36|6350|127|3353|294|124|87|0|19|142|111|249|240|50|55|80|72|163|100|247|146|345|144|257|116|736|187|481|147|479|273|2997|260|35|54|39|57|145|105|123|98|21|35|60|70|153|133|218|105|355|110|299|126|673|209|462|112|414|166
1400000US25023561100|5216|31|307|230|73|58|0|19|0|19|0|19|0|19|0|19|11|17|0|19|0|19|10|15|21|34|20|33|11|21|0|19|234|213|0|19|0|19|0|19|22|35|0|19|37|58|0|19|85|162|20|32|19|49|35|41|0|19|16|26|4909|222|2596|260|86|84|21|37|278|116|87|71|13|22|121|97|269|166|182|184|278|100|366|147|420|142|313|114|162|81|2313|249|122|84|51|73|39|44|78|61|12|21|42|47|155|133|171|105|269|145|362|139|356|108|348|179|308|103
1400000US25023561400|6022|616|393|241|227|166|0|19|0|19|18|30|0|19|0|19|0|19|0|19|103|125|23|37|0|19|50|53|16|26|17|26|166|101|0|19|0|19|0|19|0|19|0|19|0|19|0|19|21|32|17|30|0|19|44|50|17|26|67|50|5629|639|2802|501|92|69|0|19|170|130|128|133|0|19|114|105|341|172|368|231|368|175|163|98|431|274|343|162|284|116|2827|375|169|125|0|19|103|73|52|73|0|19|48|56|209|147|269|150|377|210|513|209|272|110|625|181|190|88
1400000US25023980200|70|62|9|12|9|12|0|14|0|14|0|14|0|14|0|14|0|14|9|12|0|14|0|14|0|14|0|14|0|14|0|14|0|14|0|14|0|14|0|14|0|14|0|14|0|14|0|14|0|14|0|14|0|14|0|14|0|14|0|14|61|66|25|25|0|14|0|14|4|6|0|14|0|14|0|14|0|14|0|14|0|14|3|6|18|24|0|14|0|14|36|41|0|14|0|14|4|6|0|14|0|14|0|14|0|14|0|14|0|14|4|6|4|6|0|14|24|40
1400000US25023980300|8|13|0|14|0|14|0|14|0|14|0|14|0|14|0|14|0|14|0|14|0|14|0|14|0|14|0|14|0|14|0|14|0|14|0|14|0|14|0|14|0|14|0|14|0|14|0|14|0|14|0|14|0|14|0|14|0|14|0|14|8|13|0|14|0|14|0|14|0|14|0|14|0|14|0|14|0|14|0|14|0|14|0|14|0|14|0|14|0|14|8|13|0|14|0|14|0|14|0|14|0|14|0|14|0|14|8|13|0|14|0|14|0|14|0|14|0|14
1400000US25023990003|0|14|0|14|0|14|0|14|0|14|0|14|0|14|0|14|0|14|0|14|0|14|0|14|0|14|0|14|0|14|0|14|0|14|0|14|0|14|0|14|0|14|0|14|0|14|0|14|0|14|0|14|0|14|0|14|0|14|0|14|0|14|0|14|0|14|0|14|0|14|0|14|0|14|0|14|0|14|0|14|0|14|0|14|0|14|0|14|0|14|0|14|0|14|0|14|0|14|0|14|0|14|0|14|0|14|0|14|0|14|0|14|0|14|0|14|0|14
1400000US25025000101|1666|384|155|84|116|84|0|14|0|14|0|14|0|14|0|14|0|14|64|52|20|30|1|2|1|2|0|14|30|39|0|14|39|28|0|14|0|14|0|14|0|14|0|14|0|14|31|27|8|9|0|14|0|14|0|14|0|14|0|14|1511|403|777|212|8|13|6|15|35|34|29|40|4|7|32|56|97|53|346|138|65|41|84|69|46|50|25|24|0|14|734|222|5|8|0|14|38|40|29|45|33|39|0|14|152|90|276|107|110|74|63|44|12|13|16|25|0|14
1400000US25025000102|4021|772|1062|510|365|215|0|14|0|14|28|46|0|14|17|25|61|93|61|84|61|56|0|14|79|116|0|14|25|39|33|58|697|348|18|29|0|14|16|25|0|14|0|14|0|14|261|242|195|262|17|27|87|104|22|35|38|52|43|53|2959|641|1215|285|0|14|0|14|0|14|12|21|0|14|56|59|34|34|583|265|166|127|123|91|73|67|160|120|8|14|1744|555|94|118|0|14|86|93|38|56|0|14|16|29|73|61|783|477|125|95|182|113|76|75|146|94|125|92
1400000US25025000201|4319|812|636|551|320|371|49|78|0|14|35|58|59|97|21|41|0|14|0|14|76|52|73|102|0|14|0|14|7|12|0|14|316|200|0|14|0|14|77|113|0|14|0|14|0|14|25|32|72|71|85|76|0|14|13|20|17|28|27|43|3683|521|1868|324|67|63|23|35|15|22|22|26|6|11|3|6|299|153|769|251|303|137|137|73|84|48|102|75|38|58|1815|456|155|143|0|14|55|49|4|7|0|14|0|14|154|94|868|327|217|108|22|19|126|66|193|239|21|31
1400000US25025000202|3703|430|822|291|345|156|44|63|0|14|52|54|12|18|0|14|0|14|82|62|71|64|16|23|24|25|11|21|5|8|28|46|477|184|106|92|11|17|21|27|0|14|15|25|0|14|108|88|57|55|19|28|27|30|34|28|14|21|65|56|2881|455|1441|287|20|27|7|15|88|74|77|40|0|14|0|14|308|134|499|171|126|86|103|51|34|40|121|60|58|52|1440|278|41|44|0|14|68|61|27|37|21|33|5|12|157|92|397|130|293|116|108|68|80|61|88|55|155|137
1400000US25025000301|2620|318|240|93|94|70|0|14|0|14|0|14|0|14|0|14|0|14|83|68|0|14|0|14|11|17|0|14|0|14|0|14|146|70|0|14|0|14|0|14|0|14|0|14|0|14|33|29|56|43|0|14|18|22|39|47|0|14|0|14|2380|306|1076|155|32|53|0|14|87|55|0|14|0|14|0|14|174|135|504|137|65|50|81|52|82|52|26|27|25|25|1304|266|18|31|0|14|9|15|0|14|0|14|8|14|223|140|632|209|102|60|112|109|96|43|80|39|24|24
1400000US25025000302|3227|673|326|138|235|120|0|14|0|14|0|14|0|14|0|14|0|14|88|82|80|63|31|28|22|22|1|3|13|20|0|14|91|66|0|14|0|14|0|14|0|14|0|14|0|14|21|24|42|40|0|14|0|14|3|6|12|19|13|21|2901|663|1565|406|17|29|19|30|42|53|0|14|0|14|17|27|88|52|710|351|206|107|70|61|247|121|51|62|98|57|1336|322|81|58|0|14|41|44|23|35|0|14|0|14|111|62|500|252|123|96|62|50|159|66|131|84|105|57
1400000US25025000401|4682|495|1088|325|312|150|0|14|0|14|0|14|0|14|0|14|0|14|108|77|38|45|0|14|0|14|0|14|87|73|79|94|776|286|0|14|0|14|0|14|0|14|0|14|0|14|46|33|212|158|0|14|0|14|17|29|245|167|256|241|3594|499|1609|341|34|48|0|14|0|14|0|14|0|14|0|14|166|110|940|285|61|60|41|47|195|102|152|93|20|36|1985|395|34|48|0|14|33|48|0|14|0|14|0|14|138|80|1022|317|96|60|65|62|157|74|193|105|247|174
1400000US25025000402|3627|868|535|270|353|234|0|14|0|14|0|14|0|14|8|12|0|14|141|174|0|14|131|141|11|17|38|90|12|38|12|18|182|111|0|14|0|14|0|14|0|14|0|14|0|14|157|109|0|14|0|14|7|12|0|14|9|14|9|14|3092|780|1728|603|62|48|0|14|22|16|16|16|19|15|0|14|253|251|695|265|226|108|186|80|117|112|89|57|43|30|1364|305|99|59|0|14|33|27|21|16|0|14|12|19|70|46|446|146|158|84|116|68|146|127|37|32|226|151
1400000US25025000502|2950|437|594|157|277|97|0|19|0|19|0|19|0|19|0|19|0|19|87|68|108|49|0|19|0|19|31|38|27|31|24|36|317|109|0|19|0|19|0|19|0|19|0|19|0|19|104|56|74|51|0|19|48|55|26|38|23|31|42|42|2356|443|1204|379|19|20|0|19|46|52|10|16|0|19|0|19|119|114|506|233|210|91|97|48|64|40|72|54|61|63|1152|175|30|25|0|19|15|21|0|19|0|19|0|19|121|70|425|98|117|69|118|78|46|30|125|51|155|80
1400000US25025000503|2036|377|228|118|137|97|0|14|0|14|0|14|0|14|0|14|0|14|34|33|61|51|0|14|0|14|42|66|0|14|0|14|91|47|0|14|0|14|0|14|0|14|0|14|0|14|36|30|29|23|0|14|0|14|0|14|10|17|16|18|1808|331|779|266|22|34|0|14|0|14|0|14|0|14|0|14|47|38|381|125|40|30|52|36|163|196|19|21|55|53|1029|170|5|8|0|14|0|14|0|14|0|14|0|14|205|94|585|159|104|60|62|47|8|14|34|24|26|23
1400000US25025000505|1826|319|290|139|153|98|0|14|0|14|0|14|0|14|0|14|0|14|9|15|90|79|31|37|0|14|0|14|0|14|23|29|137|89|0|14|0|14|0|14|0|14|0|14|0|14|27|40|44|46|0|14|0|14|0|14|56|48|10|19|1536|297|751|196|0|14|0|14|0|14|0|14|0|14|62|33|57|45|292|131|105|62|41|44|57|84|57|58|80|112|785|224|0|14|0|14|61|33|0|14|0|14|0|14|126|74|319|161|93|60|30|34|79|69|50|79|27|30
1400000US25025000506|2397|397|473|160|239|124|0|14|0|14|0|14|0|14|0|14|0|14|94|86|67|51|35|56|0|14|6|4|12|21|25|32|234|112|0|14|0|14|0|14|0|14|0|14|0|14|126|77|78|67|0|14|0|14|0|14|30|37|0|14|1924|369|845|187|0|14|0|14|0|14|31|20|0|14|0|14|178|125|388|145|67|49|31|32|22|36|87|47|41|42|1079|272|44|52|0|14|11|13|0|14|0|14|0|14|166|128|463|139|119|87|82|48|42|38|51|43|101|90
1400000US25025000601|3610|479|415|137|145|76|0|14|0|14|0|14|0|14|0|14|0|14|38|33|69|70|0|14|12|21|0|14|7|11|19|29|270|99|0|14|0|14|0|14|0|14|0|14|0|14|37|28|67|46|45|62|19|45|0|14|45|55|57|63|3195|494|1555|287|0|14|0|14|29|34|179|17|0|14|31|35|217|131|469|119|118|58|85|78|334|142|30|33|63|64|1640|273|0|14|0|14|0|14|0|14|0|14|0|14|177|89|848|132|124|56|74|35|164|83|130|128|123|100
1400000US25025000603|1745|461|761|420|276|207|11|20|40|61|39|61|0|14|39|61|0|14|6|10|0|14|8|15|62|95|0|14|71|77|0|14|485|274|53|82|0|14|0|14|0|14|0|14|0|14|148|176|48|60|7|12|0|14|163|146|9|13|57|47|984|293|583|224|0|14|22|26|0|14|0|14|0|14|19|29|115|120|90|57|115|74|69|75|114|90|26|31|13|22|401|157|30|35|0|14|0|14|0|14|0|14|0|14|18|21|168|109|46|42|28|35|64|49|47|58|0|14
1400000US25025000604|2465|369|889|331|384|132|0|14|0|14|0|14|0|14|0|14|0|14|216|111|94|75|46|62|0|14|16|24|0|14|12|20|505|291|29|48|0|14|0|14|0|14|0|14|0|14|277|274|69|63|57|76|0|14|42|39|15|23|16|27|1576|286|973|201|39|7|66|13|0|14|0|14|0|14|0|14|192|122|346|141|49|6|28|34|121|58|11|17|121|76|603|173|0|14|0|14|0|14|0|14|0|14|0|14|96|57|183|103|124|55|47|34|86|72|10|16|57|46
1400000US25025000701|4098|808|792|330|403|218|0|14|0|14|0|14|0|14|0|14|0|14|118|91|164|127|67|98|2|5|11|18|39|44|2|6|389|220|0|14|0|14|0|14|7|16|7|18|7|18|136|106|128|158|61|91|0|14|22|34|0|14|21|35|3306|669|1929|585|12|23|0|14|0|14|0|14|0|14|0|14|189|123|1315|574|238|138|49|55|52|55|52|49|22|34|1377|435|0|14|0|14|0|14|0|14|0|14|0|14|191|121|994|410|13|24|57|55|70|62|52|39|0|14
1400000US25025000703|1724|203|629|154|323|140|0|14|0|14|0|14|0|14|0|14|0|14|247|126|18|26|0|14|19|31|39|42|0|14|0|14|306|117|0|14|0|14|0|14|0|14|0|14|0|14|221|78|82|59|0|14|0|14|1|4|0|14|2|4|1095|202|698|176|0|14|0|14|0|14|0|14|0|14|0|14|156|87|427|182|34|38|27|21|45|54|9|13|0|14|397|120|0|14|0|14|0|14|0|14|0|14|0|14|74|42|294|104|25|31|4|7|0|14|0|14|0|14
1400000US25025000704|4022|635|798|256|305|156|0|14|0|14|0|14|0|14|0|14|0|14|135|85|152|121|0|14|0|14|18|30|0|14|0|14|493|234|0|14|0|14|0|14|0|14|0|14|0|14|356|208|68|60|0|14|0|14|17|28|52|67|0|14|3224|571|1618|463|0|14|0|14|86|138|0|14|0|14|0|14|137|84|884|284|339|182|36|43|63|76|49|42|24|41|1606|286|0|14|0|14|19|30|0|14|0|14|0|14|321|158|778|196|304|174|0|14|99|74|67|62|18|31
1400000US25025000804|3238|702|686|164|333|84|0|14|0|14|0|14|0|14|96|16|96|15|65|53|52|42|0|14|0|14|0|14|0|14|24|38|353|107|0|14|0|14|0|14|0|14|0|14|0|14|174|92|6|11|0|14|148|46|7|16|18|30|0|14|2552|678|1263|376|84|123|0|14|0|14|126|145|0|14|91|127|60|45|487|128|169|79|41|50|83|48|122|56|0|14|1289|350|10|17|0|14|0|14|0|14|0|14|0|14|134|83|553|158|249|188|107|77|158|150|35|33|43|52
1400000US25025000805|2799|425|971|355|448|200|0|14|0|14|0|14|0|14|0|14|0|14|318|185|92|53|0|14|0|14|0|14|0|14|38|57|523|306|68|106|0|14|50|81|0|14|0|14|0|14|325|184|62|75|0|14|0|14|18|23|0|14|0|14|1828|410|1022|261|53|76|0|14|0|14|0|14|0|14|0|14|119|98|614|153|125|102|32|40|37|40|13|21|29|42|806|269|0|14|0|14|0|14|0|14|0|14|0|14|167|98|501|201|22|30|27|45|24|28|32|27|33|46
1400000US25025000806|1284|223|250|126|88|52|0|14|0|14|0|14|0|14|0|14|0|14|13|11|75|49|0|14|0|14|0|14|0|14|0|14|162|113|0|14|0|14|0|14|0|14|0|14|0|14|4|6|158|111|0|14|0|14|0|14|0|14|0|14|1034|223|442|122|12|14|13|20|7|10|0|14|0|14|0|14|11|9|310|108|59|57|30|38|0|14|0|14|0|14|592|156|84|72|20|28|6|9|0|14|0|14|0|14|38|43|386|117|23|27|17|27|0|14|18|10|0|14
1400000US25025000807|31|5|20|24|20|24|0|14|0|14|0|14|0|14|0|14|0|14|8|28|12|24|0|14|0|14|0|14|0|14|0|14|0|14|0|14|0|14|0|14|0|14|0|14|0|14|0|14|0|14|0|14|0|14|0|14|0|14|0|14|11|24|11|24|0|14|0|14|0|14|0|14|0|14|0|14|0|14|11|24|0|14|0|14|0|14|0|14|0|14|0|14|0|14|0|14|0|14|0|14|0|14|0|14|0|14|0|14|0|14|0|14|0|14|0|14|0|14
1400000US25025010103|558|108|158|61|83|54|0|14|0|14|0|14|0|14|0|14|0|14|75|54|7|10|1|3|0|14|0|14|0|14|0|14|75|36|0|14|0|14|0|14|0|14|0|14|0|14|67|34|6|9|0|14|2|5|0|14|0|14|0|14|400|101|196|75|0|14|0|14|0|14|0|14|0|14|0|14|3|5|62|59|90|42|31|28|1|3|9|12|0|14|204|56|0|14|0|14|9|3|0|14|0|14|0|14|6|9|97|56|75|32|11|5|0|14|6|10|0|14
1400000US25025010104|2531|277|786|191|152|74|0|14|0|14|0|14|0|14|0|14|0|14|40|48|69|51|9|14|15|22|0|14|19|28|0|14|634|197|0|14|0|14|0|14|0|14|0|14|0|14|378|167|86|49|24|25|0|14|56|46|30|37|60|70|1745|270|780|229|0|14|0|14|0|14|10|16|0|14|0|14|98|89|326|121|91|53|35|32|74|36|122|66|24|26|965|157|51|10|0|14|0|14|25|28|0|14|0|14|74|54|452|116|71|32|72|49|67|33|105|66|48|35
1400000US25025010204|1506|254|522|165|224|109|0|14|0|14|0|14|0|14|0|14|0|14|170|99|47|43|0|14|0|14|5|10|0|14|2|5|298|164|0|14|0|14|0|14|0|14|0|14|0|14|247|164|51|37|0|14|0|14|0|14|0|14|0|14|984|220|400|151|5|9|0|14|4|7|4|6|0|14|0|14|73|74|135|60|53|28|90|114|2|5|7|14|27|40|584|124|14|22|0|14|0|14|0|14|0|14|0|14|154|62|267|94|81|73|4|7|23|29|39|17|2|5
1400000US25025010205|3729|559|791|277|344|228|0|14|0|14|0|14|0|14|0|14|0|14|124|95|209|219|0|14|0|14|0|14|11|19|0|14|447|166|0|14|0|14|0|14|0|14|0|14|0|14|233|138|127|88|31|48|0|14|0|14|25|31|31|40|2938|634|1498|329|13|22|0|14|32|42|4|24|0|14|4|17|73|66|702|235|414|207|57|61|47|38|77|63|75|84|1440|456|41|66|0|14|18|28|26|34|0|14|0|14|30|34|680|274|445|327|27|32|47|49|64|69|62|87
1400000US25025010206|2202|704|637|347|354|320|0|14|0|14|0|14|0|14|3|6|0|14|145|102|198|300|5|9|0|14|3|6|0|14|0|14|283|122|0|14|0|14|0|14|0|14|0|14|0|14|212|112|71|44|0|14|0|14|0|14|0|14|0|14|1565|473|731|415|10|18|0|14|0|14|69|110|0|14|0|14|29|27|354|351|174|163|26|42|31|37|12|19|26|41|834|248|0|14|0|14|0|14|0|14|0|14|0|14|265|129|215|110|203|166|51|45|100|97|0|14|0|14
1400000US25025010300|530|180|90|38|49|36|0|19|0|19|0|19|0|19|0|19|0|19|35|35|3|5|0|19|6|9|0|19|5|7|0|19|41|34|0|19|0|19|0|19|0|19|0|19|0|19|24|29|4|8|0|19|0|19|0|19|0|19|13|19|440|180|247|141|86|93|0|19|0|19|0|19|0|19|0|19|14|11|62|32|25|24|16|11|38|47|6|9|0|19|193|62|14|14|0|19|6|9|0|19|0|19|0|19|28|25|93|45|30|19|5|8|5|7|12|17|0|19
1400000US25025010403|2580|540|1319|520|749|399|0|14|31|50|0|14|29|46|0|14|0|14|362|181|256|327|0|14|0|14|0|14|11|18|60|76|570|181|0|14|0|14|0|14|0|14|0|14|0|14|254|122|78|87|60|99|0|14|22|38|27|28|129|77|1261|208|604|179|0|14|0|14|0|14|0|14|0|14|0|14|36|21|269|114|77|62|78|108|0|14|76|72|68|58|657|222|37|45|0|14|0|14|0|14|0|14|0|14|80|75|122|67|121|108|112|137|18|30|109|103|58|71
1400000US25025010404|2031|297|860|235|232|100|0|14|0|14|0|14|7|14|0|14|0|14|123|67|27|22|25|44|7|11|23|27|0|14|20|24|628|213|0|14|0|14|0|14|0|14|0|14|0|14|522|172|8|12|71|96|0|14|0|14|20|12|7|10|1171|218|485|142|35|31|0|14|0|14|0|14|0|14|0|14|156|93|156|63|42|52|40|60|32|30|19|18|5|8|686|160|11|6|0|14|30|21|0|14|0|14|0|14|319|126|101|58|53|41|48|50|86|29|28|24|10|14
1400000US25025010405|1972|403|854|193|410|104|0|19|0|19|0|19|0|19|0|19|0|19|139|66|25|23|24|25|26|27|132|95|27|18|37|28|444|168|0|19|0|19|0|19|0|19|0|19|0|19|186|99|75|64|10|14|54|78|18|16|81|60|20|23|1118|412|466|130|50|69|0|19|0|19|0|19|0|19|7|14|80|62|53|41|55|35|62|80|69|54|46|33|44|35|652|403|71|113|13|17|83|108|28|15|0|19|51|80|96|59|130|95|65|56|5|7|44|29|45|53|21|15
1400000US25025010408|1280|182|376|122|196|95|0|14|0|14|16|25|0|14|0|14|0|14|66|50|84|64|0|14|24|37|6|10|0|14|0|14|180|79|0|14|0|14|0|14|0|14|0|14|0|14|92|45|69|61|0|14|0|14|15|24|0|14|4|7|904|127|402|67|4|8|0|14|0|14|8|5|0|14|0|14|72|37|194|51|46|23|19|17|48|12|8|9|3|7|502|106|7|11|0|14|9|6|0|14|0|14|0|14|59|37|301|102|54|28|54|49|12|13|6|8|0|14
1400000US25025010500|2598|462|845|173|337|120|0|14|0|14|0|14|0|14|9|14|0|14|86|47|103|86|0|14|0|14|12|17|73|57|54|53|508|133|0|14|0|14|0|14|0|14|0|14|0|14|232|77|106|75|24|37|0|14|7|11|58|59|81|55|1753|447|617|125|0|14|0|14|9|15|0|14|0|14|0|14|77|42|190|72|81|50|42|39|120|36|83|69|15|18|1136|423|0|14|9|14|80|8|0|14|0|14|0|14|60|32|509|378|122|49|50|39|173|110|52|48|81|50
1400000US25025010600|3220|413|354|154|153|104|0|14|0|14|0|14|0|14|0|14|0|14|24|23|41|42|0|14|0|14|62|87|8|12|18|24|201|108|0|14|0|14|0|14|0|14|0|14|0|14|68|56|43|43|40|46|0|14|0|14|12|20|38|47|2866|386|1366|258|35|36|9|21|89|90|26|40|0|14|0|14|82|84|271|121|247|134|199|150|124|92|159|111|125|76|1500|245|57|45|0|14|34|48|0|14|0|14|0|14|193|138|317|104|218|107|231|148|177|111|161|81|112|54
1400000US25025010701|2024|303|197|89|55|67|0|14|0|14|0|14|0|14|0|14|0|14|7|11|21|32|25|35|2|4|0|14|0|14|0|14|142|76|0|14|0|14|0|14|0|14|0|14|0|14|77|67|54|54|11|16|0|14|0|14|0|14|0|14|1827|284|823|167|0|14|0|14|42|58|42|34|2|6|23|24|53|46|360|92|65|55|99|90|43|34|79|49|15|17|1004|195|13|18|0|14|0|14|7|11|0|14|4|8|114|81|381|116|219|103|113|99|76|45|43|34|34|27
1400000US25025010702|2052|310|156|78|18|19|0|14|0|14|0|14|0|14|0|14|0|14|5|8|7|10|0|14|0|14|6|13|0|14|0|14|138|78|0|14|0|14|0|14|0|14|0|14|0|14|21|19|19|20|0|14|49|61|4|10|9|13|36|36|1896|309|871|160|5|9|0|14|9|20|0|14|5|9|20|20|53|38|261|100|82|57|84|63|124|61|167|74|61|47|1025|220|0|14|0|14|0|14|7|11|0|14|0|14|20|25|304|88|108|74|83|47|257|109|185|132|61|35
1400000US25025010801|2361|320|163|86|81|87|0|14|0|14|0|14|0|14|0|14|0|14|51|80|18|24|0|14|0|14|0|14|12|16|0|14|82|51|0|14|0|14|0|14|0|14|0|14|0|14|41|36|1|5|0|14|0|14|6|9|8|13|26|34|2198|308|979|213|29|27|0|14|14|24|0|14|24|31|12|17|68|89|330|145|100|66|52|40|174|91|123|45|53|32|1219|185|0|14|0|14|20|18|10|17|2|9|5|12|147|126|335|107|144|66|138|81|223|100|129|40|66|41
1400000US25025010802|3050|439|197|86|49|31|0|14|0|14|0|14|0|14|0|14|0|14|25|24|0|14|12|16|9|13|1|5|2|4|0|14|148|79|0|14|0|14|0|14|0|14|0|14|0|14|100|72|35|30|0|14|0|14|0|14|7|11|6|9|2853|459|1449|301|21|28|7|12|0|14|0|14|12|22|26|37|172|109|532|215|122|74|99|50|329|141|44|30|85|39|1404|219|83|97|0|14|11|17|23|24|0|14|25|25|85|53|458|157|207|65|109|54|224|84|73|39|106|42
1400000US25025020101|3881|617|156|98|56|50|0|14|0|14|0|14|0|14|0|14|0|14|0|14|10|18|0|14|0|14|18|24|26|40|2|9|100|61|0|14|0|14|0|14|0|14|0|14|0|14|0|14|13|19|34|39|15|25|13|21|25|38|0|14|3725|619|1963|452|0|14|0|14|45|63|22|36|0|14|43|51|291|246|497|171|127|122|195|119|343|202|289|200|111|102|1762|374|24|39|0|14|42|49|86|33|0|14|30|50|27|33|547|179|68|43|154|58|277|107|397|239|110|112
1400000US25025020200|3124|415|393|108|172|81|0|14|0|14|0|14|0|14|0|14|0|14|30|38|21|25|0|14|0|14|0|14|109|75|12|20|221|86|0|14|0|14|0|14|0|14|0|14|0|14|64|42|40|52|0|14|19|31|36|45|41|38|21|35|2731|424|1322|269|65|66|37|58|0|14|27|32|0|14|0|14|35|29|626|183|197|126|135|102|178|76|0|14|22|35|1409|292|0|14|0|14|9|24|9|24|0|14|22|26|221|106|725|265|244|116|97|68|43|43|22|34|17|26
1400000US25025020301|2340|465|292|114|91|85|0|14|0|14|0|14|0|14|0|14|0|14|54|69|3|5|0|14|0|14|0|14|34|53|0|14|201|81|0|14|0|14|0|14|0|14|0|14|0|14|23|28|19|22|28|43|1|2|34|29|12|19|84|62|2048|426|1291|435|113|72|0|14|0|14|15|28|0|14|14|27|13|16|683|415|183|101|74|57|34|32|84|59|78|44|757|123|27|40|0|14|15|19|0|14|0|14|0|14|37|24|313|99|149|62|55|53|34|32|57|37|70|57
1400000US25025020302|1201|139|98|64|55|36|0|14|0|14|0|14|0|14|0|14|0|14|11|18|0|14|5|9|0|14|16|23|17|24|6|9|43|56|0|14|0|14|0|14|0|14|0|14|0|14|34|54|0|14|0|14|0|14|0|14|3|8|6|10|1103|145|595|117|31|34|0|14|43|25|8|8|0|14|0|14|35|45|228|76|111|43|53|24|39|28|38|26|9|10|508|90|37|30|0|14|0|14|0|14|15|16|1|3|70|65|192|57|65|34|60|23|27|19|29|23|12|11
1400000US25025020304|1331|159|172|82|83|23|0|14|0|14|0|14|0|14|0|14|0|14|25|72|50|73|8|13|0|14|0|14|0|14|0|14|89|79|0|14|0|14|0|14|0|14|0|14|0|14|49|65|0|14|19|30|4|10|17|27|0|14|0|14|1159|179|543|112|35|31|0|14|0|14|45|30|0|14|0|14|46|41|213|92|83|51|43|66|78|58|0|14|0|14|616|113|0|14|0|14|0|14|0|14|0|14|0|14|48|61|227|82|176|111|31|39|67|50|67|44|0|14
1400000US25025020305|3929|665|451|237|257|173|0|14|14|22|0|14|0|14|0|14|0|14|0|14|50|60|16|26|0|14|120|144|57|54|0|14|194|131|0|14|0|14|9|16|0|14|0|14|0|14|9|15|101|112|9|13|0|14|37|47|29|41|0|14|3478|643|1945|448|171|77|0|14|117|130|0|14|0|14|23|41|138|102|564|273|229|101|170|83|284|174|249|149|0|14|1533|314|23|36|0|14|0|14|0|14|65|81|52|66|56|41|437|145|267|110|298|143|90|63|155|123|90|72
1400000US25025030100|2006|400|291|173|48|48|0|14|0|14|0|14|0|14|0|14|0|14|0|14|11|17|0|14|0|14|0|14|9|14|28|43|243|164|0|14|0|14|0|14|0|14|0|14|0|14|145|134|70|92|9|14|0|14|9|14|0|14|10|16|1715|323|715|181|8|13|0|14|0|14|0|14|0|14|0|14|68|103|377|155|106|60|34|30|12|19|57|50|53|45|1000|317|0|14|0|14|5|10|0|14|0|14|0|14|372|297|334|116|123|103|68|42|56|56|31|42|11|12
1400000US25025030200|1549|306|144|74|35|27|0|14|0|14|0|14|0|14|0|14|0|14|12|14|23|26|0|14|0|14|0|14|0|14|0|14|109|67|0|14|0|14|0|14|0|14|0|14|0|14|54|54|39|40|0|14|0|14|0|14|0|14|16|25|1405|301|587|132|0|14|0|14|37|4|0|14|0|14|5|8|31|25|303|121|85|65|46|17|37|27|26|20|17|19|818|243|0|14|0|14|0|14|0|14|0|14|0|14|145|71|419|230|74|47|25|39|88|64|41|42|26|27
1400000US25025030301|1420|392|89|59|35|26|0|14|0|14|0|14|0|14|0|14|0|14|0|14|13|20|0|14|7|11|0|14|15|10|0|14|54|37|0|14|0|14|0|14|0|14|0|14|0|14|0|14|16|26|18|23|0|14|0|14|0|14|20|13|1331|398|678|229|17|27|17|27|0|14|0|14|0|14|0|14|18|23|121|73|67|48|41|40|96|66|227|206|74|42|653|201|17|26|0|14|0|14|0|14|0|14|0|14|0|14|136|71|54|41|58|48|53|37|261|183|74|52
1400000US25025030302|1829|285|276|112|265|112|0|14|0|14|0|14|0|14|0|14|0|14|19|49|30|44|35|40|27|23|116|76|38|52|0|14|11|10|0|14|0|14|0|14|0|14|0|14|0|14|3|5|0|14|0|14|0|14|0|14|8|9|0|14|1553|300|790|177|13|8|17|5|0|14|0|14|0|14|0|14|42|32|303|99|131|107|101|86|99|64|53|37|31|30|763|194|0|14|0|14|33|52|0|14|0|14|0|14|32|22|323|118|207|120|37|38|51|30|69|61|11|17
1400000US25025030400|3787|525|388|196|253|175|0|14|0|14|0|14|51|71|0|14|0|14|31|31|15|21|10|16|74|79|24|28|0|14|48|60|135|84|0|14|0|14|0|14|0|14|0|14|0|14|82|74|22|22|0|14|0|14|11|17|0|14|20|27|3399|513|1392|224|0|14|28|41|0|14|5|9|0|14|4|7|115|50|648|177|72|58|137|73|172|89|62|46|149|104|2007|468|49|44|24|34|0|14|0|14|0|14|0|14|380|167|799|367|336|279|78|61|137|77|172|115|32|26
1400000US25025030500|2170|349|147|90|67|55|0|14|0|14|0|14|0|14|0|14|0|14|0|14|0|14|1|2|1|3|37|41|28|42|0|14|80|55|0|14|0|14|0|14|0|14|0|14|0|14|8|11|31|33|0|14|16|27|7|12|18|29|0|14|2023|339|1116|290|47|31|0|14|0|14|0|14|0|14|0|14|292|232|390|104|85|61|95|40|90|52|54|35|63|47|907|147|63|56|0|14|17|26|8|13|0|14|0|14|38|32|321|88|113|60|82|48|119|67|67|41|79|60
1400000US25025040100|2756|336|123|58|51|36|0|14|0|14|0|14|0|14|0|14|0|14|0|14|0|14|0|14|11|19|10|17|0|14|30|28|72|50|0|14|0|14|0|14|0|14|0|14|0|14|8|14|19|27|0|14|15|17|3|7|0|14|27|34|2633|333|1334|210|91|64|20|22|125|69|49|43|0|14|9|15|12|17|260|104|256|116|146|74|169|74|165|82|32|28|1299|196|79|60|35|32|141|98|4|18|0|14|0|14|12|17|350|137|231|91|129|55|124|60|110|52|84|51
1400000US25025040200|1586|291|329|209|90|66|0|14|0|14|30|31|0|14|0|14|11|16|32|31|0|14|0|14|14|20|0|14|0|14|3|7|239|170|24|32|0|14|60|91|0|14|6|11|26|37|3|5|24|32|13|15|58|46|0|14|0|14|25|22|1257|305|666|215|101|82|23|21|57|38|40|37|6|9|4|7|19|13|132|101|102|41|95|25|18|21|53|33|16|16|591|124|42|32|8|12|30|26|28|20|31|32|4|7|22|23|118|79|133|49|88|31|29|24|41|27|17|19
1400000US25025040300|4888|606|134|125|71|75|48|81|0|14|0|14|0|14|0|14|0|14|10|18|13|21|0|14|0|14|0|14|0|14|0|14|63|61|0|14|0|14|0|14|0|14|0|14|0|14|4|9|33|42|0|14|15|24|0|14|0|14|11|17|4754|589|2174|304|256|154|40|57|232|82|35|48|0|14|0|14|45|49|587|202|402|136|290|96|55|60|148|115|84|73|2580|368|234|105|12|22|228|107|126|84|0|14|0|14|76|52|723|176|443|157|351|135|153|98|148|71|86|56
1400000US25025040401|2761|452|107|84|88|75|0|14|0|14|0|14|0|14|0|14|0|14|0|14|17|27|0|14|45|42|0|14|26|41|0|14|19|22|0|14|0|14|0|14|0|14|0|14|0|14|0|14|8|12|0|14|3|5|8|18|0|14|0|14|2654|470|1221|225|94|59|32|37|70|60|64|83|0|14|0|14|15|20|287|91|202|74|145|81|142|84|110|68|60|67|1433|307|154|97|0|14|39|51|42|50|0|14|0|14|6|10|314|95|304|153|105|65|247|151|157|74|65|49
1400000US25025040600|3989|438|152|96|77|47|0|14|0|14|0|14|0|14|0|14|0|14|17|15|36|33|0|14|4|7|0|14|4|6|16|26|75|60|0|14|0|14|19|29|0|14|0|14|0|14|11|14|6|9|0|14|29|31|10|15|0|14|0|14|3837|458|1888|302|141|69|22|35|98|67|29|34|0|14|0|14|48|40|790|188|353|114|184|82|101|56|72|52|50|50|1949|257|200|104|36|41|63|52|16|24|0|14|35|38|39|36|603|159|455|184|140|86|163|70|138|86|61|55
1400000US25025040801|3962|583|406|269|111|80|0|14|0|14|0|14|0|14|0|14|16|26|0|14|0|14|0|14|24|30|0|14|44|44|27|34|295|223|23|37|0|14|21|35|0|14|0|14|0|14|18|28|0|14|0|14|33|38|33|33|167|197|0|14|3556|557|1543|274|26|28|18|29|132|76|150|100|25|41|0|14|35|41|291|119|310|173|123|82|225|100|161|87|47|36|2013|374|54|62|0|14|127|198|100|75|0|14|0|14|29|21|412|136|474|203|162|77|318|108|231|107|106|60
1400000US25025050101|4944|978|845|277|362|173|0|14|0|14|17|28|9|15|0|14|0|14|23|38|99|113|0|14|83|94|114|110|17|21|0|14|483|177|0|14|0|14|19|30|20|23|0|14|0|14|40|42|28|32|61|60|126|83|46|41|72|55|71|94|4099|954|2081|616|74|70|51|65|292|239|54|65|0|14|94|91|213|154|365|140|530|226|135|93|217|127|26|45|30|35|2018|447|233|193|27|41|81|57|48|53|0|14|22|36|99|87|369|126|446|203|275|130|288|137|113|62|17|18
1400000US25025050200|5908|848|1160|485|666|285|116|112|83|97|50|63|29|47|0|19|0|19|16|21|105|88|112|95|97|71|48|58|10|15|0|19|494|226|118|141|39|63|40|47|0|19|0|19|0|19|48|59|84|50|81|72|52|56|0|19|23|36|9|14|4748|869|2592|440|61|49|10|17|195|98|165|107|25|29|19|20|182|124|626|181|627|241|431|190|130|86|88|56|33|42|2156|576|116|94|41|56|108|84|91|72|52|52|22|36|108|67|685|385|240|107|213|102|323|172|94|75|63|41
1400000US25025050300|3566|481|607|203|220|153|0|14|0|14|0|14|0|14|0|14|0|14|53|56|12|15|0|14|17|27|51|55|4|10|83|122|387|164|45|75|0|14|0|14|0|14|0|14|0|14|41|42|85|67|43|39|9|13|96|85|59|47|9|14|2959|448|1494|272|142|76|14|21|128|94|0|14|0|14|0|14|80|64|385|121|306|98|246|141|82|38|98|54|13|22|1465|282|104|50|0|14|87|106|0|14|0|14|10|17|130|69|513|152|231|98|160|80|114|68|105|52|11|17
1400000US25025050400|2270|513|350|171|124|134|0|14|0|14|0|14|13|26|0|14|0|14|0|14|0|14|0|14|27|43|84|126|0|14|0|14|226|88|13|26|0|14|0|14|0|14|0|14|0|14|0|14|34|29|59|35|24|37|62|81|34|38|0|14|1920|475|911|225|20|21|0|14|23|36|1|25|0|14|0|14|155|94|222|73|126|80|114|57|86|88|39|59|125|67|1009|349|34|32|0|14|105|120|71|103|0|14|0|14|111|74|304|109|101|59|169|109|27|33|6|10|81|44
1400000US25025050500|1846|264|264|136|98|72|0|14|0|14|18|29|6|10|0|14|18|29|2|4|21|22|0|14|18|27|10|18|0|14|5|8|166|91|0|14|0|14|0|14|0|14|0|14|0|14|62|63|19|18|31|36|19|23|29|32|6|9|0|14|1582|275|963|220|22|35|0|14|0|14|38|39|6|11|15|24|45|34|376|141|204|98|143|68|99|57|15|22|0|14|619|122|47|41|0|14|5|7|14|21|0|14|0|14|25|25|270|87|91|39|87|47|54|30|5|8|21|24
1400000US25025050600|2399|515|153|110|81|60|0|14|0|14|17|27|0|14|0|14|0|14|26|32|0|14|0|14|22|33|0|14|16|26|0|14|72|62|0|14|0|14|8|15|0|14|0|14|0|14|26|28|4|6|18|26|14|18|2|3|0|14|0|14|2246|509|1298|316|40|50|83|93|25|23|46|44|0|14|8|13|102|64|379|187|196|119|234|102|139|86|31|24|15|9|948|253|131|107|2|3|60|43|29|33|0|14|0|14|78|44|280|117|174|91|48|38|73|46|30|21|43|31
1400000US25025050700|4427|735|836|449|480|247|28|36|0|14|78|68|19|30|53|57|0|14|39|39|133|124|70|65|42|48|0|14|18|23|0|14|356|238|54|76|0|14|54|60|15|25|21|34|0|14|11|21|27|28|84|70|37|44|21|35|18|23|14|24|3591|628|1992|402|93|82|0|14|115|97|66|77|0|14|38|55|212|107|415|146|363|151|493|250|177|96|14|22|6|11|1599|313|10|18|0|14|172|85|32|41|0|14|63|51|167|118|287|100|283|104|486|210|28|55|23|25|48|44
1400000US25025050901|3981|780|355|237|176|120|0|14|7|12|0|14|0|14|0|14|28|43|25|30|35|42|10|17|22|35|26|40|23|37|0|14|179|196|9|15|0|14|0|14|0|14|0|14|0|14|59|73|78|117|33|40|0|14|0|14|0|14|0|14|3626|649|2275|480|29|46|10|25|195|131|128|77|12|32|11|20|195|119|539|215|492|173|285|137|279|127|53|51|47|44|1351|246|98|91|0|14|42|39|0|14|65|58|31|44|78|53|249|108|383|161|127|88|165|91|3|7|110|67
1400000US25025051000|5069|703|397|201|254|168|0|19|0|19|19|34|0|19|0|19|0|19|0|19|116|152|0|19|1|3|91|83|27|30|0|19|143|106|24|46|0|19|0|19|0|19|0|19|0|19|29|32|25|34|15|29|0|19|40|58|0|19|10|14|4672|657|2390|384|71|72|0|19|149|109|35|51|0|19|68|89|59|51|850|363|286|134|240|107|275|112|296|112|61|41|2282|455|18|30|0|19|16|25|133|106|0|19|90|130|109|96|734|238|329|145|293|185|316|137|167|85|77|80
1400000US25025051101|6095|943|956|496|562|380|0|19|0|19|61|104|62|69|35|54|25|41|52|62|27|42|0|19|112|177|188|215|0|19|0|19|394|208|34|56|0|19|0|19|0|19|0|19|0|19|40|50|29|46|52|59|125|167|50|58|51|57|13|21|5139|929|2579|574|221|177|0|19|229|165|8|28|33|48|73|110|44|45|684|265|291|160|356|195|462|302|159|114|19|30|2560|602|91|99|0|19|122|99|50|57|0|19|0|19|41|36|667|240|395|272|541|299|332|179|149|96|172|130
1400000US25025051200|3374|403|348|184|176|119|3|13|0|14|3|11|0|14|0|14|27|41|5|9|48|53|0|14|3|12|32|45|55|54|0|14|172|138|0|14|0|14|41|61|3|11|0|14|0|14|0|14|98|107|0|14|30|39|0|14|0|14|0|14|3026|360|1504|223|30|28|0|14|37|38|44|70|0|14|0|14|74|63|666|174|281|119|164|109|59|51|68|60|81|75|1522|246|77|61|21|32|0|14|0|14|0|14|0|14|185|155|637|135|226|114|168|99|86|56|45|35|77|57
1400000US25025060101|3651|495|82|66|16|16|0|14|0|14|0|14|0|14|0|14|0|14|0|14|0|14|0|14|0|14|0|14|8|14|8|10|66|61|0|14|0|14|0|14|0|14|8|13|0|14|46|56|0|14|0|14|0|14|10|16|2|4|0|14|3569|467|1389|185|53|60|0|14|82|58|0|14|29|45|12|18|56|52|422|134|267|103|215|85|82|53|90|49|81|65|2180|423|69|51|0|14|10|19|93|96|0|14|0|14|148|106|956|338|314|123|180|88|170|91|120|59|120|77
1400000US25025060200|2271|432|140|73|56|51|0|14|0|14|0|14|6|11|0|14|0|14|0|14|38|45|10|15|1|3|0|14|1|3|0|14|84|49|0|14|0|14|0|14|6|11|0|14|0|14|9|9|62|44|1|9|6|10|0|14|0|14|0|14|2131|405|1073|333|22|17|0|14|8|12|22|16|0|14|21|23|37|32|602|327|140|65|42|34|122|61|34|24|23|24|1058|243|19|19|0|14|32|26|28|30|0|14|10|15|75|46|480|155|114|63|85|43|71|49|91|40|53|47
1400000US25025060301|3622|701|321|157|178|88|0|14|0|14|0|14|13|20|0|14|0|14|0|14|48|29|35|35|12|18|0|14|2|31|68|77|143|81|0|14|0|14|0|14|0|14|0|14|0|14|25|29|9|14|0|14|0|14|9|15|30|33|70|62|3301|692|1499|235|63|42|0|14|51|52|10|17|0|14|0|14|55|34|617|163|285|106|90|98|135|71|125|77|68|60|1802|612|19|24|0|14|97|153|0|14|0|14|26|40|220|104|894|514|273|96|92|56|61|38|70|53|50|46
1400000US25025060400|5283|772|216|268|107|152|0|19|0|19|0|19|0|19|0|19|0|19|0|19|0|19|81|127|0|19|0|19|0|19|26|43|109|121|0|19|0|19|0|19|0|19|0|19|0|19|0|19|0|19|74|116|13|19|22|33|0|19|0|19|5067|797|2552|576|144|143|0|19|32|49|0|19|0|19|20|35|238|222|1365|437|273|202|99|64|162|88|103|62|116|93|2515|530|152|173|0|19|78|84|20|35|0|19|0|19|197|129|1240|383|239|176|96|76|261|103|106|61|126|97
1400000US25025060501|4476|627|200|128|39|51|0|14|0|14|0|14|0|14|0|14|0|14|6|10|0|14|31|50|0|14|2|1|0|14|0|14|161|118|0|14|0|14|0|14|0|14|0|14|0|14|7|12|69|94|0|14|71|92|0|14|3|3|11|18|4276|608|2193|382|218|119|0|14|18|30|0|14|0|14|0|14|87|104|884|240|307|152|234|166|251|199|96|92|98|95|2083|411|43|46|0|14|38|58|31|42|34|48|0|14|214|142|765|263|324|147|150|120|299|113|91|70|94|82
1400000US25025060601|1802|339|69|78|28|41|0|14|0|14|0|14|0|14|0|14|0|14|0|14|0|14|2|9|1|7|0|14|25|40|0|14|41|41|0|14|0|14|0|14|0|14|0|14|0|14|0|14|0|14|0|14|0|14|0|14|29|45|12|21|1733|354|838|245|39|39|0|14|10|17|0|14|0|14|0|14|39|40|370|153|276|190|51|44|12|18|0|14|41|37|895|200|18|29|0|14|0|14|0|14|8|13|0|14|104|62|512|183|119|40|81|28|8|21|22|26|23|25
1400000US25025060602|399|152|21|31|0|14|0|14|0|14|0|14|0|14|0|14|0|14|0|14|0|14|0|14|0|14|0|14|0|14|0|14|21|31|0|14|0|14|0|14|0|14|0|14|0|14|21|31|0|14|0|14|0|14|0|14|0|14|0|14|378|151|217|111|0|14|0|14|6|10|0|14|0|14|0|14|21|31|58|39|97|96|0|14|29|45|6|9|0|14|161|100|0|14|0|14|0|14|0|14|0|14|0|14|81|100|54|35|6|10|0|14|15|15|5|8|0|14
1400000US25025060603|1721|238|91|58|36|43|0|14|0|14|0|14|0|14|0|14|0|14|4|7|11|19|0|14|21|36|0|14|0|14|0|14|55|62|0|14|0|14|0|14|0|14|0|14|0|14|40|60|15|19|0|14|0|14|0|14|0|14|0|14|1630|257|758|160|23|20|0|14|0|14|13|21|0|14|0|14|85|82|361|95|107|102|87|51|66|47|0|14|16|27|872|184|11|13|0|14|25|39|0|14|0|14|0|14|50|48|449|152|158|103|89|82|67|34|7|11|16|26
1400000US25025060604|3053|318|40|34|15|24|0|14|0|14|0|14|0|14|0|14|0|14|0|14|15|24|0|14|0|14|0|14|0|14|0|14|25|25|0|14|0|14|0|14|0|14|0|14|0|14|16|19|9|14|0|14|0|14|0|14|0|14|0|14|3013|317|1712|250|101|43|0|14|12|19|0|14|0|14|0|14|85|83|584|156|402|163|160|158|283|108|76|54|9|15|1301|161|0|14|0|14|11|18|0|14|0|14|0|14|34|32|593|143|213|81|161|79|154|67|124|55|11|17
1400000US25025060700|1804|401|667|294|263|130|30|37|0|14|29|30|34|33|0|14|5|17|19|23|24|27|26|32|0|14|79|53|0|14|17|29|404|206|33|41|0|14|14|25|59|60|0|14|19|28|8|12|71|86|41|30|78|59|25|22|53|48|3|10|1137|403|532|254|55|45|12|19|23|40|17|29|0|14|25|29|122|51|7|12|180|201|25|23|47|30|15|22|4|11|605|241|16|28|0|14|4|18|0|14|9|15|0|14|109|86|58|41|105|47|32|32|94|65|113|165|65|44
1400000US25025060800|4488|515|332|144|107|109|0|14|0|14|0|14|0|14|0|14|0|14|5|11|10|16|0|14|0|14|0|14|92|111|0|14|225|117|0|14|0|14|0|14|0|14|0|14|0|14|0|14|26|30|59|89|0|14|83|82|57|87|0|14|4156|530|2275|429|0|14|0|14|174|19|7|13|0|14|0|14|383|302|724|259|580|285|218|152|127|94|16|32|46|54|1881|438|0|14|0|14|93|102|0|14|0|14|0|14|231|224|921|279|239|148|181|213|84|96|0|14|132|70
1400000US25025061000|2342|495|582|340|218|102|0|14|0|14|101|64|24|42|0|14|0|14|10|18|8|12|23|35|14|23|28|30|0|14|10|15|364|257|0|14|0|14|84|104|23|41|8|41|0|14|25|42|98|90|68|68|18|45|12|18|28|30|0|14|1760|540|961|355|94|148|0|14|14|21|0|14|0|14|0|14|3|6|383|122|161|176|122|83|68|64|75|53|41|49|799|265|0|14|0|14|0|14|0|14|0|14|0|14|92|59|319|167|132|132|110|79|42|30|95|71|9|15
1400000US25025061101|2567|428|1229|388|638|281|136|86|0|14|53|62|54|65|11|21|15|19|0|14|24|25|63|78|81|71|179|120|22|28|0|14|591|195|52|60|0|14|57|61|14|22|0|14|34|45|19|22|115|65|50|58|109|70|85|59|23|33|33|54|1338|342|775|232|0|14|0|14|34|42|8|20|31|36|0|14|98|84|255|119|48|51|180|113|96|47|6|10|19|21|563|185|0|14|0|14|70|62|0|14|0|14|0|14|22|25|83|70|74|58|43|34|218|112|16|26|37|40
1400000US25025061201|1737|402|394|362|238|201|0|14|0|14|0|14|0|14|0|14|0|14|70|95|23|37|1|2|1|3|124|177|19|29|0|14|156|179|0|14|0|14|0|14|0|14|0|14|0|14|22|29|8|14|114|177|5|9|7|11|0|14|0|14|1343|295|811|218|49|36|0|14|6|12|0|14|0|14|0|14|66|54|462|198|79|71|8|13|91|83|50|42|0|14|532|155|53|80|0|14|10|22|0|14|0|14|0|14|35|40|259|110|55|45|77|71|21|26|14|19|8|13
1400000US25025061202|0|14|0|14|0|14|0|14|0|14|0|14|0|14|0|14|0|14|0|14|0|14|0|14|0|14|0|14|0|14|0|14|0|14|0|14|0|14|0|14|0|14|0|14|0|14|0|14|0|14|0|14|0|14|0|14|0|14|0|14|0|14|0|14|0|14|0|14|0|14|0|14|0|14|0|14|0|14|0|14|0|14|0|14|0|14|0|14|0|14|0|14|0|14|0|14|0|14|0|14|0|14|0|14|0|14|0|14|0|14|0|14|0|14|0|14|0|14
1400000US25025061203|2339|365|82|72|55|54|7|11|0|14|0|14|0|14|0|14|0|14|10|16|8|12|0|14|0|14|0|14|30|44|0|14|27|29|8|12|0|14|0|14|0|14|0|14|0|14|0|14|19|22|0|14|0|14|0|14|0|14|0|14|2257|367|1088|175|68|40|0|14|30|38|7|12|0|14|18|29|4|12|384|93|246|94|212|105|72|55|47|46|0|14|1169|321|57|47|25|31|0|14|0|14|0|14|13|21|18|32|360|106|381|269|184|80|86|53|45|37|0|14
1400000US25025061204|939|224|33|28|0|14|0|14|0|14|0|14|0|14|0|14|0|14|0|14|0|14|0|14|0|14|0|14|0|14|0|14|33|28|5|10|0|14|0|14|0|14|0|14|0|14|16|20|3|5|4|8|0|14|0|14|5|8|0|14|906|226|499|217|25|10|0|14|0|14|0|14|0|14|0|14|0|14|87|40|59|25|266|214|25|43|37|12|0|14|407|58|33|17|0|14|0|14|0|14|0|14|0|14|0|14|78|32|60|33|69|41|130|27|30|13|7|9
1400000US25025070102|2026|345|723|278|345|193|0|14|0|14|0|14|0|14|0|14|0|14|108|131|18|21|0|14|45|67|0|14|19|24|155|113|378|176|0|14|0|14|0|14|0|14|0|14|0|14|109|151|28|49|0|14|0|14|13|22|102|100|126|57|1303|256|632|154|29|32|0|14|8|22|29|35|0|14|4|12|58|49|179|113|98|54|73|57|40|41|86|69|28|27|671|182|13|20|0|14|51|49|0|14|0|14|0|14|74|86|164|96|109|78|112|72|14|17|90|85|44|35
1400000US25025070103|647|266|47|37|22|25|0|14|0|14|0|14|0|14|0|14|0|14|7|8|15|24|0|14|0|14|0|14|0|14|0|14|25|30|0|14|0|14|0|14|0|14|0|14|0|14|25|30|0|14|0|14|0|14|0|14|0|14|0|14|600|271|248|110|5|7|0|14|17|26|9|14|0|14|0|14|31|41|142|80|7|11|7|12|20|32|10|15|0|14|352|218|22|33|0|14|0|14|73|114|0|14|30|53|18|16|124|41|14|16|53|53|6|9|12|17|0|14
1400000US25025070104|2413|409|562|288|359|203|0|14|0|14|0|14|0|14|0|14|0|14|286|197|0|14|4|10|24|49|11|19|34|47|0|14|203|132|8|24|0|14|0|14|0|14|0|14|0|14|107|111|2|8|17|27|35|51|10|16|24|29|0|14|1851|353|1033|201|30|37|2|13|11|15|16|27|9|17|0|14|141|65|148|83|131|78|124|92|206|109|205|112|10|15|818|201|39|41|0|14|12|17|0|14|0|14|0|14|0|14|204|89|114|69|120|96|194|116|126|67|9|14
1400000US25025070201|1469|197|594|160|218|65|30|16|0|14|0|14|0|14|0|14|25|14|5|8|9|11|0|14|0|14|16|24|32|22|101|63|376|148|0|14|0|14|0|14|0|14|28|16|0|14|22|21|47|24|0|14|22|22|80|92|32|19|145|107|875|199|430|142|31|35|0|14|18|31|0|14|0|14|0|14|12|15|212|81|53|46|30|33|19|25|0|14|55|55|445|156|0|14|0|14|0|14|0|14|0|14|0|14|38|40|212|66|0|14|64|62|10|15|10|12|111|118
1400000US25025070202|3865|538|1152|358|597|266|48|34|0|14|25|30|18|19|0|14|0|14|269|202|12|20|104|134|1|3|91|121|0|14|29|44|555|209|19|34|26|32|19|20|20|21|0|14|32|27|161|131|96|86|48|36|31|36|8|16|64|56|31|21|2713|562|1097|247|46|33|0|14|46|42|0|14|0|14|0|14|44|32|297|152|196|104|108|68|172|94|133|75|55|52|1616|371|184|166|15|25|69|49|38|41|0|14|0|14|76|55|396|164|240|109|143|101|236|97|176|78|43|43
1400000US25025070301|2658|640|358|375|96|78|12|20|0|14|0|14|0|14|0|14|0|14|0|14|61|60|14|22|0|14|9|16|0|14|0|14|262|359|0|14|0|14|0|14|0|14|0|14|0|14|229|355|23|34|10|17|0|14|0|14|0|14|0|14|2300|505|1289|276|64|71|15|23|35|42|22|33|0|14|29|28|9|13|346|121|323|126|49|49|247|162|104|65|46|33|1011|331|219|254|0|14|83|58|0|14|0|14|0|14|0|14|212|83|235|99|78|50|73|52|54|35|57|46
1400000US25025070302|1781|247|389|183|116|144|0|14|0|14|0|14|0|14|0|14|0|14|0|14|0|14|0|14|109|139|0|14|0|14|7|13|273|139|0|14|0|14|0|14|0|14|0|14|0|14|126|118|0|14|0|14|31|49|24|40|13|19|79|86|1392|272|661|171|28|43|0|14|74|46|0|14|11|17|0|14|15|22|52|50|136|69|207|118|84|53|19|20|35|37|731|177|94|75|0|14|0|14|0|14|0|14|0|14|18|13|140|48|89|58|105|85|145|110|86|52|54|45
1400000US25025070402|3321|304|1107|273|339|116|0|14|0|14|31|38|0|14|0|14|43|57|31|25|62|43|1|11|0|14|68|60|78|50|25|31|768|211|40|48|0|14|0|14|33|39|0|14|12|20|105|63|43|52|96|70|52|47|27|28|112|66|248|116|2214|397|991|208|39|35|6|10|11|19|24|29|0|14|3|8|40|35|402|126|224|102|83|66|107|59|33|27|19|23|1223|273|48|45|0|14|7|11|8|18|16|24|23|28|216|154|469|110|219|109|108|51|71|43|23|18|15|21
1400000US25025070501|2147|329|89|54|35|26|0|14|0|14|0|14|0|14|0|14|0|14|6|9|7|11|8|13|0|14|0|14|14|18|0|14|54|46|0|14|0|14|0|14|0|14|0|14|0|14|13|15|31|42|2|4|0|14|0|14|0|14|8|10|2058|327|1193|229|52|49|41|47|50|54|9|15|0|14|0|14|129|151|307|114|156|81|234|79|73|45|69|43|73|63|865|201|21|37|0|14|124|100|59|46|0|14|32|46|34|26|188|109|201|76|127|59|21|26|28|26|30|29
1400000US25025070502|3675|800|1558|597|857|407|0|14|0|14|0|14|0|14|0|14|164|120|12|23|0|14|0|14|343|321|223|149|76|67|39|49|701|273|0|14|0|14|81|47|81|47|0|14|0|14|14|21|8|14|74|43|84|120|315|246|12|20|32|38|2117|528|903|211|26|48|0|14|0|14|13|50|0|14|0|14|16|22|316|151|133|109|56|43|243|164|60|54|40|38|1214|369|95|81|0|14|0|14|0|14|0|14|15|23|51|86|297|191|187|104|49|43|350|172|72|56|98|85
1400000US25025070600|2343|431|75|50|53|56|0|14|0|14|0|14|0|14|0|14|0|14|0|14|19|19|0|14|0|14|0|14|34|55|0|14|22|32|0|14|0|14|0|14|0|14|0|14|0|14|0|14|20|31|0|14|0|14|0|14|0|14|2|5|2268|436|993|224|20|20|16|26|0|14|94|136|0|14|0|14|18|16|225|76|224|89|136|80|110|67|68|35|82|58|1275|259|183|122|0|14|127|86|46|22|27|21|0|14|7|10|297|96|149|64|180|80|168|88|67|31|24|27
1400000US25025070700|2504|397|283|169|65|49|0|14|0|14|24|30|0|14|0|14|0|14|27|31|0|14|0|14|0|14|14|22|0|14|0|14|218|162|0|14|12|15|0|14|12|15|0|14|27|43|53|64|70|60|12|20|0|14|10|15|0|14|22|36|2221|445|1165|303|27|29|7|14|18|25|0|14|0|14|3|11|23|31|224|141|327|123|180|182|149|82|119|68|88|45|1056|235|65|57|0|14|6|13|0|14|0|14|0|14|61|43|301|136|147|72|88|48|190|81|133|116|65|35
1400000US25025070801|1148|389|407|376|37|38|0|14|0|14|0|14|0|14|0|14|0|14|5|8|32|38|0|14|0|14|0|14|0|14|0|14|370|376|0|14|0|14|0|14|0|14|0|14|0|14|315|372|55|76|0|14|0|14|0|14|0|14|0|14|741|122|288|116|30|4|0|14|0|14|0|14|0|14|0|14|15|14|135|102|46|42|0|14|16|19|46|34|0|14|453|83|30|4|0|14|0|14|0|14|0|14|0|14|104|80|138|45|26|2|65|90|43|44|40|31|7|12
1400000US25025070802|2247|366|279|134|138|92|0|14|0|14|0|14|0|14|0|14|0|14|9|15|0|14|48|77|18|33|63|47|0|14|0|14|141|91|0|14|0|14|0|14|0|14|0|14|0|14|0|14|18|27|0|14|32|37|0|14|0|14|91|76|1968|346|974|263|14|21|0|14|39|36|23|46|0|14|0|14|35|47|239|114|201|125|143|72|88|54|158|171|34|32|994|208|14|26|0|14|60|71|39|36|0|14|0|14|38|27|461|199|53|36|83|52|157|91|0|14|89|90
1400000US25025070901|1261|267|257|121|109|78|0|14|0|14|24|24|0|14|21|20|0|14|5|11|14|18|31|31|0|14|5|8|9|14|0|14|148|65|0|14|0|14|0|14|0|14|9|16|0|14|93|45|0|14|9|15|0|14|0|14|37|33|0|14|1004|305|306|142|0|14|0|14|7|16|26|34|0|14|0|14|50|66|14|18|65|42|57|46|50|59|23|27|14|17|698|244|9|28|0|14|36|42|0|14|0|14|0|14|85|46|80|52|239|185|126|134|41|32|13|20|69|45
1400000US25025070902|2251|271|393|153|177|86|0|14|0|14|0|14|0|14|0|14|0|14|0|14|101|64|0|14|20|29|4|10|32|49|20|26|216|97|0|14|0|14|0|14|0|14|0|14|33|29|16|14|79|68|25|23|0|14|15|23|11|16|37|28|1858|290|897|166|52|42|0|14|24|34|15|24|0|14|16|25|51|51|166|74|180|70|88|69|156|66|136|98|13|19|961|182|62|44|0|14|40|37|12|17|0|14|21|33|65|74|221|121|128|63|174|112|164|66|63|78|11|16
1400000US25025071101|3658|499|969|305|418|198|0|14|0|14|59|92|0|14|0|14|0|14|65|67|71|82|15|23|22|35|118|126|68|72|0|14|551|217|0|14|0|14|0|14|0|14|0|14|0|14|30|30|114|86|16|46|56|88|182|125|70|75|83|85|2689|492|1573|306|33|48|98|40|20|32|0|14|0|14|0|14|190|123|427|152|292|114|265|133|121|92|105|153|22|59|1116|289|0|14|0|14|0|14|0|14|0|14|0|14|88|70|449|164|56|73|76|71|205|109|181|153|61|75
1400000US25025071201|4239|693|678|151|404|201|0|14|0|14|21|23|11|16|11|17|0|14|0|14|94|63|73|46|42|43|53|57|72|82|27|42|274|189|0|14|0|14|0|14|0|14|0|14|0|14|11|16|25|23|6|11|39|58|89|59|94|109|10|16|3561|692|1998|447|52|50|0|14|115|90|91|73|8|13|115|108|106|60|342|108|194|107|500|173|196|102|118|59|161|146|1563|333|23|25|0|14|109|61|37|46|0|14|47|49|67|44|262|71|259|88|348|134|102|55|56|42|253|179
1400000US25025080100|2146|340|555|216|349|210|0|14|0|14|17|30|17|30|0|14|0|14|43|92|185|215|58|73|19|22|0|14|0|14|10|17|206|150|0|14|0|14|0|14|17|30|0|14|11|17|0|14|31|34|24|34|22|24|20|26|81|141|0|14|1591|341|921|234|63|46|0|14|123|83|38|32|0|14|27|30|83|43|162|69|83|48|173|95|80|68|69|49|20|19|670|145|15|22|39|33|20|29|0|14|0|14|0|14|97|42|208|83|84|50|69|46|52|42|49|42|37|28
1400000US25025080300|2056|383|649|237|216|107|22|31|0|14|46|53|0|14|0|14|18|25|22|23|67|63|0|14|4|7|34|42|3|11|0|14|433|177|55|36|25|28|0|14|0|14|11|17|10|17|24|26|143|121|53|57|66|62|16|21|28|35|2|12|1407|389|534|177|29|48|37|56|0|14|0|14|9|14|36|40|69|47|104|74|43|35|115|95|65|49|14|22|13|21|873|333|40|64|0|14|0|14|0|14|0|14|0|14|152|100|297|205|171|88|116|82|74|52|8|11|15|23
1400000US25025080401|3096|477|967|303|437|166|37|57|17|27|38|40|47|41|13|20|25|36|116|81|27|20|0|14|44|62|12|19|29|37|32|36|530|176|7|18|0|14|29|41|8|14|0|14|16|22|35|36|77|61|33|36|56|58|112|67|61|60|96|100|2129|454|1025|227|32|38|0|14|105|81|57|61|0|14|42|31|129|80|106|66|99|70|225|133|66|45|121|62|43|34|1104|307|41|64|0|14|228|139|56|59|0|14|24|36|110|85|97|58|161|133|172|89|157|117|39|32|19|30
1400000US25025080500|3485|408|1125|361|636|231|24|34|0|14|104|78|22|30|33|38|17|26|150|85|20|32|27|45|114|106|107|74|18|27|0|14|489|210|0|14|14|22|35|42|120|81|0|14|57|87|58|47|41|37|84|66|9|14|10|16|52|50|9|15|2360|439|840|195|70|60|17|26|26|30|22|26|0|14|0|14|264|138|148|80|59|49|92|68|74|45|43|41|25|28|1520|355|132|97|0|14|108|71|33|41|0|14|43|40|97|73|216|117|129|97|299|123|287|212|126|76|50|61
1400000US25025080601|1424|395|796|347|476|252|0|14|41|43|66|66|0|14|51|48|0|14|155|177|37|30|0|14|68|73|0|14|37|36|21|24|320|146|0|14|0|14|0|14|35|51|0|14|0|14|59|51|0|14|27|38|43|51|43|32|106|83|7|12|628|186|288|124|5|10|0|14|0|14|0|14|0|14|0|14|35|30|132|104|7|14|21|25|75|32|0|14|13|18|340|144|5|8|0|14|0|14|0|14|0|14|0|14|88|57|118|90|8|16|39|34|23|22|49|45|10|13
1400000US25025080801|2929|806|1256|529|681|314|0|14|158|248|0|14|29|50|25|39|23|40|96|77|83|78|29|34|107|111|108|137|9|14|14|22|575|309|39|60|0|14|43|53|0|14|0|14|72|74|111|136|91|142|89|72|0|14|80|65|0|14|50|42|1673|548|942|405|12|19|0|14|20|22|42|63|0|14|64|75|171|175|339|193|0|14|183|124|39|42|15|23|57|63|731|253|34|40|0|14|67|62|60|62|0|14|0|14|77|54|130|119|105|84|87|68|102|62|45|59|24|39
1400000US25025080900|3404|474|1231|265|639|208|0|14|0|14|0|14|0|14|0|14|0|14|413|177|146|103|12|18|57|90|0|14|0|14|11|18|592|231|0|14|0|14|0|14|0|14|0|14|0|14|276|171|217|128|0|14|13|21|40|38|2|5|44|45|2173|363|1377|350|8|13|0|14|0|14|0|14|0|14|9|15|414|281|366|210|177|119|23|26|104|60|141|92|135|98|796|163|8|13|0|14|0|14|0|14|0|14|11|19|154|97|299|95|41|32|118|85|71|61|52|45|42|34
1400000US25025081001|5218|773|1889|625|998|504|87|99|73|88|23|41|27|42|23|40|0|19|182|224|319|381|1|28|89|82|15|26|159|126|0|19|891|271|0|19|0|19|47|81|0|19|26|45|0|19|158|164|162|115|20|35|16|26|161|106|50|56|251|111|3329|668|1548|341|0|19|36|59|50|63|60|62|37|52|14|24|409|216|417|198|145|110|138|135|156|101|64|64|22|36|1781|531|64|79|0|19|140|176|0|19|0|19|27|44|219|134|589|267|229|149|208|127|117|98|81|75|107|138
1400000US25025081101|1439|298|169|114|47|41|0|14|0|14|0|14|0|14|0|14|0|14|0|14|34|37|13|22|0|14|0|14|0|14|0|14|122|89|21|36|0|14|0|14|0|14|0|14|0|14|0|14|55|54|0|14|0|14|0|14|19|18|27|4|1270|293|589|125|46|54|0|14|21|32|0|14|0|14|0|14|27|39|331|102|90|64|12|17|20|18|22|20|20|4|681|210|86|122|0|14|29|44|0|14|0|14|0|14|7|12|401|121|111|60|12|17|11|19|10|16|14|2
1400000US25025081102|2915|586|781|209|409|152|0|14|0|14|0|14|0|14|0|14|0|14|220|141|31|45|0|14|36|47|28|51|94|65|0|14|372|144|0|14|0|14|0|14|0|14|0|14|0|14|151|107|20|45|5|20|48|73|47|78|63|56|38|39|2134|583|1150|378|9|24|0|14|0|14|0|14|0|14|23|34|277|168|483|260|182|112|54|51|92|68|30|47|0|14|984|297|0|14|0|14|0|14|73|47|0|14|0|14|204|114|147|95|297|248|52|38|76|46|106|102|29|35
1400000US25025081200|3523|539|1182|393|524|282|206|190|0|14|111|94|38|40|5|14|0|14|84|69|13|22|12|20|34|43|14|20|7|14|0|14|658|233|24|40|0|14|0|14|90|83|0|14|101|115|11|16|88|59|81|56|107|82|77|76|62|59|17|28|2341|546|1059|351|151|118|0|14|117|95|73|67|16|24|3|5|26|31|284|151|153|105|96|75|49|50|51|33|40|38|1282|293|0|14|0|14|78|57|13|21|28|45|24|36|165|110|339|155|182|90|179|102|146|98|109|55|19|21
1400000US25025081301|2617|908|1315|798|369|127|0|14|0|14|81|83|0|14|0|14|0|14|44|19|10|40|0|14|83|72|38|51|26|37|87|64|946|773|108|109|0|14|236|358|0|14|137|193|0|14|0|14|198|204|0|14|71|84|52|78|41|49|103|80|1302|411|708|285|54|85|0|14|0|14|37|61|0|14|11|19|135|162|97|88|114|107|23|31|130|119|30|39|77|51|594|230|22|36|0|14|62|76|8|13|67|90|0|14|0|14|53|64|114|99|95|35|72|62|31|32|70|63
1400000US25025081302|2222|378|715|305|384|202|6|11|0|14|38|60|18|34|0|14|31|60|28|55|115|116|0|14|13|36|87|99|48|57|0|14|331|169|25|45|0|14|16|25|0|14|0|14|0|14|0|14|12|23|27|44|77|96|31|55|49|50|94|90|1507|328|759|234|0|14|0|14|118|148|0|14|0|14|0|14|75|108|214|201|89|108|88|117|56|70|113|109|6|12|748|326|53|84|0|14|0|14|0|14|0|14|0|14|39|57|142|192|169|146|75|112|123|125|111|80|36|56
1400000US25025081400|3428|439|1095|275|626|249|0|14|0|14|0|14|58|49|0|14|48|39|360|220|34|29|70|58|0|14|56|65|0|14|0|14|469|178|0|14|0|14|0|14|0|14|0|14|0|14|193|119|44|57|56|47|15|15|75|84|13|22|73|88|2333|495|1275|329|23|27|0|14|51|59|0|14|11|20|23|36|317|145|278|160|168|110|152|83|105|63|104|68|43|46|1058|223|34|35|0|14|28|39|43|34|0|14|24|30|183|89|284|113|91|43|97|80|160|105|105|74|9|14
1400000US25025081500|2521|450|425|214|106|80|0|14|0|14|0|14|0|14|0|14|0|14|0|14|5|10|0|14|2|3|50|68|43|41|6|9|319|196|1|3|8|13|27|39|35|42|0|14|9|15|90|103|39|49|0|14|25|26|47|50|38|40|0|14|2096|463|1007|171|127|63|0|14|11|18|0|14|0|14|20|33|147|79|181|107|165|56|110|65|172|78|53|37|21|23|1089|355|54|45|0|14|65|63|29|37|9|12|25|34|213|126|155|88|110|44|99|58|92|58|41|31|197|187
1400000US25025081700|3629|435|1036|390|455|220|0|14|0|14|50|63|0|14|0|14|0|14|54|42|13|21|31|47|72|72|46|54|145|183|44|55|581|280|20|32|15|24|29|37|16|30|0|14|51|62|6|16|79|109|98|73|34|48|57|66|106|98|70|68|2593|463|1105|322|71|92|0|14|23|29|55|39|22|29|13|19|76|56|314|134|71|62|165|155|146|197|101|66|48|34|1488|306|37|47|56|79|60|50|37|39|21|36|19|28|132|87|352|167|150|85|117|70|269|150|133|88|105|58
1400000US25025081800|3305|606|582|255|341|161|0|14|0|14|42|37|0|14|0|14|0|14|51|65|87|84|59|94|4|8|77|64|11|23|10|17|241|153|0|14|0|14|88|79|0|14|0|14|0|14|8|12|38|36|18|26|30|51|0|14|40|52|19|32|2723|658|1341|360|61|76|36|59|0|14|137|176|0|14|35|38|199|169|297|144|185|114|109|94|115|70|112|62|55|62|1382|366|94|102|0|14|12|18|41|56|0|14|46|64|203|119|138|92|190|87|198|139|265|112|147|84|48|42
1400000US25025081900|3128|847|738|371|378|255|23|36|0|14|46|78|37|64|36|64|19|30|28|48|45|51|3|16|3|17|50|55|57|65|31|52|360|170|0|14|0|14|20|30|35|58|0|14|0|14|23|26|24|39|84|79|7|13|41|41|109|75|17|26|2390|774|1039|329|31|49|41|44|0|14|23|35|0|14|0|14|53|66|113|70|138|92|218|177|250|196|103|59|69|64|1351|524|75|86|0|14|25|38|47|54|0|14|0|14|87|79|231|167|191|92|137|93|381|306|50|46|127|85
1400000US25025082000|3379|665|1257|372|572|204|50|58|0|14|144|146|90|71|0|14|79|83|55|68|16|24|48|81|22|36|38|59|30|40|0|14|685|211|46|45|0|14|121|101|14|23|0|14|16|24|79|55|21|33|205|113|13|21|110|85|25|39|35|43|2122|723|1088|330|0|14|0|14|59|64|23|38|0|14|0|14|176|121|395|244|73|72|39|45|131|74|92|73|100|78|1034|428|0|14|0|14|0|14|0|14|88|96|0|14|108|105|145|126|123|94|120|89|353|214|63|46|34|34
1400000US25025082100|4052|1134|934|534|312|298|72|162|40|67|39|68|0|14|0|14|0|14|0|14|11|12|0|14|0|14|150|107|0|14|0|14|622|348|148|216|0|14|0|14|0|14|0|14|44|75|0|14|0|14|109|118|91|113|72|90|158|122|0|14|3118|1155|906|465|149|162|0|14|0|14|0|14|0|14|13|36|70|99|51|60|210|192|36|58|132|122|209|110|36|58|2212|796|57|141|6|10|223|204|0|14|70|106|76|107|373|239|234|182|275|197|284|166|165|170|315|191|134|115
1400000US25025090100|5529|852|1751|707|648|349|56|52|0|19|115|93|0|19|22|34|0|19|88|110|58|55|41|66|39|63|59|63|170|244|0|19|1103|444|0|19|0|19|162|103|161|153|41|56|99|94|57|70|213|122|60|67|147|99|97|86|14|23|52|53|3778|816|1829|473|159|128|28|40|94|61|118|118|23|31|38|42|241|159|169|87|326|156|297|126|153|87|135|78|48|37|1949|494|62|68|30|49|158|115|108|110|0|19|129|98|186|111|216|194|408|128|214|105|130|72|199|72|109|78
1400000US25025090200|3090|614|809|428|449|253|64|57|1|3|90|76|18|22|41|54|74|69|9|20|9|14|44|36|29|43|30|33|40|49|0|14|360|197|57|55|0|14|29|29|0|14|2|12|17|24|58|53|61|62|37|39|36|39|11|17|30|32|22|24|2281|549|1110|357|240|205|0|14|71|39|70|68|29|37|56|44|97|47|179|105|97|55|131|58|87|52|53|53|0|14|1171|243|148|85|0|14|171|90|61|40|20|26|30|31|102|56|157|114|140|59|132|77|78|44|77|57|55|36
1400000US25025090300|3494|650|688|393|296|211|40|46|0|14|77|85|53|63|0|14|0|14|60|93|0|14|5|12|20|34|26|28|15|24|0|14|392|219|21|37|0|14|17|29|93|106|19|30|35|52|6|8|1|2|108|82|21|26|70|44|0|14|1|2|2806|641|1429|414|54|49|15|23|156|99|95|59|0|14|93|86|73|54|241|214|139|106|231|134|154|103|123|82|55|51|1377|312|68|86|18|30|75|63|74|56|0|14|49|59|67|58|298|138|207|110|150|91|268|112|62|48|41|43
1400000US25025090400|3647|665|577|237|136|81|15|26|0|14|45|50|9|16|0|14|0|14|6|12|4|12|0|14|0|14|13|13|10|15|34|37|441|196|31|34|0|14|0|14|15|22|0|14|23|30|73|52|10|20|62|56|65|60|43|56|119|91|0|14|3070|748|1394|394|61|66|0|14|181|115|119|103|75|51|9|15|160|107|215|123|87|58|191|117|183|111|47|47|66|57|1676|427|25|31|12|20|213|168|27|29|31|44|18|25|222|118|186|117|314|117|216|108|186|89|120|71|106|60
1400000US25025090600|2219|367|582|237|346|141|0|14|0|14|34|23|35|32|0|14|12|18|20|22|69|4|35|34|0|14|56|42|38|71|47|78|236|124|0|14|0|14|35|23|27|43|0|14|0|14|54|63|16|27|27|18|0|14|0|14|26|35|51|57|1637|278|907|171|29|34|0|14|32|48|52|39|0|14|12|18|119|52|120|47|193|88|159|77|95|47|50|27|46|26|730|179|20|23|0|14|67|48|17|23|21|30|0|14|64|38|156|90|65|31|104|51|104|53|80|34|32|28
1400000US25025090700|4562|476|863|340|336|169|0|14|0|14|71|66|0|14|0|14|0|14|85|79|10|17|12|20|134|108|24|29|0|14|0|14|527|220|0|14|0|14|19|31|0|14|41|51|0|14|75|66|46|40|44|52|34|39|104|70|38|43|126|97|3699|527|1767|300|149|88|51|58|21|32|134|105|0|14|0|14|80|53|583|207|277|130|168|132|131|81|131|81|42|38|1932|409|46|40|0|14|50|59|0|14|0|14|15|24|192|110|690|255|241|112|148|133|244|113|218|112|88|83
1400000US25025090901|2971|400|1071|336|391|196|37|34|0|14|10|16|0|14|0|14|13|16|250|181|20|20|0|14|10|13|10|15|28|33|13|17|680|276|29|46|10|16|9|16|33|35|0|14|0|14|348|215|9|13|40|37|48|41|59|48|24|25|71|69|1900|275|1209|217|37|51|17|25|26|28|9|14|14|24|21|14|216|119|375|96|52|39|108|70|218|107|99|65|17|25|691|163|7|15|21|14|74|37|39|29|0|14|0|14|127|73|233|95|69|42|56|51|38|40|27|35|0|14
1400000US25025091001|3354|566|253|121|158|85|0|14|0|14|0|14|0|14|0|14|0|14|0|14|14|22|23|30|53|59|12|19|40|54|16|24|95|63|0|14|0|14|0|14|0|14|0|14|0|14|8|13|27|30|0|14|0|14|49|53|0|14|11|18|3101|532|1571|314|75|87|11|18|85|103|43|43|6|16|6|17|92|60|414|159|392|141|106|105|170|79|127|134|44|36|1530|318|40|51|0|14|94|109|29|41|26|31|90|58|101|55|436|164|215|77|100|67|153|117|141|105|105|65
1400000US25025091100|4632|583|511|216|132|76|0|14|0|14|0|14|0|14|0|14|0|14|3|6|65|69|0|14|2|6|5|7|52|40|5|7|379|194|0|14|0|14|0|14|0|14|0|14|0|14|83|65|133|112|0|14|13|20|129|132|21|27|0|14|4121|582|1944|317|44|58|0|14|7|12|0|14|0|14|22|36|133|83|636|207|373|149|205|108|244|101|176|73|104|66|2177|346|62|78|0|14|8|13|119|86|0|14|94|68|104|64|638|175|385|191|284|106|285|109|59|43|139|125
1400000US25025091200|3030|453|975|415|479|215|98|107|30|48|98|50|0|14|0|14|0|14|52|31|17|28|56|83|46|56|0|14|55|91|27|38|496|236|0|14|0|14|47|61|34|56|0|14|0|14|49|29|131|127|92|48|10|16|52|69|63|69|18|31|2055|452|1297|318|48|66|44|66|91|60|62|46|44|66|15|26|94|81|198|107|247|154|39|43|294|144|104|80|17|28|758|187|8|14|0|14|18|30|0|14|0|14|0|14|28|34|259|101|162|87|165|98|47|39|60|41|11|16
1400000US25025091300|2687|377|867|324|306|168|74|91|5|13|32|35|59|52|0|14|21|33|35|44|40|65|4|7|18|22|0|14|18|21|0|14|561|211|18|25|19|28|127|119|44|62|0|14|0|14|98|61|63|52|102|72|47|45|8|12|35|33|0|14|1820|362|988|221|38|34|0|14|47|42|31|28|0|14|14|24|144|81|235|83|190|88|79|54|139|71|63|43|8|11|832|202|89|69|0|14|70|43|15|24|0|14|8|13|166|116|62|47|136|58|111|49|59|42|105|43|11|16
1400000US25025091400|3205|459|967|358|436|254|71|58|0|14|52|44|42|68|0|14|12|17|97|99|19|20|0|14|93|105|50|163|0|14|0|14|531|219|23|25|8|13|23|29|28|42|0|14|32|43|129|121|34|40|68|68|101|63|52|38|10|17|23|19|2238|403|916|237|63|39|17|25|88|47|38|45|0|14|31|30|28|35|133|71|106|57|74|40|84|99|234|137|20|22|1322|261|41|45|0|14|44|52|86|53|34|37|0|14|14|14|264|100|235|99|179|104|248|97|149|54|28|21
1400000US25025091500|3591|508|951|427|411|231|65|88|0|14|49|55|0|14|14|23|0|14|43|65|32|38|132|120|5|5|23|27|48|53|0|14|540|251|55|75|0|14|72|68|26|40|0|14|0|14|86|77|156|106|86|69|25|35|6|11|0|14|28|34|2640|388|1320|253|13|21|0|14|63|61|12|24|22|34|37|40|114|76|377|152|123|73|178|110|213|83|125|52|43|48|1320|280|47|45|1|2|0|14|63|67|0|14|54|84|14|16|371|155|249|110|156|69|181|85|130|85|54|49
1400000US25025091600|2480|804|448|180|211|115|0|14|0|14|27|43|0|14|0|14|6|11|24|28|0|14|6|14|45|58|74|68|0|14|29|44|237|125|0|14|0|14|23|42|0|14|0|14|0|14|4|10|42|66|34|44|50|51|29|33|9|15|46|46|2032|818|1137|492|12|16|19|30|96|133|32|36|0|14|91|109|122|57|195|92|187|146|122|114|159|95|62|59|40|45|895|352|6|12|0|14|31|31|16|18|0|14|35|36|217|238|86|60|177|119|84|62|127|65|91|50|25|39
1400000US25025091700|3152|576|859|431|435|315|149|209|0|14|62|33|95|83|30|50|13|27|18|16|26|42|8|19|32|33|0|14|2|5|0|14|424|181|0|14|20|26|47|31|16|24|20|32|22|30|54|46|24|39|94|77|57|63|14|17|56|62|0|14|2293|376|1052|256|66|65|0|14|130|105|26|27|22|30|15|19|196|112|186|92|113|69|91|83|56|34|75|51|76|83|1241|242|22|28|0|14|15|22|96|64|0|14|70|55|144|91|140|79|179|68|173|62|125|84|187|120|90|99
1400000US25025091800|3484|672|1120|464|299|166|0|14|0|14|62|71|21|34|20|32|0|14|0|14|21|16|3|5|3|6|66|69|103|125|0|14|821|343|44|68|0|14|36|38|132|123|25|42|0|14|59|56|172|129|79|45|17|27|36|40|127|128|94|98|2364|664|1375|403|22|34|39|58|98|78|50|55|0|14|44|52|133|86|253|170|290|121|261|160|109|73|35|35|41|44|989|308|47|69|0|14|149|120|54|43|0|14|56|46|34|40|190|116|140|80|146|93|84|68|37|36|52|50
1400000US25025091900|4622|845|734|396|329|216|0|14|7|15|17|27|39|42|0|14|0|14|44|45|1|4|19|30|49|52|88|77|49|77|16|25|405|215|6|11|0|14|7|15|22|35|0|14|46|71|39|33|39|44|80|75|38|40|76|84|17|26|35|45|3888|815|1978|547|158|123|26|43|207|139|155|95|12|18|93|68|165|118|665|313|205|132|120|81|155|75|17|22|0|14|1910|388|174|118|0|14|88|67|83|73|46|69|0|14|238|105|494|251|191|102|204|114|219|87|125|62|48|42
1400000US25025092000|6128|1030|1149|478|554|212|44|65|0|19|122|129|0|19|0|19|0|19|28|34|12|21|12|20|139|109|86|87|29|37|82|82|595|301|87|136|0|19|0|19|0|19|0|19|20|33|121|96|18|24|150|130|67|60|96|90|12|21|24|38|4979|1188|2343|536|115|156|0|19|152|92|28|46|51|49|66|88|212|138|422|206|363|180|409|184|213|154|76|71|236|132|2636|761|125|114|50|85|283|145|116|115|17|23|36|41|244|159|573|401|444|208|389|124|163|88|108|100|88|78
1400000US25025092101|6067|873|1046|537|531|336|65|74|0|19|14|22|109|126|0|19|39|60|15|25|9|19|145|134|51|54|69|84|15|27|0|19|515|251|0|19|0|19|0|19|89|104|0|19|0|19|35|44|103|165|97|112|78|99|25|37|54|66|34|38|5021|789|2602|641|61|92|70|114|113|170|45|56|81|118|13|24|171|119|453|238|526|320|351|214|323|139|320|180|75|81|2419|436|46|80|0|19|38|57|26|41|0|19|130|132|73|66|442|208|393|211|351|111|262|160|501|293|157|143
1400000US25025092200|3593|682|400|308|178|169|0|14|0|14|30|48|0|14|10|16|0|14|19|28|6|12|36|50|65|72|12|21|0|14|0|14|222|164|0|14|0|14|0|14|30|49|0|14|0|14|41|48|15|20|78|70|24|36|0|14|23|31|11|18|3193|636|1791|308|149|94|0|14|53|60|62|59|0|14|35|42|116|86|310|136|335|242|275|117|211|86|189|87|56|47|1402|422|102|112|13|22|58|50|15|25|9|15|65|72|80|52|128|64|304|158|149|58|201|74|158|115|120|78
1400000US25025092300|3890|493|592|341|243|175|0|14|0|14|52|59|52|77|0|14|20|32|27|46|0|14|36|42|31|50|7|11|0|14|18|23|349|223|70|76|0|14|57|62|5|7|0|14|0|14|0|14|80|79|67|58|27|33|25|41|10|14|8|12|3298|504|1439|263|0|14|39|56|62|59|63|52|85|63|23|26|282|129|148|83|245|144|239|136|140|80|51|42|62|51|1859|335|164|114|0|14|93|58|62|54|0|14|34|36|173|94|322|127|323|108|257|111|263|104|71|65|97|103
1400000US25025092400|5987|1143|1442|453|681|263|0|19|0|19|104|97|53|81|109|118|0|19|119|133|153|123|54|86|0|19|39|63|50|79|0|19|761|290|100|114|0|19|68|107|32|50|0|19|40|66|76|90|49|81|158|141|127|104|61|75|48|56|2|7|4545|1277|2028|662|97|115|42|72|189|148|17|29|53|75|77|111|450|301|298|185|76|81|157|127|290|205|186|117|96|79|2517|774|234|262|0|19|328|211|17|28|192|177|0|19|292|278|307|184|320|175|398|223|202|141|160|121|67|64
1400000US25025100100|5951|949|1441|679|459|267|47|56|0|19|114|179|57|95|5|9|0|19|72|78|90|106|0|19|29|59|22|34|23|34|0|19|982|462|82|99|82|100|44|68|98|117|0|19|0|19|32|39|131|173|205|129|121|137|45|59|41|44|101|109|4510|918|2043|545|70|80|68|77|221|155|131|98|80|55|40|45|374|213|263|141|218|129|152|118|289|164|26|32|111|84|2467|482|79|91|44|65|200|151|17|30|30|51|0|19|275|147|346|196|280|114|493|236|435|170|110|87|158|134
1400000US25025100200|3392|523|714|337|252|173|34|54|22|35|21|31|21|31|12|22|11|18|30|35|75|87|26|38|0|14|0|14|0|14|0|14|462|223|20|34|0|14|77|67|42|54|23|34|57|52|9|16|105|75|25|39|56|46|30|34|0|14|18|27|2678|560|1376|376|34|42|5|8|122|73|75|73|16|23|23|26|112|101|268|163|283|156|195|116|96|73|61|45|86|90|1302|279|30|49|40|45|74|62|68|69|21|32|12|18|100|68|181|80|73|53|165|83|254|118|195|106|89|53
1400000US25025100300|3890|747|205|194|100|87|24|38|0|14|0|14|22|37|0|14|0|14|0|14|0|14|0|14|8|19|25|36|21|29|0|14|105|115|0|14|0|14|24|40|23|37|0|14|0|14|0|14|29|48|29|34|0|14|0|14|0|14|0|14|3685|721|1727|440|77|70|0|14|105|82|81|107|112|98|47|40|150|82|206|94|244|110|90|57|270|127|194|114|151|119|1958|357|2|3|9|14|103|72|79|113|28|41|177|115|126|75|278|135|185|98|328|118|194|71|245|108|204|130
1400000US25025100400|5024|836|1087|527|556|282|0|19|0|19|187|231|49|60|7|11|26|41|25|27|59|64|38|33|3|9|125|90|17|19|20|23|531|277|64|77|0|19|0|19|0|19|0|19|46|58|8|14|128|145|42|55|137|85|29|46|36|30|41|32|3937|818|1762|355|66|78|19|30|95|75|95|78|17|20|0|19|94|78|234|113|386|168|231|124|349|166|79|48|97|92|2175|593|29|46|0|19|92|99|19|33|0|19|58|93|109|86|443|152|191|107|449|233|331|168|300|169|154|83
1400000US25025100500|7491|969|1544|703|765|434|62|102|53|85|119|105|0|19|0|19|25|39|69|98|170|124|0|19|122|134|25|42|53|79|67|86|779|415|31|50|0|19|0|19|0|19|59|95|0|19|20|29|126|114|52|51|76|87|287|334|77|77|51|58|5947|1120|3095|667|281|208|9|23|251|120|73|62|15|26|35|36|228|178|374|215|680|254|454|237|403|187|185|124|107|120|2852|623|92|128|0|19|65|54|129|113|23|38|79|70|262|138|684|276|419|245|570|160|313|203|80|54|136|103
1400000US25025100601|6269|884|795|525|493|279|0|19|0|19|66|109|21|35|0|19|74|89|1|3|122|151|0|19|0|19|75|86|134|156|0|19|302|263|0|19|0|19|70|117|0|19|0|19|0|19|0|19|108|126|35|37|0|19|0|19|89|138|0|19|5474|1031|2598|606|213|126|0|19|204|119|0|19|0|19|0|19|238|153|394|171|608|274|364|230|293|172|166|153|118|106|2876|635|336|323|0|19|229|185|30|49|119|93|23|39|73|67|584|231|486|211|495|187|338|190|149|114|14|22
1400000US25025100603|2198|476|169|145|129|144|0|14|0|14|0|14|0|14|0|14|36|56|0|14|19|26|2|6|72|89|0|14|0|14|0|14|40|39|0|14|0|14|0|14|0|14|0|14|0|14|0|14|21|36|0|14|3|6|13|16|3|6|0|14|2029|451|926|313|25|30|0|14|7|10|0|14|7|10|0|14|98|156|173|68|184|78|187|147|176|93|60|37|9|10|1103|198|38|44|19|27|24|34|47|43|0|14|14|20|47|35|354|138|202|75|124|109|160|75|51|32|23|18
1400000US25025100700|4721|673|187|93|15|18|0|14|0|14|0|14|0|14|0|14|0|14|0|14|0|14|0|14|10|16|0|14|5|8|0|14|172|89|0|14|0|14|0|14|11|18|7|12|6|10|0|14|9|13|0|14|37|67|5|8|77|63|20|23|4534|653|2372|458|95|72|0|14|182|99|86|76|51|79|50|42|258|210|557|217|395|121|290|110|189|90|143|70|76|70|2162|357|132|83|14|24|115|78|68|75|47|61|19|22|212|195|361|114|468|158|188|83|250|80|200|68|88|60
1400000US25025100800|5816|788|608|250|81|88|0|19|0|19|0|19|0|19|0|19|0|19|0|19|0|19|0|19|52|79|0|19|13|24|16|27|527|238|0|19|0|19|69|100|0|19|93|123|0|19|0|19|0|19|106|110|67|88|84|108|25|31|83|68|5208|872|2497|561|297|179|39|57|39|57|0|19|61|46|118|97|207|145|484|227|266|145|211|133|288|146|226|139|261|218|2711|478|0|19|40|65|145|111|103|75|0|19|0|19|150|80|411|163|323|162|489|250|366|157|377|195|307|145
1400000US25025100900|4676|813|186|138|99|82|0|14|0|14|18|24|19|25|18|25|0|14|11|18|0|14|0|14|10|14|0|14|12|19|11|17|87|60|0|14|0|14|0|14|19|24|0|14|0|14|0|14|0|14|17|21|13|21|14|19|12|19|12|19|4490|827|2258|532|132|137|0|14|144|134|28|31|64|64|80|69|38|22|462|202|418|149|302|140|277|134|184|96|129|79|2232|404|54|42|34|44|133|74|57|55|14|22|31|48|76|47|492|160|244|70|322|139|268|119|360|166|147|88
1400000US25025101001|6697|1001|430|351|130|147|0|19|0|19|0|19|43|49|0|19|0|19|1|3|0|19|0|19|45|76|41|70|0|19|0|19|300|296|0|19|0|19|185|196|0|19|0|19|0|19|0|19|55|61|45|75|0|19|15|24|0|19|0|19|6267|1066|3220|721|263|203|18|29|191|164|127|114|46|71|0|19|96|75|878|340|510|200|201|142|506|253|254|120|130|105|3047|566|150|152|0|19|60|57|160|127|72|111|130|124|213|166|287|159|584|295|349|145|604|200|234|130|204|176
1400000US25025101002|6338|849|1635|819|689|299|130|172|0|19|107|126|120|95|25|42|0|19|0|19|47|66|30|46|69|85|94|136|0|19|67|85|946|571|161|174|71|106|96|117|0|19|74|110|0|19|25|32|200|186|51|71|96|87|43|49|32|41|97|103|4703|1002|2092|491|85|81|2|34|37|44|10|18|0|19|71|57|152|112|325|267|316|170|349|227|317|193|275|109|153|121|2611|772|251|188|0|19|277|235|71|76|126|161|80|76|106|85|353|280|214|117|354|165|404|175|265|113|110|95
1400000US25025101101|4144|850|723|299|256|128|0|14|0|14|0|14|25|30|0|14|0|14|65|74|1|4|49|74|13|16|21|35|72|48|10|17|467|236|98|90|0|14|124|108|25|30|0|14|0|14|10|21|68|58|59|69|35|39|26|41|22|34|0|14|3421|891|1562|435|107|86|0|14|80|65|15|28|0|14|6|9|162|118|255|194|355|169|199|138|223|113|85|69|75|62|1859|554|80|79|31|48|108|81|47|53|3|6|53|63|158|73|468|205|185|114|176|92|260|113|117|106|173|117
1400000US25025101102|4733|805|1269|431|541|219|75|82|39|46|92|92|0|14|41|48|0|14|0|14|51|64|100|93|60|61|81|92|2|8|0|14|728|278|110|89|0|14|78|79|24|36|0|14|0|14|9|15|156|102|212|92|22|31|58|50|22|33|37|52|3464|789|1687|469|42|50|0|14|90|78|42|47|99|61|22|33|205|177|319|175|135|85|327|153|188|112|126|88|92|111|1777|412|56|62|0|14|78|61|15|25|25|40|70|79|116|77|324|174|233|129|224|114|230|114|272|105|134|79
1400000US25025110104|2194|300|463|252|240|154|38|54|0|14|22|30|70|62|0|14|0|14|1|11|43|44|17|27|33|48|2|15|6|11|8|12|223|123|21|36|0|14|10|16|24|35|0|14|0|14|26|33|46|43|45|36|0|14|17|22|11|20|23|26|1731|327|1002|199|83|42|56|26|0|14|0|14|20|34|46|47|76|61|232|110|201|99|116|53|32|43|140|104|0|14|729|204|40|63|0|14|23|33|19|31|1|12|0|14|99|86|94|65|191|87|55|47|79|40|115|91|13|17
1400000US25025110105|2702|590|191|104|131|90|0|14|0|14|0|14|0|14|0|14|0|14|40|60|16|25|15|25|60|59|0|14|0|14|0|14|60|48|0|14|0|14|0|14|0|14|0|14|0|14|22|32|14|21|0|14|3|7|15|25|0|14|6|9|2511|605|1058|318|74|73|0|14|47|26|37|26|14|26|0|14|5|7|393|195|283|143|114|55|67|54|24|27|0|14|1453|375|21|36|0|14|63|35|0|14|0|14|0|14|145|101|468|158|240|110|161|122|198|156|116|69|41|56
1400000US25025110106|1685|570|111|43|34|27|0|14|0|14|0|14|0|14|0|14|0|14|0|14|4|10|3|7|12|14|8|12|0|14|7|11|77|33|0|14|0|14|0|14|0|14|0|14|0|14|0|14|7|14|7|13|0|14|30|35|27|25|6|9|1574|566|830|362|50|20|0|14|0|14|0|14|8|21|0|14|18|28|157|133|143|57|61|47|124|65|37|33|232|314|744|268|54|21|37|26|0|14|0|14|0|14|0|14|22|23|127|77|120|80|8|16|129|66|218|238|29|39
1400000US25025110201|2251|442|394|141|223|88|0|14|0|14|11|16|0|14|0|14|6|12|7|10|33|28|28|45|39|35|66|57|14|15|19|23|171|84|0|14|13|18|15|16|0|14|0|14|0|14|27|31|3|6|14|16|22|27|22|32|35|30|20|30|1857|440|767|211|64|69|0|14|72|54|24|26|0|14|36|23|54|27|137|107|74|43|171|74|68|44|45|30|22|17|1090|265|30|35|7|12|115|147|62|41|35|35|38|38|51|34|72|46|217|87|118|44|157|64|86|41|102|57
1400000US25025110301|2616|353|141|93|29|22|0|14|0|14|9|14|0|14|0|14|0|14|0|14|0|14|7|12|7|10|6|9|0|14|0|14|112|80|0|14|0|14|9|15|0|14|16|20|10|15|0|14|0|14|9|14|0|14|7|10|15|24|46|48|2475|356|1127|203|95|49|0|14|133|78|29|22|9|12|39|28|58|34|171|65|218|70|96|35|97|46|175|62|7|11|1348|223|123|86|0|14|65|57|37|36|6|8|9|14|87|44|170|73|241|96|137|75|205|58|195|83|73|46
1400000US25025110401|3507|472|432|277|272|191|32|47|0|14|0|14|36|59|0|14|50|61|50|55|15|22|0|14|50|58|2|12|35|42|2|9|160|97|26|47|0|14|0|14|0|14|0|14|0|14|0|14|0|14|21|31|3|5|50|56|58|51|2|5|3075|459|1551|260|110|87|19|29|107|83|81|66|15|21|0|14|90|62|313|104|296|118|140|84|294|97|49|42|37|36|1524|268|107|91|0|14|182|91|7|12|47|58|0|14|43|37|222|93|324|114|163|85|239|99|84|58|106|70
1400000US25025110403|4930|564|214|128|132|89|0|14|0|14|11|18|13|20|0|14|0|14|16|29|41|46|48|40|0|14|3|13|0|14|0|14|82|62|0|14|4|6|16|24|0|14|0|14|0|14|13|22|8|17|5|7|0|14|0|14|0|14|36|41|4716|557|2356|333|229|118|0|14|140|79|13|21|0|14|59|45|171|120|344|98|375|159|459|146|306|150|170|71|90|47|2360|347|136|91|99|123|135|80|73|48|19|26|12|19|28|27|379|124|324|127|310|133|408|144|217|96|220|80
1400000US25025110501|3204|576|179|112|77|62|0|14|0|14|11|18|0|14|0|14|0|14|10|17|13|20|11|17|12|20|0|14|19|29|1|5|102|65|0|14|0|14|11|17|0|14|7|14|0|14|0|14|42|46|19|28|11|17|0|14|12|21|0|14|3025|559|1413|248|140|65|20|27|62|44|22|24|9|13|7|11|63|46|214|112|294|102|261|151|222|76|76|45|23|34|1612|399|79|50|10|16|17|17|176|167|67|97|23|24|40|31|238|135|346|137|202|98|181|59|92|66|141|74
1400000US25025110502|3945|693|284|133|167|103|0|14|0|14|0|14|0|14|0|14|0|14|10|16|0|14|32|37|0|14|64|73|61|61|0|14|117|74|0|14|0|14|12|20|0|14|0|14|0|14|14|17|32|38|0|14|9|14|7|12|35|27|8|13|3661|716|1972|600|28|27|49|42|88|74|37|46|43|69|25|27|122|67|611|494|271|123|271|138|252|118|89|50|86|67|1689|254|93|71|0|14|40|57|83|55|30|34|37|43|76|53|322|130|360|127|262|100|190|90|124|63|72|42
1400000US25025110601|2886|437|114|82|19|25|0|14|0|14|0|14|0|14|0|14|0|14|17|24|0|14|1|2|0|14|0|14|0|14|1|3|95|63|0|14|0|14|0|14|0|14|0|14|0|14|0|14|10|15|0|14|27|39|25|29|0|14|33|38|2772|446|1255|254|45|33|0|14|119|113|32|29|0|14|37|36|28|34|116|59|142|80|95|63|186|66|245|109|210|152|1517|262|144|89|0|14|22|24|40|38|0|14|17|21|63|64|168|87|105|51|201|94|224|123|298|93|235|83
1400000US25025110607|5055|692|252|197|162|135|0|19|0|19|0|19|32|54|0|19|0|19|0|19|25|35|24|41|26|42|8|8|29|46|18|30|90|73|0|19|0|19|0|19|0|19|0|19|0|19|0|19|0|19|17|28|24|43|0|19|19|32|30|37|4803|709|2080|420|157|131|24|39|96|85|32|48|0|19|23|41|89|72|357|125|450|244|234|131|324|131|224|85|70|58|2723|472|321|181|51|67|65|75|30|36|28|41|83|101|191|164|545|159|526|199|271|186|331|110|116|71|165|87
1400000US25025120103|1823|219|45|31|23|22|0|14|0|14|0|14|0|14|0|14|0|14|0|14|9|15|0|14|0|14|14|16|0|14|0|14|22|21|0|14|0|14|0|14|0|14|0|14|0|14|4|6|0|14|0|14|0|14|0|14|11|16|7|11|1778|221|896|158|26|26|0|14|37|31|26|18|10|16|46|28|37|28|146|61|174|94|113|51|150|54|70|30|61|34|882|131|37|30|0|14|68|62|54|31|0|14|17|19|14|14|177|62|132|54|139|41|117|44|89|31|38|26
1400000US25025120104|2422|405|136|88|24|22|10|16|0|14|0|14|0|14|0|14|0|14|0|14|8|13|0|14|6|10|0|14|0|14|0|14|112|81|0|14|0|14|0|14|8|14|0|14|0|14|12|13|26|41|8|12|55|77|2|5|0|14|1|3|2286|433|1052|227|67|49|0|14|30|48|0|14|0|14|0|14|43|37|323|147|212|80|94|78|113|45|87|69|83|37|1234|285|31|37|0|14|106|75|34|55|0|14|34|35|91|65|309|125|181|88|148|52|117|45|101|45|82|70
1400000US25025120105|2106|182|186|114|28|29|0|14|0|14|0|14|0|14|0|14|0|14|0|14|0|14|0|14|0|14|24|28|0|14|4|7|158|111|0|14|0|14|0|14|0|14|19|30|0|14|3|5|0|14|11|17|62|67|15|31|17|29|31|38|1920|182|934|107|57|33|43|35|78|31|10|12|7|11|16|13|39|41|59|35|114|38|99|54|197|66|177|52|38|19|986|143|22|20|30|28|15|17|52|49|6|9|32|38|29|23|88|49|152|44|77|33|205|66|180|73|98|34
1400000US25025120201|4511|642|631|314|251|264|0|14|0|14|16|26|0|14|0|14|0|14|0|14|65|72|169|257|0|14|1|3|0|14|0|14|380|174|0|14|0|14|0|14|0|14|0|14|0|14|52|50|81|86|21|32|37|38|55|81|119|122|15|24|3880|628|2005|429|334|219|8|14|20|34|70|86|0|14|21|35|75|69|704|242|339|167|272|155|94|75|52|47|16|21|1875|358|50|48|32|53|76|94|55|62|17|26|34|54|0|14|1088|290|245|115|108|79|81|58|74|52|15|26
1400000US25025120301|4944|517|550|230|246|133|0|19|0|19|0|19|39|64|0|19|0|19|17|20|9|14|75|118|69|82|37|61|0|19|0|19|304|165|0|19|0|19|0|19|0|19|0|19|43|72|6|10|66|39|0|19|11|17|69|90|109|106|0|19|4394|515|2144|407|130|99|37|39|137|82|0|19|0|19|63|70|79|67|823|286|460|170|195|128|70|58|125|73|25|27|2250|285|109|73|6|9|92|59|45|39|7|12|32|49|258|115|765|229|162|77|401|189|202|104|126|70|45|46
1400000US25025120400|6792|755|393|241|63|59|0|19|0|19|0|19|0|19|0|19|0|19|19|23|29|42|0|19|0|19|15|34|0|19|0|19|330|238|0|19|0|19|0|19|0|19|0|19|0|19|201|223|0|19|0|19|20|38|22|35|0|19|87|91|6399|749|2743|448|239|115|25|40|59|61|0|19|22|38|39|33|81|71|672|263|702|204|342|174|254|159|238|114|70|60|3656|570|253|109|52|62|183|121|37|44|23|39|40|55|361|238|564|241|843|268|273|124|621|229|344|146|62|44
1400000US25025120500|2543|382|426|155|172|77|12|19|0|14|12|19|0|14|12|19|0|14|54|40|63|51|5|7|0|14|10|16|4|7|0|14|254|103|0|14|0|14|33|41|20|26|10|14|0|14|15|16|131|61|0|14|0|14|13|12|14|21|18|23|2117|363|901|187|143|72|34|35|27|33|0|14|6|9|8|12|102|107|258|82|119|50|101|46|30|29|40|24|33|20|1216|286|8|14|12|17|61|64|54|84|0|14|0|14|19|15|496|165|122|51|102|47|68|43|42|29|232|213
1400000US25025120600|2555|442|69|38|23|26|0|14|0|14|0|14|0|14|0|14|0|14|0|14|8|11|15|23|0|14|0|14|0|14|0|14|46|27|0|14|0|14|0|14|0|14|0|14|0|14|12|12|4|7|11|16|3|7|0|14|7|11|9|15|2486|446|1107|238|24|26|61|51|85|71|40|39|9|15|0|14|15|17|401|159|128|67|64|46|200|103|55|34|25|36|1379|262|44|45|11|18|15|15|11|17|29|31|0|14|78|52|476|162|191|65|132|74|263|172|61|49|68|55
1400000US25025120700|1905|404|115|80|42|41|10|25|0|14|0|14|0|14|0|14|0|14|12|20|17|27|0|14|0|14|0|14|3|11|0|14|73|54|0|14|0|14|0|14|9|21|0|14|0|14|9|14|16|19|10|23|2|5|20|39|7|11|0|14|1790|415|731|182|125|101|7|14|24|31|0|14|0|14|0|14|22|26|207|79|136|62|36|38|44|47|73|49|57|40|1059|326|63|53|0|14|30|40|113|160|0|14|0|14|34|23|298|111|201|77|63|44|90|98|87|49|80|44
1400000US25025130101|6244|812|261|138|173|131|2|3|0|19|26|43|0|19|0|19|0|19|0|19|27|42|101|101|0|19|0|19|4|10|13|20|88|60|0|19|0|19|0|19|0|19|0|19|0|19|31|45|27|35|30|36|0|19|0|19|0|19|0|19|5983|826|2869|522|328|177|78|73|20|32|349|343|96|106|52|52|84|71|434|208|439|128|375|139|236|103|256|95|122|73|3114|449|204|107|0|19|128|96|67|55|21|30|16|27|225|219|570|172|324|138|578|317|399|148|376|98|206|76
1400000US25025130200|4450|531|148|152|106|133|0|14|0|14|0|14|15|29|0|14|0|14|0|14|0|14|0|14|3|8|84|131|0|14|4|8|42|49|12|21|0|14|0|14|0|14|6|11|0|14|0|14|11|19|0|14|7|14|0|14|0|14|6|9|4302|537|2021|270|194|153|0|14|121|74|152|95|0|14|49|42|117|65|222|112|374|161|258|94|231|83|204|73|99|55|2281|324|72|65|14|31|184|107|64|47|0|14|42|33|103|58|221|98|440|131|287|77|375|182|298|91|181|70
1400000US25025130300|4375|443|140|85|69|52|0|14|0|14|12|20|0|14|0|14|0|14|0|14|40|43|2|4|2|7|13|21|0|14|0|14|71|46|0|14|0|14|0|14|0|14|0|14|0|14|8|14|0|14|0|14|11|18|52|40|0|14|0|14|4235|455|2142|274|117|61|12|20|50|60|121|61|29|32|54|41|65|47|318|155|287|84|283|101|312|92|340|118|154|60|2093|271|77|59|0|14|261|108|42|40|53|44|76|49|137|149|205|132|298|77|196|73|310|92|283|116|155|71
1400000US25025130402|5270|855|227|131|99|72|0|19|0|19|0|19|0|19|0|19|0|19|0|19|0|19|38|43|0|19|20|32|22|36|19|33|128|92|0|19|16|24|0|19|0|19|0|19|0|19|0|19|0|19|32|39|0|19|41|64|39|44|0|19|5043|836|2436|550|121|94|19|32|237|188|15|27|93|91|0|19|85|74|372|273|287|152|376|154|314|256|328|156|189|114|2607|454|87|102|91|125|99|86|100|156|0|19|88|73|160|86|510|227|164|68|537|290|361|134|286|153|124|69
1400000US25025130404|2796|300|179|93|114|59|24|41|0|14|16|27|0|14|0|14|0|14|4|7|12|17|3|10|0|14|19|22|36|53|0|14|65|47|0|14|5|8|5|8|4|10|0|14|0|14|0|14|5|8|21|27|0|14|25|24|0|14|0|14|2617|293|1384|242|27|32|0|14|85|65|82|64|0|14|20|24|98|70|256|124|134|81|103|56|350|120|178|75|51|35|1233|171|54|51|24|28|45|46|0|14|27|28|68|60|31|30|173|82|156|61|173|65|191|93|185|65|106|67
1400000US25025130406|5733|944|1161|794|228|168|106|130|0|19|0|19|0|19|0|19|0|19|12|21|2|4|56|87|15|23|0|19|20|32|17|28|933|814|285|358|0|19|280|292|0|19|0|19|0|19|69|100|107|156|136|193|0|19|8|12|17|30|31|38|4572|645|2060|341|0|19|158|87|136|127|374|220|14|24|0|19|276|133|323|189|185|127|155|116|303|167|56|48|80|61|2512|453|167|102|81|99|356|242|33|56|0|19|0|19|19|27|593|216|374|191|358|157|265|168|247|141|19|29
1400000US25025140102|5359|704|74|58|50|45|0|19|0|19|0|19|0|19|0|19|0|19|0|19|22|38|0|19|18|18|0|19|3|6|7|12|24|26|0|19|0|19|0|19|0|19|0|19|0|19|0|19|10|17|1|2|0|19|3|7|10|16|0|19|5285|719|2464|464|159|100|28|46|171|205|133|107|0|19|81|71|266|119|292|116|428|138|417|97|223|114|221|112|45|34|2821|364|73|64|0|19|179|90|318|190|61|66|139|111|137|85|359|104|369|125|305|103|367|116|310|84|204|143
1400000US25025140105|3641|578|537|262|231|141|59|57|32|50|54|66|0|14|0|14|29|36|34|47|2|4|0|14|0|14|0|14|21|28|0|14|306|161|0|14|0|14|0|14|11|18|0|14|0|14|44|36|0|14|45|53|60|71|22|33|57|64|67|66|3104|644|1442|361|86|60|0|14|67|48|107|152|23|35|9|19|106|74|264|151|174|89|223|114|139|67|127|79|117|68|1662|400|9|17|76|85|129|126|54|56|72|92|16|29|72|49|179|87|257|95|249|112|241|91|242|76|66|52
1400000US25025140106|2232|295|313|161|112|64|9|13|0|14|6|9|0|14|0|14|0|14|5|9|28|41|0|14|0|14|18|20|25|27|21|21|201|116|14|22|0|14|44|45|0|14|0|14|0|14|0|14|8|11|52|68|6|10|28|32|27|27|22|25|1919|327|826|152|68|46|21|32|66|38|36|36|21|23|57|34|69|38|126|65|157|57|44|37|95|50|43|32|23|29|1093|246|104|60|0|14|65|37|31|27|0|14|30|33|103|54|103|50|147|40|179|90|95|97|163|77|73|42
1400000US25025140107|3290|551|509|297|176|168|45|67|0|14|16|24|0|14|0|14|0|14|0|14|42|52|9|14|0|14|0|14|18|21|46|54|333|169|10|15|28|41|99|74|7|11|8|13|0|14|0|14|26|38|21|23|23|21|8|12|83|67|20|26|2781|520|1407|341|110|90|13|20|84|57|109|75|13|14|46|41|35|25|154|66|253|121|259|120|67|47|214|140|50|35|1374|255|89|89|39|45|80|70|11|15|23|25|22|25|18|19|203|81|222|114|257|100|93|48|197|78|120|74
1400000US25025140201|2636|793|153|64|39|28|0|14|0|14|0|14|0|14|0|14|0|14|18|21|5|7|7|11|9|13|0|14|0|14|0|14|114|57|0|14|0|14|0|14|0|14|0|14|0|14|4|6|4|6|32|33|4|8|50|34|19|25|1|4|2483|799|1335|379|61|53|51|72|217|141|28|35|22|23|0|14|87|46|249|145|200|80|148|114|95|54|123|63|54|41|1148|444|115|114|4|10|108|140|67|42|0|14|13|14|42|27|161|119|270|139|179|63|57|31|64|44|68|43
1400000US25025140202|5843|649|142|68|99|56|0|19|0|19|0|19|0|19|0|19|0|19|1|6|0|19|1|6|19|43|30|33|48|45|0|19|43|39|0|19|0|19|0|19|0|19|0|19|0|19|0|19|0|19|0|19|13|18|4|7|20|37|6|12|5701|656|2658|470|211|137|34|48|182|97|89|122|63|81|7|15|228|152|516|220|430|198|329|159|253|118|222|123|94|64|3043|399|143|120|72|100|237|132|30|54|4|10|87|67|133|92|629|200|394|175|444|154|333|131|261|121|276|110
1400000US25025140300|7179|1450|611|409|288|254|0|19|0|19|0|19|0|19|0|19|0|19|82|121|0|19|107|109|0|19|5|10|87|118|7|11|323|183|59|92|0|19|0|19|0|19|0|19|0|19|0|19|1|4|122|128|0|19|2|4|49|51|90|87|6568|1531|3034|826|26|36|0|19|386|293|236|259|69|110|0|19|151|231|861|444|274|242|298|200|317|176|144|157|272|187|3534|832|138|227|3|20|58|77|95|127|32|59|0|19|372|236|566|413|416|341|484|253|688|287|418|207|264|133
1400000US25025140400|8668|1061|1101|367|578|255|0|19|0|19|0|19|46|76|0|19|0|19|0|19|38|51|191|159|0|19|29|41|213|143|61|70|523|238|0|19|0|19|33|55|0|19|0|19|0|19|0|19|95|109|93|84|119|102|38|46|105|97|40|62|7567|1021|3966|755|209|158|141|120|276|125|104|104|53|65|110|50|210|127|413|254|868|303|424|209|721|277|383|241|54|60|3601|624|37|66|0|19|309|180|48|61|50|59|32|62|352|152|538|283|385|135|368|145|637|191|444|164|401|171
1400000US25025160102|3595|528|953|447|460|255|68|75|8|13|26|31|43|36|29|45|29|46|22|36|54|63|47|56|8|13|14|23|51|57|61|74|493|285|79|86|0|14|29|47|0|14|55|62|27|45|41|67|44|33|49|56|1|8|93|94|25|39|50|53|2642|435|1495|310|93|80|44|62|155|95|53|55|8|14|29|32|94|70|308|152|246|121|246|109|86|83|119|145|14|23|1147|238|126|85|0|14|125|70|0|14|40|48|39|53|55|42|193|102|246|93|202|108|50|59|71|50|0|14
1400000US25025160103|4537|920|1078|732|417|252|47|54|0|14|62|77|37|59|0|14|0|14|74|76|30|47|100|130|67|79|0|14|0|14|0|14|661|519|71|97|0|14|54|74|0|14|60|82|34|59|42|56|48|51|144|142|208|188|0|14|0|14|0|14|3459|858|1693|399|224|172|0|14|70|68|130|112|0|14|41|55|150|145|222|117|235|84|326|147|151|99|124|70|20|35|1766|689|86|77|11|18|29|48|182|104|67|102|10|21|192|182|143|108|190|96|385|251|269|246|157|100|45|61
1400000US25025160200|4262|633|1217|437|611|254|42|76|0|14|67|67|76|66|24|38|24|37|86|59|41|45|21|33|106|78|83|62|0|14|41|51|606|219|33|51|27|40|0|14|42|52|0|14|0|14|30|37|70|66|144|81|146|113|42|50|25|39|47|55|3045|686|1870|387|116|135|86|77|93|73|46|53|0|14|61|57|130|73|315|158|375|136|383|180|194|111|20|32|51|54|1175|408|151|139|26|41|256|137|72|48|0|14|23|38|77|55|145|93|213|123|89|74|24|30|94|75|5|9
1400000US25025160300|2112|258|290|130|131|82|11|18|0|14|0|14|0|14|0|14|0|14|0|14|23|26|21|23|0|14|13|31|42|57|21|22|159|83|0|14|0|14|0|14|0|14|0|14|0|14|0|14|24|24|0|14|0|14|36|47|44|37|55|65|1822|275|911|219|10|17|0|14|31|32|11|19|0|14|48|57|42|37|261|102|126|79|69|43|116|59|65|35|132|137|911|170|44|37|0|14|12|22|12|19|9|15|0|14|28|34|212|66|124|43|139|89|73|49|124|75|134|77
1400000US25025160400|3356|548|748|369|238|141|0|14|0|14|41|60|30|44|0|14|0|14|2|5|51|45|0|14|26|33|54|82|0|14|34|25|510|278|0|14|0|14|24|37|70|79|32|44|0|14|71|57|69|82|54|79|22|21|99|99|69|58|0|14|2608|430|1337|259|80|70|0|14|166|90|37|55|0|14|0|14|128|78|287|112|273|78|143|102|113|62|89|65|21|24|1271|242|48|52|81|81|0|14|69|56|0|14|29|45|124|53|382|126|257|118|136|66|72|48|45|32|28|37
1400000US25025160501|5885|972|943|484|614|301|12|19|26|42|0|19|33|39|32|49|0|19|70|95|169|114|2|5|37|60|152|155|58|53|23|40|329|235|0|19|0|19|11|19|12|19|0|19|83|111|0|19|38|36|9|13|98|112|0|19|18|16|60|54|4942|924|2436|544|237|154|27|44|133|118|73|77|37|50|35|49|157|100|593|242|308|163|332|101|153|120|192|124|159|99|2506|523|49|62|0|19|221|158|220|124|39|45|22|34|96|74|786|248|321|144|209|114|255|182|120|52|168|101
1400000US25025160502|4977|702|1438|592|487|249|112|125|0|19|34|39|36|45|0|19|34|40|43|47|66|74|48|75|47|58|25|30|28|29|14|24|951|410|317|285|0|19|20|32|93|87|0|19|45|48|78|60|121|83|123|82|5|8|73|47|58|54|18|20|3539|646|1663|400|169|132|0|19|48|55|73|68|40|59|14|23|249|250|292|167|242|121|212|117|188|110|102|81|34|27|1876|368|58|71|15|24|280|115|51|55|0|19|89|93|146|83|253|113|264|97|231|85|291|122|88|97|110|75
1400000US25025160601|4792|1080|443|232|295|175|0|14|0|14|37|60|0|14|0|14|0|14|29|47|110|121|14|27|9|28|26|39|4|14|66|112|148|100|0|14|0|14|0|14|0|14|0|14|0|14|15|25|31|46|0|14|84|92|0|14|0|14|18|22|4349|1049|2285|538|56|63|0|14|48|41|0|14|0|14|12|20|173|179|635|350|365|147|340|162|400|198|185|116|71|93|2064|653|297|267|18|30|74|71|18|27|55|62|24|33|185|188|455|183|342|266|212|105|226|94|90|76|68|55
1400000US25025160602|5093|709|846|293|466|185|13|25|27|33|26|35|19|41|25|39|12|20|54|71|64|55|99|135|63|58|18|28|42|52|4|7|380|174|27|42|0|19|37|47|36|54|22|46|12|24|21|28|74|52|60|61|27|28|32|40|18|25|14|23|4247|730|2167|369|107|84|18|30|136|117|41|47|51|77|107|105|146|97|459|223|443|182|192|87|338|134|66|43|63|55|2080|459|190|118|33|41|31|41|180|167|10|21|118|126|200|86|306|127|281|176|325|107|174|87|125|71|107|66
1400000US25025170101|3727|506|476|235|210|142|29|41|0|14|80|75|30|43|0|14|0|14|0|14|0|14|48|57|1|6|13|21|0|14|9|12|266|133|0|14|0|14|0|14|48|68|0|14|0|14|0|14|41|56|62|57|47|67|6|11|25|41|37|46|3251|512|1733|301|55|65|0|14|100|90|79|62|0|14|28|35|88|56|296|119|351|113|277|102|151|95|229|138|79|89|1518|290|82|65|0|14|121|140|47|47|40|44|0|14|67|43|163|96|213|86|170|79|268|117|206|107|141|100
1400000US25025170102|4729|1044|198|226|59|56|0|14|0|14|0|14|0|14|0|14|0|14|0|14|11|17|23|39|0|14|21|32|4|8|0|14|139|177|0|14|0|14|24|41|0|14|0|14|20|34|38|62|5|9|19|31|0|14|19|30|14|19|0|14|4531|1021|2543|825|186|263|0|14|24|27|21|34|0|14|24|30|117|93|422|191|713|535|252|146|420|180|268|127|96|75|1988|369|145|106|23|36|241|202|0|14|0|14|23|38|36|36|472|244|241|115|108|62|447|210|98|81|154|96
1400000US25025170200|5058|861|1072|496|590|348|49|76|0|19|23|27|56|70|37|54|54|68|91|134|10|14|7|12|38|38|46|40|24|25|155|207|482|203|83|98|0|19|0|19|31|37|0|19|0|19|64|58|1|2|111|87|30|34|119|103|36|26|7|9|3986|746|1990|418|163|106|74|58|80|85|0|19|0|19|17|21|206|123|264|126|299|127|90|71|470|173|185|145|142|76|1996|433|181|127|62|66|157|95|154|116|16|26|9|15|31|34|283|115|243|116|124|65|323|120|142|65|271|104
1400000US25025170301|5810|1479|561|400|255|176|0|19|0|19|0|19|0|19|94|114|17|29|68|127|0|19|32|38|12|21|0|19|15|26|17|29|306|275|26|43|0|19|20|34|96|139|0|19|0|19|11|18|0|19|33|40|80|116|5|12|0|19|35|37|5249|1490|2683|794|164|193|0|19|32|38|79|90|39|37|96|75|60|61|715|500|366|290|581|223|282|160|116|73|153|91|2566|804|17|32|16|32|148|87|19|27|45|52|37|61|187|216|435|277|277|174|438|187|530|312|191|105|226|103
1400000US25025170302|3914|623|804|467|269|208|0|14|42|50|107|154|0|14|0|14|0|14|14|21|44|61|21|26|41|50|0|14|0|14|0|14|535|286|48|66|0|14|41|50|0|14|0|14|0|14|38|43|209|157|36|44|163|195|0|14|0|14|0|14|3110|644|1783|494|240|178|67|98|0|14|0|14|0|14|59|62|59|55|459|211|362|192|330|211|89|88|82|50|36|37|1327|284|111|95|0|14|24|29|0|14|0|14|51|66|112|77|316|143|268|114|184|122|138|131|113|103|10|16
1400000US25025170400|5172|880|616|351|190|122|0|19|0|19|0|19|40|59|15|26|0|19|0|19|15|26|16|26|10|15|71|56|21|30|2|5|426|245|0|19|0|19|0|19|38|57|0|19|14|22|67|87|0|19|58|60|0|19|44|55|86|77|119|91|4556|919|2170|504|83|62|24|33|65|70|54|56|61|66|27|37|137|128|212|114|298|111|289|228|424|152|343|146|153|93|2386|554|61|74|36|64|137|114|134|107|0|19|143|154|202|195|231|151|375|118|283|181|295|86|261|129|228|124
1400000US25025170502|3707|776|510|277|116|95|0|14|0|14|0|14|0|14|0|14|0|14|0|14|3|7|51|64|0|14|15|23|9|14|38|43|394|215|41|68|0|14|41|64|20|31|0|14|22|34|8|11|81|78|20|26|37|54|24|28|62|60|38|32|3197|726|1718|464|59|72|81|78|98|88|14|23|45|57|153|174|89|67|252|118|124|69|300|152|180|92|134|74|189|92|1479|318|0|14|0|14|89|119|45|52|48|56|25|43|66|40|266|94|147|86|164|113|155|70|190|88|284|110
1400000US25025170503|1395|199|325|161|123|53|0|14|0|14|0|14|0|14|0|14|0|14|12|22|7|11|0|14|0|14|75|48|11|17|18|21|202|122|0|14|0|14|50|41|51|42|0|14|0|14|4|9|0|14|45|38|0|14|8|13|28|44|16|17|1070|277|474|150|0|14|0|14|36|45|0|14|8|16|0|14|15|17|51|58|81|43|31|36|145|67|61|41|46|46|596|178|50|46|19|27|0|14|4|8|30|31|13|28|30|30|120|65|88|79|61|50|39|32|84|54|58|34
1400000US25025170504|3382|593|116|59|15|20|0|14|0|14|0|14|0|14|0|14|0|14|3|5|0|14|0|14|0|14|12|20|0|14|0|14|101|55|0|14|0|14|0|14|0|14|0|14|0|14|0|14|9|15|0|14|16|30|14|24|0|14|62|38|3266|600|1752|334|5|8|0|14|105|61|12|21|28|40|24|29|217|100|557|253|251|127|350|122|142|72|61|45|0|14|1514|379|237|179|24|38|60|64|82|51|0|14|0|14|88|63|417|198|272|104|167|113|74|51|73|61|20|23
1400000US25025170601|6251|955|123|81|34|29|0|19|0|19|10|17|0|19|0|19|0|19|0|19|0|19|8|13|0|19|4|15|12|17|0|19|89|73|14|21|0|19|13|21|0|19|0|19|0|19|0|19|13|17|0|19|18|22|0|19|31|39|0|19|6128|955|3028|675|74|63|0|19|248|169|28|47|58|70|0|19|275|192|453|218|798|317|534|301|372|173|117|70|71|54|3100|542|357|178|0|19|299|180|198|163|99|98|20|32|134|124|523|172|346|158|262|117|407|147|266|153|189|79
1400000US25025170701|2513|473|172|88|67|51|12|20|0|14|0|14|0|14|0|14|0|14|0|14|18|30|0|14|2|5|2|5|33|28|0|14|105|47|0|14|0|14|0|14|0|14|0|14|0|14|0|14|31|36|16|24|0|14|17|28|30|28|11|17|2341|476|1212|262|84|76|3|10|197|142|39|49|0|14|32|50|67|68|281|108|162|94|137|73|54|53|96|77|60|51|1129|275|80|89|0|14|151|136|27|43|0|14|25|40|54|48|308|119|160|76|65|53|108|83|101|73|50|40
1400000US25025170702|7612|1385|1548|813|717|385|90|137|0|19|0|19|0|19|0|19|0|19|280|309|157|137|44|71|22|40|83|131|29|62|12|20|831|479|0|19|0|19|103|116|121|139|0|19|0|19|187|170|66|80|26|35|255|204|0|19|42|69|31|39|6064|1141|3235|715|322|233|0|19|362|223|0|19|0|19|56|88|197|175|583|228|877|423|176|179|296|234|257|127|109|102|2829|672|73|104|10|17|233|241|50|77|0|19|117|147|315|141|354|233|425|286|627|225|149|166|345|153|131|209
1400000US25025170800|6009|996|839|321|329|224|0|19|0|19|23|37|0|19|0|19|0|19|0|19|1|3|48|73|160|187|17|27|45|40|35|42|510|279|22|33|0|19|0|19|20|45|22|34|0|19|0|19|183|165|0|19|16|25|59|86|187|174|1|2|5170|972|2670|557|162|131|0|19|66|84|82|105|70|81|157|122|221|136|299|233|536|161|426|196|388|167|181|113|82|52|2500|566|82|86|0|19|199|193|186|130|0|19|0|19|187|132|289|125|401|179|465|256|242|119|243|117|206|128
1400000US25025180101|5301|488|338|157|121|97|0|19|0|19|0|19|0|19|0|19|0|19|0|19|26|56|48|79|17|28|0|19|0|19|30|36|217|123|0|19|0|19|0|19|0|19|0|19|6|12|50|83|0|19|0|19|6|10|11|18|60|67|84|57|4963|531|2228|322|72|69|50|73|23|45|27|45|36|56|196|112|79|58|249|199|404|118|524|208|237|106|167|83|164|96|2735|349|197|165|0|19|210|130|56|68|17|27|63|100|220|128|334|118|397|223|361|204|308|93|374|123|198|83
1400000US25025180200|4557|562|446|254|211|134|0|14|0|14|0|14|35|42|0|14|0|14|0|14|0|14|74|62|30|32|44|56|0|14|28|39|235|140|0|14|0|14|0|14|37|49|28|33|0|14|0|14|8|16|16|17|0|14|31|47|47|48|68|70|4111|604|1980|316|96|87|42|41|119|69|11|20|45|64|110|116|127|83|267|124|210|91|308|116|387|127|172|80|86|40|2131|352|69|59|47|64|102|60|57|66|0|14|67|57|223|164|211|107|263|63|214|81|330|106|213|90|335|145
1400000US25025180301|3080|423|280|220|108|112|0|14|0|14|0|14|0|14|45|57|0|14|4|11|0|14|0|14|3|9|48|57|0|14|8|12|172|162|0|14|0|14|28|42|0|14|23|34|0|14|0|14|0|14|0|14|32|42|47|48|24|35|18|20|2800|457|1303|263|48|40|0|14|150|113|85|65|0|14|69|45|81|62|77|62|167|63|258|84|152|78|146|72|70|41|1497|249|41|35|38|44|171|114|29|34|32|38|44|37|42|40|120|73|228|72|222|88|153|65|233|79|144|78
1400000US25025180400|1910|285|14|15|0|14|0|14|0|14|0|14|0|14|0|14|0|14|0|14|0|14|0|14|0|14|0|14|0|14|0|14|14|15|0|14|0|14|0|14|0|14|0|14|0|14|0|14|0|14|0|14|0|14|0|14|7|10|7|10|1896|283|1001|195|54|54|0|14|120|72|11|17|0|14|0|14|41|25|259|139|142|49|90|50|150|63|76|34|58|46|895|147|30|33|0|14|80|37|6|8|15|20|66|75|9|12|72|32|200|65|86|36|186|74|98|52|47|35
1400000US25025180500|3911|494|245|123|64|52|0|14|6|10|8|13|0|14|0|14|0|14|20|23|0|14|16|25|7|13|0|14|7|12|0|14|181|87|8|13|0|14|14|26|0|14|0|14|0|14|19|26|25|30|13|16|30|35|23|27|23|29|26|24|3666|493|1470|258|25|31|0|14|29|31|19|22|0|14|43|56|119|96|277|113|192|112|261|97|256|104|149|56|100|98|2196|363|188|95|64|50|129|96|16|26|6|10|40|47|59|32|320|90|318|191|395|153|257|95|317|116|87|76
1400000US25025980101|159|224|137|192|137|192|0|14|0|14|0|14|0|14|0|14|0|14|0|14|46|64|23|32|0|14|45|65|23|32|0|14|0|14|0|14|0|14|0|14|0|14|0|14|0|14|0|14|0|14|0|14|0|14|0|14|0|14|0|14|22|32|0|14|0|14|0|14|0|14|0|14|0|14|0|14|0|14|0|14|0|14|0|14|0|14|0|14|0|14|22|32|0|14|0|14|0|14|0|14|0|14|0|14|0|14|0|14|0|14|22|32|0|14|0|14|0|14
1400000US25025980300|137|13|117|57|117|57|0|14|0|14|0|14|0|14|0|14|0|14|0|14|0|14|0|14|22|48|67|48|28|52|0|14|0|14|0|14|0|14|0|14|0|14|0|14|0|14|0|14|0|14|0|14|0|14|0|14|0|14|0|14|20|56|20|56|0|14|0|14|0|14|0|14|0|14|0|14|0|14|0|14|20|56|0|14|0|14|0|14|0|14|0|14|0|14|0|14|0|14|0|14|0|14|0|14|0|14|0|14|0|14|0|14|0|14|0|14|0|14
1400000US25025980700|2|3|1|2|0|14|0|14|0|14|0|14|0|14|0|14|0|14|0|14|0|14|0|14|0|14|0|14|0|14|0|14|1|2|0|14|0|14|0|14|0|14|0|14|0|14|0|14|0|14|0|14|0|14|0|14|0|14|1|2|1|2|1|2|0|14|0|14|0|14|0|14|0|14|0|14|0|14|0|14|0|14|0|14|0|14|1|2|0|14|0|14|0|14|0|14|0|14|0|14|0|14|0|14|0|14|0|14|0|14|0|14|0|14|0|14|0|14
1400000US25025980900|54|25|5|7|5|7|0|14|0|14|0|14|0|14|0|14|0|14|0|14|0|14|0|14|0|14|0|14|5|7|0|14|0|14|0|14|0|14|0|14|0|14|0|14|0|14|0|14|0|14|0|14|0|14|0|14|0|14|0|14|49|25|30|20|0|14|0|14|0|14|0|14|0|14|0|14|0|14|16|26|14|17|0|14|0|14|0|14|0|14|19|21|10|14|0|14|0|14|0|14|0|14|0|14|0|14|9|9|0|14|0|14|0|14|0|14|0|14
1400000US25025981000|30|42|0|14|0|14|0|14|0|14|0|14|0|14|0|14|0|14|0|14|0|14|0|14|0|14|0|14|0|14|0|14|0|14|0|14|0|14|0|14|0|14|0|14|0|14|0|14|0|14|0|14|0|14|0|14|0|14|0|14|30|42|16|23|0|14|0|14|0|14|0|14|0|14|0|14|0|14|16|23|0|14|0|14|0|14|0|14|0|14|14|19|0|14|0|14|0|14|0|14|0|14|0|14|0|14|14|19|0|14|0|14|0|14|0|14|0|14
1400000US25025981100|0|14|0|14|0|14|0|14|0|14|0|14|0|14|0|14|0|14|0|14|0|14|0|14|0|14|0|14|0|14|0|14|0|14|0|14|0|14|0|14|0|14|0|14|0|14|0|14|0|14|0|14|0|14|0|14|0|14|0|14|0|14|0|14|0|14|0|14|0|14|0|14|0|14|0|14|0|14|0|14|0|14|0|14|0|14|0|14|0|14|0|14|0|14|0|14|0|14|0|14|0|14|0|14|0|14|0|14|0|14|0|14|0|14|0|14|0|14
1400000US25025981201|0|14|0|14|0|14|0|14|0|14|0|14|0|14|0|14|0|14|0|14|0|14|0|14|0|14|0|14|0|14|0|14|0|14|0|14|0|14|0|14|0|14|0|14|0|14|0|14|0|14|0|14|0|14|0|14|0|14|0|14|0|14|0|14|0|14|0|14|0|14|0|14|0|14|0|14|0|14|0|14|0|14|0|14|0|14|0|14|0|14|0|14|0|14|0|14|0|14|0|14|0|14|0|14|0|14|0|14|0|14|0|14|0|14|0|14|0|14
1400000US25025981202|0|14|0|14|0|14|0|14|0|14|0|14|0|14|0|14|0|14|0|14|0|14|0|14|0|14|0|14|0|14|0|14|0|14|0|14|0|14|0|14|0|14|0|14|0|14|0|14|0|14|0|14|0|14|0|14|0|14|0|14|0|14|0|14|0|14|0|14|0|14|0|14|0|14|0|14|0|14|0|14|0|14|0|14|0|14|0|14|0|14|0|14|0|14|0|14|0|14|0|14|0|14|0|14|0|14|0|14|0|14|0|14|0|14|0|14|0|14
1400000US25025981300|37|21|0|14|0|14|0|14|0|14|0|14|0|14|0|14|0|14|0|14|0|14|0|14|0|14|0|14|0|14|0|14|0|14|0|14|0|14|0|14|0|14|0|14|0|14|0|14|0|14|0|14|0|14|0|14|0|14|0|14|37|21|17|13|0|14|0|14|0|14|0|14|0|14|0|14|0|14|4|6|0|14|4|7|5|7|4|6|0|14|20|21|0|14|0|14|0|14|0|14|0|14|0|14|0|14|0|14|0|14|10|16|7|12|3|6|0|14
1400000US25025981501|0|14|0|14|0|14|0|14|0|14|0|14|0|14|0|14|0|14|0|14|0|14|0|14|0|14|0|14|0|14|0|14|0|14|0|14|0|14|0|14|0|14|0|14|0|14|0|14|0|14|0|14|0|14|0|14|0|14|0|14|0|14|0|14|0|14|0|14|0|14|0|14|0|14|0|14|0|14|0|14|0|14|0|14|0|14|0|14|0|14|0|14|0|14|0|14|0|14|0|14|0|14|0|14|0|14|0|14|0|14|0|14|0|14|0|14|0|14
1400000US25025981502|0|14|0|14|0|14|0|14|0|14|0|14|0|14|0|14|0|14|0|14|0|14|0|14|0|14|0|14|0|14|0|14|0|14|0|14|0|14|0|14|0|14|0|14|0|14|0|14|0|14|0|14|0|14|0|14|0|14|0|14|0|14|0|14|0|14|0|14|0|14|0|14|0|14|0|14|0|14|0|14|0|14|0|14|0|14|0|14|0|14|0|14|0|14|0|14|0|14|0|14|0|14|0|14|0|14|0|14|0|14|0|14|0|14|0|14|0|14
1400000US25025981600|0|14|0|14|0|14|0|14|0|14|0|14|0|14|0|14|0|14|0|14|0|14|0|14|0|14|0|14|0|14|0|14|0|14|0|14|0|14|0|14|0|14|0|14|0|14|0|14|0|14|0|14|0|14|0|14|0|14|0|14|0|14|0|14|0|14|0|14|0|14|0|14|0|14|0|14|0|14|0|14|0|14|0|14|0|14|0|14|0|14|0|14|0|14|0|14|0|14|0|14|0|14|0|14|0|14|0|14|0|14|0|14|0|14|0|14|0|14
1400000US25025981700|0|14|0|14|0|14|0|14|0|14|0|14|0|14|0|14|0|14|0|14|0|14|0|14|0|14|0|14|0|14|0|14|0|14|0|14|0|14|0|14|0|14|0|14|0|14|0|14|0|14|0|14|0|14|0|14|0|14|0|14|0|14|0|14|0|14|0|14|0|14|0|14|0|14|0|14|0|14|0|14|0|14|0|14|0|14|0|14|0|14|0|14|0|14|0|14|0|14|0|14|0|14|0|14|0|14|0|14|0|14|0|14|0|14|0|14|0|14
1400000US25025981800|21|22|0|14|0|14|0|14|0|14|0|14|0|14|0|14|0|14|0|14|0|14|0|14|0|14|0|14|0|14|0|14|0|14|0|14|0|14|0|14|0|14|0|14|0|14|0|14|0|14|0|14|0|14|0|14|0|14|0|14|21|22|17|19|0|14|0|14|0|14|0|14|0|14|0|14|0|14|0|14|0|14|0|14|0|14|11|17|6|7|4|6|0|14|0|14|0|14|0|14|0|14|0|14|0|14|0|14|0|14|0|14|0|14|0|14|4|6
1400000US25025981900|0|14|0|14|0|14|0|14|0|14|0|14|0|14|0|14|0|14|0|14|0|14|0|14|0|14|0|14|0|14|0|14|0|14|0|14|0|14|0|14|0|14|0|14|0|14|0|14|0|14|0|14|0|14|0|14|0|14|0|14|0|14|0|14|0|14|0|14|0|14|0|14|0|14|0|14|0|14|0|14|0|14|0|14|0|14|0|14|0|14|0|14|0|14|0|14|0|14|0|14|0|14|0|14|0|14|0|14|0|14|0|14|0|14|0|14|0|14
1400000US25025990101|0|14|0|14|0|14|0|14|0|14|0|14|0|14|0|14|0|14|0|14|0|14|0|14|0|14|0|14|0|14|0|14|0|14|0|14|0|14|0|14|0|14|0|14|0|14|0|14|0|14|0|14|0|14|0|14|0|14|0|14|0|14|0|14|0|14|0|14|0|14|0|14|0|14|0|14|0|14|0|14|0|14|0|14|0|14|0|14|0|14|0|14|0|14|0|14|0|14|0|14|0|14|0|14|0|14|0|14|0|14|0|14|0|14|0|14|0|14
1400000US25027700100|6283|21|471|380|215|197|0|19|0|19|35|53|50|79|0|19|0|19|0|19|0|19|46|74|0|19|25|58|59|96|0|19|256|226|0|19|0|19|0|19|89|90|0|19|0|19|12|31|52|66|45|72|42|65|16|24|0|19|0|19|5812|383|2996|221|136|73|0|19|142|96|44|44|18|30|145|149|415|177|272|146|258|129|336|146|581|181|388|161|261|131|2816|310|25|42|15|25|166|115|267|191|170|125|66|48|169|119|234|133|415|144|315|113|479|215|312|141|183|102
1400000US25027701101|4633|531|493|303|271|194|0|14|0|14|59|58|22|32|0|14|33|109|8|15|0|14|16|29|71|61|19|20|43|54|0|14|222|134|0|14|0|14|21|30|55|54|6|11|0|14|32|41|0|14|42|47|21|29|30|33|8|14|7|12|4140|551|1987|284|114|69|42|41|56|40|42|40|0|14|29|33|102|70|244|89|184|87|284|100|428|207|292|103|170|160|2153|422|106|58|21|29|100|66|55|42|0|14|20|25|372|248|173|103|241|104|244|114|453|164|212|85|156|81
1400000US25027701102|4021|558|547|281|267|129|0|14|62|62|0|14|0|14|0|14|0|14|0|14|27|42|58|69|42|54|23|36|41|62|14|23|280|174|43|56|0|14|41|67|11|22|0|14|0|14|12|22|40|53|32|41|17|26|0|14|84|74|0|14|3474|628|1670|334|16|31|18|35|101|127|76|79|26|38|19|33|133|100|305|145|268|147|141|107|257|111|235|143|75|49|1804|383|88|95|0|14|117|82|205|173|0|14|106|55|11|31|279|121|339|151|269|94|188|121|95|50|107|54
1400000US25027702201|1500|272|200|90|127|55|7|8|9|8|5|6|20|21|4|6|4|6|4|6|0|14|12|9|5|7|24|20|27|27|6|6|73|43|0|14|0|14|4|5|0|14|0|14|14|18|0|14|10|11|25|20|0|14|16|16|0|14|4|6|1300|293|740|242|76|54|37|52|67|96|4|6|10|12|17|13|60|50|70|44|42|21|86|30|149|55|91|25|31|14|560|85|21|15|16|12|0|14|11|12|3|4|10|14|41|24|79|46|49|27|86|30|128|48|100|28|16|12
1400000US25027702202|1632|283|159|127|96|83|0|14|0|14|9|15|0|14|0|14|17|28|9|14|0|14|8|14|19|29|9|13|9|14|16|24|63|51|0|14|0|14|0|14|14|17|8|14|0|14|0|14|18|21|8|14|1|2|4|8|5|8|5|8|1473|277|742|145|34|36|20|23|104|49|6|9|0|14|22|20|29|26|85|38|64|34|133|68|77|49|106|60|62|51|731|168|52|38|0|14|37|24|26|27|0|14|17|27|71|46|82|45|62|43|119|62|111|55|90|55|64|44
1400000US25027703100|4465|454|668|231|342|148|35|40|9|14|9|14|0|14|0|14|12|19|51|37|63|59|39|46|66|61|26|29|15|18|17|19|326|137|10|15|0|14|10|15|10|15|0|14|9|15|16|19|49|49|125|75|11|18|70|60|16|17|0|14|3797|436|1990|245|74|78|25|19|209|89|48|35|19|21|20|22|125|79|389|142|276|97|164|91|210|83|293|111|138|57|1807|329|109|98|79|84|113|76|161|123|17|27|80|48|121|78|159|67|164|90|270|107|239|106|191|84|104|53
1400000US25027703200|3557|430|855|461|404|241|0|14|0|14|70|102|82|65|36|53|0|14|0|14|9|15|168|115|14|21|16|21|0|14|9|13|451|251|59|87|0|14|85|90|13|20|0|14|0|14|75|59|60|87|94|72|13|20|11|19|26|23|15|19|2702|361|1358|220|120|74|0|14|100|70|36|35|0|14|21|25|112|47|171|97|154|59|188|91|224|77|171|52|61|42|1344|172|103|61|0|14|0|14|20|34|0|14|49|45|54|51|220|96|162|86|142|62|322|83|155|52|117|52
1400000US25027703300|3687|388|158|83|41|38|0|14|0|14|0|14|0|14|0|14|0|14|5|9|11|18|17|29|0|14|8|13|0|14|0|14|117|70|0|14|0|14|0|14|0|14|0|14|0|14|44|63|10|14|0|14|20|21|32|32|0|14|11|19|3529|384|1744|213|59|51|63|71|84|39|56|42|0|14|71|45|106|66|144|72|185|67|208|104|358|79|261|79|149|78|1785|265|42|43|14|23|46|43|96|57|30|36|36|42|190|110|230|209|164|57|227|94|210|65|299|105|201|95
1400000US25027704201|1905|260|121|71|53|40|0|14|0|14|0|14|0|14|0|14|6|9|2|3|3|4|21|19|0|14|0|14|12|18|9|13|68|37|0|14|0|14|7|9|0|14|0|14|3|4|0|14|11|11|0|14|9|15|8|8|15|17|15|19|1784|285|882|108|53|26|4|6|45|23|20|14|3|5|11|8|72|29|80|31|104|36|117|34|218|80|132|35|23|14|902|194|16|11|14|13|18|12|107|94|4|4|20|16|98|82|66|22|101|25|160|55|160|62|98|31|40|18
1400000US25027704202|1150|99|102|46|44|35|0|14|0|14|0|14|3|5|0|14|0|14|13|14|4|12|3|15|0|14|19|24|2|4|0|14|58|42|0|14|0|14|6|8|0|14|0|14|0|14|0|14|6|8|6|7|5|7|7|7|2|4|26|39|1048|95|567|62|11|9|16|12|38|12|7|9|0|14|4|6|26|12|58|24|43|14|65|23|133|41|118|29|48|21|481|48|14|11|5|7|44|15|5|5|10|10|0|14|21|14|32|18|32|15|73|21|114|31|102|22|29|14
1400000US25027705101|3443|561|168|115|112|78|26|42|0|14|0|14|15|26|0|14|0|14|12|18|3|8|45|65|0|14|10|20|0|14|1|3|56|55|0|14|0|14|0|14|0|14|0|14|0|14|15|22|0|14|26|43|15|26|0|14|0|14|0|14|3275|543|1580|329|73|67|0|14|127|81|14|23|10|18|12|22|127|118|140|76|218|126|350|192|330|111|143|80|36|32|1695|298|109|98|14|21|55|77|42|41|78|52|96|75|102|74|263|132|207|88|195|92|327|128|142|75|65|47
1400000US25027705102|4657|563|514|385|95|93|0|14|0|14|0|14|0|14|0|14|0|14|0|14|23|39|0|14|17|27|53|65|2|24|0|14|419|384|0|14|0|14|64|93|0|14|64|92|0|14|0|14|134|198|63|91|0|14|27|26|24|27|43|42|4143|432|2444|532|408|329|23|26|72|76|227|214|18|28|7|11|105|79|275|125|363|210|211|104|444|177|212|119|79|52|1699|336|29|34|11|17|181|101|98|76|15|18|21|24|69|50|229|119|203|80|322|134|184|103|294|142|43|37
1400000US25027706100|4296|48|315|181|192|108|36|42|9|15|9|15|0|14|0|14|0|14|8|14|2|7|34|38|0|14|52|48|42|45|0|14|123|90|20|23|11|18|24|36|0|14|0|14|0|14|0|14|15|19|25|38|15|22|6|12|0|14|7|12|3981|185|2026|157|144|75|27|24|29|34|29|33|0|14|92|52|131|61|198|79|341|83|164|73|447|117|262|94|162|86|1955|175|117|79|26|23|131|82|47|49|26|32|53|45|241|124|174|62|296|85|268|87|257|83|202|76|117|93
1400000US25027707100|3928|466|1048|374|447|200|56|83|0|14|58|62|72|91|0|14|0|14|0|14|39|42|51|70|47|61|61|53|54|75|9|15|601|239|0|14|0|14|67|86|55|66|58|71|0|14|78|95|70|83|19|31|39|52|124|84|67|80|24|21|2880|556|1513|325|94|93|0|14|148|106|0|14|44|41|11|19|107|94|210|162|95|65|213|103|307|104|191|84|93|53|1367|277|44|39|23|36|10|17|60|70|11|17|34|51|84|60|194|142|130|83|198|99|250|84|240|88|89|46
1400000US25027707200|2037|386|405|137|130|73|0|14|0|14|17|24|14|26|0|14|16|22|0|14|0|14|14|19|17|25|31|37|10|16|11|17|275|114|23|25|0|14|5|10|30|31|0|14|13|20|0|14|53|58|51|35|13|19|68|59|0|14|19|22|1632|403|695|152|15|22|54|72|37|56|18|25|1|9|0|14|9|16|169|108|86|64|54|64|81|53|101|53|70|49|937|370|65|104|15|25|11|19|54|58|0|14|0|14|86|133|105|76|45|48|109|98|183|122|150|63|114|70
1400000US25027707300|3945|514|794|330|382|171|135|136|0|14|46|57|0|14|0|14|0|14|0|14|10|16|47|59|48|46|58|55|9|15|29|22|412|193|0|14|0|14|38|54|0|14|0|14|0|14|0|14|170|129|11|17|24|34|138|89|17|17|14|16|3151|483|1736|339|62|64|0|14|140|118|10|16|34|46|72|79|106|92|363|201|219|107|195|98|252|99|170|68|113|75|1415|313|50|46|0|14|95|97|76|53|0|14|0|14|27|31|271|133|224|88|104|52|275|122|82|37|211|123
1400000US25027707400|4947|519|266|118|154|83|42|53|0|14|0|14|0|14|0|14|0|14|28|42|25|38|0|14|0|14|23|29|36|41|0|14|112|68|0|14|0|14|0|14|0|14|0|14|0|14|0|14|17|27|59|69|4|16|3|12|29|34|0|14|4681|542|2222|325|58|41|8|15|158|93|0|14|9|13|46|40|152|69|277|131|392|185|394|151|247|91|371|189|110|63|2459|356|100|87|28|34|156|135|76|69|25|35|111|88|168|96|302|111|293|87|274|107|586|297|226|84|114|51
1400000US25027707500|5086|517|337|292|206|152|0|19|0|19|0|19|0|19|0|19|0|19|0|19|48|78|66|85|4|9|76|79|12|20|0|19|131|168|0|19|0|19|51|80|0|19|0|19|0|19|0|19|74|92|6|15|0|19|0|19|0|19|0|19|4749|642|2215|427|191|118|0|19|89|83|64|55|49|47|143|100|66|50|312|184|306|195|217|125|392|172|204|94|182|80|2534|383|104|111|0|19|48|85|79|62|97|106|102|70|192|122|204|101|551|165|150|91|399|142|299|130|309|188
1400000US25027708100|8207|118|219|118|41|37|0|19|0|19|0|19|0|19|0|19|0|19|0|19|7|13|0|19|0|19|13|23|14|23|7|12|178|116|0|19|0|19|0|19|0|19|0|19|8|13|16|26|0|19|0|19|0|19|61|74|30|48|63|77|7988|157|4116|252|208|116|27|40|358|177|138|102|74|59|298|200|148|105|361|138|470|133|453|172|657|212|633|196|291|168|3872|260|197|113|20|33|162|94|123|80|53|57|44|50|182|131|310|142|588|170|586|192|639|180|794|315|174|86
1400000US25027709100|4597|575|449|321|263|231|28|39|12|29|14|20|14|20|0|14|11|27|14|27|12|20|81|79|27|32|37|82|4|5|9|13|186|117|0|14|0|14|11|27|0|14|15|30|0|14|30|35|47|55|27|37|11|17|26|31|11|18|8|13|4148|620|2120|385|170|98|15|24|128|67|123|77|22|26|35|37|186|97|324|165|240|85|208|96|299|86|294|169|76|42|2028|324|118|113|49|69|71|52|52|41|23|31|14|22|40|35|418|164|179|91|277|130|298|83|310|88|179|110
1400000US25027709201|7649|907|676|381|370|219|47|56|0|19|21|32|0|19|0|19|0|19|171|182|90|114|2|32|0|19|0|19|17|27|22|30|306|180|0|19|0|19|0|19|0|19|0|19|0|19|0|19|51|62|99|114|75|114|28|45|0|19|53|49|6973|977|3727|668|361|164|75|79|140|114|138|94|22|39|95|72|559|432|551|213|281|116|481|183|510|169|329|154|185|110|3246|462|106|79|0|19|299|173|22|38|46|49|65|69|221|200|415|178|268|122|480|199|642|197|458|188|224|118
1400000US25027709203|2955|456|237|216|101|112|0|14|0|14|0|14|0|14|0|14|0|14|0|14|0|14|70|99|0|14|0|14|31|45|0|14|136|118|0|14|0|14|0|14|0|14|0|14|0|14|76|108|39|59|0|14|8|12|0|14|0|14|13|19|2718|551|1118|245|21|33|39|58|95|88|23|36|0|14|21|34|34|32|44|43|196|121|192|125|127|99|106|61|220|107|1600|456|56|67|0|14|67|75|89|92|25|29|0|14|60|94|139|89|205|116|129|80|191|100|432|347|207|126
1400000US25027709204|4066|875|709|723|441|535|0|14|0|14|154|172|88|139|0|14|75|121|0|14|7|12|77|126|0|14|25|28|15|25|0|14|268|198|0|14|0|14|0|14|0|14|0|14|0|14|17|26|15|31|177|196|13|22|24|31|11|17|11|15|3357|631|1673|326|88|88|21|29|78|64|14|22|0|14|20|30|91|51|393|146|132|87|120|54|232|109|335|256|149|136|1684|371|114|67|0|14|30|34|12|21|0|14|0|14|67|63|282|94|131|71|264|119|489|352|168|79|127|84
1400000US25027709400|5034|736|949|569|316|213|0|19|0|19|89|109|0|19|0|19|0|19|2|6|24|35|3|7|115|132|83|103|0|19|0|19|633|382|0|19|0|19|45|72|110|117|98|117|0|19|35|54|13|22|167|144|70|78|62|67|0|19|33|55|4085|912|1999|497|310|164|0|19|40|49|108|142|0|19|0|19|89|102|221|136|328|141|225|154|530|246|58|59|90|86|2086|570|19|33|0|19|312|189|128|134|12|27|82|130|169|128|285|179|416|182|288|218|187|121|47|57|141|92
1400000US25027709501|2490|469|72|39|53|32|9|14|0|14|0|14|0|14|0|14|0|14|0|14|11|14|15|16|5|8|10|12|0|14|3|5|19|15|0|14|0|14|0|14|0|14|0|14|0|14|0|14|0|14|9|10|0|14|6|11|4|7|0|14|2418|466|1383|384|22|20|13|12|68|34|139|106|0|14|74|81|239|120|136|67|140|52|163|94|199|51|145|56|45|24|1035|135|21|23|3|6|78|31|13|13|23|25|6|10|63|36|111|53|132|46|154|42|261|87|83|41|87|41
1400000US25027709502|5929|724|257|131|48|56|0|19|0|19|0|19|0|19|0|19|0|19|4|9|28|49|0|19|0|19|0|19|11|17|5|11|209|122|0|19|0|19|0|19|0|19|0|19|0|19|0|19|61|85|13|24|10|19|70|59|43|43|12|20|5672|721|2748|427|132|135|39|41|252|135|95|88|0|19|77|56|293|157|311|177|216|91|425|162|368|149|217|104|323|155|2924|531|46|50|0|19|185|109|295|230|29|33|68|84|95|94|256|146|338|138|429|198|550|146|391|131|242|159
1400000US25027709600|2631|517|219|113|81|55|0|14|0|14|0|14|0|14|0|14|0|14|0|14|16|25|0|14|5|11|19|23|33|34|8|23|138|81|0|14|0|14|0|14|0|14|0|14|0|14|64|60|0|14|15|26|22|25|27|27|10|15|0|14|2412|551|1315|354|144|156|30|41|107|98|66|83|0|14|0|14|112|65|281|135|151|83|170|102|125|75|97|70|32|22|1097|284|47|47|0|14|186|142|28|38|28|38|3|10|25|31|166|95|190|108|123|83|121|71|100|68|80|35
1400000US25027709701|5739|865|444|404|200|130|0|19|0|19|8|24|0|19|0|19|0|19|0|19|82|93|15|36|25|32|37|57|17|29|16|28|244|308|51|70|0|19|52|79|51|79|0|19|0|19|0|19|58|81|2|5|15|25|0|19|0|19|15|25|5295|846|2574|412|110|74|26|33|107|79|102|98|0|19|66|63|167|106|331|191|435|178|333|159|362|207|401|180|134|92|2721|533|171|153|28|33|202|146|171|123|0|19|42|67|173|105|327|215|400|197|522|236|331|138|154|99|200|85
1400000US25027709702|2359|278|361|135|120|80|17|26|0|14|34|28|0|14|0|14|0|14|10|17|0|14|0|14|23|23|17|25|0|14|19|21|241|104|0|14|0|14|20|27|36|34|10|15|0|14|33|40|51|44|0|14|40|36|12|18|18|21|21|22|1998|291|933|177|26|31|21|23|22|34|14|22|0|14|14|20|54|44|188|81|178|75|114|65|104|57|77|46|121|35|1065|194|56|57|0|14|116|52|22|26|0|14|0|14|65|56|89|63|90|55|129|71|195|77|183|72|120|49
1400000US25027710100|2836|417|281|185|127|93|0|14|0|14|0|14|0|14|24|36|11|17|17|27|0|14|25|3|28|43|11|16|0|14|11|18|154|109|0|14|0|14|0|14|14|24|0|14|0|14|16|29|22|25|26|40|24|29|26|25|0|14|26|31|2555|449|1240|267|9|14|0|14|82|79|0|14|0|14|19|24|91|57|348|196|87|68|207|152|266|162|108|92|23|22|1315|265|119|102|0|14|10|16|0|14|11|18|0|14|131|123|174|117|158|101|170|82|190|98|157|79|195|124
1400000US25027710200|6740|897|452|330|156|106|0|19|0|19|0|19|0|19|0|19|0|19|64|85|22|30|20|37|3|6|18|27|29|33|0|19|296|242|97|113|0|19|0|19|0|19|0|19|0|19|75|117|60|69|0|19|0|19|51|45|0|19|13|21|6288|930|2945|396|213|204|0|19|158|100|64|59|59|57|58|68|186|135|480|163|469|186|529|264|369|140|255|129|105|66|3343|776|350|179|0|19|270|279|167|96|22|36|15|27|258|217|655|368|185|110|541|179|334|129|342|160|204|112
1400000US25027710300|3661|494|494|358|229|198|67|94|0|14|51|84|0|14|0|14|2|5|72|125|14|18|15|25|0|14|8|12|0|14|0|14|265|171|0|14|0|14|0|14|18|29|25|43|0|14|81|92|73|48|51|60|2|7|4|23|0|14|11|18|3167|390|1669|236|75|62|75|72|58|45|75|66|17|25|39|53|139|109|222|97|226|90|228|113|280|110|146|49|89|68|1498|238|97|53|0|14|23|38|106|62|0|14|9|14|225|120|82|65|187|106|171|103|284|76|167|72|147|74
1400000US25027710400|2244|332|386|182|271|151|0|14|0|14|37|57|0|14|0|14|0|14|42|53|19|18|2|5|45|41|92|80|34|31|0|14|115|70|0|14|0|14|0|14|8|13|5|8|24|30|9|12|0|14|7|12|41|32|15|14|6|8|0|14|1858|335|949|178|81|49|0|14|89|47|47|52|0|14|15|20|51|30|148|65|131|34|111|31|156|108|69|36|51|29|909|191|52|26|7|11|33|31|14|16|0|14|69|75|60|41|78|37|153|50|143|62|108|53|101|40|91|43
1400000US25027710500|3097|531|624|324|248|185|0|14|0|14|12|19|0|14|0|14|0|14|0|14|60|87|6|10|88|92|66|85|0|14|16|18|376|215|57|83|0|14|0|14|0|14|0|14|0|14|72|97|29|48|0|14|43|49|17|20|60|41|98|102|2473|555|1033|296|89|100|0|14|97|82|27|34|0|14|84|90|58|62|127|72|149|96|160|122|108|80|122|51|12|13|1440|357|55|62|0|14|38|45|63|85|0|14|0|14|299|135|204|116|382|140|69|57|164|126|108|49|58|36
1400000US25027710601|3253|437|407|335|135|119|8|12|0|14|43|52|0|14|0|14|15|26|0|14|30|52|7|11|0|14|32|43|0|14|0|14|272|227|47|65|0|14|83|84|0|14|0|14|0|14|0|14|77|83|0|14|0|14|27|37|23|38|15|24|2846|472|1434|374|21|36|15|28|156|88|52|60|0|14|24|32|195|197|145|100|300|194|184|112|139|131|117|126|86|92|1412|372|17|25|18|29|184|156|15|24|0|14|183|112|174|162|193|121|134|92|241|142|91|113|75|65|87|85
1400000US25027710602|4539|953|1171|896|345|271|15|24|0|14|24|37|20|31|0|14|0|14|0|14|11|16|22|34|211|230|14|35|28|46|0|14|826|647|236|260|0|14|0|14|0|14|27|41|27|41|173|165|14|36|22|34|200|234|78|99|11|18|38|45|3368|560|1460|374|70|102|46|68|101|69|131|92|13|23|10|18|182|143|198|113|166|135|222|90|192|74|114|61|15|24|1908|332|75|79|22|35|93|94|144|112|0|14|11|19|149|108|208|112|387|128|182|97|285|146|181|70|171|102
1400000US25027710700|1480|295|580|233|246|130|10|15|8|12|31|47|7|10|0|14|0|14|0|14|55|59|7|10|31|45|38|34|35|24|24|27|334|159|0|14|14|25|30|41|0|14|0|14|0|14|0|14|54|46|26|40|0|14|172|101|31|34|7|11|900|214|441|120|0|14|0|14|0|14|5|8|0|14|80|50|32|31|43|41|72|58|63|51|110|79|27|39|9|10|459|158|29|33|0|14|0|14|9|15|0|14|21|27|35|41|49|46|111|53|14|15|130|102|18|15|43|39
1400000US25027710800|4261|629|793|358|395|164|57|72|28|45|0|14|28|42|12|19|62|53|35|32|35|57|15|21|1|28|112|59|1|31|9|15|398|237|57|64|0|14|56|67|34|55|0|14|13|20|80|85|31|49|36|43|53|44|19|22|0|14|19|21|3468|665|1944|617|15|22|0|14|56|38|20|26|12|19|33|42|291|145|292|205|169|91|490|419|316|179|211|77|39|32|1524|299|6|11|0|14|95|69|63|69|63|69|0|14|304|219|229|109|147|62|80|49|309|133|183|65|45|27
1400000US25027711000|3609|571|544|177|248|122|0|14|10|17|46|58|0|14|0|14|0|14|72|84|34|55|2|7|27|31|37|57|19|25|1|9|296|159|40|36|0|14|53|52|0|14|0|14|51|65|30|47|42|33|40|63|0|14|32|38|8|19|0|14|3065|559|1296|266|34|38|0|14|107|80|53|27|0|14|26|38|223|104|349|198|122|90|146|81|154|111|57|31|25|22|1769|408|203|142|124|122|89|52|54|35|47|34|12|38|257|130|344|137|97|56|228|83|116|68|183|89|15|21
1400000US25027711100|4308|584|469|221|301|191|0|19|0|19|67|34|34|27|0|19|0|19|6|8|44|34|121|170|0|19|0|19|19|18|10|15|168|63|0|19|0|19|42|33|0|19|0|19|0|19|24|31|57|35|0|19|9|20|13|14|9|16|14|27|3839|526|2004|280|30|26|10|16|131|93|122|83|9|15|74|63|198|162|277|113|224|91|324|140|262|93|202|78|141|60|1835|319|53|45|59|52|46|33|35|32|21|21|8|13|173|145|259|100|142|70|290|187|476|115|152|59|121|58
1400000US25027712101|7882|445|475|302|164|151|13|21|54|87|0|19|0|19|0|19|0|19|0|19|0|19|38|56|1|4|30|37|14|22|14|22|311|201|43|55|0|19|34|54|43|55|9|17|0|19|0|19|45|55|52|56|32|43|0|19|27|32|26|27|7407|489|3811|423|278|167|53|57|301|165|94|74|0|19|125|98|200|148|522|210|496|119|403|151|764|165|337|178|238|93|3596|452|127|118|0|19|239|140|142|112|74|88|185|152|170|151|401|175|579|177|414|176|615|168|401|116|249|109
1400000US25027712102|3916|444|136|110|92|77|0|14|0|14|0|14|0|14|10|16|10|16|1|2|0|14|8|14|0|14|41|51|0|14|22|37|44|57|17|27|8|14|0|14|0|14|0|14|0|14|0|14|8|13|0|14|11|17|0|14|0|14|0|14|3780|456|1937|227|45|36|57|53|152|65|101|68|36|28|38|41|154|98|153|62|196|49|265|82|410|89|203|64|127|41|1843|280|38|31|57|51|176|76|70|67|0|14|102|104|127|66|165|99|320|94|217|69|250|86|182|61|139|51
1400000US25027713100|7362|72|220|176|95|96|0|19|0|19|48|79|0|19|0|19|0|19|0|19|0|19|15|26|0|19|32|41|0|19|0|19|125|112|0|19|0|19|0|19|0|19|0|19|0|19|0|19|0|19|45|73|0|19|0|19|14|23|66|84|7142|183|3487|280|202|112|85|70|182|98|97|63|18|30|96|79|318|116|374|123|350|124|595|275|601|169|261|126|308|123|3655|270|117|83|11|18|182|162|175|125|38|46|128|76|232|170|381|141|515|132|430|123|520|149|612|242|314|124
1400000US25027715100|5698|30|151|90|50|35|0|19|0|19|0|19|0|19|0|19|0|19|5|16|1|4|0|19|0|19|30|30|2|4|12|20|101|74|0|19|0|19|0|19|0|19|0|19|0|19|0|19|0|19|10|17|0|19|12|19|68|69|11|18|5547|97|2729|166|188|76|32|27|277|82|87|41|35|29|73|48|108|65|285|107|340|84|499|119|469|128|258|80|78|40|2818|181|204|95|32|23|304|129|151|65|29|26|67|39|165|94|264|151|391|89|417|111|392|93|313|117|89|47
1400000US25027716101|3660|520|379|364|149|131|0|14|0|14|0|14|52|58|0|14|0|14|0|14|0|14|0|14|68|74|6|12|0|14|23|24|230|240|43|60|43|60|43|60|0|14|0|14|0|14|0|14|10|17|40|56|37|40|5|12|9|14|0|14|3281|443|1763|365|158|86|32|33|67|39|43|40|28|32|13|23|183|101|211|68|135|62|142|60|221|76|467|338|63|39|1518|209|53|43|35|40|57|56|15|28|30|41|41|39|57|42|207|85|166|57|178|69|391|140|153|58|135|69
1400000US25027716102|4984|699|348|240|269|190|10|16|70|102|0|19|71|102|0|19|0|19|18|28|36|43|0|19|0|19|40|43|24|30|0|19|79|68|0|19|0|19|0|19|0|19|0|19|0|19|0|19|11|17|34|47|34|47|0|19|0|19|0|19|4636|724|2186|369|77|52|0|19|77|85|66|61|47|73|91|91|269|210|502|211|293|186|266|141|190|87|239|142|69|48|2450|459|89|81|0|19|106|76|103|105|93|64|75|109|193|160|493|156|391|191|344|156|366|141|116|74|81|66
1400000US25027716200|2884|492|214|148|112|84|0|14|0|14|0|14|0|14|0|14|0|14|24|30|0|14|7|12|49|61|8|14|24|37|0|14|102|102|18|28|0|14|17|28|0|14|13|20|0|14|14|22|16|27|13|19|7|12|0|14|0|14|4|9|2670|527|1344|246|68|34|0|14|76|36|14|24|28|22|25|21|110|78|348|145|156|68|149|100|207|74|141|85|22|22|1326|432|42|34|0|14|14|21|34|46|13|22|39|61|297|255|117|85|153|57|209|133|258|119|109|72|41|27
1400000US25027716300|3840|510|349|159|189|113|34|38|0|14|0|14|0|14|0|14|0|14|0|14|21|29|58|72|26|21|12|18|29|46|9|14|160|85|9|15|0|14|18|27|0|14|0|14|0|14|28|31|4|8|20|22|0|14|17|21|8|14|56|53|3491|555|1836|432|98|97|0|14|24|37|34|48|9|15|30|40|275|152|384|124|360|215|215|82|268|101|117|48|22|22|1655|283|165|78|0|14|66|62|39|51|0|14|95|44|74|54|427|145|154|87|169|71|275|108|115|50|76|39
1400000US25027717100|3311|35|155|98|33|28|0|14|0|14|0|14|0|14|0|14|0|14|0|14|1|2|22|27|0|14|2|5|8|12|0|14|122|92|0|14|0|14|0|14|0|14|0|14|0|14|0|14|13|20|9|14|0|14|9|13|20|22|71|84|3156|102|1579|187|32|36|0|14|81|63|79|80|62|73|8|15|41|39|204|86|253|82|179|92|197|75|308|96|135|53|1577|198|45|44|0|14|95|73|12|19|0|14|0|14|111|81|242|84|120|74|212|97|274|88|256|85|210|86
1400000US25027718100|4896|16|427|279|159|117|0|14|52|55|13|20|0|14|0|14|0|14|4|9|9|13|51|51|0|14|11|17|10|16|9|14|268|175|8|12|0|14|48|51|0|14|0|14|0|14|12|16|34|47|57|57|8|13|35|48|49|48|17|19|4469|278|2360|178|174|64|27|27|143|63|67|51|18|20|70|44|40|38|220|96|348|80|366|124|445|115|328|90|114|63|2109|196|93|53|0|14|112|68|49|35|10|15|39|31|80|41|177|78|336|95|460|118|289|80|347|88|117|58
1400000US25027719100|7984|45|346|214|134|110|0|19|0|19|0|19|0|19|0|19|0|19|0|19|54|72|0|19|0|19|19|30|13|21|48|69|212|146|0|19|0|19|0|19|0|19|0|19|0|19|0|19|29|32|0|19|84|122|18|29|25|30|56|69|7638|214|3717|330|95|78|0|19|223|88|332|198|24|36|264|135|100|83|393|139|341|128|523|144|664|198|555|164|203|122|3921|298|191|99|83|78|153|97|226|146|17|26|11|17|214|137|276|115|376|107|596|164|979|369|537|126|262|108
1400000US25027720100|3497|23|153|97|92|56|0|14|9|14|9|14|0|14|0|14|0|14|12|18|21|31|0|14|13|22|0|14|28|27|0|14|61|46|0|14|0|14|0|14|13|21|0|14|6|17|0|14|25|27|0|14|13|19|0|14|4|9|0|14|3344|97|1651|118|54|32|55|60|134|72|11|17|0|14|34|43|125|72|184|102|160|55|192|61|333|84|266|62|103|59|1693|113|127|65|29|37|149|69|56|51|31|29|11|16|61|43|144|78|192|81|251|80|335|69|224|56|83|46
1400000US25027721101|1606|114|98|30|70|24|0|14|0|14|0|14|0|14|0|14|0|14|0|14|21|15|2|5|12|10|17|16|15|15|3|5|28|14|0|14|0|14|0|14|0|14|0|14|0|14|0|14|0|14|3|4|6|7|10|9|9|9|0|14|1508|115|730|72|29|17|0|14|81|17|17|12|3|4|7|6|45|25|82|30|90|28|71|27|164|34|110|27|31|13|778|76|29|18|0|14|63|30|20|12|13|10|20|12|62|25|68|26|70|20|94|23|177|29|120|25|42|14
1400000US25027721103|5721|557|31|22|9|14|0|19|0|19|0|19|0|19|0|19|0|19|0|19|0|19|0|19|0|19|0|19|0|19|9|14|22|17|0|19|0|19|0|19|0|19|0|19|0|19|0|19|0|19|0|19|0|19|8|13|0|19|14|11|5690|559|3083|597|86|62|18|21|195|117|422|319|193|223|165|107|314|186|168|92|396|139|697|337|196|82|183|97|50|44|2607|248|168|88|50|60|259|159|92|74|38|56|100|60|216|145|222|98|271|122|609|249|303|136|208|74|71|63
1400000US25027721104|3459|558|164|130|108|91|15|26|0|14|4|10|0|14|0|14|0|14|32|51|2|4|43|63|0|14|2|5|0|14|10|15|56|56|12|18|0|14|7|19|0|14|0|14|0|14|0|14|8|13|4|11|10|17|5|8|4|9|6|11|3295|554|1585|296|70|54|33|47|104|77|72|51|11|18|36|34|36|38|186|145|180|63|291|100|245|96|213|110|108|55|1710|324|19|23|47|51|67|53|55|55|0|14|43|36|240|131|171|74|168|71|227|88|359|117|178|65|136|75
1400000US25027722100|5436|24|900|487|386|266|0|19|0|19|137|102|59|103|0|19|0|19|88|97|0|19|0|19|0|19|0|19|80|99|22|30|514|290|63|79|0|19|0|19|25|42|0|19|0|19|187|143|59|74|111|84|0|19|24|41|23|39|22|42|4536|482|2160|292|51|66|0|19|85|76|207|152|0|19|31|38|37|34|527|245|244|120|241|132|444|180|178|104|115|121|2376|338|71|114|0|19|15|34|79|71|34|45|37|43|372|213|296|157|154|83|454|154|444|151|173|101|247|148
1400000US25027723100|3575|130|327|188|177|108|14|15|0|14|19|26|45|50|0|14|28|42|0|14|0|14|10|13|9|9|8|12|31|22|13|13|150|86|3|5|0|14|7|11|0|14|0|14|6|6|3|5|11|13|26|23|41|51|3|5|50|34|0|14|3248|217|1607|167|42|30|0|14|165|84|39|20|3|4|89|80|101|48|128|45|221|85|199|49|257|60|226|47|137|59|1641|137|18|14|31|20|109|49|43|22|16|13|57|34|120|59|165|51|246|106|241|70|296|56|225|73|74|40
1400000US25027724100|3654|33|324|176|97|79|0|14|0|14|0|14|0|14|0|14|0|14|0|14|30|45|7|11|12|20|7|11|31|47|10|16|227|132|0|14|0|14|18|29|0|14|22|35|0|14|0|14|54|56|28|33|8|41|56|57|20|18|21|25|3330|175|1703|158|71|85|7|12|138|79|56|63|24|31|68|71|0|14|177|66|113|51|197|110|340|138|340|142|172|85|1627|161|36|37|9|14|54|45|49|36|17|27|11|20|9|15|140|61|184|85|205|150|344|133|346|141|223|90
1400000US25027725100|4736|27|549|355|286|192|0|14|0|14|0|14|75|91|71|84|18|27|0|14|22|35|10|21|0|14|63|73|6|11|21|23|263|178|23|38|0|14|70|85|0|14|0|14|0|14|23|37|0|14|68|82|0|14|25|29|17|25|37|33|4187|361|2174|191|121|78|0|14|80|66|11|18|33|27|42|41|171|97|300|108|277|79|179|86|581|262|260|88|119|53|2013|284|67|55|8|13|69|47|127|89|8|12|25|28|198|77|163|75|215|97|249|89|409|109|253|82|222|206
1400000US25027726100|6404|630|285|150|178|94|0|19|0|19|0|19|0|19|0|19|0|19|36|43|39|40|3|32|35|41|20|14|34|39|11|13|107|85|0|19|0|19|0|19|0|19|0|19|0|19|0|19|30|45|0|19|0|19|21|35|22|36|34|49|6119|676|3137|360|243|118|60|66|179|123|183|151|50|58|0|19|170|117|151|104|565|220|240|115|403|160|576|185|317|174|2982|525|235|174|0|19|298|214|56|90|0|19|0|19|94|69|266|130|515|253|235|109|599|170|451|162|233|108
1400000US25027726200|5520|611|630|287|377|249|0|19|0|19|0|19|0|19|0|19|0|19|68|72|1|7|0|19|53|63|156|179|0|19|99|152|253|110|24|38|0|19|24|38|0|19|0|19|0|19|0|19|0|19|0|19|42|48|0|19|42|46|121|77|4890|546|2493|363|33|62|0|19|78|84|157|160|0|19|69|98|283|148|270|119|363|149|238|145|290|120|569|287|143|75|2397|395|25|45|28|45|162|163|82|101|46|55|39|66|129|98|291|171|198|111|295|159|655|312|154|112|293|124
1400000US25027727100|4360|67|70|43|16|13|0|14|0|14|0|14|0|14|0|14|0|14|1|3|2|4|11|12|0|14|0|14|0|14|2|4|54|41|0|14|0|14|0|14|6|9|0|14|5|7|0|14|13|19|13|20|0|14|14|17|3|6|0|14|4290|77|2242|156|155|89|22|23|119|63|137|75|0|14|48|31|100|60|347|179|207|62|210|65|466|128|292|73|139|67|2048|127|94|61|16|20|97|50|73|41|15|19|46|30|140|61|174|73|260|87|316|101|371|103|298|70|148|80
1400000US25027728100|5357|457|225|142|119|76|14|25|0|19|0|19|0|19|18|21|0|19|0|19|0|19|0|19|22|27|6|14|53|50|6|11|106|82|6|14|0|19|26|40|0|19|0|19|5|7|8|13|0|19|39|52|12|20|3|6|0|19|7|11|5132|431|2630|273|193|71|0|19|222|118|167|94|22|24|27|27|228|118|246|97|330|87|431|139|330|118|291|93|143|47|2502|276|190|66|50|48|183|78|105|82|47|40|87|61|51|41|237|94|289|130|374|115|406|100|302|97|181|58
1400000US25027728200|4126|412|291|177|145|113|0|14|0|14|29|45|0|14|0|14|0|14|0|14|0|14|11|10|0|14|44|42|22|36|39|48|146|92|0|14|0|14|0|14|0|14|0|14|0|14|38|45|13|21|13|22|41|45|24|27|0|14|17|19|3835|430|1961|298|224|167|31|27|191|76|87|56|14|16|28|28|50|30|251|170|289|58|180|52|287|84|156|49|173|84|1874|194|96|58|0|14|198|97|77|49|16|21|19|20|112|51|214|108|229|68|203|65|287|70|216|68|207|90
1400000US25027728300|4681|376|122|75|25|24|0|14|0|14|0|14|0|14|0|14|0|14|0|14|6|9|0|14|0|14|0|14|11|16|8|13|97|61|0|14|0|14|0|14|0|14|0|14|0|14|2|9|23|35|2|5|0|14|6|10|21|23|43|38|4559|377|2214|273|117|60|56|58|127|70|116|61|39|42|103|57|148|99|166|73|346|144|358|89|328|87|193|64|117|57|2345|222|120|74|26|28|221|92|97|52|24|24|100|47|125|60|148|68|346|79|327|87|405|87|215|65|191|76
1400000US25027728400|5495|406|139|61|54|34|0|19|0|19|0|19|7|12|0|19|0|19|0|19|8|13|0|19|12|16|7|11|9|15|11|15|85|50|0|19|0|19|7|11|0|19|0|19|0|19|0|19|54|55|0|19|7|11|0|19|0|19|17|18|5356|404|2738|234|199|79|51|43|279|91|135|59|41|28|89|59|168|82|301|100|465|110|318|97|391|117|185|61|116|55|2618|273|150|61|43|31|253|107|125|85|45|43|92|56|185|99|259|85|434|141|311|76|349|88|236|73|136|41
1400000US25027729100|3981|288|377|189|126|107|0|14|0|14|0|14|32|44|0|14|0|14|6|9|11|18|5|12|26|33|24|42|8|13|14|15|251|140|0|14|0|14|5|8|25|41|0|14|0|14|0|14|91|104|0|14|22|37|13|17|11|12|84|99|3604|332|1542|190|51|37|57|74|87|83|14|16|14|25|21|23|38|31|151|74|225|78|221|80|251|75|259|77|153|60|2062|247|114|64|12|20|144|68|103|128|8|13|26|26|23|30|202|77|317|126|182|88|391|100|317|84|223|73
1400000US25027729200|2734|279|177|113|79|63|0|14|0|14|20|27|0|14|0|14|0|14|0|14|18|26|11|24|21|29|0|14|9|21|0|14|98|60|19|25|0|14|27|29|0|14|0|14|0|14|0|14|0|14|8|17|0|14|0|14|26|28|18|20|2557|300|1286|168|48|42|25|24|37|40|36|35|0|14|99|80|89|61|112|60|133|45|172|48|179|77|240|93|116|99|1271|166|12|17|0|14|42|31|53|48|22|25|31|22|108|50|179|68|151|54|132|49|173|57|213|91|155|117
1400000US25027730100|6866|803|345|235|195|169|17|30|0|19|11|19|17|27|0|19|51|64|0|19|0|19|45|77|38|59|0|19|16|25|0|19|150|123|0|19|0|19|0|19|0|19|0|19|0|19|0|19|44|51|0|19|69|75|24|42|0|19|13|21|6521|816|3330|620|124|104|51|53|224|138|96|135|26|45|71|88|368|170|554|199|566|188|591|209|474|171|104|64|81|54|3191|400|121|91|28|45|318|123|48|58|99|104|69|72|194|144|403|145|402|167|649|221|332|158|253|101|275|126
1400000US25027730200|6890|730|876|548|284|253|61|86|0|19|18|31|62|87|0|19|0|19|0|19|0|19|73|80|38|39|0|19|0|19|32|39|592|393|17|30|0|19|57|80|0|19|0|19|0|19|131|215|72|82|16|29|18|29|204|244|55|83|22|36|6014|814|2770|500|158|150|19|31|168|121|97|77|73|72|34|49|197|135|506|214|298|167|380|160|392|126|153|102|295|103|3244|398|174|113|103|90|272|152|15|26|0|19|90|88|161|84|517|177|414|132|345|124|400|125|505|167|248|93
1400000US25027730300|5139|710|552|344|331|242|0|19|0|19|146|161|48|54|42|62|0|19|24|24|21|28|0|19|10|16|28|38|12|19|0|19|221|123|0|19|0|19|0|19|0|19|33|36|0|19|0|19|8|17|53|49|43|64|9|15|26|28|49|63|4587|781|2342|448|173|152|0|19|78|60|116|88|0|19|94|78|94|92|623|290|124|121|316|124|526|198|155|77|43|41|2245|403|41|46|0|19|84|85|74|54|0|19|11|21|207|125|602|258|239|80|340|169|364|138|206|86|77|48
1400000US25027730401|5994|793|969|370|255|166|19|32|0|19|41|69|33|32|0|19|22|36|0|19|1|2|1|2|56|58|69|74|0|19|13|22|714|322|0|19|0|19|43|47|22|35|0|19|0|19|42|47|63|61|90|95|51|55|143|97|197|262|63|75|5025|764|2347|413|183|162|0|19|78|68|159|113|0|19|38|72|294|139|452|195|234|102|143|90|446|214|206|133|114|72|2678|588|84|106|123|147|211|111|84|117|88|104|11|22|356|293|415|164|278|154|294|124|282|159|312|173|140|89
1400000US25027730402|2047|227|223|115|114|71|19|26|0|14|0|14|0|14|0|14|0|14|41|38|12|19|19|27|23|36|0|14|0|14|0|14|109|67|20|28|0|14|6|9|0|14|0|14|0|14|8|13|12|25|32|30|6|9|17|16|7|12|1|7|1824|200|1004|166|84|57|25|39|61|43|50|34|23|22|24|19|129|58|169|148|107|48|150|59|59|35|86|41|37|24|820|136|21|29|12|14|38|44|43|37|0|14|50|25|104|45|78|39|190|57|119|46|93|38|50|27|22|22
1400000US25027730500|3939|580|504|148|220|112|42|36|0|14|0|14|0|14|8|13|18|35|38|61|6|11|8|12|46|60|54|55|0|14|0|14|284|137|26|25|26|26|8|15|0|14|0|14|0|14|87|103|90|77|0|14|14|20|22|38|11|16|0|14|3435|556|1728|280|6|11|0|14|341|175|59|52|0|14|24|37|139|78|309|117|208|96|398|150|91|69|120|61|33|41|1707|401|180|156|18|28|216|134|47|53|33|38|135|107|79|55|270|123|236|106|226|118|197|86|44|44|26|29
1400000US25027730600|7480|1066|328|196|61|62|0|19|0|19|0|19|0|19|0|19|0|19|0|19|39|58|22|43|0|19|0|19|0|19|0|19|267|178|0|19|0|19|17|27|0|19|0|19|0|19|0|19|17|28|20|31|71|88|45|48|12|18|85|67|7152|1062|3296|631|126|109|0|19|447|387|29|49|20|34|56|53|261|126|456|160|293|170|509|288|554|140|323|141|222|87|3856|567|332|239|0|19|189|105|111|81|0|19|83|75|149|93|610|175|363|227|324|110|468|130|407|152|820|320
1400000US25027730700|7695|918|1131|913|559|496|0|19|0|19|33|50|0|19|0|19|39|57|209|253|0|19|171|227|0|19|99|94|8|14|0|19|572|438|0|19|0|19|0|19|175|255|0|19|116|169|0|19|36|43|1|3|65|77|52|52|55|61|72|62|6564|492|3549|369|240|145|0|19|120|90|413|161|20|33|15|24|324|177|400|193|499|178|469|201|512|209|436|113|101|58|3015|311|206|125|0|19|308|190|30|50|37|60|34|44|133|101|270|128|691|142|395|182|497|166|315|109|99|56
1400000US25027730801|3977|461|154|88|83|81|0|14|0|14|0|14|0|14|0|14|40|56|1|9|11|18|0|14|0|14|0|14|31|53|0|14|71|71|0|14|0|14|0|14|0|14|0|14|0|14|0|14|0|14|0|14|0|14|9|15|58|68|4|9|3823|476|1827|277|10|15|14|24|107|69|45|36|5|9|93|46|94|59|129|68|243|107|382|99|282|149|253|68|170|84|1996|274|95|69|0|14|73|32|100|46|9|14|103|53|120|93|226|109|225|93|415|121|263|113|236|73|131|67
1400000US25027730802|2188|451|194|116|102|95|0|14|0|14|0|14|0|14|0|14|0|14|19|20|8|12|30|43|0|14|45|53|0|14|0|14|92|70|0|14|0|14|0|14|0|14|0|14|0|14|48|60|14|15|9|12|0|14|14|16|0|14|7|11|1994|446|1047|366|62|49|5|7|20|22|119|129|9|14|46|37|116|100|110|47|195|120|89|36|165|51|86|30|25|16|947|127|10|11|0|14|19|18|69|45|32|27|27|28|68|37|125|52|150|86|136|44|180|50|67|26|64|33
1400000US25027730901|3855|716|379|275|167|148|10|17|0|14|0|14|30|44|0|14|29|43|47|73|0|14|37|44|2|4|5|12|0|14|7|11|212|147|37|44|11|17|28|42|0|14|0|14|28|42|0|14|31|27|0|14|10|15|24|37|0|14|43|60|3476|707|1745|474|118|97|34|38|117|117|74|63|30|35|56|42|89|54|162|68|338|284|164|82|281|93|188|92|94|54|1731|309|69|97|23|32|72|63|72|50|5|8|16|22|122|99|284|97|278|243|291|91|178|94|194|75|127|69
1400000US25027730902|2506|314|334|212|167|119|0|14|0|14|0|14|58|60|0|14|0|14|0|14|0|14|0|14|76|69|33|48|0|14|0|14|167|117|0|14|0|14|0|14|0|14|0|14|20|29|26|38|0|14|0|14|52|55|29|30|40|63|0|14|2172|295|1038|165|65|65|0|14|90|38|15|20|9|14|56|35|123|74|109|69|71|51|101|60|136|83|153|70|110|68|1134|208|9|14|0|14|8|15|50|49|12|18|36|63|135|93|100|58|215|75|83|42|174|91|152|58|160|84
1400000US25027731001|2814|489|94|79|34|38|0|14|0|14|0|14|0|14|0|14|0|14|0|14|0|14|0|14|0|14|34|38|0|14|0|14|60|44|0|14|0|14|0|14|0|14|0|14|4|7|0|14|0|14|0|14|31|39|4|7|16|21|5|8|2720|489|1257|299|153|76|0|14|49|44|38|35|24|27|8|10|83|36|201|126|302|159|129|106|134|60|99|36|37|22|1463|262|79|49|0|14|41|36|3|6|5|8|12|14|92|50|334|161|188|100|228|130|267|106|88|34|126|59
1400000US25027731002|6388|635|1510|590|618|305|44|68|92|107|99|117|59|82|0|19|0|19|95|102|8|13|9|14|80|69|26|45|94|99|12|19|892|381|0|19|0|19|92|110|25|42|0|19|0|19|90|95|104|88|86|94|78|78|328|257|73|73|16|28|4878|653|2367|409|134|96|0|19|92|76|55|63|33|53|56|53|253|149|556|160|185|96|405|186|263|118|194|106|141|99|2511|375|482|181|0|19|67|69|0|19|15|26|33|47|140|113|425|169|251|116|242|148|356|173|292|147|208|122
1400000US25027731101|3644|541|584|246|192|104|0|14|0|14|0|14|0|14|0|14|0|14|50|69|0|14|30|44|51|80|37|47|15|24|9|14|392|165|0|14|0|14|0|14|49|77|0|14|0|14|33|49|93|77|39|52|62|81|76|72|25|28|15|22|3060|528|1528|297|106|104|27|45|117|84|0|14|0|14|12|23|110|97|244|130|278|118|297|110|148|97|123|63|66|44|1532|342|71|57|0|14|41|52|125|108|40|52|12|22|122|77|121|87|220|84|222|98|217|111|125|56|216|118
1400000US25027731102|3630|674|124|117|82|98|0|14|0|14|0|14|0|14|0|14|0|14|0|14|0|14|0|14|29|44|0|14|53|87|0|14|42|62|0|14|0|14|0|14|0|14|0|14|0|14|0|14|36|60|6|11|0|14|0|14|0|14|0|14|3506|660|1702|414|45|43|24|35|103|129|103|67|151|135|30|44|154|81|204|81|258|147|216|114|280|219|123|49|11|17|1804|430|184|111|10|16|87|94|0|14|0|14|10|21|66|66|433|196|200|128|366|127|190|204|236|123|22|25
1400000US25027731202|0|14|0|14|0|14|0|14|0|14|0|14|0|14|0|14|0|14|0|14|0|14|0|14|0|14|0|14|0|14|0|14|0|14|0|14|0|14|0|14|0|14|0|14|0|14|0|14|0|14|0|14|0|14|0|14|0|14|0|14|0|14|0|14|0|14|0|14|0|14|0|14|0|14|0|14|0|14|0|14|0|14|0|14|0|14|0|14|0|14|0|14|0|14|0|14|0|14|0|14|0|14|0|14|0|14|0|14|0|14|0|14|0|14|0|14|0|14
1400000US25027731203|5557|943|2822|721|1433|541|227|181|0|19|129|112|0|19|11|36|0|19|348|217|408|257|49|55|71|77|51|83|48|52|91|74|1389|516|22|45|12|37|0|19|12|37|0|19|0|19|838|412|195|138|91|72|0|19|79|100|65|51|75|82|2735|926|1372|478|71|94|16|34|220|283|0|19|0|19|19|39|211|165|184|123|214|163|81|90|246|175|108|48|2|22|1363|516|26|41|0|19|129|181|0|19|22|45|32|58|92|86|290|177|220|154|98|81|172|161|246|120|36|67
1400000US25027731204|2504|422|707|299|218|88|42|47|0|14|13|20|0|14|0|14|0|14|28|40|49|51|17|26|33|45|36|40|0|14|0|14|489|240|56|77|22|32|12|17|16|26|0|14|0|14|89|105|104|77|37|44|74|55|20|18|36|33|23|30|1797|321|904|203|46|39|0|14|36|27|22|29|32|33|43|35|164|110|135|71|87|44|158|79|85|42|43|41|53|96|893|224|12|20|13|15|61|69|12|13|39|30|33|30|162|113|139|68|108|52|172|95|68|42|29|29|45|36
1400000US25027731300|5263|703|1840|652|930|336|193|142|6|15|163|121|37|43|7|11|20|32|137|103|209|146|37|42|41|44|27|23|53|55|0|19|910|353|124|90|0|19|65|68|7|18|8|20|7|11|169|98|349|207|92|78|0|19|38|37|36|54|15|23|3423|549|1734|367|118|68|32|43|238|128|69|49|0|19|48|46|157|82|353|141|224|111|141|91|261|109|31|34|62|73|1689|288|122|58|29|32|99|78|47|63|87|105|54|46|158|84|417|140|182|89|155|61|153|85|112|51|74|69
1400000US25027731400|4922|607|1829|480|976|272|156|107|0|19|103|97|42|45|9|16|21|38|17|31|202|172|25|28|153|115|186|116|31|43|31|42|853|328|149|106|21|36|48|46|0|19|0|19|24|41|119|94|75|51|118|99|7|12|182|138|78|75|32|51|3093|733|1434|409|143|110|0|19|42|49|97|76|0|19|32|51|56|53|410|205|195|129|192|107|66|59|152|126|49|86|1659|431|151|95|20|28|164|107|52|59|0|19|0|19|119|105|298|116|227|109|361|214|167|99|66|65|34|41
1400000US25027731500|5507|801|2098|735|1029|470|0|19|0|19|124|75|30|50|0|19|0|19|177|238|170|173|273|265|7|22|117|109|131|102|0|19|1069|456|76|77|63|72|130|87|28|63|0|19|15|28|138|161|112|89|185|99|175|106|37|57|110|91|0|19|3409|812|1804|516|49|65|0|19|163|128|68|76|0|19|38|47|308|222|426|272|138|107|112|103|216|140|226|137|60|54|1605|439|73|88|36|47|141|99|0|19|60|74|68|68|189|158|258|150|340|174|161|123|61|58|125|88|93|67
1400000US25027731601|3989|792|1448|581|775|438|0|14|0|14|0|14|0|14|0|14|0|14|357|309|30|41|27|43|69|89|229|184|0|14|63|86|673|309|0|14|0|14|0|14|0|14|0|14|0|14|311|232|90|64|28|46|146|138|98|78|0|14|0|14|2541|403|1377|359|29|42|0|14|19|34|6|9|28|21|0|14|255|215|363|268|280|185|46|54|231|94|73|84|47|54|1164|283|29|20|30|19|66|88|0|14|0|14|0|14|119|87|435|231|145|88|125|82|134|91|81|98|0|14
1400000US25027731602|896|254|638|286|455|263|0|14|0|14|0|14|0|14|0|14|1|3|443|263|0|14|0|14|0|14|5|9|6|9|0|14|183|133|0|14|0|14|0|14|0|14|0|14|0|14|183|133|0|14|0|14|0|14|0|14|0|14|0|14|258|130|201|110|0|14|12|22|0|14|0|14|0|14|0|14|99|104|64|42|19|23|1|3|0|14|0|14|6|9|57|41|0|14|0|14|0|14|0|14|0|14|0|14|21|28|11|19|12|21|0|14|6|9|0|14|7|12
1400000US25027731700|3392|617|1148|458|535|314|96|124|103|160|0|14|0|14|0|14|0|14|80|89|58|49|9|15|148|100|41|51|0|14|0|14|613|251|0|14|0|14|6|21|0|14|0|14|16|24|168|147|98|90|70|66|0|14|101|86|154|133|0|14|2244|431|1286|333|37|55|5|23|0|14|40|44|0|14|34|34|140|144|508|214|171|104|142|88|138|85|46|64|25|29|958|209|13|24|12|24|27|43|6|28|0|14|8|13|153|107|208|104|285|139|121|68|59|55|46|62|20|22
1400000US25027731801|2985|402|842|296|398|171|0|14|11|22|11|23|11|22|0|14|0|14|10|20|15|23|32|47|12|24|9|18|49|72|238|118|444|175|0|14|0|14|0|14|0|14|0|14|0|14|12|24|55|61|10|21|40|65|51|60|181|117|95|55|2143|348|1444|276|21|33|0|14|222|71|16|30|0|14|71|60|175|92|328|141|275|194|111|63|86|73|100|55|39|49|699|143|0|14|0|14|53|53|0|14|0|14|14|23|15|22|150|75|151|69|71|71|61|57|163|68|21|26
1400000US25027731802|4262|585|1624|741|916|532|88|39|0|14|59|64|25|43|0|14|0|14|191|231|242|258|204|220|0|14|0|14|107|75|0|14|708|389|91|76|0|14|195|139|30|52|0|14|0|14|163|184|105|84|13|23|31|46|38|50|8|14|34|34|2638|577|1235|347|40|77|0|14|91|74|45|73|101|101|138|119|128|91|217|140|145|109|145|86|85|88|86|88|14|22|1403|337|72|69|0|14|100|101|132|145|48|75|0|14|135|73|229|131|172|158|158|89|117|98|110|95|130|86
1400000US25027731900|6097|934|1408|477|633|302|45|66|0|19|62|80|64|76|0|19|38|43|71|83|152|121|27|40|47|54|44|45|34|52|49|64|775|275|37|44|36|51|189|131|0|19|0|19|67|67|72|75|108|74|80|92|84|80|83|67|3|6|16|25|4689|990|2315|650|185|146|8|13|277|279|86|78|177|229|0|19|75|66|546|213|334|143|370|158|95|84|129|100|33|35|2374|507|108|105|65|75|329|210|115|108|0|19|51|59|173|124|640|261|321|217|160|108|118|81|174|112|120|72
1400000US25027732001|3839|434|2211|564|1160|385|344|185|15|24|304|134|85|72|51|61|35|59|98|71|129|84|27|40|58|61|14|25|0|14|0|14|1051|357|73|61|23|38|121|145|51|41|41|61|14|27|143|118|104|81|344|153|57|58|53|45|19|29|8|12|1628|461|702|245|72|54|0|14|124|93|15|24|0|14|21|29|84|87|171|123|93|77|71|44|0|14|19|22|32|30|926|284|10|28|0|14|177|110|93|120|2|8|22|26|62|50|269|142|163|96|28|35|73|60|17|22|10|16
1400000US25027732002|4234|661|975|415|462|258|0|14|0|14|64|101|0|14|0|14|11|16|40|63|178|98|87|101|21|24|10|17|0|14|51|57|513|214|0|14|0|14|71|97|0|14|0|14|19|28|28|27|210|134|11|17|0|14|18|34|52|59|104|58|3259|606|1767|521|15|18|21|28|96|73|43|70|33|33|28|31|230|191|533|281|218|90|194|150|106|62|187|94|63|92|1492|249|62|44|12|18|123|99|7|14|0|14|11|19|90|62|445|112|89|49|137|74|281|113|184|84|51|38
1400000US25027732201|2894|434|451|254|187|143|0|14|0|14|46|69|0|14|0|14|0|14|0|14|10|18|43|64|13|21|32|48|24|27|19|21|264|225|0|14|0|14|0|14|0|14|0|14|0|14|48|73|105|145|0|14|17|28|0|14|71|58|23|26|2443|450|1266|298|29|27|7|13|7|13|31|44|0|14|74|79|51|63|258|111|210|219|119|96|284|96|80|58|116|91|1177|218|7|11|0|14|6|13|0|14|40|51|32|62|48|48|366|140|52|52|146|98|189|95|195|75|96|60
1400000US25027732202|4007|717|239|99|117|77|9|14|0|14|0|14|0|14|0|14|0|14|0|14|17|24|33|46|48|43|10|12|0|14|0|14|122|71|0|14|0|14|0|14|0|14|0|14|0|14|14|22|26|27|6|12|2|4|13|22|61|53|0|14|3768|714|1866|496|263|155|0|14|26|41|0|14|0|14|0|14|343|182|288|137|241|111|175|85|383|314|106|44|41|34|1902|301|26|38|0|14|245|180|137|118|0|14|0|14|100|79|232|103|309|105|258|145|244|80|243|63|108|63
1400000US25027732203|2939|481|543|274|278|171|28|44|0|14|40|41|12|18|0|14|14|20|25|38|129|120|0|14|23|22|0|14|7|13|0|14|265|135|10|16|0|14|21|24|45|41|0|14|0|14|0|14|66|52|109|99|6|11|8|13|0|14|0|14|2396|418|1173|249|35|45|0|14|28|34|25|35|36|41|28|32|169|94|172|106|147|72|152|75|144|71|104|62|133|138|1223|249|66|51|7|13|7|13|50|49|0|14|0|14|152|84|301|129|140|76|163|116|144|81|66|36|127|126
1400000US25027732301|4662|819|1007|803|591|469|111|174|0|14|85|80|0|14|43|60|0|14|0|14|184|243|65|71|27|42|76|122|0|14|0|14|416|351|87|137|0|14|0|14|0|14|0|14|17|27|18|25|128|197|118|96|0|14|26|32|0|14|22|26|3655|798|1721|419|124|146|0|14|116|96|59|51|17|29|41|44|73|85|253|129|240|142|201|125|313|120|165|92|119|60|1934|431|62|62|0|14|193|167|90|100|0|14|81|69|31|60|173|146|433|177|213|92|379|139|198|77|81|50
1400000US25027732302|4558|521|615|320|240|139|0|14|0|14|0|14|37|62|0|14|0|14|13|20|0|14|44|33|51|79|95|93|0|14|0|14|375|221|0|14|9|14|37|41|16|30|0|14|17|32|8|16|43|35|59|60|126|138|51|68|7|13|2|7|3943|529|1808|339|176|126|44|62|188|97|95|89|54|81|76|63|19|26|448|180|229|124|162|103|140|79|135|91|42|35|2135|319|145|92|23|28|112|83|171|110|21|25|0|14|222|93|417|162|285|113|134|90|307|156|189|90|109|56
1400000US25027732400|7134|1227|1512|556|714|407|80|139|0|19|69|50|100|129|15|23|0|19|76|69|68|52|82|116|104|99|106|112|0|19|14|23|798|297|23|41|0|19|165|145|37|60|0|19|0|19|59|71|139|113|21|38|290|149|64|72|0|19|0|19|5622|1146|3118|727|156|153|0|19|54|59|111|102|67|100|25|40|319|219|695|292|645|312|334|209|558|304|128|137|26|40|2504|639|212|215|67|100|314|159|98|109|0|19|144|91|246|176|342|206|366|169|237|128|260|204|140|153|78|64
1400000US25027732500|1861|262|526|177|244|100|90|57|0|14|23|26|0|14|0|14|0|14|10|17|37|34|10|13|10|17|44|40|19|20|1|3|282|121|51|51|0|14|48|46|0|14|0|14|0|14|19|24|79|55|14|20|6|11|56|47|7|10|2|8|1335|253|809|190|29|35|0|14|80|60|39|46|40|41|34|38|33|36|142|56|176|95|128|75|45|33|48|31|15|19|526|117|0|14|0|14|20|27|0|14|0|14|0|14|75|52|119|57|97|50|66|49|97|55|33|50|19|24
1400000US25027732600|4946|717|1172|434|335|168|0|14|0|14|80|105|0|14|1|4|0|14|0|14|43|52|59|52|0|14|91|66|61|84|0|14|837|307|48|64|0|14|185|122|47|56|0|14|61|70|34|48|99|97|7|13|49|49|154|89|129|68|24|33|3774|727|1862|427|222|165|43|52|43|53|130|92|8|18|0|14|253|144|380|159|150|104|373|185|154|100|34|32|72|58|1912|505|121|123|0|14|67|50|77|64|80|128|17|30|208|140|392|133|153|96|270|159|176|99|87|61|264|256
1400000US25027732700|4087|634|645|360|215|142|0|14|0|14|56|67|20|32|0|14|0|14|68|72|0|14|16|28|22|30|13|19|0|14|20|32|430|277|63|78|0|14|25|45|0|14|0|14|28|49|0|14|21|35|59|72|80|85|58|64|75|72|21|25|3442|675|1535|433|30|51|19|33|13|21|61|77|24|39|36|60|101|105|321|176|304|179|284|171|114|82|143|91|85|68|1907|364|77|88|0|14|68|78|75|67|0|14|71|83|227|132|286|166|352|184|131|110|361|135|154|94|105|76
1400000US25027732801|5700|947|283|169|117|79|0|19|0|19|0|19|0|19|0|19|0|19|0|19|37|42|19|30|0|19|61|53|0|19|0|19|166|127|0|19|0|19|0|19|20|32|0|19|0|19|0|19|33|37|21|33|20|32|18|29|20|32|34|39|5417|933|2793|607|92|101|0|19|164|109|40|47|75|115|218|140|140|118|503|188|584|263|119|76|437|222|341|151|80|102|2624|403|143|103|0|19|19|30|19|32|51|64|20|31|229|146|668|249|382|173|296|120|356|177|330|143|111|108
1400000US25027732802|4260|391|569|296|337|163|0|14|0|14|52|82|6|11|0|14|38|48|30|35|15|21|38|44|6|11|88|16|12|19|52|47|232|143|27|44|0|14|0|14|0|14|5|10|0|14|23|35|67|66|0|14|31|38|38|38|12|19|29|45|3691|411|1869|314|91|65|34|53|154|146|47|45|0|14|6|10|127|87|301|104|297|120|254|82|316|105|221|116|21|25|1822|258|39|45|0|14|148|57|53|61|6|10|53|44|128|69|216|80|239|90|254|88|257|105|242|119|187|108
1400000US25027732901|7823|818|1286|457|655|393|96|104|0|19|16|25|0|19|0|19|0|19|277|375|46|51|70|69|85|88|18|28|32|38|15|25|631|233|66|75|0|19|0|19|0|19|0|19|0|19|164|166|145|102|21|34|99|72|82|87|53|60|1|9|6537|946|3422|648|299|206|0|19|195|124|69|70|10|16|66|58|305|145|711|363|487|245|526|168|361|172|232|99|161|88|3115|439|73|82|53|57|139|98|77|62|13|21|15|24|214|155|695|230|504|220|374|172|447|175|324|128|187|110
1400000US25027732902|0|14|0|14|0|14|0|14|0|14|0|14|0|14|0|14|0|14|0|14|0|14|0|14|0|14|0|14|0|14|0|14|0|14|0|14|0|14|0|14|0|14|0|14|0|14|0|14|0|14|0|14|0|14|0|14|0|14|0|14|0|14|0|14|0|14|0|14|0|14|0|14|0|14|0|14|0|14|0|14|0|14|0|14|0|14|0|14|0|14|0|14|0|14|0|14|0|14|0|14|0|14|0|14|0|14|0|14|0|14|0|14|0|14|0|14|0|14
1400000US25027733000|4042|745|1031|408|472|190|55|62|0|14|37|36|2|20|0|14|42|50|53|99|136|117|12|20|78|82|34|41|23|23|0|14|559|282|68|70|13|21|55|54|53|62|46|64|0|14|38|63|93|69|97|77|49|85|32|53|5|25|10|16|3011|657|1563|543|51|51|0|14|110|77|137|139|67|61|60|53|201|156|417|235|170|81|88|64|192|195|46|51|24|77|1448|271|136|91|0|14|57|41|18|33|0|14|67|46|266|124|274|108|132|62|201|101|194|112|72|55|31|22
1400000US25027733101|2543|520|150|76|58|34|0|14|0|14|10|11|0|14|0|14|0|14|8|12|8|10|13|13|19|23|0|14|0|14|0|14|92|49|0|14|4|7|6|9|4|7|0|14|0|14|8|12|21|25|10|11|23|24|13|12|3|4|0|14|2393|530|1311|289|122|64|5|8|115|89|44|35|17|23|0|14|22|20|276|132|251|134|136|58|181|73|89|40|53|35|1082|267|17|23|4|8|15|17|5|9|23|33|18|16|79|94|247|145|144|62|181|65|153|94|132|59|64|34
1400000US25027733102|2549|354|149|103|58|41|0|14|0|14|4|9|5|7|0|14|5|10|39|34|0|14|3|6|0|14|0|14|2|3|0|14|91|67|0|14|4|6|0|14|0|14|0|14|0|14|37|35|0|14|44|34|4|8|2|4|0|14|0|14|2400|382|1241|230|88|54|0|14|100|64|48|42|23|28|4|6|116|89|134|90|269|90|210|76|105|78|73|40|71|66|1159|213|25|25|17|26|105|75|20|31|45|35|0|14|106|79|248|81|119|60|227|91|141|63|62|38|44|29
1400000US25027735100|6332|589|242|243|92|121|37|67|0|19|0|19|22|32|0|19|0|19|0|19|3|7|0|19|30|52|0|19|0|19|0|19|150|131|30|53|0|19|0|19|13|20|0|19|15|22|0|19|28|43|0|19|19|30|30|53|15|22|0|19|6090|625|3120|390|99|78|35|58|232|220|146|97|109|135|64|75|196|104|355|126|474|139|348|131|566|195|280|118|216|123|2970|368|101|87|117|174|252|90|99|87|30|47|0|19|173|106|307|114|573|280|301|114|581|156|309|97|127|68
1400000US25027735200|4447|577|125|104|90|98|0|14|0|14|0|14|0|14|0|14|0|14|2|4|0|14|65|92|0|14|13|22|10|16|0|14|35|31|9|14|0|14|0|14|0|14|0|14|0|14|0|14|15|16|4|9|0|14|0|14|0|14|7|11|4322|586|2165|345|110|71|29|48|125|85|76|52|7|12|25|31|175|82|319|133|133|56|252|108|510|163|272|117|132|81|2157|365|86|76|11|19|156|125|24|26|13|21|9|19|245|135|319|130|156|60|202|78|416|126|366|204|154|101
1400000US25027736100|2576|283|47|51|14|21|0|14|0|14|0|14|0|14|0|14|0|14|0|14|0|14|0|14|0|14|0|14|0|14|14|21|33|33|0|14|0|14|0|14|0|14|0|14|0|14|0|14|7|13|0|14|0|14|0|14|26|28|0|14|2529|293|1237|184|80|68|31|35|131|61|89|58|33|33|0|14|8|13|90|51|201|76|238|133|142|64|141|61|53|42|1292|216|22|20|0|14|153|83|0|14|0|14|13|16|101|73|126|52|201|76|246|112|201|70|132|58|97|58
1400000US25027736200|3867|445|217|134|57|51|0|14|0|14|0|14|2|3|0|14|0|14|0|14|0|14|11|17|0|14|0|14|8|13|36|44|160|97|0|14|0|14|0|14|3|5|0|14|0|14|11|16|0|14|68|66|6|11|0|14|10|16|62|66|3650|447|1732|301|89|80|76|64|186|104|100|63|10|16|31|29|140|77|179|77|181|78|290|101|194|85|182|68|74|43|1918|279|87|77|11|18|116|82|155|80|7|11|138|112|58|46|275|117|216|99|299|116|175|73|217|70|164|68
1400000US25027736300|2590|279|116|73|59|41|0|14|0|14|0|14|0|14|17|27|0|14|0|14|0|14|4|6|25|22|6|7|1|2|6|9|57|43|0|14|0|14|0|14|0|14|0|14|0|14|0|14|0|14|0|14|21|32|15|13|15|24|6|9|2474|292|1225|182|115|68|13|18|90|42|48|35|24|24|50|44|61|36|194|71|118|48|200|64|116|41|108|42|88|56|1249|143|36|31|38|40|36|22|36|24|43|30|7|14|94|39|186|68|162|54|214|94|174|49|101|47|122|43
1400000US25027736400|3051|369|289|276|58|61|0|14|0|14|0|14|0|14|0|14|11|16|0|14|0|14|0|14|35|55|12|16|0|14|0|14|231|258|10|17|0|14|64|104|0|14|0|14|54|86|0|14|0|14|11|17|0|14|0|14|72|69|20|23|2762|284|1214|188|44|32|25|28|88|54|87|57|13|19|49|38|11|19|140|72|96|44|231|71|175|74|145|67|110|52|1548|202|64|47|0|14|71|68|31|27|19|22|59|38|58|40|163|62|121|63|253|74|245|112|296|98|168|85
1400000US25027736500|4616|403|79|46|14|17|0|14|0|14|0|14|0|14|0|14|0|14|8|13|0|14|4|10|0|14|0|14|2|4|0|14|65|41|0|14|0|14|0|14|0|14|0|14|0|14|0|14|4|16|30|28|12|16|1|4|0|14|18|21|4537|402|2075|259|58|42|8|14|154|93|78|79|45|44|87|81|105|77|179|131|358|127|224|100|321|98|231|88|227|86|2462|295|40|41|13|17|111|81|117|65|20|23|40|38|179|137|248|151|265|84|379|128|385|142|269|81|396|136
1400000US25027737100|5285|589|193|167|71|88|0|19|0|19|0|19|31|43|0|19|0|19|0|19|0|19|7|16|0|19|33|44|0|19|0|19|122|88|0|19|0|19|0|19|0|19|28|40|0|19|1|3|0|19|0|19|30|43|19|27|15|25|29|31|5092|600|2675|387|145|116|81|94|220|133|20|24|11|24|72|70|108|93|471|232|154|78|403|136|411|109|284|84|295|115|2417|456|144|141|60|56|58|56|68|60|7|12|58|60|154|122|279|174|274|110|315|130|401|107|358|155|241|98
1400000US25027737200|1672|310|149|88|67|51|0|14|0|14|0|14|0|14|0|14|14|20|0|14|25|41|1|2|18|18|8|11|1|2|0|14|82|58|0|14|0|14|0|14|0|14|0|14|0|14|4|6|5|8|11|16|6|8|0|14|56|52|0|14|1523|324|745|191|49|39|6|9|16|20|15|15|7|8|35|38|78|66|59|35|131|64|72|36|120|39|103|44|54|29|778|159|23|26|0|14|90|45|79|75|10|16|8|12|5|6|103|52|118|70|63|35|121|33|111|51|47|26
1400000US25027737300|6793|565|191|154|111|96|15|24|0|19|0|19|0|19|0|19|0|19|0|19|1|4|32|37|0|19|2|4|61|93|0|19|80|106|0|19|0|19|0|19|21|34|0|19|20|34|0|19|0|19|15|25|3|3|21|33|0|19|0|19|6602|577|3096|331|140|91|147|113|161|89|75|68|0|19|55|57|267|111|602|177|429|165|491|169|363|153|232|96|134|74|3506|416|267|141|0|19|306|178|102|73|117|133|147|105|52|48|410|143|476|176|581|213|494|154|294|131|260|111
1400000US25027738100|5079|467|239|133|91|79|23|33|0|19|39|31|0|19|0|19|0|19|0|19|8|12|10|19|0|19|11|16|0|19|0|19|148|85|0|19|0|19|0|19|0|19|0|19|16|23|27|42|74|73|0|19|0|19|9|13|14|22|8|13|4840|486|2500|285|200|86|59|38|91|51|73|66|24|20|63|61|176|97|359|131|328|119|490|141|309|95|266|146|62|39|2340|266|141|60|23|33|190|77|123|66|41|32|30|32|109|76|359|121|240|70|517|118|247|88|218|151|102|54
1400000US25027738201|4793|657|37|35|17|22|0|14|0|14|0|14|0|14|0|14|0|14|0|14|0|14|3|7|3|7|0|14|11|16|0|14|20|19|0|14|0|14|0|14|0|14|0|14|0|14|0|14|0|14|0|14|2|6|8|13|10|16|0|14|4756|659|2455|367|100|67|30|38|266|143|79|56|38|33|19|18|346|204|176|89|389|102|474|149|296|94|133|48|109|58|2301|366|116|82|0|14|173|83|70|34|69|44|12|13|242|185|221|122|357|97|463|195|296|100|187|60|95|53
1400000US25027738202|6232|514|608|335|174|149|0|19|0|19|0|19|0|19|0|19|0|19|10|20|0|19|9|26|11|23|15|32|24|30|105|145|434|243|0|19|0|19|0|19|0|19|0|19|0|19|94|105|53|62|0|19|0|19|85|86|105|142|97|100|5624|513|2979|364|228|143|16|30|191|101|119|93|0|19|124|105|135|111|257|117|465|153|569|170|412|134|224|133|239|103|2645|334|130|129|0|19|174|101|153|86|24|29|121|93|107|82|280|132|382|111|529|137|362|123|150|70|233|113
1400000US25027739101|4578|459|225|242|164|178|0|14|0|14|0|14|0|14|0|14|0|14|69|97|0|14|8|14|0|14|59|77|27|42|1|3|61|69|0|14|0|14|0|14|0|14|0|14|0|14|0|14|1|3|0|14|47|68|13|20|0|14|0|14|4353|528|2338|342|107|85|33|38|187|95|83|63|19|32|126|103|109|69|323|114|273|72|356|133|328|150|218|84|176|78|2015|243|60|49|54|52|97|67|91|63|19|23|68|58|153|105|188|75|321|63|286|86|295|93|233|82|150|58
1400000US25027739102|5552|899|213|201|151|153|0|19|0|19|0|19|15|28|0|19|0|19|0|19|111|135|25|44|0|19|0|19|0|19|0|19|62|80|0|19|0|19|0|19|0|19|0|19|0|19|0|19|0|19|44|76|0|19|0|19|18|28|0|19|5339|882|2590|468|102|116|144|186|108|93|53|53|52|48|127|115|108|71|423|142|534|209|308|163|339|145|157|74|135|90|2749|580|124|118|0|19|257|164|199|167|62|94|194|220|108|82|558|194|439|231|249|120|281|90|203|109|75|47
1400000US25027739201|3707|613|258|178|137|109|0|14|0|14|0|14|0|14|0|14|0|14|80|97|0|14|34|52|0|14|0|14|14|24|9|15|121|78|0|14|0|14|0|14|0|14|0|14|0|14|8|13|0|14|13|20|31|51|0|14|53|60|16|25|3449|619|1527|317|75|46|16|27|102|66|74|58|16|25|0|14|174|143|292|201|287|117|150|97|118|85|78|57|145|75|1922|418|93|64|9|15|137|72|80|78|44|67|78|77|173|120|392|217|384|220|171|90|128|89|110|84|123|78
1400000US25027739202|3548|505|148|95|41|39|0|14|0|14|0|14|0|14|0|14|35|37|0|14|0|14|0|14|0|14|0|14|0|14|6|11|107|66|0|14|0|14|0|14|0|14|0|14|0|14|0|14|0|14|0|14|13|21|20|26|31|37|43|39|3400|499|1588|246|19|30|20|31|130|89|87|89|15|26|99|75|131|93|105|65|240|147|409|131|221|81|112|69|0|14|1812|319|65|62|39|43|208|117|67|56|16|25|91|99|134|104|193|96|231|100|316|143|224|101|112|68|116|66
1400000US25027739300|4399|515|95|67|18|21|0|14|0|14|0|14|0|14|0|14|0|14|0|14|0|14|0|14|0|14|0|14|0|14|18|21|77|56|0|14|0|14|0|14|0|14|0|14|0|14|0|14|10|15|0|14|32|53|12|18|10|14|13|21|4304|514|2186|347|146|66|14|22|198|99|92|86|20|29|110|69|118|142|275|94|261|77|259|90|359|169|236|115|98|66|2118|285|244|106|21|30|115|64|70|54|0|14|40|38|72|55|343|85|284|103|169|73|385|157|176|60|199|115
1400000US25027739401|6513|681|282|167|125|112|15|24|0|19|0|19|0|19|0|19|0|19|0|19|17|29|0|19|0|19|1|9|57|68|35|57|157|106|0|19|0|19|0|19|0|19|0|19|0|19|0|19|42|43|0|19|47|72|51|51|0|19|17|28|6231|668|3214|465|206|105|136|109|283|130|60|53|0|19|53|49|362|188|218|158|472|145|407|128|484|236|285|94|248|92|3017|391|92|78|17|29|160|86|142|68|29|34|44|43|236|134|237|177|475|118|407|153|623|168|292|100|263|104
1400000US25027739402|2543|477|18|16|0|14|0|14|0|14|0|14|0|14|0|14|0|14|0|14|0|14|0|14|0|14|0|14|0|14|0|14|18|16|0|14|0|14|0|14|0|14|0|14|0|14|5|7|0|14|13|9|0|14|0|14|0|14|0|14|2525|477|1136|173|27|22|7|12|39|30|102|62|45|45|61|40|70|33|78|39|132|39|150|79|203|63|169|117|53|31|1389|389|52|38|59|38|70|61|55|44|15|16|84|95|113|136|98|52|144|43|302|182|204|120|96|35|97|48
1400000US25027739500|7440|861|232|125|111|84|0|19|0|19|0|19|0|19|0|19|0|19|0|19|0|19|19|27|32|36|60|72|0|19|0|19|121|100|0|19|0|19|0|19|0|19|0|19|0|19|0|19|0|19|0|19|14|21|15|22|0|19|92|97|7208|860|3474|489|306|238|30|27|249|135|86|65|27|28|133|71|236|105|233|160|503|217|591|169|520|136|417|109|143|70|3734|459|147|96|125|179|326|150|157|76|101|70|48|41|216|126|168|83|685|238|595|161|574|146|382|99|210|133
1400000US25027740101|6411|484|352|277|68|66|0|19|0|19|6|12|0|19|0|19|0|19|2|5|2|7|17|30|0|19|41|60|0|19|0|19|284|260|0|19|0|19|77|112|0|19|0|19|43|63|0|19|62|82|0|19|69|91|23|36|0|19|10|16|6059|526|3213|325|153|87|0|19|318|136|151|83|29|30|60|49|292|105|403|148|273|79|491|120|585|196|360|83|98|84|2846|388|126|125|8|16|212|118|51|49|79|57|95|65|255|212|383|164|323|101|477|115|485|156|250|76|102|65
1400000US25027740102|6015|469|150|96|47|44|0|19|0|19|0|19|0|19|12|18|14|22|3|5|10|14|8|13|0|19|0|19|0|19|0|19|103|70|0|19|4|10|4|10|0|19|0|19|0|19|0|19|0|19|4|11|56|50|0|19|35|38|0|19|5865|461|2689|287|29|29|47|55|135|89|151|83|54|60|101|64|230|136|136|95|443|93|451|187|465|142|302|125|145|67|3176|295|194|137|21|23|305|159|32|44|133|65|93|52|209|79|92|87|504|72|577|214|439|137|325|102|252|77
1400000US25027740200|3134|454|61|34|14|16|0|14|0|14|0|14|0|14|0|14|0|14|0|14|0|14|4|9|2|6|0|14|8|14|0|14|47|31|0|14|0|14|0|14|0|14|0|14|0|14|0|14|13|18|0|14|0|14|2|3|20|22|12|15|3073|453|1540|309|43|41|17|26|100|56|111|127|79|64|26|27|74|62|228|99|101|50|327|200|209|92|172|48|53|35|1533|207|122|75|35|56|67|45|30|33|33|32|46|46|76|63|82|37|223|61|245|146|201|98|250|82|123|70
1400000US25027741101|4735|486|72|61|54|54|0|14|0|14|0|14|0|14|0|14|0|14|0|14|2|12|7|14|30|49|0|14|8|12|7|12|18|22|0|14|0|14|0|14|0|14|0|14|0|14|1|7|0|14|0|14|0|14|0|14|17|20|0|14|4663|490|1975|168|132|69|5|10|127|74|118|65|35|27|40|30|65|46|199|66|371|189|346|113|298|74|134|60|105|45|2688|421|342|208|22|24|221|157|69|40|72|58|87|65|99|55|292|92|242|71|561|199|245|89|173|59|263|81
1400000US25027741102|5666|498|324|193|163|108|0|19|0|19|0|19|18|27|0|19|0|19|15|42|25|37|0|19|66|60|0|19|25|36|14|16|161|100|0|19|7|12|11|16|10|16|10|16|0|19|0|19|7|12|0|19|62|75|7|12|31|37|16|18|5342|471|2599|244|79|46|0|19|339|123|117|84|23|28|90|60|172|81|230|71|357|107|460|96|522|132|166|80|44|29|2743|340|153|115|11|18|282|122|146|82|82|74|129|75|208|112|237|130|338|86|521|135|278|77|181|70|177|87
1400000US25027742300|4086|420|259|161|81|56|0|14|0|14|10|16|0|14|0|14|0|14|14|23|31|35|2|7|0|14|23|25|1|5|0|14|178|119|13|19|1|2|29|33|11|17|0|14|0|14|11|19|71|69|0|14|10|17|11|17|21|22|0|14|3827|427|1863|236|65|56|0|14|90|72|116|57|41|42|55|46|162|73|268|118|202|81|331|103|196|85|237|76|100|48|1964|276|66|48|14|22|66|48|86|55|0|14|44|44|107|61|314|130|242|68|279|85|432|178|182|55|132|64
1400000US25027742401|5892|579|133|107|73|57|0|19|0|19|0|19|11|17|0|19|0|19|0|19|0|19|36|44|0|19|10|15|0|19|16|19|60|52|0|19|0|19|20|31|0|19|0|19|10|15|0|19|5|12|0|19|10|16|0|19|8|14|7|13|5759|605|2739|326|19|21|59|46|283|147|124|49|57|36|168|66|159|77|184|75|224|55|463|88|454|72|428|174|117|60|3020|400|127|68|26|41|459|225|146|59|58|50|152|54|77|41|186|80|336|106|531|104|449|205|338|92|135|71
1400000US25027742402|4857|407|171|113|55|67|0|14|0|14|14|24|0|14|0|14|0|14|0|14|0|14|30|52|9|15|0|14|0|14|2|5|116|75|9|15|0|14|9|15|0|14|0|14|0|14|85|64|1|4|7|14|1|4|0|14|0|14|4|6|4686|408|2380|301|184|98|40|43|266|147|119|70|90|61|88|61|36|39|345|120|513|142|342|93|126|59|171|62|60|46|2306|237|235|101|22|23|134|70|170|106|63|54|43|30|100|75|391|135|471|119|302|80|142|70|183|79|50|34
1400000US25027743100|8086|44|202|152|77|60|0|19|0|19|0|19|0|19|0|19|0|19|0|19|0|19|0|19|3|7|42|50|32|36|0|19|125|102|0|19|0|19|0|19|0|19|0|19|0|19|0|19|39|53|0|19|18|29|35|48|13|24|20|30|7884|159|3865|270|175|117|0|19|295|148|185|100|31|34|200|147|224|122|246|83|607|158|486|136|676|161|550|178|190|82|4019|265|236|145|14|24|169|114|298|114|130|102|111|74|226|115|203|82|553|91|643|181|625|162|645|224|166|85
1400000US25027744102|5404|761|612|548|306|332|0|19|0|19|152|214|75|107|0|19|0|19|0|19|0|19|0|19|0|19|63|78|16|27|0|19|306|229|0|19|0|19|0|19|0|19|70|100|0|19|0|19|85|98|0|19|61|96|16|27|53|51|21|32|4792|616|2643|438|153|86|54|54|186|93|41|45|18|37|7|16|337|236|402|263|319|102|331|181|304|115|316|104|175|104|2149|319|89|56|0|19|82|62|62|56|27|31|18|30|82|90|330|158|348|125|218|108|311|160|367|110|215|141
1400000US25027744103|2963|424|162|138|29|36|0|14|0|14|0|14|0|14|0|14|0|14|10|16|9|15|0|14|0|14|0|14|10|17|0|14|133|135|0|14|0|14|0|14|0|14|17|26|0|14|0|14|41|62|0|14|19|28|56|66|0|14|0|14|2801|433|1481|240|115|69|12|21|51|37|21|25|0|14|12|19|138|122|162|80|237|87|217|84|177|78|197|143|142|60|1320|241|85|65|0|14|70|67|26|27|0|14|34|43|65|46|135|70|162|87|201|96|184|113|266|138|92|47
1400000US25027744104|4691|534|91|89|7|14|0|14|0|14|0|14|0|14|0|14|0|14|0|14|0|14|0|14|0|14|0|14|0|14|7|14|84|86|0|14|0|14|0|14|0|14|0|14|0|14|0|14|0|14|56|84|0|14|20|25|0|14|8|13|4600|517|2603|331|77|60|0|14|141|103|92|64|78|75|148|115|229|103|246|108|428|151|402|134|306|95|198|86|258|95|1997|294|123|81|17|28|133|103|18|32|15|25|28|31|137|108|224|112|291|129|285|111|267|89|151|88|308|116
1400000US25027744201|3160|722|173|97|65|61|0|14|0|14|0|14|0|14|0|14|0|14|0|14|36|55|0|14|18|32|11|17|0|14|0|14|108|72|0|14|0|14|0|14|0|14|0|14|0|14|0|14|44|71|0|14|7|12|17|24|31|49|9|16|2987|725|1440|346|47|59|0|14|252|127|52|58|20|26|30|40|67|59|279|121|255|167|127|78|110|61|180|86|21|28|1547|416|0|14|38|50|124|104|141|108|0|14|65|69|177|91|162|78|340|134|161|82|138|79|177|94|24|29
1400000US25027744202|5134|538|198|114|89|71|0|19|0|19|14|25|0|19|0|19|0|19|0|19|15|34|0|19|1|10|26|38|19|31|14|24|109|79|0|19|0|19|0|19|0|19|0|19|0|19|0|19|15|29|0|19|52|58|0|19|0|19|42|38|4936|575|2824|520|208|148|0|19|171|76|131|119|14|23|0|19|443|268|462|253|527|263|301|136|264|124|165|65|138|76|2112|398|130|89|21|34|81|89|27|38|35|49|57|65|158|149|239|115|332|126|272|148|268|118|319|173|173|68
1400000US25027744300|4187|627|371|198|71|50|0|14|0|14|15|26|0|14|0|14|0|14|0|14|4|18|5|9|5|10|33|38|5|15|4|8|300|187|26|51|12|19|31|55|0|14|0|14|14|24|8|12|79|66|29|36|16|26|7|11|20|35|58|81|3816|621|2077|385|106|112|38|56|180|108|24|33|0|14|53|55|96|55|533|167|430|155|180|99|333|154|80|44|24|29|1739|335|119|112|50|50|113|73|42|33|0|14|0|14|272|157|310|134|128|63|145|77|282|127|158|122|120|108
1400000US25027744400|4373|664|862|506|587|454|172|243|78|121|5|9|0|14|0|14|67|68|0|14|116|94|13|23|32|49|10|17|94|90|0|14|275|150|14|24|0|14|62|60|13|23|0|14|0|14|0|14|70|61|50|58|0|14|24|26|33|44|9|13|3511|521|1741|268|103|87|73|68|128|111|54|61|8|15|28|26|124|64|256|108|305|107|186|77|234|78|133|79|109|47|1770|323|54|54|21|26|216|124|60|70|0|14|67|60|89|77|176|92|293|112|225|78|187|68|200|166|182|50
1400000US25027745100|5995|20|253|144|87|70|0|19|0|19|17|28|0|19|0|19|0|19|0|19|0|19|16|26|12|20|31|38|0|19|11|17|166|95|0|19|0|19|0|19|0|19|0|19|0|19|26|41|19|30|15|26|10|16|31|36|55|71|10|16|5742|138|2533|372|92|75|0|19|173|121|142|115|52|62|30|37|196|122|163|98|276|88|475|158|425|147|294|87|215|143|3209|397|103|87|9|16|232|142|228|184|166|116|223|140|419|219|210|98|201|104|614|106|249|112|289|102|266|112
1400000US25027746100|6246|16|372|376|115|112|0|19|0|19|0|19|0|19|0|19|0|19|0|19|0|19|69|76|0|19|46|68|0|19|0|19|257|289|20|34|0|19|104|144|52|72|0|19|0|19|0|19|69|73|0|19|0|19|12|20|0|19|0|19|5874|377|2854|285|92|68|22|31|85|74|179|152|116|131|78|63|205|86|353|144|207|106|426|202|508|143|326|164|257|102|3020|338|261|167|17|29|138|102|86|74|51|54|201|176|171|83|314|148|307|113|585|215|540|151|159|78|190|75
1400000US25027747101|5230|436|223|119|109|91|0|19|0|19|0|19|0|19|0|19|0|19|6|20|0|19|0|19|37|60|23|37|25|38|18|28|114|66|0|19|0|19|0|19|0|19|0|19|0|19|14|22|13|20|26|40|0|19|7|12|36|44|18|28|5007|461|2289|259|94|73|24|31|151|120|52|48|17|28|122|88|165|114|276|113|190|101|387|131|485|183|241|125|85|68|2718|360|140|96|23|38|114|90|87|65|58|65|31|37|128|77|355|159|301|123|380|140|391|119|310|126|400|311
1400000US25027747102|3951|434|226|137|95|72|0|14|0|14|20|34|0|14|0|14|1|3|0|14|18|31|0|14|0|14|7|12|29|26|20|20|131|77|0|14|0|14|19|32|0|14|0|14|0|14|0|14|23|37|35|38|9|13|7|11|20|23|18|17|3725|464|1943|288|190|166|9|13|166|120|125|64|8|14|49|39|82|49|219|80|304|103|262|109|303|114|130|47|96|42|1782|252|175|106|54|52|137|111|71|53|21|19|0|14|39|48|172|76|372|148|204|68|285|82|203|65|49|39
1400000US25027748100|3137|35|185|72|102|52|5|9|0|14|20|20|3|5|3|6|5|8|1|2|26|36|6|8|16|20|0|14|11|18|6|8|83|42|4|7|0|14|2|3|8|12|0|14|0|14|0|14|26|24|25|28|5|6|6|8|6|9|1|3|2952|83|1550|84|42|23|6|11|102|46|71|28|23|16|54|41|131|63|148|51|187|63|351|101|222|82|95|39|118|116|1402|85|20|17|10|11|66|47|38|26|12|11|49|30|79|47|119|54|168|49|265|77|294|77|121|42|161|118
1400000US25027749100|8275|561|276|176|99|95|0|19|0|19|0|19|0|19|0|19|0|19|0|19|0|19|0|19|16|27|71|88|12|20|0|19|177|151|0|19|0|19|0|19|20|34|0|19|0|19|0|19|0|19|19|34|35|55|60|93|26|21|17|30|7999|563|4071|484|277|143|0|19|318|149|167|124|49|49|100|101|531|261|481|151|519|208|548|161|626|191|286|100|169|72|3928|500|305|196|24|39|187|139|120|67|14|20|84|72|243|114|376|151|505|190|656|210|656|368|424|116|334|156
1400000US25027749200|5981|560|295|164|95|80|54|63|0|19|0|19|0|19|0|19|0|19|0|19|0|19|25|39|12|20|4|11|0|19|0|19|200|115|0|19|0|19|20|33|0|19|0|19|13|21|0|19|36|41|44|53|0|19|5|12|0|19|82|83|5686|596|2899|411|101|61|38|44|266|135|73|79|83|77|83|69|258|160|338|169|543|191|426|144|276|124|271|131|143|78|2787|348|73|57|12|21|107|83|90|81|0|19|78|66|289|167|338|194|430|194|321|133|463|138|286|84|300|121
1400000US25027750100|6232|580|729|466|201|112|17|30|32|52|0|19|36|38|0|19|0|19|0|19|1|2|18|29|0|19|21|34|30|35|46|38|528|449|61|94|0|19|32|53|75|91|16|25|0|19|94|141|101|85|119|126|17|27|0|19|0|19|13|21|5503|607|2880|414|104|74|0|19|311|153|54|58|40|48|65|64|222|193|422|197|469|227|292|140|551|170|267|95|83|61|2623|354|98|72|140|103|152|101|51|50|47|50|61|54|416|215|276|106|309|143|242|121|480|125|251|87|100|61
1400000US25027750200|7015|537|378|261|146|128|0|19|0|19|0|19|67|98|40|68|0|19|0|19|1|4|0|19|24|39|0|19|0|19|14|23|232|158|0|19|0|19|12|20|0|19|0|19|0|19|0|19|0|19|39|66|103|109|64|82|0|19|14|23|6637|625|3356|351|114|85|0|19|213|110|293|122|33|40|93|108|112|76|381|131|399|144|798|270|416|117|408|123|96|51|3281|416|121|94|0|19|215|134|280|150|88|88|70|55|86|71|299|144|473|121|649|243|357|134|477|131|166|73
1400000US25027750300|2830|407|216|144|90|55|7|13|22|34|9|14|0|14|0|14|0|14|0|14|0|14|9|13|1|3|18|14|8|13|16|17|126|97|27|42|0|14|8|14|0|14|9|13|0|14|0|14|34|42|8|13|0|14|8|12|8|13|24|20|2614|418|1299|224|44|45|9|14|58|70|64|60|29|37|10|15|114|62|104|71|199|78|231|83|234|99|142|53|61|32|1315|234|26|23|37|40|106|88|0|14|10|16|41|42|48|52|91|66|153|75|288|105|280|102|131|44|104|45
1400000US25027751101|6198|385|338|190|120|96|0|19|0|19|0|19|0|19|0|19|6|14|30|40|0|19|29|34|0|19|0|19|41|66|14|22|218|172|58|65|0|19|0|19|35|51|0|19|6|14|27|34|33|49|30|34|14|24|0|19|15|24|0|19|5860|415|2635|291|98|73|0|19|88|70|16|25|63|77|47|69|218|101|473|251|327|121|406|140|448|120|358|138|93|76|3225|282|230|132|28|32|240|124|71|52|82|74|124|90|310|267|295|119|440|137|402|143|628|162|274|99|101|58
1400000US25027751102|3166|388|82|58|39|30|0|14|16|25|0|14|0|14|9|15|0|14|0|14|0|14|0|14|0|14|0|14|0|14|14|15|43|34|0|14|0|14|8|12|0|14|0|14|0|14|1|2|17|18|7|12|0|14|0|14|0|14|10|14|3084|395|1704|234|88|51|0|14|213|135|53|53|17|19|107|71|47|33|84|58|128|64|295|106|346|104|181|66|145|78|1380|213|32|50|31|39|48|53|74|62|40|52|24|23|51|53|84|59|151|77|286|97|222|64|241|91|96|55
1400000US25027752101|5891|514|274|200|78|76|0|19|0|19|25|40|0|19|0|19|0|19|0|19|16|29|0|19|0|19|21|38|16|28|0|19|196|162|0|19|0|19|0|19|23|37|0|19|0|19|0|19|121|142|23|37|22|40|7|13|0|19|0|19|5617|479|2526|271|101|70|23|37|151|94|121|84|0|19|33|37|197|135|319|161|294|106|504|177|378|176|313|93|92|91|3091|385|54|54|113|160|248|160|111|95|115|89|168|104|145|129|280|125|369|169|476|211|503|188|247|92|262|134
1400000US25027752102|3205|514|186|132|102|86|15|24|0|14|0|14|0|14|0|14|0|14|41|59|0|14|0|14|17|27|29|35|0|14|0|14|84|74|0|14|0|14|16|25|0|14|0|14|0|14|0|14|15|24|0|14|0|14|53|58|0|14|0|14|3019|549|1499|246|59|75|27|42|148|65|13|23|48|52|86|107|83|71|128|64|89|51|299|126|343|98|156|102|20|24|1520|388|14|22|0|14|34|40|27|38|28|39|148|139|123|99|164|71|222|170|158|79|425|153|135|70|42|35
1400000US25027753100|7753|752|312|164|196|131|0|19|2|16|3|16|0|19|0|19|16|28|17|28|1|2|0|19|1|2|71|55|69|92|16|26|116|95|0|19|0|19|0|19|0|19|0|19|0|19|98|98|0|19|2|15|0|19|0|19|0|19|16|26|7441|761|3637|466|223|122|40|52|330|169|120|85|74|84|149|124|229|116|446|157|446|161|623|227|503|145|307|139|147|98|3804|485|127|93|29|38|321|173|205|132|0|19|141|127|275|193|573|228|441|185|671|196|513|151|290|119|218|99
1400000US25027753200|5560|750|367|236|224|152|0|19|15|24|35|52|0|19|0|19|36|54|0|19|19|29|0|19|0|19|34|55|48|61|37|58|143|112|34|57|0|19|0|19|0|19|0|19|0|19|0|19|38|44|48|54|0|19|0|19|23|26|0|19|5193|775|2211|309|34|35|25|28|64|80|189|115|0|19|20|33|171|116|298|117|324|175|233|121|500|141|235|124|118|60|2982|713|65|61|11|20|269|196|81|78|23|34|95|76|328|193|375|168|286|133|323|111|639|279|160|67|327|109
1400000US25027754100|6866|565|362|164|206|146|0|19|0|19|0|19|0|19|0|19|46|67|0|19|42|61|42|62|24|35|19|30|0|19|33|51|156|117|0|19|0|19|0|19|0|19|0|19|0|19|30|47|0|19|18|30|47|60|13|24|36|54|12|19|6504|592|3077|385|121|101|27|43|123|101|91|97|58|41|35|43|177|136|444|199|422|124|395|144|554|211|312|106|318|131|3427|389|189|105|23|39|207|115|78|61|20|34|47|42|175|138|373|168|460|127|372|115|496|157|535|146|452|178
1400000US25027754200|3677|452|1316|460|435|162|25|42|0|14|66|81|46|61|0|14|21|31|97|123|8|10|34|49|6|11|58|62|24|33|50|54|881|441|38|64|41|62|226|267|9|14|0|14|69|81|50|66|125|71|117|103|68|74|53|55|59|61|26|25|2361|360|1194|222|5|8|0|14|63|52|124|104|0|14|20|23|84|57|179|75|123|89|176|82|214|83|184|80|22|18|1167|210|54|46|0|14|83|48|37|41|0|14|21|26|100|66|135|82|93|60|224|84|201|76|91|47|128|54
1400000US25027754300|2865|482|519|165|306|121|0|14|0|14|30|34|0|14|0|14|0|14|103|77|41|48|1|4|51|78|0|14|20|22|60|64|213|84|1|2|0|14|16|24|16|26|0|14|16|28|38|44|12|19|15|23|65|46|13|14|21|24|0|14|2346|506|1237|316|54|54|0|14|116|94|31|40|0|14|55|83|188|104|249|116|164|91|98|77|189|78|52|45|41|42|1109|335|76|88|0|14|23|38|31|41|0|14|0|14|70|58|303|157|183|173|177|113|81|63|94|53|71|56
1400000US25027754400|3812|437|447|180|229|109|52|60|0|14|22|26|14|22|0|14|0|14|52|74|16|19|34|47|14|23|8|13|8|12|9|14|218|108|9|14|0|14|0|14|0|14|0|14|0|14|72|63|9|14|0|14|75|66|6|11|39|50|8|12|3365|444|1794|271|143|125|9|14|178|105|18|28|69|45|15|19|135|72|252|114|349|104|243|85|172|66|159|62|52|47|1571|246|59|42|0|14|219|116|25|27|24|27|16|23|64|53|320|163|243|83|168|69|202|69|106|48|125|69
1400000US25027755100|3361|428|526|251|246|131|8|14|0|14|45|50|73|63|0|14|0|14|14|20|23|21|0|14|45|48|13|17|6|9|19|30|280|187|0|14|0|14|26|37|0|14|0|14|0|14|13|15|17|21|49|45|44|42|6|10|13|15|112|170|2835|425|1366|266|41|46|29|44|67|68|0|14|12|19|62|47|170|90|146|66|144|65|294|144|156|88|163|119|82|51|1469|279|15|24|0|14|35|34|86|57|19|26|33|34|246|130|128|66|209|63|270|104|245|75|108|58|75|34
1400000US25027755201|4189|553|87|66|36|46|8|15|0|14|9|15|0|14|0|14|0|14|0|14|0|14|8|14|0|14|0|14|7|12|4|8|51|36|0|14|0|14|0|14|0|14|0|14|0|14|1|3|0|14|9|14|8|13|0|14|17|20|16|24|4102|555|2062|288|128|59|61|69|262|123|87|60|41|45|81|58|57|45|204|135|242|77|367|85|311|147|123|72|98|56|2040|345|67|55|0|14|280|157|49|40|26|31|28|25|153|111|186|127|325|91|249|75|272|126|228|89|177|80
1400000US25027755202|3377|487|206|175|82|91|8|14|8|16|8|16|0|14|0|14|0|14|0|14|0|14|0|14|9|16|49|55|0|14|0|14|124|97|0|14|0|14|0|14|11|18|0|14|0|14|41|35|0|14|19|25|0|14|53|59|0|14|0|14|3171|521|1575|267|114|77|0|14|116|70|119|97|0|14|99|86|94|59|76|48|176|49|227|105|209|67|169|93|176|122|1596|344|21|25|9|17|159|95|56|39|24|33|21|28|200|205|168|76|109|69|189|101|304|131|186|72|150|122
1400000US25027756101|5000|648|258|160|115|85|0|19|0|19|0|19|0|19|0|19|0|19|17|29|48|52|0|19|0|19|4|9|8|13|38|48|143|86|0|19|0|19|0|19|0|19|0|19|0|19|52|57|0|19|9|14|19|32|40|41|0|19|23|18|4742|639|2401|335|92|50|95|66|270|190|93|113|57|57|38|38|62|65|300|183|278|96|371|124|381|125|153|67|211|89|2341|431|161|153|0|19|162|132|227|189|0|19|39|37|119|56|272|151|264|145|364|124|293|108|177|84|263|109
1400000US25027756102|8249|648|185|233|131|186|0|19|0|19|0|19|0|19|0|19|52|87|25|39|0|19|0|19|46|64|0|19|0|19|8|13|54|55|0|19|0|19|0|19|0|19|0|19|0|19|0|19|16|26|0|19|27|44|0|19|10|17|1|2|8064|673|3969|351|321|166|92|69|405|185|97|73|13|22|34|36|233|103|338|144|469|164|482|193|806|192|532|127|147|93|4095|527|194|140|12|21|316|130|252|159|86|84|167|112|131|78|352|154|622|245|572|165|759|188|419|104|213|97
1400000US25027757100|5014|571|1023|490|448|211|15|26|18|28|77|68|44|52|0|19|16|26|18|29|0|19|91|68|5|9|139|122|25|38|0|19|575|333|32|54|0|19|34|49|95|108|0|19|43|66|67|74|75|74|61|62|40|41|111|108|17|26|0|19|3991|612|1994|348|74|65|87|85|51|53|55|51|0|19|218|120|336|202|247|157|153|77|375|164|291|119|87|55|20|29|1997|424|107|101|7|13|110|112|116|92|16|26|49|80|209|161|264|129|196|131|319|158|321|116|131|76|152|93
1400000US25027757200|2295|322|568|233|278|137|32|40|0|14|46|38|0|14|0|14|0|14|36|37|28|34|3|6|18|25|50|34|60|73|5|7|290|137|0|14|0|14|57|57|10|16|0|14|11|18|25|33|40|44|36|32|34|29|24|29|37|27|16|27|1727|326|743|173|36|29|5|9|23|27|14|21|9|16|47|42|150|110|45|29|98|58|98|51|71|39|56|47|91|70|984|213|65|58|11|11|47|37|97|66|0|14|17|23|110|63|131|62|156|65|125|44|85|59|86|52|54|37
1400000US25027757300|3094|528|705|275|192|139|0|14|0|14|0|14|0|14|7|12|0|14|63|107|102|108|0|14|0|14|7|12|13|23|0|14|513|217|34|46|0|14|16|24|0|14|0|14|36|62|46|64|25|41|117|90|146|128|32|42|61|47|0|14|2389|538|1373|354|42|44|9|14|100|76|58|50|82|71|50|60|284|163|58|81|185|111|160|106|225|133|102|68|18|21|1016|243|46|55|0|14|12|23|21|23|14|21|48|62|148|134|201|133|179|112|166|116|120|108|43|37|18|17
1400000US25027757400|2565|371|197|139|116|95|10|24|0|14|6|15|11|16|0|14|8|18|0|14|0|14|11|19|0|14|51|68|14|16|5|8|81|74|0|14|0|14|0|14|7|19|0|14|0|14|42|54|11|15|7|18|6|11|0|14|0|14|8|13|2368|365|1094|204|13|22|18|29|118|94|0|14|0|14|27|37|168|94|90|68|136|68|219|66|123|68|150|64|32|24|1274|255|37|43|0|14|134|103|58|50|18|23|50|40|55|51|196|113|154|69|184|56|133|62|139|50|116|92
1400000US25027757500|4562|501|349|179|93|65|0|14|6|9|0|14|0|14|0|14|6|11|4|10|35|54|10|16|8|14|4|9|10|15|10|16|256|165|40|54|0|14|7|12|0|14|0|14|0|14|0|14|45|60|24|22|18|20|0|14|59|68|63|95|4213|495|2174|323|123|77|0|14|190|118|24|37|8|13|29|35|103|75|206|80|234|93|343|158|580|310|255|100|79|51|2039|274|134|70|45|46|78|54|67|72|0|14|34|42|254|126|267|107|100|76|238|104|386|114|223|94|213|123
1400000US25027758101|1836|194|34|26|2|3|0|14|0|14|0|14|0|14|0|14|0|14|0|14|0|14|0|14|0|14|0|14|0|14|2|3|32|24|0|14|0|14|0|14|0|14|0|14|0|14|0|14|0|14|0|14|11|13|0|14|21|20|0|14|1802|203|898|126|16|16|8|12|73|38|20|17|0|14|13|15|48|27|73|52|106|29|132|52|164|75|133|48|112|56|904|125|20|18|0|14|31|19|62|41|6|9|29|30|39|42|38|25|95|39|109|60|178|60|193|66|104|32
1400000US25027758103|4622|362|234|139|115|86|0|14|0|14|9|15|0|14|0|14|0|14|0|14|0|14|73|80|0|14|15|23|0|14|18|29|119|102|11|16|0|14|0|14|0|14|0|14|0|14|0|14|17|27|8|14|44|69|8|14|31|33|0|14|4388|376|2189|265|66|47|31|49|193|95|148|100|28|31|73|48|147|90|223|102|331|101|267|110|305|98|306|135|71|44|2199|203|88|77|13|21|249|107|98|84|46|39|15|24|96|54|230|101|290|110|286|123|375|95|220|102|193|113
1400000US25027758104|3431|377|33|46|16|22|0|14|0|14|2|15|0|14|0|14|0|14|0|14|0|14|0|14|2|7|12|20|0|14|0|14|17|34|0|14|0|14|0|14|0|14|2|14|0|14|0|14|0|14|5|15|0|14|4|9|0|14|6|11|3398|372|1724|225|60|62|16|20|90|61|110|83|83|82|87|63|91|75|167|83|197|64|447|155|130|112|166|113|80|57|1674|221|142|91|0|14|197|94|19|24|15|24|21|26|0|14|206|80|258|123|346|99|222|111|172|148|76|43
1400000US25027759100|2111|232|90|48|57|37|7|11|4|6|0|14|0|14|0|14|0|14|0|14|0|14|17|23|3|6|0|14|18|18|8|9|33|21|0|14|0|14|0|14|0|14|0|14|0|14|0|14|6|6|0|14|0|14|0|14|16|15|11|12|2021|234|1028|135|64|33|5|9|85|33|7|9|6|8|5|7|86|51|122|43|115|43|83|34|165|121|181|77|104|42|993|126|29|23|6|9|42|23|39|22|7|10|12|14|71|48|86|40|93|35|107|40|176|82|145|52|180|91
1400000US25027760100|3442|15|243|125|136|80|0|14|0|14|0|14|0|14|0|14|0|14|25|37|30|29|4|7|64|61|13|19|0|14|0|14|107|70|0|14|0|14|9|17|0|14|11|21|0|14|20|30|6|9|0|14|28|28|17|16|0|14|16|19|3199|129|1462|139|50|59|5|9|111|67|17|25|7|15|68|88|85|56|114|61|204|66|226|108|190|69|255|77|130|57|1737|141|52|41|0|14|68|43|87|56|16|22|22|26|129|70|171|67|100|54|374|128|237|79|313|111|168|89
1400000US25027761100|4947|58|450|345|159|142|0|14|28|44|0|14|0|14|0|14|0|14|0|14|0|14|27|42|29|46|27|42|48|78|0|14|291|222|27|42|0|14|0|14|0|14|0|14|0|14|35|56|0|14|76|102|0|14|136|135|16|27|1|3|4497|356|2474|395|81|92|0|14|210|245|30|44|21|39|96|107|168|115|296|186|666|280|289|150|330|146|217|125|70|74|2023|325|73|80|0|14|235|175|100|65|21|34|67|79|40|65|193|137|284|231|338|177|287|170|308|132|77|70
1400000US25027761200|6402|549|509|299|186|151|0|19|0|19|40|62|0|19|0|19|0|19|0|19|0|19|86|83|19|36|24|48|17|27|0|19|323|187|0|19|0|19|0|19|26|41|26|40|0|19|97|121|57|80|26|39|39|56|6|11|27|42|19|30|5893|668|2976|463|111|79|52|84|332|168|26|44|0|19|65|79|220|151|489|244|499|133|441|183|318|127|175|90|248|110|2917|352|327|177|0|19|224|126|168|108|17|31|153|95|66|51|339|171|550|141|373|129|197|100|187|96|316|117
1400000US25027761300|3621|520|373|399|277|343|0|14|0|14|0|14|132|206|0|14|0|14|122|132|0|14|0|14|0|14|11|34|12|35|0|14|96|79|0|14|0|14|0|14|0|14|0|14|0|14|7|31|31|49|36|61|0|14|13|21|0|14|9|14|3248|394|1492|224|140|81|13|19|47|35|69|55|0|14|23|27|88|42|338|119|229|86|173|59|217|72|69|31|86|73|1756|239|149|90|0|14|118|69|28|26|52|41|84|48|84|50|328|112|192|72|239|108|137|59|244|118|101|51
1400000US25027761401|4356|286|200|137|71|55|0|14|0|14|0|14|0|14|0|14|0|14|4|9|4|9|0|14|27|35|8|18|22|55|6|10|129|109|0|14|0|14|0|14|0|14|0|14|39|45|0|14|0|14|0|14|56|66|23|29|11|18|0|14|4156|336|1945|212|142|51|6|10|104|114|19|27|16|28|129|155|206|103|96|66|323|101|319|117|288|83|181|87|116|52|2211|244|222|124|0|14|245|99|132|125|0|14|15|19|57|49|259|156|306|126|356|124|329|92|153|63|137|55
1400000US25027761402|1576|283|61|45|16|13|0|14|0|14|0|14|0|14|0|14|0|14|0|14|0|14|0|14|9|4|0|14|7|12|0|14|45|40|0|14|0|14|0|14|0|14|0|14|0|14|0|14|0|14|0|14|0|14|37|37|8|13|0|14|1515|286|803|192|140|96|0|14|50|42|14|22|8|13|71|75|18|23|30|28|122|48|100|71|145|55|47|34|58|58|712|140|34|37|0|14|89|73|0|14|0|14|22|25|79|56|63|57|88|41|157|58|94|52|38|33|48|28
