OBJECTID,YEAR_,AGENCY,UNIT_ID,FIRE_NAME,CAUSE,C_METHOD,OBJECTIVE,GIS_ACRES,GlobalID
1,2025,USF,LPF,GIFFORD,14,3,1,131613.5,e87207ff-bd3d-4836-8a89-ad218a20b17e
2,2025,USF,LPF,MADRE,14,7,1,80779.1,c59c71e2-f79f-440b-8c84-48058988f3cf
3,2025,USF,SNF,GARNET,1,3,1,60019.23,ddd0b278-7655-4f20-829d-feeef1dc935f
4,2025,CDF,FKU,SALT,1,7,1,25553.55,6817a72c-90cf-4cd4-8f26-2b9622f1f140
5,2025,CDF,LDF,PALISADES,14,7,1,23448.88,73730f90-5d60-4850-98c2-2431c4284cd7
6,2025,USF,SRF,BUTLER,14,7,1,21057.61,a46a3d23-edec-4b99-b508-f60ef738b1cb
7,2025,USF,SHF,GREEN,1,3,1,19021.99,78d040b5-089a-45e1-91d9-9904e116ca0d
8,2025,CDF,LAC,EATON,14,7,1,14056.26,d8dcb0e7-0ad6-46a4-901a-86d777bb09af
9,2025,USF,SRF,DILLON,1,7,1,11929.38,ff4f07c5-fb4c-45e2-8982-a51a936094be
10,2025,CDF,ANF,HUGHES,14,7,1,10396.8,b034497d-9e0c-419c-b3e8-9d414845eb97
11,2025,CDF,TCU,6-5,1,3,1,6957.999,b53d79e2-2269-41c2-8f91-9ec4adbd5f78
12,2025,CDF,LNU,PICKETT,14,1,1,6822.29,c465575b-0b61-4908-a241-8180b23fac39
13,2025,CDF,SDU,BORDER 2,5,4,1,6629.878,43b71756-6080-4e7c-a16d-5df155a24d6f
14,2025,CCO,VNC,CANYON,14,2,1,5367.721,a71d2959-c175-42d2-a4a7-6c6a125f16a1
15,2025,CDF,MMU,1-4,1,3,1,4451.064,0bfdace2-96aa-4a12-8712-e0d5563f4118
16,2025,CCO,KRN,DOGS,14,2,1,4406.828,eee08e1c-6cd8-4db2-84b1-83a6cb07d75d
17,2025,BLM,CDD,JAW,11,7,1,4326.964,8f3fa180-8df4-4bd3-b848-4ba150519aea
18,2025,BLM,CDD,RANCH,14,3,1,4291.886,5f67ee68-90be-4f1b-96ec-ea9fa302b168
19,2025,USF,KNF,BLUE,1,7,1,3712.53,e4df2a7f-a115-4cdb-bdd3-e7b7c26f2aa2
20,2025,CDF,TCU,2-2,1,3,1,3462.842,22f47e0e-2385-42ff-93d1-f46b1b3027c0
21,2025,USF,MDF,MAMMOTH,1,8,1,2534.267,2d046bbe-6217-4b6a-bc43-571af62509f2
22,2025,USF,SQF,LITTLE,14,7,1,2506.547,338de310-1602-479f-b998-7abadb709840
23,2025,CDF,RRU,WOLF,9,3,1,2413.62,9327deb5-553e-4ef9-aad3-ef158af763bc
24,2025,USF,INF,PACK,9,4,1,1974.433,f93415fa-4a31-4f4a-84ef-7c1dcf10a069
25,2025,CDF,TUU,SPRINGS,10,1,1,1817,cd8fe585-b481-4c52-acce-e9b2020f2a03
26,2025,CDF,RRU,ROSA,14,7,1,1670.898,62d979b3-9eb9-453e-8ffc-4d2a68da7a83
27,2025,CDF,SLU,BITTER,2,7,1,1663.73,737cc6a8-4fcc-4e59-a4b1-9089325c421d
28,2025,CDF,BDU,SILVER,7,5,1,1605.057,6c678968-5c12-490c-9a41-fc3ab1b2a936
29,2025,CDF,TCU,2-8,1,3,1,1339.798,d83012b0-43d7-49b7-9c44-48af0058fd3e
30,2025,USF,KNF,LOG,1,7,1,1169.689,ae6d8833-b8ff-4ce5-9bba-d1f6ee42e365
31,2025,CDF,SDU,MONTE,7,3,1,1051.101,145430d4-9d55-49dd-9010-79f47f4b9c1f
32,2025,CDF,RRU,DALE,14,7,1,1038.642,484d5bef-ccd9-4d01-9667-880c6562630b
33,2025,USF,BDF,GOLD,14,7,1,1036.112,531ba367-d826-44fe-8ae7-27f03298034e
34,2025,CDF,TCU,6-2,1,3,1,1024.863,2027c158-c30e-4ab6-9dca-138cef4f16cf
35,2025,CCO,VNC,KENNETH,14,7,1,1011.711,3f5f027c-6b68-45fa-9df5-a03953e5381c
36,2025,USF,MDF,MOUNTAIN,1,8,1,979.9208,d7698883-52d4-42a1-af49-a6cac9cd32fe
37,2025,USF,KNF,BIG CLIFF,1,3,1,973.5111,f15a1a03-1142-42d3-b205-e6100548d4e4
38,2025,USF,SQF,DEMOCRAT,14,8,1,902.7862,5915770a-e77f-4ed9-af85-4ab8cf7434cc
39,2025,CDF,FKU,DIAS,7,3,1,852.0876,e56c2d15-e090-422f-93be-dfca3d53fec5
40,2025,CDF,LDF,HURST,14,7,1,831.3855,e848c2d6-05d1-4d9d-b8c0-ad7535295ccd
41,2025,USF,SHF,ROOT,4,7,1,728.6754,03b3e9ba-9a14-422a-99b2-82a918a3fdf8
42,2025,BLM,CND,INN,14,7,1,726.5966,e8109098-7994-435c-ba6f-13c2de2acd31
43,2025,USF,KNF,SUMMIT,1,7,1,701.2705,cbc2b9c5-df12-4655-a8f3-6e349babd0c3
44,2025,CCO,KRN,FAY,14,2,1,648.1592,be43db27-681f-4633-afe9-afda10213bf3
45,2025,CDF,MMU,ACRES,5,2,1,631.9116,311a06ec-8193-4770-accf-f2d1b0ee179c
46,2025,CDF,AEU,COYOTE,7,3,1,623.9064,0c458f64-a3b1-492c-a8f0-f76f9b0c76e0
47,2025,CDF,TCU,2-7,1,3,1,615.7525,cd18bc3f-5884-465a-9476-11362239e5fc
48,2025,CCO,KRN,HUDSON,14,4,1,610.8146,cd8f6603-2fde-47c0-b034-3e443b4aa141
49,2025,CDF,BEU,LITTLE,11,2,1,592.3416,a9b38609-31b2-4ef4-a3e7-ee7e82bc578c
50,2025,USF,LAC,KING,14,2,1,577.1489,365c6d51-73f2-494b-9a2b-3a63df9acac5
51,2025,CDF,RRU,JUNIPER,2,3,1,560.1605,7718fb91-7c10-4283-b30e-71e324db460b
52,2025,USF,SHF,PEAK,1,7,1,505.3025,be246419-f76d-40bf-ac81-37bce7d536c6
53,2025,CDF,BDU,LAKE,14,2,1,488.7244,81fb97e6-3a18-4968-afae-bfec8a4aebd9
54,2025,CCO,LAC,HAWK,14,2,1,480.2473,e2c6b2e7-a0be-494e-ac73-fc2309c17c56
55,2025,CDF,FKU,FIRESTONE,10,3,1,472.0678,891d464c-7d80-4d78-bc01-d6c8041d5b45
56,2025,CDF,MMU,18-1,1,7,1,463.0268,b105bfd7-d6b0-4ade-a769-942e5ce2553c
57,2025,CDF,MMU,NELLA,10,4,1,458.0139,b4a866ba-9fe3-430b-8033-df058f253dcc
58,2025,USF,SHF,HORSE,1,8,1,430.1073,6e626c1d-f28c-4076-ba59-bb0d8161be1a
59,2025,CDF,BEU,PANOCHE,9,5,1,422.5481,fa3ff9fe-190f-43e5-9933-80b155e6421b
60,2025,CDF,MMU,RUN,7,2,1,420.0106,f08d01ac-61c7-44a6-b507-984f734156d2
61,2025,CDF,HUU,BRIDGE,10,2,1,419.0038,c879c6dd-fb7d-487d-ad1e-5b7e3c5ac6b3
62,2025,USF,SNF,MAX,9,3,1,410.0221,5c21708d-a6fc-4b00-9d92-83c906faa2e8
63,2025,USF,MDF,LAKE,1,1,1,398.1307,c15a8c85-f621-44e9-980e-b1c76b5be32a
64,2025,CDF,LNU,LAKE,14,7,1,397.7174,fd1f5eb2-935a-4a73-8d5d-58e722d8b549
65,2025,CCO,KRN,FORT,14,4,1,389.011,14a33cb7-d11f-4acf-8eba-716d1f7c6bf1
66,2025,CDF,TCU,CAMINO,10,1,1,385.9513,ea23c231-4221-43f5-bfb4-6fea983f7c6f
67,2025,LRA,KRN,TWISSELMAN,14,1,1,383.8156,e0b3435d-7339-4ee8-81da-89e326922f01
68,2025,USF,STF,GIANELLI,1,7,1,373.5635,93040be7-07fe-4309-9988-eddaad0b2fe6
69,2025,CDF,SCU,SOMERSVILLE,4,1,1,358.065,67009269-f007-4ef2-a58b-db7cc37ffc94
70,2025,CDF,LAC,LIDIA,14,7,1,347.7042,4523d61f-2fb5-4b4e-8a25-ae32f4326853
71,2025,CDF,FKU,REEF,11,3,1,336.357,f13fa057-f231-4395-a4fd-ffd45a64b558
72,2025,BLM,CND,ALPAUGH,14,6,1,325.8804,9865640d-5e64-46b7-9b79-9febff7dcb7d
73,2025,CDF,BEU,IDRIA,9,3,1,310.3296,7aad74f5-3c7f-466c-8f32-78a9f90bed1d
74,2025,USF,STF,BUMMER,1,1,1,294.2364,65407081-7894-430a-a769-a5aeaf51b6f7
75,2025,CDF,TCU,2-3,1,3,1,285.2508,11300545-bcb6-4336-ae78-badaac799fd5
76,2025,LRA,KRN,LOST HILLS,14,1,1,277.9433,4f08761e-d902-4d38-b399-aaec2db61ffe
77,2025,CDF,SCU,DINO,2,2,1,266.039,062781b0-4443-4257-89a1-0eb2b34a7a87
78,2025,CDF,MEU,MEDICINE,4,1,1,262.8339,ac7959aa-4158-4c63-a2b9-ca12629227af
79,2025,CDF,SCU,MIDWAY,11,4,1,261.463,1542126f-2c3f-4771-97a0-8a29d91aa13a
80,2025,CDF,LMU,1-4 PEAK,7,2,1,259.6483,71e597f4-cceb-48ed-ae0b-39f9f586e4a0
81,2025,CDF,SDU,HENDERSON,14,3,1,255.4313,d9bd8145-cf0d-42b5-9ad1-182d1de32d64
82,2025,USF,INF,SAGE,1,6,1,254.1042,7ff0049f-6835-40fd-94da-a4f38fb2265e
83,2025,CDF,SKU,HEATHER,2,5,1,228.574,27cafb85-3bac-4cc7-a31b-758246304dc1
84,2025,NPS,JTP,EUREKA,14,8,1,213.8287,6b4b2413-3dac-49e4-83fd-0a1ec2ff0bd0
85,2025,CDF,TCU,BONEYARD 2,10,3,1,202.3712,bb991e5c-4dd1-4aab-9973-df4bb7df0366
86,2025,CDF,AEU,BONANZA,2,3,1,181.2267,374836ef-3800-4fdc-a14e-96c1af5f884c
87,2025,LRA,NEU,CATLETT,14,2,1,176.425,bd6de948-d25c-4950-a22b-a474d7e7bd1b
88,2025,CCO,KRN,GRANITE,14,2,1,174.4417,f79b89fc-bf35-41ba-8f8d-d5a98a22f62d
89,2025,CDF,MMU,HORNITOS 1-2,1,1,1,166.9535,59ff6891-77d0-41bb-b738-f2fe5bb52a21
90,2025,CDF,AEU,BROWN,1,1,1,166.7195,6cff149c-df2e-4f1c-a522-d8dad00aba95
91,2025,LRA,KRN,WILDWOOD,14,1,1,158.709,37f3c3c8-32fa-4388-951a-8993217d10b0
92,2025,USF,SQF,RICHBAR,14,6,1,158.3233,dcd3d1c4-7704-4949-9509-5a979c630437
93,2025,CDF,SHU,RANCHO,5,3,1,156.8465,26393f58-8e5b-4172-ab1e-7d96705a8633
94,2025,LRA,KRN,65,14,1,1,151.1339,122742d1-c2aa-4f9a-ae71-b4b13862d3dd
95,2025,CDF,MMU,1-3,1,3,1,150.8438,5f268ec7-b5d5-4852-a653-98f192ae07df
96,2025,CDF,AEU,ROCK,1,1,1,146.8478,4cd304b1-dc7a-4c34-b0fc-752c37011f06
97,2025,USF,ANF,CALLBOX,7,8,1,145.0597,a33cc367-c381-4713-8d0c-bd5217da3bc6
98,2025,BLM,NOD,R-3 WILLOW,1,7,1,144.4809,23a03bf0-c6f9-490d-ba3a-bf50dff91e76
99,2025,LRA,KRN,WEST,14,1,1,142.0538,8a288339-1760-4697-8b07-0a438d7180fc
100,2025,CDF,TGU,BOGGS,1,1,1,135.0296,b544b024-cd59-4824-a519-995345951dcb
101,2025,CDF,RRU,CAHUILLA,14,3,1,133.8233,f4543d97-8fe5-4265-afee-9c5525bdcb6f
102,2025,CDF,TUU,SADDLE,9,1,1,131.8539,882d8f0e-63ff-4d07-a899-d8fd0c07029f
103,2025,CCO,KRN,LIERLY,14,1,1,131.3383,20258cfb-52d3-44c6-b1f2-ef5bc2e84d16
104,2025,CDF,AEU,CLAYPIT,7,3,1,131.1089,f4390590-2c2c-4374-929c-42988613f58b
105,2025,LRA,NEU,RANCH,14,1,1,125.0502,fb8a610e-8968-4931-aff4-29a7e6d53b3f
106,2025,CDF,AEU,TIGER,7,3,1,117.527,08a44f04-02ba-4965-88aa-1c318b8a30a7
107,2025,USF,SRF,RED,1,7,1,115.8292,bdbc2b5d-f8e2-403e-a258-6c72bcd44389
108,2025,USF,SHF,HELENA,1,8,1,114.1198,d4ff8538-2ba7-43fb-ab98-d424639c87dd
109,2025,CDF,RRU,CROSSING,14,2,1,112.0008,d9679a5e-5c95-48ed-8c35-443e8a06b245
110,2025,USF,LPF,FRAZIER,10,6,1,109.9302,58f2c42f-c861-4162-997a-91ca5466b775
111,2025,CDF,SDU,RANCHO 3,10,3,1,104.9052,bad00984-b725-42ea-b82f-a7c732cdefe7
112,2025,CDF,LMU,BYERS,9,1,1,104.5473,b7bdc901-3c8a-4015-bf9d-64edfffd117b
113,2025,USF,MDF,HOWARDS,1,6,1,100.6936,58a60b22-6639-4556-bca7-6f69b79c856e
114,2025,CDF,SKU,TABLE ROCK,1,1,1,98.71336,fdf05c26-b517-44c3-994f-ad642bad73b2
115,2025,LRA,RRU,PYRITE,14,3,1,98.19131,a895d5d7-8453-410d-92aa-cde756335eb0
116,2025,BLM,NOD,R-10 SPANISH,1,7,1,97.00241,13c85943-bcd9-4011-b51c-6b687026aa5c
117,2025,USF,SHF,CEDAR,14,3,1,91.45392,bbdeaec9-4f00-49bb-9a1b-8ee1275a342c
118,2025,USF,INF,ABERDEEN,14,7,1,90.84187,94b4f930-7048-40b1-81a7-a92e5ca93514
119,2025,CDF,SDU,RUNNER,9,3,1,88.39762,72049c70-a8ee-4523-8612-0f2bf0bbafe6
120,2025,CDF,NEU,PONDEROSA,2,3,1,87.2483,2da599f3-513c-4e88-a33b-524c8acd21bc
121,2025,CDF,SKU,YORK,1,1,1,86.16303,eca7dfb0-ece7-4f78-8c77-f7c302af99f1
122,2025,CDF,SDU,LILAC 2,7,3,1,80.53833,c7ad1f4d-71fb-4008-bc4f-ff5f75429340
123,2025,CDF,FKU,FORD,14,4,1,80.3026,229ff211-8ad4-4773-8d95-e80d049e4271
124,2025,CDF,BTU,GROVE,7,3,1,78.17875,537d41e1-1352-496c-9240-aa43c276b3df
125,2025,FWS,TNR,LODGE,4,1,1,77.02348,5b1f53d4-f7f0-4c5a-a2c4-0cd9f693656e
126,2025,CCO,KRN,BROWN,14,1,1,76.71473,dff474f4-17ec-491d-b736-7d7fadb654aa
127,2025,LRA,KRN,ELECTRICAL ,14,1,1,75.40412,960eb244-ea5f-45a6-a14a-320bf2e643d6
128,2025,CDF,RRU,MINDY,2,3,1,72.54568,658dd4f6-a989-4577-b3f2-e3df8d6bdc2f
129,2025,LRA,KRN,POND,14,1,1,71.13763,06278dd1-54b9-49b1-bfe5-c5926f2c9d8b
130,2025,BLM,CND,HONOLULU,11,7,1,69.44583,5f2f6560-8773-4296-ad2e-8c826e489f97
131,2025,CDF,TCU,DUCK,2,2,1,68.18237,1e51a95c-06da-426c-aaf3-be45014e1fc3
132,2025,CDF,SDU,SCISSORS 2,14,3,1,68.07378,d94bcc9e-7e65-43e4-b082-0f7c744288f7
133,2025,CDF,TGU,PIONEER,14,1,1,68.01633,b5b8bba3-ecbf-4573-bf4b-0cdf20e6cfc6
134,2025,CDF,LNU,BERRY,2,3,1,67.19569,35616d2e-7d01-4b6c-b669-5506330202c3
135,2025,CCO,VNC,LAGUNA,14,3,1,66.50694,dfdf684b-ac91-4602-ace8-d8afc9b1774f
136,2025,NPS,JTP,BLACK ROCK,5,8,1,66.43217,6386b0e5-909d-423f-9cdd-88cf4a80788b
137,2025,CDF,SCU,CREEK,14,1,1,66.24147,84ddd8ca-cd30-4a46-a6d3-3a525faea226
138,2025,LRA,KRN,TAFT,14,6,1,66.06812,62110fb0-77f5-4662-9607-42aff101aa58
139,2025,CDF,TGU,PASKENTA,1,1,1,65.22432,95259abc-5056-4a00-9624-1054782a7812
140,2025,CCO,KRN,BEALVILLE,14,1,1,62.99349,391ac286-ccff-4b25-9230-99e942acb02c
141,2025,LRA,VNC,AUTO,14,3,1,60.93997,aca346ae-910a-4f86-99b5-4027ecd8de5e
142,2025,CDF,FKU,RECTOR,10,3,1,60.63538,8dc6d559-208a-468e-ba04-443ba62cbc82
143,2025,CDF,SDU,BORDER 18,9,6,1,60.55587,fb7857f3-8e3f-4f3e-bd1c-20ec3c6bda64
144,2025,CCO,KRN,WOODY,14,1,1,60.52179,be7803e0-165f-4042-ba87-30cc99a9cb02
145,2025,CDF,SDU,FELIPE,2,4,1,59.91574,e5b80147-dc91-4913-aa3f-defd1c3d4269
146,2025,CCO,KRN,WIND,14,1,1,59.40875,1c974300-cbb0-4b46-84b6-4b35ad73c71b
147,2025,LRA,VNC,MARIA,14,7,1,58.63367,e658a7f3-3ab6-4108-a5b9-ee18578c5ea1
148,2025,CDF,RRU,BAXTER,14,3,1,58.50809,addd4098-b20e-4e5c-aa03-3ced6b0e3d7a
149,2025,USF,SQF,FLUME,10,8,1,58.28129,528036d0-4668-402d-8157-a756c26e3eee
150,2025,LRA,NEU,SUNSET,10,1,1,57.56446,855fec3c-3fe2-4d37-9604-4690c269e89b
151,2025,CDF,NEU,BEALE AFB GRASS VALLEY GATE,14,1,1,56.78709,c297ee2a-33b7-457c-b26c-7841c00e18bc
152,2025,CDF,SKU,JUNIPER,14,1,1,56.71992,c3b9df18-fc72-4c48-9eff-fe9f09116583
153,2025,LRA,RRU,CRUMP,14,3,1,55.24618,e682ad04-df6d-42d2-8d7c-1282e0d7475b
154,2025,CDF,RRU,VAIL,1,3,1,54.9739,da5ae9bc-466e-48c5-804e-2b77519c23a0
155,2025,CDF,MMU,RED,10,2,1,54.064,48a2910e-651a-45b7-99b7-762d334b99a2
156,2025,CDF,TCU,JURY,11,1,1,53.71318,929dd4f9-29d2-49fb-b577-3ee88b872db9
157,2025,BLM,NOD,DEBBIE,14,7,1,53.37561,ace1e4c1-daa1-4c5e-a280-a98e4e97a71d
158,2025,CDF,FKU,ELWOOD,11,4,1,52.9217,d3e5ef5a-bfe3-474f-b844-2e6e9bbc76d8
159,2025,CDF,RRU,SHADY,14,3,1,52.4022,1e665be8-5733-4325-ae8e-2ac77df4ce5b
160,2025,CCO,KRN,JACK,14,1,1,51.1434,9ef0c21d-7b73-4cb6-9578-c38c81b341ab
161,2025,CDF,TGU,LASSEN,14,1,1,50.84476,64f92088-40d4-489f-a9d9-29632f3ab80b
162,2025,CDF,LMU,CLARK,5,3,1,50.71144,bfe99f0a-65fb-43fb-a13d-47ed1f523e9d
163,2025,CDF,SCU,WALNUT,10,1,1,50.69104,51d867fc-6698-4126-b30e-d3a0acfde393
164,2025,CDF,SDU,HAWICK,14,3,1,50.6212,774ed9cc-a5c7-4630-a8a6-7534f1ca1dd3
165,2025,CDF,RRU,RIDER,14,3,1,49.86058,1c7202e0-2efa-4ed4-9cef-edb4d59d1ab3
166,2025,CDF,SDU,SPRINGS 3,10,7,1,49.86013,ae1671a9-34a9-487f-ad43-9cc0b20809c0
167,2025,CDF,SDU,ACADEMY,14,8,1,49.72696,ff9ad11a-6034-4219-bf88-edf3553db01a
168,2025,LRA,MMU,SANDY,14,4,1,48.48575,93c50d94-77ab-41c5-addc-f503fd078e84
169,2025,NPS,KNP,TOMBSTONE,1,6,1,48.27648,334ca117-99b1-410d-a6dd-97b0bc17e2e8
170,2025,CDF,LMU,3-5 LITTLE,1,1,1,48.16375,990b6f30-cf55-4afb-aac1-2d6e906c1ae6
171,2025,BLM,CDD,BUTTER,1,8,1,47.95021,1905cef1-35a9-49f6-9e2f-bf6e78eef7e2
172,2025,CDF,RRU,NICHOLS,2,3,1,47.49926,abea9a96-cf5c-403d-9521-191261afac8d
173,2025,BLM,CDD,AURORA,1,7,1,47.04757,115b04c0-2493-435c-83ca-a24c31354f6c
174,2025,CDF,TCU,GRIZZLY,14,2,1,46.79976,1ea255fb-b9bd-4fc3-b90f-b6155256b6d1
175,2025,FWS,GRR,WASHINGTON,2,1,1,46.71652,1881ab90-ce81-4e90-b7fd-08dd4c04b75b
176,2025,USF,KNF,JACKET,1,7,1,46.07977,ff5e0725-e390-4bbb-bec3-2451ffd412c1
177,2025,CDF,RRU,OAK,2,3,1,45.90355,81daf485-bd58-4390-8dd4-be0fd0d89754
178,2025,CCO,SBC,FOOTHILL,11,6,1,45.61524,08444713-7be2-4099-b24e-eed3d4743861
179,2025,BLM,NOD,S-14,14,7,1,44.3112,3b6de157-90c6-4873-ab62-594e7f2dac61
180,2025,CCO,KRN,GENERAL,14,1,1,44.18845,ab019211-8b1b-47d1-9b13-773869a656d8
181,2025,CCO,VNC,HOWE,14,7,1,43.79828,7dbf1568-5236-4d42-b344-794d4f74eae6
182,2025,CDF,FKU,ANCHOR,9,3,1,43.42168,ff12c048-299b-4606-b408-e7cb37f03460
183,2025,BLM,CDD,MILPAS,10,7,1,43.19293,f61292ff-b99b-47c9-98a4-9e33b1ee3950
184,2025,CDF,SHU,POINT,7,1,1,42.89072,d06b037f-768a-4994-812d-2a1ef2778b8d
185,2025,CDF,SLU,ENERGY,2,1,1,42.8705,6d90b0d1-3442-4f4b-8dd9-b1df47352903
186,2025,CDF,BEU,AIRLINE,9,5,1,42.72174,4b60f0c5-afbb-4cbc-8365-36d5faf885df
187,2025,CDF,SLU,CARLOS,2,7,1,42.71249,9b251717-07ed-4b9a-b16b-a1b123355069
188,2025,CCO,KRN,KECKS ,14,1,1,42.70273,324a3155-f3ec-4c89-8518-6d2a81d358da
189,2025,CDF,BTU,DISTRICT,2,1,1,41.83611,6288835d-c452-4d2f-890e-8d3428d333aa
190,2025,CDF,HUU,DUNES,7,1,1,41.41012,45d4b20e-f06e-4e04-9ec9-b5d0fbf3f146
191,2025,USF,MDF,BUTTE,1,8,1,40.64384,b8d8bd07-dd4e-498f-bd20-5bd3ba216ac2
192,2025,CDF,TCU,1-2,1,1,1,40.37952,b06b6f14-fccd-4034-b4c2-91b7e311c665
193,2025,CDF,LMU,3-22 MUCK,1,8,1,39.81916,0b3f7c4d-dcf3-4fcd-be94-d52b2742d86d
194,2025,BLM,CND,PEARL,14,1,1,39.71396,4cfcac9f-966f-4626-b538-ec7045a5c760
195,2025,LRA,NEU,TANABE,14,2,1,39.56842,f20c96ac-cb9a-45bf-8bb3-99a7d38886e5
196,2025,BLM,SHU,READING,1,3,1,39.37916,1a942261-4fbe-4f49-be5e-26c0d8932753
197,2025,LRA,KRN,ROSAMOND,14,1,1,38.63425,fb7ede37-feca-4020-965f-9d50782ebfa9
198,2025,CDF,MMU,TRAP,9,2,1,38.32053,2a85ade8-759b-49d5-93c1-4a19df7811ee
199,2025,USF,INF,DRY,10,8,1,37.35918,20e4a5b5-747c-40a2-8f13-9efac3e9a0b0
200,2025,CDF,FKU,JOAQUIN,1,3,1,36.99887,965f2a29-4397-4978-b0d9-8203b2c33361
201,2025,USF,SHF,LICK,1,3,1,36.69459,6179a350-1a06-4b7c-bef0-8e93b925c270
202,2025,CDF,FKU,HIGH,10,4,1,35.69007,2a001657-e0d8-4ee2-aee5-602910ee4cef
203,2025,NPS,YNP,BREEZE,1,2,1,34.43386,ad8cb02c-b482-4ddd-b9b6-b08da90082f6
204,2025,CDF,NEU,RAVINE,9,3,1,34.37255,bfafd2b2-8e22-409d-930b-45d9a7d86a3b
205,2025,CDF,AEU,MICHIGAN,1,1,1,33.97209,91e66055-00b1-48e7-ac53-2255a7ce4eda
206,2025,CDF,BTU,FOREBAY,1,5,1,33.85615,ac63444e-07a4-40af-be89-8a31f8648216
207,2025,CDF,TGU,SPRINGS,9,1,1,33.48352,cd0c4df7-7ecd-4314-b0af-77339784c5e4
208,2025,CCO,KRN,PANAMA,14,1,1,32.75241,25d75cc2-be60-4a94-be9b-9509d9e28696
209,2025,USF,BDF,SPRINGS,14,8,1,32.74208,58386d35-ca26-42b3-8fb1-6f75301cd6a0
210,2025,CCO,KRN,MORNING,14,1,1,32.22947,8346eb46-8481-4ad4-9715-81a4d14f3e48
211,2025,CDF,BTU,NINETY NINE,11,1,1,32.16321,dcb46125-a80a-4417-990b-cbd5025b9dcc
212,2025,CDF,AEU,VLECK,2,1,1,32.07587,2ef49b93-525f-4232-af7f-e86fe4cdf6f3
213,2025,CDF,BDU,BAXTER,1,1,1,31.69332,da4ea97f-fa64-490c-a884-da7df6f0aec9
214,2025,CDF,SHU,5-4,1,3,1,31.44775,22cec8cb-2a6a-4c19-b15f-1f1ae823524e
215,2025,CDF,BEU,STONEWALL,7,7,1,31.06484,33c1b07d-df45-4005-9b26-515047d28769
216,2025,LRA,KRN,LAKE,14,1,1,30.47568,37357c71-128e-4009-8c79-f9258daecce3
217,2025,LRA,VNC,OLIVAS,14,2,1,30.10198,b204e3c2-574b-438e-b320-a7ec1914ab2f
218,2025,CDF,BEU,PANOCHE,11,5,1,29.94425,7b01e41a-af48-4890-bf6f-192f149b43e0
219,2025,USF,SHF,HIDDEN,1,8,1,29.67354,d27ae879-2736-42fe-bf55-1d66108f5f71
220,2025,USF,MDF,WILLOW,1,4,1,29.48021,2b384eba-ad8c-4161-b13c-2f2a53dbe616
221,2025,CCO,KRN,SPRINGS,14,1,1,29.3266,095ef19d-4aec-49e9-8e3d-1f8814c05a1a
222,2025,LRA,KRN,KRN-25-25974,14,1,1,28.55898,259cccdf-fef6-4363-a6a7-b18c5f0117f6
223,2025,CDF,SDU,STEELE 2,14,4,1,28.41091,13216b3c-89ad-4243-a046-71af710b81be
224,2025,CDF,FKU,CORN,9,3,1,27.93816,a660742d-9c49-4f80-a459-cdc18ee8c410
225,2025,CDF,RRU,TORO,2,3,1,27.76788,9bd902f8-4615-4c5f-9939-1107f18822c0
226,2025,CCO,KRN,LOKERN ,14,1,1,27.76694,b912561f-a8ff-4cc0-ab35-232dcef3b57f
227,2025,CDF,SLU,RANCHO,2,7,1,27.51352,01788b1f-60ef-4ba3-9311-1fb258030240
228,2025,USF,INF,PASS,10,6,1,27.19731,546cc156-6b70-4830-9663-8b68ed54f346
229,2025,CDF,FKU,PANOCHE,11,4,1,27.18991,99508b55-198e-4a30-922d-2a247e2f81d5
230,2025,CDF,LNU,ARDEN,7,3,1,26.04275,8afde937-d1e2-44ff-be58-78c8b4926c28
231,2025,CDF,BTU,CLARK,2,1,1,25.7984,c21bf5cc-6feb-48f7-ada2-87a79c87316c
232,2025,CDF,AEU,QUARRY,7,3,1,25.76958,1262c92d-4c0e-447c-ba9f-d2ed7b9800d4
233,2025,CDF,AEU,COULTER,2,3,1,25.7527,e2bd875d-4ce8-419d-8f6f-34abc308cd6c
234,2025,CCO,VNC,COTTONWOOD,14,7,1,25.53726,e8ecb626-021e-4217-a0a8-ebad8b402dc1
235,2025,CDF,MEU,POND,14,1,1,25.1699,27b9070b-01fb-4029-9e95-c40ef6e165bd
236,2025,LRA,MMU,DAN,2,4,1,24.44448,bd95fb44-beef-47af-adff-4c511750c47c
237,2025,CDF,SKU,PERCH,1,2,1,24.43616,d58353e9-1899-4c11-8415-385c12fe1c7e
238,2025,CDF,NEU,RICA,2,1,1,24.32036,880d661b-2840-4fd4-9131-2231008a5deb
239,2025,CDF,SDU,SANDIA 2,14,3,1,23.9757,5d73eff2-7c51-414f-a875-81052ecb7c1b
240,2025,CDF,SHU,PARKVILLE,1,1,1,23.89887,973ebc63-0873-40a0-a396-44eaf8ac8331
241,2025,NPS,KNP,KETTLE,1,1,1,23.83323,e070ad1a-b63b-4265-a1d6-d0822a73cf7b
242,2025,CDF,CZU,SCHOOL,2,1,1,23.33731,b2b509db-5a7c-4aed-86da-b2f0054a3f0f
243,2025,CDF,FKU,FISH,14,4,1,23.25034,a9920564-5805-4996-88f4-d460e5c7b382
244,2025,CCO,SBC,MARIPOSA,14,1,1,23.18431,cb56e25a-d287-4246-81cb-d0847a3d9410
245,2025,LRA,KRN,LANGLEY,10,1,1,22.86259,b48c350b-555e-4558-8208-ce75d1ff615c
246,2025,LRA,KRN,MORNING,14,1,1,22.77419,18033aa1-a83d-4843-bee9-eb73bc8b68f6
247,2025,CDF,AEU,UPHILL,2,3,1,22.22845,f7e79789-f3b8-4f89-8ffc-a2998c988f56
248,2025,CCO,KRN,HART,14,1,1,21.59082,cfca874b-f948-4f40-8d45-25537aea0491
249,2025,USF,BDF,FOBES,8,1,1,21.49974,4d857284-3ca2-4668-984a-707ac7187ab4
250,2025,CCO,KRN,CANAL,14,1,1,21.39122,50861237-2b85-46d2-a79b-9ea20b1c6787
251,2025,CDF,SDU,MISSION 2,14,3,1,21.38923,eb9bcaee-f8d7-4f72-b311-3f78329ff09b
252,2025,CDF,LMU,COYOTE,15,1,1,21.24901,f40c02ce-f5a1-4439-b1f9-978193580ae7
253,2025,CDF,RRU,IGNACIO,11,3,1,21.24298,4f3094c1-918b-4516-8e6d-dd079c421755
254,2025,CDF,BTU,GRANITE,1,1,1,20.90041,490f9675-7136-432d-8172-4ed314c404fe
255,2025,LRA,RRU,CACTUS,2,3,1,20.83071,6c27198b-1abb-48fa-9363-a57712417ab9
256,2025,CDF,TCU,ACAMPO,2,1,1,20.81965,e5069ff3-c0af-4e58-95b5-3358827969aa
257,2025,CDF,LMU,4-1 WASHINGTON,1,1,1,20.47464,6f26b1d5-926d-42be-a0df-fd232322576c
258,2025,BLM,NOD,W-2 FITZHUGH,1,1,1,20.42416,9623f6a1-c304-4562-b7c1-e7dc3954d768
259,2025,CDF,SLU,PILITAS,2,7,1,20.20947,adfd8fc5-0a83-4496-81ad-4e7f757337e6
260,2025,CDF,FKU,RUTH,2,4,1,20.08119,118497e8-0614-4c38-8958-847c9cb4a681
261,2025,CDF,TCU,GRANGE,9,1,1,19.91957,830225d4-d69c-41fe-9665-069134892a49
262,2025,CDF,NEU,MARYSVILLE,14,3,1,19.86819,429dd4fd-5ff7-4e5c-af56-77b7ce893c19
263,2025,CCO,KRN,PASO,14,1,1,19.70666,7275d89e-6f53-4be6-9e5b-86c6978abbce
264,2025,CDF,SKU,COTTONWOOD,7,1,1,19.58972,9b3b3ea9-dd07-4982-99a6-f811dc71c3bf
265,2025,LRA,KRN,UNION,2,1,1,19.31531,29855779-86c9-44e1-b650-9453fe85eab7
266,2025,CDF,SDU,POSTA,14,1,1,19.0752,1e36d27a-3feb-4d19-a3af-b72699434e73
267,2025,CDF,RRU,MADERA,2,3,1,19.07495,c92e0e3a-c748-4a2c-ad8a-d53cfb2b12de
268,2025,CDF,FKU,RIFLE,11,4,1,19.03836,c54d5b54-0940-42f9-bfed-61b1945fc3ca
269,2025,CDF,SKU,HEAVEN,2,5,1,19.02455,b2c72852-8a15-443f-a705-d23a614c7ccb
270,2025,LRA,KRN,QUINN,14,1,1,18.98449,491ed5c5-ff26-4248-80e4-85bfa0b9968d
271,2025,USF,MDF,RADAR,1,8,1,18.91577,ea07aeb7-e4ce-40f7-9ee5-47457e2d9014
272,2025,CDF,SKU,MONTANA,4,1,1,18.77196,c9244bc2-7faa-4871-a9e3-6c4b1b176ce1
273,2025,NPS,YNP,KIBBIE,1,7,1,18.68576,35846c96-3dbd-4029-a267-740c6107610f
274,2025,LRA,RRU,FLEMING,7,3,1,18.61419,d72f2a4c-2247-4783-95f3-3beaa147b71b
275,2025,LRA,MMU,VAN CLIEF RD STEVENSON,14,4,1,18.27019,6bc834c1-fbed-4904-bc08-bc12522e3491
276,2025,CDF,SHU,RUSH,14,1,1,18.25358,01acf924-6df2-42b0-b69f-4025f70500c9
277,2025,LRA,RRU,RECHE,2,3,1,18.2381,ee182ac5-8416-4f6d-9a13-308b665c9789
278,2025,CDF,SCU,ANTONIO,10,1,1,18.231,7295829e-31c3-4867-812f-2e0691a734c6
279,2025,CCO,KRN,DEER,14,1,1,18.10975,cf00793b-7d02-4a65-b05c-e48e941bfae4
280,2025,CDF,SHU,CLEMENT,5,1,1,18.05686,70ab2e49-4529-4a8d-b77a-dce267f5e439
281,2025,CDF,TGU,GYLE,5,1,1,18.05467,34bd4e06-59a5-4413-bf90-72593c9cdc34
282,2025,LRA,NEU,MOORE,14,1,1,17.88558,467db93a-2d95-468d-bd24-587c8bb0b304
283,2025,LRA,KRN,HOSKING 3,7,1,1,17.70028,1617521b-6297-4ed6-a43b-573ab68cd137
284,2025,BLM,CDD,BOYD,14,6,1,17.30158,be80d7a0-567e-4ab6-bb7d-12b1959b25cc
285,2025,USF,KNF,GARDEN,1,3,1,17.24211,0a2533b0-66a5-4217-9446-84daaf9294fb
286,2025,CDF,AEU,VALLEY,2,3,1,17.20355,90761e3d-0e8b-4585-9b4a-12203b27aae5
287,2025,CDF,FKU,OAK,14,4,1,17.03071,1c0a978d-7340-4def-83e9-8e889b286f7d
288,2025,CDF,SDU,BORDER,7,3,1,16.9115,ad7a2d84-ff9a-4c89-95ee-b13c0fdae28e
289,2025,CDF,BEU,SABE,2,5,1,16.89966,3e772929-2efc-482d-9138-1ec839d738d6
290,2025,CDF,BEU,ELM,11,1,1,16.846,81b05432-9740-4094-8ef9-ddef8e52c579
291,2025,CDF,BEU,CROSS,2,1,1,16.71458,87038e56-f29f-4b09-b9c3-9337cdbc88c5
292,2025,CDF,TGU,BAKER,9,1,1,16.5998,47780857-8ef3-40f6-822b-0c3c22fc3eee
293,2025,CDF,SCU,HANSEN,11,4,1,16.33476,db656d4c-9ad8-43f1-b850-e8bd0df4362b
294,2025,NPS,BNP,CRATER,1,8,1,16.1303,cd91bd39-ceee-4bdb-9b23-38bc7ecb3f70
295,2025,CDF,BTU,ALTA,2,5,1,16.11074,3dd655e1-d542-443d-a467-dcf0a5066c07
296,2025,CDF,SHU,QUAIL,2,1,1,16.0962,b4a8c29e-fc30-4660-a5b6-0029736301dc
297,2025,CDF,LMU,LITTLE,2,1,1,15.89377,6f7c8a1a-e798-4dec-b0c9-7b38f1a76c49
298,2025,CCO,KRN,BIRD,14,1,1,15.8049,bef89b67-8d1b-4641-8cde-807a35dbb2e4
299,2025,CDF,MMU,BAND,14,1,1,15.50475,4c5cd345-5d39-482f-a6e0-73fa2b764760
300,2025,USF,MDF,PEREZ,10,6,1,15.31279,f65ca9d4-eb7c-4379-b769-30368cfd4c75
301,2025,LRA,KRN,GUN CUB ,14,1,1,15.31198,f069e2b2-a855-413e-8aab-1632bcc4d502
302,2025,LRA,KRN,CEMETARY,14,1,1,15.24142,6d489bd0-fa5b-4f6f-b98b-306c35dd8640
303,2025,USF,MDF,RESERVOIR,1,4,1,15.21916,cea157a1-e72a-4a74-a28f-be0fdc0184fa
304,2025,CDF,TGU,CORNING,2,1,1,15.20529,52a35eea-173f-4051-8f90-004e82c6d258
305,2025,FWS,PLR,309,14,4,1,15.04406,9d7aee4f-a0a2-4dc1-8ee5-c75a9c97fd09
306,2025,CDF,RRU,GIBBEL,14,3,1,15.00072,befc0efb-b761-4023-9903-fa4dcf959bce
307,2025,USF,PNF,LA PORTE,5,7,1,14.96098,82199122-67a1-4b2d-a80a-391769ccb91d
308,2025,CDF,BEU,PARK,1,1,1,14.95,6710a452-32da-402d-b6aa-5785eb412e90
309,2025,CDF,AEU,SLIGER,1,3,1,14.87471,8cfc6bd4-b91d-4ca9-ad55-82c9a3154ff1
310,2025,USF,ENF,BEAVER,4,6,1,14.75826,c89050d0-de7d-442f-8265-c66804ba7208
311,2025,FWS,PLR,84,2,4,1,14.40466,48a43a52-2b2d-4fdc-a24a-3227801e7e52
312,2025,CDF,SLU,CRESTON,14,1,1,14.21327,8c30ce5d-7419-4bd1-960f-5bf8a64245fc
313,2025,CDF,SHU,CREEK,2,1,1,14.11715,58f89e72-501e-49ab-8a88-06e094788554
314,2025,BLM,CDD,WILDROSE,14,7,1,14.09043,e34c3320-1e47-417f-80da-f2e73fd20313
315,2025,LRA,KRN,HILLCREST,14,1,1,13.96742,ceb041c7-0f4d-486f-a58a-73371320990c
316,2025,CDF,SKU,SPRINGS,10,1,1,13.95434,c27d91ed-f09f-4be7-bb34-e1969fd0055e
317,2025,BLM,CDD,AQUADUCT,1,7,1,13.78122,7e9e29aa-389d-4a09-9d63-d27d87c55a06
318,2025,LRA,KRN,ALOMA ,14,1,1,13.77262,d7f001dd-5d3b-4404-984a-360d3a027276
319,2025,CDF,SHU,FARM,2,1,1,13.72191,f624e8ac-1ecf-43f1-bef6-e4e7494f8393
320,2025,CDF,BEU,COACH,2,7,1,13.57751,cc27309f-db61-440e-bf91-e89f4cb1e032
321,2025,BLM,NOD,FANDANGO,14,7,1,13.49481,80d05faa-70b6-4cd7-8387-f0f44708330f
322,2025,LRA,TGU,LOBINGER,2,1,1,13.22655,0a5e1c65-f1d9-42b8-b46f-50003e6ef504
323,2025,LRA,KRN,KRN-25-24931,14,1,1,13.12227,c0246b65-d169-49c7-9732-bb6971cbb575
324,2025,CDF,SHU,BUELL,1,1,1,13.06349,037cd28b-0071-4a1e-b98b-3adaef22e424
325,2025,USF,STF,RUSH,14,8,1,12.92799,7e8eca4f-c672-4b1b-8574-8bb966e2f2bd
326,2025,CCO,KRN,ELK,14,1,1,12.66308,25aac8f8-2a30-4883-a2ba-51d158807b5a
327,2025,USF,LNF,H-10,1,8,1,12.6223,e0e211e1-277f-43fe-a1ec-4a08beeb182c
328,2025,CDF,BEU,SARGENT,1,1,1,12.56901,437db3cf-e26f-4bc8-a4d4-876f14ab89d1
329,2025,CDF,SCU,GRANDE,14,1,1,12.46485,f1c352f5-8ebb-4d6a-9b99-a876e4692438
330,2025,CDF,HUU,LAKE,7,1,1,12.4645,5b75e445-0e39-4a97-84b1-dfc5ee52b718
331,2025,CDF,SCU,FINK,11,1,1,12.33877,acf445b8-f7ac-4b21-a58c-a058c00e3e10
332,2025,CCO,KRN,BEAR,14,1,1,12.27456,e35d47b0-22e7-4043-91d9-5140f0ecd852
333,2025,CDF,NEU,NICHOLS,14,2,1,12.24453,31cfd402-15a7-40c3-881e-7b12029f9bca
334,2025,USF,ANF,TEMPLIN,7,1,1,12.2261,a453bc8a-afd6-445e-a65f-a6f9263dda61
335,2025,CDF,NEU,STARDUST,2,3,1,12.19767,56dbfcd7-ffda-4e39-ba4b-a6854242483e
336,2025,CDF,FKU,GUN,9,3,1,12.06726,8bbb75a9-1980-4e1c-9d07-3b689a5a397b
337,2025,USF,KNF,MURPHY,1,8,1,11.90152,63573632-b646-44ad-a692-39f9f4807d73
338,2025,USF,BDF,MARIPOSA,10,6,1,11.87765,9a66f7fb-3bd6-4041-b4ed-eb1611f46e8f
339,2025,CCO,KRN,LOOP,14,1,1,11.73412,e8582b25-8251-458b-bf19-b7918dcfb536
340,2025,CDF,AEU,GREILICH,2,1,1,11.682,8890bf6d-98a9-4b12-bc61-0b96423ad315
341,2025,CDF,SKU,BEAR,1,5,1,11.63204,191bc523-1fbe-45a4-8228-436c6efeb897
342,2025,CCO,LAC,HAROLD,14,2,1,11.45487,bc750485-be6c-4faf-b91d-01719a5180ca
343,2025,BLM,CND,33,11,7,1,11.44568,540a3840-d5e5-41ed-a4b6-02d3d2b2a5ba
344,2025,CDF,MMU,UTAH,9,2,1,11.39059,e68907f2-438a-43a2-bd75-ce30be042760
345,2025,CDF,RRU,BRADFORD BRANCH,10,1,1,11.35215,d7ba843a-9070-49b6-af65-cfec4eeddb4e
346,2025,BLM,CND,HOVEY ,14,7,1,11.16992,bc65686a-ee46-467d-8db5-48d18f8e96ea
347,2025,USF,SNF,WINDY,9,6,1,11.13911,da3385ba-865b-435a-8578-c485133adac7
348,2025,BLM,CDD,ASSIST/BDC/OASIS,14,7,1,11.13588,0eb9df2d-44f9-45df-be89-6ea5e3a8ee24
349,2025,LRA,KRN,LOCUST,14,1,1,11.12911,d5b840ed-4491-4a89-b671-bc60c3001b91
350,2025,LRA,KRN,HERMOSA ,10,1,1,10.96412,2744ff54-a8c9-4247-90ec-dbd87df22c94
351,2025,CDF,BTU,6-3,1,5,1,10.90325,5c53d500-c148-4676-9d8f-17fae08ea5b7
352,2025,USF,SQF,CYRUS,14,7,1,10.84886,ca5ff2bf-76b5-41f1-8021-9d9d89a8ffe2
353,2025,CDF,TUU,LOOK,1,3,1,10.80006,8fd10851-7d61-49be-be34-41f95157c094
354,2025,CDF,FKU,GUN,9,1,1,10.78514,c005aadd-eb03-4694-a6a0-697a85e1485c
355,2025,CDF,BEU,IVERSON,9,1,1,10.73471,a7083e3b-6a75-41b3-ba6b-87fd89a38e11
356,2025,CDF,SKU,PLUTO,2,2,1,10.65996,611c63cb-f496-4033-ac96-02c4a33c6cfc
357,2025,USF,MDF,CLEAR,1,8,1,10.63687,239226be-190f-43a7-ad49-ee68e1f1f016
358,2025,USF,PNF,LETTER,1,7,1,10.63072,1f0c1984-5026-44cc-a35e-8a50c7ac9b6c
359,2025,CDF,FKU,ISLAND,4,3,1,10.60109,e4b4051f-b89d-4230-8229-fa525ff3bdf8
360,2025,CDF,TGU,GUNSMOKE,2,1,1,10.56276,b7eefc9c-423d-4f72-aa12-a5d6a4720d94
361,2025,CCO,KRN,BEALE,14,1,1,10.52162,7c16d1ca-3269-4474-a9cf-a64a602fe995
362,2025,CDF,BTU,GRUBS,5,4,1,10.40143,fafa32f4-e0a7-4837-aee5-4af12e1ac0dd
363,2025,BLM,CDD,HIGHLINE,14,6,1,10.3387,234844e0-7411-435f-b545-5c4fccfc6932
364,2025,CDF,FKU,FUEL,10,4,1,10.3191,2ded492a-bf86-4b8f-b515-9b79cd46de37
365,2025,CDF,BEU,SOUTHSIDE,14,1,1,10.30094,51bd8e62-0080-4ee0-95b8-e16fdd67b1dd
366,2025,LRA,TGU,ORANGE,2,1,1,10.2738,224a00b5-318d-48f3-a58a-97279722300c
367,2025,CDF,NEU,MATTHEW,11,1,1,10.27065,0598b90d-82a9-4c47-9a30-2d0c4051faf1
368,2025,CDF,SKU,RAVEN,5,1,1,10.20997,597765c4-8f25-4796-8e17-bdf31885fb58
369,2025,CDF,RRU,VISTA,14,3,1,10.12553,b8a02ccb-a311-49fd-be7e-afdc91dd5175
370,2025,CCO,KRN,FRANDY ,14,1,1,9.48122,a370d8aa-db3d-4602-b1fd-d3d10e692e55
371,2025,LRA,KRN,HOSKING ,14,1,1,9.46642,b43063af-bf3a-4ca0-b218-d88930d55084
372,2025,CCO,KRN,HILLS,14,1,1,9.40661,0b2f5caf-24cd-4d1a-aadc-1334157cc630
373,2025,LRA,RRU,SAGE,14,3,1,9.097208,6de007a1-76f3-42fa-afe0-ef3c188a5136
374,2025,LRA,KRN,PARK,14,1,1,9.069969,7179f2b8-70cc-4159-bf68-790e7f90f2b4
375,2025,USF,CNF,PENNY,14,6,1,8.994162,76a819b6-2f3f-4e7c-973d-affd5bf77a9b
376,2025,BLM,CDD,NOPAH,14,7,1,8.961789,87090e17-a930-4a63-b4c6-4825add6d8b8
377,2025,USF,INF,CREST,1,4,1,8.493313,1de50fb0-04b7-40e8-9f79-b844421c2d8a
378,2025,CCO,KRN,MOUNTAIN,14,1,1,8.436714,ef347751-2768-4b26-a78c-2b16b48c717b
379,2025,CDF,RRU,GREEN,14,3,1,8.389605,5fe09dd6-1a27-4445-a829-779120e8b8f7
380,2025,CCO,KRN,WILLOW,14,1,1,8.38383,b99825ca-0737-407f-81e0-0a11febc0efc
381,2025,CDF,SKU,WILLOW,2,5,1,8.307479,70827fed-3c43-4d07-9e07-a27be6f45398
382,2025,CCO,KRN,ORCHARD ,10,1,1,8.015344,247922ed-bd5a-4a59-9de3-03b2c5dcb039
383,2025,CDF,MEU,SAWYER,10,1,1,7.678487,1f05bc35-2335-4d5c-a452-aa14a8f85f0c
384,2025,LRA,KRN,MAXX,14,1,1,7.677474,77604eda-ea26-4c18-b944-35467decfc44
385,2025,LRA,KRN,MONICA,14,1,1,7.405249,8e1a4ee3-a509-49d7-bc6b-2d65b9663f1d
386,2025,CCO,KRN,GRADE,14,1,1,7.178474,9243d362-29b6-4074-8acc-b2a9f10e5f2e
387,2025,LRA,KRN,STAGECOACH,14,1,1,7.157779,d3aca1be-cf29-4d9c-95e8-949dbf754c7e
388,2025,CDF,MEU,BALDY 2,7,1,1,7.043671,a98a8b94-5643-45cd-bf2f-45bb9e2826b7
389,2025,LRA,SLU,ESTRELLA,14,1,1,7.01524,260221a6-b967-40ae-96fd-9fe940975f56
390,2025,CDF,SKU,UPLAND,5,1,1,7.006025,da878cec-331b-433e-828b-4dddb2642881
391,2025,BLM,CDD,YUCCA,9,7,1,6.966782,10ca460b-123c-4196-bb5f-9b87a54301a9
392,2025,DOD,KRN,OIL,14,1,1,6.735997,1e70e4d6-04d9-4df8-ba56-0b6a984ea12d
393,2025,CDF,SLU,BUCKHORN,2,1,1,6.627492,75c448f4-b216-460b-8325-088d3f2110e4
394,2025,CCO,KRN,PINE,14,1,1,6.428208,78ce60a0-9675-4854-8712-44966f857ce7
395,2025,CCO,KRN,COMANCHE ,14,1,1,6.423163,bc9045c3-cde3-4129-a31c-d0e25e1d78df
396,2025,LRA,KRN,KAM,14,1,1,6.418489,b9cd1ca8-ff9c-4e2a-ba8b-9e2d86ad1225
397,2025,CCO,KRN,LERDO,14,1,1,6.401134,24debf36-aca3-4d5c-8fd3-3c50121cea45
398,2025,CDF,SDU,APPLE,14,8,1,6.372646,175d7517-c658-4334-92bd-812e34309586
399,2025,CDF,BEU,GRADE,10,7,1,6.33567,d77a1b6e-4a1b-4634-ae87-0c55d4668d43
400,2025,CDF,SKU,SHASTA,1,2,1,6.328118,3eed69f0-7712-41e8-a8df-3867d154ab48
401,2025,BLM,NOD,R-13 PETES,1,7,1,6.27591,3b9e26d3-078b-42a0-b722-fe278a6d37d6
402,2025,BLM,CND,LONG VALLEY,1,1,1,6.237775,e1791d7b-acdc-497b-bfa0-9cbf61f7a390
403,2025,CCO,KRN,ISABELLA,14,1,1,5.934118,139b391a-6e51-473e-9dc3-0a6fe252bd24
404,2025,CCO,KRN,GRAPEVINE,14,1,1,5.828817,99828549-4621-4057-ad90-94f7f121ed1a
405,2025,CDF,SKU,HARRY,1,1,1,5.772521,8c7aa957-97c9-4558-98b8-33c672edbf0b
406,2025,CCO,KRN,LAKE,14,1,1,5.752456,5012ba64-ab69-4c80-8cb8-890949f030b2
407,2025,BLM,NOD,SOLAR,14,4,1,5.712334,7170bcc0-b64d-4c2c-add3-1c362afa5b07
408,2025,LRA,KRN,POWER,14,1,1,5.657748,39df1637-7deb-4cc6-9b40-d44439ed9fda
409,2025,CDF,SKU,WILLOW,5,1,1,5.643619,4d49848b-cb73-47c3-9943-c7064f1e8a01
410,2025,LRA,KRN,BIKE,14,1,1,5.643009,69f54782-855a-4e26-82b7-84bf2cc30a58
411,2025,LRA,KRN,RIVER ,14,1,1,5.607408,c6fd2f7d-3193-48ff-8de8-798fbcf64820
412,2025,BLM,NOD,R-1 DANNER,1,7,1,5.606033,895b5cfe-589b-4204-816b-72d08b1c2a9c
413,2025,LRA,KRN,WASCO POND,14,1,1,5.571162,a50bec09-92b1-426c-8863-a6684bc7cced
414,2025,CCO,KRN,DITCH,2,1,1,5.47024,6a783eec-86c9-4267-87ba-688442ff72a9
415,2025,CCO,KRN,OILFIELD ,14,1,1,5.455512,16273d88-8ad7-4c53-83c5-b1532f31d3ac
416,2025,CCO,KRN,STORMY ,14,1,1,5.389888,b180f8b3-c681-4264-8e82-d51c1aac3c46
417,2025,CCO,KRN,PUMP ,14,1,1,5.34671,edeca362-de3e-42e3-a0d3-a931503648e6
418,2025,CDF,SDU,COCHES 2,14,3,1,5.299844,5e578a67-9320-427f-ad55-582975e85df3
419,2025,CCO,KRN,LERDO ,14,1,1,5.224772,f2da6c8d-6d75-4b3e-a439-9781bce33095
420,2025,CDF,SKU,SLOUGH,1,8,1,4.96555,90b771bd-f8d0-4e69-86b2-9bc32ef0d77d
421,2025,LRA,KRN,MERCED,14,1,1,4.836013,2c117b81-18e2-457d-9bc7-a2e4156f7fdb
422,2025,CCO,KRN,CYMRIC,14,1,1,4.827553,7428c767-2414-40a2-b7bb-41e7af7ce687
423,2025,BLM,CDD,AFTON,6,7,1,4.786592,02761805-ec8c-4988-9c85-363ef398b6bd
424,2025,CDF,SLU,BRIDGE,5,7,1,4.782364,50156643-82a6-4985-92b0-85c491354831
425,2025,CDF,SLU,RANCHITA,2,7,1,4.414623,d60a2405-dd0b-4398-9e15-73b52b7772f9
426,2025,CCO,ORC,CLUB,1,1,1,4.2,4085e7fd-08ad-4c58-b61a-614240c37b41
427,2025,CDF,MEU,COW,5,1,1,3.983708,39ade27b-dd94-4d6a-b9b8-c93927f33cfa
428,2025,BLM,CND,MIRANDA,14,7,1,3.950654,fc0d280b-100d-42c5-b307-a7b4a41e3923
429,2025,CDF,MEU,BALDY,7,1,1,3.859035,26114db6-ade6-48cd-af3b-10417720e542
430,2025,CDF,SLU,CUESTA,10,7,1,3.708038,b0d8b392-d670-4544-a624-540e08ef127c
431,2025,USF,PNF,BEAN,1,7,1,3.706272,62374cc4-7fc4-471c-b57b-01515d2f4702
432,2025,CDF,MEU,RIDGE,2,1,1,3.599587,b95ee7eb-9333-4223-b85a-566338d90123
433,2025,BLM,CND,COTTON,14,7,1,3.553523,05d94a28-1295-40d5-aacd-edc0f0754b5f
434,2025,CCO,KRN,CHESTER,11,1,1,3.531665,79ecdac7-aefa-414e-a782-307614761310
435,2025,CCO,KRN,BELLA,14,1,1,3.531122,7cb9b4bd-fd70-49d9-95b7-ba12aa308ab1
436,2025,LRA,SLU,SALINAS,14,1,1,3.421595,6c14f816-ba58-4ba8-ac26-eda4ccaf1e92
437,2025,BLM,CND,AIRPORT,14,7,1,3.415518,77014f8e-820d-478a-bc04-9914c824d4d4
438,2025,CCO,KRN,ANGLER,14,1,1,3.393137,a3004604-753c-4859-a477-4fcc433fca95
439,2025,BLM,NOD,R-12 RAMHORN,1,7,1,3.287001,7c89e7a4-de9f-4694-b696-e370ed859a84
440,2025,CDF,SLU,RIVER,9,7,1,3.136678,ba597287-0446-4ce5-b3c0-748fc06074e3
441,2025,CCO,KRN,TEMBLOR,14,1,1,3.049498,dfbf3770-9921-4bd5-94fa-e64d192e850a
442,2025,LRA,KRN,MORNING,14,1,1,3.048534,db63633c-696c-4412-b8da-c0e82697ad84
443,2025,LRA,SLU,VINEYARD,10,7,1,2.947665,507f4d5d-69c0-4189-b02d-2b2acc18bc1f
444,2025,CDF,TCU,5-2,1,3,1,2.83722,af6bbd39-8e38-4d64-9384-580cf6954f97
445,2025,USF,BDF,BLUE,10,8,1,2.644855,e0c543b2-5566-4e5e-8d24-2436cd273aa3
446,2025,CDF,TUU,HUDSON,7,1,1,2.64297,59c88680-05f9-408f-a423-0f728dadc040
447,2025,BLM,NOD,DEEP,10,7,1,2.618863,df505c00-07a5-41cc-8581-053268cfbe98
448,2025,CDF,SLU,RIVER 2,7,1,1,2.604827,b67e3274-42ba-4336-a94b-917556c2f2d4
449,2025,BLM,NOD,R-5 BRANHAM,1,7,1,2.583243,0c0fdd7c-1df7-4e87-b38b-2bf4b775e08c
450,2025,USF,PNF,ISLAND,1,8,1,2.579151,1a038f4a-94ae-402b-a5e5-9bbfead4f32f
451,2025,CDF,SLU,GILARDI,2,1,1,2.422497,72a141ab-163d-4695-ac9f-1b5e486e5e45
452,2025,CCO,KRN,OIL,14,1,1,2.282036,24f5fe81-59e8-4bef-ae4c-ca83afabdb4d
453,2025,CDF,SLU,BERNICE,5,1,1,2.279337,a414f7c3-5ce3-48fc-b29a-69bae8d4c49d
454,2025,LRA,VNC,JANSS,14,7,1,2.276464,282b077d-5ba7-4067-8df8-37da4a1604ee
455,2025,CDF,BEU,VASQUEZ,10,5,1,2.226086,0b88cf5a-417e-42c1-bfc5-f65fc9543b55
456,2025,CDF,MEU,FOOTHILL,7,1,1,2.182911,00a6f5d0-259a-414e-9459-c48ed139d497
457,2025,CDF,SLU,POZO,5,7,1,2.182649,8df95740-7843-4cc5-ac58-1e8e96b5e8bd
458,2025,CDF,TGU,RIVER,7,1,1,2.164113,c5e3e6d2-8674-45d6-96b3-ef81939d2085
459,2025,CDF,SLU,LAKE,11,7,1,2.109433,7057e7ba-db7c-43c7-be6b-622f76d885cd
460,2025,CDF,SLU,LOPEZ,10,7,1,2.0799,199a0cd5-8eb9-4798-b539-f7fa355a46d6
461,2025,CDF,MEU,HOPPER,9,1,1,2.00499,3bd6a844-95eb-4f60-913b-4f21bde35c60
462,2025,CDF,TGU,CLEARWATER,14,1,1,2.003823,d0009d59-0548-4ee7-9d21-165e793a338c
463,2025,BLM,CND,CANE,14,7,1,1.908832,a47ba2d8-459c-4a0b-8404-c0528cad574f
464,2025,BLM,CND,WATTERSON,1,1,1,1.815923,fd80550c-cae7-423e-8ce3-eef27c98f75f
465,2025,CDF,SLU,POINT,4,7,1,1.794168,c8b20367-071d-4b4b-99f0-c80027bf575a
466,2025,CDF,TGU,RUTH,14,1,1,1.774964,7347ed0a-ac16-46b7-8d22-3dc004c1b896
467,2025,CDF,SLU,LAKE,14,7,1,1.757029,2daceec6-a56b-4b1a-b97e-b5b0708546b7
468,2025,USF,PNF,GROVE,1,8,1,1.709664,eeb599fa-3597-4a16-b020-d79b39c592ca
469,2025,CDF,SLU,HELIOS,11,7,1,1.696774,d2733b16-58bf-4e90-88e4-e09760569170
470,2025,BLM,NOD,R-8 RAILROAD,1,7,1,1.638349,7a54b07d-6af4-4230-84de-e3f13a529197
471,2025,CDF,MEU,LAKE,14,1,1,1.610001,78fe650c-722c-40a0-b6ef-034a7ed68652
472,2025,CDF,BEU,STONE,2,1,1,1.578238,652f9f6e-ac73-40fb-abf4-a44e364c7409
473,2025,BLM,CDD,LAKE,14,7,1,1.563858,9c563f1e-77b1-4807-86f4-879a4b4b1030
474,2025,BLM,CND,HONOLULU 3,14,7,1,1.554659,b6cbc03e-e955-429f-8678-ce6cf7928361
475,2025,CDF,SLU,PEACHY,2,7,1,1.480178,f0f63ff3-0bd4-49fb-b012-e34a3d529fe9
476,2025,FWS,FWR,MAYHEWS,14,1,1,1.412104,ec398f3a-15e1-4463-80b9-caf95148efc0
477,2025,LRA,SLU,TANK,11,7,1,1.406657,852b25a5-b22c-49b4-a20f-a36e49563ef7
478,2025,BLM,CDD,HANKS,10,7,1,1.395244,f7c187ea-463f-4f03-a127-82a8e4fc608f
479,2025,USF,BDF,HONEYHILL,14,8,1,1.3934,745b79e9-19de-4f2d-b416-03bc8b35823f
480,2025,USF,ENF,WENTWORTH,1,8,1,1.382969,960d6573-08ed-4e60-94b9-fbbe7e073974
481,2025,USF,PNF,POVERTY ,1,7,1,1.368686,f18f6124-e057-4e46-a4b8-07bdcc3e95c0
482,2025,CDF,BTU,SHIRLEY,11,1,1,1.254534,4604498a-f7c3-4a7e-8290-f30e19bb4877
483,2025,CDF,AEU,MOBILE,5,1,1,1.2333,19184f09-7dfc-4d29-9346-0ebb6cf0cd12
484,2025,CDF,BTU,DUSTIN,2,1,1,1.189732,4be63914-bfaa-4845-8f38-89e855d71b86
485,2025,CDF,BEU,PANOCHE,7,2,1,1.184332,4f7a6100-f4fc-4a4b-a499-40aa5897a000
486,2025,CCO,KRN,EAST,11,1,1,1.167026,2c3aa684-81ec-49c8-941d-fa4f6b44d54d
487,2025,USF,TMU,JICARILLA,7,6,1,1.163775,ba4ae23f-876c-4105-b7de-1e59c47783b2
488,2025,CDF,MEU,RIFLE,2,1,1,1.152858,5bc72e38-a431-4888-ac7a-8295bfa7a1be
489,2025,CDF,SLU,SCENIC,10,7,1,1.088145,e8d3a921-53a3-4ee9-b583-68e632bdb7d9
490,2025,CDF,BEU,HALL,11,1,1,1.085227,d945aaaa-5ee2-4b25-b038-7b8bb57c4066
491,2025,CDF,MEU,MARIPOSA,5,1,1,1.037682,908e6912-47cd-433b-8c0e-0b61c8335d2c
492,2025,CCO,SBC,REST,1,5,1,0.9512382,31878d29-eb05-4802-b10d-8c29c2d85ee1
493,2025,FWS,SPR,SKAGGS,14,1,1,0.9227914,d3431b71-071c-4c58-b72f-911852cbd1c1
494,2025,FWS,FWR,WARM,14,1,1,0.8030199,789348a2-32b6-4328-9805-f1e94055a20a
495,2025,CDF,MEU,FELIZE,14,1,1,0.7819327,5eefa7a3-7149-45b0-b9f4-e1a682aa264f
496,2025,CCO,VNC,GRIMES,14,7,1,0.7539553,40774664-b38b-4029-9a03-d664cc2023d7
497,2025,CDF,MEU,BURKE 2,2,1,1,0.6501259,5bbb1c8a-9e5c-48d5-9d5d-a4ce88e5861c
498,2025,CDF,MEU,CHICKEN,5,1,1,0.6132147,c0238000-ce5c-469c-a9a5-e74ac2d7d742
499,2025,CDF,AEU,COOKS,10,1,1,0.59,9726a5d8-4c6e-4af2-bcff-0e3d103ed050
500,2025,CDF,MEU,WILSON,5,1,1,0.5505544,32088445-fc24-4f7f-bd1a-cd22b9adb2f2
501,2025,CDF,MEU,DEERWOOD,5,1,1,0.3063474,a1e93f0c-e475-4ac6-95b4-7b9b11adef76
502,2025,CDF,MEU,MARINA,2,1,1,0.2819401,1ff1c315-282b-4fa8-9bd1-71c78e50f49b
503,2025,CDF,AEU,CABLE,14,1,1,0.2687268,fc002306-7de7-49f2-9ee1-2810d702ecd3
504,2025,LRA,VNC,PEAK,14,7,1,0.2177159,439cdab8-f68c-414d-bcce-89ff549b9cc0
505,2025,LRA,SLU,OAKS,14,1,1,0.2009448,6c12e0eb-e9d0-47c0-9760-f93e94220e68
506,2025,CDF,BEU,WILLIAMS,9,1,1,0.1935975,8d8e64ed-f726-4efd-ab6f-7559b7477d80
507,2025,LRA,SLU,SALINAS,14,1,1,0.1750592,5592dd0d-2a7c-4aa3-a3d4-835b9ae9a95c
508,2025,CDF,BEU,CANYON,5,1,1,0.171532,d6fd8700-bdad-440f-9423-090c06a8184f
509,2025,CDF,MEU,COMPANY,4,1,1,0.1674148,a94cb062-ec95-4a8f-a350-89642eb16a76
510,2025,CCO,VNC,STANLEY,14,7,1,0.1236822,d1eabdbf-028a-4c38-a9f3-042a867dea52
511,2025,CCO,VNC,12TH ST,4,7,1,0.1143521,5cfcf62c-6d1c-40b8-a55d-236f7faabfcf
512,2025,CCO,SBC,CACHUMA,2,5,1,0.08685759,2bc9eb8a-6b6c-4c9b-9a7b-6455bf2b9c4c
513,2025,CDF,TGU,SKY,10,1,1,0.06539362,09bbf5ba-5c59-4875-b670-4f16990142e8
514,2025,CDF,SHU,CASINO,10,6,1,0.04059369,b0fb6b4b-b9fb-416e-abe0-67c65e7cd434
515,2025,CDF,LNU,GRADE,11,5,1,0.02527107,398a7ef7-ad31-4c05-8b2f-09b8fed7728e
516,2025,CDF,NEU,FRENCHTOWN,14,1,1,0.02224333,1a72b9fa-7296-4b6a-9057-45da54a1a856
517,2025,CDF,LMU,ALTA,10,6,1,0.02113453,ec48d57b-4509-4cee-b877-0c637b8ca6a5
518,2025,CDF,SBC,COUCH,14,6,1,0.01249283,81157d3b-e836-4061-977c-7a36d1b2c011
519,2025,CDF,NEU,NORTHSTAR,14,1,1,0.003981718,68edfad7-690e-4fac-967c-4e5027642481
520,2025,CDF,NEU,NORTHSTAR II,14,1,1,0.001390146,99b2c26a-3717-41a2-a702-0ec12c1f1c1a
521,2025,CDF,NEU,NORTHSTAR III,14,1,1,0.0008994204,23670e57-6094-4f1a-95eb-14ab00c38d94
522,2024,CDF,BTU,PARK,7,7,1,429602.8,8eb3e746-7de6-4a6e-8133-78149d109332
523,2024,USF,SQF,BOREL,14,3,1,59288.54,175041c5-2b04-421a-8a1e-72b8bcdd11ef
524,2024,USF,ANF,BRIDGE,14,7,1,55724.17,5f5c5d8f-4ba8-4fa3-8a5e-d4d3848caac2
525,2024,USF,BDF,LINE,14,3,1,43975.61,1091e020-803d-47b0-a317-f88bb04418ac
526,2024,USF,LPF,LAKE,14,3,1,38610.38,540bb6c9-9242-4d98-9d4f-b84dad7f9840
527,2024,USF,SQF,TROUT,1,3,1,23822.11,0109f798-7683-4d33-a845-73c869daf80f
528,2024,CCO,ORC,AIRPORT,2,3,1,23526.35,8c0b0a4f-d44c-4b5f-ba14-71827ac0af9d
529,2024,CCO,VNC,MOUNTAIN,14,7,1,19902.06,83a1299c-53ad-4159-b4a1-23fb7959e6a6
530,2024,CDF,LNU,SITES,11,7,1,19132.36,a084f42b-29e6-4f30-9832-e7ff264cdf5f
531,2024,CDF,FKU,BOONE,2,7,1,17614.5,56ecd408-5e0a-4339-a87b-aca69c779f48
532,2024,CDF,LAC,POST,14,7,1,15563.13,4ecbc722-d6d4-420a-92cf-bec9902dfbcf
533,2024,USF,KNF,SHELLY,14,7,1,15519.74,d8067e06-827d-4eec-b960-19cdc93b0b14
534,2024,CDF,SCU,CORRAL,14,2,1,14166.77,8ac8baed-b7d3-4a5c-bb33-519a8534ca98
535,2024,NPS,KNP,COFFEE POT,1,3,1,14103.92,25609646-237c-4f56-bc3a-7b8d15108778
536,2024,USF,SNF,BASIN,1,3,1,14020.15,b11e889d-fbe6-4baa-b969-0c5e784a7d7e
537,2024,BLM,CND,HURRICANE,14,7,1,13279.43,f74de061-c2dd-4323-ba4d-de07e3d0fac7
538,2024,USF,SRF,BOISE,1,7,1,12912.65,a4bf169f-d9aa-4f2b-bd3a-a1ddb11a8105
539,2024,USF,SQF,HAPPY,1,6,1,12543.15,734b3a1f-9391-4bb8-856b-a71e88101b97
540,2024,CDF,FKU,FRESNO JUNE LIGHTNING COMPLEX,1,2,1,10641.13,041180b6-5ab0-4dd0-829e-a0a83c99a96f
541,2024,CCO,KRN,RANCHO,14,1,1,9637.177,1ab5caea-01c0-41bc-afd6-4da30d9a3d90
542,2024,BLM,CND,LONG,1,7,1,9204.34,22c6ffff-58c5-4662-86ab-f7d46210a515
543,2024,USF,SRF,HILL,1,7,1,7224.247,2e6ff118-242b-42bd-8ac9-bd5309a3d5f4
544,2024,CCO,KRN,WHITE,14,1,1,5562.288,e6920a47-8fae-40d4-9373-ebfc60010315
545,2024,CDF,TCU,AERO,2,2,1,5284.863,5cf65634-f396-4398-b2fe-7c129d71c46b
546,2024,CDF,RRU,NIXON,11,3,1,5221.287,38e612fb-d377-4179-96c2-e30c72c90ebe
547,2024,USF,SHF,SHOE,9,3,1,5124.031,81356a21-3773-4e77-888a-e4c366d1e0ae
548,2024,BLM,NOD,NORTH,10,7,1,4379.456,dd04329e-4af1-49da-bd0b-9b1cac205f3a
549,2024,USF,INF,HORSESHOE,14,7,1,4223.524,28f0888b-fa0d-4a4e-93d4-a3963d7dafdb
550,2024,CDF,LAC,FRANKLIN,14,7,1,4123.706,d7c9f9b3-b770-450a-ba36-2e56e27d569b
551,2024,CCO,KRN,LOST HILLS,14,1,1,4044.124,09ac9bb0-4e4d-40fb-a2a9-9bbeffae3e83
552,2024,CDF,MMU,PEDRO,8,2,1,3819.055,3cacc8d4-3aa2-48d4-8b2a-0b0974ed7fb1
553,2024,CDF,BTU,THOMPSON,7,7,1,3782.467,95bebfb2-0b90-40a2-b5cc-ab38ae043abe
554,2024,USF,TNF,BEAR,14,7,1,3322.563,85f768ef-0b2f-4de4-8c2d-7cfb52d58d71
555,2024,CCO,KRN,LOST 3,14,1,1,3283.201,7392ff1b-0e36-40ab-8667-5417d64d6618
556,2024,USF,PNF,MILL,1,7,1,2936.694,d77138ba-460d-47f6-8549-187efdbd137a
557,2024,USF,BDF,VISTA,14,7,1,2935.85,6d7774fa-ce74-46b3-8e2f-2e9f9dce5c76
558,2024,CDF,LNU,RIDGE,14,7,1,2755.283,7e82d618-409c-457c-ba3e-c58f784fe9c2
559,2024,USF,INF,PIZONA,1,3,1,2160.581,86fb6a51-ea8b-4c0a-9af2-ad6ceacbcbdd
560,2024,CDF,AEU,CROZIER,7,3,1,1955.33,4ae648e2-f376-4fd0-8c89-5c0f6b8c1d7e
561,2024,CDF,RRU,EAGLE,14,8,1,1710.17,040f4ba9-1008-42b0-8b28-a5c80008aa0e
562,2024,CDF,MVU,MCCAIN 4,10,7,1,1596.656,0f7c6eb3-ed96-4d6a-a6a9-b84502774c97
563,2024,BLM,CDD,WEST,14,7,1,1575.731,2a5a9899-927c-4559-95df-00d8691bf798
564,2024,USF,LPF,APACHE,14,7,1,1496.342,0d30178b-3237-4c2a-baf1-62eb7e4add69
565,2024,CCO,KRN,SCHOOL,14,1,1,1478.558,4aa4ff07-8ae0-4290-a0c0-b9d0549f8fce
566,2024,CDF,SLU,BEAR,11,1,1,1403.642,a39a618e-bb1c-4595-811f-fe55375795da
567,2024,CDF,SBC,HILL,2,2,1,1383.055,69719aba-43f8-4273-a9d6-62c065765736
568,2024,CCO,KRN,OLIVE WEST,14,1,1,1357.199,9f563bce-009b-4b3b-84f1-47334269bf9a
569,2024,CDF,BEU,AIRLINE,14,7,1,1295.254,5181b3f1-ebe7-45ca-adb9-91c670336044
570,2024,LRA,MMU,FIREBAUGH,7,4,1,1267.995,b25be1fd-a4e0-4d02-9063-95503f53bf84
571,2024,CDF,LMU,RIM 3-6,1,1,1,1262.497,880147c4-4eec-4425-afd3-cf655c6950de
572,2024,CDF,LNU,POINT,9,7,1,1207.01,24f3b582-4030-4f85-b0c9-fc5bcce64ea7
573,2024,CDF,BDU,HESPERIA,7,7,1,1130.459,5f3a56cc-ef4f-46e9-9f8a-6943342dca2d
574,2024,CCO,KRN,ROAD,14,1,1,1074.765,68dacb3c-9e37-485c-82c8-6774bb311b60
575,2024,CDF,BTU,JUNES,14,1,1,1060.483,9f3db4b7-bfc0-41f2-ae35-541538025057
576,2024,CDF,BEU,METZ,2,7,1,1054.964,9984fddf-a134-4923-9080-35786eded0fb
577,2024,BLM,CDD,DOVE,9,7,1,954.2029,851b940a-5d46-4301-86a3-ea55e4ac75ee
578,2024,USF,MDF,CLEAR,14,7,1,909.145,4ae21cf6-67cf-404c-950a-23abbcf22395
579,2024,CDF,MMU,FRENCH,2,2,1,908.0415,072ccbed-df14-4aae-b2ba-47a84a8d995b
580,2024,CDF,MMU,CANAL,2,4,1,899.6971,e8c6f42c-a3f4-4618-a1af-90f30db66eee
581,2024,CCO,KRN,CODY,14,1,1,890.5767,08da12ae-df8f-4489-a44c-363e84f2f45a
582,2024,CDF,RRU,LISA,2,3,1,889.624,62ed2855-0c36-4b7e-b0d2-80a3f659574d
583,2024,CDF,MVU,GROVE 2,1,7,1,863.4775,96ba804c-f4a1-4225-84d4-2863d6068086
584,2024,USF,MVU,ROBLAR,13,8,1,856.1542,eaa65ef0-4056-413d-8c15-1b3cf2eef718
585,2024,LRA,FKU,MATEO,10,4,1,750.8894,ce5ad849-19cf-4d99-b071-7aecb17ab0cc
586,2024,CDF,SCU,CREEK,2,2,1,744.1025,d9fd487e-4032-4977-8b49-0529474e81c6
587,2024,CDF,BTU,APACHE,5,7,1,695.3708,d9e6d3da-ac19-4d20-9312-35409df8e4d7
588,2024,CDF,BEU,HERNANDEZ,14,2,1,642.2083,741288d3-0fa2-4e72-a3cc-b6f43eebe812
589,2024,CCO,KRN,RANCH,14,1,1,616.9343,a4156e6f-912c-41c9-bff3-ecbb84314d79
590,2024,BLM,NOD,TULEDAD,10,7,1,563.8792,c8047b23-b61e-442d-ab51-76e48f32ddb5
591,2024,CCO,KRN,WATER,14,1,1,542.5854,ed1692f4-6f79-4ee2-8f6b-42a9b884cba7
592,2024,USF,MDF,VALLEY,9,6,1,536.6061,9dec1fae-75ce-4326-b11a-b5651ceff6b3
593,2024,CCO,KRN,SKY,14,1,1,526.3655,4f7dcc3b-0c0d-4fcb-90ea-258266008e0e
594,2024,CDF,TUU,CAMPBELL,5,1,1,523.3388,28e3e570-3c5c-41f2-8e0f-fe9c3001736a
595,2024,CDF,RRU,RECORD,7,7,1,517.0266,4968a8ad-c911-4c31-965e-902f03ff7ca9
596,2024,BIA,TIA,COW 2,14,4,1,512.2733,a7b525fd-5c28-4974-b417-6791de9bdff7
597,2024,CDF,FKU,DORADO,7,1,1,512.1791,eda7725c-056e-4e59-a2c5-48d7d8397395
598,2024,USF,STF,SHEERING,1,7,1,493.9644,afa8f24b-851d-4879-aaa4-b7c792fa63ba
599,2024,BLM,CDD,STODDARD 3,14,7,1,472.7928,6e08d66b-6632-4352-92c5-35f5df5126fc
600,2024,BLM,CDD,EL PASO,14,7,1,472.0264,cb758c29-0146-47ef-9992-2754dcbeb123
601,2024,CDF,SCU,POINT,11,2,1,461.6589,fa79b469-0111-49d9-9299-d62cb9b92039
602,2024,BLM,CDD,BELLA,5,7,1,453.8131,65fead50-5a84-496b-bf4f-56283b0c2536
603,2024,LRA,NEU,AMORUSO,10,4,,432.6296,f4d4adc4-8862-4a81-9812-3e9daa79f573
604,2024,CDF,SCU,FLYNN,10,1,1,429.1544,ed2db5ad-ae34-4cf9-b209-c8c53f2dd93d
605,2024,CCO,KRN,HOLIDAY,14,1,1,428.4925,ffbbedfb-b8b1-4db8-8b0c-8e97f1494689
606,2024,CCO,KRN,BLUE,14,1,1,427.2897,7267b091-dc41-4934-999e-f20165527902
607,2024,BLM,CDD,LUCERNE,14,7,1,419.8341,b7df34d5-bcaa-430b-a8fa-23c1fa722c04
608,2024,CDF,LNU,GLENHAVEN,9,7,1,417.4464,fae5d8ec-d640-497f-a2cc-900b716b404f
609,2024,CDF,SKU,BOGUS,2,3,1,411.5643,89cff326-7102-40d2-89bd-82acbeb91db2
610,2024,USF,CNF,POSTA 3,2,7,1,411.3604,66d4b725-e6c9-438d-90bb-9de37cfdad0d
611,2024,CDF,MVU,BORDER 53,14,7,1,403.2409,048ee2dc-c291-4d73-bdd6-37f0d8478f17
612,2024,USF,MDF,PENCIL,1,6,1,395.5634,64a20284-df4e-4463-9335-c0b581a38bf7
613,2024,CCO,VNC,FELICIA,14,7,1,393.3771,e116709d-6e90-42b1-9bb6-1aca916a6362
614,2024,CCO,KRN,GASKELL 2,14,1,1,392.9767,8a85f94e-3c9c-41d2-b5b9-00b05311261c
615,2024,USF,SQF,COW,14,6,1,370.8842,ef305f9e-b69a-46df-b898-afcad4872027
616,2024,CCO,KRN,I5,14,1,1,356.6399,2e1a28fe-0f4c-4ac6-b527-f8b68b38aaf1
617,2024,CCO,KRN,SHERWOOD,14,1,1,352.2255,0dbba270-9768-4e8d-8e6b-cde0a6de391d
618,2024,CCO,KRN,5 INCIDENT,14,1,1,347.2924,0cc65b01-8bd8-4eff-937c-2a187558f862
619,2024,CDF,RRU,ROUND,14,3,1,343.6256,107751b9-4b5e-4371-b58e-2fc9c4977d99
620,2024,USF,STF,PEAK,4,7,1,334.1724,d450af46-245c-4172-bafa-d28dc2a53a2c
621,2024,CDF,SLU,BITTERWATER,2,1,1,331.2043,ba25b343-41fc-4352-b66e-40e518646ff6
622,2024,CCO,KRN,TURBINE ,11,1,1,329.2224,0007673d-32b8-468d-b5a7-0e13f9be4087
623,2024,CDF,SCU,GRANDE,7,7,1,322.6475,ee20be17-7576-4f3f-9a9f-6446d4ccab06
624,2024,BLM,CDD,POLE,14,7,1,317.0617,b7474f04-fc51-4e2d-890f-becdacd094d1
625,2024,NPS,YNP,MIDDLE,1,7,1,310.031,9cb90845-81ff-4132-9262-4f8af1159820
626,2024,USF,MDF,POINT,1,4,1,299.6147,d7625bee-6ceb-4858-b6df-c7551912d99d
627,2024,USF,ANF,FORK,14,6,1,298.1226,2f185394-f9e2-4b94-87c9-06aaa74cd68e
628,2024,CDF,MVU,BORDER 66,14,7,1,296.4171,5958a39b-9523-478e-96a9-2bbd5076c04d
629,2024,CCO,KRN,WILLOW,14,6,1,289.8958,6e4b420d-09eb-4617-a36b-f7e8985f6491
630,2024,CCO,KRN,BRECKENRIDGE ,14,1,1,276.5219,aaab47bb-eca0-4369-9a63-79f279690621
631,2024,CCO,KRN,AVE 80,14,1,1,272.9945,954c1c29-de74-4c2d-a138-720b89330e26
632,2024,BLM,CDD,POST,14,7,1,264.2433,2185c3aa-a6e6-456e-96ea-987ff7222693
633,2024,LRA,NEU,ATHENS,14,3,,262.4109,f3828021-c5dc-4feb-a51c-ffd0a8ebb236
634,2024,CDF,RRU,JACK,9,3,1,261.3878,dd60062e-7681-4426-bc49-834c3314e194
635,2024,NPS,KNP,SENTINEL,14,7,1,260.6602,62fe3e24-0e67-47f4-810d-33c350d4cf12
636,2024,BLM,CDD,BORDER 59,14,7,1,259.9372,e1abd2dd-dde4-4325-8ead-805a7aad391d
637,2024,CCO,KRN,GARDNER,14,1,1,254.9848,259dddea-cf2f-4213-b4f7-10a12fae23fb
638,2024,BLM,CDD,CANYON CREST,8,7,1,254.0351,b6cc135e-ed98-4a92-90ec-7b19c7c7674d
639,2024,CDF,BEU,LONOAK,9,7,1,252.9656,54122df4-e7c6-4e5a-b06c-6fec15e2adb3
640,2024,BLM,CDD,PALMAS,18,7,1,239.119,e2493c76-776d-4a65-a492-6955461ff7c8
641,2024,CDF,BEU,PINEY,9,7,1,225.1171,445b5ee6-11a2-4ab4-91f5-5442e3b73eb7
642,2024,CCO,KRN,PILOT,14,1,1,217.4707,f69a920d-33df-47c6-9ecc-4dbf9f169e5b
643,2024,CCO,KRN,ROWLEE,14,1,1,215.4237,65dbb946-0af7-4776-a3d2-0557db784bab
644,2024,BIA,CRA,BLUE WATER,8,6,1,215.105,d185ee7e-b38c-4f04-b838-5abc04447ea7
645,2024,CDF,MMU,WILLOW,10,2,1,212.5165,ece97a16-fb54-4c91-b0a1-92957bc67176
646,2024,USF,TNF,ROYAL,14,6,1,211.2695,db00adb3-f353-4172-a6c9-310016496b85
647,2024,CCO,KRN,LAVENDER,14,1,1,209.7129,fce8e2de-1440-4992-8393-84ef3cb0043f
648,2024,CDF,FKU,DEVIL,2,1,1,208.7452,c6bae72b-45d5-4977-aea5-e397c698be6f
649,2024,CCO,KRN,FIVE 5,14,1,1,197.0585,51376973-c7e1-47d3-b74f-d197cabb5fdd
650,2024,CDF,BEU,PANOCHE,4,7,1,191.3729,2127896b-69fb-418f-8b96-5ec2593b7f6d
651,2024,CDF,MVU,GREAT 3,2,7,1,186.7424,0b89940a-389c-47ed-bcbc-af9f10abf4fd
652,2024,CDF,FKU,YORK,11,1,1,181.9529,71a17391-94b0-4285-a175-ba574a973a16
653,2024,CCO,KRN,LAKE 2,14,1,1,179.6678,4d0267ae-a29a-43b1-a2e2-3200dfe98356
654,2024,CDF,BTU,PENTZ,11,6,1,176.418,49480a24-2f5a-45f1-86ed-7e96a35ad26f
655,2024,CCO,KRN,SHERWOOD 2,14,1,1,163.1262,c8ef6fbe-7acc-435e-8343-451ce0dac0c2
656,2024,BLM,CND,SODA,1,7,1,161.0311,04df9f2d-6db3-41d6-a3d1-5ea1a18c63d9
657,2024,CCO,KRN,SAWMILL,14,1,1,160.834,f14189f7-e684-486c-b395-31ffa22183c1
658,2024,CDF,FKU,PETROL,11,1,1,157.6553,320f9bf5-80fc-405e-9d78-ec8a6551f148
659,2024,CDF,BTU,RAILBRIDGE,2,5,1,144.278,44fc0062-7e8c-4318-a8d8-9119d48fe09f
660,2024,BLM,CDD,RED,9,7,1,141.743,84905fb0-4ef7-438b-ab6d-4809262bdd0d
661,2024,CCO,KRN,JAMES 2,14,1,1,141.146,c232a754-c34a-42d4-b3db-300a582b7246
662,2024,CDF,MVU,BORDER 58,14,7,1,136.5067,d680446a-f987-44f3-a937-7d0444b72414
663,2024,CDF,RRU,MACY,14,8,1,134.3121,4fe8bf50-9776-4757-a468-d81a3c8c371c
664,2024,CCO,VNC,SHARP,14,3,1,132.8858,4744fa84-7a1a-4562-828d-af3f78a18762
665,2024,CCO,KRN,10TH,14,1,1,131.9613,b08fcdbc-11ff-4f2f-9ab7-7bacb11d2fb1
666,2024,BLM,CDD,TUSCANY,14,7,1,126.07,436ea0bd-3a1d-4d4a-974a-83c5e704f185
667,2024,CCO,KRN,DAYTONA 2,14,1,1,124.1726,0ecf3177-2f69-4b03-b3c8-858ed4c92e1f
668,2024,DOD,AFV,SANTA LUCIA,10,7,1,123.438,dd912d1a-550a-486e-af0b-454189b75042
669,2024,LRA,KRN,HOLLOWAY,14,1,,121.7129,0c21046f-802a-4fc3-a51a-2d7202d725e1
670,2024,CDF,AEU,GRANT,10,1,1,120.0366,66e3d66a-a706-4da6-8705-984ed7b52383
671,2024,CCO,KRN,WIND,14,1,1,119.0229,15485834-44b6-40f7-8185-868aac1515df
672,2024,CCO,KRN,MOCAL,14,2,1,116.1366,2ad4d2e5-bc88-4717-8a47-5244cbdedad5
673,2024,CDF,SKU,DEWEY,1,8,1,115.7677,932f8dac-4c16-4d00-991f-b56d0e0962b4
674,2024,LRA,KRN,POND,14,1,,109.6348,b2053ce1-acf8-4a42-a4bd-299058561d2a
675,2024,USF,ANF,FRENCHMAN,14,6,1,109.0292,0c6f377f-91c5-432a-80dd-b63a46dc88d1
676,2024,CDF,AEU,LIBERTY,10,1,1,104.1382,6d6da9a4-b152-4cb6-9d72-18cdf3f04b03
677,2024,LRA,SKU,PARADISE,14,2,,101.7845,5e64e759-3b73-45ea-b6ac-d80c9b7b7bd4
678,2024,CDF,TGU,SPRING,10,1,1,101.5416,d79df349-938f-45a1-b74d-f9ebcd5e6304
679,2024,CDF,RRU,PAUBA,14,3,1,101.4715,d788d7e8-927e-4b56-af21-1e74a7d942ef
680,2024,CDF,BDU,CARTAGO,11,3,1,101.3442,80ead331-96dc-4737-9456-6cdf9a3d2cc5
681,2024,USF,CNF,TENAJA,14,7,1,99.1321,08747483-5293-4f2f-a7f8-6a741d7b7ca4
682,2024,CDF,BTU,QUINCY,2,5,1,98.73624,66650a6b-7c6e-4770-aa5b-fa49d99bff28
683,2024,BLM,CND,RED,14,1,1,97.80309,e8a248d7-068c-477a-8f86-b5f6920fe56b
684,2024,CDF,SCU,PATTERSON,14,7,1,95.85375,1ed9f6c4-a6b8-4ffb-83be-db6a882495d8
685,2024,CDF,MEU,MINA,5,1,1,95.54716,130f3d0e-02ee-4eb7-a651-f61ed7824461
686,2024,CCO,KRN,ROUND,14,1,1,93.49149,48bbc602-4eb9-48ed-b8ae-8e8958241c1f
687,2024,CDF,SLU,CYPRESS,14,7,1,92.61814,99d497f4-53f8-4565-a869-4441c430202e
688,2024,CDF,SHU,OLINDA,10,3,1,92.34819,319c001b-0488-44cf-bde5-093e506fc410
689,2024,CDF,FKU,WATTS,8,1,1,91.0295,0f5b6a79-bee0-42a9-983d-b5b24be8539c
690,2024,CDF,BEU,ARGYLE,14,7,1,88.36693,a353b3cd-154d-48d3-a79e-ec9f852457a6
691,2024,CDF,AEU,MEISS,10,1,1,87.90668,236e0c67-962a-48da-be53-fb40dd4ab4ba
692,2024,CDF,SHU,VETERANS,10,1,1,85.31154,694fdd82-1033-4b46-bfee-9c4ba9f79daa
693,2024,CDF,MEU,GRANGE,10,1,1,84.77656,23cea3e9-76dd-4a7c-961b-b5a91970428c
694,2024,BLM,CND,CANYON,7,7,1,79.88668,7f92a61c-c2ca-449e-b564-7dd0dfd64053
695,2024,BLM,CDD,BORDER 74,9,7,1,78.61796,711d2c85-3714-449d-baf9-54df55694497
696,2024,CCO,KRN,PANAMA,14,1,1,78.08947,60a495fa-8e92-4814-9573-6909c12f69bc
697,2024,CCO,KRN,WELLER,14,1,1,77.51704,9977ceb4-c923-4601-ab76-8afba0fede7a
698,2024,USF,SQF,POWER,14,6,1,76.63322,5fc53fcb-b74c-42cf-8865-badd14b43bef
699,2024,CDF,NEU,IOWA,5,1,1,75.39873,47a52b89-b2b9-467b-8c63-b8629b200d70
700,2024,CDF,FKU,YORK,11,1,1,74.41171,f34746bc-a7b6-4a70-8a6a-1248e1abcfc5
701,2024,CCO,KRN,OIL,14,1,1,73.68279,61d7d955-12ee-4b68-8f2b-ee2ef2f04f23
702,2024,USF,LPF,REFUGIO,14,2,1,72.71605,a4642664-8e73-41b5-9629-16eea947b059
703,2024,CDF,FKU,DERRICK,7,1,1,71.85108,7c82ecd9-218e-4301-ac08-c5551792475e
704,2024,CDF,AEU,WICKLOW 2,7,2,1,71.58815,84883a63-2beb-49cb-a482-3ca0276454e4
705,2024,CDF,TCU,MARIA,7,1,1,71.03995,19f35e64-afc7-4f41-b8b7-34218188dde2
706,2024,CDF,RRU,HILLS,14,8,1,70.24644,89ab8773-c4c9-465f-bf22-745c16360128
707,2024,CCO,KRN,QUINN,14,1,1,69.36256,44045c45-cd44-48cf-bfc1-1ec8335da963
708,2024,CDF,MVU,BORDER 77,9,1,1,68.85107,53be53a3-3bcd-479b-9284-ab01edda73bf
709,2024,CDF,BDU,JOHNSON,14,2,1,67.26244,33f4cbf7-3f15-432e-a9d6-99f87320942a
710,2024,CCO,KRN,FAMOSO,14,1,1,65.44274,d5bddf53-2918-43d0-87aa-cc1d43a7a708
711,2024,CDF,RRU,CARMEN,7,3,1,64.26192,29ba52d1-49ee-40d8-ac99-2b191746c108
712,2024,CDF,SBC,RIVERVIEW,10,7,1,64.12293,f6b995b1-60f7-4e95-a5f3-7d327406d895
713,2024,CDF,BTU,CENTERVILLE,7,1,1,62.47217,cedc4af8-79ca-4f7a-9051-2f8e5db0feff
714,2024,CCO,KRN,BURBANK,14,1,1,62.28129,8be1abd6-5c00-4d59-ae70-66ceb7428dc2
715,2024,CDF,AEU,PAY,11,2,1,61.6387,57b1ba5d-bdd9-4734-948c-ca1b2ea951ae
716,2024,CDF,TGU,EXECUTIVE,11,1,1,60.2354,dad7c6ef-baf1-476e-b65e-9ed0b66451b0
717,2024,CDF,SHU,DERSCH,10,1,1,60.21759,a1eeece9-e1aa-4541-a776-48afb79bf75e
718,2024,BLM,CDD,CAL,14,7,1,59.79034,7d20e646-9a7f-4c22-a826-1a72a6da57a6
719,2024,CCO,KRN,BERRY,14,1,1,59.50274,d0f6ff73-68d4-409e-a933-e165d523dca3
720,2024,CCO,KRN,MORNING 3,14,1,1,58.64127,c094ff3c-e06c-4c4e-8d41-b20a87aa6198
721,2024,CDF,SCU,CANYON,9,1,1,57.08528,ff731545-0d94-4531-ad9b-0fda15770a38
722,2024,CCO,KRN,PANEL,14,1,1,56.98214,15f29bfb-bb7e-409c-bc03-908e7b78facb
723,2024,CCO,KRN,CHASE,14,1,1,56.73235,f4ba69ec-a402-4b75-abda-b3d45c9db291
724,2024,BLM,CDD,ABBEY,14,7,1,56.56629,a18daaaa-2e02-4811-a6f5-581c808069b6
725,2024,CCO,KRN,MORNING 2,14,1,1,56.402,2283262f-2f29-4ddf-9876-91fe508a6ae9
726,2024,USF,PNF,SMITH,14,3,1,55.70341,d4c32111-7ed7-4e33-9943-fda6a23c5f6a
727,2024,CCO,KRN,DI GIORGIO,14,1,1,55.6607,cfd9fce2-b176-4a11-b538-9b0e5de8b723
728,2024,NPS,YNP,ECHO,1,7,1,55.61696,7ad2b76d-e545-43d2-a184-bf6b681600ce
729,2024,CCO,KRN,155,14,1,1,55.41169,bbe2b9da-ea42-47ca-b339-07390900c922
730,2024,CDF,BEU,PEACH,9,7,1,53.42971,8a8e797b-5400-433f-8f4b-253e3a5efb9d
731,2024,CCO,KRN,CALIENTE,14,1,1,53.36197,2d843fec-43c9-4e3b-8379-c9a227aaa7f0
732,2024,CCO,KRN,GROVE,14,1,1,52.62851,1d9694b3-e46d-445a-a12b-b807e7461f28
733,2024,CCO,KRN,TULE 2,14,1,1,52.22429,1d8a32bd-f0d3-49f1-8495-a992a2e2ccfc
734,2024,NPS,KNP,SIMPSON,14,2,1,52.11252,ad4529c9-7b0b-42fd-8430-3c4d803b9b4f
735,2024,CDF,AEU,MOCCASIN,9,2,1,51.05938,30b5672d-a1c9-420c-9c66-abcda817e6b6
736,2024,CDF,MMU,GRANITE,7,4,1,51.04713,6c25f1c9-99d4-40c5-8ef4-96e9cf868211
737,2024,CDF,BDU,QUALITY,9,6,1,51.00266,5b447c73-a03e-48f6-833c-97371bc6dfbe
738,2024,USF,SNF,ITALIAN,14,6,1,50.31151,01304189-9dc5-45c2-8a75-4f4bcb6f9c01
739,2024,CDF,MVU,GARDEN,2,7,1,50.05513,badca12b-3209-48de-9711-6815ebe4dcd5
740,2024,CDF,MMU,BULLION,5,2,1,49.60625,64d6acff-fa40-416b-b374-b2d920beaa91
741,2024,CDF,FKU,GARLOCK,2,1,1,48.95063,60b37027-d521-4699-b76a-38fcf3df4311
742,2024,CCO,KRN,TRAIN,14,1,1,47.84439,24f64052-2f9e-41f9-ae61-254771ff77c0
743,2024,CCO,KRN,CREEK,14,1,1,47.46571,4bd80759-43d3-43a4-bb61-13e3452d90ae
744,2024,USF,SQF,PACKSADDLE,1,7,1,46.63833,154ca4b4-5e70-47de-95b5-d4329917ff79
745,2024,CDF,SBC,ROSA,11,1,1,46.51128,dc3aa743-5350-4066-85bc-e5b16d2b5b91
746,2024,CDF,MMU,CIRCLE,2,3,1,45.79848,4ca3b6be-0985-43ab-acf8-2b4f0c53500a
747,2024,CCO,KRN,LAVAL 2,14,1,1,45.57498,b3323786-9b2b-4ec0-aed4-5f74e6ffdb3e
748,2024,CDF,SHU,HIDDEN,2,3,1,44.97513,9844bf6b-3543-4a66-8473-4020e2ae5274
749,2024,BIA,CRA,HIDDEN VALLEY,5,8,1,44.96106,f157bb82-87cf-4c44-874b-93dcb48f90b8
750,2024,LRA,KRN,VINELAND,14,1,,43.32871,830b24e4-55f4-4888-b267-e55f1a0179cd
751,2024,USF,CNF,KITCHEN,11,7,1,42.96142,3f8b6408-2f67-4ca3-bc4d-433561fc5f58
752,2024,CCO,KRN,HIGHWAY,14,1,1,42.81101,81816e47-3e00-4864-b614-fc6ffdb3572b
753,2024,CCO,KRN,ROCK PILE,14,1,1,42.58892,14ffdfc0-b802-4f08-bfa3-94f2320f3855
754,2024,CDF,SBC,OAK,14,7,1,41.68362,b751f15d-6d34-4edb-95de-c07b5b17a9d2
755,2024,BLM,NOD,HORSE 3-7,1,7,1,41.53341,e67f25ba-3662-47a0-bc68-38f3a261eecd
756,2024,CCO,KRN,HILL,3,1,1,40.76807,67476f18-42d5-4d62-93af-559768edd0cd
757,2024,CDF,LNU,TOLL,2,7,1,40.67759,181a2b64-b643-4396-9c0c-c26da722f0b2
758,2024,BLM,CDD,SORREL,14,7,1,39.97076,145c1863-48c0-4fa4-8c27-a69406ca7fcb
759,2024,CCO,KRN,GREENFIELD,14,1,1,39.78333,a0a030a3-d2d2-4565-a440-e6688266ec9a
760,2024,CCO,KRN,HORSESHOE,14,1,1,39.70197,1a3bcf50-b2b2-4f4a-bf1c-9ebe4d5540ef
761,2024,CDF,MMU,WHITE,1,2,1,39.02367,f8ba6d66-a882-404f-8f73-9d7d99648f23
762,2024,CCO,KRN,TRAVEL,14,1,1,38.00743,049d282c-bfa3-4c01-adf9-e022eac86fea
763,2024,CDF,RRU,CLAY,14,8,1,38.00608,821ee266-170d-4d2a-9e36-bfebb4547dce
764,2024,CCO,KRN,BACKUS,14,1,1,37.60654,c1057ce2-f4fc-4fad-b4a3-c9ca0203f1dd
765,2024,CDF,AEU,MEISS,7,1,1,36.99982,12388001-f3d7-4fb5-98c1-75ee8ec7afb5
766,2024,CDF,SBC,WEST,10,5,1,36.68454,d86da008-f1b8-4a2e-99b5-f12b54637f75
767,2024,CDF,FKU,PHELPS,11,1,1,36.47032,bc31c81b-de50-47f4-9e04-361af5cbe8ea
768,2024,CDF,FKU,LITTLE,14,1,1,35.90513,a7c9b734-892f-4eaa-a14f-32b799024616
769,2024,USF,ANF,SUNRISE 2,10,8,1,35.31696,859d5dc7-ad77-406e-849e-503f57f1a08e
770,2024,CCO,KRN,MORNING,14,1,1,33.7582,9567d186-ecdb-4291-a81f-2a3e8b0f5008
771,2024,CDF,BTU,BAR,4,7,1,33.54623,3449f6b1-87f9-4bac-9fb2-62558861f4ad
772,2024,BLM,CDD,SHIRLEON,9,7,1,33.50643,034959e5-2c4b-4d43-a456-d0da37296285
773,2024,CDF,MVU,CHURCH 2,7,7,1,33.47947,56a65c3a-6e97-408a-89a1-a067733684c5
774,2024,CDF,FKU,PAN,1,1,1,33.28989,95f0c97f-3c7b-4297-9ec4-fce56dd158c2
775,2024,CCO,KRN,SNAKE 2,9,1,1,33.07992,695003b0-cf39-4afe-9018-6d46d8982902
776,2024,CDF,SCU,QUIMBY,7,2,1,32.96128,c7457c08-7c94-4c69-8f22-01738afdd04e
777,2024,CCO,KRN,BAY,11,1,1,32.84939,fea272c0-b9b4-4f11-ac67-b9a51667b21f
778,2024,BLM,CDD,INKOPAH 5,14,8,1,32.37347,9a3b573f-4397-441e-a503-dc1387d0bf86
779,2024,CDF,FKU,TAR,2,1,1,31.95447,ee3417d0-ee51-4e4a-a500-25bfdb6782bb
780,2024,CDF,TGU,DEER,14,1,1,31.89286,a6d46434-2460-4edb-a775-c6fae40cdf70
781,2024,USF,MDF,PLANTATION,1,7,1,31.23761,12b8b15e-0e03-4868-88e4-c97bf85717da
782,2024,CCO,KRN,EDMONDS,14,1,1,31.22492,b2bd3eb2-412e-4f2a-920a-6d15f01b6272
783,2024,USF,BDF,RRU/HOWARD,15,6,1,30.44253,42169e1c-612a-4c48-8100-903ccbcf769e
784,2024,CCO,KRN,ALMOND,14,1,1,30.18414,a10186fa-8ed8-4bd5-9499-e0017bc17bdb
785,2024,NPS,YNP,MORRISON,1,3,1,29.55619,83f414f3-e12d-4c0c-8eeb-b2506d7fdf21
786,2024,CDF,BEU,IDRIA,5,3,1,29.10712,70215417-9b75-481a-b713-a5d61fb9547f
787,2024,CCO,KRN,LOST,14,1,1,29.02665,827eb68c-7cfe-4aae-bcfe-256e8a2c7b76
788,2024,USF,ANF,LAGO,7,6,1,28.54437,00b5ff2d-1e8a-4aba-a215-e827415add9d
789,2024,CCO,KRN,BITTER,14,1,1,28.39853,bc467e5c-d272-4e1f-a505-8a21aa4b55be
790,2024,CCO,KRN,DELANO,14,1,1,28.35473,a059082a-74d0-4a0d-b7f7-4b3fdf25b7a1
791,2024,CDF,NEU,DUTCH,9,2,1,28.29969,60a6c9d1-5ce9-497f-883b-c12fda6ae692
792,2024,CDF,SLU,BRENTWOOD,2,1,1,28.25279,65836104-543b-482b-956c-9e3e5b19b1a1
793,2024,CDF,FKU,PEPPER,9,1,1,28.01812,aa5297a4-f3a7-42aa-aa47-7db6aea6e70b
794,2024,CDF,SKU,COD,2,1,1,27.87774,6d344278-886d-4724-89be-8bc61710c634
795,2024,CCO,KRN,BERKSHIRE,14,1,1,27.84261,2a8970ca-c6f8-4dd9-8ca0-07af0dadbdb1
796,2024,CDF,MVU,PROCTOR 8,9,1,1,27.25527,cee9b9d5-27a3-4a53-aa44-f51acfa1a8f5
797,2024,CCO,KRN,GOLD,14,1,1,27.20513,83e60afe-6f24-4d51-b4ca-dd2a9eb0854c
798,2024,CDF,TGU,RAWSON,2,1,1,25.64202,7d10c652-68af-4a46-a42d-c6b05f3cae7d
799,2024,CDF,MVU,RESORT 2,10,1,1,24.86569,184cc19a-84a9-4dcb-91e4-ac2507877b5f
800,2024,CCO,KRN,SOUTH,14,1,1,24.77898,1c48e956-722d-4517-8d84-302114eea550
801,2024,BLM,CDD,RUBY,14,7,1,24.54488,752c61c3-c9ca-4514-8de8-6200437c2e59
802,2024,CCO,KRN,ROLLING,14,1,1,24.41115,923029e3-a0d0-42d8-80dd-36260e92e795
803,2024,CDF,FKU,DOM,10,1,1,24.31393,4fed19bd-14b5-41ee-8905-cdeb970acd0e
804,2024,CDF,MEU,PINE,9,6,1,23.97869,5bf72280-e579-4819-937a-557ebcca53e1
805,2024,CDF,BTU,MARYSVILLE,2,6,1,23.83634,f05cf890-5964-4242-9a7e-2d8502b0860b
806,2024,CCO,KRN,PIONEER ,14,1,1,23.75912,a057c7af-22fa-46a3-a4ca-4d9bb8f2fd15
807,2024,CCO,KRN,POND,14,1,1,23.75165,c2f6ff38-600c-46f2-8f51-963f33df2f3f
808,2024,CCO,KRN,LOST,14,1,1,23.72649,73df8eec-ba20-4ccc-921c-6096f5262296
809,2024,CDF,SBC,GRADE,10,3,1,23.58384,729b106b-e839-4437-9357-8888fb448b5c
810,2024,CDF,BEU,SANDY,5,6,1,23.42525,5903ab73-1808-461f-a092-bea33afb7ada
811,2024,BLM,CDD,WILD WASH,14,7,1,23.12263,3a9812a5-e011-4af9-90af-530e3c41a9b2
812,2024,CCO,KRN,LOST 2,14,1,1,22.82088,5ffea0bd-0c27-4a85-8cc4-477bf865c302
813,2024,BLM,CDD,WALNUT,7,7,1,22.60514,4eb1d7c3-1dae-4a35-9546-b54f39156208
814,2024,CDF,MVU,BORDER 60,14,7,1,22.57423,4c82aca6-b464-436c-9c57-cecebc66b6b2
815,2024,CDF,NEU,SPENCEVILLE,9,1,1,22.31638,11855856-a0aa-48f2-8ba3-a267c5f867a8
816,2024,BLM,CDD,BORDER 79,7,7,1,22.09362,4d9b09a8-eb7e-4efe-8936-a37ba8d30867
817,2024,CCO,KRN,TRACTOR,14,1,1,21.81498,0fa9d8a5-a4d0-4f5c-b457-98d2a7165cce
818,2024,BLM,NOD,R-6 RODEO,1,7,1,21.51391,047540eb-8a08-4e21-8bb4-81a2294925e9
819,2024,USF,SRF,BEAR,14,6,1,21.3633,abfe02c1-0e2c-4751-8a36-6d35c03bf2a3
820,2024,CCO,KRN,BUTTON,14,1,1,20.9724,c64ce5c6-172c-4d81-8cd8-f1b58d4fd880
821,2024,CDF,SHU,YOLLA,5,1,1,20.6361,daa98c07-cafb-4941-970b-612304cc6d12
822,2024,CDF,SCU,DINO,14,6,1,20.37168,5207a891-e08a-4d1a-a815-7aecce67ebf2
823,2024,FWS,TNR,ANITA,10,1,1,20.23684,377a8551-ba70-44e9-b150-0852cb8d6a6c
824,2024,CCO,KRN,FRIO,14,1,1,19.78715,08cf50af-f893-4598-8473-80165a365e61
825,2024,CDF,MVU,RICE 2,11,8,1,19.77127,582245b3-bf4a-4947-92ca-02a679a7f295
826,2024,BLM,CCD,RANCH,14,7,1,19.74748,d0d6aa2d-5450-4859-a5e5-194f918a24a8
827,2024,USF,SQF,SUMMIT,5,6,1,19.67888,78fff53c-10ba-4b20-99ff-46e07c43199a
828,2024,CDF,TGU,VESTAL,11,1,1,19.33734,9206b92c-1a91-45aa-a833-1d27db52b8a4
829,2024,CDF,TGU,ELK,2,1,1,19.13121,bbbd1ba4-7bf9-417b-9dd7-9572b0984048
830,2024,CCO,KRN,GRAPE,14,1,1,19.11954,66845440-9c0c-4e3e-bdcd-a5a98525a4ea
831,2024,CCO,KRN,PANAMA 3,14,1,1,18.61898,2030a34f-72c9-4093-a3e8-6a27206a7593
832,2024,USF,TNF,PENDOLA,5,1,1,18.55979,c277cf00-eb1a-4da0-a1e9-b7011676d394
833,2024,CDF,TGU,JELLYS,9,1,1,18.41734,1211bd7a-c327-4db9-9b8e-526d5c66d0ad
834,2024,BLM,CDD,CHAPMAN,14,7,1,18.1941,42beaac8-0a39-4b22-8b1e-9d2e3dccc67b
835,2024,CDF,MVU,KEYS,14,1,1,18.04295,3303798f-7ca8-4c71-9ccf-d372fc18590f
836,2024,CDF,MVU,LOVE 2,9,1,1,17.8901,855e705a-075f-4bc6-9736-cca7f52b7269
837,2024,CCO,KRN,SANDLIN,14,1,1,17.88544,f8d5a998-627e-473e-ab4f-103ce13aa265
838,2024,CDF,MVU,BORDER 44,7,1,1,17.85367,30959493-4441-41db-acdb-b013b40a12c0
839,2024,CCO,KRN,SNAKE,14,1,1,17.69939,96d7c711-92e3-4272-93c2-41133e4ddfb0
840,2024,CDF,BTU,ROCKY,2,1,1,17.68905,f78c1961-9deb-42d3-bbc2-6e0b95c34149
841,2024,USF,BDF,ALRAY,9,6,1,17.48269,bf840883-29c3-40b2-a042-fbdad0ea8fab
842,2024,CCO,KRN,CROCKER,11,1,1,17.28234,6a5fcfab-aa32-4f91-85eb-9da37454f3cd
843,2024,BLM,CRD,LEVEE,14,8,1,17.19862,a1cc941f-1b6c-4576-a4ed-c66925298882
844,2024,USF,ANF,CANYON,7,6,1,17.17227,72c3063d-26b8-44f4-b38a-27fe89a85673
845,2024,CCO,KRN,MELCHER,14,1,1,17.11819,81dae38f-004f-474a-8b45-9a2cad4ed6fe
846,2024,CDF,SBC,RIDGE,7,7,1,16.87874,4f3810cc-6d28-45ca-b69c-a761c45a083b
847,2024,NPS,PIP,PINNACLES,11,1,1,16.84301,b55b9319-13d2-425c-8ec0-62bde88b532d
848,2024,CDF,NEU,VERJELES,2,1,1,16.76944,310fc184-3bd6-4d32-a833-7497b1cd634f
849,2024,LRA,TGU,HIGHWAY,5,1,,16.6015,b1a6ab79-4145-4019-96f6-1d3f063e7369
850,2024,USF,LPF,COAST,2,4,1,16.58275,59d9e1f4-869f-456d-9d02-a4e58334f3ef
851,2024,CDF,SKU,HAMBONE,1,1,1,16.48961,62b63071-ce62-44cc-9233-e78d043fc6df
852,2024,CCO,KRN,HIGH,14,1,1,16.17125,60d80c39-1694-44ea-83e3-23ff1756c989
853,2024,CCO,KRN,PANAMA 4,14,1,1,15.91873,f8f1c041-e765-44d0-8336-4a4af3122f1c
854,2024,CCO,KRN,RANGE,14,1,1,15.90758,d389d99a-5fdc-4607-b250-27a7523a5428
855,2024,BLM,CND,ELK,14,7,1,15.85077,fc7498fc-3a2a-42b6-b0db-3bfce8951830
856,2024,CCO,KRN,ATLANTIC,14,1,1,15.80758,c2eafc0a-041b-4b34-ba59-deca759f1ead
857,2024,CCO,KRN,RACEWAY,14,1,1,15.78234,35688a00-82be-44e1-a76f-bb71b30c07fd
858,2024,CDF,AEU,QUARTZ,2,1,1,15.75969,a9472414-a3a6-4f13-b9f7-7c685a68a1c5
859,2024,CCO,KRN,BAKER,14,1,1,15.52731,e8e3f162-42ea-4fc2-918f-9d7fd4bd0861
860,2024,CDF,AEU,CREEK,9,1,1,15.5166,ca9dc744-aae9-4cd7-b3c3-5a78d87a3d36
861,2024,CCO,KRN,WILLOW ,14,1,1,15.47576,ce09c1a4-9c60-4c3f-8459-f80d9bb46a06
862,2024,CDF,SLU,BISHOP,7,1,1,15.33493,77dc2bc4-bcf6-49dd-a2ad-45e2cdf91aaf
863,2024,CCO,KRN,FRONT,14,1,1,15.30726,cef39660-a0e7-4825-8d65-a25380cdadf6
864,2024,CCO,KRN,TOWER,11,1,1,15.25049,3654eea4-1f0f-4cd3-bd1d-32471c47e628
865,2024,CCO,VNC,UNIVERSITY,14,2,1,15.14066,c98a588d-57e4-4418-a561-6159e2177702
866,2024,CCO,KRN,CANYON 2,14,1,1,15.11743,fe62418f-5146-41c1-90f4-8d10acd66582
867,2024,CDF,FKU,RIPPLE,10,1,1,14.84497,a78e1a6a-d8b4-4701-8a79-8dcaf3896b7a
868,2024,USF,ANF,MOON,10,8,1,14.83525,f60b78e9-2d87-410c-96a0-db2774193591
869,2024,CCO,KRN,MORNING 4,14,1,1,14.80014,d17b5b16-f0ec-4068-87fb-065482ff1a13
870,2024,CDF,SCU,CANYON,14,1,1,14.658,fc43ea1b-2dc8-409e-89ac-f6494c032c3a
871,2024,LRA,KRN,SKYLINE,14,1,,14.27318,6a73c73f-b3b1-4af9-9426-936bc981286a
872,2024,CCO,KRN,RIDGE,14,1,1,14.18772,dd97540c-1c3f-40f8-bd4f-e2407c73a7cf
873,2024,LRA,VNC,VIEW,14,3,,14.17589,10297df6-4229-4158-badd-dd697f439cb8
874,2024,BLM,CDD,TRAM,14,7,1,14.17096,15ef33dc-1737-4ac1-ab00-27b30e448652
875,2024,CDF,AEU,BELL,2,1,1,14.12873,9f6ca101-d996-4658-94fe-d22559e4f57a
876,2024,CDF,MEU,PEPPERWOOD,1,1,1,14.02784,a43f6e79-0cd1-462a-abe9-3d4e7c95143c
877,2024,CDF,TGU,PLYMIRE,14,1,1,14.02113,c34cb14d-1d1c-4eb6-8346-539a136a3036
878,2024,CCO,KRN,GROVE,14,1,1,13.9395,cb5974c8-2277-45df-9971-4f5f4b261613
879,2024,CDF,MEU,RILEY,14,1,1,13.89075,59b3c556-187a-4d13-87f1-b27518c2929d
880,2024,NPS,YNP,VERNON,14,6,1,13.72595,2c2813e3-f7ae-43cf-97ba-cec1221d9750
881,2024,CDF,SLU,HAWK,10,1,1,13.65462,5e1dba55-a894-4b80-ad01-7bc8d07ff8d0
882,2024,BLM,CDD,BOWMAN,14,7,1,13.59884,baccab71-ce94-4ba6-9026-c8859094ea2a
883,2024,LRA,VNC,RANCHO,14,3,,13.59511,276eaa14-f7c7-486a-9a24-5e0285b3a10b
884,2024,USF,MDF,HORSE,1,4,1,13.28605,1d0fbd02-87de-4dae-84fe-9bff56ce2bba
885,2024,CCO,KRN,GASKELL 3,14,1,1,13.12934,c76c48fd-d2fd-4329-95d3-7e144a4a7da8
886,2024,CCO,KRN,EMERALD ,14,1,1,12.85141,4652052f-b70c-42c2-bde4-447bedbf4253
887,2024,CDF,MVU,SLOANE,14,3,1,12.84437,19e8d462-512c-4707-ae4c-622651eb1219
888,2024,DOD,SLU,CAMP ROBERTS RANGE L5,13,1,1,12.82775,ce50cd7d-8a2f-48f4-a37c-bfddf32ebb17
889,2024,CDF,BTU,GRUBBS,2,1,1,12.82698,f7a95416-4d30-4282-b8ae-fff1e3f928ed
890,2024,CDF,NEU,FAR,11,1,1,12.68023,36dcc3a2-1726-4a97-9bb2-bc70d999f4ed
891,2024,CCO,KRN,NEURALIA,14,1,1,12.52373,865c861d-f934-413c-8dbf-946cbad2bc23
892,2024,CDF,BTU,PURPLE,5,1,1,12.45133,ccf7b451-b032-434d-859e-9115e88e1f4c
893,2024,CDF,SBC,GATE,2,7,1,12.3688,407e37bb-518b-4901-9f9b-7e2d1773bb1b
894,2024,USF,ANF,MOTOR,10,6,1,12.19355,63337e2d-099d-461a-aeb6-64242d6fa8b4
895,2024,BLM,CDD,DAWN,14,7,1,12.172,784222fa-c63d-4c2b-86d9-46555e7e50ea
896,2024,CCO,KRN,ROSAMOND,14,1,1,11.84859,8355bce5-98e0-4962-90ea-4356e5eabafb
897,2024,FWS,TNR,MILLAR 3-1,7,4,1,11.83813,cfb7faaf-78aa-478f-a5ef-815644676afd
898,2024,LRA,TGU,HALL,7,1,,11.81205,5383c123-a002-4750-98fb-a3c765cb3c2c
899,2024,CDF,SKU,SPRINGS,1,8,1,11.79568,9022fba5-cda9-4a41-b828-a5d9f9a6bdcc
900,2024,CCO,KRN,GOLF,14,1,1,11.68679,cff17e09-6808-4591-8c37-edc719d6321c
901,2024,CDF,MVU,TRAIL 4,14,7,1,11.65821,e2eb4540-7326-4d4f-98ae-3e409248cef4
902,2024,CDF,NEU,DOUBLE,14,2,1,11.4557,ef67413d-6bd6-4024-a6c3-5f0317c86b44
903,2024,CDF,FKU,LITTLE,14,1,1,11.43162,d2485434-6bdc-40cb-b876-649844bc7abd
904,2024,CDF,SKU,HARRY,14,2,1,11.37759,9905c772-0fbe-45b2-a8c0-6c9b11466fc6
905,2024,CCO,KRN,SCHOOL ,14,1,1,11.31253,9a179781-cacc-483d-a383-1e9d99bb2093
906,2024,USF,MDF,HALLS,1,6,1,11.03462,7060defc-1f3a-48f2-86a3-b5c0ec6593cc
907,2024,CDF,FKU,BULL,11,1,1,10.93155,5c89fa83-1ddd-4ff8-a559-8bef27051db8
908,2024,FWS,ADR,SARDIS,14,1,1,10.83364,8a44d3a7-3be3-436c-9564-a0a14136ec3b
909,2024,CDF,FKU,FRAZIER,2,1,1,10.83229,1055c831-9d27-4d10-96db-432b89e060c6
910,2024,CDF,BTU,SEVEN,5,6,1,10.79721,93046a23-6584-4f0a-a88c-2857559af3d0
911,2024,CCO,KRN,HONOLULU,14,1,1,10.60393,9bd2fe79-2a06-496c-a875-5a7ddeda9861
912,2024,CCO,KRN,GRANITE 2,14,1,1,10.52951,8e880b9c-a118-4ee3-99e1-296fba9ce718
913,2024,CCO,KRN,LAGUNA,14,1,1,10.41557,2d570a36-bbf6-4037-9b79-cb212f412a6f
914,2024,BLM,CDD,IRIS,14,7,1,10.41189,b5d87608-4b3d-46b9-83c2-a9ecbd499c3e
915,2024,CDF,BEU,JOLON,10,7,1,10.15871,eb1f4a34-8ed4-40b8-8cec-e18a12d98d19
916,2024,BLM,CDD,HESS,10,7,1,10.1483,3b80d88c-f1c9-463a-8bbd-06b42e96b152
917,2024,CDF,MVU,BORDER 63,5,7,1,9.967618,0268a742-9a34-4c48-8f96-4d53c16591f6
918,2024,CCO,KRN,TULE,14,1,1,9.953412,ae36dad0-c660-429f-8404-152e063f19fb
919,2024,CCO,KRN,SKYLINE,14,1,1,9.860471,289d6de1-4630-44b6-b5f1-23f88bbb4953
920,2024,CDF,SLU,RANCHO,2,1,1,9.842535,8ac374a7-752f-4d33-918f-bfaac078c4bc
921,2024,CCO,KRN,RIVER,14,1,1,9.753633,3b312411-54c4-4b69-b674-91bd12dedfe3
922,2024,CCO,KRN,KERN,14,1,1,9.741244,4bd15777-aa39-4523-8c6b-d237566b546e
923,2024,LRA,KRN,TRUMAN ,14,1,,9.575354,92ee8d39-8092-460e-b520-bec3baf48754
924,2024,CCO,KRN,DUCK,14,1,1,9.554545,e27c66e5-1504-4610-a915-b0cfffd3b162
925,2024,BLM,CDD,CARRIZO 5,14,7,1,9.515586,159cd591-b4a7-4f2c-975f-205bffdac69b
926,2024,CCO,KRN,HABECKER,14,1,1,9.397329,27397c07-1b97-4e37-ba30-2f7ba8ccf49c
927,2024,CCO,KRN,PANAMA 2,14,1,1,9.286901,8a8372d2-df32-4ed2-9608-72f2b48d7de1
928,2024,CCO,KRN,WINDMILL,14,1,1,9.277434,76c7a21c-0527-4c72-bb97-fbe642c90a9e
929,2024,CCO,KRN,RIO,14,1,1,9.243205,fb7a87c1-d678-4498-9892-7485d650a947
930,2024,CCO,KRN,CHESTER,14,1,1,9.119992,bd51c1fc-00f7-482c-af96-c68402216568
931,2024,CCO,KRN,LOMA,14,1,1,9.112447,d3687330-3f03-4390-9947-607482a4185e
932,2024,CDF,NEU,KARCHNER,11,1,1,9.076867,18e003ba-ea2c-44de-8781-9b06d1e90e03
933,2024,CCO,KRN,FIVE,14,1,1,8.860283,407c4f0c-0998-4c6b-99c0-383b86104e2f
934,2024,CDF,SKU,NORMAN,9,1,1,8.557522,c48f8eab-2172-4de3-9890-aa6574c50e91
935,2024,CDF,BTU,RANCH,7,1,1,8.492605,cf176d60-fb00-4ad9-ab39-6dad60ba3673
936,2024,CCO,KRN,FIVE,14,1,1,8.45666,9bad2846-25f2-4712-b5eb-5d6a88a7e37d
937,2024,CCO,KRN,TANK,14,1,1,8.430989,74f99450-0512-4aa3-8c83-cca57b701b06
938,2024,LRA,NEU,PFE,7,5,,8.396097,7bdd7d8b-3390-4543-96d2-614948b2da89
939,2024,LRA,SHU,CLEAR,2,1,,8.168558,7169a177-dc05-41f7-9263-c8809011ffea
940,2024,CCO,KRN,CANYON,14,1,1,8.113019,52f6300e-4612-4b7c-80b7-7ffde239f532
941,2024,CCO,KRN,DESERT,14,1,1,7.802035,03213d84-1470-4919-95a8-2c9ecc916c97
942,2024,USF,ANF,SUNRISE,14,6,1,7.609749,3d2b0887-81c6-4513-aab0-4308b7e95105
943,2024,CDF,MMU,STUMPFIELD,7,1,1,7.604609,116fde19-554d-4970-87dc-1ad7e3a8443a
944,2024,CDF,BEU,BARN,4,7,1,7.583037,f17058d0-a4d2-42fe-92cb-c29d2e67f3b3
945,2024,CDF,SLU,CANYON,9,1,1,7.534264,6d2a297d-0c23-4301-a6c3-e9e5c2633f1e
946,2024,CCO,KRN,BENA 3,14,1,1,7.372229,57569a2e-5798-4c63-8762-8622d11d8f85
947,2024,CCO,VNC,MADERA,14,2,1,7.2894,e2f5eac4-8a72-4894-891d-ada3d7a99d5e
948,2024,CCO,KRN,BEAR,14,1,1,7.122559,af3d30b0-e166-4bdf-9d4c-286a49909ffc
949,2024,LRA,KRN,TWO,14,1,,6.911179,22f8707c-ca88-43cd-a050-26bca87c3ca3
950,2024,LRA,KRN,BUFORD,14,1,,6.731252,12288f9d-0ec8-4769-9304-1c8825f7d786
951,2024,CCO,KRN,MAIN,14,1,1,6.726565,64a355e6-665f-4eb5-a568-193c155ca4d2
952,2024,CCO,KRN,WOOD,14,1,1,6.680218,34fddb3f-4522-4acd-9c56-55ff35f90681
953,2024,CDF,MVU,BORDER 51,5,6,1,6.605074,5363351f-5c6d-4343-856a-7bf9b3b23da1
954,2024,CCO,KRN,PHILLIPS,14,1,1,6.506813,b45532b9-c8f6-49cd-a74a-a6cf8e9de4fe
955,2024,CCO,KRN,WOODY,14,1,1,6.456899,8459addf-95b5-430a-b4a2-b51d8fd5b590
956,2024,CCO,KRN,CARISSA,14,1,1,6.398013,4ac1bc9f-0529-44ba-abf1-e35f87d5de80
957,2024,CCO,KRN,ROSE,14,1,1,6.235534,1b80939d-16a8-4ba5-ae0e-909ce6c1e6c3
958,2024,CCO,KRN,DAYTONA,14,1,1,6.21139,77c7af61-81ef-4969-a782-407881a061d1
959,2024,CDF,MEU,REEVES,5,1,1,6.184255,9b158599-2374-486b-98fa-4a8586988674
960,2024,CCO,KRN,LOW,14,1,1,6.167065,5b81a437-f49d-46ca-807e-af34cf76fef6
961,2024,CCO,KRN,SCHUSTER,14,1,1,6.155787,24f265bd-25ce-4e55-a276-4a6d4809ddbe
962,2024,CCO,KRN,WASCO POND,14,1,1,6.069402,7a8d1007-5cdf-4d5e-8824-318091806fd6
963,2024,BLM,CDD,SHIRLEON 2,14,7,1,5.88946,0038db36-75cf-4784-9e55-a9d53eb2c2cc
964,2024,CCO,KRN,KECKS,14,1,1,5.878288,67b24388-43b5-4a9c-af5f-fe50957da27f
965,2024,CCO,KRN,HAMILTON,14,1,1,5.841907,5b74ebba-64e5-4bc5-970b-1dc1f9f60e03
966,2024,USF,ENF,VOLCANOVILLE,14,6,1,5.83034,85f129e8-0d5c-4f0a-a304-149c7828edc3
967,2024,BLM,NOD,GRAVIER,1,7,1,5.761228,4c19c2e6-36d8-4d2e-990d-40997d88568e
968,2024,USF,SQF,CYRUS,14,1,1,5.740417,8f8dd3e5-bc86-4d33-8998-1f27fefaa25b
969,2024,BLM,CDD,PINK,9,7,1,5.730208,2432f5b5-759d-4a45-b4fb-67c57be3d2ac
970,2024,CCO,KRN,GORILLA ,14,1,1,5.68811,f409a25f-9cb0-4849-9a1d-8109526a5183
971,2024,USF,LPF,FOX,14,6,1,5.669262,b55c32b7-67f8-4592-af10-8aebcf00e15d
972,2024,CCO,KRN,DENT,14,1,1,5.472932,b4171770-5442-47fb-a6d7-2abc68327db3
973,2024,CCO,KRN,GENERAL,14,1,1,5.370392,d3d2b787-ce37-4971-8e32-d889154dc88e
974,2024,CCO,KRN,99,14,1,1,5.364799,61770324-7b6b-47b5-b408-064bae5f3b97
975,2024,CCO,KRN,ROSAMOND,14,1,1,5.361254,1483ef71-38b2-4436-8df0-395dcf29443a
976,2024,FWS,ADR,SARDIS 2,14,1,1,5.348492,3abed587-6ab1-4927-b147-bc727cbc568b
977,2024,CCO,KRN,STATION,14,1,1,5.346731,aff33e74-d9f2-490b-8dba-7f62f52fa1b5
978,2024,LRA,KRN,MAGNOLIA,14,1,,5.323141,99ef197b-a78c-4e71-a2e3-a920016dbedb
979,2024,CDF,SLU,SNAKE,14,1,1,5.30442,a815a5d6-567d-4654-a46b-3b06cfb4d734
980,2024,CCO,KRN,46,14,1,1,5.258185,6ed1979b-25fd-4402-b751-f460937214ca
981,2024,CDF,SLU,STONEY,2,1,1,5.191916,48c7e153-92b1-432e-88d5-c67cf5cf3d07
982,2024,LRA,KRN,HIGHLAND,14,1,,5.169755,ec17fcf7-2bc3-47ae-8cbd-b0951b86c8f5
983,2024,USF,SRF,LAKE,14,7,1,5.156042,f4cf9949-355b-48a6-b080-ee6c1121225b
984,2024,CCO,KRN,GRANITE,14,1,1,5.151581,5ff3f305-b8ae-4bce-bb5e-d9b99392efc4
985,2024,CDF,MEU,GRANGE 2,10,1,1,5.146736,76964ac0-b5fe-47f6-b5a6-afb6e3227893
986,2024,CCO,KRN,TWISSLEMAN,14,1,1,5.124963,03922fa5-912d-4634-aab6-579bf73d2dd8
987,2024,BLM,CND,RIG,14,7,1,5.076537,4ba7a56a-03f6-47b5-8f9c-e0af95fc9eb5
988,2024,CCO,KRN,TAFT,14,1,1,5.057001,f8c35545-5646-44bb-b576-18b63e6d2d39
989,2024,USF,SQF,ACORN,14,3,1,5.040145,65719c64-0af2-4bf0-aeb2-e9d30215256b
990,2024,LRA,VNC,SENTINEL,14,3,,5.025581,f1bcf231-e96c-43ea-985b-cc76c5405eac
991,2024,CCO,KRN,MELCHER,14,1,1,5.023149,2e68ea68-31e3-4657-99b3-8c27208b90d7
992,2024,CCO,KRN,SOLAR,2,1,1,5.015003,fa4be96b-77c2-4675-83b6-1aa2723e7af6
993,2024,CCO,KRN,ELK,14,1,1,4.936464,6605706c-a45f-4c74-bc2d-0f798c120cd9
994,2024,CCO,KRN,WOOLLOMES,14,1,1,4.857896,6de76851-92a5-45bb-8b06-8b195e79a3d5
995,2024,CDF,SKU,WEST,14,2,1,4.852215,8384031f-cbd4-495c-901c-738f8680fe39
996,2024,CCO,KRN,CYMRIC,14,1,1,4.817005,a6cb8113-cf6b-4920-bb2a-11dd76e3b160
997,2024,CCO,KRN,SPRINGS,14,1,1,4.783789,e6627074-990a-48e6-86b8-226dc14b820d
998,2024,CCO,KRN,SUSAN,14,1,1,4.678219,f7221429-8dc3-483a-8b3d-4c38fc8250d1
999,2024,CCO,KRN,CEMENT,14,1,1,4.633458,9d5f336b-8a60-4c21-9095-66229154dce5
1000,2024,FWS,SRR,203,18,1,1,4.508391,30bb9d2e-559f-4c10-9f2d-10d7aa6e1eff
1001,2024,CCO,KRN,LOOP 2,14,1,1,4.330918,fe687519-113a-4ff2-9d5d-9c530e892a5a
1002,2024,CCO,KRN,TROPICO,14,1,1,4.28963,774d5c1e-a7a1-49c0-9eaa-97293414e3ee
1003,2024,CCO,KRN,ELK 3,14,1,1,4.256872,23315cd4-05e5-48d3-9299-571b73d72da8
1004,2024,CCO,KRN,KRN-24-26623,14,1,1,4.206133,377c5ccf-13f2-499d-a8de-7405d3631462
1005,2024,BLM,CDD,SIERRA,10,7,1,4.194717,30333200-70b5-4ddf-a10b-0c148d26f59d
1006,2024,CCO,KRN,GOLDEN,10,1,1,4.145552,8d01ed7d-e35a-4bae-ad52-eb89eb443c5b
1007,2024,FWS,TNR,BONITA,8,1,1,4.085663,a3c5d8ea-cd56-42ad-af04-b658efa90565
1008,2024,CCO,KRN,EDISON,14,1,1,4.048448,f4a8fa04-7cee-4cd7-a7b2-04f863c5c1f0
1009,2024,CCO,KRN,DELFERN,14,3,1,4.032474,b175b951-0371-452c-b702-0dff408ebe16
1010,2024,CCO,KRN,FRONT,14,1,1,4.019539,09f7e658-b086-4e47-8759-591a4b4c1167
1011,2024,BLM,CDD,STODDARD 4,14,7,1,4.012784,16b157e6-2e25-4960-8f53-9ab4d6fe8ba7
1012,2024,CCO,KRN,LAKE,14,1,1,3.93678,3ef426b9-0cf1-4b70-8596-4a7511848056
1013,2024,CCO,KRN,KRN-24-36893,14,1,1,3.705202,9b4dc238-4440-4b28-9248-446e196988eb
1014,2024,CCO,KRN,PEPPER 2,14,1,1,3.614661,c4990ad2-60cf-4bb1-87af-f0b8ba06adf2
1015,2024,CCO,KRN,KING,14,4,1,3.542577,0152566f-8703-4b1a-bd88-c2b7027a8634
1016,2024,CCO,KRN,LOOP,14,1,1,3.524996,6a777893-03ef-4720-b72e-9f601f99bea3
1017,2024,LRA,KRN,COLLEGE,14,1,,3.50748,b24d340c-e990-4b3f-b4bf-41be075d2440
1018,2024,CCO,KRN,RESERVE,14,1,1,3.451958,2ce3211a-4549-4009-a15d-5eacc97a96a7
1019,2024,CCO,KRN,CUMMINGS,2,1,1,3.385239,3faa0259-a079-46f1-877a-13bb304ad4ca
1020,2024,CCO,KRN,FORTY-SIX,14,1,1,3.307986,347de6ea-3077-403a-bd55-109104ae6a89
1021,2024,CCO,KRN,RIVER 2,14,1,1,3.289632,9d702a67-2269-48ca-bf86-e408ae1c5a0b
1022,2024,CCO,KRN,PEPPER,14,1,1,3.282029,7adef1d0-4d4c-4eeb-8f5c-6e1cf4f43e44
1023,2024,BLM,CDD,SPRINGS,14,7,1,3.234266,48a9b647-7d19-4ba5-89ef-ead4e79ee944
1024,2024,BLM,CDD,HORSE,9,7,1,3.180136,df8ff8e7-de9a-4231-97a1-c8849a09ff85
1025,2024,LRA,KRN,ORO,14,1,,3.106886,f510aecf-e7a3-4b15-8a20-8a24cce344df
1026,2024,CCO,KRN,HAUL,14,1,1,3.106354,57c1fba5-a476-4ccf-b432-e17ab2ade06d
1027,2024,CCO,KRN,MOBIUS,14,1,1,3.086076,822e3bff-0f33-4e6d-8081-874b001e3c5e
1028,2024,CCO,KRN,MIDWAY,14,1,1,3.060552,bf252490-5730-49dc-b055-274c88d4aa0c
1029,2024,CCO,KRN,SUN,14,1,1,2.975912,7535d5f6-4499-40af-bcce-4dba3e075d06
1030,2024,CDF,MEU,SPRINGS,9,1,1,2.914342,66e759ee-6bf9-479b-9937-52ee4558c7fa
1031,2024,LRA,KRN,SUNNY,14,1,,2.750999,6254ad3b-a3ca-42c1-a569-9e74f1837653
1032,2024,LRA,TGU,HALL,9,1,,2.708884,27ddbd39-eb8c-4003-bd5f-97ce4906a866
1033,2024,CDF,SLU,ESTRELLA,10,1,1,2.685941,dba374fa-7313-4e46-91ed-11ae0a4fbdb7
1034,2024,CCO,KRN,JAMES,14,1,1,2.685362,2786abae-4604-4c63-a6c2-37fef6b52db3
1035,2024,CDF,SLU,TURKEY,10,1,1,2.538254,c23447c5-2c5a-4898-91d5-46f753aa4627
1036,2024,BLM,CDD,VIDA,11,7,1,2.511956,e6f7b5a8-81c2-4d31-a0cc-b5a395df1f0e
1037,2024,CDF,SKU,BEAR,9,1,1,2.265984,b9a7030d-b0be-4990-abbb-046311f82a38
1038,2024,CCO,KRN,SKYLINE,14,1,1,2.087564,3dc59181-8809-4421-a3bf-cb5827b6756a
1039,2024,FWS,ADR,WILBUR,14,1,1,1.967898,b7c71e7d-4f1d-4730-a4e4-6d1620bce34f
1040,2024,CCO,VNC,BALCOM,14,2,1,1.860232,8225be06-5660-4237-a0d0-288b60cb2a53
1041,2024,CDF,SLU,LOWES,9,1,1,1.76534,9f20eea1-4e4c-4e6b-a808-076011c82427
1042,2024,CDF,NEU,FREEDOM,14,1,1,1.720922,8c5e54a0-9e3f-4b56-a9fb-798cebb655df
1043,2024,CDF,MEU,BRANSCOMB,2,1,1,1.711213,b813d525-3e41-4e00-af1c-06160f93aab7
1044,2024,BLM,NOD,R-2 HOMESTEAD,1,7,1,1.65255,076a355a-8d5f-4ad7-aac9-d163ba8859c4
1045,2024,CDF,SLU,JORDAN,9,1,1,1.362722,37065966-0c1a-422c-ae06-29ed5828deae
1046,2024,FWS,SWR,SWR MCINTOSH SOUTH,14,1,1,1.335805,de764fb1-9acc-4204-981f-2a5073b4dd7e
1047,2024,BLM,CND,KIRBY,10,7,1,1.324384,e9926f57-cb6b-408f-8c1b-0a1ec0aff25e
1048,2024,BLM,CDD,JAWBONE,14,7,1,1.262116,337fa5e5-ec1e-4765-a173-341314110c6c
1049,2024,BLM,CDD,BURRO,9,7,1,1.163109,da312243-f75f-42ff-b03d-d6031b1333ab
1050,2024,BLM,CDD,PINNACLE,14,7,1,1.038942,fa7644c0-8b29-425e-8f4d-7e022e32d3b8
1051,2024,FWS,TNR,JAMACHA,11,1,1,0.9974459,3a85a861-a7d6-444c-a575-399cb78e7639
1052,2024,CDF,AEU,SHENANDOAH,10,1,1,0.7722707,ef4c14b6-71fd-45b6-83de-0194a496cbec
1053,2024,LRA,VNC,PRADO,14,2,,0.7394835,79398211-3001-4137-a2cc-fcffbc36bbc9
1054,2024,CCO,KRN,REEDER,14,1,1,0.7270775,494c1410-cc2e-43ea-a2c4-93b55c1f2b92
1055,2024,CCO,VNC,KNOLLS,14,3,1,0.6865757,1d205fab-9eb5-4639-a321-35f8782a7bb6
1056,2024,CCO,KRN,MAIN,14,1,1,0.6818424,9c022ea3-5ece-4de7-89d6-775bad28d021
1057,2024,CDF,SKU,VISTA,9,1,1,0.6042744,bd043585-f5a8-45d0-bca3-d5d376aa1b44
1058,2024,CDF,SCU,PEAK,7,1,1,0.3781193,023400cd-b7f0-46a9-a55c-2a7e185001b6
1059,2024,CDF,BTU,COLTER,7,1,1,0.3645623,1dd415d6-8cb2-48ba-a28c-050a648434c2
1060,2024,CDF,MEU,GRANGE 3,10,1,1,0.3624197,7253cb5b-88cd-4a61-9aaa-a17ab4b2059a
1061,2024,CDF,SBC,SADDLE,14,7,1,0.3573367,e5b12925-dcf8-4517-8398-20bbbd30e715
1062,2024,CCO,KRN,LINCOLN,14,1,1,0.3202687,0e528817-4fa0-4836-a09c-b7f08b5c34d3
1063,2024,CCO,KRN,MESA,2,1,1,0.3095767,b10305e9-5387-4175-b5b5-a5e220328e4f
1064,2024,CDF,MVU,BAILEY,7,6,1,0.2152854,52feedf7-74a8-4466-9583-75ea3887571f
1065,2024,LRA,SLU,EAST 2,14,1,,0.211072,0b086d75-f6c3-43b8-b936-7dd859d2df38
1066,2024,CCO,KRN,MEADOW,14,1,1,0.1276383,3648a1d7-60a8-4fac-b470-9a7421db5c10
1067,2024,LRA,SLU,EAST,10,1,,0.1170902,0766411a-da07-49bf-9d81-00b48b595453
1068,2024,CDF,MEU,EAGLE,10,6,1,0.1098661,c7f78c61-ceab-4dfd-bfe8-baf808bd9771
1069,2024,CDF,MEU,CREEK,2,1,1,0.0751732,a9d2557e-6352-407c-8809-f00ad850e4cd
1070,2024,CDF,SHU,HAY,3,6,1,0.02363844,4364bbbc-e9ab-4ade-98ba-4f657b84b517
1071,2024,CDF,SHU,HWY,14,6,1,0.01593604,927d748d-bd33-4b83-bf4e-7f6c9ed8d75f
1072,2024,CDF,BDU,18,10,1,1,0.01181157,2372e233-9e4b-4d10-8afc-feb33e9259a1
1073,2024,CDF,SLU,ONTARIO,7,1,1,0.007205732,810638b9-0a0e-42e9-a446-2f306f604bde
1074,2024,LRA,SLU,RAMP,14,1,,0.001170934,3d47cb0c-742c-4c3e-b458-79df2c9df4df
1075,2023,NPS,MNP,YORK,14,7,1,93077.87,ebfa4404-300f-4bfd-9188-82187bd0ce79
1076,2023,USF,SRF,KELLY,14,7,1,89326.05,573e629e-3cc6-4b09-b6d7-913436b9994c
1077,2023,USF,SRF,MOSQUITO,1,7,1,34188.45,034a9493-68c0-4839-8f75-a3c1a176b76f
1078,2023,USF,KNF,ELLIOT,1,3,1,13875.25,68c03a54-1e24-4f4e-8801-007bdd7d4dc1
1079,2023,USF,SRF,PEARCH,1,7,1,12152.45,1523daff-0002-4533-836f-ea608ead9259
1080,2023,USF,STF,QUARRY,14,7,1,8645.426,c5e894aa-6569-48a7-8b4f-773f1b5c62f2
1081,2023,CDF,RRU,RABBIT,10,1,1,8354.776,8192e3f5-ee3c-4694-9bcf-4059ba1b5645
1082,2023,USF,KNF,UFISH,1,3,1,7850.58,bf32bba0-6927-43fe-ad03-e6c5cb53c8d4
1083,2023,USF,KNF,HEAD,1,2,1,6953.805,762e80e7-5123-4fb9-9ed4-c94fab40d7b0
1084,2023,CCO,SBC,PLANT,11,3,1,5761.521,0a8d7425-2692-4a21-bcf5-a20aa0e124e7
1085,2023,CCO,KRN,ALMOND,14,1,1,5228.871,68036d6d-241a-4ae9-8b98-ec22a9cae23d
1086,2023,USF,SHF,DEEP,14,7,1,4198.194,ad85c229-b480-41bd-bbc7-896787b2d77c
1087,2023,USF,SQF,RABBIT,14,2,1,2857.988,96de9fb9-9d05-4434-94c7-ea28afb74d0f
1088,2023,USF,SRF,3-9,14,7,1,2836.39,8236960f-a2cb-4cb6-89bd-1db6c7d2aa09
1089,2023,CCO,VNC,SOUTH,14,3,1,2715.4,6a908f2d-c3a8-430d-a034-69bd2744fe25
1090,2023,USF,SRF,HURDY GURDY,14,7,1,2677.779,06f05921-0169-4f67-a43c-a3ec77cd44c6
1091,2023,CDF,RRU,HIGHLAND,9,7,1,2487,0fccaa2c-39b8-477d-b736-ac8e8c5bdf27
1092,2023,CDF,RRU,BONNY,14,1,1,2323.106,4cc9b689-dc32-4f68-90ce-6448e109898c
1093,2023,NPS,KNP,REDWOOD,1,7,2,2248.449,dec0a41a-7c09-43fc-a84f-6c859c1f12be
1094,2023,USF,SRF,MARLOW,1,3,1,1997.206,90a5ab67-e3bd-4caf-a9ff-525c525132e3
1095,2023,USF,KNF,SCOTT,1,7,1,1935.952,62b3071c-19f7-4993-b304-fb6124028dd9
1096,2023,USF,SRF,HANCOCK,1,7,1,1728.136,c3e2dff2-84fd-4024-ba8c-78b440b00c61
1097,2023,USF,SRF,LONE PINE,1,3,1,1684.73,13fa4b10-50ac-4e78-ae65-b37f15eacdd4
1098,2023,LRA,LAC,DANNY,14,4,1,1531.347,33d23924-34b1-44b5-b939-6a40492f9513
1099,2023,CCO,KRN,EAST,14,1,1,1291.166,dc7aba42-392a-4f82-9b32-fd43731ace9b
1100,2023,USF,STF,BONE,14,5,1,1180.618,7b8d0250-1a54-48a0-a975-a0942d7b3510
1101,2023,BLM,CDD,NONAME,14,2,1,1113.898,8c92583b-fce1-4731-ac81-9f702a29806f
1102,2023,USF,SRF,CORRAL,14,7,1,1090.281,f8d7cd4f-5635-4339-aec2-1079b100c510
1103,2023,CDF,HUU,PILOT,1,2,1,1055.172,2a85dea7-561e-4375-83e0-541d701d4c40
1104,2023,CCO,KRN,DISTRICT,14,2,1,1043.665,1b951977-cbcb-4b1e-b4f5-bb65ba33c0c0
1105,2023,NPS,JTP,GEOLOGY,10,3,,1033.308,b5f96b35-a353-4d5d-abd9-3212e7cd1471
1106,2023,NPS,YNP,PIKA,1,3,2,841,7ce303c3-42e7-4a9f-95f5-fcd854d8b29f
1107,2023,USF,STF,PEAK,14,6,1,836.8499,e4de931e-dae7-481b-80a2-9a5808b2871d
1108,2023,CDF,SKU,RANCH,1,7,1,792.9697,3b6ffe6b-2b67-40f9-9463-fccaf217d14c
1109,2023,NPS,RWP,LOST,1,7,1,739.8182,08cd0025-a5a9-4194-99e5-983b2b19a374
1110,2023,CDF,SLU,BITTER,10,1,1,695.1143,b3e2fd8f-e701-4502-8b14-0461102196b5
1111,2023,USF,SRF,PRESCOTT,14,7,1,599.3448,7c1bc38c-94c3-48be-be26-a2f9a984bcc4
1112,2023,USF,SRF,DIAMOND,14,7,1,550.0559,1a7dea76-bed0-4c3c-a467-5cb86c063933
1113,2023,CCO,KRN,ROUND,14,1,1,536.0197,88d4af34-5847-4213-9b01-188f13bf58e0
1114,2023,CDF,RRU,ROCK,14,1,1,531.0221,acd56716-ff42-41d0-8a68-debeab54031c
1115,2023,USF,MNF,SLIDE 1,1,3,1,472.7209,b34feb97-a081-414e-bb9f-fae51b2aa481
1116,2023,CDF,SDU,COYOTE,14,7,1,466.5,bcd318dc-029e-4b5f-9869-c60f83582c11
1117,2023,CDF,RRU,RECHE,7,2,1,435.684,214354cc-35d0-471f-8b4f-f71c7cb71087
1118,2023,USF,ANF,AGUA,14,6,1,426.2046,d4351ec4-5aa2-4f3b-b566-39012ebb3f04
1119,2023,CDF,BEU,VINEYARD,14,1,1,391.3749,c43d34ad-553c-4c5b-950f-cc93be89dedb
1120,2023,USF,SRF,ISLAND,14,7,1,378.4197,5895a9fa-0054-4ae8-a49c-9d817f780ffe
1121,2023,LRA,RRU,RAMONA,2,1,1,337.9316,6735f03f-c63d-4cfa-86c7-3cd3ecfeaeaa
1122,2023,CDF,RRU,GAVILAN,14,2,1,334.5828,7f11548c-a890-4ccb-8b09-a7962ba9481a
1123,2023,USF,INF,COWTRACK,14,1,1,322.9609,9e069008-e354-4b3e-812d-b966f9b3098d
1124,2023,CDF,TUU,QUAIL 2,7,3,1,300.792,5e479a93-13e1-40dd-b7f9-f4a6c25f2a57
1125,2023,CDF,BEU,IDRIA,14,2,1,296.6445,ae2e19c3-ac78-4f4c-bd88-e874f7f863a1
1126,2023,USF,KNF,DEN,1,7,1,294.8512,0e6196ea-0bb2-4053-9353-d955fc457232
1127,2023,USF,LPF,AVENALES,14,6,1,259.8927,cd017ee6-0247-48dc-8d32-49aabb72ce56
1128,2023,CDF,SLU,GREEN,11,1,1,247.2606,2a925589-576c-4776-803c-ca4948cfa219
1129,2023,BLM,CND,GRADE,9,7,1,228.4782,d9d96ea7-527f-4830-b0cd-888f57759fe7
1130,2023,USF,BDF,NOB,14,5,1,226.9751,06500e90-e9c4-48a4-8e45-526f3ce28cd6
1131,2023,CCO,KRN,BITTER,14,1,1,225.6406,2b359890-ce6d-4e27-8451-d3277cf85616
1132,2023,CCO,SBC,SUN,2,3,1,211.192,c35e1ce6-4a31-4c5e-93b9-ff03562301ac
1133,2023,USF,KNF,LAKE,1,3,1,200.2064,dd015d65-de1b-4a6b-8465-ad728dd2f53c
1134,2023,CDF,SDU,BUNNIE,14,3,1,183.9228,2b488605-ba12-410c-b7b6-bbdc121d0fcf
1135,2023,BLM,CND,GRANITE,4,8,1,178.1577,515daa16-d726-4cc8-86ff-924955b9096b
1136,2023,CCO,KRN,PINE,14,1,1,169.973,3a5561ce-d422-432a-8e79-8e8a930b3c9a
1137,2023,CDF,SHU,WONDER,6,1,1,161.8137,1889d705-fed7-4a95-b4be-93da2e3dbc44
1138,2023,CDF,TUU,ROBIN,7,3,1,138.2095,53ef5cb7-5bb4-4859-9d10-33e2bc93aa55
1139,2023,CDF,FKU,PISTOL,9,1,1,127.146,233a63b6-3675-4480-8a18-7ad3e58146ee
1140,2023,LRA,RRU,66,14,1,1,127,48d38bff-e5fc-40e6-94af-80143d3ae005
1141,2023,BLM,CND,ARROW,10,1,1,121.1558,c99ae1e5-9a28-4448-add2-1ced67d1d660
1142,2023,USF,SNF,KING,9,6,1,118.5461,902783cc-fa36-4290-9788-5606c7409928
1143,2023,CDF,SLU,SHELL,10,1,1,114.7964,5c9263b4-a2ac-495a-9ab1-88da5ecd08a2
1144,2023,CDF,FKU,ORANGE,2,1,1,108.165,25959c5c-0446-44e6-8f5a-fbbc61d89b79
1145,2023,CCO,KRN,CHAMPAGNE,11,1,1,107.8487,8e8f1ece-d9a9-484e-966b-216f4282c68d
1146,2023,CDF,TCU,GANN,14,1,1,106,82b220e5-e9b7-4900-97cd-6e9d6ea9773e
1147,2023,CDF,RRU,HIGHLAND,14,1,1,104.0207,66745a32-5cc0-4923-8d88-61571308e323
1148,2023,CDF,LNU,SNELL,7,1,1,97.11945,db66a6ac-4bf1-487d-885a-7c90f46a1082
1149,2023,USF,LPF,RINCONADA,14,3,1,96.37685,2675e492-5534-4012-9c29-b42abaef7edf
1150,2023,USF,SRF,LET ER-BUCK,1,3,1,95.91678,256d1d2f-6b31-409b-a9b3-afd33c6f0ad2
1151,2023,CCO,SBC,GRADE,10,1,1,95.66613,ef152696-2518-4bdc-80a0-347fa9519ca2
1152,2023,CDF,NEU,SCOTT,14,1,1,94.27705,3fde880d-f6d3-4b04-879c-34f88ab1e8d6
1153,2023,BLM,CDD,TRAM,14,6,1,90.48016,344c85f0-f8ba-428d-9e2f-04610950d91f
1154,2023,CCO,KRN,BOULEVARD,14,1,1,89.46474,ce5fc604-0810-435e-bfb0-e2ebb1a1dcde
1155,2023,CCO,KRN,LINE,14,1,1,86.2767,ba60c500-34db-4677-8dde-0af48e8c63e3
1156,2023,CCO,KRN,HOSTLY,11,1,1,83.71268,74266c12-2943-48ba-99d1-4abb82fbfd53
1157,2023,CCO,KRN,PENTLAND,14,1,1,83.47556,10879cfc-a609-4d2c-890a-89e7588fbcbd
1158,2023,CDF,MMU,WHISKEY,2,1,1,83,66d45d02-37f1-4ad5-adfd-9b3553ca4375
1159,2023,BLM,CDD,STODDARD,14,6,1,81.68464,158e8b2f-7aee-42e3-bd09-891496ca6971
1160,2023,USF,KNF,TOWNSEND,1,2,1,81.23029,0f7f0a22-c038-4d79-a9a4-2ad86a571156
1161,2023,USF,SRF,PILOT,14,6,1,76.7887,7e0ed761-0047-4734-9ab7-2b25198683ac
1162,2023,USF,LPF,TECUYA,14,7,1,76.19935,c1f92f21-aba0-4d90-a3e0-a96fab7a6f73
1163,2023,LRA,BTU,CEMETERY,14,1,1,74.10231,b2ceeadf-7701-4af1-af32-abb3f3602371
1164,2023,USF,KNF,TITUS,1,7,1,71.79534,0faea5c5-8340-41ce-83f4-93b99c882776
1165,2023,CDF,AEU,LIBERTY,14,1,1,70.979,32058018-146f-45ab-afff-4db8d7c34ebd
1166,2023,CDF,SLU,BOULDER,11,1,1,70.79186,7ae202c5-c286-4c7f-8548-221091ff775f
1167,2023,CDF,MMU,PANOCHE,9,1,1,67.26041,bb3d6911-0fa5-4c8f-aaaa-ea2499b22a63
1168,2023,BLM,CND,MIDWAY,14,1,1,63.70088,9d0564af-4dd3-4666-af21-0735f07c0459
1169,2023,BLM,CDD,IMVITE,10,7,1,62.93432,549e4fef-d899-4589-9f15-51947664fa6b
1170,2023,BLM,CRD,Winterhaven Drive,14,6,1,62.32319,757c7434-7437-487b-bae3-34acee2a7401
1171,2023,CDF,SDU,BORDER 14,14,6,1,61.07,678aadcc-be09-46bf-bf72-7bcc4b12b90c
1172,2023,CCO,KRN,BEALE,14,1,1,60.6251,359939db-f2be-4335-be86-bf7cf9e314c3
1173,2023,CDF,FKU,POWER,9,1,1,60.4371,dadfa45f-e728-4f8f-86c7-adb494ca1442
1174,2023,CCO,KRN,LITTLE,5,1,1,59.26785,f7ebba34-723a-484b-aa7f-04733e4d2484
1175,2023,CDF,AEU,CARBON,9,1,1,58.76023,b045cf47-ef75-4b75-a1cf-6c42334b6f30
1176,2023,CDF,NEU,PEOIRA,14,1,1,58.00984,851d052b-2698-4460-87f7-0e15c84921c8
1177,2023,LRA,LAC,VICTOR,4,7,1,57.49,197f12ce-20f0-48ac-b3ab-ac7ec8d6ebc0
1178,2023,CDF,MEU,1-10,1,1,1,56.87772,e7612772-8672-4c49-bc4c-bc1f33d270ce
1179,2023,USF,MDF,JESS,14,7,1,56.06239,fd59282f-b6bc-4499-b2be-0d49b0325c87
1180,2023,CCO,KRN,CALIENTE ,14,1,1,55.02539,b0c3cac2-2d38-4efc-8953-91af39de5d25
1181,2023,CDF,BDU,MAIN,11,1,1,54.54718,f6659568-cb5e-4456-8aaf-5bc3bbc2d363
1182,2023,CDF,BEU,WILLIAMS,9,7,1,53.9,94180007-1e9b-4999-9d3e-0bb609648380
1183,2023,USF,HTF,HILL,14,1,1,52.93411,083a545b-42ac-43d5-95ba-89b0e519628b
1184,2023,CCO,KRN,BODFISH,14,1,1,52.75753,fc532a8d-26a1-4ac8-bc7c-ca7ed471eae2
1185,2023,CCO,KRN,TROTTER,14,1,1,52.54716,56f6a5b7-4d5f-4874-8e2b-020553fbb9fd
1186,2023,CDF,BTU,TURKEY,7,1,1,52.17383,a3bb8e09-0d01-43ee-9d68-5e52d7a18f3f
1187,2023,USF,LPF,GIFFORD,14,3,1,48.99358,3408c20e-cea0-4796-8593-eb121a8a61f9
1188,2023,USF,SNF,WILDCAT,1,6,1,46.6567,60a85732-e796-4f88-99d6-5edb1320d63d
1189,2023,USF,TNF,HIGHWAY,14,6,1,44.80482,0ee6b687-c649-41f3-bb76-6d0466e0f268
1190,2023,LRA,NEU,ERIC,14,1,1,44,5f677867-0dc5-4fc8-bfad-7c64291da09f
1191,2023,CDF,BEU,SLACKS,10,1,1,40.41796,453be0e0-9e71-469c-9436-e5e238faa2d3
1192,2023,FWS,TNR,SAGE,14,4,1,39.37137,34e71316-c571-4eb5-8b79-c45c7bc0807a
1193,2023,CDF,SDU,BORDER 42,14,1,1,38.60516,902cd367-168b-4cfe-803c-6e9fb1f26e7a
1194,2023,CDF,SDU,BLACKWOOD,14,1,1,37.4,1d601d0a-8dca-4922-9b04-f6439eec0f8b
1195,2023,LRA,RRU,JOHNSON,14,1,1,37.28043,28a59739-e7be-4637-b0d6-be4d716b2adf
1196,2023,CCO,KRN,HABERKERN,14,1,1,34.74714,7b6a5897-99d0-4fc5-8973-63557019ba60
1197,2023,CCO,KRN,BLACKWELL,1,1,1,34.64903,434357e3-a7b4-420e-82f2-442ccd650a93
1198,2023,BLM,CND,KNOLL,14,4,1,34.17575,0f1b9499-1f48-437d-b943-80de4c917522
1199,2023,CCO,KRN,DEN,14,1,1,33.32077,c3e62e9e-4121-4c13-9859-fb474fc78eb0
1200,2023,USF,HTF,WOLF CREEK,14,7,1,32.59397,6374e148-1dec-4886-b588-5d9bfca1cc5d
1201,2023,USF,SHF,SULPHER,14,7,1,31.21948,afd1fdcc-9ae3-495c-9f7a-fa725c2651f7
1202,2023,CDF,SLU,ALMOND,2,1,1,31.01117,c774cc45-6a8f-481f-b8ea-bcb1acc971f7
1203,2023,CDF,FKU,BRIDGE,10,1,1,30.3938,e9cc4c70-d38f-4e1f-b926-8ca2a821ca20
1204,2023,CDF,SKU,LONG,1,7,1,29.74612,c2fb24b3-ce83-44ee-a47f-bcb96e1f939f
1205,2023,CDF,SHU,DURA,2,1,1,28.96,9b55f511-dc21-4e6a-8bb2-e574ff4b4063
1206,2023,NPS,MNP,VALLEY,1,1,,28.64047,057abe53-9911-4b9d-ab1d-df3dd5860b3b
1207,2023,CDF,AEU,CLAY,14,1,1,28.63791,a2e3f2c3-b8e6-4cd2-94a6-c6526dbd2a3d
1208,2023,CDF,AEU,JACKSON,2,1,1,27.81446,040c8a06-e1a9-4a96-bfd6-e4319cf74989
1209,2023,BLM,NOD,R-1 Spencer Basin,1,1,1,27.64029,a625cace-844f-4f5f-a48a-5972dcb93d89
1210,2023,CDF,FKU,LONG,15,1,1,27.6025,d87878d8-52cb-442a-ad1b-3bf161a5fe64
1211,2023,FWS,FWR,WHIPPLE,4,4,1,26.82465,e234a983-d1c8-47ea-90a6-b2274723a1dd
1212,2023,USF,ANF,VISTA,14,6,1,25.90652,906c6fcb-beee-4893-ab09-b26db8744574
1213,2023,CDF,FKU,GEORGE,10,1,1,25.7406,a8664345-245d-4d33-9eef-4249731489c0
1214,2023,CDF,SLU,DIABLO,2,1,1,25.73028,04180012-b2ce-4b6e-8ea9-3751ad8c73d2
1215,2023,LRA,NEU,FOOTHILLS,14,1,1,25,7e3f1d60-cf79-45d3-96c4-707ec3abe757
1216,2023,NPS,KNP,SYCAMORE,2,1,1,23.93,4430d3d6-9710-42a8-a74f-22e9521cd340
1217,2023,CDF,FKU,CRANE,2,1,1,23.8874,ae1fbd88-68d2-4f9c-80f4-99e45db8c43f
1218,2023,CDF,SDU,BORDER 34,14,1,1,23.66831,6ea5d171-edde-45c7-a69e-5ef9614169dd
1219,2023,USF,SNF,COTTON,9,6,1,23.56014,909b7341-a8f5-430e-aa46-cf3ba94735e7
1220,2023,USF,SQF,LANE,14,6,1,23.00138,f6235467-0048-4943-bea8-828ad84d2ddd
1221,2023,BLM,CDD,BREEZE,14,6,1,22.55552,e7c39b7b-5094-49b9-9f5c-c52bf96d2639
1222,2023,BLM,CDD,MEADOW,14,1,1,22.08992,8eea6c58-d669-4274-8d84-7e3f77a91f3c
1223,2023,CDF,SHU,OLIVE,2,1,1,20.67,7e4ed83e-a2c1-4024-bdfa-387b28566103
1224,2023,CCO,KRN,SCODIE,14,1,1,20.61374,1c6ad6b7-f337-4cd9-83e6-79021c8c4d12
1225,2023,CDF,FKU,RODEO,7,1,1,20.1026,ee4c9f45-148f-4a26-8701-108465a0df04
1226,2023,USF,MDF,RIM,14,7,1,20.04021,ede917de-d106-4a14-ad0d-a1b0475b4945
1227,2023,USF,SRF,IRON,1,7,1,20.01698,b6a689b6-0f62-413b-b121-ba0e4d90fff2
1228,2023,BLM,CRD,Laguna,14,6,1,19.89741,a1a52836-0dcb-401f-999b-2c34d82287df
1229,2023,LRA,BTU,CANA,11,1,1,19.28816,5e7ab24b-b588-44f2-b7a9-126d9cb32276
1230,2023,CDF,FKU,STRIKE,1,1,1,19.1282,cad31341-92ae-4fce-8b13-c100f59d4266
1231,2023,CDF,SDU,BORDER 13,14,6,1,17.95,f359298b-4055-4116-b8ff-624e6635eee4
1232,2023,CCO,KRN,TRUCK,14,1,1,17.15697,bbeea826-1fac-4c77-b1da-9b099b9b641f
1233,2023,CCO,KRN,KERN,14,1,1,16.76435,7c5f5bcb-efc4-4ad9-ab28-a93cf02a6bc5
1234,2023,USF,ANF,DRY,14,6,1,16.75898,0bf16072-b683-417a-9b83-5cee5ed27807
1235,2023,CDF,FKU,WINCHELL,14,1,1,16.7198,54f7b32f-7b77-46ea-ae9c-06c6c3856fa1
1236,2023,CDF,NEU,DOOLITTLE,14,1,1,16.6,6932eecb-3818-4016-a5c7-2b75f24e9450
1237,2023,NPS,RWP,BRIDGE RIDGE,1,8,1,16.54212,8ac14149-bbcf-45ef-881a-edf6097a8cbf
1238,2023,CDF,SLU,RANGE,5,1,1,16.14059,8f311a87-fa7a-4cee-aabf-080a51b75fa3
1239,2023,CCO,KRN,GENERAL,1,1,1,16.05068,386ce631-0936-413d-8c6d-d748978d8d12
1240,2023,BLM,CRD,Winterhaven,14,8,1,15.25318,52f6f542-7ba1-4bd1-a0d1-3b986d0ef16c
1241,2023,BLM,CND,GOLF,14,7,1,15.10045,bc00cfaf-666d-4600-8797-d9c7146f1c12
1242,2023,CCO,KRN,FIELD,14,1,1,15.04139,a370dd26-6737-4b4a-9b8c-f5b457484b35
1243,2023,CDF,SLU,SHORES,2,1,1,14.83849,a56cb2f2-d18f-4103-a110-fc54dda85a67
1244,2023,BLM,CND,HORN,14,7,1,14.80223,7e77ec5e-cae3-40f9-83fe-08e54ffd0082
1245,2023,CCO,KRN,LAVENDER ,2,1,1,14.74279,947958c6-6c4d-4b19-800a-89c058ef556e
1246,2023,CCO,KRN,EDMONSTON,14,1,1,14.59014,6c3c9753-93b8-4d43-bbc0-233fc391d8c6
1247,2023,CDF,SKU,ASH,1,7,1,14.55784,2beddcaf-26c2-48db-89b9-446ef2748299
1248,2023,CDF,RRU,ALMOND,14,1,1,14.43536,d58fbe53-102b-4ff4-b9ae-19e1c8bdb0d4
1249,2023,CDF,FKU,PECK,10,1,1,14.3992,8d0c8752-4945-4a47-b3f4-58193c11e5e1
1250,2023,CDF,NEU,SICARD,11,1,1,13.73,071ac23e-1b96-4670-ba11-848a32a6671c
1251,2023,CCO,KRN,ROCK,14,1,1,13.71712,2228ebb5-ecb5-4d74-b68a-7c3ba52e4f33
1252,2023,BLM,CND,KERTO,14,4,1,13.71699,d39c9577-975a-4d9f-8399-c2da5a2de09d
1253,2023,LRA,BTU,KAISER,5,1,1,13.60238,b1796e02-8df7-4ecf-a716-12afed45974c
1254,2023,CDF,BEU,PAICINES,10,1,1,13.59313,3920446b-8c59-4d6d-9b99-7bb6ee08caaa
1255,2023,CDF,SLU,58 CARRIZO,10,1,1,13.34245,d0095187-d08f-4ffa-83c4-6d67870a9e45
1256,2023,CCO,KRN,HOLLOW,14,1,1,13.32836,f1e94cfb-83d8-42c8-9726-31399615ce38
1257,2023,LRA,VNC,VILLANOVA,14,1,1,13.01236,ca2b0ef4-95cb-44b6-8fe3-3a5d2624c8a9
1258,2023,CDF,HUU,PECWAN,14,6,1,12.89246,72f873d8-1da0-49dd-a74e-03de2627c21e
1259,2023,BLM,CDD,BORDER 38,14,6,1,12.77125,ce616b19-3ce8-4561-9cdd-efd5f9fbde23
1260,2023,BLM,CND,MAJORS,14,6,1,12.74907,c3230c82-97f3-4b13-bc59-7d51505f648d
1261,2023,USF,LPF,ROAD,14,6,1,12.56114,b85e26d9-9bcb-4535-85c8-d3445b22073a
1262,2023,NPS,RWP,DEVIL,1,1,1,12.40059,faa8632a-782f-4dd8-adcf-123b163bfd8f
1263,2023,USF,MDF,SPRING,14,7,1,12.34517,3ff205ac-4498-4204-9f95-e2db2a9d1431
1264,2023,CDF,SDU,WILDCAT 2,14,1,1,12.2,efc8eefe-9d3b-420a-82aa-35da5a598095
1265,2023,CDF,SHU,PINE,2,1,1,11.91801,627fa507-20f3-4544-b581-b9ac4054c3c0
1266,2023,USF,SHF,CARAWAY,1,6,1,11.8399,fdb3e506-419d-4962-b4a6-fdfcf0638804
1267,2023,CDF,AEU,MISTY,2,1,1,11.7,4d424c71-6178-4f4f-a137-855e833be789
1268,2023,LRA,NEU,BREWER,14,1,1,11.63,439a84e5-bdb3-4f72-bb89-766756fdaa76
1269,2023,CDF,FKU,JUNIPER,10,1,1,11.1383,48c6ee1e-fefa-4743-8fc9-00ac910f0893
1270,2023,CDF,BTU,WALL,7,1,1,11.12262,4b64761c-6b6a-4041-8d14-63e78545af44
1271,2023,CDF,AEU,PLYMOUTH,5,1,1,11.1,c6d2ff6e-4731-42a3-bc5d-743bfe0be52d
1272,2023,CDF,TCU,GREY,2,1,1,11.02161,be6669a0-cbfc-4926-b375-f21cb511aa28
1273,2023,CDF,NEU,SPENCEVILLE,2,1,1,10.8,3e6c4e6c-e795-4b57-a9ad-dc7295ca9f38
1274,2023,CDF,SDU,BORDER 30,14,1,1,10.51,6d04aea3-543b-4a2a-b584-17df94bce03b
1275,2023,CCO,KRN,FLAT,14,1,1,10.37647,d484f41d-51ac-4497-aa5f-06b36e1aa687
1276,2023,BLM,CND,MINERAL,14,1,1,10.07988,ff2548df-bee0-4e12-bc0c-2a1cff45e7e7
1277,2023,LRA,BTU,VIRGINIA,4,1,1,10.07201,11c352e2-a8ec-4ec6-a78e-20bb16429c63
1278,2023,CCO,KRN,ELK,14,1,1,9.687215,4125d2f6-f8dd-416d-a42d-bcb6bfb988d6
1279,2023,CCO,KRN,SOUTH 2,14,1,1,9.613276,8257ccc7-d125-4098-8fc9-8357f36a8b6d
1280,2023,LRA,NEU,TANWOODS,14,4,1,9.532271,b235ab80-4149-4829-ae9b-5b376aeeb142
1281,2023,CDF,SLU,VALLEY,2,1,1,9.52999,52c93f64-a301-40ab-adfa-29f57d7acaf8
1282,2023,CCO,KRN,CANYON,14,1,1,9.05986,dd1a7b38-d715-40f5-9867-f305a4bc6e03
1283,2023,USF,LNF,L-1 BRANCH FISH,14,7,1,8.922971,fbe11bee-a01f-471d-b199-cc7e1d95c3c9
1284,2023,CDF,SLU,TOWNSITE,10,1,1,8.690822,8363f7e8-0d8e-498d-8ab0-d86919b3969e
1285,2023,USF,MDF,JANES,14,8,1,8.502274,fc6de1ac-ac31-4315-bc52-cc4a35514048
1286,2023,CCO,KRN,SHERWOOD,14,1,1,8.496378,283ac80e-2f40-43c8-b4bf-f756123da0dc
1287,2023,USF,SRF,CREEK,14,7,1,8.368764,424e476c-4b96-49d6-838e-8fb82642483b
1288,2023,USF,SQF,STINE,14,1,1,8.326042,de44d3f8-ca7b-4fb1-97db-6003ac3476ea
1289,2023,CCO,KRN,CROCKER,14,1,1,8.202892,56710b73-ca5f-4871-9a0d-0f81ff13f02f
1290,2023,CDF,RRU,HOMESTEAD,14,1,1,8.132599,9b367839-d8f8-4ebd-8170-8baf71580e51
1291,2023,CCO,KRN,BLUE BARN ,14,1,1,7.971368,f0b9fb31-e40b-4ce3-9e3b-6f34c4b719a1
1292,2023,CCO,KRN,WATER,14,1,1,7.961721,62d2ac93-639b-49f9-b13a-7ba48b321e1e
1293,2023,CCO,KRN,ROLLING,14,1,1,7.908133,ca170117-8ca0-4664-b1ba-f84b10e1685f
1294,2023,CCO,KRN,TULE,14,1,1,7.309518,c7dc4b33-b300-49e7-a21f-228ed84301dc
1295,2023,CCO,KRN,FRONT,14,1,1,7.258909,e7ed7d44-7e3b-4544-90e9-c561a580ef6a
1296,2023,CCO,KRN,TOLL,14,1,1,6.860587,2270af49-f8fd-4a0f-a263-19dc52e0f7da
1297,2023,LRA,KRN,POND,14,7,1,6.763345,cb0f347a-6c3c-4237-b698-43e255e0ce0a
1298,2023,CDF,SLU,SUMMIT,14,1,1,6.738468,fff6cfb2-42bc-416f-b2d7-2d5503d0cde4
1299,2023,CCO,KRN,CORNER,14,1,1,6.430629,88643faa-8a20-46e3-9c0e-67f8ab093262
1300,2023,CCO,KRN,FAMOSO,14,1,1,6.419109,af61492f-547e-4e3a-a6fc-7b3a04add823
1301,2023,CCO,KRN,CREEK,14,1,1,6.315729,f54a6070-76f4-42dd-a87a-32f4e9d7accf
1302,2023,CDF,SLU,HILL,10,1,1,6.247237,19c5e430-fa41-4496-94d0-4dd921568eeb
1303,2023,CCO,KRN,TREE,14,1,1,6.170191,6e4be7ef-dc77-48ee-8077-d8906b0221cc
1304,2023,CCO,KRN,POST,14,1,1,5.966745,49b1732b-4699-4864-95c5-68b0ce6e398d
1305,2023,CCO,KRN,ADOBE,14,1,1,5.948729,38ad5e30-c311-43d6-b974-9fd14943d0d2
1306,2023,CCO,KRN,TANK,14,1,1,5.777378,8ae77975-abdd-4a94-9942-b31b741a0d09
1307,2023,CDF,SKU,WHITWORTH,5,1,1,5.729125,0e3eaf10-c08d-43d8-aee0-843d21465467
1308,2023,USF,SHF,MULE,14,1,1,5.702603,f8fb1b8e-ba8a-47e0-8c65-9c7f7a58a80e
1309,2023,CCO,KRN,ELK,11,1,1,5.666053,840adbb8-6f5d-4a07-bbaf-9bfa471babd3
1310,2023,CDF,SLU,TOPAZ,11,1,1,5.66248,7d22ac8f-92f7-4772-a94c-2a0c45239def
1311,2023,USF,SRF,MONTE,14,1,1,5.489922,5b3466ab-c8f8-4d90-a3bf-d32c26a613ce
1312,2023,CCO,KRN,BRONZE,14,1,1,5.487661,1eb1c1db-6d28-4816-961e-c40595561549
1313,2023,CDF,SLU,WILLOW,10,1,1,5.272589,d8e0bc01-bd94-47f1-84f9-9e5eda689022
1314,2023,CCO,KRN,ANNETTE,14,1,1,5.226628,18e2ecf6-5c90-4543-bbc0-66df05214e54
1315,2023,CCO,KRN,TOWER ,14,1,1,5.175606,98ae7e3a-26e0-4b6d-9541-f7861f850881
1316,2023,CCO,KRN,POSO ,14,1,1,5.002238,bf355f76-f1c1-4e54-98f1-be3f4acd6a5c
1317,2023,CCO,KRN,MID,14,1,1,4.990486,39b6c8e4-8647-4cd8-b4f4-c31362401718
1318,2023,CCO,KRN,POINT,2,1,1,4.915308,05692204-e2dc-4b5b-96fd-96cad731f1d3
1319,2023,CCO,KRN,GROVE,14,1,1,4.713907,87bdd789-95e2-4ee0-8b96-2f136374017f
1320,2023,CDF,SLU,GREEN,14,1,1,4.502316,cb93ed41-6ebd-4569-88fd-64c5785dd726
1321,2023,CDF,BEU,WILLIAMS,9,7,1,4.5,cd0e138b-bce3-4b1e-934d-e501153941eb
1322,2023,CCO,KRN,SKY,14,1,1,4.440306,d69d358f-7342-401e-badb-cd0daa53ba1d
1323,2023,CCO,KRN,COMANCHE,14,1,1,4.387525,4518aa70-ed3c-4f4c-928a-811f7e6593a2
1324,2023,CCO,KRN,SEMI,10,1,1,4.015996,f60470bf-ab1e-4ef1-ade5-21898645031b
1325,2023,CCO,KRN,BRITE,14,1,1,3.816716,835586ca-7411-4eeb-b92f-46702ef2daa4
1326,2023,CCO,KRN,BAKER,14,1,1,3.72376,78b404c9-e362-4c81-8411-1ecaa8b886b2
1327,2023,CDF,SDU,COUSER 2,14,1,1,3.5,ab3c95c6-2f06-4221-a744-f1ba800948b2
1328,2023,CCO,KRN,FANO 2,14,1,1,3.433622,76b9bf10-64ec-4eca-95bc-d2338186136d
1329,2023,CDF,SLU,ROCK,2,1,1,3.37118,456d1028-ba92-4ed2-affc-f56d0137dbe4
1330,2023,CCO,KRN,LAST,14,1,1,3.334712,72fc68c8-9873-4ef7-80a3-c6c3c9f97e2c
1331,2023,FWS,SRR,RIVER,9,1,1,3.312726,5f0996c6-9bc8-47ee-8c94-a3333af61da9
1332,2023,CCO,KRN,LAZY,14,1,1,3.267727,87e0a977-4747-42a4-8226-ad11b6f63985
1333,2023,CCO,KRN,TULE 2,14,1,1,3.12156,3a3771d6-be63-4259-b4c8-9f6963e8a941
1334,2023,CDF,SLU,PANZA,10,1,1,3.066564,daa5f560-a1e6-4bf7-b325-9b70520be7d8
1335,2023,CCO,KRN,LIERLY,14,1,1,3.030688,0f275663-12dd-42b4-a4a6-568ca569bd48
1336,2023,CCO,KRN,FANO,14,6,1,3.00047,9a8dd06e-7e61-457d-ad2d-df16329b3fb7
1337,2023,LRA,SHU,RUBY,2,1,1,2.58,f4e67ed3-dac8-4200-b6a2-f7eed693bbf1
1338,2023,FWS,KRR,CORCORAN,10,4,1,2.545945,a1624967-dba7-4df0-ad12-37b0da9e1684
1339,2023,CDF,SLU,CREST,5,1,1,2.421318,35a2ff1e-97b1-452e-b659-e4924d28439f
1340,2023,CCO,KRN,RANCHO,14,1,1,2.2649,33d0addd-97cb-4c61-ac33-928bd4ae103a
1341,2023,CDF,SLU,NEAL,2,1,1,2.214254,636964df-dfb9-4d68-ae65-aab42a76378d
1342,2023,LRA,SLU,JARDINE,3,1,1,2.151939,3d0fbf99-6679-4d0b-9e04-2b503c1cdf56
1343,2023,CDF,BEU,VEGA,7,7,1,1.98,a2ef082e-0776-4252-99a2-e1ab3b483ca5
1344,2023,CDF,SLU,MOSS,2,1,1,1.899265,576c8cf4-1abd-40b2-8868-5822477b423f
1345,2023,CDF,SLU,GENESEO,14,1,1,1.702128,79b61a6b-da3f-44cb-a703-77a92a95129d
1346,2023,CDF,SLU,WINEMAN,7,1,1,1.682815,e3d9941f-847d-4d9f-b86c-2db22f80546a
1347,2023,CCO,VNC,TRAIL,14,3,1,1.655345,3e715beb-27d2-4b79-9b1e-0e9d1376b07a
1348,2023,LRA,RRU,BROADWAY,14,1,1,1.601149,99c0c82c-8930-4025-9b33-3b27706ae0a7
1349,2023,CDF,SLU,BRIDGE,4,1,1,1.519355,5e6a87bb-db7a-4787-8976-86632aac6f30
1350,2023,CDF,SLU,ESTRELLA,3,1,1,1.184759,d8190960-b70a-4201-94d7-5267c95afbd0
1351,2023,LRA,SLU,JARDINE,2,1,1,1.171606,d56e1f1a-2cea-4315-a776-77c439f27a89
1352,2023,CDF,SLU,FRANKLIN,14,1,1,1.008626,7c0ff557-b54b-4459-94b7-12f3dee8df5c
1353,2023,CDF,SLU,CATTLE,9,1,1,0.8171355,03853870-a663-405b-a491-6f7b847a9e7e
1354,2023,CDF,SLU,BITTER,10,1,1,0.7515653,662db633-d17e-4690-9fe4-1bfcb3dada5b
1355,2023,CDF,MEU,HAZEL,15,1,1,0.46,7fdc288a-227b-417b-bf58-534831feb025
1356,2023,CDF,SLU,BEAR,4,1,1,0.3076231,49016d3b-501f-468d-907d-932d5fe766b2
1357,2023,CDF,MEU,AIRPORT,10,1,1,0.14,4becfc53-dbae-4802-b178-ee456757a450
1358,2023,LRA,SLU,OAK,5,1,1,0.1144218,645644eb-8fed-48ab-9a44-e3cb9551973b
1359,2023,CDF,TUU,PARK,10,1,1,0.06657419,6f6e88ac-d68e-41bc-947b-234628c06881
1360,2022,USF,TNF,MOSQUITO,9,3,1,76771.45,39b7da46-1d0a-41b4-be21-7f08445418ff
1361,2022,USF,KNF,MCKINNEY,14,3,1,60102.26,6ff374e7-176d-44c1-a271-79f1aa71dd17
1362,2022,USF,SRF,CAMPBELL,14,3,1,30132.85,820e0c6a-b4da-499d-a768-ced970fc9872
1363,2022,CDF,RRU,FAIRVIEW,14,1,1,28097.87,87c1db23-4e6a-4827-8d79-c59b501fa6ec
1364,2022,CDF,MMU,OAK,14,3,1,18957.5,b56a60bd-cb6b-449d-afb1-4bc624b923aa
1365,2022,CDF,SKU,MOUNTAIN,14,7,1,13440.71,00aa391b-fd74-4f0c-9b4b-b80cd7b20581
1366,2022,USF,SRF,AMMON,14,3,1,11464.9,26de3c11-becd-4377-a682-887d09091b0f
1367,2022,NPS,YNP,RED,1,3,2,8432.419,f47fcb64-b5f7-4e5c-91a4-8a86892888a5
1368,2022,USF,KNF,YETI,14,3,1,7886.011,73b97b87-f389-4baf-9698-6dc358b08f91
1369,2022,BIA,CRA,LOST LAKE,14,7,,5856.573,594aff8f-d9ea-4a9c-b5c7-9e4d3945ddda
1370,2022,USF,MDF,BARNES,1,7,1,5840.575,abeb049b-3ca5-4f89-bc5c-8ba7b3e0b19c
1371,2022,CCO,LAC,ROUTE,14,7,1,5227.923,f286f5da-c069-4df1-ab31-c81e3c4ca9b5
1372,2022,NPS,YNP,WASHBURN,7,3,1,4886.124,f8dbe7e8-0e3a-4a39-884c-ee8dd761ce79
1373,2022,CDF,AEU,ELECTRA,14,1,1,4466.222,fafaad70-a284-4d5b-b551-15eae96b6a08
1374,2022,CDF,MVU,BORDER 32,14,3,1,4456.34,48c133fb-1234-42b8-98b2-cb93d88b8bd1
1375,2022,CDF,BDU,AIRPORT,14,3,1,4140.06,a96626a2-7c77-4f34-b779-2b508295e7c4
1376,2022,CDF,SKU,MILL,14,7,1,3939.382,15e1b2b5-bbc1-47ba-946b-68d64f919fa5
1377,2022,NPS,YNP,RODGERS,1,3,2,2839.684,63d97306-9069-4742-8a68-9f5ad8b0cd7d
1378,2022,CCO,KRN,THUNDER,1,1,1,2465.185,59057cce-82a4-4fe0-bda8-3ad971fba648
1379,2022,NPS,KNP,SUMMIT,1,7,2,1394.44,d6292c57-4fc3-4ad4-be3c-659f0e7bbaa3
1380,2022,USF,BDF,RADFORD ,9,7,1,1079.279,431dbef9-7353-463a-a151-aa0dcde6039c
1381,2022,CDF,NEU,RICES,15,1,1,920.9178,39ed49ec-8637-4a4e-8b49-10f0a703e438
1382,2022,USF,ANF,SHEEP,14,7,1,865.1371,758df737-9ea4-4aec-9720-f3c8f462ef03
1383,2022,CDF,MMU,FORK,10,3,1,818.4309,f737736f-8709-43d6-bbf1-0db1788385ef
1384,2022,CDF,BEU,COLORADO,5,1,1,687.4208,2a808da9-18e8-41a5-8376-cf6ed91e7a63
1385,2022,CCO,KRN,EDMONSTON,14,1,1,682.0379,86bc30a8-1555-4e02-b6dc-f403acbc256c
1386,2022,CDF,TGU,RANCHO,14,1,1,589.8671,81130af7-5df1-4f61-bd16-1839e01d4dd5
1387,2022,CDF,MVU,BORDER 13,7,7,1,568.2128,d5b89f3a-0c42-4210-952c-e8b259f40ecd
1388,2022,USF,CNF,JIM,14,7,1,552.538,df0bfc87-6d3a-4a65-bd0b-733887afb948
1389,2022,CDF,SCU,TESLA,10,1,1,551.7821,2c7cbcbe-fa7a-42d1-877a-e07d8d33f883
1390,2022,CCO,KRN,PLANT,14,1,1,484.856,a7560bd8-1257-4e02-a58c-4364d72dc64e
1391,2022,NPS,JTP,ELK TRAIL,7,1,1,414.1108,b5efdea6-1f5d-401b-8fef-0e69b12359b4
1392,2022,CDF,MMU,AGUA,10,2,1,396.7744,b0c1ed0f-2c10-4bea-9278-677bb0a08ff1
1393,2022,CDF,SLU,CAMINO,9,1,1,386.9821,b69ee4cf-ecab-4a88-bf2e-3bd5211c78d7
1394,2022,CDF,LNU,OLD,14,1,1,375.9125,70252dea-50d1-40b5-94cc-84fc93f9a9f6
1395,2022,CDF,BTU,NELSON,14,1,1,371.4677,7a978ba1-72d2-41d4-b56b-46f245097d4c
1396,2022,CDF,MMU,ROMERO,14,1,1,344.1595,c73b3ada-516d-4453-a9d9-9d992babd564
1397,2022,USF,SQF,WISHON,14,3,1,317.8171,a14aec24-0b51-44a4-8933-6a937fd49a51
1398,2022,CDF,TGU,BURROWS,18,2,1,309.4793,5c9e093b-8071-4720-9fed-ab3e64c3d4e2
1399,2022,CDF,SHU,PETER,15,1,1,303.67,9225c7d1-0b8f-4cb8-941b-d663ad532193
1400,2022,CDF,SKU,COYOTE,1,8,1,296.9517,733149db-6c74-4b76-923b-deaa2a788be7
1401,2022,FWS,SJR,BECKWITH,14,4,1,274.1842,9a580d6c-13d4-49d6-b513-4eebe99c397f
1402,2022,BLM,CND,MESA,14,7,1,222.0774,39a28cda-b216-436c-a1b8-0a361ce51e3f
1403,2022,CCO,KRN,RAIL,14,1,1,216.2137,08c8ebbd-856a-40b3-99e2-4e2f502b7ebd
1404,2022,CCO,ORC,COASTAL,11,1,1,202.0908,d46bc6c9-64f8-4b94-b22e-22159a4ae74a
1405,2022,USF,CNF,VALLEY,14,7,1,188.4808,aab34502-83f6-4178-9aac-c2dcb8b9fe9a
1406,2022,FWS,SJR,CA-WSF-22000274 GRAYSON,4,4,1,182.0349,ae7cee68-2c0b-4b7d-b8f8-0dcd138621dc
1407,2022,CDF,MVU,CASNER,2,3,1,178.2691,58a07f77-befd-4a52-be22-1c56ef68ae67
1408,2022,USF,LNF,GRAHAM,14,7,1,177.4989,d3585221-d72a-4f4c-a8d8-67fa039fea63
1409,2022,CDF,SCU,FLYNN,10,1,1,173.7565,ee6f1511-49b7-4733-b68c-d9b2d30dbf73
1410,2022,CDF,NEU,PORTER,2,1,1,166.603,2b2b2ccd-cbf7-497f-9e17-505ac026c4de
1411,2022,CDF,TGU,FORWARD,10,3,1,159.9855,053061d1-d97c-4070-a1cf-0e5c53e40a6e
1412,2022,CDF,FKU,HOUSE,2,1,1,159.2148,d0ee8313-6e36-4ed6-9b69-a9d005f1ca3d
1413,2022,CCO,ORC,EMERALD,14,1,1,154.6207,0e97a553-13d0-4975-a938-e59f23867a57
1414,2022,USF,KNF,ALEX,14,3,1,150.4035,e7361083-e1e1-4811-bb74-dc07a4b43085
1415,2022,USF,ANF,EAST,14,3,1,147.6624,c91f9ddb-a742-4060-be9d-5797d43337ec
1416,2022,CDF,BEU,GARRISON,11,2,1,147.4871,b8b00201-e9b0-42e3-82b4-2f4c14aaa662
1417,2022,LRA,RRU,UNION,5,6,1,144.8669,90ccfbd7-ebf3-46f7-96cf-1ed09c452875
1418,2022,CDF,TGU,TULARE,10,4,1,134.4698,558baf54-f2b6-4440-97da-9ea6c541817c
1419,2022,CDF,FKU,POWER,10,1,1,133.7536,6382bd5c-3754-4918-a7c2-fd91e4aaef36
1420,2022,CDF,SCU,FLYNN,14,1,1,131.9128,d9c7c1cc-d6ed-45ed-89bd-94774eb60d16
1421,2022,CDF,LMU,DONICA,10,1,1,129.1635,ce2641f6-66ee-4ab8-95c6-d7ba06f81134
1422,2022,CDF,TUU,MARMOT,14,3,1,126.6029,1bdf87e0-8360-4704-8206-1c04dfa49160
1423,2022,CCO,LAC,SAM,14,7,1,125.3294,b21f414c-0d7f-43f5-b1c4-baebdb72cfd4
1424,2022,CDF,SBC,HOLLISTER,7,1,1,123.7686,e79cfe44-be64-4e0a-8d60-a6c65c9b14fe
1425,2022,CDF,MEU,WALKER,10,4,1,123.3361,815b332a-3646-43d2-9f96-d77fa0591126
1426,2022,CDF,SCU,SCENIC,10,1,1,120.4983,2a6e7357-7df9-4335-aede-375e90cc3dff
1427,2022,CDF,SKU,GULCH,14,5,1,113.4316,4ddefc29-1ec1-43b7-826c-68d2b777bdc2
1428,2022,USF,ANF,GULCH,14,7,1,113.4179,c7c70151-9439-4220-8bdd-6e026c11703e
1429,2022,CCO,MRN,REDWOOD,10,1,1,106.1611,49810089-3d99-4243-8a62-b415a5de4dae
1430,2022,CDF,BEU,ANZAR,11,7,1,101.0951,2b3cde29-8109-4bbc-9683-a6bf650e28f3
1431,2022,FWS,SJR,RIVER,4,7,1,98.25912,b83bcbb8-ff41-4890-9caf-c9fe2134c5cd
1432,2022,CDF,MVU,BORDER 27,14,7,1,98.14726,50642ee7-8ddc-488e-b6a1-4edb7fa255be
1433,2022,CDF,BDU,HESPERIA,2,3,1,96.88597,f1479de5-ddd6-4dfd-909a-4d11e5b34666
1434,2022,CCO,KRN,RANGE,14,1,1,93.07888,e6a374bf-11da-4f42-867a-cbfa32923830
1435,2022,CDF,SCU,HIGHLAND,9,1,1,91.53281,9257c9d1-717a-4fa7-8649-0d7cca17a267
1436,2022,CDF,BEU,BENITO,14,7,1,89.9549,ec8b92e7-ef87-45a5-ba75-76022e72933f
1437,2022,USF,BDF,BRONCO,9,7,1,89.57446,f6b01ead-c853-42c7-8f2f-934ca4afc81c
1438,2022,CDF,SHU,FLANAGAN,5,1,1,88.68606,26203976-0d54-4c05-8a68-05a3ef7372d7
1439,2022,CDF,SCU,KIRKER,10,1,1,84.79446,35df1ba4-aae9-4995-af23-2d1b0bec8914
1440,2022,USF,KNF,KELSEY,14,7,1,84.64411,a496ae4f-15a1-40ae-8c9d-53cb0b91a8d0
1441,2022,CDF,NEU,WINDING,11,1,1,81.7844,41e5f3e5-d7e3-48b6-a60e-279fe0285dc1
1442,2022,LRA,BEU,KING,7,7,1,79.60818,769dcb38-56de-40d5-ad0a-4d528736a3be
1443,2022,USF,LPF,HOWARD 2,9,2,1,74.61489,9ceb49e0-4236-4024-a17b-845422fa8956
1444,2022,CDF,AEU,GRANT,7,1,1,73.11472,8cc1a933-3858-4aef-8876-e0102c919905
1445,2022,CDF,NEU,BRANDIE,2,1,1,71.87849,f6f67384-0e94-4faa-95a6-897036fd9351
1446,2022,BLM,NOD,R-1 PIT,1,1,1,67.82058,5fcc5e4b-e91b-42c5-bdf4-5cc727d71da2
1447,2022,CDF,TGU,RAINBOW,7,1,1,66.32885,ee8ac4c5-1c8e-495e-ac4d-e617db5525c6
1448,2022,CDF,BTU,NINETY-NINE,14,1,1,65.67123,6e4e99ff-d5f3-4605-a69a-771e7a444fad
1449,2022,CDF,SCU,PASS,10,1,1,65.37904,c1ef51b0-fbaf-4c2d-89af-745fd810a723
1450,2022,CDF,TCU,SLATE 2,6,1,1,63.70885,c0cde5d5-efe5-4f44-89cd-dd892c812eb9
1451,2022,CDF,LNU,ROBLAR,2,1,1,63.26585,4a1dbf29-713e-452b-a1f7-735cc80cae19
1452,2022,CDF,SKU,MEAMBER,1,1,1,62.63028,1368323e-d646-44c2-be64-090b8f29ec4f
1453,2022,CCO,KRN,RANCH,14,1,1,62.03226,0cb3a211-a451-454d-aefb-9fbe8c904a49
1454,2022,CCO,LAC,QUAIL,14,7,1,60.45229,2bef154b-568c-4a15-a3bd-48d4a8218d67
1455,2022,CDF,BTU,NELSON,2,1,1,60.11403,0bd9d4c1-e6bd-4a18-b550-d9c2c4a97281
1456,2022,FWS,SPR,POINT,10,4,1,58.67502,3a13d4b1-5bea-4157-bdb2-f34eb91bcd0d
1457,2022,CDF,SCU,EDEN,10,2,1,58.31763,d2ee6d50-0761-4485-a4b3-bfae3998554b
1458,2022,CDF,SLU,WINEMAN,7,1,1,56.78185,242741df-43c5-4d69-a9d2-7623ab98be4b
1459,2022,CDF,BTU,PARK,14,1,1,56.33854,36c44cc3-00c4-4327-858f-03665303ac9e
1460,2022,CDF,NEU,SHERIDAN,10,1,1,55.71469,06b7835e-5de0-4a16-af90-846683733ebd
1461,2022,CDF,FKU,PEBBLE,15,1,1,54.41259,d87f744e-662a-4fe0-957d-95349da8283c
1462,2022,CDF,FKU,TABLE,14,1,1,51.97977,77e25184-2981-4960-a8e8-281b3836ae4c
1463,2022,CDF,SLU,BULL,2,1,1,50.92991,41172eeb-d485-40e4-876c-a5e534e11947
1464,2022,CCO,KRN,COMANCHE,14,1,1,50.66179,55071875-5ba0-48e6-b78e-0b3e65615f47
1465,2022,CDF,SCU,CANYON,9,2,1,50.373,a59bb1d7-9f0f-453b-897e-9dcce7e2b6ef
1466,2022,CDF,SCU,FRANKLIN,10,1,1,50.12971,75ac14c7-1373-4339-9b78-af2bd9ba8c10
1467,2022,CDF,NEU,OWL,10,1,1,49.95041,fefa81bb-81ac-4935-8403-afedf2916786
1468,2022,CDF,SLU,EAGLE,14,1,1,49.81456,3e08f939-f6c2-4fd4-bc69-bd87fc78cf87
1469,2022,CDF,BDU,PLEASANT,10,3,1,49.56956,72cffb57-680b-43a0-a013-7bed90442976
1470,2022,CDF,MVU,BARRETT 4,7,1,1,49.2244,c257b088-66c7-4b71-bdac-52d271119346
1471,2022,USF,ANF,BOUQUET,14,7,1,48.40139,b49bf0dd-2231-4f73-bec7-9f17dc8f371c
1472,2022,USF,MDF,MCGINTY,1,7,1,48.1479,2ef8ded8-7550-4462-a239-e2d431448213
1473,2022,CDF,MVU,CAESAR,10,1,1,47.70462,ebb99055-2c0a-420e-8d7d-89b2c4616b60
1474,2022,CDF,BEU,BETABEL ,10,1,1,47.00494,c959058e-0c76-49dc-9740-4bd20bf1cd7e
1475,2022,CDF,NEU,STILL,2,1,1,43.21048,f5d27448-c327-4935-bed7-fa239f91e36e
1476,2022,CDF,MEU,BELL,2,1,1,42.91696,97989d13-e529-4751-b81c-f658fb8d73bc
1477,2022,CDF,NEU,WATT,11,1,1,42.42685,b3e7608c-a98d-40a1-aa2b-8950e85409a7
1478,2022,CDF,NEU,APPLE,11,7,1,41.09785,f798bba2-0e72-48c9-929c-b4c8dc7d68c7
1479,2022,CDF,SCU,BARRY,9,1,1,40.30602,4468c6cb-c340-4ffd-89c4-fe08c525b4f9
1480,2022,CDF,NEU,BLOOMFIELD,18,2,1,39.55224,6063d63f-0979-49dd-9348-3e7aafc88872
1481,2022,CDF,SCU,PASS,14,1,1,38.44807,42590af1-e565-4b24-b55f-8e60a4253dab
1482,2022,CDF,NEU,AIRPORT,14,1,1,38.26443,9f310daa-ee1a-49a0-831d-0421b0bb4106
1483,2022,CDF,BEU,BIANCHI,2,1,1,38.15456,da9fd40a-4191-4c5e-9c34-77136b97687c
1484,2022,CDF,NEU,RIOSA,3,1,1,37.56129,cbbe119b-1f33-4fda-8dd5-bb19482c18a4
1485,2022,CDF,FKU,LOPER,14,1,1,36.92672,751c4f77-9bc2-4f63-814e-24eb932db024
1486,2022,USF,MDF,WILLOW,1,1,1,35.42039,4b3e6fec-b363-4751-b2b0-e3a6d6af3bc1
1487,2022,CDF,BTU,SANDRA,2,1,1,34.40428,10eafc7a-b1b2-4ba6-8dee-648a14f15cc0
1488,2022,CDF,MEU,OWENS,9,1,1,34.01559,1a3248d0-fcb9-4d44-b566-240d59552b58
1489,2022,CDF,SHU,BRANSTETTER,4,3,1,33.77932,c02aec7d-cc57-44ef-aa47-0de20c4e4f9c
1490,2022,USF,KNF,SMOKEY,14,6,1,33.67451,d8eba270-030b-4f14-b9af-935439b016b6
1491,2022,CDF,BTU,NELSON,14,1,1,33.07443,0c4edef4-46fd-4e8f-8a4e-71edf18c8a47
1492,2022,CCO,KRN,KERTO,14,1,1,31.69387,59d7d1ec-d233-46b8-8e47-5e3655c42a7d
1493,2022,USF,LPF,NAVAJO,9,6,1,31.54411,4533ed33-09e8-4a46-9706-adceaf8c1b4c
1494,2022,USF,SHF,BARNEY,9,6,1,31.46449,876c41e1-8629-451e-92b3-6e2dacb3d468
1495,2022,CDF,SKU,SHACKLEFORD,1,3,1,30.94669,7c79c2e7-0f80-4833-aa13-1c27eccece24
1496,2022,CDF,BTU,JAN-DAR,14,1,1,30.50697,e7cef8b1-80f4-4222-8ec4-5df62087781f
1497,2022,CDF,NEU,BAYBERRY,7,1,1,30.11021,8a69d00f-1ea5-4c4a-8cdd-990db8181f6a
1498,2022,BLM,CND,ALPAUGH 2,14,7,1,30.102,977cbe8e-dea9-420d-b9e4-97485b6051e8
1499,2022,CDF,SKU,97,14,5,1,30.08391,3b0a645d-e9bd-4732-a43e-af56b03caf30
1500,2022,CDF,BTU,DENIZ,14,1,1,29.84678,9e10d11c-ef5e-4d38-90ab-8bf0ff21b6ae
1501,2022,USF,MDF,CASUSE ,14,7,1,29.26842,edaa6d3a-b671-4f6a-af3e-8e8defc39ab3
1502,2022,CDF,MVU,SANDIA,10,7,1,29.23103,ed16b8e9-36f8-4ad2-b1d8-e4a76e768a05
1503,2022,CDF,MVU,JEWEL,2,6,1,29.14392,c5713f2d-1744-44b7-8674-a22309738607
1504,2022,CDF,AEU,NELDA,14,1,1,28.99773,b1c66b95-aa3e-47bd-aa6d-087139ed034b
1505,2022,CDF,MVU,BORDER 15,14,6,1,28.94558,c0267caf-1ba6-4e39-b7bc-3dbbc3557211
1506,2022,NPS,KNP,AVALANCHE,1,7,2,28.92503,b6763112-b14c-4266-9610-e7aaa42add92
1507,2022,CDF,CZU,TOWER,7,1,1,28.68488,a4885acd-9c21-4879-a0ec-139462eb6437
1508,2022,CDF,SCU,WILLOW,2,1,1,28.56241,a91e8823-63e1-4978-a533-57cea0ba0b9a
1509,2022,CDF,HUU,MCCOVEY,14,2,1,28.42003,33cab3a3-a5fa-4841-a155-c069c6924699
1510,2022,CDF,NEU,GARDEN BAR,7,1,1,28.27837,7a0814f0-7647-47cc-8e4c-2efc3b98d83e
1511,2022,CDF,BDU,HIGHWAY,7,2,1,28.10259,b39dd258-f4a3-40f1-a66b-2c8afce96a6a
1512,2022,CDF,BTU,VALE,2,1,1,27.99138,f05ce4f7-ac2b-4954-977e-425ffa7d06d6
1513,2022,FWS,MCR,SANDY,10,1,1,27.54214,d7b864d1-e5eb-43c6-a8fe-282d82bbd304
1514,2022,USF,BDF,MANZANITA,9,6,1,26.86633,f16a687f-4915-4f1f-bbe8-41d1955e57d0
1515,2022,CDF,MVU,HARBISON 2,2,1,1,26.85744,6e1cafff-0301-4aed-a48c-0ab48fea87e9
1516,2022,CDF,NEU,DUTCH,14,1,1,26.78517,54671bcc-c52b-4122-8859-30e7d5b0b593
1517,2022,CDF,AEU,LATROBE,2,1,1,26.74845,d3e40893-badd-4c52-8123-036dbab1a19a
1518,2022,USF,BDF,CACTUS ,9,6,1,26.48567,b69979e1-b1ca-4d3c-9d32-43fb48b20754
1519,2022,CDF,HUU,RANCH,14,2,1,26.31805,237cf04c-928d-4427-96c1-6cb5c1796fec
1520,2022,NPS,YNP,ASPEN,7,3,1,25.89259,c51ba932-f5c3-4bfd-9c15-771228736b4f
1521,2022,CDF,MVU,HAUSER,14,7,1,25.70823,e860408f-6155-481b-9462-442f4caf1e67
1522,2022,LRA,KRN,SYCAMORE,14,1,1,25.54512,bad297ab-5c9f-4997-92ac-cb25407cec61
1523,2022,CDF,SLU,TEFT,10,1,1,25.53244,a829629f-cc8e-4139-b23e-2453d1b4bfa0
1524,2022,CDF,MVU,BORDER 16,7,7,1,25.22921,117f3ee1-a27f-4121-a3a0-2406a9aa53eb
1525,2022,FWS,LUR,WOLFSEN,10,4,1,25.11741,229e7f15-f62e-4840-90f6-5f9d999a691c
1526,2022,BIA,FYA,ALL AMERICAN,14,7,1,25.00471,32d81bbf-91bd-433e-979e-f313025a0d72
1527,2022,CDF,SKU,SLOUGH,14,1,1,24.96124,487f6f7c-9a6c-49ff-9d74-694a2ad085b9
1528,2022,NPS,YNP,SNOW,4,7,1,24.0517,3b3fd553-bdee-40cf-a0ba-1044b99dc12f
1529,2022,CDF,NEU,OAK,10,1,1,24.02003,7aaa7c27-f405-46c7-9d64-6b79b52bc2a6
1530,2022,CDF,TCU,WOODS,14,1,1,22.1701,abfe4511-37b5-43eb-8d66-7bf2f3623780
1531,2022,BLM,NOD,MORGAN,14,7,1,22.02058,2bdb6bf8-5f68-4d45-82c3-c4271a22589a
1532,2022,CDF,NEU,SPENCEVILLE,9,1,1,21.81922,51e94263-0e7e-4af6-8627-910f0d60b376
1533,2022,CCO,KRN,TULE,14,1,1,21.6859,1b749576-9b9d-4cdb-b5ed-3c886d44462a
1534,2022,CCO,KRN,JACK,1,1,1,21.38803,2b191317-c954-4bdf-859a-e15d41590723
1535,2022,CDF,HUU,SYLVANDALE,14,1,1,21.17796,401d665e-a249-4ebb-830e-d072d2b4fe2e
1536,2022,FWS,SWR,SIXTY,18,1,1,21.09291,1a9635cb-26af-418c-bca6-91f5adc8fb08
1537,2022,CDF,AEU,POWER,11,1,1,21.0131,bc2e0fc1-f7af-4886-83df-12d50fee6f91
1538,2022,CDF,FKU,COBBLE,2,1,1,20.61224,ff36663a-3a10-485a-9c0c-bf984142b01d
1539,2022,CDF,CZU,EDGEWOOD,11,1,1,20.54839,3f8ea172-723a-4309-aaed-5c5dc35b29b6
1540,2022,USF,TNF,GOLDEN,9,6,1,19.4423,f18a9f06-3dab-413a-961c-8e1c5793f254
1541,2022,CCO,KRN,GRAPE,14,1,1,19.35185,5442de27-3022-4dd1-b12d-c5cac943e1e2
1542,2022,USF,KNF,ELIZA,14,6,1,19.21475,0ed36dc7-b9f2-4a8d-afed-3f65d7d22a1c
1543,2022,CDF,SCU,CAMINO,14,1,1,19.18303,c14c197d-6e50-4d8e-9c29-f3157e6f3a63
1544,2022,CDF,NEU,MIRABELLE,15,1,1,18.67016,9c3c877d-41b5-4b53-9ddb-6a471cbe6b7b
1545,2022,CDF,MVU,LONESTAR,14,6,1,18.62858,f1a77b26-a97b-43e4-88d6-e4ce44afbe23
1546,2022,CDF,LNU,ALPINE,7,1,1,18.43938,a6031f94-1514-4786-ad5a-305b0340b51a
1547,2022,CDF,BTU,EVITA,14,1,1,17.2802,397b0f80-55ee-4db4-966f-5310ed238b68
1548,2022,CDF,SLU,CANYON,7,5,1,17.27645,666751a8-733a-48b6-95b6-28000a00ac24
1549,2022,CDF,HUU,CANYON,14,1,1,17.09855,2023e6d0-c0b8-46b6-89ae-67938ccd4197
1550,2022,CDF,NEU,NISEMAN,2,1,1,17.06631,9d2aeb81-0d03-45c5-bd0e-4d767f7b961f
1551,2022,CDF,MVU,BORDER 19,7,7,1,16.96958,dad9eaf6-a33c-4e66-8d98-8dbd3612df4e
1552,2022,CDF,BTU,PINECREST,2,1,1,16.90405,120fbcaa-1c81-4a75-b1d2-ed496f0df143
1553,2022,CDF,AEU,COAL,7,1,1,16.74895,18334549-b002-4a0e-b41b-bce802dea1a0
1554,2022,CDF,MEU,NOME,9,1,1,16.68011,d4c8100d-8942-4785-852a-d4ef680c4ad9
1555,2022,CDF,MEU,MEADOW,2,1,1,16.55005,e0969e26-aa12-4458-9d3f-5801c7ca2946
1556,2022,CDF,SLU,LOPEZ,9,1,1,16.42301,7ad606a0-7c85-477d-a783-efc1f446e38c
1557,2022,CDF,SCU,CANYON,9,1,1,16.40938,9b5bf3ae-b91b-42f1-b580-5927a737a636
1558,2022,CDF,SLU,ROSA,9,1,1,16.23023,2099e373-7e0f-435c-9813-ba1777f09e7c
1559,2022,CDF,NEU,NADER,10,1,1,16.17019,a2970426-4b3b-4f93-88a8-6fd255c7b521
1560,2022,CCO,KRN,BEAR,10,1,1,15.95058,37bed918-57e6-48f9-b39e-34845a7d2851
1561,2022,CDF,BTU,BIGGS,2,1,1,15.77412,43332ff0-31c9-43f0-8aa5-b8aaa1638bbd
1562,2022,USF,ENF,PAYMASTER,9,6,1,15.13918,c7c5a3f1-05dd-4e0e-a4f7-f0ca0dd9e0be
1563,2022,CDF,SLU,SUEY,2,5,1,15.09703,b2154e6a-bbe0-4081-80c2-705a6ca6a0f9
1564,2022,CDF,CZU,PIGEON,9,1,1,14.82357,6c5b5445-3836-412a-9742-d270e2aa5244
1565,2022,CDF,MVU,BORDER 31,14,1,1,14.64988,caeb9d4a-08f2-49da-b362-baec80f0b084
1566,2022,CDF,SCU,DEER,7,1,1,14.51391,b04edc43-c320-4b71-80f7-2c321d400778
1567,2022,CDF,BTU,OREGON,7,6,1,14.32328,1296c588-8c3b-47e1-8a22-cc5f74dc5bcc
1568,2022,USF,ANF,CHERRY,14,6,1,14.31055,791a8042-0947-451f-890e-e08fa0b6e9de
1569,2022,CDF,BEU,AIRLINE,10,6,1,13.90262,83125a16-a1ee-48cd-936c-3b4023a16fdc
1570,2022,LRA,KRN,CENTER,14,1,1,13.84711,26531332-4d4a-4c9b-ab51-3fed55267237
1571,2022,CDF,BTU,WALL,2,1,1,13.76263,f78256d6-b9ce-4fb5-a9e3-e4eedcb1eaea
1572,2022,CCO,KRN,EDISON,14,1,1,13.66138,00c0b6f9-1a58-44fe-b113-d61326192579
1573,2022,USF,KNF,GEORGE,14,6,1,13.57013,98c4368a-81c3-4090-8ee6-24932975c89c
1574,2022,CDF,SCU,MIDWAY,10,1,1,13.50571,11287d5e-d963-4766-86f8-c275f7a14601
1575,2022,CDF,NEU,HILL,5,1,1,13.28599,e3963432-f731-42ec-a48a-baa77c29e3ea
1576,2022,CDF,FKU,HOPE,2,1,1,13.11081,9737bd70-f3d4-49d5-b46c-8d99d4f58ad4
1577,2022,USF,SHF,TEXAS,14,6,1,12.91249,773b4afc-6d65-4e7e-9ce3-e1509404c614
1578,2022,CDF,SKU,EVERGREEN,14,1,1,12.58272,18e82ae7-abca-41db-bb71-791604b8da17
1579,2022,CDF,NEU,BUTTERFIELD,14,1,1,12.36755,7b547573-fdb9-4134-87f1-7dff68e0c914
1580,2022,CDF,SHU,HOBBY,14,1,1,12.32455,c31ea843-5811-4157-b041-f262da00c422
1581,2022,USF,TNF,PLUM,9,6,1,12.28059,b32f9af1-5fad-4bc1-8c7e-515ae37e71b8
1582,2022,CDF,SCU,BRUNS,2,1,1,12.17408,0a7ccfdd-5521-4ad6-ab1d-87c86a6785ae
1583,2022,CDF,FKU,ALTA,14,1,1,11.93287,e9ee4744-f060-4748-accd-9461e379ccb2
1584,2022,CDF,NEU,RUN,2,1,1,11.89783,cf6244b6-3e52-4a8c-bb0a-b6c3512493b1
1585,2022,USF,SRF,BIG BAR,14,7,1,11.87628,c832b7b1-1c1d-468d-bf1f-a5e9e25ef533
1586,2022,CDF,BDU,FAIRVIEW,11,1,1,11.73994,1967f018-54a4-40b5-83c5-e25a97efafd3
1587,2022,CDF,LMU,3-8 DIXON,1,1,1,11.36938,a55ffffb-8fb1-4399-b42f-c737709c2ed0
1588,2022,BLM,NOD,DUNE,7,1,1,11.36639,23f6ed05-6ad9-44e1-9e06-dd2b81ce95b5
1589,2022,USF,BDF,WAGON TRAIN,9,6,1,10.86248,b0ec5752-adb3-4d2e-967e-7951ec5761ef
1590,2022,LRA,LAC,LOBO,14,7,1,10.79503,74426ca5-394c-4c30-8c59-8e0897fab5d7
1591,2022,BLM,NOD,VIEWLAND,14,6,1,10.53279,8955dc22-3107-414b-8afd-efbb11493b05
1592,2022,CDF,SKU,RIDGE,14,1,1,10.26019,1186e943-0748-4f0e-be3e-0544bcdbacbc
1593,2022,USF,ANF,SIERRA,14,7,1,10.23126,0cc58038-8cd6-4563-b920-ac4eaf87f647
1594,2022,USF,BDF,CASTILE,9,6,1,9.858478,143e4da1-9cc5-4cbc-819d-f2ecff45b1fa
1595,2022,CDF,BTU,RAIL,9,1,1,9.837949,42bc56c2-9605-4e5a-b1b3-58f5bd2d7c43
1596,2022,CDF,NEU,BEAR,2,1,1,9.674923,7be248ca-8945-48d2-aa12-f2cba920a6ee
1597,2022,CDF,BTU,CANFIELD,14,1,1,9.554518,dace1e76-a899-4195-a61f-ff6fb6e0c420
1598,2022,CDF,SKU,WHITLOW,14,1,1,9.162147,7db1c8b4-804e-4a1c-8422-83724c39b480
1599,2022,FWS,TNR,WILLOW 9,15,4,1,8.228877,e48fa5bb-05f5-4978-88a7-5cd6e932032c
1600,2022,CCO,KRN,RIVER,14,1,1,8.022064,840aef22-dd43-4b7d-82f2-1b95d81c411c
1601,2022,CDF,MVU,BORDER 21,14,8,1,8.020247,a6678508-86ce-44ad-b96f-7f5b5e407156
1602,2022,CCO,LAC,HUGHES,10,7,1,7.944128,00d14290-554c-4f81-a186-3ced4e0f9f6a
1603,2022,CCO,KRN,BEALE,14,1,1,7.937709,047897e0-e81c-4c63-bd3e-56dd9b312685
1604,2022,CDF,NEU,PROVENZA,5,1,1,7.863962,f05dcb10-ae0a-491b-a50b-aa7ea7f0ff85
1605,2022,LRA,LAC,BARREL,9,7,1,7.608925,5944f6c2-7901-48b7-99b3-f87864d42dd4
1606,2022,CDF,MVU,BORDER 22,7,6,1,7.280743,1d5f1d77-8d04-4909-bb25-31d774c4f812
1607,2022,CCO,KRN,CURVE,14,1,1,7.132461,40894b7b-c7c3-4303-bbd0-309f3d10d258
1608,2022,CDF,LMU,SPLAWN,14,1,1,7.118451,5ce58581-5246-432b-bcf8-3cae865f17d5
1609,2022,LRA,KRN,ROW,14,1,1,7.051614,e5613d78-c9ce-4170-978d-88d328639fc4
1610,2022,CCO,LAC,PYRAMID,10,7,1,6.758175,173823b8-5abc-4dd2-9411-178565205906
1611,2022,CCO,KRN,SCRAPER,14,1,1,6.637007,d07fd31d-cdab-40ed-9a47-f69b8210d332
1612,2022,CDF,BTU,HURLETON,14,1,1,6.635188,d0cca559-2bb9-479f-a5d9-e013e2d67670
1613,2022,CDF,SLU,WINDWOOD,10,5,1,6.372824,87ee839f-9db0-4f62-b468-05d809189f32
1614,2022,CCO,KRN,JUMPER,14,1,1,5.989886,733722e2-c9cd-4f65-933d-82950fe074d8
1615,2022,CDF,BTU,NELSON,14,1,1,5.888545,4452401a-0c26-4013-8617-03a6831e2065
1616,2022,CCO,VNC,LYNN,14,1,1,5.761822,9068ece9-de4d-44f7-a60c-14d62d4cacea
1617,2022,CCO,KRN,OAKS,14,1,1,5.585199,da456fa2-023a-4706-99e5-1fbc28296d7a
1618,2022,CDF,SKU,SCARFACE,14,1,1,5.558662,6715d17a-c343-497a-98c7-e2a8e7d598ea
1619,2022,CDF,BEU,AGUAJITO,11,1,1,5.257333,bd94dd02-fdca-4c35-81a6-a14557f59503
1620,2022,CCO,KRN,PASS,14,1,1,5.047825,e9df04be-9d57-4072-b991-11511ec35c1f
1621,2022,LRA,LAC,RIDGE,14,7,1,4.834825,7152fea5-a51e-4315-894f-6d6680a240c3
1622,2022,CDF,MVU,BORDER 10,4,7,1,4.806643,3b38f484-1d9f-4cb1-bfd8-4b49eaa602cc
1623,2022,CCO,KRN,WATER,14,1,1,4.557865,4b592775-a292-45a5-a462-4eff97600d81
1624,2022,CDF,MVU,BORDER 26,7,6,1,4.541373,b47505a4-02d2-474c-a6a0-14d8a32f51dd
1625,2022,CCO,KRN,PURPLE,14,1,1,4.185538,e091177c-628b-403b-9d90-a3eb1fdce25a
1626,2022,CDF,MVU,MESA 4,9,6,1,4.030843,72f1a5c8-4c45-49e6-814f-f3a548830467
1627,2022,CCO,LAC,SYCAMORE,14,7,1,3.735543,1add22e9-ce77-4b1a-8b62-2e24b006f141
1628,2022,BLM,CND,CHIMNEY,14,6,1,3.574984,8af320c4-a42f-4b96-bb44-af0b7566152c
1629,2022,CCO,KRN,FREEWAY,14,1,1,3.372502,55dfc44c-ced1-420f-9cc0-28e3d8595606
1630,2022,CDF,SLU,TOPAZ,9,1,1,3.162654,9062ab02-d18e-46d1-a260-4dd3e81d8508
1631,2022,CDF,SKU,EMPIRE,1,1,1,3.141882,93ca810d-4315-4160-a94b-e51c0490a273
1632,2022,CCO,KRN,SAND,14,1,1,2.995723,101334e8-ca82-4f8b-93ed-71e358157740
1633,2022,CDF,MVU,BORDER 18,14,6,1,2.849159,bd50c6e7-05d3-4778-b9d2-86c93b5aa249
1634,2022,BLM,NOD,R-3 VINCENT,1,7,1,2.810175,668f2456-2f0b-454b-995c-cea651941d02
1635,2022,CDF,RRU,ROBERT,14,1,1,2.653836,38be121b-b4c3-401a-adbe-74230cf3b116
1636,2022,CCO,LAC,CANYON,9,7,1,2.593182,e276a5ac-e0df-4e81-8cfc-2dca87796d55
1637,2022,CCO,KRN,LOST HILLS,2,1,1,2.507146,81dde6f2-ee71-4ede-9d60-f27b7e6cee15
1638,2022,LRA,LAC,CUT OFF,14,7,1,2.501228,f4e49010-edb9-403e-81a9-84e1adc2cd3b
1639,2022,CCO,KRN,BEAR,10,1,1,2.163002,77b08088-8859-4323-b766-d48386200977
1640,2022,CCO,ANF,OAKWILDE,10,7,1,2.106468,64df16f9-ec60-4929-827a-54764988fa05
1641,2022,CCO,LAC,TIERRA,14,7,1,2.101613,56c04411-97be-4179-be7d-21166565520e
1642,2022,CCO,KRN,GENERAL,14,1,1,1.991478,7277359a-570e-46d4-9dc7-f6b70d81eff7
1643,2022,CCO,KRN,VINE,14,1,1,1.986299,1adbd863-67ce-478f-a1db-58869a9d2f86
1644,2022,CDF,SLU,ESTRELLA,11,6,1,1.968684,131d0afc-187f-450f-bd0e-fd09945a3a0d
1645,2022,CDF,SKU,WILDERNESS,5,1,1,1.894144,de5dae38-997f-460c-8f01-233770e2616f
1646,2022,LRA,KRN,ROBERTS,14,1,1,1.882066,917f8335-57fe-443c-8da2-68227729e2f5
1647,2022,CCO,LAC,MUNZ,14,7,1,1.847821,bb1eb98a-2647-4198-92ad-f7e7e6dc08b1
1648,2022,CCO,VNC,ANA,14,3,1,1.841502,47f6f591-3433-44d3-9281-08eab21e5cf0
1649,2022,FWS,TNR,FURY,14,1,1,1.715104,c9e4248f-4790-45b7-9d8d-b99846a85e15
1650,2022,LRA,KRN,KING,14,1,1,1.569355,92e515cf-8026-43e4-8e23-dabd8f6beec1
1651,2022,CCO,KRN,HART,14,1,1,1.566871,f8258ab5-74fa-469f-ab02-f669b493b768
1652,2022,LRA,VNC,CHAMBERS,14,1,1,1.547286,e160c339-e434-4811-a4d3-67572406c0e6
1653,2022,CCO,KRN,FORT,10,1,1,1.504349,e85687a5-8d0f-4daf-9546-8cc763364cb7
1654,2022,LRA,VNC,MOON,14,1,1,1.424808,0b1a136e-dcd7-4df6-9a18-91d351450404
1655,2022,LRA,SLU,MARIA,9,5,1,1.397867,9e478b5e-b59f-4e0b-a480-175257bfb852
1656,2022,FWS,TNR,WILLOW 8,14,1,1,1.318015,599b676a-7464-4f7c-aca9-35794ac84513
1657,2022,CCO,KRN,CUMMINGS,14,1,1,1.312247,4284c379-91d6-4d5a-846e-72c599ba0881
1658,2022,LRA,KRN,UPLAND,14,1,1,1.288484,31409739-8a08-4c51-98fe-c97040381d28
1659,2022,CDF,SLU,WILSON,5,1,1,1.261111,fc41e5d3-1362-4671-acf5-c9225f94fcd0
1660,2022,CCO,KRN,LERDO,14,1,1,1.217743,54be96f4-6dfb-4036-85c5-e5501f6fdb3b
1661,2022,CDF,MVU,FELIPE,5,7,1,1.16234,aded9477-ae52-462d-ac54-3f26e789b7d5
1662,2022,CCO,LAC,CHESEBORO,14,7,1,1.093091,d56acd30-9239-46b0-9b73-10b786b24c10
1663,2022,CCO,KRN,BROOME,10,1,1,1.092994,e73b1450-2cc2-4125-b186-4cd564281e76
1664,2022,CDF,LNU,ESTATES,16,1,1,0.7762036,c66abec0-9c50-4cad-860c-280864778e36
1665,2022,FWS,DBR,FIVE,14,4,1,0.6094487,2ffa5038-14c4-436f-bb44-1a96b26b036a
1666,2022,CDF,SLU,PRICE,4,6,1,0.06728618,47464ea3-3037-47ee-8486-0cbf8e2a044d
1667,2021,CDF,BTU,DIXIE,11,7,1,963405.4,9ed886d2-a554-4949-9877-208ca30e40b0
1668,2021,USF,SHF,MONUMENT,1,7,1,223107.9,da01e138-0411-40f5-846d-e66027a85bd7
1669,2021,USF,ENF,CALDOR,14,7,1,221786.4,90955ba4-5e71-4402-9170-a00c37701aa0
1670,2021,USF,KNF,RIVER COMPLEX,1,7,1,199354.1,89894f54-025f-481a-92ac-5e34bb57fef3
1671,2021,USF,KNF,ANTELOPE,1,7,1,145631.8,39214527-4b90-485a-90ad-2cbb601bcc6c
1672,2021,USF,SHF,MCFARLAND,1,3,1,122447.7,84cbb6f2-8afc-448c-87ad-7ca1f55b1edc
1673,2021,USF,PNF,SUGAR,14,7,1,105003.9,0350dfb4-388c-4051-a936-6daae71a7b4e
1674,2021,BIA,TIA,WINDY,1,7,1,97528.27,4ecc998c-4735-4f89-abde-d0b4e42297a5
1675,2021,USF,SRF,MCCASH,1,7,1,94970.47,385c374b-bf2a-4afb-a266-efb3ba24f92b
1676,2021,NPS,KNP,KNP COMPLEX,1,7,1,88257.13,d91e7d46-5580-433a-9ad8-68fc4a6a4d84
1677,2021,USF,HTF,TAMARACK,1,7,1,67054.51,52e5df01-06ff-445f-85ec-0682d4c5b0a8
1678,2021,BLM,CND,FRENCH,14,7,1,26535.06,c9734880-8f6f-411a-bce6-a75fc5ed2f54
1679,2021,USF,SHF,LAVA,1,7,1,26328.9,de4569b2-e81c-4b4e-8668-2dd28b49b352
1680,2021,USF,LPF,ALISAL,1,7,1,16953.24,d1fa00b2-1148-45fa-b3bd-acd22ff27b05
1681,2021,USF,SHF,SALT,2,4,1,12599.14,e7a45539-69d0-49aa-b6a6-f81ecd6895e6
1682,2021,USF,KNF,TENNANT,14,3,1,10591.03,aa309b42-81ac-4434-85c6-ce5cb16cffc5
1683,2021,CDF,MMU,RIVER,14,8,1,9655.188,15488e23-1fec-4e26-9270-754e0660b482
1684,2021,USF,SQF,WALKERS,1,7,1,8778.784,dce65ad6-3cb4-4469-87dc-e355297aed25
1685,2021,CDF,SHU,FAWN,7,3,1,8576.493,7c6db18d-4656-4ac4-a80d-211b7bda4ac7
1686,2021,CDF,MVU,SOUTHERN,2,7,1,5365.902,7552fd37-42e4-4192-8313-41874a1e58b8
1687,2021,USF,INF,DEXTER,1,7,1,2967.832,fe7660f9-a7b2-4fde-940c-9fadf2517a6e
1688,2021,USF,LPF,WILLOW,9,7,1,2877.869,b987c281-6dc0-4ee2-9444-865200608d33
1689,2021,CDF,NEU,RIVER,14,7,1,2618.794,ee0ec126-23f6-4106-a96a-52f925dab4b6
1690,2021,NPS,MNP,MOJAVE,1,1,1,2490.498,6fd85c49-8013-4fae-8b55-23c031eb50aa
1691,2021,USF,SRF,KNOB,14,7,1,2421.245,e4b227a5-8090-42e0-9d77-2d73d73c1946
1692,2021,NPS,YNP,TILTILL,1,7,2,2348.53,c62f887f-6203-4d10-a59a-d94b56a0b4ec
1693,2021,BLM,CND,PEAK,14,7,1,2096.645,b87298da-7263-4773-b763-aabde89122bc
1694,2021,CCO,KRN,SHELL,14,1,1,1828.035,855a6985-f448-4d7a-bc96-d21994207328
1695,2021,USF,CNF,CHAPARRAL,9,3,1,1427.293,1de960e8-fb7a-4d3c-af34-4461b16a7ad3
1696,2021,BLM,CDD,OWENS,9,4,1,1390.015,fb575640-2bd0-44af-bfdc-12089ca2da3b
1697,2021,BIA,TIA,NETTLE ,14,3,1,1265.746,4334bcde-1cc6-4bf5-8897-d0f707e7bfe7
1698,2021,LRA,LAC,PALISADES,14,1,1,1202.648,d49c28ea-ae01-4f49-8d9e-d0bb85a78a3d
1699,2021,USF,HTF,EAST FORK,1,3,1,1135.744,58704783-4c46-41d4-bd1f-d95a4b119d5b
1700,2021,CDF,BEU,SARGENT,5,7,1,1117.899,8c757597-36e2-4269-9bf8-ad504f5f5836
1701,2021,DOD,MCP,SIERRA,14,7,1,968.2691,edfdc1c3-cf70-4859-b6f5-e98c3503c4c8
1702,2021,CDF,NEU,INTANKO,14,1,1,938.9399,0472b297-1609-45f0-bb40-62c9a80c7dae
1703,2021,NPS,YNP,LUKENS,1,7,2,918.1719,ac7fda9b-3c0d-4589-b5cf-440733d9bb9d
1704,2021,USF,MDF,JUNIPER,1,5,1,882.0248,15b7895d-5f74-4a5b-a973-2ebc3d635730
1705,2021,CCO,LAC,TUMBLEWEED,14,1,1,856.8701,3d86d81f-9b34-440a-b610-d4f3c847fb72
1706,2021,LRA,SKU,REFUGE,5,4,1,856.3962,71a3af3b-598c-4b8f-91e5-2d8d2cb5713d
1707,2021,BLM,LAD,WILLOW VALLEY,1,3,1,823.8505,1d2cf752-db92-41ee-9574-132b29c85322
1708,2021,CDF,BDU,SOUTH,14,3,1,810.9695,19a7146e-0087-47f3-b0a9-699c222d8696
1709,2021,CDF,SHU,COW,2,3,1,761.1113,6ad0c3cf-1984-4656-b376-f7a79566f1b7
1710,2021,CDF,RRU,BONITA,14,6,1,681.1813,53012e05-9bdc-46cd-ad7c-d60c9c5bb8c5
1711,2021,CCO,KRN,WOLF,14,4,1,674.1259,f1d2363a-a91a-4f00-acb9-55615e9499fb
1712,2021,CDF,TCU,AIROLA,14,1,1,644.3386,b36f8c9d-a843-4d26-8efa-5e2cb8a9599d
1713,2021,USF,INF,INYO CREEK,1,3,1,601.6085,d45bc84c-c70a-4b98-9b63-a2bcabaa570d
1714,2021,CDF,BDU,ALABAMA,1,1,1,566.5927,23b4938e-acd2-45a9-9f61-f36f81f7d2ea
1715,2021,CDF,MVU,OVERLAND,4,7,1,559.1455,66ced696-4b21-4c16-b779-25465db95a95
1716,2021,CCO,LAC,NORTH,14,1,1,552.1964,d56655e5-e845-4305-96cd-7d191997768b
1717,2021,CDF,BTU,GUNNISON,2,1,1,548.9937,a9fe21d3-e3e8-4cc5-976e-99f3316ec546
1718,2021,USF,PNF,DOTTA,14,8,1,531.91,6c9b6b81-9bd7-41bf-895b-25e28053ca38
1719,2021,CDF,TCU,MILE,7,1,1,507.8524,88a58b09-9a04-4a32-b8af-741034a39b18
1720,2021,NPS,MNP,POND,1,1,1,490.7352,153b3b75-ffb8-4d7b-8f2d-903078372015
1721,2021,USF,ANF,ROUTE,4,3,1,455.3456,61da57d1-bb18-4c69-8977-4aa360832c22
1722,2021,CCO,LAC,PINE,14,1,1,441.2523,5bd0946e-c425-4608-9247-8f03fdf43319
1723,2021,CDF,MVU,YSABEL 2,14,1,1,428.2403,64088b8e-34be-45cc-8e96-4d225e0cd5de
1724,2021,CDF,TUU,SUCCESS 2,1,1,1,423.5609,2debf3f2-c59e-4d49-b7b7-6de037e4c653
1725,2021,CDF,NEU,BRIDGE,14,1,1,415.955,f787e368-d807-4a0b-9f70-a0a7fd6d0eb5
1726,2021,CDF,TUU,MAIN,14,4,1,378.4724,9c44e69a-f2de-407e-825c-34fa3b84fe01
1727,2021,USF,STF,ABERNATHY,11,7,1,373.5444,eebb9825-9f29-4d0d-80d4-9028c5f71610
1728,2021,CCO,VNC,HUNGRY,10,2,1,365.7711,b4cf5038-fa12-4b0a-9acc-ad99f8d8c374
1729,2021,USF,SHF,BRADLEY,9,7,1,356.868,9b0a431c-6046-459f-af7d-8bae7deffab9
1730,2021,USF,BDF,FLATS,9,6,1,342.571,e38d0ee2-644c-4c9e-9a36-057a3c8dc957
1731,2021,CDF,RRU,ROCK,7,1,1,318.4139,6fe12800-03cb-45a7-a6f0-3fa80cb2532c
1732,2021,USF,SNF,BLUE,14,5,1,291.1255,b18fea7f-8885-4dc2-9dee-5ed191fd9eef
1733,2021,CDF,MVU,MESA 3,14,7,1,277.8741,b6535266-4802-4aef-9bee-8b2e3fdc4422
1734,2021,CDF,BDU,CALVERT,18,1,1,257.8323,68c19ba1-f462-40cf-bfa9-d3ee34dd8837
1735,2021,LRA,MEU,HOPKINS,7,3,1,253.9064,50c77955-22ff-4826-a26e-1742397888ca
1736,2021,LRA,BDU,FARMINGTON,14,2,1,248.6175,0fd1ebd9-a8bc-4733-a58d-8c884fb5b90b
1737,2021,NPS,YNP,COUNTY LINE,1,7,2,224.9265,277738ca-83a7-452a-8439-a0fe8b642d1b
1738,2021,USF,ANF,EMIGRANT,2,7,1,221.0323,05aefad4-3054-400d-871e-74e6ad823b58
1739,2021,FWS,SWR,68,9,4,1,219.7282,0d57383b-eacd-43b4-bc20-5a6bd557a558
1740,2021,BLM,CDD,DESERT,9,7,1,216.6215,2466ded1-eb29-41a8-aa15-9144641dffc2
1741,2021,CCO,KRN,CANYON,14,1,1,216.5297,5c218a21-2238-43f4-b0ca-c06c8c96c95d
1742,2021,USF,SHF,SYD,9,3,1,204.8307,dce306cd-7a38-448f-bab1-279d19eaee34
1743,2021,CDF,NEU,BEALE,11,1,1,201.303,10d59fe5-2a1b-42b3-94c4-87fae7e60fbd
1744,2021,CDF,MEU,TURNOUT,18,1,1,191.6513,167ea032-5b0c-48a4-ade6-7f1318b3922d
1745,2021,CCO,VNC,CASITAS,14,3,1,188.1755,b52ec747-8377-4af4-bb29-1355ce1dfa6f
1746,2021,CDF,NEU,GLEN,10,7,1,184.0656,190a77af-fd4f-4b37-9d28-54051f8f0a3f
1747,2021,CCO,LAC,TOWSLEY,14,1,1,183.8866,b3fdec91-c293-4784-beaf-453e45e5dd3d
1748,2021,FWS,PLR,TURKEY,14,1,1,171.3908,a4f9b443-1f02-4f7c-a875-8b04a9da0fa7
1749,2021,CDF,BEU,PINNACLES,9,7,1,170.7329,175b4865-dc6e-4ba9-a13a-12d094790c37
1750,2021,CDF,CZU,BUTANO,1,7,1,169.8688,01452066-4aa5-4675-8943-d1ef26f2f204
1751,2021,USF,MDF,GRAVEL,9,7,1,169.4866,4dfb1660-1887-4036-80dc-a2aa7739bcee
1752,2021,FWS,SRR,DAIRY,18,4,1,161.2339,7a0d3c70-085d-4e1e-a0f4-371d2eca4c64
1753,2021,CDF,TCU,CAMPO,5,1,1,159.9778,d5608e26-216b-484b-9b86-e9277633cf47
1754,2021,CDF,BEU,PANOCHE,10,7,1,146.4311,94bc3ee2-b844-46c0-bdc5-71ae1a3df8e7
1755,2021,FWS,STR,SUTTER,2,6,1,141.5167,55ee5ff3-29dc-45c5-92d6-07374aa0fba2
1756,2021,CDF,LNU,NEWELL,10,1,1,137.1334,f9fcea4d-3811-4d64-bd65-3a9bd7030c1e
1757,2021,CDF,TCU,WASHINGTON,14,1,1,135.7753,069944a4-3915-4aa4-b67a-5dd9c78c263e
1758,2021,CDF,LMU,4-3 PUMA,1,1,1,132.4866,0a379ba6-8dcf-4d59-b5d6-242d7f379391
1759,2021,USF,MDF,COYOTE,2,1,1,132.2827,835390ac-0bf6-459d-a111-656183599ffc
1760,2021,CDF,SCU,DIABLO,14,2,1,127.659,23cec83c-9929-4f7b-9ce4-b5edc1b0043e
1761,2021,CDF,CZU,ESTRADA,18,7,1,124.7229,1c85303d-7530-4df4-afa7-8e69438b5ee1
1762,2021,USF,SQF,MOUNTAIN,1,7,1,124.1572,1aa9d76b-3156-4909-9826-aec843df4666
1763,2021,BLM,CDD,MINERAL,14,8,1,122.8651,2254eb11-ef87-4c7b-bd9c-4c7cb881fb43
1764,2021,CDF,SKU,BESWICK,14,1,1,118.0034,c8be1b65-c743-4cbc-852f-cbf255d6097c
1765,2021,BLM,NOD,CHICKEN,2,6,1,117.692,28f2a6fe-f293-4c9c-9e5a-55774940cb59
1766,2021,USF,MDF,ANTELOPE,1,1,1,111.5138,4158e701-b708-4e2c-b212-794a6b345ad0
1767,2021,CDF,SHU,ROCK,2,1,1,107.1646,09b4ee52-8e23-4add-9569-845aaff6201a
1768,2021,BLM,CDD,YUHA,14,7,1,106.2004,9506562e-bae4-406b-8d41-61c8d61d689d
1769,2021,NPS,KNP,LOST,1,1,1,100.7824,82f8e2e1-1e2f-40d4-b539-c58538419e3d
1770,2021,CDF,FKU,KETTLE,14,1,1,92.35461,ed059665-cbe7-48e9-b3b5-93a4c5a4b215
1771,2021,CDF,RRU,WESTWARD,14,6,1,88.36302,0b2e9dd4-00bf-4ad8-b94d-e50ada690d0d
1772,2021,BLM,CDD,GRAPEVINE,5,6,1,86.20689,a9fafc72-b82d-46f1-ac42-6cf64d7c6e9f
1773,2021,USF,INF,ONION,14,1,1,85.5384,a71c453e-57e8-4916-93fa-6db752c0f0ec
1774,2021,BLM,CDD,POLELINE,14,6,1,83.93266,e9e7c306-44b2-4f9c-b04f-c377bef8ed77
1775,2021,USF,CNF,ROAD,2,1,1,83.56132,fc88cd77-e871-4ed8-a2ab-6cca74d73525
1776,2021,CDF,SCU,KIRKER,10,1,1,83.55169,3009e0c9-1b81-42dc-a1d6-9a8bf93b027a
1777,2021,BLM,CDD,SCENIC,14,7,1,80.03923,b8ee0b72-b4fc-44de-8a48-be8cb7385ea3
1778,2021,USF,LNF,SKY,14,7,1,79.92484,dc9d59ee-01d9-472f-aeef-0f1b8ce257cf
1779,2021,USF,PNF,LONE ROCK,14,6,,78.31017,40cfdea5-c19b-40e1-9905-72ebd4beaf94
1780,2021,CDF,SHU,MAXWELL,7,1,1,76.48464,affa040a-1f09-4a49-a392-2f8d4c557fac
1781,2021,LRA,LFD,RIVER,10,6,1,70.8007,59bcab88-a79f-4983-ab39-d6b28fae6f93
1782,2021,CDF,TUU,BUZZARD,2,1,1,70.24671,dfcf756f-fdf6-4704-9d26-8c80d3ed85c6
1783,2021,CDF,MEU,BROILER,2,5,1,69.5676,f941fd90-b692-4a7a-b6bd-83cc824e06b2
1784,2021,CCO,SBC,CABALLO,2,1,1,69.51533,0cc79696-9877-45a1-81e2-023ff91831cf
1785,2021,USF,BDF,ROADSIDE,2,2,1,66.24019,a8472115-5fcb-4526-b6e9-29c6a711d9a5
1786,2021,CDF,AEU,GOOSE,2,1,1,65.68092,8b6772b8-854c-423f-8858-864dd675ec1c
1787,2021,CDF,FKU,FISH,3,1,1,65.27412,5f5d7d18-864b-4d1b-b9cd-25fc8621d0c3
1788,2021,CDF,SLU,TOBIN,10,1,1,64.70691,c1286fdf-fec3-4df8-89f4-b85cd183e4aa
1789,2021,BLM,NOD,R-1 RYE,1,1,1,64.69015,83223457-4608-4ac1-a78c-b92b9718b998
1790,2021,CDF,LNU,TULLEY,5,1,1,62.66148,e303abad-316b-4e95-aefe-c24fb2ec1bce
1791,2021,USF,ANF,SPRINGS,14,7,1,62.07942,eead4a38-fadc-40d4-87f3-8d2d93f415c9
1792,2021,USF,BDF,RAILROAD,9,1,1,61.72803,fedd3279-65bf-4e86-8350-7e112976c179
1793,2021,CCO,LAC,LIMA,14,1,1,61.52447,1fff757d-c2c5-40f3-a0fd-8d4b38f4a895
1794,2021,LRA,LFD,BROADWAY,14,4,1,60.39558,62848fdd-b902-4d3f-b7c6-03c0a749d11f
1795,2021,CDF,FKU,GOLD,14,1,1,60.24131,8ada30ad-cebc-48ce-a8b0-58f12fae4e18
1796,2021,CDF,SHU,HOUSE,3,1,1,59.11795,760941a6-560d-4f1c-9090-7d7023369c92
1797,2021,NPS,YNP,HOOVER,1,1,1,58.59269,6c92e445-f31a-4351-966c-30673c97e689
1798,2021,CDF,LNU,SKY,5,1,1,58.34655,53fdc188-1730-4d26-9c50-7e5991d21575
1799,2021,FWS,SJR,RIVER,4,7,1,57.37954,b9c01490-cf1c-4fa8-a4f6-48a712c89d45
1800,2021,DOD,TNT,PORT,14,4,1,57.02632,0da70049-ffca-447b-b0cf-a21053993e25
1801,2021,DOD,BEA,BEALE2,11,5,1,55.49031,a3e9c04f-c917-46b5-9ed7-54851712deb2
1802,2021,CDF,LNU,LOPEZ,2,1,1,55.25064,b7edb3cf-5c93-4d05-a05e-630b72c040d6
1803,2021,LRA,NEU,FIDDYMENT,14,5,1,55.11501,f3f02058-7bd0-41a9-bcef-1217895feb71
1804,2021,CDF,MVU,ARUBA,14,1,1,54.22581,8680a1f6-24fc-45d6-a817-e56a3bbdc2d7
1805,2021,CDF,NEU,FRENCHTOWN,10,1,1,54.10636,8e712f99-a583-4221-9a99-5fe9640c661d
1806,2021,USF,PNF,HARTMAN,14,6,1,53.54,e9444965-e8fc-45cc-950b-03cdaab1722b
1807,2021,CDF,MVU,CLEVENGER,14,7,1,53.04443,085ff3fa-6541-4a60-a796-68ce3ff0a9aa
1808,2021,USF,MDF,GULCH,1,1,,52.51308,e6736d5d-9637-421f-8b6c-3cef77aade2d
1809,2021,CDF,SHU,PINE,2,1,1,50.93539,1338a37f-c349-4d29-9908-4eaf411d4464
1810,2021,USF,SHF,HAMBONE,1,1,1,50.69745,5fe62bb4-6828-4896-a84f-bd9cf793d039
1811,2021,CDF,NEU,BENNETT,14,1,1,50.27335,e6b53cda-aa58-4050-b58c-f0bfa3d75098
1812,2021,USF,ANF,ANTONIO,2,3,1,49.89998,ccadc610-39de-4ef6-836a-95b6339541c7
1813,2021,BLM,CDD,OLD WOMAN,1,8,1,47.4764,7cb5be59-9970-4191-98d4-b21dcd5f29ad
1814,2021,CCO,KRN,CRANE,14,1,1,46.83553,aadb978b-9bf0-4e17-b306-945de255fe71
1815,2021,CDF,AEU,LAWRENCE,14,1,1,45.94286,891fdd5f-52a7-43e9-8f67-d8f6fb65f269
1816,2021,CDF,BDU,ABERDEEN,14,1,1,45.5523,596db5ec-a4cc-4490-b3aa-e5bf25b307ea
1817,2021,CDF,AEU,SETTLERS,2,1,1,45.35123,d4f55caf-13e1-42c8-ad14-13aba65ffa50
1818,2021,USF,KNF,ELK,14,1,1,45.00793,ca3318f4-b960-4a14-8a87-1cd4c01bca8b
1819,2021,CDF,TGU,CANNON,7,1,1,43.3417,1044d2ee-af77-4bf4-a7c2-be2878ee0688
1820,2021,CDF,RRU,COYOTE,9,1,1,42.75489,9d1c87bd-30b2-4c39-a53c-4fe2751d4b96
1821,2021,LRA,LFD,STAR BEND,14,6,1,41.59887,26730902-37c3-4c12-888c-7fb43a9054ab
1822,2021,CDF,SHU,HIDING,2,1,1,41.50576,95f4bf17-99f8-45b4-b3eb-9e4ae381e8ca
1823,2021,CDF,TGU,FORK,9,1,1,40.82636,078be85d-3f91-4d4b-8bcf-bc99f3e6d24f
1824,2021,BLM,CDD,HIGHLINE,9,7,1,40.42638,5ddfd5e6-3383-4ec2-9d5c-902380b0bff5
1825,2021,LRA,SLU,FRANKLIN,5,6,1,40.32301,e0a87a3d-0122-4f9a-8eb4-a421c4f006ae
1826,2021,LRA,NEU,WATT,14,1,1,39.57343,1336243e-a4f7-423f-9b20-f15824c60699
1827,2021,LRA,SCU,PIERCY,14,1,1,39.47499,8867602e-e921-4725-b276-46bf62c29b1a
1828,2021,USF,HTF,PAN,1,8,1,38.7627,fb565f70-883f-4983-b593-d1d4cbe5bba5
1829,2021,BLM,CDD,FLATS,2,6,1,38.58012,af054b7a-fcd7-4a51-9fc8-a9a6fc246b54
1830,2021,CDF,SCU,PASEO,2,1,1,37.56758,ac8aeb37-b536-4e62-8589-6a5ce5d35ffe
1831,2021,CDF,MVU,MARRON 4,10,1,1,37.3201,7a4b2691-a68c-4fa5-85f2-4b21d1736bf5
1832,2021,USF,INF,GLACIER NORTH,1,6,1,37.2558,42aedeff-31c5-484e-b6c3-f2e0c0c003ea
1833,2021,CCO,SBC,BALLARD,5,1,1,37.1573,b4c519fc-eacd-479a-9cdb-7972f16acec5
1834,2021,CCO,SBC,ONE,5,1,1,37.05353,f2bd3a45-da96-4864-8301-24227d3b9bb1
1835,2021,USF,STF,HENRY,1,5,1,36.14811,77e8b618-a315-459f-a406-deb7cbf8d61d
1836,2021,BLM,CND,YANKEE,10,1,1,35.21027,0b6ec1ad-aa9d-45bd-8ea4-6447f5fbc4f4
1837,2021,CDF,AEU,BLACKSTONE,9,1,1,34.85899,fdb7415d-f658-4417-9c4d-48c3def328ab
1838,2021,USF,ENF,COLD,5,1,1,34.51343,3343beac-ab7d-407a-b411-f6b5916135ad
1839,2021,CDF,CZU,FREEDOM,11,1,1,33.25922,259a16c9-aa2b-4783-8fe1-6229505916bb
1840,2021,CDF,MVU,QUEEN,2,6,1,32.81554,3f4e0b3c-3676-4a21-be98-44daeafe26f1
1841,2021,CDF,RRU,CREEK,14,1,1,31.87381,c11d26fb-00cd-42b3-9d00-7e384a5805b5
1842,2021,BLM,CDD,WILLOW,14,7,1,31.76766,78bf7bf2-ea57-464c-9e1d-bdbceb7189df
1843,2021,CDF,AEU,SALMON,14,1,1,31.73762,dbe5927e-eca4-4fc5-a851-43772ce73d64
1844,2021,LRA,VNC,VICTORIA,14,2,1,31.69551,0f5073e3-64ee-403c-bca7-188441289740
1845,2021,USF,SQF,DRY,14,6,1,31.50628,b5f5c34a-06ac-4204-bf98-96f1e589cc15
1846,2021,CDF,LNU,GIBSON,7,1,1,29.98372,425f47fa-76e0-4ddc-ac6c-f690d2b84381
1847,2021,CCO,KRN,OAK,14,1,1,29.9392,a13fb00f-dd6f-4eb0-bf81-c2ea6b3464c1
1848,2021,CDF,FKU,MARLAR,10,1,1,29.3616,c28a1ff6-0162-4dd9-93f4-c85307aca4ee
1849,2021,LRA,BEU,JOLON,2,7,1,28.44884,00c1c26e-242c-48fe-a3fe-70fe7da348fb
1850,2021,CDF,MVU,MARRON 6,5,6,1,28.44671,1b7de2ef-d597-43aa-a075-ae71b009962e
1851,2021,LRA,VNC,ERBES,14,8,1,27.63296,474cc722-156d-46e2-80d1-df9f31a89fe2
1852,2021,CDF,MVU,PASO,18,1,1,26.79597,caa3b0e0-156a-4947-8fa1-7c3214a1ca8b
1853,2021,BLM,CDD,BACKUS,14,7,1,26.61396,349b5b6b-f770-41bb-8c27-87064bf1cc8c
1854,2021,LRA,VNC,COUNTRY,8,8,1,26.53975,9bc39a95-d8bc-4cf2-972b-34be3c510cd3
1855,2021,USF,BDF,PEAK,9,7,1,26.09075,cca349a7-d331-49fe-a27e-7829cc692a28
1856,2021,CCO,KRN,WOLVES,18,2,1,26.06954,2d90d723-b9de-4af2-8eca-890bf2161bc7
1857,2021,USF,STF,HOBART,9,6,1,25.8245,05efab3d-cdd7-4ff6-b6c1-0a499621ef2f
1858,2021,BLM,CDD,OLD WOMAN 2,1,8,1,25.38194,90e2cfd4-b26a-4d66-9af0-8943339cad2e
1859,2021,USF,LPF,GIBRALTAR,14,1,1,25.36633,5cb6fde1-e915-4540-8f43-e14e2b765001
1860,2021,CDF,NEU,QUAIL,9,1,1,25.35059,88cf2897-73e8-48f6-b4db-b50f668920e7
1861,2021,CDF,HUU,MOUNTAIN,7,1,1,25.31992,18cd1f76-6d01-427e-ba2d-ea95a330ad4a
1862,2021,CDF,LNU,MIDDLE,11,1,1,25.11647,c6569002-9554-457e-a617-33482afd0b28
1863,2021,USF,BDF,COLDWATER,9,7,1,25.10539,40053690-bae4-4c49-945b-dc1944deb7e4
1864,2021,CDF,FKU,TIVY,2,1,1,25.03143,1f8f15f0-a0ee-49f6-8cd2-b4165091a8cc
1865,2021,CDF,FKU,BAKER,7,1,1,24.94695,70b0c501-1915-47d0-8def-e4675f2098cd
1866,2021,CDF,SHU,WOODMAN,5,1,1,24.85209,fe268736-291d-4e31-ab6f-056d30072c67
1867,2021,USF,INF,PINE,14,1,1,24.69208,c5067004-13c8-42b9-9b8c-21dae9d4323a
1868,2021,LRA,LFD,DANTONI,14,6,1,24.35467,e5ee1391-eb07-4a82-af28-fbc1396ddddb
1869,2021,CDF,SLU,GROVE,10,5,1,24.01903,196b1deb-978d-4697-9c00-fb1e4f4c1625
1870,2021,CDF,FKU,SLOPE,11,1,1,23.99675,57b8b9b9-fd35-44d8-ae9a-d2ac2836ae58
1871,2021,CDF,MVU,BORDER 13,11,7,1,23.32513,c5a6ce06-0e7d-49aa-b60b-6d9497ddd0c6
1872,2021,CDF,SHU,CREEKSIDE,9,1,1,23.22825,359bd352-39da-4437-919f-1b7d68635712
1873,2021,CDF,MEU,KIRK,9,1,1,23.05541,9f2fa2cd-872b-42ca-a655-2089aea41361
1874,2021,CCO,VNC,WESTWOOD,14,1,1,22.98317,727296ce-6a4e-4276-a6dc-ed4ea5cc7a0f
1875,2021,CDF,MMU,MANZANITA,5,1,1,22.3779,08ffc777-1733-4a9a-a436-fe3227a9423d
1876,2021,USF,ENF,SUMMIT,1,6,1,22.27062,f7ae1204-d732-432f-b992-d0bb832d37ef
1877,2021,FWS,LKR,POINT,2,1,1,22.15831,fe0035a1-e234-4855-a096-05e85952c757
1878,2021,USF,MDF,FLAT,14,7,1,21.96283,190a5408-1145-4c10-8921-c2d545af2c0d
1879,2021,CDF,CZU,CHINA,9,1,1,21.93688,eb432c1a-cdd4-4dda-9246-1e777a837282
1880,2021,LRA,SKU,MEISS,5,1,1,21.86377,f832adba-aecb-4b14-81e2-f63590143d0d
1881,2021,CDF,NEU,SPENCEVILLE,14,5,1,21.81921,5701cff3-f3c9-44bb-b641-009807a2b233
1882,2021,CDF,SCU,STUHR,9,1,1,21.63566,6a866057-90c4-4ab2-b436-2ade517ec162
1883,2021,CCO,ORC,NIGUEL,14,1,1,21.61345,def0f915-7ab8-4e3b-8c33-c3dd97e2dafd
1884,2021,CDF,TCU,LINE,5,1,1,21.61033,f35064a8-4e87-4383-ab78-22dfb7df9afe
1885,2021,FWS,TNR,MIGUEL 3,14,4,1,21.31999,c33d62a3-1a86-47f5-8ac5-8dc5c11572bc
1886,2021,USF,SHF,LAKIN,1,6,1,20.79543,168fc007-1843-4784-bfba-eec1c9496af2
1887,2021,USF,ENF,UNION,14,6,,20.37977,a9e013fe-63f7-43b1-9a1e-2873ef203f35
1888,2021,CDF,CZU,BONNY COMPLEX,9,7,1,20.30736,3cc64b52-c698-4b85-85bb-578c8feccb11
1889,2021,CDF,LNU,MOODY,9,1,1,20.24225,5f540449-3cbf-4191-8a26-03874dffec80
1890,2021,CCO,LAC,GOLDEN,10,1,1,19.88849,32a07eba-e6ca-4663-9f81-e4bd754330ee
1891,2021,CDF,CZU,PANTHER RIDGE,11,1,1,19.72582,92201c43-37b3-4455-a95a-d0c198f397f3
1892,2021,USF,MDF,FAIRCHILD,1,7,1,19.52532,0e2bce2b-e076-46c9-9fbb-de3ef081d826
1893,2021,BLM,CND,HANDLINE,14,6,1,19.10735,a568dee6-5731-4fc9-8735-1385016e4b76
1894,2021,CDF,HUU,MOUNTAIN,10,1,1,19.0184,543cc75d-7675-4442-ad6a-eee1fea69037
1895,2021,CDF,MVU,BORDER 2,5,7,1,18.64428,26cbfe10-ab64-4d6e-8a55-289b7b239fd6
1896,2021,CDF,AEU,BELL,2,1,1,18.61205,8266ac19-eafd-42d3-a73c-d104b546036a
1897,2021,CCO,KRN,CALIENTE,6,1,1,18.59738,e13f9acf-86c4-4e40-914a-42dd36fc385a
1898,2021,CDF,LNU,CREEK WEST,7,1,1,18.52191,76f015be-631b-4300-8496-05d324046e83
1899,2021,CDF,RRU,KATHRYN,14,1,1,18.46991,27801369-1b4e-4df9-8f9b-eff14a03ae25
1900,2021,LRA,NEU,WISE,11,1,1,18.2641,4e56af8f-2816-4aaf-b656-e1dbcffbe258
1901,2021,CDF,NEU,SPRING,2,1,1,18.20975,9df3dde4-b4dd-4553-b227-13467432b683
1902,2021,CDF,MEU,TOMKI,14,1,1,18.17299,75542212-e645-448e-bd12-4af7f5f703a6
1903,2021,CDF,FKU,OWENS,9,1,1,17.97407,dc991a59-e895-4858-8dea-9ac113edbeb5
1904,2021,USF,LPF,CORRAL,14,1,1,17.29091,4f8b1b86-e7a3-4f4b-af65-67cab9594ab1
1905,2021,CCO,LAC,MIDDLE,11,1,1,17.06123,92f679a6-b1a7-46e6-a429-67f9507845d2
1906,2021,USF,BDF,CLOUD,9,6,1,16.93808,ad84d96c-d6a6-4487-96e7-1b727922d2f3
1907,2021,CDF,HUU,HARRIS,14,1,1,16.39773,cfab0e41-268b-4303-b9ee-0190124b443f
1908,2021,CDF,SLU,TOWER,14,5,1,16.29048,a143e1ac-8395-4ae7-bb24-a65de6b62a5a
1909,2021,LRA,LFD,MYRNA,14,6,1,15.82752,b02309cc-4262-4773-a173-3edac9480b84
1910,2021,LRA,KRN,MOUNTAIN,14,1,1,15.71013,ddd1d151-1ed9-4332-8a02-3ee7ff004bff
1911,2021,CDF,MVU,BORDER 9,9,6,1,15.36915,eb5adbe7-913d-4e7b-a368-e64dc01ef3e7
1912,2021,LRA,VNC,COYOTE,14,3,1,15.35531,d926aefe-a495-4e1f-b686-00f58d347113
1913,2021,CDF,SHU,LITTLE,9,6,1,15.33097,9eb296fb-b342-4de3-84d7-bd3d844d74f8
1914,2021,USF,SQF,BOYDEN 1,5,6,1,14.57344,eb209b1a-d747-4ba6-a80c-d64021b8ef4c
1915,2021,CDF,FKU,AMERICAN,7,1,1,14.40411,36ccc544-c634-432e-b979-a9ed51ff4607
1916,2021,CDF,TGU,GRAHAM,2,1,1,14.35726,5b34ca01-cde8-431e-8768-143d2ece9c0c
1917,2021,LRA,VNC,MADERA 2,2,4,1,14.21907,7cf12fb6-4dec-4330-a890-e4b49eb8e982
1918,2021,CDF,RRU,CARY,14,6,1,14.00693,0eccfe8e-2ba8-4fbb-a284-a2379921e3be
1919,2021,USF,KNF,LITTLE MARBLE,4,1,1,14.00079,52d5be18-480b-44c7-a01f-da9efc4574bc
1920,2021,CDF,LMU,1-4 BIZZ,1,1,1,13.89517,5d577d55-6198-48e3-9619-8b465ae11f81
1921,2021,CDF,BDU,DEVORE,9,1,1,13.80691,deddc58d-29bc-44df-a4e1-77e2a07ddb79
1922,2021,CDF,BEU,FERRIS,5,7,1,13.79761,daab25c3-793a-4ed7-bc0f-0c3787afb8fc
1923,2021,CDF,AEU,STEINS,9,1,1,13.73235,2fdc833c-2301-455c-90b7-609c75adb05a
1924,2021,CDF,NEU,DOOLITTLE,10,1,1,13.62084,630df4f2-81e0-4b8b-943e-c6f0893fea12
1925,2021,CDF,FKU,RUTH 2,2,1,1,13.3051,7c61011c-6ad2-4917-8b04-63eab5d10cc3
1926,2021,USF,LNF,DOW,9,6,1,12.49597,fd12b1bf-4b9d-4755-80e9-14142755c6fe
1927,2021,NPS,KNP,SENTINEL,1,2,1,12.4895,352ae2e2-4e5d-4721-b734-26006163ebb5
1928,2021,BLM,NOD,R-1 ROCK,1,1,1,12.32582,d3cd2beb-2b1f-4448-8ad2-e089385205a1
1929,2021,LRA,LAC,KELLOGG,14,1,1,12.2616,33a69571-230c-4efc-b551-9c00f70f0793
1930,2021,CCO,LAC,DULCE,14,1,1,12.19143,a77e1fcd-af50-4a2b-9bc5-72f7296aa74e
1931,2021,CDF,NEU,LOMA,2,1,1,12.10306,aae33b7f-c3bd-4354-b464-f48e297050c0
1932,2021,CCO,KRN,ROOST,14,1,1,12.09895,f55733a6-8d44-4bdb-921a-37bbf79b3c42
1933,2021,CDF,FKU,WATTS,9,1,1,11.88744,df386fe6-98e8-4860-8dd1-abac26b0e9f4
1934,2021,CDF,NEU,HUTTO,2,1,1,11.46257,0713284a-ff48-4b9e-b1b2-b918ed3f8105
1935,2021,NPS,YNP,PORCUPINE,1,1,1,11.19756,2e502435-da1f-4924-979f-aade3bb9aa13
1936,2021,USF,SHF,MOSS,9,7,1,11.17857,e3e97134-c36b-4c7d-b1a0-3b85c4098708
1937,2021,NPS,YNP,KING,1,2,1,11.13475,2971ce66-96f4-462a-84a0-86c5a44f089f
1938,2021,USF,SHF,TANGLE,9,7,1,11.05462,33240d6b-3c05-4a1a-8152-cb8fd5faea17
1939,2021,CDF,SLU,CRESTON,14,5,1,11.01676,f7189be5-b691-491e-bb33-c4d2c14f5511
1940,2021,CDF,LNU,EASTSIDE,2,1,1,10.85849,571c7b93-7bcf-444b-bd05-5a9b3c39fb6c
1941,2021,CDF,SLU,ANTELOPE,10,1,1,10.67426,081c167a-f0fe-4fac-9f89-35f0bad4e703
1942,2021,CCO,ORC,LAGUNA,14,1,1,10.62967,97c31df8-0e14-4fba-9dda-be54fafa6b49
1943,2021,USF,KNF,HORSE,9,6,1,10.61282,76a7eb3d-ffe8-478d-aad0-290a5b788f9d
1944,2021,USF,BDF,BLUE,9,1,1,10.4138,ca14fd94-8915-4af0-a9ec-7234c395f13d
1945,2021,LRA,KRN,PRESERVE,14,1,1,10.0517,faf42338-79b7-4d90-b7d3-d5f38408f4c8
1946,2021,USF,PNF,GREENHORN,14,6,1,9.6,77c7ecee-70f9-46e1-a78e-2f410745c544
1947,2021,CDF,NEU,KIBBIE,14,1,1,9.580426,0661aca7-6734-4ade-9f66-c57653bf4a8f
1948,2021,LRA,,SMITH,2,1,1,9.446896,0aa567cf-4a9b-4fa0-9fa3-913b44488cc1
1949,2021,CCO,KRN,EDMONSON,10,1,1,9.158972,9357ed9d-6e8a-4fa2-90e3-59af716f247d
1950,2021,CCO,KRN,RIDGE,14,1,1,8.997741,289b9d60-8bbb-4c09-91bd-4dfd03fb6e7e
1951,2021,FWS,TNR,CAMPO,14,1,1,8.976994,b496a6c5-0711-4a94-816d-d6a79ec9e30e
1952,2021,CCO,KRN,BEALE,10,1,1,8.94504,1a796f08-f0b8-444c-b4c0-d21a06224ed1
1953,2021,CDF,SLU,TWITCHELL,10,6,1,8.925045,1c63f76f-4ef2-4fa5-af71-736834cae506
1954,2021,CDF,SLU,TRAIL,14,1,1,8.890034,41aeea34-4316-4049-a3bb-770f011e1444
1955,2021,CDF,LNU,GROVE,14,1,1,8.765407,53b0a278-5ef5-417c-ae6e-c52170f5e674
1956,2021,CDF,LNU,SCOTTS,9,1,1,8.720953,e017c4c5-6176-43be-92bb-8b30bdc219ac
1957,2021,CDF,LNU,GREEN,5,1,1,8.655844,dbab28b7-01b0-4f89-b0ce-fce04a11fc15
1958,2021,CDF,CZU,BLOOM,9,1,1,8.611075,f3eb92cb-fc79-4206-bde8-b356fff82a89
1959,2021,NPS,YNP,FORK,1,1,1,8.557461,c9d4d0a1-8ffb-475c-b6c2-212f6d6eb271
1960,2021,USF,BDF,LONE,9,1,1,8.430901,a7e46b36-051e-43fc-b516-7bab018e2893
1961,2021,CDF,LNU,MUSTANG,7,1,1,7.733727,41c1005d-2385-4919-b039-e48a5aa33e7a
1962,2021,CCO,KRN,HERMOSA,14,1,1,7.573153,0a4d7d43-a675-4514-8e6a-f2fdbf345720
1963,2021,USF,CNF,BAMBI,4,7,1,7.521858,3bf5a614-fc63-4019-8090-a663cc772f6e
1964,2021,CCO,ORC,PICO,2,1,1,7.302879,ae15ba20-a5ad-4c0a-9c9b-5e71b849c051
1965,2021,CCO,LAC,FLORES,14,1,1,6.922003,b5c80e19-1828-4dbd-b9d7-43088f9c88fe
1966,2021,CDF,LNU,CLOVER,14,1,1,6.763107,ffbd3124-3913-4d5b-89d0-0bbad267315f
1967,2021,CDF,LNU,GRANGE,2,1,1,6.612106,e088bbc8-7110-4b49-92e6-a5582f76676e
1968,2021,NPS,YNP,COLD,1,1,2,6.576556,1ee275de-8174-4ed4-9e34-2b1da0ab2a6d
1969,2021,CCO,KRN,AROSA,14,1,1,6.567343,d0331d2c-0bc2-4f69-b014-315d8df76564
1970,2021,NPS,MNP,HART,1,1,1,6.53971,9f3e556e-c280-4562-b62a-7b92fa0aea64
1971,2021,LRA,LAC,VIRGENES,14,1,1,6.461127,ded51f80-e3b9-45e7-a285-72559c331486
1972,2021,CDF,LNU,PLYE,7,1,1,6.29127,b11b1872-1a65-45cb-8844-584c83721ed8
1973,2021,CCO,ORC,CECIL,10,1,1,6.260819,bba99f86-c6be-4f13-a3d0-568f5ac5faed
1974,2021,CCO,KRN,HILL NORTH DIVISION,14,1,1,6.112738,6174b669-85dd-4310-a43b-fb40af16b053
1975,2021,CDF,LNU,ACACIA,2,1,1,6.082049,21db45ec-d3da-4cda-a2c5-dda897bed81a
1976,2021,CCO,KRN,MESA,14,1,1,5.923486,bce7987a-0d5e-41b0-971a-5c22ca7eab47
1977,2021,LRA,ORC,RIDGE,2,1,1,5.647393,add1e7e9-09d0-47d7-b2b5-b0ee4412238b
1978,2021,CDF,LNU,LEESVILLE,8,1,1,5.558945,48637c83-4b0a-4cc3-89fb-5dcaae6e32fd
1979,2021,CCO,KRN,GRAPEVINE,10,1,1,5.185684,7c7c2a64-ab59-4b9e-9373-97d46fb962cc
1980,2021,NPS,MNP,CASTLE,4,7,1,5.136026,d7de287c-22fc-429b-81c4-a16174e280e1
1981,2021,CDF,SLU,VISTA,5,1,1,5.135205,0b74beef-14b5-417c-aca1-5e3ee8f2e9b7
1982,2021,LRA,LAC,KNOLLS,14,1,1,5.079092,c72f861d-a636-4197-b702-37cb73ab19e9
1983,2021,CDF,SLU,COYOTE,5,1,1,4.889593,8128f5f9-a03f-4abb-ac3a-4a18920fa6fe
1984,2021,CDF,LNU,DIMOND,7,1,1,4.771153,f11e4014-65e6-41df-b8e2-e2ffb25bfb0d
1985,2021,CDF,LNU,DREAM,7,1,1,4.769748,f191af97-9781-46dd-8cef-574b12f653b9
1986,2021,CDF,SKU,HOVEY,5,1,1,4.767107,0860522a-a448-42e4-8565-a02a00d19e15
1987,2021,CCO,LAC,TUNA,14,4,1,4.544237,e1233fd8-3e6f-4be0-945b-25d87848a4d3
1988,2021,CCO,VNC,SULPHUR,14,6,1,4.328094,a3b137ca-28d7-4f14-84ec-2b6172b81a69
1989,2021,LRA,VNC,VIRGINIA,14,6,1,4.259815,93614ca7-00d0-4faa-9c2e-5a70bc9946ab
1990,2021,CDF,SHU,MALLARD,2,6,1,4.217206,c28e4629-d6b0-4d91-8ea6-fea4a50a95e4
1991,2021,CDF,SKU,BROWNELL,5,1,1,4.151186,e64177f8-a051-4b65-890a-ae1cfb0afbef
1992,2021,CDF,SKU,MARY,18,1,1,4.059574,d3cd213a-c4af-4f69-ba18-62fb3dfa69fd
1993,2021,CDF,LNU,OLD,11,1,1,3.873497,702966fb-aa72-4e84-b543-f62fa9184a3e
1994,2021,CCO,KRN,FREEWAY,10,1,1,3.822008,ec55e888-7d0b-4a73-a86e-b30f370650fa
1995,2021,CDF,LNU,CREEK,7,1,1,3.695564,6edc004e-589e-4747-818b-46158337e2d6
1996,2021,CCO,LAC,SYCAMORE,10,1,1,3.27472,1482ed52-6a77-4193-b5b2-74d023253289
1997,2021,CCO,KRN,SCALES,10,1,1,3.222384,c6e30d4b-687e-4876-ad19-d5f743a187d2
1998,2021,CDF,BEU,AROMAS,10,7,1,3.190873,de66b511-9375-4cbb-af79-2723f2360280
1999,2021,LRA,KRN,LAND,14,1,1,3.060403,3caf6fa5-e437-4a6d-b009-7e08529d04ba
2000,2021,LRA,VNC,LAURIE,14,6,1,3.041959,1e8583c7-801f-4803-a24d-2f2627735f8e
2001,2021,LRA,KRN,LAVAL,14,1,1,2.929613,1e04d19b-2c9b-488d-89a0-d18276d1595d
2002,2021,CCO,KRN,Backus 2,14,1,1,2.897352,64901cae-a2d7-40aa-899c-013310b6e78e
2003,2021,CCO,LAC,PACIFICO,15,7,1,2.883715,cd8d7f6c-1871-4a00-9771-b21cc6bfa567
2004,2021,CDF,LNU,COUNTY,11,1,1,2.854398,913567ff-fc7e-4d79-baa3-4f7662673994
2005,2021,CDF,LNU,OAK,2,1,1,2.842491,56f332e3-bd93-4602-8e8c-74cd144ce428
2006,2021,FWS,SJR,CASJR STRINGER,11,1,1,2.734319,dd7a2f62-cabe-41c3-9a6a-a5b5eb8252d0
2007,2021,CDF,LNU,COLEMAN,7,1,1,2.714847,977600d5-606a-47d1-a4f5-e6371474411f
2008,2021,CCO,LAC,SPRINGS,14,1,1,2.711827,ffd61aa0-4362-4610-b5fc-e18dc8998d9f
2009,2021,CDF,BEU,REGIONAL,9,7,1,2.635708,850b0143-02e9-4a71-a867-c15ce5627825
2010,2021,CDF,LNU,WEST,10,1,1,2.58838,22369539-db43-459c-ad57-cc2ee128e9b5
2011,2021,CDF,SLU,TIFFANY,5,1,1,2.45159,faf40d87-ee8a-4d8a-9187-97b57fcb0081
2012,2021,CCO,KRN,GRANITE INC,11,1,1,2.381455,71c016c1-7f46-48be-aaf5-0deda40689fe
2013,2021,CDF,SKU,MEAMBER,5,1,1,2.300643,0016c490-bd05-4288-87f9-1fd36ef50ed1
2014,2021,CCO,LAC,NEWTON,14,1,1,2.265879,f7b3cfb1-5623-4400-a333-ce4f45c4578a
2015,2021,LRA,VNC,PECK,14,6,1,2.240738,f41e9a29-76ba-48b2-9af7-a586df6df880
2016,2021,CCO,LAC,ROCKY 3,14,4,1,2.237706,19696ced-0e0d-4f15-a54b-2bd640463074
2017,2021,CDF,LNU,MUNIZ,5,1,1,2.227886,e167fe5a-7443-4bb9-99a2-5ebe8d6e265e
2018,2021,CCO,LAC,DALTON,10,1,1,2.21358,e7f2127f-332e-4f9b-8e39-6a65ee68354b
2019,2021,CCO,KRN,PARK,10,1,1,2.092052,10801c2d-c67b-4a07-a1df-3d0418026655
2020,2021,LRA,LAC,TONNER,14,1,1,1.969455,8924b441-4130-4bc3-84f7-f28b1ef8ea05
2021,2021,CDF,SLU,INDEPENDENCE,2,5,1,1.923519,c3907727-33cc-4eb3-9940-6791945b41a9
2022,2021,CDF,LNU,SPRING,9,1,1,1.90975,1876cca8-79de-4106-af2d-a13a272dda6d
2023,2021,USF,SMP,NEWTON,14,1,1,1.865689,b99ef3be-4cf2-48fc-8d07-0fed5e39a1ae
2024,2021,CDF,MVU,BORDER,9,7,1,1.850452,024bbcad-e662-418e-b9a2-99e11ed50037
2025,2021,LRA,VNC,RANCH,14,6,1,1.800984,73bfad33-cd52-4ea3-b6b2-33ad547e60aa
2026,2021,LRA,LNU,KIWI,2,1,1,1.75886,9ed2fcb7-fd80-472f-b949-fc84ba1bb576
2027,2021,CCO,KRN,SABODAN,2,1,1,1.751998,a6c2d46a-f4af-48eb-8777-054b31b37a53
2028,2021,CDF,BDU,CRYSTAL,4,1,1,1.731484,ae93459e-a353-4db0-ad73-fd4262315ed8
2029,2021,CDF,LMU,ROUND,14,1,1,1.699813,b8c4ca0c-4b3e-4442-9b06-b56516562308
2030,2021,CDF,SKU,RANCH,5,1,1,1.678553,fb11a3db-e8e7-4e87-a48d-024dcab2f2d3
2031,2021,CCO,ORC,WINDY RIDGE,14,1,1,1.663294,b5010081-70fb-4736-a9a4-9f45dcef444f
2032,2021,CDF,LNU,WILSON,5,1,1,1.552339,62f4a86c-92a0-44a2-8818-282fa6212759
2033,2021,CCO,LAC,VASQUEZ,14,1,1,1.501651,5ba0b202-4644-48df-b5b2-7ea1587f7de5
2034,2021,CCO,LAC,BOAT,10,1,1,1.496656,ac0059f9-9cf9-46e1-a01a-12b842e86b73
2035,2021,CCO,LAC,TURNBULL,14,1,1,1.467101,8ccd7cf3-d991-4b14-8267-31eb5c6a90a2
2036,2021,CDF,SLU,ADOBE,2,1,1,1.444209,394fa858-2f93-4146-9fbc-b77eabfc1205
2037,2021,CDF,MVU,OLD HIGHWAY 80  / LA POSTA RD,1,6,1,1.378734,fda42985-e843-4a97-b972-61dbf1d90150
2038,2021,CDF,LNU,STUBBS,7,1,1,1.37785,495c23b4-b04b-4dc3-86f9-e24088264d36
2039,2021,CCO,VNC,YOSEMITE,14,1,1,1.366251,4caa9bd1-7c9e-4ba4-a673-88b7e50e4be3
2040,2021,CDF,LNU,CREEK,7,1,1,1.284499,b727eb95-3cec-4313-ad77-042a4701d520
2041,2021,LRA,LDF,PEAK,10,7,1,1.283047,93f37c6a-cac7-44d1-b53c-d3ed4ba7af4d
2042,2021,CDF,SLU,IRON,9,1,1,1.248572,257ab7c9-9e6c-4274-a4da-46300dddc5a2
2043,2021,CDF,LNU,SODA,5,1,1,1.20866,fb1eae25-94c7-4075-b79c-5183d07f30d9
2044,2021,LRA,KRN,MANOR,14,1,1,1.198664,2abc74d2-b388-4c2d-adf7-35619683e4e8
2045,2021,LRA,LAC,RYE,2,1,1,1.171693,a2284ff2-b078-4670-bdf5-c67cacdfe121
2046,2021,CCO,VNC,UNNAMED,2,6,1,1.121165,7c93c4a0-3d16-4983-b631-bf00a72ea6fd
2047,2021,CDF,LNU,I-80 LYNCH,10,1,1,1.08848,802ec1ce-b4b9-4d01-9648-161676bec2ee
2048,2021,CDF,LNU,CERRITO,9,1,1,1.056455,59f63a45-21c2-432a-a165-77253fbe0558
2049,2021,CDF,LNU,MOUNTAIN,7,1,1,1.039344,428c0bea-2335-42ef-bd8b-4adfe4ccac6c
2050,2021,CDF,SLU,HIGUERA,14,6,1,1.038185,13630b55-4390-4eed-beb4-5a02eb0f22ff
2051,2021,CCO,KRN,DOYLE,14,1,1,1.020253,c7637c12-118f-4926-bea6-5b433d8ae7e6
2052,2021,CDF,LNU,SPRING,5,1,1,1.017629,19b2af82-48e4-4f41-8df7-21fb6375b573
2053,2021,LRA,ORC,BONITA,10,1,1,1.013455,1763b01b-ac70-467e-89cf-f7f8c5d50f9c
2054,2021,FWS,TNR,MILLAR,11,4,1,0.4009637,e247cf1d-4aca-4529-a5f6-04dab387985f
2055,2020,USF,MNF,AUGUST COMPLEX,1,3,1,1032700,634d548f-62e1-4d35-9283-5096627cbe5b
2056,2020,CDF,SCU,SCU LIGHTNING COMPLEX,1,2,1,396824.5,e7eded0d-a05d-4a3c-b1c2-c8b02a56b219
2057,2020,USF,SNF,CREEK,14,8,1,379842.4,b7bafaff-ce53-4d18-be64-effba016aa24
2058,2020,USF,PNF,NORTH COMPLEX,1,1,1,318797.3,605de22c-5617-447d-b2d9-63bc6705bf3a
2059,2020,CDF,LNU,HENNESSEY,1,7,1,305351.9,31a188e0-b9bb-4621-a481-98b4f12091bf
2060,2020,USF,SQF,CASTLE,1,7,1,170647.9,313b6b85-0177-4d6e-b037-d3b0bf4c5cdb
2061,2020,USF,KNF,SLATER,14,3,1,157429.9,a87d3edd-ebab-48cd-820a-f11b966fc5ef
2062,2020,USF,SRF,RED SALMON COMPLEX,1,8,1,143836.4,f06c7525-2294-4143-9953-d6a1afdcba64
2063,2020,USF,LPF,DOLAN,14,7,1,124527.4,caa5a162-3917-418f-8541-e3121ac68d4f
2064,2020,USF,ANF,BOBCAT,14,7,1,115998,3f801166-f520-4627-89f4-1797cf358540
2065,2020,CDF,CZU,CZU LIGHTNING COMPLEX,1,7,1,86553.46,1af392e9-c48a-4ebc-9242-81adb0088344
2066,2020,BLM,NOD,W-5 COLD SPRINGS,1,7,1,84817.6,d0e83e9b-4a4f-4cc4-afd3-bd9ae09fe123
2067,2020,NPS,BNP,CALDWELL,1,7,1,81224.68,5b62af5f-1748-42a4-afcc-f95ee09b4c49
2068,2020,CDF,LNU,GLASS,14,7,1,67484.41,d212cf47-4820-4b16-a404-5ad04cf92e1c
2069,2020,CDF,SHU,ZOGG,14,3,1,56338.05,22eb92c1-24e3-453e-a65c-d4eed758457d
2070,2020,CDF,LNU,WALBRIDGE,1,7,1,55208.94,c91172da-ee2c-40a9-a02e-575addc74d44
2071,2020,CDF,BEU,RIVER,1,7,1,50213.82,3225d976-c713-45d8-b141-4cdc07669266
2072,2020,USF,TNF,LOYALTON,1,8,1,46720.91,35c2932f-a206-4956-808d-162bf96ecabc
2073,2020,NPS,MNP,DOME,1,8,1,44211.25,88f703ab-6ba2-4001-ab88-ae6f7bed8838
2074,2020,CDF,RRU,APPLE,2,1,1,33235.8,dc97c315-f5b6-4467-8b2f-609733a40ba4
2075,2020,USF,ANF,LAKE,14,7,1,30999.4,a0b83504-5cbd-4f15-8826-dc470349a4ba
2076,2020,CDF,FKU,MINERAL,14,2,1,29666.96,22dd48d8-6a94-40f1-a1ac-996942acb607
2077,2020,USF,PNF,SHEEP,1,7,1,29541.14,0a62959c-4e5c-4b03-9948-5e523838286d
2078,2020,USF,HTF,SLINK,14,7,1,26751.78,53e1ffd2-5424-4304-929c-d94dfbf568ba
2079,2020,CDF,LMU,GOLD,14,7,1,22652.56,3ef96900-6f22-43d7-a4a5-27ce2b5f4104
2080,2020,USF,BDF,EL DORADO,14,2,1,22503.71,3c32ce24-e13c-495c-b3a8-3e99e170ef71
2081,2020,BLM,CND,MOUNTAIN VIEW,14,2,1,20374.56,11fc6dca-3dab-4f42-b661-63743f8d1330
2082,2020,USF,CNF,VALLEY,14,3,1,16389.54,fe532aab-97b0-4d03-9a6e-d94acb6506ab
2083,2020,CDF,ORC,BLUE RIDGE,14,7,1,13694.53,beee4e07-0016-46b2-8426-1ae1c6272399
2084,2020,CDF,ORC,SILVERADO,14,7,1,12469.21,6100b97f-16b2-49d9-a546-4e74887daff0
2085,2020,BLM,CCD,BACCARAT,14,2,1,10456.4,83259d82-6e4d-4db6-8195-efc18a404a5f
2086,2020,CDF,LMU,HOG,14,7,1,9566.36,b0d63771-62d9-438e-b930-96fb8018ecb2
2087,2020,BLM,CDD,NADEAU,14,7,1,9150.402,3aa1edef-3bf4-45ab-b9ce-3129aa1020d3
2088,2020,USF,KNF,DEVIL,14,7,1,8871.938,caab632d-727e-4e38-b988-82227e77828f
2089,2020,NPS,KNP,RATTLESNAKE,1,7,2,8422.869,ea963aef-a7f1-4d4a-bef1-d04bfa5ec0c4
2090,2020,CCO,KRN,STAGECOACH,14,1,1,7750.637,8605a18f-5915-4c58-9533-4a643acc8231
2091,2020,CDF,BEU,CARMEL,10,7,1,6996.944,245257d7-8bf3-4e24-a7e5-f7c943818f11
2092,2020,NPS,YNP,BLUEJAY,1,7,2,6922.014,8a8f64a8-81c6-486c-b02d-e761a5345705
2093,2020,BLM,CCD,NORTH,10,7,1,6882.293,08085261-a256-47cd-86df-ea60144fcf95
2094,2020,CDF,ORC,BOND,14,7,1,6681.099,7ade4d97-1607-435a-9d08-2167092f3194
2095,2020,CDF,RRU,SNOW,10,2,1,6253.439,b74e1e7e-6d4c-4121-89c6-4a1213fac476
2096,2020,CDF,SCU,CREWS,8,2,1,5513.191,5dd78a4f-ec91-4b02-b93d-b1c5502e4f89
2097,2020,CDF,AEU,GRANT,2,1,1,5062.198,793f45e0-e862-41c0-a129-762acda3242c
2098,2020,NPS,RNP,WOODWARD,1,7,1,4901.727,8a89971f-56c8-4fde-a588-b47ee583a35e
2099,2020,USF,ANF,RANCH2,14,7,1,4119.205,f08e7e5c-2730-4c86-b29e-32116cec80bd
2100,2020,USF,INF,BEACH,1,7,1,3668.429,2bd3107b-1114-4ca7-8326-db5e4c62715a
2101,2020,DOD,MCP,CREEK 5,14,8,1,3052.173,9a1d2730-1608-4029-a3b7-c058b3c9fa53
2102,2020,CDF,SLU,BRANCH,10,7,1,2922.204,6d4dcdc4-e869-428e-803e-9f9af25949c3
2103,2020,CCO,KRN,BENA,14,1,1,2884.41,e07f9231-b6d3-4158-90a9-b59d5a959ed0
2104,2020,CDF,TCU,MOC,9,1,1,2857.605,21e5e1af-519c-4a4d-9636-2fea81480871
2105,2020,BLM,NOD,LAURA 2,14,7,1,2729.027,53cf764b-1f0e-4f1e-b464-a0e5554f898d
2106,2020,CDF,LNU,MEYERS,1,7,1,2360.251,d72b4f6c-67ff-43dd-a306-082a05f1f801
2107,2020,CCO,VNC,HOLSER,14,7,1,2188.634,7ab9ae5d-781e-4d52-b035-f80c692d42d2
2108,2020,CDF,MMU,PASS,11,1,1,2163.698,163cac2f-bf8f-4b21-adb2-6086eef27e2f
2109,2020,CDF,FKU,HILLS,1,2,1,2120.98,7c8e3cc0-1396-41b0-98cf-53725ebda9c1
2110,2020,NPS,YNP,WOLF,1,7,2,2057.296,289f3aea-1c5b-40d2-941f-cca31bcb7d6c
2111,2020,USF,KNF,FOX,4,3,1,2027.554,386232b8-7da2-4e2b-a37a-3302fa19014f
2112,2020,CDF,SLU,POND,7,1,1,1962.329,1bdfb029-f66a-4047-a072-05e2ed36d3d7
2113,2020,CDF,RRU,SANDERSON,4,7,1,1954.651,fcd94995-c334-47ba-9c0c-94e075945092
2114,2020,CDF,LNU,QUAIL,14,7,1,1841,9f05a4ff-ca01-4df8-8cd0-8fd3f1c3ef4e
2115,2020,USF,ENF,FORK,14,7,1,1668.45,a4bc2f54-0b25-4123-816b-a1b7d8070741
2116,2020,CDF,SLU,SODA,10,6,1,1653.114,2c6a52fc-c5c4-4660-9204-002e44f2d7fa
2117,2020,CDF,TCU,SALT,9,1,1,1593.732,c78e8764-8484-41bf-b0ba-88fa1f6e694b
2118,2020,CCO,LAC,SOLEDAD,9,1,1,1525.536,4240ed66-0c9a-4e25-95fc-92a6462584b8
2119,2020,CDF,BEU,COYOTE,14,1,1,1485.075,6c901e38-9f5d-424f-8708-92d1e9f8e932
2120,2020,CDF,TCU,WALKER,9,2,1,1398.004,cb9a2880-6dd6-481f-aa33-cd5caa16e285
2121,2020,USF,MDF,DALTON ,1,3,1,1367.078,7aba2b28-9b21-4d9b-9fd5-dbf0042c0419
2122,2020,NPS,CNP,SCORPION,2,1,1,1320.728,6b48c5de-0ee2-4918-873d-6bbc1fe402ff
2123,2020,NPS,KNP,MORAINE,1,2,1,1316.038,0d274bfa-15f9-472b-b775-160dbd2e51fb
2124,2020,CDF,NEU,WILLOWS,7,3,1,1309.09,5e1d9166-fbc6-422a-9e7e-6b8af4ba14f9
2125,2020,CDF,MEU,OAK,9,7,1,1146.466,cd17b6e7-3f75-458e-9716-502349ed14cc
2126,2020,CDF,RRU,AIRPORT,14,2,1,1085.7,10e260a9-9c46-427a-9dc5-116b1d076a13
2127,2020,NPS,MNP,IVANPAH,8,8,1,1051.485,c5a75171-c855-45f0-a7a5-e9a1a24476e9
2128,2020,CDF,TUU,GRADE,7,1,1,1050.24,06a2810f-2c71-4811-a82f-9ac92f389e63
2129,2020,USF,MDF,ALLEN,1,3,1,1034.795,5c7d46b9-bcc3-4c58-b64a-7b3b3be2fc24
2130,2020,DOD,MCP,INDIA,9,8,1,959.2821,f2923e47-d9f6-4de5-81ff-0ff119162871
2131,2020,CDF,BTU,1-12,1,1,1,946.5836,555ed669-d6cd-452d-bc7e-86c879591aa7
2132,2020,CDF,BTU,5-4 POTTERS ,1,1,1,925.4019,26eadf87-09fc-43a6-82d0-743236be21d6
2133,2020,USF,PNF,ADAMS,1,2,1,901.6728,8835b807-654f-4fca-a367-d0fac56816e2
2134,2020,CDF,BEU,BITTER,10,1,1,895.4044,8854affe-5f76-49e4-a0c6-f79478f120c8
2135,2020,USF,SQF,SHOTGUN,1,3,1,840.8506,2a7bbf1d-e90a-4965-a5ac-a48fe4ac3f45
2136,2020,CDF,MEU,CREEK,10,7,1,834.2442,293dd770-58b7-4180-b082-18a2881bd229
2137,2020,CCO,VNC,LIME,14,7,1,802.5537,552a92f1-4978-47b4-824f-f8cd9d9b8ca6
2138,2020,CDF,MMU,COTTONWOOD,10,4,1,788.082,23248d98-3251-46c5-bcef-87d171f68133
2139,2020,CDF,AEU,CLAY,3,1,1,740.1123,38feb277-dc88-4770-99eb-85257cdadb05
2140,2020,CDF,TGU,ELK,1,1,1,730.4814,a53ab83c-50b1-499c-acf2-4607300ef314
2141,2020,CDF,NEU,JONES,1,3,1,705.546,c62de5c3-d7f1-4d16-924a-4add4956ca7b
2142,2020,CCO,SBC,DRUM,2,1,1,695.4706,8d8e24fc-5734-426e-9767-9b60c5e44f2a
2143,2020,CDF,NEU,AMORUSO,2,1,1,685.585,2b0c802d-135b-42ce-bc87-b7120507e859
2144,2020,USF,SNF,BULLFROG,14,7,1,654.6398,8fae65c8-af0b-4354-929b-951e827e8e13
2145,2020,USF,ANF,ROWHER,7,7,1,648.1807,d7f30266-2122-4288-b56b-f82482116036
2146,2020,USF,SNF,TRIMMER,14,8,1,593.8648,7d82ef51-58d7-4b09-ba00-79064ac4b4a7
2147,2020,BLM,NOD,R-2 TRUMBULL,1,1,1,576.6608,0f9aea2e-97d1-4459-b12a-4f03c6f1c799
2148,2020,CDF,LNU,SITES,14,1,1,569.5134,80878927-28b6-4101-b09b-98187f5fdb48
2149,2020,CDF,SLU,LAKE,10,1,1,567.0063,56518b97-74e3-412e-924b-34ac9b825267
2150,2020,BLM,NOD,R-8 PINECODE,1,7,1,566.4945,14ab619d-dbb8-41fe-8894-c3e21d06f8fc
2151,2020,USF,LPF,COLEMAN,14,8,1,562.9138,687dcf72-2d70-4850-aa27-b77ce0ec3617
2152,2020,CDF,SKU,BADGER,10,1,1,557.3061,467322fe-dd10-4809-b3f6-7984bf8fb197
2153,2020,DOD,BEA,PAVE PAWS,11,1,1,532.7733,52d62c59-a023-4549-97e7-a037d481614f
2154,2020,USF,SNF,HOG,14,6,1,527.4882,c3c7b2ac-3b39-45a8-af46-8613c678b53f
2155,2020,CDF,AEU,MEISS,9,1,1,509.1472,a86df86b-6472-4701-9aec-c7f65c8f5ca6
2156,2020,BLM,NOD,R-5 SNOWSTORM,1,4,1,471.722,5378827e-f3fc-4bc6-8674-832e5a8fdf93
2157,2020,CDF,SLU,AVILA,14,1,1,434.291,0a51319a-dd56-41fb-a9b5-3a34f4a0a5eb
2158,2020,BLM,CND,SODA,1,1,1,421.4699,98e40952-5902-4f24-ab6a-6c39d925c7ba
2159,2020,USF,SHF,HOBO,11,8,1,413.5251,bc0f7f0e-c2c5-4ca0-b426-3150f46d59f2
2160,2020,CDF,MMU,HENSLEY,7,1,1,398.4815,10f2d536-cb10-4e01-a070-d966dcf71b63
2161,2020,DOD,BEA,VALLEY,14,1,1,376.9104,616f85cb-f006-4a34-a69b-f8db9ed74db5
2162,2020,CDF,SCU,PARK,2,2,1,342.5213,e4d0adbb-545d-4ff0-99cf-0efef4166c89
2163,2020,CDF,SHU,PLATINA,9,1,1,339.4666,f3887400-c07a-46c4-a4a7-2e6c000b2e7c
2164,2020,CDF,BEU,RICO,11,1,1,338.1396,65719965-711b-45d7-a641-daa2b377ce9b
2165,2020,USF,LNF,STUMP,14,8,1,325.4124,a1ce68b1-8cc5-4136-acdc-e54479f50e0f
2166,2020,CDF,SLU,PASS,10,1,1,323.1761,0365a6bb-9a99-45e0-aee3-52724d049a8b
2167,2020,CDF,SLU,WHALE,1,1,1,322.3367,b69177ed-2bc0-4e55-8988-62c6523889d1
2168,2020,CCO,LAC,RIDGE,14,7,1,320.8393,bd59bf32-1f31-4bc4-8f42-482e49034334
2169,2020,CCO,VNC,ELIZABETH,14,6,1,298.9597,184a1117-fea2-48e8-8799-9136100507ca
2170,2020,CCO,LAC,JOHNSON,10,1,1,291.9492,9e7d0b20-cb29-4f28-8eec-f93dd216136a
2171,2020,CDF,TGU,4-8,1,1,1,278.01,48c6840e-88d7-4d65-9061-69f5562b427e
2172,2020,CDF,SHU,POINT,9,1,1,276.6583,dea4033d-f79d-4fb1-adae-0684953cc2b6
2173,2020,BLM,NOD,W-4 TERMO,1,4,1,265.5839,ad35b333-7ab1-42da-ab51-ee151a0d751c
2174,2020,BLM,CND,BEND,14,7,1,264.3114,2e74dd27-e116-4b44-86c1-e5d5709547e2
2175,2020,CDF,BTU,5-6 CASCADE CREEK,1,1,1,260.1756,79d1b277-be58-440c-a5c7-d81e880e6437
2176,2020,BLM,NOD,R-1 MAPES,1,4,1,258.9581,132aac41-0c04-4e91-a563-d346ff9746f6
2177,2020,BLM,CND,AURORA,1,7,1,238.2839,67ef290b-75b2-4cc9-969c-dbb807a94844
2178,2020,USF,ANF,MARTINDALE,14,3,1,233.3453,e0d13c5a-fd03-40b9-afd2-24e0db94e09d
2179,2020,CCO,KRN,SHEEP,14,1,1,233.0561,09bcaf2a-cffa-4997-9c1e-cd47c4b29607
2180,2020,CDF,BEU,BRADLEY,2,1,1,230.3548,e36447aa-ad71-4f87-8e2d-0891160d6f0f
2181,2020,USF,SHF,SPRING,1,6,1,228.8344,13e204b4-9f2d-43c7-9cf4-78a866a48105
2182,2020,USF,ANF,DAM,14,1,1,226.3658,dc12bb58-8cb5-4b3a-adc9-29aead3a988f
2183,2020,CDF,TUU,SPRINGS,10,1,1,223.8869,00832134-d97c-496c-8b7b-01b3bf162b39
2184,2020,USF,MNF,BASEBALL,18,8,1,215.5255,4b6c9786-9222-432a-9698-21a3c3b72404
2185,2020,CDF,BEU,BITTERWATER,11,1,1,210.5436,767c4a74-0df1-4617-a124-5b88b0b746f1
2186,2020,USF,ANF,TEXAS,2,3,1,209.9507,3f218d30-493e-4653-b7bd-84bfbf65fb98
2187,2020,NPS,YNP,NORTH WHIZZ DOME,1,7,2,199.9823,d750cf90-59b9-49fc-97bb-078b66804887
2188,2020,BLM,NOD,R-3 SKEDDADLE,1,1,1,197.5077,02650345-a580-432d-8171-ecdf8d5da2e6
2189,2020,CDF,NEU,DYER,8,1,1,194.6603,1eac213a-555e-4ac1-a245-fae34a39ae1e
2190,2020,CDF,BEU,HUNTER,4,1,1,194.558,35855d31-aacc-4d5b-9d54-9fe18ba58fef
2191,2020,BLM,NOD,R-3 LITTLE FREDOYNER,1,1,1,187.3438,8430ca4c-2992-4767-9dd4-07bb44d13513
2192,2020,CDF,SLU,CARRIZO,10,1,1,184.9174,a91063af-2916-4356-9faf-9f8573a2ae3c
2193,2020,USF,BDF,BROOK,9,8,1,183.2128,06baa430-f549-48a5-b1ce-877001d0fc40
2194,2020,CDF,TGU,BEEGUM,18,2,1,181.4404,2b908fd8-34da-436d-a87a-f2d8f234a1fb
2195,2020,CCO,LAC,CASTAIC,14,1,1,178.3116,e73d127c-f13b-4f66-a195-5dbb7993e26b
2196,2020,BLM,NOD,R-6 TUNNISON,1,7,1,175.148,37beb3a1-2cf3-4152-85e6-57ec27be4600
2197,2020,CDF,BTU,1-7,1,1,1,174.789,d86a2aa1-31ab-4594-8247-5904ad53b724
2198,2020,CDF,BDU,BRUDER,14,1,1,169.5485,e9c9e53c-998e-4401-8edf-cde8319b983f
2199,2020,CCO,KRN,BAKER,14,1,1,165.1797,f88071c9-3c62-4bf2-90db-67986163bddf
2200,2020,CDF,LNU,LAKEVILLE,2,6,1,159.6805,bb6a5649-44ee-42c9-86a4-ab5c0a069e7a
2201,2020,CCO,LAC,ELSMERE,14,8,1,159.2057,915073f1-2054-4ad5-9e06-97fa3bd1e569
2202,2020,CDF,MEU,MINA,4,2,1,158.8692,31543747-ad35-4e7e-9eb1-6fefd2a1583d
2203,2020,CDF,SLU,TOPAZ,2,1,1,157.1149,54c7886d-12eb-4766-9e46-eab7901f8000
2204,2020,CCO,SBC,HOLLISTER,11,1,1,157.0178,c217cde5-c5ba-4bb2-9b65-1617af0e8717
2205,2020,CDF,TGU,GRIZZLY,14,1,1,155.273,306973f8-4375-4ac4-8c65-c20e13127745
2206,2020,CDF,SLU,SODA,2,1,1,152.5866,7d9bf544-4a6a-4cf7-8a46-39627ee22ea2
2207,2020,CDF,MMU,POWER,11,1,1,151.5495,bacb687d-04a8-48ff-aed1-6f1b64310f34
2208,2020,CDF,MEU,VINEYARD,2,1,1,150.4945,7cfb3d50-a449-48a0-8c97-51415b3adfce
2209,2020,CDF,LNU,HILL,10,6,1,139.1295,984a510c-7fbd-4ff5-94cc-6c643a421d46
2210,2020,CDF,BTU,AVOCADO,14,1,1,137.5814,eb225844-b020-4a7f-8762-aedce861079e
2211,2020,BIA,HIA,JONES POINT,14,8,1,136.5928,bd4a6f4d-e3eb-419d-80b9-076750385b23
2212,2020,CDF,SHU,DERSCH,7,1,1,133.2995,997c72bf-a0b9-45d7-97bf-92f1a67862ed
2213,2020,BLM,CCD,RAILROAD,1,1,1,131.8772,3d916f60-49ea-443f-b784-2f0153046b60
2214,2020,BLM,CDD,SMOKETREE,8,7,1,129.9944,14feee60-4f6e-4ae8-b614-5ea114ab8474
2215,2020,CCO,LAC,SAN DIMAS,7,7,1,128.1708,c36cc112-f859-4607-bff1-3c7256eeaf11
2216,2020,USF,INF,IRIS,1,8,1,124.9983,a56f2731-315d-4ff6-b973-2146ccf26aba
2217,2020,BLM,LPF,166,14,1,1,120.7202,2c26ddc5-1916-402c-bdf1-a3f853654a17
2218,2020,CDF,BDU,PITZER,9,1,1,118.7805,7b949512-3699-489c-8517-7de95dce1d44
2219,2020,CDF,TUU,FORKS,15,1,1,117.2348,92995830-5df8-484a-b56c-d101d7b07b84
2220,2020,BLM,CND,BASIC,1,7,1,116.1777,e5614496-8cab-4aa0-875c-c4ead43d9361
2221,2020,CDF,NEU,NELSON,11,1,1,109.6023,c788ed6f-7fa8-4d06-b7f2-ffd91e3c3bd3
2222,2020,CDF,BTU,CLARK,14,1,1,106.785,db64676b-4216-4d0e-b3eb-df7b98eed9ac
2223,2020,CDF,BTU,NELSON,14,1,1,103.3316,727d05c3-e737-4955-8549-8f0615ab710a
2224,2020,BLM,CDD,ELLIOT,14,7,1,102.6417,7054a9c3-594d-4798-9be3-9b156a04a583
2225,2020,USF,TNF,ANTELOPE,5,8,1,101.7666,b03f0da5-2abc-492e-b905-a0a86f753eef
2226,2020,CDF,HUU,REDWOOD,2,1,1,101.4003,5fbf6d60-fcb0-4eb3-91b8-30db9d8029f5
2227,2020,USF,SQF,MESA,14,8,1,100.5549,52766632-17fd-44c8-ab13-bf262db6c570
2228,2020,USF,ENF,POINT,14,8,1,93.22421,c00e4c83-ed6d-4b7d-b376-025ce13fb089
2229,2020,BIA,HIA,MP 21,14,8,1,93.0484,abe705be-c221-4404-8b89-b784cf471f51
2230,2020,CCO,LAC,ROCK POOL,14,7,1,92.71667,ae0a7241-76e8-4242-a119-6ca633103a68
2231,2020,CDF,BTU,1-8,1,1,1,92.39507,f93f7e45-c177-46fd-ae3f-3c2a9d2f68bb
2232,2020,CDF,RRU,CASINO,7,7,1,91.579,db7fbb9e-ec80-427a-af1b-06a1d5052e9a
2233,2020,CCO,KRN,WOODY,14,1,1,90.52191,2ef02dc4-eb13-4049-90e8-e6b9a9537001
2234,2020,BLM,CDD,STANDING ROCK,14,4,1,90.21207,337159ac-3f9d-4cf1-8438-d876e088ec52
2235,2020,CDF,AEU,LIBERTY,5,1,1,88.69255,5a96cc52-f0bd-4b4a-bbaf-5f2d672b93bf
2236,2020,CDF,BTU,HONCUT,14,1,1,88.18584,6a2a14ac-b374-4078-9d76-b9150f4e3b28
2237,2020,CDF,LNU,SALT,10,6,1,86.66375,e9146308-43e7-4c45-9d97-3f7c388a2c99
2238,2020,CCO,LAC,EQUESTRIAN,11,1,1,83.61877,611930d2-b911-46cb-bc2a-480999718452
2239,2020,USF,LPF,RIDGE,10,7,1,82.71301,c52c740a-9016-41d7-a0ab-054fdc6c295d
2240,2020,CDF,MMU,HUNTERS,2,1,1,82.1401,bbe98aec-bd02-4d28-a961-13092372570d
2241,2020,CDF,MVU,SKYLINE 3,14,1,1,79.95433,c446d452-bce4-4787-ae7f-d74759a589bb
2242,2020,BLM,CDD,BARNES,14,4,1,79.4174,ca51ad95-9d1b-4b01-8fa6-c5273255310f
2243,2020,CCO,SBC,VIEW,11,1,1,77.05924,0a5ed0a9-02b5-41c0-ad40-e35d3d4359f5
2244,2020,CDF,NEU,DULUTH,10,1,1,71.94994,af57c6d6-c2df-474c-b19f-b3e0026bf5ca
2245,2020,CDF,MVU,BORDER 7,14,1,1,70.65142,a3445600-b06c-44fb-9a88-a804ce606538
2246,2020,CCO,KRN,COMANCHE,14,1,1,66.15605,06a12bce-5de7-470d-b752-60c35323838e
2247,2020,CDF,FKU,KINGS,2,1,1,65.94609,07ab4b09-122d-43f8-a7b4-03816713aa7b
2248,2020,CDF,MEU,3-19,1,4,1,65.00854,2c7e7872-3dd9-4ffc-9019-d391c61ed423
2249,2020,CDF,SLU,II-2,1,1,1,64.87589,47167c46-a3e8-4fae-8c4f-e5ee4b896d94
2250,2020,CDF,LNU,POPE,10,6,1,64.28315,cbf1b9ca-4462-4987-8f3e-4c73f4d9e533
2251,2020,BLM,CCD,HILL,1,1,1,63.22726,ad007a60-5ea1-49ed-b8af-c8817899cc1a
2252,2020,CDF,BEU,AIRLINE,7,1,1,62.40783,3c1eccaa-341d-48d5-87dd-c099c972a3ff
2253,2020,USF,SHF,FLAT,10,7,1,62.04057,a92d73b9-6a20-4e8e-b2dd-5e762625ca2a
2254,2020,USF,BDF,MOUNT R,2,1,1,61.77013,69830d96-b736-4fc2-bf56-c82e8e21837c
2255,2020,USF,LNF,H - 8 WELL,1,1,1,60.99067,9c6001cf-8ee7-4d95-a8c0-21b0203278e4
2256,2020,CDF,MVU,BORDER 11,14,1,1,59.76928,1a45e607-ddd2-47d7-a54b-bfc6a272bc7e
2257,2020,CDF,RRU,TRIPP,2,7,1,59.73152,9cc43c13-015d-43f2-b119-f146320c736e
2258,2020,CDF,MVU,WILLOWS,14,1,1,58.15114,20556f77-014b-495d-b9e1-e2944af94f2e
2259,2020,CDF,SHU,BAR,5,1,1,57.78563,1c2f7a71-7240-4bd6-bea9-a6a8f008f16c
2260,2020,CDF,LNU,PARISH,14,6,1,57.63135,7abd47ae-31bf-4d07-9876-1ec9e59cb9ff
2261,2020,USF,BDF,EASTON,7,8,1,56.79852,64df8df8-a098-457c-afa2-9feb13ee4058
2262,2020,CDF,NEU,FIELDS,5,1,1,55.32843,319d636a-f276-48dc-8618-c2a9703dc3b5
2263,2020,USF,PNF,COPPER,1,7,1,54.70824,1d9b61f2-aaf9-46ec-8fe7-311cac60bb40
2264,2020,BLM,NOD,WOOD,5,6,1,54.35728,286b68aa-9f3c-4f03-b79b-5806eb97fc0b
2265,2020,CDF,SLU,PLACER,2,1,1,53.15897,1f1d0a78-d1b9-454f-b35b-d8ef09def55f
2266,2020,USF,KNF,LITTLE SODA,1,8,1,53.08945,fd7d9785-a45c-4768-a9e6-8d33e30e9e47
2267,2020,CCO,KRN,LILAC,14,1,1,52.84681,09868f7e-cb5b-4ea6-8379-7c628f27101d
2268,2020,CDF,BEU,STAGE,7,1,1,51.16013,4620ba0c-23eb-4aa7-8127-55a40f7cbcb6
2269,2020,CDF,BTU,GARDEN,2,1,1,49.00878,638a8055-c886-49c9-905f-9be17280427f
2270,2020,CDF,MMU,BEN,11,1,1,48.12535,b06175a2-00bc-4d71-995d-a0795bd10811
2271,2020,CDF,RRU,SKYLINE,14,1,1,47.93214,274ea0a2-de6c-4d5d-bb96-202589ae0c3e
2272,2020,USF,TNF,BAKER,5,6,1,47.61832,59750278-ccd1-462e-928d-0a5731406eee
2273,2020,CDF,SLU,HUASNA,5,1,1,47.4296,ae822d7b-3e9d-4757-bb82-9311f57ae699
2274,2020,CDF,BDU,MENTONE,10,6,1,47.27253,216d8028-84dd-4f2a-8f32-dfe6dc6298ee
2275,2020,CCO,LAC,WEST,14,1,1,46.83757,53d11bbe-106b-487c-8db0-ee8fdb8a04f6
2276,2020,CDF,AEU,COPPER,3,1,1,46.58341,f11fe23a-add0-41d3-be62-5a08a5b26ae1
2277,2020,CDF,MVU,VOLCANO,9,1,1,46.38861,2b568951-6977-4c19-8aa2-c7ffcde2653c
2278,2020,BLM,NOD,R-5 DRY,1,1,1,45.45549,d7a469ea-99fe-4eec-a5ab-58f692648631
2279,2020,USF,STF,BELL,1,1,1,44.9006,d646622a-616a-4e39-9b2a-fa2f1f80d2ed
2280,2020,CDF,LNU,CACHE,4,6,1,44.79775,1e4fd113-5b4a-485d-abf2-9b2905a61c39
2281,2020,CCO,KRN,SHERWOOD,14,1,1,44.59859,83cbf8a7-2da3-44f5-b484-1aab140b1372
2282,2020,CDF,FKU,HILLS,9,1,1,44.13896,c71cd30c-3d45-4002-b105-8159e1e37c53
2283,2020,CDF,BEU,FRUDDEN,14,1,1,43.21143,c23f4e11-9304-4b54-9f60-cf823b4a5a7e
2284,2020,FWS,TKR,TULE,2,1,1,43.19823,c73a24c1-eb02-41c3-a09c-b57f6e951533
2285,2020,USF,INF,PUMICE ,1,8,1,43.0267,ab4a1f07-effd-4338-92fd-23dbc1baf8fe
2286,2020,CDF,FKU,DEN,11,1,1,42.87516,9df7a40c-131c-4cfd-bba5-d9f39f34924e
2287,2020,BIA,CRA,AHA MACAV,9,8,1,42.10368,98af26b3-145f-4cca-b43c-0bd8d99893f9
2288,2020,USF,SHF,GIBSON,9,8,1,41.67092,46d8e1aa-adfa-41ac-8888-12742ffd14fb
2289,2020,CCO,KRN,FLAT,14,1,1,40.12797,2048da90-b1b9-4721-bfa8-140940515888
2290,2020,CDF,BEU,JOHNSON,14,1,1,39.91976,a0346a5a-b902-4f46-89a7-0661c1e221e3
2291,2020,CDF,NEU,WATT,14,1,1,39.86606,1df92c88-f157-4f05-a5a0-2189608e603f
2292,2020,CCO,VNC,PERKIN,14,7,1,39.82645,8de770e1-bb5e-402c-9073-7e83520e4524
2293,2020,USF,PNF,FEATHER,2,1,1,39.70483,d5d7a424-9fe2-45e1-863e-69a7f386922e
2294,2020,USF,BDF,PITMAN,2,7,1,39.66626,1a64328f-0344-4830-a706-a84a988508f4
2295,2020,CDF,RRU,SIERRA,8,1,1,39.05026,0797b261-e302-4ee3-90cf-4f393dc81696
2296,2020,CCO,KRN,JOHNSON,14,1,1,38.07296,7e48830e-4fa3-454f-b8a3-bbb5a07d3c69
2297,2020,USF,PNF,IRON,1,7,1,37.90358,87f27093-f730-41cf-98ad-ac26ac6b7943
2298,2020,CDF,SKU,SHACKLEFORD,14,1,1,37.65027,1fd9ac46-aa2b-4b56-82ef-8fb02de58bc1
2299,2020,CDF,SKU,SCHOOLHOUSE,14,1,1,37.06404,dd043fa2-4a9f-4c1e-a976-c36d9b80e2f1
2300,2020,CDF,NEU,PFE,14,1,1,36.70193,c8327070-f32c-4d1f-9773-cb7cdbdc37ac
2301,2020,CDF,BDU,GREEN,9,1,1,36.14019,f2e8f7bb-caeb-4e09-8f6e-c665b814dc8a
2302,2020,CDF,RRU,WATER,14,7,1,36.02038,1a65cffb-e07f-4a66-ac2b-7289a439af99
2303,2020,BLM,CDD,ORANGE,14,6,1,35.97919,8fd6e285-8734-4e80-8a73-e4e237e11173
2304,2020,CCO,KRN,VISTA ,14,1,1,34.71796,bb7d1ae0-db52-4056-8480-673f8e7e769c
2305,2020,CDF,NEU,WILLOW,5,1,1,33.97389,7f3c1b54-3b47-4490-9ec7-1b6cb965aea1
2306,2020,USF,LPF,33,2,1,1,33.6675,c4fae761-25d7-4cab-a621-2cf0338850fa
2307,2020,CDF,SLU,JUAN,11,6,1,33.28214,af3fa603-d95b-444a-85fa-443ade830f3a
2308,2020,CDF,BEU,METZ,2,1,1,33.09181,c4728a82-d155-4c36-a85c-03bcaefb2761
2309,2020,CDF,SLU,GAGE,2,1,1,33.05524,0da4aabc-d0a7-4600-ad4b-5d9768f2b4e9
2310,2020,BLM,CDD,CIMA,14,1,1,32.43561,8338bc30-a10e-4720-b098-2a50903d72d3
2311,2020,CDF,BEU,CIRCLE,8,1,1,32.20207,830ba91e-21b9-4b81-8fa1-680ea668c9cb
2312,2020,CDF,FKU,GATOS,2,1,1,31.95898,08f3205d-5fb8-4e77-a2f2-24a7734a9d29
2313,2020,CDF,BTU,GRAND,14,1,1,31.06108,b258c0ce-2209-4848-8f5a-3c626f490e25
2314,2020,NPS,YNP,HORSE,1,1,2,30.1925,bdcbab7d-0ae2-409a-8f80-d3e5be61dcff
2315,2020,CDF,NEU,KARCHNER,2,1,1,30.02494,9ff5cd72-f3b8-42e7-a0b8-c4c757889674
2316,2020,USF,SQF,FISH CREEK,1,8,1,29.7827,392abbce-119c-49d6-a369-cf167edfa366
2317,2020,CDF,RRU,INDIAN,9,1,1,29.49193,b36fdda4-1d08-49a3-9250-bba2ce8786b7
2318,2020,CCO,SBC,KIRSCHEMANN,2,1,1,28.75139,0610c330-995e-4067-961e-e6f7ff6d918f
2319,2020,CCO,SBC,TWITCHELL,1,1,1,28.68455,3ad7ae6c-7337-4ea2-8f50-1f4de5bb9ed0
2320,2020,LRA,NEU,SIMPSON,14,6,1,28.57458,6e09798e-0f58-44ea-91c2-8b3c3794b98c
2321,2020,CDF,AEU,CRONAN,2,1,1,28.27121,dbf23596-7b04-47b2-a0e5-e18cbba90f74
2322,2020,CDF,LNU,MOUNTAIN,11,6,1,28.20186,390674ea-77a0-4fcf-be09-d7376ffae25a
2323,2020,CDF,BEU,VISTA,11,1,1,27.80219,7d59d84a-25ea-47cf-b607-b3e013c036b4
2324,2020,CDF,BTU,2-26,1,1,1,27.64174,99f60768-7df9-4663-b494-d7fa1263c157
2325,2020,CDF,NEU,ATHENS,14,1,1,27.30048,e5e142bc-13dd-4498-a9fb-3f4f749f9654
2326,2020,CDF,FKU,SUTTER,11,1,1,26.95898,7e9a5f29-8a1f-4159-9311-338a945802f8
2327,2020,CCO,LAC,PEAK,10,7,1,26.72971,fed2aa43-a610-4ab4-8137-47be073058df
2328,2020,CDF,FKU,SYCAMORE,7,1,1,26.59245,6ea08855-cabb-464e-8e07-c8c67a4bd8a4
2329,2020,CDF,LNU,STAGE,11,6,1,26.56782,57d15160-873d-4174-b0b4-55a2b4149118
2330,2020,CDF,TGU,RED,5,1,1,26.40666,28d6ae8d-fc62-40fb-ab60-56628d760c72
2331,2020,CCO,SBC,LITO,9,1,1,25.82244,5481d9fc-9da3-4a9a-be85-268cf4ad2f1b
2332,2020,CDF,LNU,LYONS,10,6,1,25.58551,4d4f5c49-e23e-45bc-adb0-cd1844fe70ac
2333,2020,BLM,NOD,HORN,14,1,1,25.20167,b271ae92-c33a-4816-adef-d9c075df4e5a
2334,2020,USF,PNF,BIRD,1,1,1,25.04811,e444b460-4a4f-40d7-a1c7-d0f22feaf8d9
2335,2020,CDF,BEU,CROSS,2,1,1,24.49597,b3999551-8ddb-4cb2-a210-81f49ee58e35
2336,2020,CDF,SLU,BERRY,2,1,1,24.21436,4423ae4b-36c2-4b52-ad74-27ed9c0231a0
2337,2020,CCO,ORC,PARK,14,1,1,24.09784,fbae12b2-a38d-4ea6-9017-4ec321bec1a0
2338,2020,BLM,CND,STANDARD,14,1,1,23.77994,6e4fd42d-3df8-4323-9a6c-41f55d88146e
2339,2020,CDF,SKU,MINER,14,1,1,23.13611,2d0ea510-2661-4b85-a0c5-d2406d233732
2340,2020,CDF,SLU,HUTTON,14,1,1,22.70941,a7cf8fca-d57e-4d61-9055-12702d942fab
2341,2020,FWS,MCR,SANDY,10,1,1,22.68961,df8ae534-386f-4681-8fc2-7a2de6c5a968
2342,2020,CDF,BEU,COPPERHEAD,2,1,1,22.66812,e5264198-4dfa-4673-ab4a-d0f91601804b
2343,2020,CDF,NEU,FARRIER,8,1,1,22.6343,0294d014-00dc-465c-b2d3-b8d37542deb9
2344,2020,CCO,VNC,KUEHNER 2,14,4,1,22.42503,7a785964-8c2e-4f72-922a-da5c6c8004a6
2345,2020,CCO,KRN,WATER,14,1,1,22.27073,ef5fbdab-6331-4930-a93f-64a3af146052
2346,2020,CDF,LNU,CATHOLIC,10,6,1,22.23492,74e43a3a-9cca-40ba-b4fc-2f11811be0b3
2347,2020,CDF,LNU,BRIM,9,6,1,21.9246,807d500f-d8b6-42e6-a08b-710c110a53a7
2348,2020,CDF,LNU,DUNFIELD,5,6,1,21.91274,cc360172-1140-4409-adf4-754922fc4c56
2349,2020,BLM,CND,PINEY,2,1,1,21.87061,cc11d963-983d-4458-81f0-7a2026580b15
2350,2020,CDF,AEU,LAMBERT,9,1,1,21.81627,63ed7489-c04e-4196-b460-0751ac83cb12
2351,2020,CDF,BEU,JULIUS,11,1,1,21.76851,70f4ef20-b348-4de8-894b-30ca33d56a34
2352,2020,CDF,FKU,FRONTIER,7,1,1,21.7087,b5b4938b-420a-4d29-a743-314ad5b864ec
2353,2020,CDF,BTU,2-28,1,1,1,21.37203,23104118-0cc7-4832-83e7-9ca1544734b5
2354,2020,CDF,LNU,KIRKLAND,11,6,1,21.10397,eac7abaf-771d-4254-b717-7f9540ffe9ff
2355,2020,CDF,FKU,TAR,1,1,1,20.48829,adab681b-f293-4ca0-8e54-9bd26449c967
2356,2020,CDF,SLU,III_2,1,1,1,20.435,b0c753e4-99d3-449a-a854-8d5af5406bf8
2357,2020,CDF,LNU,INDIAN,14,1,1,20.42734,e1cfdedc-25a2-44b2-b049-22310ec99466
2358,2020,CDF,CZU,COAST,7,7,1,20.2083,3d63d4b6-bb20-41fb-a133-3d49d7958f90
2359,2020,CCO,KRN,BLUE,14,1,1,19.94945,c3a3c8b7-1a74-411e-aa5e-ea3e24cf32d1
2360,2020,CCO,SBC,CLARK,7,1,1,18.82918,d67b6b1f-59c6-4cdd-85da-86ec6e25e94a
2361,2020,CDF,SLU,CRESTA BLANCA,10,1,1,18.42477,1c6eb8b0-7c31-4fcb-9336-1e4184a28c76
2362,2020,CDF,BEU,BROWN,11,1,1,18.3533,4f8d62db-5e98-489d-80eb-0a59972f9653
2363,2020,USF,SHF,BALD,1,6,1,17.9241,8cc24c5c-50a2-495b-8aa6-4f1468bdda55
2364,2020,CDF,LNU,SIERRA,10,6,1,17.90481,7a9e1cc1-5eda-4e7f-bf86-f05ca988862d
2365,2020,CCO,SBC,BALLARD,14,1,1,17.29714,8f0bd20e-7023-44be-937c-96a66b40d9a4
2366,2020,CDF,LNU,SPANISH,2,6,1,17.29441,1820a1fd-f2d7-4d30-bd9f-d732742f475c
2367,2020,CDF,SHU,RIDGE,10,1,1,17.10545,5807a79d-4414-4df5-be7c-70a113058172
2368,2020,BLM,CRD,POWER,14,1,1,17.04566,396140fa-db14-4d89-995d-9565e1e90d03
2369,2020,CCO,MRN,DEVILS GULCH,1,1,1,16.94518,b3e5d034-8815-49a2-9c07-d4306e153a33
2370,2020,USF,ANF,LAGO,2,8,1,16.89021,d6f8327d-9b90-48aa-a60f-ddf9a18c7515
2371,2020,USF,LPF,GIFFORD ,10,7,1,16.80192,cd4c29c0-422b-4241-ba52-bfc19e77355c
2372,2020,CDF,SHU,LEOPARD,7,1,1,16.629,e8fd91ee-e28b-4384-a41f-96862225408d
2373,2020,CDF,RRU,OAKS,9,8,1,16.56991,0a112215-aa34-483f-a4bc-94b71cf3a12f
2374,2020,CCO,LAC,VISTA,14,4,1,16.15369,2852c590-4e01-445b-b709-4ada2cba6ae1
2375,2020,CCO,VNC,MEDIO,14,7,1,16.061,35e50a18-b718-4d73-b602-caaa838fd8f5
2376,2020,CDF,NEU,LOCUST,5,1,1,15.85951,36d5ab40-21c0-4f99-99d6-c411e31b01a6
2377,2020,CDF,SHF,FRANCISCAN,2,1,1,15.77986,7043e898-d54a-4510-8a36-28347567ae20
2378,2020,CDF,SHU,PINES,9,1,1,15.73703,31253496-fa52-47f7-aeee-35128a721d96
2379,2020,CDF,SLU,RIATA,2,1,1,15.23254,0e4322df-741c-402d-a9e1-3e07e5d551b1
2380,2020,USF,BDF,ADOBE,4,8,1,15.18358,cd93f3d5-ba95-4b95-b1a7-ae70a2d538a4
2381,2020,USF,SHF,BROCK,1,6,1,14.98823,018bf1b3-65f5-4a82-ad47-f541b604aed2
2382,2020,USF,LNF,L-2 YELLOW,1,8,1,14.90405,c81e50ac-7762-4d28-93c2-a22cc30b0580
2383,2020,CDF,BTU,FEATHER,14,1,1,14.74074,bd7069df-dacb-4833-8c0e-1c0a31ed329d
2384,2020,CDF,SKU,JENNY 2-3,1,1,1,14.63708,231461e9-28fa-4512-8693-e57d4f29d929
2385,2020,USF,MNF,NAIL,14,8,1,14.59024,78e653f6-a7ca-467b-b7db-ad6fee4861b2
2386,2020,USF,SHF,BRIDGE,1,6,1,14.58706,17fa07a9-1beb-4108-8ffe-cdc11bbd9eef
2387,2020,CDF,AEU,CAMERON,10,1,1,14.42604,928d5907-b06e-4d19-8510-27f2907813d4
2388,2020,NPS,MNP,BULL,10,8,1,14.08969,26b41f4a-d177-427b-8e12-281231405a46
2389,2020,BLM,CDD,PARKER DAM,9,6,1,13.9922,fff68da9-3913-4802-948f-bc5559938afc
2390,2020,CCO,LAC,ACTON,9,1,1,13.84105,c8f2251a-c4ca-4027-9c13-ec889b3cfd0e
2391,2020,CDF,SKU,TOWNSEND,5,1,1,13.73043,231490dc-ebcc-4e57-8f33-be9c3d5082e5
2392,2020,CDF,NEU,RIOSA,11,1,1,13.69472,cbe96dfe-afe5-443f-9d76-95f9e3c06287
2393,2020,USF,MDF,FLAT,14,8,1,13.64789,be49f76d-8d61-49ac-b442-e140ea30249f
2394,2020,CCO,SBC,DUTARD,14,1,1,13.63339,e830ac5c-0124-4ab8-bdb9-2def48de9a7b
2395,2020,CDF,BTU,TEDDY,14,1,1,13.27956,29a5c438-1d12-4b8c-ac08-bad5e5a8dd58
2396,2020,CDF,SHU,ROSA,5,1,1,13.27444,7be98f95-3103-4266-b4dd-48ec3aaf9c20
2397,2020,CDF,AEU,MURPHY,11,1,1,13.25112,af33e7e1-d0c0-4678-a0f1-a4a215a8a5e6
2398,2020,CDF,FKU,TODD,2,1,1,13.09678,4046869e-357d-4a77-91c9-7363919b50e8
2399,2020,USF,CNF,SOUTH MAIN,18,6,1,13.00808,5dec798b-5706-4f8f-ad81-a6273cf9ed93
2400,2020,CDF,NEU,FLEMING,9,1,1,12.93155,8942911c-fd8a-4f22-b65b-75589661cafa
2401,2020,BLM,CDD,MYER,2,1,1,12.8949,fb328f3f-4391-47b0-ab44-e4950e398bb0
2402,2020,CCO,LAC,QUAIL,5,1,1,12.85847,a6a6bcbd-461f-44d5-b041-c5df5f05777a
2403,2020,CCO,LAC,RAYBURN,14,1,1,12.39058,2525af72-93b4-4e12-9f1e-6953ae8625d7
2404,2020,CDF,BTU,1-11,1,1,1,12.20918,58fefd6d-5afb-46e2-8d7f-4c39b6cf9743
2405,2020,CCO,SBC,GAREY,2,1,1,12.15279,e6ffabe8-4137-424c-bfd5-8655239760cc
2406,2020,USF,HTF,MURPHY,14,1,1,12.08647,2424732c-7246-47a5-9f9e-43b2f15403b0
2407,2020,CDF,LNU,URSULINE,2,6,1,11.93184,d613a6af-734d-4da4-9c55-7b1902d48406
2408,2020,CCO,LAC,3 POINTS,14,1,1,11.78609,569156ea-553b-447d-a1f3-c78763a807c5
2409,2020,USF,STF,QUARTER,14,1,1,11.58482,01978cea-8eff-4359-93c6-6824868750b7
2410,2020,CCO,KRN,RESERVE,14,1,1,11.50082,b6b40eb0-e503-48aa-a79e-3a3e51f52af7
2411,2020,USF,PNF,DAVIS 3,7,1,1,11.43486,1b551ba9-f47d-42be-96cb-cf5e978c62fb
2412,2020,CDF,FKU,THERMAL,11,1,1,11.4255,446f07e1-8976-4419-be57-576ba94d4f81
2413,2020,BLM,CND,LULU,14,7,1,11.38438,f33d7528-23d2-492a-b17e-15a6791cf2d0
2414,2020,USF,SHF,PINE,1,7,1,11.31372,50b59a8e-d227-4539-a0e7-ccc63b637701
2415,2020,BLM,CDD,TRAMWAY,2,8,1,11.13794,6b9c210d-e096-4e2a-beba-f7e26a3ff7e0
2416,2020,CDF,HUU,MINE,5,1,1,11.07413,bafe599c-7133-4844-8357-ae28906ad125
2417,2020,CDF,BEU,BOOMER,14,1,1,10.92989,77a2ecc5-8394-4a7e-b40c-2f789346d262
2418,2020,CCO,KRN,GARCES,14,1,1,10.84567,0e9c9048-00c9-427f-9577-58d9621315fb
2419,2020,CDF,SHU,INWOOD,11,1,1,10.81982,dc7af5f4-1fe3-4ef3-a473-5ca34719ecbd
2420,2020,USF,SHF,HARRIS,2,6,1,10.61657,1e714a27-bbc6-484b-bf14-526573232e45
2421,2020,CDF,BDU,LYTLE,9,1,1,10.51064,95c7627e-66f6-4f91-bb62-5a110835d815
2422,2020,CDF,HUU,BEAR,5,1,1,10.47374,25759790-e040-4dc8-a1c6-37777f601dfb
2423,2020,USF,BDF,KENWOOD,9,6,1,10.37327,5f792b97-881c-4ea3-b2e0-5d63dceb3ef0
2424,2020,CDF,NEU,MELANESE,18,1,1,10.31596,96ea10c1-1a97-4e22-a20c-4061481484a7
2425,2020,CDF,SHU,SPRINGS,8,1,1,10.29982,7076069e-8b26-410d-9ef1-af859cdb5141
2426,2020,CCO,SBC,GATO,14,1,1,10.23549,f422bcb9-d02a-4f52-948a-f30763f1075e
2427,2020,CDF,NEU,WALDO,9,1,1,10.10221,edda12ae-c5c1-4cf4-8edb-3a22e4f89e90
2428,2020,CCO,KRN,CAMELOT ,14,1,1,9.619454,5c48de46-008a-4266-a58c-4557d2ab05df
2429,2020,USF,BDF,RALPH ,1,8,1,9.390384,28c41623-740a-4daa-9fb0-3e9a99d6552c
2430,2020,CCO,KRN,,14,1,1,9.183166,6b159e73-0e9c-4503-babd-53d2c448ad44
2431,2020,CCO,SBC,MOCKINGBIRD,7,1,1,8.885991,b717a520-b6ba-4741-ae9f-2a33c753ddce
2432,2020,CDF,LNU,PLEASANTS,11,6,1,8.70067,19a8c0e9-019a-4986-b439-ab7eb25f7e02
2433,2020,CCO,VNC,GOODENOUGH,14,1,1,8.415433,4089b051-fb85-4bc0-ba11-3948531bbc1d
2434,2020,CCO,LAC,PALM,14,1,1,8.40679,30c879a5-0181-47cf-8fee-cfdf9dbcd36a
2435,2020,CDF,SKU,NOYES 1-14,1,5,1,8.12013,b873acdf-2d61-40e6-8fb6-68ed64c1357a
2436,2020,CCO,ORC,NICHOLS,3,1,1,8.119417,e95fef3f-66ff-4a0d-842b-652cc1c19300
2437,2020,CDF,NEU,SMARTSVILLE,2,6,1,8.089746,c484d1f3-bb72-4797-a09f-eb494cb97f5e
2438,2020,CDF,SKU,LIBERTY,14,1,1,8.055594,4ae9b8f9-da24-4980-bfaa-7e39d323a987
2439,2020,CDF,SLU,RESERVOIR,8,1,1,8.031864,69f896b3-918b-43fa-9434-8669bd88971d
2440,2020,CDF,SLU,CAMATTA,2,1,1,7.910181,fdfebb4e-efe4-4967-bd4e-1a5003fb5fc0
2441,2020,CDF,ORC,WILLIAMS,2,1,1,7.809119,ab13525d-f900-43a6-af34-bf0dd93c0019
2442,2020,CDF,SLU,DELTA,9,1,1,7.60073,14facbc9-6369-4544-8e8a-f1eed8f2c979
2443,2020,USF,BDF,GULCH,4,1,1,7.514976,6a456b85-79ac-467a-a834-f52a7752a4c8
2444,2020,CDF,LNU,MULE,9,1,1,7.356201,d1ee449f-a49d-47e5-82cb-47065d1200dd
2445,2020,CCO,LAC,CANYON,11,1,1,7.26888,d203559a-5690-4966-a07c-74d872880de6
2446,2020,CCO,KRN,178,14,1,1,7.222607,fb9f9ac2-7f87-4fd8-90f8-ebae44ecf00c
2447,2020,CCO,ORC,LAGUNA,10,1,1,7.162426,7404b227-ac24-4320-bb9b-a3a72020f82b
2448,2020,CDF,BEU,POND,8,1,1,7.086052,686b831a-6b91-4367-9b28-7f5a84e86e65
2449,2020,CCO,LAC,210TH,14,1,1,7.067647,bba45b33-7b50-4823-9271-03a31b215452
2450,2020,CDF,SLU,ENERGY,11,1,1,6.926877,0c478331-242d-4bf3-ba26-36374adc5d0f
2451,2020,CDF,SLU,TOPAZ,11,1,1,6.894768,ef71a29f-01ca-4539-97b5-4cb8b47f4e53
2452,2020,CCO,VNC,COCHRAN,14,4,1,6.860256,12713497-6154-42e3-ad44-0a25de1955fb
2453,2020,CDF,CZU,BRUNO,7,1,1,6.789666,12379eba-b42e-4cb0-99f4-cb5b023743ad
2454,2020,CCO,LAC,TOPANGA,10,1,1,6.732281,0fb1a992-896f-4077-98f2-0f51cf898ab7
2455,2020,CDF,LNU,ARROW,2,6,1,6.730837,734032a5-677b-465b-8167-fbc48193818e
2456,2020,CCO,LAC,HASLEY,2,1,1,6.671049,81c5dcd4-6347-4b70-a2ad-9275e1aaa037
2457,2020,CDF,LNU,STONY,14,6,1,6.585587,177b0f20-6610-47f4-b5da-67f3afb4157e
2458,2020,CDF,SLU,LINNE,11,1,1,6.545331,77488d06-8ef1-4a29-8b62-19434569b27c
2459,2020,CDF,BTU,2-30,1,1,1,6.258504,27f9994a-21ad-4780-8a1a-23d3a7442d97
2460,2020,CCO,LAC,COLIMA,14,1,1,6.245241,7a274358-c1cd-44f5-8d5e-85a41d078cc0
2461,2020,CDF,LNU,DUNNIGAN,11,6,1,6.125275,0a28e469-94bc-446f-9aaf-229117ab3c85
2462,2020,CCO,KRN,CROSS,14,1,1,6.081589,34de4084-7c19-469a-a4bc-786707c703b3
2463,2020,CDF,SLU,GREEN,10,6,1,6.077057,7e7de8d5-3d58-4085-ab86-04d15b2f64f4
2464,2020,CDF,SLU,SHED,10,6,1,6.066731,649f8213-ef06-4cd2-8bbb-774ba0c1198b
2465,2020,CDF,SLU,JACK,14,1,1,5.797983,1de561e2-711a-44e7-ba7e-a9a5de578114
2466,2020,CCO,KRN,WOFFORD ,14,1,1,5.788857,f337f1a3-aa1c-4258-98d6-02b8cf5027ba
2467,2020,USF,BDF,KARE,9,7,1,5.767348,7600d450-e45f-4c40-8496-3e34dcb2235b
2468,2020,CDF,LNU,DIGGER/QUAIL,2,6,1,5.713114,dd4f9d7e-3289-473a-8965-853f2529177d
2469,2020,CDF,LNU,OAT,10,6,1,5.638311,c8c18347-aa3e-4dde-9f38-ef2f32c60d96
2470,2020,CCO,MRN,PIERCE,2,1,1,5.636059,ca70f342-bce5-4756-8ba9-6ccf2477908a
2471,2020,CDF,LNU,SALMON,2,6,1,5.429207,d64ca7b0-bf1d-44c2-a3a2-e296d07563c1
2472,2020,CCO,LAC,WAVE,14,4,1,5.205859,7541e424-9dd7-4d9b-9fea-46cc8a277d8f
2473,2020,USF,ANF,BLUE,1,3,1,5.151273,a93591dd-ed62-4b3b-a9af-487d37ba08c6
2474,2020,CDF,SLU,MEADOW,8,6,1,5.033767,47e1da8f-28db-4983-9569-9d4f8c79f092
2475,2020,CDF,SLU,WEBSTER,8,1,1,4.872211,9b5e6e21-0a37-4445-92b6-3209aa90f3db
2476,2020,CDF,LNU,BLUE LAKES,9,1,1,4.366047,6a2de671-4b87-412c-9d2c-8c9fc34f8947
2477,2020,CCO,LAC,CALGROVE,2,1,1,4.228073,08300c2d-31d4-4a00-9413-d6ffd4008ecb
2478,2020,CDF,LNU,LUCERNE,7,1,2,4.12193,c9734671-f5ff-4ed5-9785-6cc832121c82
2479,2020,CDF,LNU,CANAL,14,6,1,4.073067,ca23b30d-7e57-400d-8127-e370db538aa5
2480,2020,CCO,VNC,LEWIS,14,1,1,3.967361,5af0a028-bfa8-467b-9f49-e5248cd93d28
2481,2020,CDF,SLU,SPRING,10,6,1,3.958437,67579df8-20f6-4883-98f5-b606dbc07a5e
2482,2020,CDF,LNU,CEMENT,14,6,1,3.509619,b4765bc0-80a7-4cce-8f90-3271391edacb
2483,2020,CDF,SKU,ORR,2,1,1,3.503062,e4f4d6e2-775d-40cc-9cbf-8a45dacc86ce
2484,2020,CCO,LAC,HILL,14,1,1,3.485558,074b3714-be3d-4dcd-9cf9-040450763e2e
2485,2020,CDF,SLU,VENICE,2,1,1,3.359791,3984e56b-491c-471a-83c0-427145e877eb
2486,2020,CDF,SLU,DAVIS,10,6,1,3.257213,cb2031d1-5c38-4779-9e54-c9d8d8751307
2487,2020,CCO,KRN,EXTENSION INC,14,1,1,3.246279,f6da27ad-2af1-435b-ab2b-ea28a8846d86
2488,2020,CDF,SLU,CHOLAME,14,1,1,3.230342,b547d4e7-bccb-40a7-ba7b-efff6e51432e
2489,2020,CDF,SLU,IV_1,1,1,1,3.049276,ad00c7bc-b343-4a6c-a919-d6288d466992
2490,2020,CCO,KRN,SABODAN,14,1,1,3.024409,1d6ee483-786b-436b-89bb-b152e8e6c337
2491,2020,CCO,LAC,NO NAME,10,1,1,3.013402,f2106298-a69d-487e-97dc-ce640d8a8466
2492,2020,CCO,LAC,AIRPORT,10,1,1,3.001326,4ee2e443-1a0d-4697-a1a3-a8df9d0e2d64
2493,2020,CDF,SLU,LAGO,14,1,1,2.814835,ab4a7d36-fd2d-48f1-a4d2-b8a6b8ef5d9d
2494,2020,CDF,SKU,GUYS,5,1,1,2.80249,5925d538-c402-477b-beb4-6e2b7913b79e
2495,2020,CCO,LAC,TOPANGA,11,1,1,2.614254,c5828da9-2905-44c6-8c65-1563424ae323
2496,2020,CDF,SLU,DAIRY,2,1,1,2.58218,9337ad5c-9f4a-40fe-940f-45a9cc7ba1a5
2497,2020,CDF,LNU,NEWELL,7,6,1,2.560388,13d5fd65-e205-4d14-846a-cbbe7b195307
2498,2020,CCO,KRN,TRAIL,14,1,1,2.476893,f11d2670-557f-4ad1-be05-a4f607084366
2499,2020,CDF,SKU,MARTIN,11,1,1,2.360432,365df0db-dd29-4b2a-9cd4-e8ca880592e0
2500,2020,CDF,LNU,LAKE VIEW,14,6,1,2.308157,42a472c4-cb15-4d75-8ea9-1b25b6ec212b
2501,2020,CDF,SLU,RANCHO,5,1,1,2.268174,8ca5e124-7395-4a3f-903f-b0aeb2d47641
2502,2020,CDF,SLU,FARM,2,6,1,2.241039,39d3be13-baef-41b7-a33a-3b69023ab405
2503,2020,CDF,LNU,REDWOOD,2,1,1,2.178815,303804aa-ba81-4d30-85d3-156f3af63c96
2504,2020,CDF,LNU,ANNAPOLIS,14,6,1,2.159534,95842184-6d35-472f-a43b-2b7a745f78c8
2505,2020,CDF,SLU,CAMATTA,11,1,1,2.139037,70590858-7268-4c08-a268-665b0a07d6d4
2506,2020,CDF,SLU,LUCY,14,6,1,2.138351,02fe9c85-8818-4fe9-a258-f8e6f9e25dd5
2507,2020,CDF,SLU,BRIDLE,1,6,1,2.057733,919dd51e-c467-469e-848f-4e97d3b70c3d
2508,2020,CDF,LNU,LAWLEY,2,1,1,2.023604,18e713f5-8994-4ebb-8cf8-fde3cfe70dbb
2509,2020,CDF,LNU,HUBCAP,2,6,1,2.017771,129ea8d3-bfce-4a44-af0c-99fad9b18ae7
2510,2020,CDF,SLU,TORO,11,6,1,2.016255,30b0e642-4a68-4696-a32a-3966f412e5c6
2511,2020,CDF,SLU,CREEK,10,6,1,2.014056,5ed4121e-948a-4dd1-b51e-478896526d8d
2512,2020,CDF,LNU,LYTTON,7,6,1,1.931224,26957ea6-f7d5-4db0-b692-5edb4f16dd15
2513,2020,CDF,LNU,HEATHER,9,6,1,1.913929,d0ebd921-9995-4bac-81ff-a81a5ab4b269
2514,2020,CDF,LNU,DUNNIGAN,2,6,1,1.851237,3786a340-65ce-422c-b701-3a59c63632cb
2515,2020,CDF,LNU,17-7,1,6,1,1.842313,fba4177c-6136-4952-b17e-22c9cd38e69b
2516,2020,CDF,SLU,HUASNA,5,1,1,1.82044,d41e604a-d5e8-4b14-ac71-58ac67e0b94c
2517,2020,CDF,SLU,CORNELL,2,1,1,1.810446,1862dd5f-1fa8-4d8b-9334-29abbf75d3ae
2518,2020,CCO,KRN,,14,1,1,1.807303,b1de585d-5560-461d-9e19-bf5d79f18e71
2519,2020,CDF,SLU,MUSTARD,11,1,1,1.806828,8978d901-992b-480e-b608-a3d3c2176c46
2520,2020,CCO,LAC,GROVE,14,1,1,1.798941,ff7164a1-1ad5-4b94-888e-db7ff49cf377
2521,2020,CDF,SKU,SPRING,5,1,1,1.749333,9f9e4d06-a693-48dd-a6b1-79435702a89b
2522,2020,CCO,ORC,WINDY RIDGE,14,1,1,1.742764,ecac3901-eb86-4fd0-bc98-883e4649887b
2523,2020,CDF,LNU,TAYLOR,14,6,1,1.7314,71cbbe90-8924-4a71-bd32-57afe4f87003
2524,2020,CDF,LNU,LAMB,9,6,1,1.710471,96abeabf-de63-4e28-816e-e33ec11fa1d4
2525,2020,CDF,LNU,SPRING,14,6,1,1.703426,df504f03-23ad-445d-820b-5705ae062b61
2526,2020,CDF,LNU,MILL,11,6,1,1.699512,73b5feca-ba3d-4155-8ea6-35d14ab2c753
2527,2020,CDF,LNU,FOX,4,6,1,1.696867,28ae4627-8e68-4705-860d-43f23a0439ff
2528,2020,CCO,ORC,LIVE OAK,10,1,1,1.669692,2c52ad0f-2a1f-4dd5-9ad9-32e83b1a5c6d
2529,2020,CCO,SBC,RANCHO,11,1,1,1.532845,c3f7f19a-818a-47d3-812b-bfd47bd77b62
2530,2020,CCO,LAC,BANNING,11,3,1,1.529065,589142a2-b37f-44de-b864-1d6d3eff5b10
2531,2020,USF,LPF,PLASKETT,5,8,1,1.500947,f0af8e0a-d804-4379-bd7b-edf6ba1559e0
2532,2020,CDF,LNU,EAGLE,7,6,1,1.482663,568c7964-cde5-4ab4-a4a0-80db8d06d3ce
2533,2020,CDF,SLU,BISHOP,14,1,1,1.470372,3bd82d7e-a777-4e55-b0cc-26acd196c729
2534,2020,CCO,MRN,ISLAND,4,1,1,1.435053,26a0ecd0-f8b8-4083-af64-affddc00af5c
2535,2020,CCO,KRN,,14,1,1,1.410283,b85d0a90-1240-47a9-8a5a-a75ad9c92c31
2536,2020,FWS,BRR,BITTER,10,1,1,1.392398,9b117697-4e37-4b19-9247-fe7aad1a682e
2537,2020,CDF,MMU,DONALD,7,1,1,1.379659,928028dd-3fd3-4354-bcbd-ebec06b0815d
2538,2020,CDF,LNU,GEORGE,9,6,1,1.346431,9ce8fd31-62d9-49ed-aa51-1d5c2ebb6515
2539,2020,CDF,LNU,CHABLIS,8,1,1,1.33193,69480eee-a102-46dd-9338-3970b78ef6fd
2540,2020,CDF,LNU,SPRING,11,6,1,1.290407,d38d7f23-a336-4a64-9b84-c3239da449b6
2541,2020,CDF,SKU,RED 3-1,1,1,1,1.28821,970edb88-3e46-4e5f-baf7-fdda4fa3a330
2542,2020,CCO,LAC,MESA,11,1,1,1.250532,9167ea62-deec-4146-9c1b-1c2764a85903
2543,2020,CDF,LNU,CREEK,2,6,1,1.247528,48923505-d3b1-4355-83c9-da4824488962
2544,2020,CDF,LNU,COUNTY ROAD 2,14,6,1,1.242705,f28b8c61-d6bf-42b4-8dd1-625a120e50fe
2545,2020,CDF,LNU,13-1,1,6,1,1.20419,34e28019-afd5-47a6-8bd1-42dd2822340d
2546,2020,CDF,SLU,MACK,10,1,1,1.202354,ee1c9798-d1f3-4b5f-ba42-d85aea693ede
2547,2020,CDF,SLU,HILLS,10,6,1,1.175158,e5618b10-a84b-4537-9a5f-8d3ed945fbff
2548,2020,CCO,ORC,HIGHLAND,14,1,1,1.15439,13039cf2-a1ff-4e13-a34e-454da4a77c8a
2549,2020,CCO,KRN,SIERRA,14,1,1,1.134244,ce750f42-26cf-41eb-9cb3-dcf870b34fd0
2550,2020,CDF,SLU,DAVIS,11,1,1,1.119542,c3dd1c08-9875-40ea-8465-75aede8b7292
2551,2020,CDF,LNU,MOBILE,2,6,1,1.119406,5e69d8a9-bd4f-43e2-bb75-b9a2e20b8a36
2552,2020,CDF,LNU,MONTICELLO,14,1,1,1.086436,649e31c4-f35a-423e-b874-393af5e78f8a
2553,2020,CDF,SKU,MOFFETT,2,1,1,1.070461,ca08ec78-5c0c-4840-b94f-4d4921f5d50d
2554,2020,CCO,KRN,OUTLET,14,1,1,1.066872,6efee3ea-e459-4b4a-8030-8d9e21d4185c
2555,2020,CDF,SLU,PRICE,10,6,1,1.057545,56132bb7-0d81-421e-afcd-46eb05f5c1ad
2556,2020,CDF,LNU,TWIN,5,6,1,1.042918,61547a31-18a7-4201-99e7-3abdd5a7df61
2557,2020,CDF,SLU,COUNTRY,8,6,1,1.016899,39475dc2-c92b-458e-b8b8-e8937ef226dc
2558,2020,CDF,SLU,SHERRY,2,1,1,1.009096,0530b9d8-6117-4334-8ac1-3662fb197e9e
2559,2019,CDF,LNU,KINCADE,11,1,1,77762.14,ab2927c0-7bff-42ec-8c49-28a80dcf9c7d
2560,2019,USF,PNF,WALKER,9,1,1,54614.9,c4053f72-b27e-4e11-8ad9-8433367147df
2561,2019,USF,MDF,TUCKER,9,4,1,14142.41,46d17e03-91d5-401f-a5a4-d41b52f2fa42
2562,2019,USF,INF,TABOOSE,1,1,1,10267.63,a5b83ece-882a-45d6-8fab-aa625863ef96
2563,2019,CCO,VNC,MARIA,14,7,1,10042.46,3a657284-8599-4833-aa8d-3eb8370d2d81
2564,2019,CDF,TGU,RED BANK,1,7,1,8822.024,4e694361-a65c-4d53-bbdf-2d011d8137c8
2565,2019,LRA,LDF,SADDLE RIDGE,14,7,1,8799.325,ffe3e1f8-bd33-482a-b4ea-bbbf33b497cb
2566,2019,USF,INF,SPRINGS,1,1,1,6614.634,82401000-e20d-4741-905d-359bfb49c1e0
2567,2019,USF,MDF,LONE,1,1,1,5737.16,43c1b1c9-81ad-42bf-9cee-f57738d9b62d
2568,2019,CDF,MMU,BRICEBURG,10,7,1,5508.35,bb524c58-d6a3-424d-8a97-7cedffa99376
2569,2019,USF,SHF,SOUTH,1,3,1,5333.991,e1ed03aa-fd40-4e8b-b904-16435fd01727
2570,2019,CCO,LAC,TICK,14,3,1,4581.739,47259257-040e-4c7e-9fbd-93aecde3373c
2571,2019,USF,ENF,CAPLES,5,1,1,3441.766,7f2a7ef9-f763-498e-82ba-ae4bfee9936b
2572,2019,BLM,NOD,R1 RANCH,1,7,1,3379.286,9b04c0b8-35cb-4efd-979a-ff8b7a13dfa7
2573,2019,FWS,KRR,REFUGE,2,4,1,3283.456,1a93dcbb-0ffe-4ed5-afb4-309e439c1fb0
2574,2019,USF,LPF,CAVE,7,1,1,2597.293,dbdb00cd-3dfc-4adf-91e5-e03f1375dc98
2575,2019,CDF,TGU,RANCH,14,7,1,2534.211,946febb0-0c97-4843-9ed8-621f774d3cd7
2576,2019,CDF,BEU,LONOAK,11,2,1,2520.879,fd90e0e8-ced4-4374-abeb-7b79ae7fb28a
2577,2019,BLM,CCD,LONG VALLEY,14,8,1,2438.542,108de5c9-03df-46f2-b901-b2f3aaab1a91
2578,2019,CDF,LNU,SAND,1,2,1,2422.018,f3c62855-faca-4309-89d4-a789377b8b1b
2579,2019,CDF,SCU,ROCK,14,2,1,2233.891,920ebabc-6694-4e1c-80d0-46b5b8fb6ab3
2580,2019,CDF,RRU,TENAJA,1,1,1,1939.536,49c0fb18-b9af-4169-8fb7-7f24570b98e1
2581,2019,USF,INF,COW,1,1,1,1875.988,b7f50217-2587-43f9-8863-21bce60ad19a
2582,2019,USF,KNF,LIME,1,3,1,1873.937,22bf6a54-c657-418d-80ca-f5a2fa8a2269
2583,2019,CCO,VNC,EASY,14,7,1,1806.234,1c44d1d9-1d66-42fd-b3e7-9c2e5664fa85
2584,2019,CDF,SLU,MCMILLIAN,2,1,1,1763.821,8f9d75fa-c0d8-4c6a-9047-8f304f76ee58
2585,2019,USF,SHF,MIDDLE,1,8,1,1339.595,d3a41fb8-2c17-42bb-942f-b10df8c23888
2586,2019,CDF,SLU,BOULDER,11,6,1,1110.843,cad7be29-d31c-4133-ac67-af6ef4ff2345
2587,2019,BLM,NOD,W-1 MCDONALD,1,7,1,1020.325,13efa956-7be4-4892-a3e4-c844aa8c3c45
2588,2019,CDF,RRU,SANDALWOOD,14,1,1,1008.193,ccf8aac1-bf1e-4aa3-8c4b-3ddebfe4dade
2589,2019,CDF,MMU,GAINES,14,1,1,979.4596,cadfd91c-db53-4fe9-bc81-9282adfebe83
2590,2019,CDF,SLU,GILLIS,2,1,1,977.1411,52775275-df37-401d-9fee-935e9c86c64c
2591,2019,CDF,SLU,BELMONT,1,6,1,832.636,77f23012-543f-42e4-9688-c79272657957
2592,2019,CDF,TUU,CREEK_4,2,2,1,754.4257,d5dd33a7-29af-4415-822c-e57b123854d6
2593,2019,USF,STF,ROSASCO,9,6,1,732.4003,7eccda42-aaa9-4857-9dd4-95bbecf12bfd
2594,2019,CDF,MEU,BURRIS,9,7,1,703.3557,59adac4f-166a-4aab-aba3-2aa0ddf8b513
2595,2019,CDF,NEU,WEST BUTTE,14,2,1,647.9943,9f9eaded-c280-4eea-bbf4-d2f2c984c3f3
2596,2019,CDF,TGU,RAWSON,10,1,1,605.4897,d95ed672-4020-45f6-bc40-f234ff123ff1
2597,2019,USF,INF,JORDAN,1,1,1,590.9153,f3ee1e6d-6177-4cbe-9254-5c9969858c16
2598,2019,CDF,RRU,HORSESHOE,14,1,1,583.4399,8a5d5e25-a5d3-40b0-89af-b68d4f713c00
2599,2019,CDF,RRU,LINCOLN,7,6,1,564.2154,b9f31587-04ea-47f6-ba93-178bc73c9e2d
2600,2019,LRA,LDF,GETTY,11,7,1,552.6332,2990c337-7393-414c-b58d-25b9bd1d87b6
2601,2019,CDF,LNU,AMERICAN,14,2,1,526.8578,c58714b9-7c91-41bc-b045-4fd4f921b0aa
2602,2019,CDF,RRU,JERRY,10,6,1,521.9408,db77bb00-4532-4f3f-bb40-c1a262205d48
2603,2019,CDF,BTU,SWEDES,5,1,1,510.1355,b1bc1e7b-e13c-4ce0-8e54-83885f366e8d
2604,2019,CDF,SHU,MOUNTAIN ,14,1,1,493.2588,929e7d9b-c861-4f80-bd1d-17885f4a31a2
2605,2019,CDF,MVU,BORDER 6,14,1,1,467.1911,e16625f2-c55a-47a4-8fef-ae6d2c273e0a
2606,2019,CDF,RRU,HILL,14,8,1,435.9512,4bc09ce3-e733-4874-b779-480b7c7988cc
2607,2019,CDF,MMU,HUNTER,10,1,1,428.0987,fb13439f-b2cb-42f7-88f9-0bd073d350ec
2608,2019,CCO,SBC,REAL,14,3,1,420.6586,8fe8a30d-d284-4193-93be-877556ca28d7
2609,2019,USF,MNF,EAST,1,8,1,400.7328,e86c49c7-d3a9-4272-b4a5-f6d2a151621c
2610,2019,CDF,MVU,COPPER,9,7,1,371.3559,8a4ad843-9ece-49fb-9424-406c3f0bd752
2611,2019,CCO,SBC,MCMURRAY,14,1,1,355.3229,0da113ba-6bea-43f6-a4e7-692d99bfa15e
2612,2019,CDF,SCU,MARSH 3,7,2,1,339.9227,22c4ee9a-22d5-4284-af7a-0f123914e6b2
2613,2019,CDF,RRU,46,10,1,1,329.3975,0d4ffeaa-bcbb-4252-a2f9-e7861b6f1c7b
2614,2019,USF,SQF,BRODER,1,6,1,328.0544,4e2bd9b7-3528-4fb5-aa4c-48c68610db0b
2615,2019,USF,LPF,MILL,9,1,1,321.5388,9cdeb6b0-417e-4fdb-bea4-e3532ecefdc1
2616,2019,CDF,BEU,LAKE,10,1,1,305.6829,774b64ae-699d-47ce-890b-51c594a13cd0
2617,2019,CDF,BEU,CROSS,14,3,1,289.1514,19a9bcc0-047d-4443-b9f1-22bed8749f62
2618,2019,USF,SQF,SCHAEFFER,1,6,1,287.1784,081f5885-8594-43c4-8a93-056bdfaf9058
2619,2019,USF,SHF,RAMSHORN,1,3,1,286.9583,48db0b32-d144-421b-aa9e-78f8a1f76ed4
2620,2019,CDF,SCU,HOLLOW,10,2,1,282.2256,984497e4-6121-4b1a-9381-13a5be729b94
2621,2019,BLM,NOD,SNOWSTORM,1,7,1,264.2747,cf31f971-02b3-43b9-8620-0a72273f8dab
2622,2019,USF,LPF,SNAIL,2,1,1,251.7925,23068c86-1bf9-4dc3-b840-8c80041aa233
2623,2019,USF,MNF,HENTHORNE,1,8,1,244.665,54ea99a5-710a-41ed-a68e-bf78b110e248
2624,2019,CCO,KRN,MESA,14,1,1,227.0095,ea8d6c7e-6a1f-468c-9de3-59b22cbe11b9
2625,2019,USF,KNF,KIDDER 2,1,3,1,226.8735,36baf91b-98e8-491e-bd18-bebc0c8666dd
2626,2019,CDF,SCU,MARSH 5,7,2,1,226.6169,a0741442-27bf-45b6-b0f4-4c6371a9cae2
2627,2019,CDF,MVU,DEHESA 11,14,1,1,225.646,0b4208af-eb5c-455e-ab81-14e61be3084f
2628,2019,CDF,SCU,MALECH,2,2,1,207.7456,0c7c2572-ddb6-4476-80eb-28329bd7dc1e
2629,2019,CDF,SLU,LOPEZ,4,2,1,205.1924,3dd25d42-f987-45a6-86e0-1dbc44e799a9
2630,2019,CDF,TCU,MILTON,14,1,1,200.0838,b4aff4d0-5285-4be6-a638-ab7288abbe33
2631,2019,CDF,MEU,MOOSE,2,1,1,195.8783,5761ca6c-32c5-45e4-911b-69553debad78
2632,2019,CDF,SCU,STUHR,10,2,1,190.1649,72cb005e-2133-49cc-8f0a-525ff49b24a0
2633,2019,USF,KNF,LUMGREY,2,8,1,186.4314,3cd3048f-75dd-487c-b9a7-fac5813d6bd9
2634,2019,CDF,SCU,MARSH 6,7,2,1,173.9333,9a25ca4f-b834-436f-ac44-c3fee33367f9
2635,2019,CDF,BDU,HILLSIDE,9,1,1,172.7908,b4e156e0-d5f9-41cc-9361-0a800ea7af36
2636,2019,CDF,BEU,SARGENT,11,1,1,171.9477,eb4f1b37-9f05-496d-a73c-5f1f745d741d
2637,2019,CCO,VNC,OLIVAS,14,7,1,171.4183,64e3f8dc-715d-4878-8cb4-aff0a1da71ca
2638,2019,CCO,KRN,VULCAN,14,1,1,169.9031,46474f85-715d-4aa9-8c32-c672705c58c9
2639,2019,CDF,BEU,ANTELOPE,9,6,1,167.3328,92550963-bc58-441f-93d9-a4fdffff0225
2640,2019,USF,BDF,BAUTISTA,2,1,1,166.2591,3c3ac9b9-b5be-45e6-82c5-e2a50b64f411
2641,2019,CDF,FKU,YORK,14,1,1,160.9124,f506fc88-f5f4-4071-b105-880bd247bbf2
2642,2019,FWS,LUR,REFUGE,10,6,1,158.8546,6d44a90f-820c-4454-aa19-fe0f2a05c406
2643,2019,USF,ANF,FIVE,2,3,1,156.3954,e006a461-93a6-4241-afc2-af8b8ae56fd5
2644,2019,CDF,NEU,DYER,14,1,1,147.6439,6434c69a-b55b-4e41-9da9-3deb43df597f
2645,2019,CDF,MVU,DEHESA 8,14,1,1,141.9548,0d30abfd-96be-40f9-9ccc-2d3d8c926d83
2646,2019,CDF,SCU,PATTERSON,7,2,1,139.2007,ff9f72df-51cb-439e-9a0d-902e47f5a155
2647,2019,CDF,FKU,SKY,11,1,1,138.9932,fd8a6720-5ab1-442c-ad1a-fbf0deda911e
2648,2019,CDF,FKU,MUD,11,1,1,137.2151,a033092f-940e-403b-8335-b7c07a3142e8
2649,2019,CDF,SCU,CANYON,9,2,1,135.3394,89154d0c-a524-49e8-9daf-cbbaea9c9421
2650,2019,USF,MDF,GOOSE2,1,1,1,132.0889,ccc60a41-134d-4220-8543-a8ce2181d3d5
2651,2019,CCO,VNC,SOUTH,14,2,1,131.3172,316ad297-aef9-4c8a-a06d-87c123ff400a
2652,2019,BLM,NOD,R1 JUNIPER,1,7,1,130.1407,a26f762f-b129-4679-8466-d2b33b23c483
2653,2019,CDF,SHU,TRINITY,2,1,1,129.0636,1ef445e6-cab1-4b1a-be0c-58e0887952cb
2654,2019,BLM,NOD,HORSE,1,7,1,123.0513,0c1ce35a-7f8b-4772-a0cd-12dc02541d4a
2655,2019,USF,SQF,LOST,1,6,1,121.2937,e037602b-aa7c-471c-aa57-ef32d2d12fd8
2656,2019,CDF,FKU,HILLS,2,1,1,120.6404,9d4f82ca-6590-498a-8a94-5f6e8d8c7fc6
2657,2019,CDF,SHU,COTTAGE,2,1,1,112.2924,59348aca-4f78-4a47-b4ec-95e33bfeeed2
2658,2019,CDF,MEU,USAL,9,1,1,110.7408,b7975746-cfff-4f13-887d-40a7af33b23f
2659,2019,FWS,PLR,TRACK,10,4,1,104.9992,494c617f-ceac-467a-8477-ae9e231e2393
2660,2019,CDF,FKU,REEF,11,1,1,103.7607,1cbd4003-746e-4df2-9727-fc4fa8cd59ad
2661,2019,CDF,MVU,SAWDAY,15,1,1,101.1678,5be61d72-d824-44e5-aa39-f89f7f253780
2662,2019,USF,KNF,TREE,2,3,1,100.2009,55f58353-61ea-49cb-8789-87494b1fa8bc
2663,2019,USF,LPF,RANGE,9,1,1,99.08305,d24ac91c-c101-4723-aeca-c8bd7a215768
2664,2019,USF,SQF,CATTLE,9,6,1,92.24609,6fd4baf5-ea35-4c24-9ad7-a6cad4af6efd
2665,2019,USF,KNF,BAR,9,8,1,91.71294,bb8fc784-ec2a-48d4-8477-ea19409cdebc
2666,2019,CDF,FKU,PALM,11,1,1,89.73408,7a1c480d-1395-415f-aa97-bc29668e4582
2667,2019,CDF,SLU,THOMPSON,4,1,1,89.01712,a4f10ade-bfc2-4bc6-bb25-91cbd4f6e14a
2668,2019,USF,PNF,WEST,1,1,1,88.80357,d31cacf0-803b-4cac-9430-168c9b80f49c
2669,2019,CDF,RRU,TORO,14,1,1,88.16512,c25336cc-33f4-48e5-8160-7581cbef8447
2670,2019,CDF,AEU,COUNTRY,14,1,1,85.59669,05496439-9283-4767-89bb-ff40a5012179
2671,2019,CDF,AEU,BROWNS,9,1,1,84.32344,177b8d77-afb2-46ce-b924-a20a3ce446a8
2672,2019,CDF,TCU,MILTON_2,14,1,1,84.13815,fb0b6424-0a05-464c-b7df-10de31e1fe21
2673,2019,CDF,TCU,TULLOCH,10,1,1,83.95777,ff4d2dfa-0b5d-43dd-a64c-019b5f7f92a9
2674,2019,CDF,RRU,MEADOWS,10,1,1,81.65115,5fb1138b-55b0-4a49-b9a8-2f28d86aaa60
2675,2019,CDF,NEU,SCOTT,2,1,1,80.34697,bab8a604-0035-4440-af89-e9f03e751e41
2676,2019,NPS,SMP,WENDY,14,1,1,80.3277,a43fb8ab-e45f-40c4-8c64-f09401642c37
2677,2019,USF,SNF,FISH,2,7,1,76.82652,1748a531-e482-462b-9e03-20dc0dcc3e04
2678,2019,CDF,BEU,HUNTER,2,2,1,74.50411,e882e2f8-ba4f-42bf-9064-fc511da750ad
2679,2019,CDF,SLU,BITTER,10,6,1,73.93117,d4ae87eb-fbb9-426d-9183-dae480840c43
2680,2019,USF,PNF,CREEK,1,1,1,73.55267,0fda5bf1-9a9f-4494-9410-12f9fa2cb8b4
2681,2019,CDF,LNU,EAGLE,14,1,1,73.55055,5623b8da-ed80-47aa-a652-a18ae9cf431b
2682,2019,LRA,LDF,BARHAM,14,4,1,72.63429,56202f96-6040-41fb-b4a5-94442017b6e8
2683,2019,CDF,NEU,22ND,14,1,1,72.06943,bfda1960-a2ec-41d0-bd57-b31b19f07117
2684,2019,USF,MDF,FORK,1,1,1,71.18899,84f6d45b-5155-4e37-9ed1-dc2cb321027f
2685,2019,CDF,MVU,BORDER 9,7,7,1,67.37229,2ca11c59-ebb3-4655-b672-da595d32eed6
2686,2019,USF,HTF,TAMARACK,14,1,1,67.21748,848278fc-5194-4fc0-bfe5-8114b0a4fd4f
2687,2019,CDF,TCU,LYNETTE,9,1,1,66.70489,31adbdd4-bf99-40f2-9a11-a5123d2c2bef
2688,2019,NPS,MNP,STAR,14,8,1,66.58718,237e5244-1b8a-4cad-bc14-518d69770b15
2689,2019,BLM,NOD,R6 CREEK,1,7,1,66.47962,d2af2259-a757-428a-ba2f-77533ac096d2
2690,2019,CDF,FKU,DEER,7,1,1,64.95156,e0617cd2-aa50-4de8-829a-cf6b8110db73
2691,2019,USF,TNF,SUGAR,1,1,1,64.90493,aba94377-d026-404c-a9fe-eee382f8cb6d
2692,2019,CDF,CZU,CABRILLO,2,7,1,61.75045,bc4cb6c3-6e90-4274-89fb-96edb63c25ff
2693,2019,CDF,BEU,JOLON,11,1,1,61.59237,25a8d02f-de48-4728-9049-f3405c005ced
2694,2019,CDF,FKU,PHELPS,11,1,1,61.30566,a993c888-9b69-45c3-8ce7-139646a8534d
2695,2019,CCO,KRN,WHITE,14,1,1,61.07991,6eb1de4b-61bd-40b8-896e-65a1f6967cf2
2696,2019,CDF,BTU,FORBESTOWN,11,1,1,57.4474,bc3d83f9-58e7-428a-a3d8-b2114e016bb5
2697,2019,CDF,MVU,WILLOWS 3,14,7,1,57.42204,d0783309-56e4-4ca3-9b71-361ffefa10b9
2698,2019,CCO,KRN,BARREL,14,1,1,55.86135,058a2a8f-a601-49aa-993f-59b24560c679
2699,2019,NPS,GNP,MUIR 2,10,1,1,55.84444,4830ddbe-dd86-4ec0-b514-d32ba32ea1d7
2700,2019,USF,LPF,RANCH,2,1,1,55.30642,81a37c85-b771-4955-b7a9-9b3c20e7fe91
2701,2019,BLM,NOD,HORSE,1,2,1,54.57251,1d2e385a-0c19-4d82-ac05-2b20a170702d
2702,2019,CCO,KRN,ENTRANCE,14,1,1,53.31026,2ce97525-e942-49c6-ad5f-2c2cff000519
2703,2019,CDF,LNU,OAK,2,1,1,53.11696,87d6611c-6205-43a9-9917-f0db38b92505
2704,2019,CCO,SBC,BAR,18,1,1,51.6265,f1e01f42-4c85-498f-b09c-caea7ca3968a
2705,2019,CDF,FKU,DEVIL,11,1,1,50.13959,9f73b716-5832-468c-b985-d5e47e390892
2706,2019,CDF,LNU,CANYON,2,1,1,48.00141,bd1cca22-89df-4ce4-a4b1-f6a60ce917eb
2707,2019,CDF,SLU,TOPAZ,2,1,1,47.8895,31992005-3701-4088-a84b-5f274d759282
2708,2019,USF,PNF,MEADOW,1,1,1,46.80063,2e131f16-e90c-4afc-9405-ad507de7d10a
2709,2019,CDF,SHU,LOWER,1,1,1,46.40511,797dda13-6fda-42cf-972a-eefe22f74dca
2710,2019,LRA,LDF,PALISADES 2,14,7,1,45.09488,e54d7c41-d324-40ae-a18d-c9504fc6683b
2711,2019,CDF,FKU,PANOCHE,9,1,1,44.81123,d53c1c43-490d-45f0-8275-00b381eff930
2712,2019,CDF,TCU,FLOOD,14,1,1,44.07998,8a423028-4d51-41a7-88c1-cb90756be992
2713,2019,CDF,BEU,ARDO,11,1,1,42.759,1ffa696d-a8b6-4d6a-a32d-a43e41693e43
2714,2019,CDF,SHU,PLAINS ,10,1,1,42.17504,9d4347b1-f6e3-43c8-aa98-290d5f1599bd
2715,2019,CCO,KRN,RIDGE,14,1,1,38.80555,842beb0a-4263-4092-8fb8-04ead02fd6ac
2716,2019,CDF,SLU,TRACY,2,6,1,38.42611,20eb456c-a9d4-4bb1-bb57-7cc2d8e7068f
2717,2019,CDF,FKU,OIL,11,1,1,37.6693,1b210a3e-20c7-43d3-a825-0bfb5efa2b03
2718,2019,USF,SNF,BOWLER,1,1,1,36.58765,fa422f12-c9bb-455b-8fdd-841aa16477b7
2719,2019,NPS,LNP,RED,1,8,2,36.58359,f58abb49-8ba3-4037-abf2-12b02df58eb2
2720,2019,CDF,AEU,PATTERSON,14,1,1,34.91486,39e7de7c-a346-454c-a83c-b2d24b0a396f
2721,2019,CDF,NEU,FAR,14,1,1,34.72543,fbef38ee-ebb5-4b58-a73c-5910b19a364f
2722,2019,CDF,TCU,FLOTO,14,1,1,34.216,daf71787-0a3f-46e7-9a88-95d8d02b3b58
2723,2019,FWS,MDR,HEADQUARTERS,14,4,1,34.12664,0ccb153c-ca5f-4a71-b7e8-c30387171fce
2724,2019,CDF,SHU,GILBERT,2,1,1,33.09216,686b0f71-96b1-45b5-baf3-80e0c152dcb2
2725,2019,CDF,SHU,RANCH,2,1,1,32.78963,73d32cd9-548d-4f38-9269-23bc15b0ffbb
2726,2019,CDF,TCU,RODDEN,5,1,1,32.69442,6c8f0422-e890-4d47-b172-86f156e5f51c
2727,2019,CDF,BEU,VINEYARD ,5,1,1,32.38626,03af151c-f0eb-4337-a784-6fc8bff1eac9
2728,2019,CDF,MVU,CRESTWOOD,10,1,1,31.55482,78791eb1-f235-49a7-b893-743739d06e5b
2729,2019,FWS,TNR,AGUA,8,1,1,31.12859,71384340-3de3-448d-a03f-1cc4a0f756bf
2730,2019,USF,LPF,OAK FLAT,9,1,1,30.35799,6c8502a3-f18c-4911-8ddb-68e33c91c1d5
2731,2019,BLM,CDD,DUNHAM,14,1,1,30.28639,14fa4fe9-f9fb-4304-809d-97e2c97f36ef
2732,2019,BLM,CDD,92ND,14,1,1,30.28638,45c3d523-cfba-4f63-ab36-13da61815db7
2733,2019,CDF,MVU,GASOLINE,14,1,1,29.53726,322dffa1-89a4-4522-885e-e42fe32fefd2
2734,2019,CDF,MVU,MILLER 2,14,1,1,29.26041,e970fb5d-7dcb-491e-8ee0-e08deae92664
2735,2019,USF,SQF,RIVER,9,6,1,29.21961,0dcc611d-8124-4210-9db1-e73a3cdc451c
2736,2019,CDF,FKU,COVE,7,1,1,29.09276,326781f2-353f-48a5-909b-8abbffc6bd00
2737,2019,CDF,BEU,HERNANDEZ,14,1,1,28.65993,e4c7e6fe-d2fe-4a9c-b2e6-926f026fd1b1
2738,2019,USF,MDF,NORTH,1,1,1,28.25829,1eafcc89-0409-459c-b58a-0755b13e37f1
2739,2019,CDF,MVU,OTAY 11,14,1,1,27.51976,0a9ebb01-0bf4-4c81-ac7b-5b3e84775947
2740,2019,USF,MDF,MCGINTY,1,1,1,26.80899,9767497a-599e-4784-afba-f9b3a8375c89
2741,2019,CDF,NEU,WATT,14,1,1,26.63998,452572a6-398e-4e56-859a-87b16b5a6340
2742,2019,CCO,ORC,ORTEGA,14,2,1,26.37641,f51e5250-e265-4d60-bf8b-41e4174b67b6
2743,2019,CDF,MVU,SCOUT,9,1,1,25.53614,b88e7aa0-b995-47a2-959d-923b187b20a1
2744,2019,USF,MDF,TELEPHONE,1,1,1,25.456,de36bdb5-b9d8-494f-8146-6f2e582f4ce7
2745,2019,CDF,SHU,HORSE,14,1,1,24.75569,fb71876f-d002-4ae8-a120-886e9ff6bc7f
2746,2019,CDF,NEU,FOOTHILLS,7,1,1,24.59045,053233d8-1e66-40d9-aff8-f371a7fcddbb
2747,2019,CDF,BEU,HOLLISTER,10,1,1,24.50135,8553070c-5c7d-4df5-abb9-f17d4f1ed6dd
2748,2019,BLM,NOD,R4 RAILROAD,1,7,1,24.10597,0d106984-28fe-4b9f-bda7-0b0758eabc8d
2749,2019,CDF,LNU,GLASS,14,1,1,23.91912,d568b6b5-a473-4d99-ba37-8832285c6ac8
2750,2019,BLM,NOD,R2 SNOWSTORM,1,1,1,23.71169,e051d3b9-df5d-4fee-bb8e-0f413a38250d
2751,2019,USF,MNF,HAYNES,1,8,1,23.59244,7034334b-6ba9-4b7d-a176-7ee3714c2542
2752,2019,CDF,MVU,BORDER,5,1,1,23.3554,d6156495-ec00-4fa3-a1fe-f173aa8ba4eb
2753,2019,CDF,TCU,BRANDT,10,1,1,23.174,a1a52ed7-ab07-4087-935a-62e73dd15589
2754,2019,USF,MDF,GOOSE,1,6,1,22.74746,fc48cd70-ce7a-4128-a52e-3fafa8a6b534
2755,2019,BLM,CDD,TRAM,14,1,1,22.70014,deaa4b43-7358-41e1-a5ac-4a126d544bae
2756,2019,CDF,NEU,RANGE,2,1,1,22.57155,e057f6bd-a77a-496b-8cbb-2ca65c017986
2757,2019,CDF,SLU,PLANT,10,1,1,22.36234,ca7317c6-967f-4db6-8186-49700c346634
2758,2019,CDF,NEU,DOUGLAS,2,1,1,22.34313,e4dea19f-f4c0-458f-a7fb-cb7a6ac09c50
2759,2019,USF,SQF,BALD,1,6,1,22.09721,5f27d7c0-e3e6-4f10-b9ee-a70cbfd34194
2760,2019,CDF,MVU,PAUMA 4,9,1,1,22.0214,aca0a282-d932-4ae5-b286-ee2ab8905e24
2761,2019,USF,SRF,VAN DUZEN,7,1,1,21.87162,22cc5392-b75a-4e8b-a75a-011c7d74f3fc
2762,2019,CDF,AEU,CHAPARRAL,9,1,1,21.85111,119c2bb4-71ca-48be-8cf3-55d3263b5b37
2763,2019,BLM,CCD,AIRPORT 2,14,8,1,21.48666,973a755e-6d84-4785-bfa0-1fb00016fb05
2764,2019,USF,TNF,SIERRA 2,9,1,1,20.31682,adf32b3d-5d52-446d-9bda-e7db4ab27c12
2765,2019,CDF,TCU,PRESTON,8,1,1,20.16607,54e5cc69-8765-4500-8235-a6671951147e
2766,2019,BLM,CND,SODA,14,1,1,18.74578,4807e6bb-0726-41bb-87ba-afcce8ea2de8
2767,2019,CDF,BEU,LUCAS,10,1,1,18.16434,466dbb83-7065-46ba-b611-887774222bd4
2768,2019,USF,SHF,CAPTAIN,9,1,1,17.79216,f8bc2b2d-1b92-4d27-b6a2-2a1ee36f6368
2769,2019,CDF,AEU,COULTER,9,1,1,17.78828,05e86141-3f70-460c-ba60-d2e5709f83e8
2770,2019,USF,SHF,CUTTHROAT,1,3,1,17.78256,69695855-0f83-4325-ae05-15c96edf7ff0
2771,2019,LRA,,SWEETWATER,14,8,1,17.72473,cd345e74-e7d2-40a7-b6a6-707529614a5c
2772,2019,CCO,SBC,SWEENEY,14,1,1,16.98027,4954e48d-0b56-436f-9761-357406b12466
2773,2019,CDF,MVU,VISTA 5,14,1,1,16.69558,4ff1b12d-37e2-4bd4-9819-c5b46ed9bf11
2774,2019,USF,PNF,DIXIE,1,1,1,16.53279,944f774f-b863-4b2c-aac7-841d0d820ac8
2775,2019,CDF,SKU,ROCKY,11,1,1,16.37956,172bcae8-99cc-4e28-848a-1f1838929205
2776,2019,BLM,CDD,18,4,1,1,16.13497,e00d9b81-47d7-4d60-b681-2153b196425f
2777,2019,CDF,LNU,OLIVE,11,1,1,16.01936,1e303a26-e6ef-43a6-bde0-b7e0e494bd5c
2778,2019,CDF,FKU,PYRAMID,14,1,1,15.94365,06b894db-0ac4-4998-b5a1-ddfcdbc39a63
2779,2019,CDF,SKU,PATRICIA,1,1,1,15.9213,f1f823d0-8948-467e-9819-d9215082fb6e
2780,2019,CCO,ORC,FOSSIL,14,1,1,15.84562,6db9023f-19ca-47ab-bf9c-425ef258cd67
2781,2019,CDF,LNU,BACHELOR,2,1,1,15.83755,d46bc33e-bb26-4901-9dd8-30ff2867e026
2782,2019,CCO,MRN,SPIRIT,5,1,1,15.82898,325424b4-91c6-45d6-a4ae-34f396870f2c
2783,2019,CDF,SLU,CRESTVIEW,2,1,1,15.5361,24897e22-3433-4a45-917c-16133c9e6045
2784,2019,CDF,SHU,COW,10,1,1,15.38397,303b3a06-22a6-4307-8fdf-b0342adcbf1c
2785,2019,CDF,SLU,DOMINGUEZ,14,1,1,15.18174,e3e71666-e570-453f-a158-46ab22f56bfd
2786,2019,CDF,FKU,FRAME,7,1,1,15.02215,d3c632b8-e7e2-4a53-b6f3-e553fd087cba
2787,2019,BLM,CDD,DALE,10,1,1,14.69958,e8913002-24c6-48ae-8f47-f80ee283bd5f
2788,2019,CDF,SHU,5-9,1,1,1,14.63054,094184dd-dc1e-436b-896d-90c90d742acd
2789,2019,CDF,FKU,PALMER,11,1,1,14.61489,d5b4bd54-ab9d-44c3-a8f2-7ad71df5429d
2790,2019,CCO,KRN,GROVE,14,1,1,14.53588,0f86e59b-5d8c-4e81-8c2b-dfe9000d5226
2791,2019,BLM,NOD,R3 RYE PATCH,1,1,1,14.14846,f56e233b-ed34-4bac-8028-3c5697324dca
2792,2019,CDF,BEU,PARKFIELD,11,1,1,13.85442,95fe8a58-82cc-459b-93ca-57b4a52f496c
2793,2019,CDF,FKU,BRYSON,7,1,1,13.84219,f28e6ae6-0c9f-4193-ae6f-f2a3f596ad88
2794,2019,CDF,FKU,HORSE,2,1,1,13.74862,ff4f1f90-0ae3-4bd2-97a5-57f115d3f91c
2795,2019,CDF,FKU,SPEARHEAD,11,1,1,13.47896,960d1b33-cd09-4cc8-be82-d0ff2c746f0a
2796,2019,CDF,BEU,DUDLEY,2,1,1,13.47398,8d2b538c-d155-4dd2-949a-be17006dd7da
2797,2019,CCO,KRN,KECKS,14,1,1,13.33649,d2581991-84aa-4089-a142-6d4cbb1843f7
2798,2019,CDF,AEU,CARSON,2,1,1,13.1878,915ce645-5745-46db-8420-a53b01db5b4f
2799,2019,USF,MDF,FOX,1,6,1,13.15924,0069e9b7-075e-4243-a42c-6ec451539d9d
2800,2019,CDF,BEU,STAGE,7,1,1,13.01915,b4b9c3a5-e573-452b-9c4c-419ee1cba2a0
2801,2019,CDF,MMU,CONVERSE,5,1,1,12.63458,df602ebc-5f2f-4a89-9e7d-7573a4a42ceb
2802,2019,USF,SHF,BRADLEY,5,8,1,12.59625,4ea6e946-89c9-4496-97b9-44543faf2d54
2803,2019,BLM,CND,PINENUT,1,1,1,12.44425,40dceca8-274a-41bf-80e1-a650349cf97e
2804,2019,CDF,TCU,CERRITOS,14,1,1,12.29055,f23c7036-79be-48f4-af1e-a1f0e35ef729
2805,2019,CDF,FKU,WARTHAN,3,1,1,12.20176,4bff7973-bbca-4200-a3d0-017c600b238d
2806,2019,USF,KNF,UKONOM,1,8,1,12.07238,1fdb1219-c354-40f4-8253-6063bc66c340
2807,2019,USF,KNF,COMMUNITY,2,3,1,12.06,e84a67e0-5484-4354-924a-52bb15ee20ef
2808,2019,CDF,SLU,EUREKA,2,6,1,11.99847,9c471799-168d-4bd1-84e6-e5f238383e12
2809,2019,CDF,MVU,BORDER 10,14,7,1,11.86247,fac24287-82c6-4531-ab55-3408296a83fa
2810,2019,CDF,BEU,FRUDDEN,2,1,1,11.78939,db3ae44d-2d72-4d1c-8850-0e65ddc21c25
2811,2019,USF,TNF,BORDER,14,1,1,11.51428,c494f6ca-f9ec-4edb-bc16-25195c3d9d34
2812,2019,CCO,VNC,POTRERO,14,7,1,11.11976,b137f748-96aa-4353-a49a-5904f300c885
2813,2019,CDF,SLU,O'DONOVAN,10,1,1,10.87737,f726b1e7-d6a0-49a9-8d15-7bac33a5ce5d
2814,2019,BLM,NOD,R2 RAVEN,1,1,1,10.84658,97cd1d9e-a4b6-423f-b944-70fc914067e8
2815,2019,LRA,,OAK,14,7,1,10.82971,f7fdbd3a-4c6b-486d-8d3a-abb41453ddb0
2816,2019,CDF,AEU,LIBERTY,2,1,1,10.66764,e5f34b1e-a432-4c5e-a328-7c291e4919b3
2817,2019,USF,SHF,EAGLE,9,1,1,10.58598,de2d3d19-ec27-42b4-a837-6d4837256b27
2818,2019,USF,ANF,LOWE,7,3,1,10.50961,2accf6a5-6c30-4a2b-8ac6-cc7ff951e3b8
2819,2019,CDF,BEU,LIGGETT,14,1,1,10.37625,bbd55e87-3323-4da9-b428-79c7ecb805b8
2820,2019,CDF,AEU,ELECTRA,7,1,1,10.23911,44e45d01-8afe-4ee0-b6d0-f00c85d7e1be
2821,2019,CDF,TCU,CRABTREE,9,1,1,9.96389,09f6975e-053f-4289-a15f-a7b217653984
2822,2019,USF,STF,ROCK,4,1,1,9.93289,28ea2dbf-4280-4313-bc58-516c51596cd9
2823,2019,CDF,SKU,IRONGATE,3,1,1,9.695025,fc14064f-9d54-4718-9d34-879f154de70e
2824,2019,CDF,CZU,DEER,5,1,1,9.367375,d5d5b37c-b5ac-40cf-8e22-d2424ed4156d
2825,2019,CDF,NEU,HAMMONTON,14,1,1,9.345996,50e2419c-8a13-4ebc-9c21-e80e3c627ed5
2826,2019,USF,SNF,HALF,1,1,1,8.951272,1caca9c7-8fe8-4423-a37c-a29059dc751c
2827,2019,USF,HTF,DIXON,1,1,2,8.948676,66023148-4945-4faa-a86f-2237e4d3dd3e
2828,2019,USF,SHF,JAKES,1,3,1,8.921084,a8fba565-95ab-4f73-bbce-c053a529ec59
2829,2019,USF,PNF,SNAKE,1,1,1,8.897158,e73f768e-84c4-40fc-8676-7977b29a1775
2830,2019,CDF,CZU,KING,11,1,1,8.221602,4b1f8119-7f67-4012-8f86-3732afa28fca
2831,2019,USF,STF,RUSHING,9,1,1,7.903546,70512790-61eb-40d6-baf3-3c3368761f37
2832,2019,CDF,SKU,HIGH,11,1,1,7.526093,7fc1d007-6486-4054-8c58-c6d3732ed9c3
2833,2019,CDF,MVU,GATE,14,1,1,7.226138,3cd7384a-83a0-46b1-aa50-b12d8b35d263
2834,2019,CDF,SKU,DUZEL,1,1,1,6.904544,cbd0273a-a0f6-469e-a9bd-da9e8ec3adcc
2835,2019,CDF,MVU,GREEN 3,14,1,1,6.311408,e0958498-d183-4f43-b0e5-586b3ed064ed
2836,2019,CDF,SLU,BELMONT,2,6,1,5.911667,c18b2acd-d5e8-43b4-854b-d65fe703f052
2837,2019,CCO,LAC,MUREAU,14,7,1,5.9004,b5d659b5-5bc3-4584-8795-6291c3c5d5ec
2838,2019,CDF,SKU,SCOTT,5,1,1,5.647906,d8d1dcdd-bf06-4310-b871-7c2efda1ae11
2839,2019,USF,PNF,GRIZZLEY TUNNEL,1,1,1,5.562233,40816c2c-e04d-4270-a9ff-d8355b4ab328
2840,2019,CDF,SKU,AUBREY,1,1,1,5.438107,177deb8e-c293-4d1e-84fb-84d38e26e4e4
2841,2019,USF,TNF,SUNRISE 2,14,1,1,5.259314,c3cbf5e4-a259-47e8-bf17-6b0bf42536c0
2842,2019,CDF,SLU,GLADE,2,1,1,5.21805,3ec9400c-a900-415c-9685-8d7d86873c54
2843,2019,CDF,SKU,CREEK,14,1,1,4.964133,c171bda6-9143-49b9-94e4-f60037ddadc8
2844,2019,CDF,SLU,RANCH,10,1,1,4.678437,65254c80-0566-4b3a-937a-1abdd546fa62
2845,2019,CCO,KRN,PHILLIPS,14,1,1,4.653334,19634b75-0007-4aa8-a6e5-ce829c648b1b
2846,2019,USF,INF,KELTY,14,7,1,4.613461,abb9b7c1-17d6-4484-975f-593419ba97af
2847,2019,CDF,SLU,TRACY,11,1,1,4.472729,dc20bfc2-5479-41d0-a805-359fe8e75676
2848,2019,FWS,SRR,DRUMHELLER SLOUGH,9,4,1,4.376543,47f2163e-a071-4baa-8cb3-cd5a4f543318
2849,2019,CDF,SLU,SADDLE BACK,15,1,1,4.286545,f9db4b78-69b7-4727-ac55-d82e5d4425c8
2850,2019,CCO,LAC,TOPANGA 2,14,8,1,3.962995,cfff5b74-ff2b-4ba7-8d00-c2530abee329
2851,2019,CDF,SLU,ROCK,14,1,1,3.804113,e0c55dbc-ef6f-4a14-a2d3-4681d215a292
2852,2019,CCO,ORC,BELLA COLLINA GOLF COURSE SCL ,14,1,1,3.76396,0de441f7-a533-4aef-98a4-fc0f9e6c1ca5
2853,2019,CDF,SKU,ETNA,5,1,1,3.236623,84e12690-09fe-4a3c-9993-2468c3b64f5f
2854,2019,CDF,SLU,SPRING,14,6,1,3.046854,a99dfcbc-b6ac-4b3d-8090-9edfd19e4324
2855,2019,CCO,KRN,CORCORAN,3,1,1,2.897731,84789ba5-53a0-4fe1-b278-7ba2c438487c
2856,2019,CDF,AEU,VINTAGE,2,1,1,2.438375,ceaf56a1-b1e9-4c8e-9868-e647202aaeb6
2857,2019,CCO,ORC,BLUE DIAMOND,16,1,1,2.29694,ef1c8a09-1321-4c0a-a4a3-317bb3efcd9a
2858,2019,CCO,ORC,WILLIAMS,14,1,1,2.147755,3dfc1208-e000-4a67-b14a-2308d273d5de
2859,2019,CDF,SLU,VALLEY,14,1,1,2.085021,24910b66-bd4c-4e07-ba15-45b9cf4e9f50
2860,2019,FWS,SPR,SEARS,10,1,1,1.98405,dccc7a68-030c-4e67-9c07-f8618422745b
2861,2019,FWS,DLR,DELEVAN T28,2,4,1,1.919023,62902b4a-39bb-4833-8799-e7ae927b7bbd
2862,2019,CDF,SLU,COTTONWOOD,10,6,1,1.908545,78c580ec-f71a-4df1-8686-3e048c851817
2863,2019,LRA,,PALERMO,14,8,1,1.816222,8978e163-daa2-42dc-9fba-43deb1fa297c
2864,2019,CDF,MVU,AIRPORT,14,1,1,1.677516,496b90cb-6493-4920-975c-edf775af8442
2865,2019,CDF,SLU,BUENA,8,6,1,1.671938,1618fd5d-fde4-459d-bfa6-5b0a6c064801
2866,2019,CDF,TCU,BURSON,14,1,1,1.399644,8c15605b-58ff-4b26-9487-9efe5d0b2f1e
2867,2019,CCO,ORC,BOMMER,10,1,1,1.322732,42f8e7f3-9e25-4ac4-81b8-424bd29927d2
2868,2019,CDF,MVU,MORRETTI,14,1,1,1.231062,1f4ffa67-472a-4817-b841-48bcce2f4e3d
2869,2019,LRA,,HOLLYWOOD HILLS,14,8,1,1.006725,7dc224f7-5c34-415a-8f1e-133e639607bc
2870,2019,CCO,LAC,LAKE 2,14,8,1,1.006445,8b5e0a47-cbbe-4b6a-96df-38021976859a
2871,2019,CDF,NEU,LOMA,2,1,1,0.9653762,3d13611d-2ee9-4dc6-8bcc-d4d1eff9b739
2872,2019,CDF,SLU,HELIOS,2,1,1,0.8129824,3af87d24-86b5-4512-bd5e-d0e5883e7716
2873,2019,CDF,SLU,HOLLOW,2,1,1,0.7589745,fbfcbe66-1a39-41d4-a1a1-f999ca874763
2874,2019,CDF,MVU,CAMINO,14,1,1,0.7218916,1a5fb3e1-579a-4b4e-93d3-1ab82eacdc45
2875,2019,FWS,FWR,TRESTLE,14,4,1,0.548332,c2a836fd-98c7-4862-a01e-fea0ac047f7a
2876,2019,CDF,SLU,BELMONT,2,1,1,0.3136398,0c87d7eb-60c6-461a-96f0-035829eb9931
2877,2018,CDF,LNU,RANCH,9,7,1,410202.5,ecf02c67-6cc0-4c66-bbeb-30696d8cc733
2878,2018,CDF,SHU,CARR ,10,1,1,229651.4,e4e1bf0d-c04a-4e65-a196-b7812374a1d3
2879,2018,CDF,BTU,CAMP,11,1,1,153335.6,e1118f7f-b1a8-43b6-b6d0-d03fe3b1136e
2880,2018,USF,SNF,FERGUSON,9,1,1,96831.23,a3d21bf7-4c0d-42fa-8a59-71bbe3527ecb
2881,2018,CDF,LNU,COUNTY,14,2,1,89831.15,a93595d1-84ac-4411-a96d-baae2cb3a94b
2882,2018,CCO,LAC,WOOLSEY,11,7,1,89551.38,d2ccfaf7-f096-4ffc-84c4-65388d90972f
2883,2018,USF,SHF,DELTA,9,3,1,63505.61,0160b53c-d296-411e-8ce0-acc214708deb
2884,2018,CDF,LNU,RIVER,14,7,1,48920.39,45e7654b-7669-46c4-bb29-039ee0523ee2
2885,2018,USF,SHF,HIRZ,9,3,1,40608.43,af5b562a-26c3-4e82-a68e-637be1f53341
2886,2018,USF,MDF,STONE,1,3,1,39584.29,17ae9e03-c0b0-4368-ac30-8572eaffd186
2887,2018,USF,RRS,NATCHEZ,1,7,1,38117.85,63ee0d62-3782-4646-8720-a5d351740906
2888,2018,CDF,SKU,KLAMATHON,5,7,1,38008.79,cd1a5f1a-f906-498d-a159-12a67bcd6d9c
2889,2018,USF,STF,DONNELL,4,3,1,36461.42,8c65edc8-fb6c-49a2-b432-68a28ac293fc
2890,2018,USF,CNF,HOLY,9,6,1,23025.4,dec91718-953e-4bca-b802-38ddf6e5178c
2891,2018,USF,LNF,WHALEBACK,14,7,1,18701.9,51405f75-3237-41fd-8cc5-f96fb6e4efee
2892,2018,CDF,LNU,PAWNEE,9,2,1,15196.92,a7e0b09c-5504-4ecb-a9d2-880c51d4243d
2893,2018,USF,SNF,LIONS,1,1,1,13461.37,727ea4e4-15a7-4efe-b955-426fe9a3d55e
2894,2018,USF,BDF,CRANSTON,7,3,1,13229.16,27f39179-b96a-4bb1-b984-af12d2685b18
2895,2018,CDF,TCU,WAVERLY,2,1,1,11759.62,80bde547-1dcb-4d23-95f9-e1acfd055754
2896,2018,USF,HTF,BOOT,14,5,1,6972.252,320a4c86-c27d-4809-a072-cf51787e627e
2897,2018,USF,SHF,MOORE,9,8,1,5574.379,0298c90b-c93d-4fb3-bc4c-8307248de462
2898,2018,USF,SQF,ALDER,1,3,1,4654.187,441d9ef4-3a52-423a-81b2-91d4dbe10f36
2899,2018,CDF,MMU,PLANADA,2,1,1,4564.095,1b42a2b5-caef-4f90-b8bf-af6e8a192259
2900,2018,CCO,VNC,HILL,14,7,1,4310.055,d34b7f30-2eb3-43c3-b6d4-a58567ce97b9
2901,2018,CDF,TGU,SUN,10,1,1,3866.888,d7391917-633e-477b-85e9-6f0aa2ca9211
2902,2018,BIA,HIA,MILL CREEK 1,14,3,1,3676.683,e7f17002-814a-4208-8b85-013d3fd4e744
2903,2018,CCO,KRN,TARINA,14,1,1,3516.185,b72e69e3-66cc-4f0e-a776-ca427d498e7f
2904,2018,CDF,TGU,LANE,7,7,1,3416.661,9fcc2d18-81da-4792-91f8-87ed0c4c4c9b
2905,2018,CCO,LAC,CHARLIE,14,7,1,3350.528,95bbbe21-4eb3-455e-9191-1fe1c98b74f2
2906,2018,USF,INF,GEORGES,1,1,1,2942.354,ea0cdb37-4bcc-4734-a663-c8c4a9f59fae
2907,2018,CDF,TGU,APPLE,2,7,1,2725.726,f4f8553a-8c23-4cdb-b9f5-b4ee810c33c0
2908,2018,CDF,LNU,SNELL,14,2,1,2488.218,79da167c-ed47-4a08-8b28-e95b4b81056f
2909,2018,CDF,TGU,CHROME2,9,7,1,2259.095,cc86dd86-7b65-45f2-8383-b5b791783632
2910,2018,CDF,BEU,TURKEY,9,1,1,2222.979,c0bb2e1c-40ab-448b-9a4b-7b58dc7f0a5a
2911,2018,CDF,LNU,NELSON,9,2,1,2158.429,527f1e49-1596-4c21-95a9-44d8399adb60
2912,2018,BLM,NOD,EAGLE,2,7,1,2097.884,dbc38f09-839b-4c6f-834b-da9b900a0ade
2913,2018,CDF,BDU,PLEASANT,7,2,1,2075.696,a1fb9074-1f76-4cc8-b21c-75112f7f6d51
2914,2018,NPS,KNP,EDEN,1,5,1,1777.595,832b3132-d787-42b0-9fcc-2c61127e838e
2915,2018,CDF,SHU,HAT ,9,1,1,1769.335,cb2b4d42-2975-4368-901e-7368bebc9be0
2916,2018,USF,SHF,KERLIN,9,3,1,1752.566,f5510c92-0797-40de-88ff-267f439c77f7
2917,2018,CDF,MMU,NEES,2,1,1,1739.069,e629405b-4ee6-40fa-8089-7f73dec5ae3a
2918,2018,CCO,LAC,STONE,2,7,1,1350.647,d1318ce6-dede-4413-8bd7-fbfbca03dd02
2919,2018,CDF,BDU,VALLEY,9,1,1,1343.208,26bbffe1-6241-4da8-af63-a8298a3362ee
2920,2018,CDF,BEU,AIRLINE,11,7,1,1312.841,b2fd5914-8e0e-4c03-abad-9aabbe836df1
2921,2018,USF,SQF,MOUNTAINEER,1,3,1,1270.737,8762b737-26cc-47cd-8736-86e4fdae43d9
2922,2018,CDF,RRU,PATTERSON,2,7,1,1260.987,5adfe99c-0b0b-4293-a86f-434cb355f325
2923,2018,CDF,BDU,MOFFAT,4,2,1,1253.925,9ca4083f-eace-40a9-9dc8-86cd7c6ec8ce
2924,2018,DOD,MCP,PENDLETON COMPLEX,14,4,1,1237.654,45d0ddea-400f-4486-8736-620b16a2ab55
2925,2018,LRA,NEU,BUTTE,14,1,1,1237.57,efe9bf5a-6fb7-47a6-89d2-3f20d027a2d8
2926,2018,CDF,SHU,DUMP,7,1,1,1220.089,5246f935-25ac-44a9-91cc-4fb1cef892ff
2927,2018,USF,TNF,NORTH,4,1,1,1119.772,2f087173-99cd-4907-b699-02de95a6b0da
2928,2018,USF,LPF,FRONT,9,1,1,1013.329,cb17c724-5840-4b1f-9234-c1af012b9fce
2929,2018,CDF,BTU,STONEY,14,2,1,954.6071,d4c17321-9704-44cc-b2f5-b3f194fc3afa
2930,2018,USF,MNF,EEL,9,1,1,939.2842,056b155c-9546-4d37-8727-91e875e342f5
2931,2018,CDF,AEU,IRISH,2,1,1,824.9778,84fe674f-cfe9-48c0-91dc-99c24c0d4532
2932,2018,CDF,LNU,EIGHTY EIGHT,14,2,1,822.23,af4da735-4eb8-4457-894a-2d5316b83881
2933,2018,CDF,TGU,DALE,14,1,1,722.3575,69443c31-859b-423c-8a08-f1b3e1dd42c2
2934,2018,LRA,NEU,SUNSET,14,1,1,692.5414,5dbd46d2-7d74-4f9e-9ce7-935895f1877c
2935,2018,CDF,BEU,GULCH,2,1,1,683.0506,c713e615-7740-42d9-be31-38b41a511086
2936,2018,BLM,NOD,TUMBLEWEED,10,7,1,645.414,63c85db3-cfeb-4860-b416-aa6930b44ca1
2937,2018,CDF,SCU,GRANT,9,1,1,632.3281,9db3d550-5903-425a-979b-961f9c5b1ed0
2938,2018,CDF,TCU,TULLOCH,10,1,1,574.9939,70480fc9-95fd-4f72-b4ca-e5c9d28dc359
2939,2018,CDF,BEU,EASTERN 2,11,1,1,528.1719,a1c75e8e-2a88-4977-8667-45f5e590e88b
2940,2018,USF,CNF,WEST,2,6,1,505.3996,8f7ebbb0-fb5e-4174-8d3a-accaa54b0390
2941,2018,CDF,TUU,RIVER_7,14,1,1,496.1956,3a060a45-99da-45c1-b13d-34484530560d
2942,2018,DOD,FHL,NACIMIENTO,14,4,1,466.3767,816b6102-6084-4b43-b220-2d5ff56c2096
2943,2018,CDF,BTU,JUNES,5,6,1,450.773,2f5af87a-0f6f-4a54-bd16-d79f1c10655e
2944,2018,BLM,CND,HOT CREEK,1,1,1,436.2319,b331a906-d6cd-4c38-8c06-37bbeeb92b0b
2945,2018,CDF,MMU,ONEALS,2,1,1,432.8582,0a0b65ae-5341-42ba-859e-c6a2542f9e47
2946,2018,CDF,LMU,HYATT,8,1,1,431.5368,d8987514-9ae9-49cb-8b7e-346b805a700c
2947,2018,CDF,BEU,METZ,11,1,1,411.9871,51ac6d59-ba52-4258-be0a-dba60d20e73b
2948,2018,CDF,SHU,PANTHER ,7,1,1,386.1122,2f8001ad-2e87-4cee-b768-3146e760c0d9
2949,2018,USF,SQF,CALL,9,6,1,367.6508,189ad579-25cc-4b59-b006-8aeca881dfe3
2950,2018,CDF,MMU,OAK,8,1,1,359.3124,f5c1a701-978a-4fdc-b21f-fa64fb191ed0
2951,2018,NPS,YNP,INDIAN,1,1,1,358.2132,28fcdf56-dd9f-4674-b53a-9e325ce80f84
2952,2018,CDF,BTU,SHIPPEE,11,5,1,357.3438,e52a26bd-c358-426b-8964-adeb10448ca3
2953,2018,CDF,SHU,BASCOM,2,2,1,336.7269,3a5d501d-95cf-4899-b96a-9f236339f2e3
2954,2018,CDF,MVU,PASQUAL,14,6,1,327.5861,54e1b284-442e-4a93-8fb5-c0966600f090
2955,2018,CDF,SCU,COUNTRY,14,2,1,321.4045,56e13378-0bf7-4e48-a212-16238e84dc9e
2956,2018,CDF,AEU,SHINGLE,7,1,1,315.9945,535028d5-5c06-4740-9012-19622291eec7
2957,2018,USF,INF,OWENS,1,1,1,308.7849,92d26169-8905-49bd-afac-281080d8dce4
2958,2018,CDF,TCU,SOUTH,10,1,1,292.3123,2048b3ee-9233-42e2-beeb-8991582b337a
2959,2018,CDF,BEU,SAN ARDO,9,1,1,287.0119,91046243-014d-446a-bedd-4c4159c658e3
2960,2018,CDF,RRU,SKYLINE LRA,14,2,1,281.6225,1a13778c-723b-4315-b75b-1c6d4fd4de17
2961,2018,USF,CNF,SKYLINE,9,6,1,281.6225,226d225d-71e6-4d90-95c1-a95e5be156ee
2962,2018,CDF,BEU,PANOCHE 2,9,1,1,266.1002,f9dea109-48c2-4ab0-8ee8-93f8c8da8d56
2963,2018,USF,LNF,WILSON,9,1,1,261.3726,49c82ff5-5741-4401-91ba-3c7eed788ea8
2964,2018,CDF,TGU,STOLL,14,1,1,258.6872,64dd2511-fe5b-449a-a204-c26b437df3bb
2965,2018,NPS,CNP,SANTA CRUZ,18,1,1,258.4481,3bd3afb1-35bb-43cb-ab4e-89bd392f11c9
2966,2018,CDF,LMU,ROXIE,14,2,1,256.1456,af0bbafd-c5a4-466f-b167-50c6e925fef0
2967,2018,CDF,MVU,RECYCLE,4,1,1,248.3807,67b75105-14e1-46e4-adcc-c6d7854ed72b
2968,2018,CDF,SCU,MARSH,14,1,1,247.0501,5a708bcd-18a3-48fa-b152-9acd90bc2978
2969,2018,USF,SRF,GRAPE,5,8,1,244.0183,cff12aca-1f23-47b1-b952-0836d22942a0
2970,2018,USF,KNF,PETERSBURG,9,8,1,225.5981,26c24203-2ce2-48f3-a07c-7b3711470a62
2971,2018,CDF,SKU,STEAMBOAT,1,1,1,223.8636,43a91360-ed17-4855-9181-f74d54812a01
2972,2018,USF,BDF,RIBBON,14,8,1,222.283,6ad270f2-14fc-48ab-bc4f-1e5cd0703252
2973,2018,USF,MDF,BATTLE,1,1,1,220.3255,f28dbd91-5e7b-4cae-b869-3115b86b8aec
2974,2018,CCO,LAC,FAIRMONT,14,7,1,219.2987,ba4ffbb2-2b22-458a-b2ef-bb0109fca17d
2975,2018,CDF,BEU,PANOCHE,14,1,1,213.3461,d6280548-c515-4f28-8d7f-8f74703c1d42
2976,2018,CDF,MVU,ROCK 5,14,1,1,206.2568,6d6a6352-edb6-419d-baba-af2c5a387f77
2977,2018,CCO,KRN,ROUND,14,1,1,201.6082,3826b18e-fadf-4ab4-9d37-137ade4ee832
2978,2018,CDF,AEU,DUTCH,14,1,1,197.5548,7b8ec995-a6b5-4f42-87c7-bb51c8bd4121
2979,2018,CDF,BEU,BEAVER,9,1,1,194.3561,f580624a-fedb-48bc-a6f4-ae329fb00b89
2980,2018,CCO,SBC,WASIOJA,11,1,1,189.5374,82b1854d-f5a3-44cc-af0c-13b416df354e
2981,2018,CCO,VNC,PEAK,9,6,1,182.1956,7258f552-06b2-444a-97f4-981bbc00fe25
2982,2018,CCO,ORC,ALISO ,14,1,1,175.7186,acb255ac-7a95-47ce-a56c-ae57b823d9e2
2983,2018,CCO,LAC,SOUTH,14,7,1,175.1159,1abf0019-d035-4a61-aa4f-7ee23a6bce7e
2984,2018,NPS,KNP,NORTH BUBBS,1,7,1,173.5151,59782847-bdd4-4874-9198-8a8896a3ca39
2985,2018,CDF,BEU,PRIEST,2,1,1,171.9416,8376ffd6-5d66-4937-995f-5745ef85b109
2986,2018,USF,LPF,OGILVY,1,1,1,165.2615,000c4a20-ea02-4069-9223-086f1715d410
2987,2018,CDF,TCU,FLAT,14,1,1,163.3823,02020b56-26ec-4129-8028-4b91116654cc
2988,2018,CDF,RRU,EUCLID,14,1,1,156.3773,a4ee8ff6-df20-4b8b-a4aa-d5b799630610
2989,2018,CCO,ORC,SANTIAGO,14,1,1,154.9657,d270a6c7-6547-4ce5-90e8-8784bfb05567
2990,2018,CDF,SHU,GORGE ,14,2,1,154.5624,561faf09-4fa9-4955-a990-f1ce3603d725
2991,2018,CCO,VNC,BRIGGS,14,6,1,154.4603,a7215890-c17f-4ff0-80b9-537a961d9c3a
2992,2018,USF,ANF,FORK,9,3,1,138.7085,ceae6852-2f09-45fd-8fd3-8842141a081e
2993,2018,CDF,LNU,STEELE,14,1,1,136.7954,98005c43-2f50-41f1-abca-6cd72bc70818
2994,2018,CDF,TCU,PARROTTS,14,1,1,135.9872,73f89be4-3342-419a-89f5-a355da351ba5
2995,2018,CDF,AEU,SLIGER,14,1,1,134.9016,500e7838-110e-4f9b-8388-f5c16050bfec
2996,2018,CDF,SHU,FLAT,14,1,1,129.755,08293e2e-9e5e-4437-b18f-ab582a96a971
2997,2018,CDF,MMU,WHEELER,14,1,1,124.7975,2fd148a1-a016-467d-a1a7-f118d0080c2a
2998,2018,CDF,LNU,SPRING 2,14,1,1,121.8599,6bd2488b-fb59-4fcd-86f6-3246c35422cf
2999,2018,CDF,SCU,BRIDAL,14,4,1,120.3432,e1a1e1b6-79ac-41c3-a07f-443147347d87
3000,2018,CCO,SBC,HOLIDAY,14,1,1,118.0118,a00523a1-9cae-4885-9df2-6ddfbbe8fc9a
3001,2018,USF,PNF,MURPHY,9,1,1,117.0756,bde80701-db02-4ba9-8f66-d2a48d903f27
3002,2018,USF,MNF,OPEN,7,8,1,113.0089,0aaab2a7-60fd-4d80-81aa-a319155d1a79
3003,2018,CCO,KRN,PINE,14,1,1,111.3694,49783d41-5622-4d00-82ce-36a12f71cf09
3004,2018,CCO,LAC,PICO,14,7,1,111.3536,f78d9d06-ce73-4a70-a685-72009928af55
3005,2018,CDF,BEU,IDRIA,9,1,1,110.1655,ba79d578-c646-4cfb-b508-36b02bf1bc15
3006,2018,BLM,CDD,AGUA CALIENTE,11,1,1,108.6614,cca3df75-b6f3-4290-8023-8d755b08b944
3007,2018,CDF,FKU,COBBLE,2,1,1,108.4346,1c0ec5d6-d24b-4caa-b418-20d7ecd52c09
3008,2018,CDF,TGU,JELLY,2,1,1,107.0562,6026fd43-ba31-4748-abed-271f5a8f8888
3009,2018,CDF,TCU,COOPERSTOWN ,7,1,1,106.9955,4d8b8115-f2dc-4dc9-9497-01cfe3c211dd
3010,2018,CDF,LNU,CACHE,14,2,1,103.5501,7622c93d-a2b6-4f0b-9b72-0717e692d42e
3011,2018,USF,SQF,WOOD,1,1,1,97.18737,c75f98b4-88d4-4771-8e7f-f5aa0e508c43
3012,2018,CDF,SHU,CORNER ,14,1,1,94.28287,147f47f8-ceb4-487a-8d77-bd985acd1924
3013,2018,CCO,SBC,WINDMILL,2,1,1,90.147,d061149b-2366-4bec-b7cb-ba73fb6c9aa0
3014,2018,CDF,SLU,WATER,11,1,1,87.86208,873c922c-0c4d-4ded-b184-9bb4bac2848f
3015,2018,USF,PNF,CROCKER,1,1,1,87.34658,fce24309-787c-4dd4-b229-a292f6d17569
3016,2018,NPS,KNP,DENNISON,1,5,1,87.07478,b11a05fa-650d-491e-b284-75cef179d2d6
3017,2018,BIA,HIA,SIGNBOARD,14,3,1,81.15428,d565001f-84f8-4e61-8709-18c5d0d00f5e
3018,2018,CDF,SLU,SHANDON,14,7,1,80.10158,13cf6d31-5004-4a45-8e82-ec0be0a4cd47
3019,2018,USF,MDF,JUNIPER,1,8,1,79.80875,854e7ddf-db49-47d8-9114-b85e56d5e0c2
3020,2018,CDF,TCU,HORSE,14,1,1,79.39225,a3819b1d-aa5f-4816-83bd-27ff43b2b196
3021,2018,CDF,FKU,ANCHOR,7,1,1,78.95502,23cca26f-e204-4f15-99f8-55ef9d1728ec
3022,2018,LRA,NEU,SANKEY,11,1,1,77.71261,ea0b66da-9533-450b-9df7-cca05757c1ed
3023,2018,CCO,SBC,CRUCES,10,1,1,77.55305,a59120ff-fd94-47d9-b3dc-3dd84d4c5cdb
3024,2018,CDF,TGU,CHROME,9,7,1,76.9834,d5e6fae5-7a33-4bc1-887e-9d5b820b0a89
3025,2018,CDF,LMU,3-16 PIT,1,1,1,76.45523,ecf00a44-3d95-4d6d-8f35-f823cc285e23
3026,2018,CDF,SHU,CREEK,7,1,1,71.65475,af35292c-4b5b-42bc-9d5d-089e86d6a5c0
3027,2018,CDF,SCU,TESLA,14,2,1,70.0204,7e8c5c0d-0e64-4e3b-96f2-9bf9163f60a4
3028,2018,CDF,BDU,STERLING,9,1,1,69.48309,5242e1bb-43b3-40ec-b9bb-a7e234deedc8
3029,2018,CDF,AEU,BUMPER,14,1,1,66.73654,306c8fe3-f528-485c-82b5-e22fcc96013a
3030,2018,CDF,AEU,OMEGA,14,1,1,66.69245,6e139ab2-c4b6-4a09-9f12-774a05f6a953
3031,2018,CDF,AEU,LIBERTY,5,1,1,63.63537,6ed6a03c-bc05-4d92-92aa-79a3319d4465
3032,2018,USF,KNF,CHERRY,5,8,1,62.81454,88093fd5-d29a-405b-a75f-3529177b1c37
3033,2018,LRA,NEU,NEWTON,14,1,1,62.26523,747a8d62-99bc-41a2-830e-a7b849b9c503
3034,2018,USF,LPF,CANYON,2,1,1,62.01245,4732f8e2-b78f-4d15-8a01-1c31eb176f4e
3035,2018,USF,BDF,BOX,2,1,1,61.23165,7b4c544c-eaf6-4715-b41d-9a1b39b8c100
3036,2018,USF,MDF,MEADOW,1,1,1,60.63672,ab4bdabe-9807-4da1-b804-eaa54f1af7df
3037,2018,CDF,SHU,CRESTLINE ,14,1,1,60.4863,7131ed5f-5379-45ee-a3a0-97fdafb15082
3038,2018,CCO,VNC,YOSEMITE,14,2,1,60.45642,26adab02-924e-4afb-bd54-01e4460e8f71
3039,2018,CDF,SHU,SILVER,14,1,1,60.24594,dd341628-e17e-46e2-9ce7-8f7251402b73
3040,2018,CDF,BEU,MANZANITA,11,1,1,59.66168,4352bcfd-b078-4f87-9661-ef647fdd81b6
3041,2018,CCO,SBC,HAPPY,11,1,1,59.46514,9877ffb0-50a1-48fc-9a0b-e42b72ff1593
3042,2018,CDF,SLU,VISTA,2,7,1,59.22106,0e145a95-44a7-4b78-9c32-e1539cd59515
3043,2018,CDF,MVU,AGUA,14,1,1,59.08208,fc11d5df-e569-4bdc-b4af-0d2a611ec152
3044,2018,CDF,SLU,CAMINO,10,7,1,58.5271,f90f95bb-c6a2-488b-a486-c098ad30bc48
3045,2018,CDF,LNU,GRADE,14,1,1,58.4351,5243f590-f8ef-4cdf-b14d-e1facfdfa33c
3046,2018,CDF,LMU,3-10 VALLEY,1,1,1,57.03822,b89f045b-32d0-4f4e-9a39-2c22d3d2aca8
3047,2018,USF,LNF,H-2 CAMP,1,8,1,56.61373,bb6982af-e255-4874-ab67-e5e6869d065b
3048,2018,CDF,SLU,CRESTON,10,1,1,56.45403,f327e171-e24b-4638-8381-17e14aa79da4
3049,2018,CDF,TGU,ADAMS,11,1,1,55.53146,6ae1048c-6d9a-4653-8517-597d289e79b9
3050,2018,NPS,YNP,RANCHERIA,1,7,1,54.72084,dc96e1ac-156b-4648-bd2d-01817ec89c9a
3051,2018,CDF,MMU,BOYER,2,1,1,52.851,c2c020c3-62f0-4b2c-9805-d1d0fa92f34d
3052,2018,USF,MDF,KELLY,1,1,1,52.75735,bd1775f9-892f-4291-a71d-2c6311d9f8d6
3053,2018,CDF,LMU,COPPER,7,1,1,52.65708,c451de12-b115-4a59-ade7-5eba3b06ce97
3054,2018,USF,BDF,KENBROOK,9,1,1,51.38762,51399761-70ef-4af6-bb5c-bb045457286d
3055,2018,CDF,SLU,RESERVOIR,11,7,1,51.21738,9219d1f5-537d-4272-b70b-7985d4210eba
3056,2018,CDF,AEU,GRANT,10,1,1,50.66001,d9895389-b4dc-43d1-b1ad-e40ed830f54a
3057,2018,CDF,LNU,CARDER,14,1,1,50.16753,ffdd5174-e148-46be-bec5-91a7352f91d5
3058,2018,CDF,FKU,AQUEDUCT,2,1,1,49.1616,9e7e485b-5135-4174-9b79-1dcc8f0e1755
3059,2018,CDF,SLU,SPRING,10,7,1,46.9971,4759e32c-9a97-4c55-8459-32ba1c307a65
3060,2018,USF,INF,LOST,1,1,1,46.22608,b351754a-1fe1-4c39-be2d-78fabee47eb2
3061,2018,CCO,KRN,LEBEC,14,1,1,45.50365,19e0dd30-fa75-49a8-b3ab-2e34914f36a1
3062,2018,FWS,TNR,AGUA,2,1,1,44.07315,e7008350-6e5f-4f83-83fd-73f84dd9a0df
3063,2018,CDF,FKU,EDISON,18,1,1,41.26192,afed131b-291a-4760-ac57-acf251bf4e59
3064,2018,CDF,LNU,EAST,14,1,1,40.67442,a9c83139-0c72-4834-9c59-9fa637a31b9d
3065,2018,LRA,NEU,BUTTE_2,14,1,1,40.30326,b3ba1283-0add-4a77-a1e4-836a85ac0aad
3066,2018,CDF,BEU,HIDDEN,14,1,1,38.78732,2ce4877a-f5af-433b-9642-5b4ec032ff73
3067,2018,CDF,SKU,MARTIN,5,1,1,36.80684,64101381-d2bb-4f03-9966-a2e2e961fe0d
3068,2018,CDF,BEU,FAIRVIEW 2,11,2,1,35.76863,5be37745-d95c-48ac-8777-a1f6756790ef
3069,2018,CDF,LNU,RIDGE,14,2,1,35.20044,52526d62-7b04-43d8-b21d-d96f951d0089
3070,2018,LRA,,NORTH PARK,9,1,1,34.76906,356cf635-eb42-42a6-8d13-22ceb8337a02
3071,2018,NPS,KNP,HORSE CREEK,1,7,1,34.51646,ca256021-0c44-431d-891b-c33b446494e6
3072,2018,USF,BDF,CREEK,9,1,1,32.7047,a14c10c3-82bc-468c-9738-e2d4ab573fa0
3073,2018,CDF,BTU,SIMMONS,7,5,1,32.67687,1ea2325c-af6c-4cba-9798-e9e993ef14a7
3074,2018,CDF,LMU,3-18 SNAG,1,1,1,30.36902,498dae48-2b05-49aa-9f85-172dc46ecf3f
3075,2018,USF,SNF,EAGLE,1,6,1,30.34471,0bae82ea-f220-4310-87f0-0b59bf67f57f
3076,2018,LRA,NEU,NELSON,14,1,1,30.20745,6a27d4cf-4be3-4781-b9d1-6ee3eb4ace1d
3077,2018,CCO,KRN,PEPPER,14,1,1,29.90837,d0b8f8dd-fa47-4662-b4f8-51b434e0ba03
3078,2018,CDF,TGU,LARIAT,14,1,1,29.66777,0dce62a5-9f7c-4a16-a4a9-16e8ca4dd4f0
3079,2018,CDF,MVU,BORDER 8,7,1,1,28.34346,ee3f43de-6c2a-4318-9c99-2dda20b0224d
3080,2018,CCO,VNC,OLSEN,14,1,1,27.95707,b890774f-aaca-4606-bb38-4143d7acd180
3081,2018,USF,MDF,QUARANTINE,1,1,1,27.65091,b674829c-ec8e-45ed-a64f-1551c22dc904
3082,2018,CDF,TCU,WILDCAT,9,1,1,26.81759,29285264-daa8-4b73-9d8e-c56ef976f54a
3083,2018,CDF,SLU,VINEYARD,2,6,1,25.31846,32a729ce-0798-4408-be54-f7a0357e263e
3084,2018,LRA,NEU,THORNTREE,14,1,1,25.00915,929ec36c-2a63-4231-9199-3628ea04a421
3085,2018,BIA,SCA,MARTINEZ,14,7,1,24.77533,fd88365d-9e64-44d8-9283-6c319e46c357
3086,2018,CDF,LNU,KELSEY,14,1,1,24.47021,119f66a1-29c6-4de5-885d-39800c1fb734
3087,2018,CDF,FKU,UTICA,2,1,1,24.16482,edc94536-7dd0-485a-aad1-10097757c97a
3088,2018,USF,KNF,COUGAR,2,8,1,23.98479,76548589-e8a7-4ef4-86f0-cca549c88890
3089,2018,CDF,NEU,SPENCE,9,1,1,22.57155,ff1f50fa-6234-453e-8514-eaf3acdcefd9
3090,2018,LRA,NEU,RANCHO,14,1,1,22.12473,b9e7763a-1adf-46a6-ba8a-9b1b6d4a3326
3091,2018,CDF,MMU,WAGNER,11,1,1,22.00858,ac1aed5d-e681-40d8-af24-7e7ab6c71e91
3092,2018,CDF,RRU,SOBOBA,14,1,1,21.58016,c62e0324-2393-4dc6-9923-d729ec17ee4a
3093,2018,CDF,TCU,CARTER,9,1,1,20.33479,7c3c875d-8bca-40b3-b931-77227ccb8c73
3094,2018,USF,PNF,FRENCH,5,1,1,20.24249,376de7b5-138c-4f45-9982-d663f4da6d41
3095,2018,USF,LNF,SPRING,1,1,1,20.04257,f9a7cb22-652e-41df-9775-9b16350f8436
3096,2018,LRA,NEU,BASELINE,14,1,1,19.92144,51be19b6-3419-4678-9f78-3b7923647b1e
3097,2018,USF,MDF,ESSEX,1,1,1,19.30635,3d379b91-ddba-46fd-9f48-f5fcbd220eac
3098,2018,CCO,SBC,WOODCHOPPER 1,11,1,1,19.23786,095f5676-eaf5-43e7-8ca5-c7a0a9df7708
3099,2018,CCO,KRN,DERBY,14,1,1,19.21136,b328cd2a-304c-4edc-8394-ec2363a754a0
3100,2018,USF,SQF,MOSES,1,3,1,19.13519,592bc854-6cf8-4692-8cbc-28ebfc439505
3101,2018,USF,LPF,ADAMS,1,1,1,19.0031,c15cdd26-1eb4-43f9-8994-f73410245927
3102,2018,CDF,TCU,LAKE,14,1,1,18.63135,5a15e595-a461-4d4d-a03a-1eecb8fca6a5
3103,2018,CCO,LAC,HEFFNER,14,1,1,17.8683,a7213a9d-42f1-423a-ae1c-a44f0c6ec399
3104,2018,CCO,KRN,,14,1,1,17.67473,da445a92-09e7-48c2-bc89-2dcfc8a12e3b
3105,2018,BLM,NOD,LIKELY,10,1,1,16.19212,ae0b6cea-8f8d-4bc2-a0d6-8748b2217e30
3106,2018,CCO,VNC,CASITAS,14,2,1,15.85888,2372ae50-ae27-4b31-a576-868f1a022762
3107,2018,CDF,BEU,GABILAN,5,1,1,15.67677,6025eb13-9905-468a-b2c8-b2ec5afc5bb9
3108,2018,CDF,CZU,RINCON,14,1,1,15.64786,4a165488-1381-49c3-80bd-906c4f05671b
3109,2018,USF,SQF,BASKET,4,1,1,15.45422,25ecfd17-95dd-4426-ad63-20998f0d47e3
3110,2018,CDF,LMU,COYOTE,1,1,1,15.42562,7c731873-d06d-422b-bed5-bfb1de646426
3111,2018,CDF,HUU,JOHNSON,7,1,1,15.26755,a0cf467d-6d4a-4f52-8557-d43b04fcaeb3
3112,2018,CDF,SKU,IRON GATE,2,1,1,15.11181,f55eda6f-b65a-4cd4-9991-64b3fa3a89dc
3113,2018,CDF,TCU,RIATA,9,1,1,14.5872,131dde86-875f-48fc-90f7-b2b9cc3b8d9a
3114,2018,CCO,LAC,COMMERCE,11,1,1,14.20331,fad1b3f8-a455-4ed7-93bc-2511e2c87c66
3115,2018,NPS,YNP,TILTILL,1,1,1,14.10365,96e9552b-e6a0-40f7-9193-da2e8534e4d2
3116,2018,CDF,FKU,RUTH,2,1,1,14.02408,a502237f-ab22-4733-b778-65b2aacc1431
3117,2018,USF,ANF,SAN,4,1,1,14.01697,8eded7ea-b901-4564-9fa8-b1863b17ec89
3118,2018,CDF,MVU,CASNER 2,2,1,1,13.91525,476ff348-217a-4bc9-95f1-fe868c766323
3119,2018,CDF,LMU,TERMO,10,1,1,13.88662,d21898f1-b5d5-4fd5-b982-d938c1b262af
3120,2018,CCO,KRN,,14,1,1,13.65057,375604c9-c528-4cb4-abc0-adc74b460d7b
3121,2018,CDF,SLU,CAMP,11,1,1,13.53527,2df56ac9-94ed-4bd9-8729-2e76a7066d83
3122,2018,CDF,LMU,RICE,14,1,1,13.49836,cb225c05-f6fd-4371-9e85-8332a715a1d7
3123,2018,CDF,AEU,INDIO,10,1,1,13.11449,311979ab-8bd9-48c1-a701-25fb805b0eeb
3124,2018,USF,CNF,MONTE,14,8,1,13.08842,7797ef68-b6fa-40fa-a09f-a43ea463a4e6
3125,2018,CDF,HUU,MATTOLE,14,1,1,13.00193,fdd3c6b5-8154-4961-b6e7-9cf088aea136
3126,2018,CDF,LNU,MADRONA,14,1,1,12.97519,a8c0d823-2170-4757-b76b-a5023f274d4f
3127,2018,CDF,SLU,RESORT,14,1,1,12.95728,1bc0e4ef-627e-429e-acde-a17d8138de9f
3128,2018,CDF,LNU,BELLAGIO,14,1,1,12.94914,e3d9432b-c08b-41b9-8a68-685f6c8609f3
3129,2018,CDF,BEU,RANCHITA,10,6,1,12.85658,99b66608-8003-4408-96b1-42600fc3c641
3130,2018,USF,SQF,HOOPER,9,1,1,12.80577,5a3054c4-7249-4ff3-9141-c30bf3987d60
3131,2018,CDF,NEU,THOUSAND,11,1,1,12.74557,6fb8d357-b5d3-45da-a6ae-509878819f57
3132,2018,CDF,SKU,HIDDEN,5,1,1,12.39872,36479f18-3206-4f5f-9d5a-cbb975809922
3133,2018,CDF,MVU,BORDER 3,14,1,1,12.29894,fe200c97-e539-4644-85d2-642ef2b71f76
3134,2018,CDF,FKU,COLDWELL,7,1,1,12.29649,4e352387-1c3e-467d-8536-8329f12eccd9
3135,2018,USF,ANF,DEL,10,1,1,12.19321,0077606d-343e-40ab-94fa-c1a9f0f062de
3136,2018,CDF,MVU,VISTA,14,1,1,12.10395,07117ab6-ac79-4476-8edf-6a6afd7daeec
3137,2018,CDF,LNU,MADISON,14,1,1,12.08517,4f8197fd-4abb-4f7e-ae25-137b43b85b4a
3138,2018,CDF,MVU,CINNAMON,2,1,1,11.99425,5a59c89f-e1b3-4d6c-8ced-e9a6933cff3b
3139,2018,USF,HTF,SILVER KING,14,3,1,11.84939,4c92d73c-9e22-4ab0-9370-aec1476c2c9f
3140,2018,CDF,FKU,ELEPHANT,2,1,1,11.74929,d725fef7-bedd-4e0a-803e-433e5f24e915
3141,2018,BLM,CND,MCGEE,14,1,1,11.73649,1a28eddf-8373-415c-b9cb-8f9a351733cb
3142,2018,BLM,NOD,CONSTANTIA,14,1,1,11.72882,9e3140ce-ab41-4e9e-a5cc-3651b88eb51b
3143,2018,LRA,,KING,9,1,1,11.45533,fe6c4c45-ad5c-43c2-ac03-cfcc7c51c8db
3144,2018,CDF,MVU,CHURCH 2,10,1,1,11.04537,2d55be25-043f-43bd-ab86-23376a0b863e
3145,2018,CDF,BTU,DARK,2,1,1,10.91887,4391aee5-ca5c-47cc-8fe1-4f8857019967
3146,2018,CDF,FKU,SYCAMORE,14,1,1,10.56412,6ca4fa2b-1ed9-4699-8d7b-ef8f5c0eb4cd
3147,2018,CDF,MVU,BUILDING,9,1,1,10.41985,827d9214-652e-49f0-b5e2-6603666731e9
3148,2018,CDF,BEU,GRIFFEN,7,1,1,10.36754,6e1f0716-992f-4f1d-8d61-f0396c2741af
3149,2018,USF,STF,SODA,14,1,1,10.33024,0f50545f-215d-4a1d-8fe8-6100b6fa976e
3150,2018,CDF,FKU,SHEPHERD,2,1,1,10.21674,b8a4f569-6b0f-4994-b867-4f82b6bf6040
3151,2018,CDF,LNU,SYAR,14,1,1,10.19067,bb7ce8bb-b02a-4aa3-9759-e49598a08d5d
3152,2018,CDF,AEU,MYERS,14,1,1,10.13181,e7ff7461-191f-47c5-b091-3ceea0aaa9b3
3153,2018,CCO,VNC,LYNN,14,1,1,10.07955,42641e4f-fcf1-4269-a0e0-4bbb2dcfd353
3154,2018,CDF,FKU,FRAZIER,2,1,1,9.833247,e6825863-751f-462a-8128-ce1c1040de19
3155,2018,CCO,VNC,TAPO,14,1,1,9.722479,45edc2e1-73bc-4ef5-a498-8c1ac24daad3
3156,2018,CDF,TCU,WHISKEY,14,1,1,9.709066,fba21548-d605-45ce-b0a1-d576707a4ada
3157,2018,CDF,LMU,3-13 MUCK,1,1,1,9.685986,407b5587-7ac1-4c03-a5d4-253fc52f048d
3158,2018,CCO,LAC,DULCE,15,1,1,9.17901,4345b742-09b9-4ed3-ba6f-09c167b57334
3159,2018,CDF,CZU,BEAR,14,1,1,9.018476,536f6775-71a5-46da-a241-a22a68313cb9
3160,2018,CDF,FKU,SHELL,2,1,1,8.838486,ca30402e-538b-4f53-80a7-d73a958c745d
3161,2018,CDF,NEU,OAK,14,1,1,8.581826,5d170375-39a4-42fa-b871-f115f0b6bee3
3162,2018,CDF,HUU,SCHOOL,9,1,1,7.95544,8addec61-b500-49ec-a11e-f87199b05b2e
3163,2018,CCO,LAC,BRIDGE,11,1,1,7.767941,b107e3a5-79b7-4956-959c-ab55a5198425
3164,2018,CDF,SHU,HONEYBEE,7,1,1,7.635206,e8826afc-e8d2-4c7d-85fb-ceb05b58c92c
3165,2018,CCO,ORC,TALBERT PARK SOUTH,14,1,1,7.518083,7f4aed01-db8f-491e-870e-b1cf2f49df9c
3166,2018,CCO,VNC,TELEGRAPH,14,1,1,7.057304,a44243ec-56c4-405a-87a4-001e5e09d13f
3167,2018,CCO,VNC,HARBOR,14,6,1,7.0504,ab26e26c-cd1b-42d5-9b18-0bbf6b34cfe7
3168,2018,CCO,LAC,COPCO,9,1,1,6.980345,a6a20696-e494-4b21-a6d6-71a3b9780d1e
3169,2018,USF,STF,LOST,9,1,1,6.804112,9471412a-004a-4feb-a878-b49163a6c325
3170,2018,CCO,VNC,COLLINS,9,6,1,6.311197,651df770-6c62-4731-a95f-afdd11a8eb15
3171,2018,CCO,VNC,SOUTH,14,1,1,5.842196,3ffce883-9b5e-438a-b1aa-77ada175507d
3172,2018,CDF,SLU,TOWNSITE,2,6,1,5.651355,88baf6b7-7b1e-429e-b31c-2ed134a23b1d
3173,2018,CDF,LNU,RESERVOIR,14,1,1,5.426959,b698e417-1941-4c4b-94a8-5d95031cd16c
3174,2018,CDF,SLU,RANGE,9,7,1,5.25598,ecd69b2c-9407-46b7-bbee-fd89381d433d
3175,2018,CDF,NEU,RIDGE,2,1,1,4.950163,cde2589b-8dda-4e38-bc0f-1b342a3d6d84
3176,2018,LRA,NEU,NICOLAUS,2,1,1,4.857596,6ed6cb5f-a367-465f-885b-5ae795e6d3f2
3177,2018,USF,RRS,POKER,14,7,1,4.837892,157ae3ee-82ff-45ac-bb99-845ec5178f6f
3178,2018,CCO,KRN,OILFIELD INC,14,1,1,4.71712,597a3ff2-fa63-423f-922a-1f0c40c6dc91
3179,2018,USF,STF,HUNTER,9,1,1,4.401677,7e9af28e-e479-4494-add7-ef0c381eb5ce
3180,2018,CDF,FKU,LAKE,2,1,1,4.022202,5a6fd6ea-d615-41b6-97a9-ecc453f34bf2
3181,2018,CDF,FKU,FRAME,7,1,1,3.986457,0e49ad0d-cac3-4b38-a27e-626894dceba2
3182,2018,CDF,SLU,ALMOND,11,7,1,3.662046,226d7bea-3e0c-411e-a52b-9cc2f4f5d6c7
3183,2018,CDF,SLU,CREEK,2,7,1,3.039,f7090610-8a15-42b9-a24b-6baa17039152
3184,2018,CCO,KRN,OIL,14,1,1,2.932689,db612ba1-df67-4237-826d-8b4c72c7ce3e
3185,2018,DOD,MCP,SAN MATEO CAMPGROUND,14,1,1,2.909111,5e38c4bf-c512-45ac-9437-1c4fc8db793f
3186,2018,NPS,YNP,UNICORN,1,1,1,2.772035,072c7c57-87c7-418a-ac25-5cc2babd2d0f
3187,2018,CDF,LNU,BERREYESSA,14,1,1,2.75961,c533fefa-9435-4571-bdee-8f7d9e73c7d1
3188,2018,CDF,SKU,BLUE,3,1,1,2.701591,1add0ccc-2eda-40bd-89bf-82c98cd1fced
3189,2018,NPS,SMP,SERRA,14,8,1,2.600558,01a51d1f-437f-43fd-89c3-28e9933a1f0f
3190,2018,CCO,KRN,DIRT,14,1,1,2.366473,8a5db4ab-e45c-4e28-90ff-67953be80a3b
3191,2018,CCO,KRN,ANNETTE,14,1,1,2.230697,4fde6c24-da95-4285-8850-9a5b2ebdf674
3192,2018,CDF,SKU,OBERLIN,2,1,1,2.203994,172270b4-dcd5-41a5-b095-14321d93a4b9
3193,2018,CCO,LAC,OAK,11,1,1,2.18085,b1843af6-998f-48d3-be8c-842326c5ad71
3194,2018,CDF,SKU,WEST,2,1,1,2.174773,c33b5e39-ca5d-42f0-a26c-6deaf2a097d1
3195,2018,CCO,LAC,QUAIL,14,1,1,2.155347,5b91bfd8-41d7-4147-9600-4c917a17c9b1
3196,2018,CDF,SKU,NORTH,1,1,1,2.148668,7a2eea59-752e-44de-bc5f-a769202a823b
3197,2018,CDF,SKU,ORDWAY,5,1,1,2.126607,75e1ff9b-58d8-4aaf-a503-7989f33799cb
3198,2018,CDF,SLU,COLONY,11,7,1,2.110911,1e36e25c-6542-45c0-b5ee-c3cea4e96204
3199,2018,CCO,KRN,SOUTH,14,1,1,2.075565,0c96c447-94af-4c22-995b-482d1c78adac
3200,2018,CCO,VNC,ARROYO,14,1,1,2.010384,9a03fdf0-7051-4bf2-8f95-8b275b2f0382
3201,2018,CCO,KRN,LAKE,14,1,1,1.946541,e7c522b0-cd23-4b87-bd7f-055018e45137
3202,2018,FWS,MCR,FARM FIELD 3,11,4,1,1.895036,2712fe93-ddb6-481d-94ad-9dab6346e5a1
3203,2018,CCO,VNC,CORONADO,14,6,1,1.850803,39dc8822-5806-45d8-94c6-928dac680a34
3204,2018,CCO,KRN,HILL,14,1,1,1.762257,e6a5f5e2-b7b2-4ce3-8bbc-2dcb7109c0dc
3205,2018,USF,SQF,ROCK,14,1,1,1.74101,f699d022-7fb8-44df-aec6-a4979433276c
3206,2018,CCO,ORC,LIVE OAK,14,1,1,1.712397,e360b378-965c-44b1-b224-c56465605d36
3207,2018,USF,HTF,CLIFF,14,3,1,1.613114,4fc6e5e5-4d97-4739-845d-c57ebf0638d9
3208,2018,CCO,VNC,TORREY,2,1,1,1.533825,16ee0c2e-4493-4a98-91f9-38e3d9730b3d
3209,2018,CCO,VNC,ROBLAR,14,6,1,1.527544,ab7613ff-24d5-491b-88df-5b94aa73fced
3210,2018,CCO,VNC,SURF,14,1,1,1.48225,f4cc1afd-25eb-4c28-bce4-dfae0a8ecea4
3211,2018,CCO,VNC,VISTA,2,6,1,1.401421,c06e0201-dcd6-4329-88db-b600f027081b
3212,2018,NPS,KNP,THARPS,1,1,1,1.364149,3a630d09-3c6a-48b5-834f-187b33606f83
3213,2018,NPS,RNP,LIMANTOUR,10,1,1,1.354551,1193a13a-3e99-4018-aab3-0e8214b154ec
3214,2018,CCO,LAC,SANTA MARIA,14,1,1,1.347234,a5b26c9d-f687-4e97-b150-050faff2beea
3215,2018,NPS,SMP,KNOLLS,4,8,1,1.213685,38653ec0-6155-4744-a07b-b6524c431bc3
3216,2018,CCO,KRN,NATIONAL,14,1,1,1.119159,e6e61f03-7d8a-41e5-93ca-3ee684ae26e0
3217,2018,CCO,ORC,LAGUNA ,14,1,1,1.118917,86a6765f-d225-4740-929d-55129e93c339
3218,2018,CDF,SLU,LAGUNA,2,1,1,1.116125,9f74025e-6896-4653-b099-481dc160b015
3219,2018,CDF,SKU,PATTERSON,5,1,1,1.094254,a31b47a7-2242-42ff-9586-633fd35290af
3220,2018,CDF,SKU,MUSTANG,5,1,1,1.086734,b5bcb742-8edc-4963-9e9a-1643772571cd
3221,2018,CDF,SKU,FRANKLIN,5,1,1,1.055311,d0c7a857-d734-41c1-93f9-fe7aff2e6515
3222,2018,CDF,FKU,FISH,9,1,1,1.009718,a361b68c-ecb3-403f-a552-5c47aec02bc4
3223,2018,FWS,SPR,PADDOCK,10,4,1,0.9207027,598aacdf-3973-426e-be2d-c641271c9601
3224,2018,CCO,LAC,SUN,14,1,1,0.9127468,e225d0cc-ff6b-4a2e-ae4b-89049d353733
3225,2018,CCO,VNC,RIVER,14,1,1,0.8802599,e9bdcfc1-6b4a-47e5-8f4b-3aacc238cd68
3226,2018,NPS,SMP,CORNELL,14,8,1,0.8739471,1b6f71e0-9662-4666-a1b3-0448ceaf9f93
3227,2018,CCO,ORC,AMENO,14,1,1,0.7929642,eee1d455-c96c-4a8d-be31-c1bf298142c3
3228,2018,CDF,SLU,MATTIE,10,1,1,0.781524,a65a7059-7590-42da-b061-07475899d41b
3229,2018,CCO,VNC,BALCOM,14,6,1,0.766014,64eb6f59-994a-4d79-b883-70b79dd3bf81
3230,2018,CCO,ORC,COTO,14,1,1,0.740642,8efd2a88-c658-4940-bb9c-a0621d1e28e5
3231,2018,CCO,VNC,TREE,2,1,1,0.7231185,d2a8ecb9-2266-4eea-a2a2-b1737e3a52b1
3232,2018,CCO,VNC,MCWANE,14,1,1,0.7208683,685c88d0-59f3-4f02-9601-42df841952e4
3233,2018,CCO,VNC,VICTORIA,14,6,1,0.663654,0d58862d-d154-4493-9800-1bda9e4d0f1f
3234,2018,CCO,VNC,CENTER,14,6,1,0.6356196,7fdd5042-0943-4efd-8f25-7ca2a443e130
3235,2018,CCO,VNC,ROADRUNNER,14,6,1,0.6135216,82f5276e-4a9f-432e-83d9-fb13c886f552
3236,2018,USF,CNF,JIM,14,1,1,0.5954995,bbd51f77-7a92-4cc3-8c31-0e79a7580487
3237,2018,CCO,KRN,,14,1,1,0.5393313,8b41a8b5-67f6-49d8-a0dc-dc43e03b96b7
3238,2018,CCO,VNC,LUNA,9,6,1,0.5226448,5ccd1d83-636f-478c-a270-7e8df2157da4
3239,2018,CCO,VNC,BEACH,9,1,1,0.521827,64b6bb33-1321-4716-b7f9-69ba8755a018
3240,2018,CCO,KRN,WELDON,14,1,1,0.4558595,c0132070-76e7-44b5-b1e3-ff3e372bc960
3241,2018,USF,HTF,GOLD,14,1,1,0.4257005,e2e49cd7-4058-4853-95b5-6abf061143ee
3242,2018,LRA,ORC,CREEK,14,1,1,0.4142567,c8231882-5aa5-427b-9f8c-b0dab0408bc7
3243,2018,CDF,SLU,ANTELOPE,10,1,1,0.4142106,4656aa2d-0f6c-4de8-abee-5692a17cf67b
3244,2018,CCO,VNC,HARBOR,14,6,1,0.3926331,9ff8efc3-3f66-4aa7-8a17-f84e32bb5066
3245,2018,CCO,VNC,MARIA,14,1,1,0.3801489,1ca1dd1f-eeb1-4cf4-9a8c-e78563aeccc5
3246,2018,CCO,VNC,KUEHNER,14,6,1,0.3439097,aaeb97df-d42f-4757-b4a6-9e940fb438e2
3247,2018,CCO,ORC,ALICIA,14,1,1,0.3192534,26d15d54-dd7a-4a8d-9da5-293bd0a07b7f
3248,2018,CCO,VNC,PERKINS,14,1,1,0.3048694,5d6a36e2-d94c-4d1e-b632-5fae2b015252
3249,2018,CCO,VNC,FAIRVIEW,9,6,1,0.2936715,b16bfa0f-c9f0-48a7-9906-1539e63a6e41
3250,2018,CDF,SKU,GULCH,1,1,1,0.2656228,02544f0a-833f-42ac-8790-b41ad16db5c8
3251,2018,CCO,VNC,HARBOR,14,6,1,0.2560846,5da0057e-3f8e-4eaa-932a-c9593dc21974
3252,2018,CCO,VNC,HOPPER,2,1,1,0.2350992,73204abe-9a09-4eb4-8778-c68f31a7675e
3253,2018,CCO,KRN,,14,1,1,0.2215543,714197c5-df2e-45f5-9665-137fd7d164e7
3254,2018,CCO,VNC,STEARNS,9,6,1,0.2200132,2a50b87d-f409-4b8e-9aa0-c63920856477
3255,2018,CCO,ORC,SANTIAGO CANYON,14,1,1,0.2125467,09fa03b2-9036-4f5c-a63c-c2a89c6d2b8d
3256,2018,CCO,VNC,CAMPUS,14,6,1,0.2079522,83a64723-d1b3-44b3-a5ae-73bb2fc3aa77
3257,2018,CCO,VNC,GRIMES,2,1,1,0.2020703,5ea45e56-849d-4a26-ba7a-8fc838970422
3258,2018,CCO,VNC,LEMON,14,1,1,0.1705595,c1270f0b-d7aa-4a88-ad69-bafab3198db6
3259,2018,LRA,ORC,RIDGE ROUTE ,14,6,1,0.1679536,591511d0-1a00-49bd-bc39-28cfda495aba
3260,2018,CCO,VNC,GUIBERSON,9,1,1,0.1679282,4317912f-923d-41ce-9873-7651a538a531
3261,2018,CCO,VNC,BURSON,2,6,1,0.1438642,d0d26da8-9fec-4620-8c69-fb158b7d5652
3262,2018,CCO,LAC,MUREAU,11,1,1,0.1335966,27ad14e7-26d6-407a-abe3-bc00ce0b7c68
3263,2018,CCO,VNC,DITCH,14,6,1,0.1295556,e5444e6b-984f-4126-b77f-7baa5cea7ad2
3264,2018,CCO,VNC,KNOLL,14,1,1,0.1293269,ef5ca62c-5268-4b48-bcba-1222c6cd8de8
3265,2018,CCO,LAC,VANTAGE,3,1,1,0.1195796,67920e9a-419e-4a29-96eb-122d79b3a25f
3266,2018,CCO,LAC,VIEW,2,1,1,0.1131595,9dfc3c14-da1d-4840-aab8-e1936c1c0e2b
3267,2018,CCO,ORC,EL TORO IC ,14,6,1,0.09832976,dfd9e874-0d0e-42b3-bd7e-07b9a48ca1f6
3268,2018,CCO,ORC,B2 - YORBA,14,1,1,0.09713092,16af6a5d-37c0-4091-8639-80a1bca30b39
3269,2018,CCO,VNC,SULPHUR,2,6,1,0.0939797,bee3702a-6941-4927-a2f6-16be27844585
3270,2018,CCO,LAC,WELDON,2,1,1,0.08640093,d58ea904-698e-4762-b0a1-61fc4f16fcd8
3271,2018,CCO,VNC,BROMLEY,9,6,1,0.07621309,b3e0049a-5e04-435a-9501-587ba2a9b177
3272,2018,LRA,ORC,JAMBOREE,14,1,1,0.07474243,3f7c07da-4883-4f49-aca7-b6466d8b3ae5
3273,2018,CCO,VNC,MADERA,14,6,1,0.06417423,f05af60a-b3b9-48f7-9774-3f8fdd229876
3274,2018,CCO,VNC,ROCKY,9,1,1,0.05268874,7387e31d-75c0-4ec2-aad1-31835eb532a0
3275,2018,CCO,VNC,PEKING,9,6,1,0.03789303,1a172962-b73e-47c6-ab27-195e32a8ca77
3276,2018,CCO,VNC,MAIN,14,6,1,0.03201193,d7ec1ecd-fcd5-4cad-b7c1-845c771ad61b
3277,2018,CCO,VNC,ERBES,14,6,1,0.02883826,f5a4dcb7-56c2-4b5d-b11f-82bcfb343083
3278,2018,CCO,LAC,RAMBLA,11,1,1,0.02526989,c4736def-b6ee-455f-be34-c6f7b8dd1870
3279,2018,DOD,MCP,MCP BASILONE GATE,14,6,1,0.02353987,b226cb13-9ec8-4fe5-92cf-385159b12993
3280,2018,LRA,ORC,CANADA IC ,14,1,1,0.02049659,86674492-a65e-41cf-b980-1e095306bed9
3281,2018,CCO,VNC,SOUTH MOUNTAIN,14,6,1,0.01594587,01c8dd89-ee2d-416c-8905-bd818a25c984
3282,2018,CCO,ORC,COSTCO,14,1,1,0.01172807,7343629a-6eaa-4d00-849e-dc3693c03de5
3283,2018,CCO,VNC,KUEHNER,14,6,1,0.009721164,ee937a4a-bcfa-49a9-8d3a-a3250cb9b144
3284,2018,LRA,ORC,LA RAMBLA,14,6,1,0.007379493,2043edfd-90de-47d8-aab7-ff04bb36c110
3285,2018,CCO,VNC,ROLLING,14,6,1,0.007144618,f151f3f2-ebb2-40ef-b2bf-593a665ae757
3286,2018,CCO,ORC,BLUFF COVE ,14,1,1,0.006579902,44819665-f5a1-4933-af81-0446f2a4b6b7
3287,2018,LRA,ORC,SOUTH HAMPTON CT ,14,6,1,0.004819541,b82ddea0-e1a2-4107-acfc-a4cd60447ea0
3288,2018,CCO,VNC,CANADA,14,6,1,0.003499902,c39fe966-1bfb-4597-93d0-bddf5ea4d8f3
3289,2018,CCO,VNC,ERRINGER,9,6,1,0.002820561,40129944-8b93-4311-87c4-6b3b3f626d12
3290,2018,CCO,VNC,NO NAME,9,6,1,0.002526514,faa076c0-2030-4d98-ac18-8992f7a329f6
3291,2018,CCO,VNC,HARBOR,14,6,1,0.001796366,9ec9792e-721c-4fb3-ab16-bbb7461f5bed
3292,2018,CCO,VNC,DUNES,14,6,1,0.001514838,94e88251-e21f-41e0-bc66-1dcdf2e3d695
3293,2017,USF,VNC,THOMAS,9,7,1,281790.9,25ca550e-7d73-4c92-9ebc-ed0e9219cb85
3294,2017,USF,KNF,OAK,1,3,1,91125.33,6d8a030a-42a0-411e-9a92-499d4f116d36
3295,2017,BLM,NOD,LONG VALLEY,10,7,1,83581.41,b1d08f4b-cc51-4788-89a7-92fded1fe245
3296,2017,CDF,MMU,DETWILER,9,1,1,81826.27,f2db4f36-1af9-44bd-b0aa-b5fda76e854f
3297,2017,USF,KNF,WALLOW,1,3,1,63785.07,7aad93a8-a981-42c8-b395-6c53b90e9784
3298,2017,CDF,LNU,NUNS,14,3,1,55798.19,5403f8d2-cb03-4834-ba05-edbed38a06af
3299,2017,CDF,LNU,ATLAS,14,3,1,51624.66,3514c345-7cef-4433-bc9e-19f9346b858f
3300,2017,CDF,FKU,GARZA,10,2,1,48886.66,b3fbc3f6-3b7b-46c9-8e06-29b25672ebcc
3301,2017,USF,MDF,STEELE,1,3,1,45704.01,fda908bb-7d0c-4d41-a31d-5e62583f8d9b
3302,2017,CDF,LNU,TUBBS,14,3,1,36701.98,fc4bda3d-bfb5-419e-967b-346a2c17290f
3303,2017,USF,SQF,PIER,7,6,1,36619.43,fb3f0ad5-fce8-48c3-86d0-cbd99fc0640d
3304,2017,CDF,LNU,REDWOOD VALLEY,14,8,1,36522.95,fa8d8dab-e545-4f70-b40c-7daa1d290d92
3305,2017,USF,RRS,ABNEY,1,8,1,32893.26,1139df30-dd24-4e44-b417-2bcd501db65a
3306,2017,USF,MDF,COVE,1,3,1,30890.86,56ff5dd9-58ba-48da-b002-983a178f4807
3307,2017,CDF,SLU,ALAMO,10,2,1,28834.17,6c98702b-c5e8-4998-a16c-f3ef0de6b654
3308,2017,USF,SRF,HAYPRESS,1,8,1,21317.93,3b8d62d2-7a64-4ae0-9dc8-76b4aef66934
3309,2017,USF,SQF,LION,1,6,1,18913.58,ab73eb7a-39b8-4163-8470-749342c4e793
3310,2017,BLM,NOD,R-4 PARSNIP,1,7,1,18601.98,279a98c9-0998-43bd-a544-6b96979fe859
3311,2017,USF,SHF,HELENA,9,3,1,18493.71,e10be0b5-af17-4636-9140-1e09f4a54186
3312,2017,USF,LPF,WHITTIER,9,1,1,18412.4,6b38e782-c646-40fc-8649-c12030d8b694
3313,2017,CDF,LNU,POCKET,14,3,1,17359.33,03daa14f-e85b-4208-8a8e-78de3d7ea362
3314,2017,CDF,NEU,CASCADE,14,7,1,16140.8,ac39c087-a9a8-4e76-80e2-49c03604f94d
3315,2017,USF,SQF,SCHAEFFER,1,6,1,15833.21,db968943-b56e-4e6b-b8c4-561a1310ea70
3316,2017,CCO,LAC,CREEK,14,7,1,15619.15,eda14f3d-c971-4262-ac89-4320a98f8b5d
3317,2017,USF,SHF,BUCK,1,8,1,13357.28,043eefb4-d777-4f5c-be10-2bb03ca402a0
3318,2017,USF,SNF,RAILROAD,9,3,1,12371.15,fe52e159-9033-4604-9720-bd97db47e697
3319,2017,CDF,FKU,ELM,2,1,1,11146.75,6ac1fdde-bd34-4724-9a1c-7d3e8f74ab96
3320,2017,CCO,ORC,CANYON II,5,7,1,9198.028,25afc98f-36f2-43e5-98e3-820a89d8ec79
3321,2017,USF,KNF,CEDAR,1,3,1,9129.377,fea2976a-e35d-4195-9b03-8e1a5f63917b
3322,2017,BLM,CND,SLINKARD,1,7,1,8923.495,d4d637f1-951f-4830-90a3-bb053e0e782f
3323,2017,NPS,YNP,EMPIRE,1,7,1,8577.552,b900f248-46ef-47e5-af9a-7ca62c1fc5d5
3324,2017,CDF,BTU,CHEROKEE,11,1,1,8415.803,1c824a3e-f072-4991-811f-a16497cc8ab1
3325,2017,USF,MDF,PARKER2 ,1,3,1,7693.319,3c56ab98-354b-4d71-be4c-ca9943b782b1
3326,2017,NPS,YNP,SOUTH FORK,1,8,1,7560.077,35bf84f6-71e0-4d13-93e4-d7d0ed7beeaa
3327,2017,CCO,LDF,LA TUNA,14,8,1,7051.351,da241f1b-5e3e-4015-a45a-87c436e0e923
3328,2017,CDF,RRU,MANZANITA,10,3,1,6303.659,e92d5c9d-b605-4112-af2b-d5bb35144c44
3329,2017,CCO,LAC,RYE,14,7,1,6047.719,3c60bd2f-7f7d-49c2-b547-5fedf11a31ac
3330,2017,BLM,NOD,MUD,1,7,1,6036.065,eb78138b-c987-4671-9ac3-1966224dfa21
3331,2017,CDF,BTU,WALL,2,1,1,6028.49,10876f96-ece4-491c-b769-970162bf35d1
3332,2017,USF,MDF,LAKE,1,4,1,4665.485,bddd9460-8501-4370-b0c6-bad3613f24cd
3333,2017,CDF,FKU,JAYNE,2,1,1,4533.284,f532c134-d127-45ea-b74f-c99b0096acf5
3334,2017,USF,STF,MCCORMICK,1,1,1,4423.208,13044eb8-1d1a-413d-9b5c-397b7e1df899
3335,2017,USF,PNF,MINERVA 5,7,6,1,4339.355,50177213-3fc6-41f4-80b9-53ede7f275a1
3336,2017,USF,SRF,UKONOM,1,8,1,4240.974,66bf6a14-6ea6-4d9d-ba7c-7321e1d35350
3337,2017,CDF,MVU,LILAC,14,1,1,4080.615,1cb7efd8-562d-492b-a197-5a241e13911d
3338,2017,CDF,BTU,PONDEROSA,7,1,1,4015.732,5a34be30-67bb-4fd8-a9ea-159f2544ce76
3339,2017,CDF,RRU,PALMER,9,2,1,3872.152,1a886c63-4f18-459b-806a-447be49eabb6
3340,2017,USF,SHF,FORK,1,8,1,3372.92,7a0e77ff-369c-4db0-ad21-f0e4de7e5250
3341,2017,USF,SRF,WILLIE,1,8,1,3140.1,3d1fa05c-0c95-473b-bef2-d6b1ae6a236c
3342,2017,CCO,KRN,HAWK,2,1,1,2940.496,548b077c-5356-4258-80d9-b4aecc96bc9c
3343,2017,CCO,ORC,CANYON I,9,7,1,2661.415,120609c9-4e6a-4bbc-ae06-d16520d789bb
3344,2017,CDF,LNU,WINTER,10,2,1,2366.235,5595ba2a-131f-4172-a762-d7728a2a7a26
3345,2017,USF,INF,INDIAN,1,8,1,2294.247,bdfe6859-b687-4ed7-97f9-5f840e200441
3346,2017,CDF,TUU,ROADRUNNER,7,1,1,2284.596,13d8ac74-de85-49d5-9bf6-88a1ea171abc
3347,2017,CDF,LNU,SULPHER,14,3,1,2206.23,48d23092-d669-4c49-bb0d-4f51dbe92240
3348,2017,CDF,MVU,GATE,9,1,1,1912.906,796daa7a-2ee8-4694-9556-539dd4419711
3349,2017,CDF,BEU,PARKFIELD,11,2,1,1821.772,da01da70-0aaa-435b-9866-1caaf28703fd
3350,2017,USF,STF,CREEK ,1,1,1,1747.87,78197dcb-d9d3-4c59-8331-44acd445d7ad
3351,2017,CDF,MMU,WRIGHT,14,1,1,1730.466,4c344e43-467e-4481-b29c-c5f37939eadc
3352,2017,CDF,FKU,PARK,2,2,1,1648.704,947646b6-07bd-43b6-8956-a3d847f7a43b
3353,2017,CDF,SLU,HILL,10,1,1,1645.591,d0b1cdc3-b988-4939-a54f-676d08479306
3354,2017,USF,SRF,BURNEY,1,8,1,1643.643,0391dc57-7b82-4f9c-9fe8-aad9f7c5c316
3355,2017,CDF,LNU,37,11,4,1,1613.219,6f86f8be-f6ae-4a45-934b-0b20bb6d5297
3356,2017,USF,KNF,ISLAND,1,3,1,1594.034,39fab33f-108f-43a7-a491-ecff6998f9e9
3357,2017,CDF,FKU,DERRICK,14,1,1,1561.663,dbf1554d-082b-412e-881b-0432defe5b85
3358,2017,USF,SRF,DUTCHMAN,1,8,1,1522.747,2129a8dd-72b0-4fa1-a159-15c800ed2d9a
3359,2017,USF,SQF,HIGHWAY,9,6,1,1522.259,3e33c2e4-7235-48ff-9076-5e91885f558e
3360,2017,USF,BDF,HOLCOMB,9,1,1,1505.491,83eb80bf-1e36-4901-9474-6ac1fc4f6ee7
3361,2017,USF,MDF,RIMROCK,1,1,1,1492.398,3aa32444-cfc0-4dd4-8183-c26b7588d7ec
3362,2017,CDF,MMU,OAKWOOD,9,1,1,1428.533,536f89cf-e51f-4948-b6fd-987b5c51528e
3363,2017,USF,SQF,CALDWELL,1,6,1,1321.26,81063e96-e4a3-441c-99a9-43c9b5a870af
3364,2017,USF,SQF,GARDEN,2,6,1,1282.467,ecd534e0-fb99-4fd6-9fa2-572438132177
3365,2017,CDF,AEU,LATROBE,5,1,1,1268.11,d3cb2a5a-5dce-4537-b7b6-634a4dbb83ad
3366,2017,CCO,KRN,HUDSON,14,4,1,1175.391,98477c45-3e63-404b-82e9-fda9d2884509
3367,2017,USF,TNF,CHILCOOT,1,1,1,1019.992,a81b50ab-2c00-4801-a015-3eeaa16e0129
3368,2017,CDF,RRU,OPERA,10,2,1,999.6262,93cf0a19-0adc-4175-98d8-4c3798307e3b
3369,2017,CDF,SHU,BERRY,1,1,1,994.0728,855e813f-fee1-4a2d-b1ee-bef1fd22ff4a
3370,2017,CDF,MMU,MISSION,11,1,1,988.4675,73e823ed-5a5f-4d0e-b28f-f81ef9b46002
3371,2017,CDF,MEU,GRADE,10,7,1,890.5153,9bc17b98-5fe2-4ebf-8974-e8dd0170496e
3372,2017,CDF,NEU,BEALE,11,1,1,867.0196,bd0ba328-7ea4-4096-aecf-4713005bca39
3373,2017,USF,CNF,WILDOMAR,10,1,1,866.273,6d6b4393-9df3-4970-b9d7-ea5418e71ca4
3374,2017,USF,PNF,POSLIN,1,6,1,855.2444,7e981a04-e096-40e7-875b-4c77f3aeb6d4
3375,2017,CDF,NEU,LOBO,14,7,1,820.6441,9816b639-893e-43e6-b13c-180de3e9d261
3376,2017,CDF,LNU,PRESSLEY,14,7,1,791.8881,15217c3e-abd9-4c5f-8522-10f78a472bef
3377,2017,CCO,LAC,PLACERITA,7,7,1,759.7584,6ce9b52a-d413-4672-8577-088ba873e967
3378,2017,CCO,LAC,LAKE,14,7,1,733.2616,79a40664-c58b-4aaf-800e-921cfdf7ab33
3379,2017,DOD,MCP,CRISTIANITOS,9,5,1,702.3066,d7c89e5f-91a3-4308-a705-0ccc7cd01abf
3380,2017,CDF,TCU,JACKSONVILLE,14,1,1,684.3565,183e780a-c446-4573-8de0-4f5cdfda94ec
3381,2017,CDF,MMU,PEAK,10,1,1,677.8926,4fb31c5a-4ced-420d-94f3-f9e1edc59c63
3382,2017,USF,BDF,MART,7,8,1,669.2087,d03a9e5e-5925-4956-80c4-d4a74fa89a6b
3383,2017,USF,MDF,BATTLE,2,8,1,653.5079,7e16dd8b-20a8-4fb9-b538-30a97a125f57
3384,2017,USF,SNF,BUTTE,1,3,1,611.2015,cc8d7325-208b-47ca-9574-d108b48c71cc
3385,2017,CDF,RRU,BLAINE,14,6,1,577.6851,3ff1994c-da4d-4e91-ba16-fa71d00406b9
3386,2017,CDF,MMU,BEN,10,1,1,558.1425,ba68ca9d-87ae-4104-8ad6-95f0a7858546
3387,2017,CDF,RRU,MIAS,11,7,1,521.0856,0717e332-08d7-475b-ae86-248679beefaa
3388,2017,USF,STF,BUMMERS,1,1,1,510.1094,cbfe28b6-0085-4361-b8df-7ab4f8474ca1
3389,2017,USF,RRS,KNOX,1,8,1,492.5997,824dcd63-da71-4015-bcf0-aa78b4275120
3390,2017,CDF,MMU,EASTMAM,11,1,1,482.3408,e4287403-28ec-470d-9e00-8d685a1d7a66
3391,2017,CDF,SKU,FAY,9,1,1,469.3559,2f375fdd-7dc3-4046-930e-24cc3666f134
3392,2017,USF,BDF,BRIDGE 2,9,1,1,460.2896,c953ec9a-68a7-49bf-81c9-f67137a22ed1
3393,2017,USF,LPF,RED,1,1,1,450.84,7255aca8-7197-453b-88a0-1951848baea8
3394,2017,CCO,KRN,MING,14,1,1,449.7781,8732118f-dbc6-40c7-a121-3a7b28f6f8ba
3395,2017,USF,PNF,EUREKA,1,6,1,446.1815,81c1b37e-bfcc-48f6-b6bd-8f9ea6b9f678
3396,2017,CCO,SBC,RUCKER,10,1,1,429.7042,07c43514-a0e2-4533-8bbb-9a55f222a33e
3397,2017,USF,ENF,TABLE,1,1,1,426.7024,3777a872-82b6-41f8-b1f3-9a827b5832ae
3398,2017,LRA,LDF,SKIRBALL,4,7,1,419.9208,73beb013-854c-4f1e-bf19-3083986d0be7
3399,2017,CDF,TUU,ELEPHANT 2,7,1,1,415.2116,4b95f0d7-196e-4a25-a29b-957537cc20db
3400,2017,BLM,NOD,WEST,5,1,1,401.2877,13a310c5-07fd-4fe7-a8fa-4d7cb6ba7621
3401,2017,USF,INF,GRANT,1,8,1,394.8168,9bd8b60d-fa57-4fb4-97a7-20003cb53b24
3402,2017,CDF,NEU,PLEASANT,14,1,1,392.4852,2a2a81f7-d029-4aab-aeed-5a0f5a3bb179
3403,2017,USF,MDF,DOBE,1,1,1,381.0148,f309c0ab-42e2-4845-b0e8-31e0b8280585
3404,2017,CDF,FKU,CREEK,5,1,1,356.9353,0187275c-096b-4196-9e3b-d5ddfd826ea0
3405,2017,CDF,TUU,DINELY,2,1,1,340.5638,b01a0f1a-2984-4b65-8be4-14b48e8eade6
3406,2017,CDF,SLU,STONE,2,7,1,340.4365,4832bdd3-2fc6-4ef8-8ec5-10fec93ce36c
3407,2017,CDF,BDU,BRYANT 2,7,2,1,336.6238,83ec33cb-26db-4655-9060-15f9c9ce363f
3408,2017,CDF,MVU,JENNINGS 2,10,1,1,332.5865,1f028767-3580-4bbb-91a3-78db8886e7d5
3409,2017,CDF,BDU,OAK,10,2,1,325.5135,2abe9e8f-c941-4407-82a9-54ce31b63c88
3410,2017,USF,SRF,MARBLE,9,8,1,318.873,018d4d89-4de6-41c6-9495-b4406e427563
3411,2017,CDF,CZU,BEAR,7,7,1,317.201,728d4d75-484f-4820-8ce4-6ea2056fc294
3412,2017,USF,MDF,BOLES,1,8,1,313.2321,cb623c46-79bb-4a77-ad13-50fce1575b45
3413,2017,USF,STF,DOUGLAS,1,1,1,310.7712,b88797ff-7950-4e8f-88f4-e5cc3be67410
3414,2017,USF,MDF,JONES,1,1,1,281.273,2a53efb1-d06a-40a5-a0eb-9c4845cf3f4f
3415,2017,BLM,NOD,R-9 SHINN,1,1,1,278.1283,dc0c87ba-f8f9-47bb-b02f-ee213157c147
3416,2017,CCO,SBC,CEBRIAM,11,1,1,269.1116,7c9c2b1d-7f9f-4a9b-823d-5ceace71211b
3417,2017,USF,KNF,GARDEN,1,3,1,265.481,55ce3aa0-715e-452d-8783-28ce5ee3dc35
3418,2017,USF,MDF,CLARK,1,1,1,254.8858,4da6d57f-b921-4012-8c71-b1b54bceaf53
3419,2017,CDF,SLU,CAMP,9,6,1,253.9364,096b357c-970c-4077-b0af-5fe4ce950995
3420,2017,USF,CNF,LOST,4,1,1,250.5664,7486de89-3c0d-4cd2-9278-3d0545848ed8
3421,2017,CDF,SLU,HUASNA,2,6,1,244.789,cdd7a75b-3fa9-409e-8ed3-458aeb003be9
3422,2017,USF,SRF,FORKS,1,8,1,242.4736,cda94ee3-532b-4156-b316-cc45a28b87b8
3423,2017,CDF,AEU,LARGO,7,1,1,237.9169,f7ed240c-849b-40fd-b223-1fd690b60ebe
3424,2017,CDF,FKU,MURPHY,2,1,1,236.9534,6c6fc31b-6c1e-4ebe-8321-9cb5ea88afa5
3425,2017,CDF,SLU,OLIVE,10,1,1,236.8678,81142501-3ac8-4e1f-bacf-7a3f6976b5b8
3426,2017,CDF,MMU,SPRING,2,1,1,208.2268,a5a1ca05-9b8e-4495-8e67-5277aa24eb20
3427,2017,BLM,NOD,R-5 STONEY,1,7,1,203.9681,ffd39d0a-39df-4744-864e-d2f718b1f410
3428,2017,CDF,TGU,TEHAMA,10,1,1,194.0017,f050db49-4011-4cfe-b387-70b6e8a6bd92
3429,2017,CDF,RRU,LAMB,14,1,1,193.6728,5475640e-728b-4e16-a670-c98992473bb3
3430,2017,CDF,RRU,ROSE,2,1,1,188.1239,5e65223f-11bc-4a9e-9261-f38167e3ae2d
3431,2017,CDF,SHU,LAVERNE,9,1,1,175.3335,a6d10d5f-0710-4b5c-848b-92f92e3ef855
3432,2017,BLM,NOD,R-5 SPANISH,1,7,1,166.8586,bd58329c-7efe-4111-8c81-89bdc8b61b5a
3433,2017,CDF,FKU,TUMEY,9,1,1,160.164,1418c91f-53ec-4d62-a9e6-453e33451d91
3434,2017,CDF,BDU,HIGH,9,2,1,157.5895,f7fbfc3e-a713-4526-ad91-6340c89c61db
3435,2017,CDF,SCU,CORAL,14,2,1,157.2408,168d6a38-4f5d-4376-ac33-fffcbf4a8faa
3436,2017,CDF,SKU,HILL,2,1,1,155.1988,efdbc2c6-bb54-4ad8-9244-4b87ecabc6dc
3437,2017,CDF,BTU,HONEY,11,1,1,153.5117,b0716cff-1d0f-47e4-a629-d507d0a63758
3438,2017,FWS,PLR,TURKEY TRACT,14,4,1,150.2368,8af40be5-0880-41a2-b3fe-f515c4eb7a42
3439,2017,CCO,LAC,GORMAN,14,7,1,149.61,75026517-afed-46c2-82d4-ca104e4d43ae
3440,2017,BLM,NOD,PEG,9,7,1,148.6008,e4b9a31c-1c57-46e7-8d81-7efd6a52131e
3441,2017,CCO,SBC,AIR,2,1,1,147.8375,91a82885-7229-4196-8753-2ece4ae7b4b5
3442,2017,CDF,SLU,LUCY,11,1,1,147.667,167e4d3d-fb24-435a-a57a-461bb0d75b2b
3443,2017,USF,SRF,RIVERS,5,8,1,147.5612,c88cf906-8781-4121-8fc1-a1d04543f4b2
3444,2017,CDF,BTU,SODA,1,1,1,147.0237,b8c42aee-5a91-4bee-a512-65e23bba12e8
3445,2017,USF,SNF,CROWN,1,8,1,145.1785,19c77eb5-861e-4540-909d-6ac297fac940
3446,2017,CDF,BTU,SKYWAY,10,1,1,143.6004,157d3dab-026d-4919-95d1-fbdbf8bb8699
3447,2017,CDF,MVU,ECLIPSE,14,1,1,142.9097,cd718d68-f3d5-4f74-98fc-f1bef26129d5
3448,2017,USF,TNF,ELEPHANT,1,1,1,139.4669,fe5f822f-6615-416b-aa98-c77e9e74c14f
3449,2017,CDF,AEU,RANCH,2,1,1,138.5487,40cfacf0-d1a6-42ec-a8bc-8d6618300ad0
3450,2017,CDF,MVU,BORDER 6,14,1,1,135.0444,7b39d1ee-3a37-4e9e-9b8a-e9f14e7f76af
3451,2017,USF,STF,WILLOW ,1,1,1,134.3042,c51b7a9d-6f96-46d3-8172-4cd098143e62
3452,2017,CDF,AEU,FRENCH,14,1,1,130.7719,4f2f421e-2d58-4076-915f-3868ec189c0a
3453,2017,CDF,TCU,POINT,11,1,1,130.2357,47b0fb20-096f-4849-8710-d561b921623b
3454,2017,CDF,LNU,TIMM,14,2,1,125.7918,c70d9fc5-7408-4f0b-b2aa-4dd00902e329
3455,2017,CDF,TCU,TWIST,14,1,1,124.244,c30c466f-f63c-4d0b-bdc2-5c76cb35c97d
3456,2017,CDF,MMU,CORONADO,10,1,1,123.1079,2e72ebab-211e-48a7-a5e7-66c521208e27
3457,2017,USF,MDF,CANTRALL,1,8,1,120.976,b4bf2c93-2fb2-4937-b6d4-30c3e70e7055
3458,2017,BLM,NOD,R-4 RANCH,1,7,1,120.2505,e713d373-2760-44df-b3ec-c82e993089d3
3459,2017,CDF,SLU,OLIVE,10,1,1,117.0671,2214507d-7395-4e90-b596-34f39d37e497
3460,2017,USF,MDF,CHALK,1,8,1,115.3048,7954fbaa-a73e-45e3-8b83-cd5b533435ef
3461,2017,CDF,TCU,MARIA,14,1,1,114.5601,da046443-b120-4e05-bc5f-79c72fc85d7d
3462,2017,CDF,LNU,CANYON,14,2,1,114.1168,f049fa82-77db-4631-b961-6680568e896f
3463,2017,USF,KNF,LITTLE BUCK,1,3,1,113.9625,da0bdab5-cecd-4ac3-ba81-112f69d76384
3464,2017,USF,PNF,SQUIRREL,7,6,1,113.0544,4a0783ac-d20d-41d1-a518-d1e9635d0090
3465,2017,CDF,FKU,FLAT,2,1,1,110.8288,083488e8-a258-4557-884b-9dc4018f533e
3466,2017,CDF,SCU,BALLY,14,1,1,109.1915,7b9cb9ea-68c7-47bb-a614-7e2e3c6970d5
3467,2017,USF,SQF,BELL,9,6,1,107.2538,a533eb1f-383f-4146-8d0e-a99d49f2d6ca
3468,2017,CDF,LNU,YOUNG,14,3,1,106.0054,a9457a8e-4eb5-45a3-86c4-3a51c82b6e8c
3469,2017,CDF,SLU,POLY,2,1,1,105.6661,fdc46dca-f4ce-4bb3-bde8-6a3703a01683
3470,2017,CCO,KRN,HILL CREST,14,1,1,105.0879,c66ce23c-6755-4dae-93f5-26e4616eb331
3471,2017,CDF,SCU,FELIPE,14,2,1,102.559,68558cd4-f151-4f3b-b2fb-0fe6a0877ad6
3472,2017,CDF,FKU,COALINGA,2,1,1,102.2866,706c33c0-0a50-48e4-a858-9992c4aedb83
3473,2017,CDF,SCU,LARIAT,14,2,1,102.1644,d5f039df-6e0d-4c54-84a4-c58a8a272fdb
3474,2017,USF,KNF,DEEP,1,3,1,101.367,4c790754-fc5c-4846-b089-6e4a3583af4c
3475,2017,BLM,NOD,R-3 MUD,1,7,1,99.57364,33224a5b-f949-4924-bdd7-d1c1629b552d
3476,2017,USF,BDF,TOWER,7,1,1,93.15666,85a3d1de-c5f0-47ae-ad90-379aa69cd8e4
3477,2017,USF,KNF,MARY,1,3,1,91.3345,4f108d5b-450c-43f4-8baf-71bb8877c8cc
3478,2017,CDF,FKU,AUBERRY,9,1,1,91.29421,981ec22f-bcd9-4c69-aa0a-270f716baf94
3479,2017,USF,KNF,GRIZZLY,1,3,1,90.6049,c68daf91-d69e-4444-a5bb-87ce46dc7615
3480,2017,USF,MNF,SKELETON,1,6,1,87.87638,57b3c1b6-6751-40bc-9ce5-5546f6e92522
3481,2017,CCO,VNC,VISTA,14,6,1,86.39403,758df49e-f534-4886-b112-66716c21c535
3482,2017,BLM,NOD,R-10 PAINTER,1,7,1,83.8342,0b094679-ef96-4cc3-b646-4b1f921aa47d
3483,2017,USF,TNF,RANCH,1,1,1,83.51285,cde9ddcb-9322-4cb2-99d8-8076fc15f460
3484,2017,CDF,BEU,COUNTRY,11,5,1,81.70621,b983ed2f-467f-4c02-8c28-e99960620b19
3485,2017,USF,KNF,KLAMATH,4,5,1,80.11019,619aa994-16ba-41ce-85c0-60ed61501b3c
3486,2017,USF,SNF,QUARTZ,1,8,1,79.84794,6a235091-3cd7-4394-9096-2af92bfa0c76
3487,2017,USF,MDF,VALLEY,1,8,1,78.2062,586fcdcb-9de5-4594-9969-2ec895673224
3488,2017,BLM,CND,ALPAUGH,14,1,1,78.09461,8e4dc16a-9199-46da-94fd-3cfe0d0f749e
3489,2017,CDF,FKU,TIVY,1,1,1,76.29654,58776df0-b54b-4248-a7c6-410ad95ed267
3490,2017,CDF,NEU,MCCOURTNEY,14,7,1,75.53836,cf4bd865-c5cf-420e-8d39-436b5e563e6f
3491,2017,USF,PNF,MILLS,9,6,1,75.34856,23eed6c0-08f9-47f8-89cd-99b2ad6fd39d
3492,2017,USF,INF,DIAZ,9,3,1,75.16344,2a085690-7e3f-4e48-9603-ee20679fc16f
3493,2017,CDF,SLU,LINNE,14,6,1,74.80467,37681e1d-4d93-47c6-a158-89e062963785
3494,2017,CDF,AEU,AXEL,14,1,1,72.09602,4ba168cd-df63-4632-a9d8-65c1111bf799
3495,2017,BLM,NOD,RIVER,14,7,1,71.22992,030c1e32-222c-45b2-9048-981121cf4e71
3496,2017,CDF,SLU,LYNCH,10,1,1,71.18116,a8d5e15a-2bde-4f88-8283-c843820e4bcb
3497,2017,CDF,SLU,CAMATTA,1,7,1,70.57708,47b2ad22-4e0f-4b6a-867e-b3fffacade1a
3498,2017,CDF,FKU,PARKFIELD,2,1,1,70.22348,3b9d91ac-880f-4606-b878-c63f82292590
3499,2017,CDF,SLU,MARGARITA,10,7,1,69.71004,eb5900d5-cab6-4210-a75b-335bd3be2f5d
3500,2017,USF,BDF,MILE,7,1,1,67.45031,ec98a81f-1831-4aec-89ef-0ef64736dbd5
3501,2017,BLM,CDD,HIGHLINE,14,7,1,66.99863,fa0b2e9f-6af9-413a-a147-ffb9b3d9f9bf
3502,2017,USF,INF,PAYNE,9,8,1,66.61312,cf953eb3-b111-4d02-bc98-6f20fb96acf9
3503,2017,CCO,LAC,ESCONDIDO,14,1,1,65.97264,5610feb0-4196-4955-8de6-82f076c53e14
3504,2017,CDF,MVU,MONTEZUMA,10,1,1,65.18426,da506957-3361-473e-8d8e-f7e5a57119ed
3505,2017,CDF,TCU,ORANGE,2,1,1,64.52619,64af681c-5b66-44fe-a91c-667d45e6c50c
3506,2017,USF,LPF,POZO ,2,1,1,64.36557,b8f08bb0-edf8-4350-b9af-885a9f011cdf
3507,2017,USF,MDF,WEST,1,8,1,63.96683,1043da06-bf1c-4e5c-a357-7fa8835132ab
3508,2017,CDF,SLU,TOWER,10,1,1,63.51402,0cc384a8-50b1-4400-8118-2de477aee882
3509,2017,CDF,TCU,LAKE,14,1,1,62.34454,3fd01075-1439-4b52-92e7-b21d153ccb0e
3510,2017,CDF,LNU,BOTTLE,14,2,1,61.8303,f8d74932-f0bf-4d63-af48-66298ef2cd3f
3511,2017,CCO,LAC,RODEO,14,1,1,61.10294,58c4351b-20da-4a94-b17b-f1007b945395
3512,2017,CDF,TGU,BOLLA,9,6,1,60.31167,143ce1a4-87fa-4447-a970-b03d0a6eb15e
3513,2017,CDF,FKU,HILLS,10,1,1,60.17172,7f30b1bc-8d8e-4eb6-9b2b-6b21e0b0995f
3514,2017,CDF,TCU,QUAIL,2,1,1,59.38209,d9d50f84-92cd-4f3e-935e-3eaafba68806
3515,2017,CDF,BEU,PINE,1,1,1,59.3685,236a48ee-bffd-4878-b439-9bfaa98b77bd
3516,2017,BLM,NOD,SHAFFER,1,7,1,59.03882,3d305068-8e27-43b9-bde8-3282d00c4a07
3517,2017,CDF,TUU,HOGBACK,9,1,1,58.33463,53afefe1-eaa3-412b-9b52-cd1cd24b9ef0
3518,2017,USF,MNF,SLIDE,1,6,1,58.13599,227df3b5-1b73-4a80-b2a7-68bd799a5f0b
3519,2017,USF,PNF,TOLL,7,6,1,57.91714,1d6b71c7-88e7-4ad4-a781-f94c293adf26
3520,2017,CDF,FKU,SILVER,14,1,1,57.05462,668f4230-2bd7-447d-b542-e4aee26e7554
3521,2017,CDF,FKU,FREEDOM,2,1,1,56.85116,9dea80dd-0e8a-4b64-b1c4-18bee89136e3
3522,2017,NPS,YNP,STARR KING,1,7,1,56.16541,ad9b31b1-2860-429a-afb2-ea92653332fd
3523,2017,CDF,SKU,BOGUS,5,1,1,55.97834,0bda56ca-02eb-4158-98fc-e0b103870e28
3524,2017,CDF,LNU,RIDGE,14,2,1,54.95659,716f9b58-f6aa-4375-a550-61313b6b6a31
3525,2017,CDF,SKU,OWENS,14,1,1,54.75001,9fd06804-84fd-4269-945f-ceaf476b9f71
3526,2017,USF,SHF,BRADLEY,9,8,1,54.04401,29c2dd04-8099-4323-8d11-e9d5f4b5282f
3527,2017,CDF,LNU,SANDS,14,1,1,53.44394,349fe5d5-7fd7-4a23-8ef6-022b674976fb
3528,2017,CDF,HUU,SAW,10,1,1,53.36273,306fb7c9-99e6-4aca-a492-4c0a6735ea06
3529,2017,USF,PNF,CRESCENT,7,6,1,53.14948,5ebec924-52f9-4ac9-889d-519eb25925f8
3530,2017,CCO,SBC,MESA,2,1,1,51.36316,d2029673-8c16-4621-b809-b734456de7db
3531,2017,BLM,NOD,DRY VALLEY,1,1,1,51.23803,1aef2335-e27d-4770-8cc9-009a6983433b
3532,2017,USF,MDF,DAVIS,9,1,1,51.14223,ed8b5b90-f6cd-4572-b8bb-b2aac52cb966
3533,2017,CCO,KRN,CALGARY,14,1,1,50.46431,02e6d572-7b38-4ece-aa1f-fabf39ca4260
3534,2017,CDF,NEU,WEST,14,1,1,50.08102,d0514809-67f2-4354-955d-de5322f6395b
3535,2017,USF,SRF,SECRET,1,8,1,50.05243,d0395a66-345e-4914-9dc0-ce447dbcca7d
3536,2017,USF,SQF,ROWELL,1,6,1,48.382,fcf7aa73-990d-45f4-b5d6-9dcb59e806d7
3537,2017,CDF,BEU,BITTERWATER,10,1,1,48.32974,0d0f0a7a-6d43-4ed4-8158-8a6abbcf0c2e
3538,2017,CCO,VNC,GRADE,14,6,1,47.19403,15fe199e-aca0-4ed5-85b9-b383ff459e04
3539,2017,USF,CNF,CANYON,9,1,1,46.90482,b8d1b72d-0730-4624-af79-c8aa1fece4c8
3540,2017,CCO,KRN,TANK,14,1,1,46.81921,688235c5-c572-40dc-8b93-3170c70eb3b6
3541,2017,CDF,SLU,ZENON,14,1,1,46.57753,8ae7a776-d311-41a9-b94c-c772dc2bb6aa
3542,2017,USF,BDF,HIDDEN,9,1,1,45.84431,24c3db9e-7770-461e-9dfb-9b6f53a1ede7
3543,2017,CDF,SHU,GRACE,7,1,1,45.21847,d1898a50-f3a0-4530-9b3e-609103867b36
3544,2017,USF,ANF,WILSON,9,1,1,45.1162,9309d5f9-54e4-46fe-bbaf-128c10592554
3545,2017,BLM,CDD,CAHUILA,9,1,1,44.23541,ffae5367-2d62-458d-b0f5-613fae2f3a6d
3546,2017,CDF,SKU,WHITEPINE,5,1,1,44.10824,164ec154-ab51-49e7-a8e5-bf6729b1c4a8
3547,2017,LRA,VLJ,TOLL,14,2,1,43.80302,c811170d-26f6-482e-a0b6-fc8ebf2cfe34
3548,2017,CDF,LNU,ESTATE,2,1,1,42.80334,a840202c-9e9b-4652-9c2b-9449b5fa38a8
3549,2017,CCO,LAC,STOKES,14,7,1,42.10419,cdd00ec5-b773-4d4b-a123-dbc1bfabdf5e
3550,2017,CDF,LMU,JONES,7,4,1,42.07929,d9e6afc7-efa3-49d8-830c-c4e7175a288c
3551,2017,CDF,RRU,EXTENSION,14,1,1,41.77808,116e07d0-ea70-4179-8e38-46e600418fe8
3552,2017,USF,CNF,CAPTAIN,2,1,1,41.04634,c2934992-a224-4f23-baf7-66187c469048
3553,2017,CCO,KRN,LAKEWOOD,14,1,1,39.75837,ae778e38-0b95-44f2-aeef-0df737408acc
3554,2017,CCO,LAC,JOHNSON,7,7,1,38.81298,e951ddba-9908-4434-8986-ed0a3f68da93
3555,2017,CDF,TCU,TABLE,11,1,1,38.80263,4c35337c-764d-4634-97a5-b2252f5042fe
3556,2017,CDF,TCU,RED,14,1,1,38.10066,404a7b26-394d-4c2d-bb5d-1e897da0e627
3557,2017,CDF,TCU,HARNEY,11,1,1,37.42143,42996184-1c19-446a-b0ce-df0b9d7b63ea
3558,2017,CDF,NEU,SPENCEVILLE,10,1,1,37.28971,c9a1e582-b68d-4b26-8094-01b668742caf
3559,2017,CDF,NEU,GOLD,7,1,1,37.16428,3bef6c8f-ffec-4a43-8fe7-2a5869956b72
3560,2017,CDF,LNU,LAKEVILLE,14,1,1,37.01513,c31d2fa9-2a43-4f6d-b95d-7dcc9562fbc2
3561,2017,CCO,LAC,SIERRA,2,1,1,36.46341,6ee3236d-e080-48ec-9e2d-12bf328c8262
3562,2017,CDF,CZU,SKEGGS,1,1,1,36.33775,283528da-ddcd-433e-9277-44d8ce06e730
3563,2017,USF,BDF,DOLLAR,9,1,1,36.30346,e9c2ed54-a4a9-40b5-b968-1ca38f75412a
3564,2017,CCO,LAC,TOWSLEY,8,7,1,35.99306,a67fbcfc-7e9e-4bf4-9916-8f69455cabec
3565,2017,USF,SHF,BRIDGE,2,8,1,35.51982,cfa7a682-ee17-474b-a590-b394eaf569ee
3566,2017,CDF,BEU,VALLEY,10,1,1,34.8994,1a651b57-fc53-433f-8906-71bfb5a489e7
3567,2017,CDF,RRU,SMILEY,14,1,1,34.84784,98b913da-fc3e-4332-aa87-bb92f57534cc
3568,2017,CCO,SBC,BELL,7,1,1,34.68973,eb4b1e66-22fa-4c8f-8d53-623bcae34aac
3569,2017,CCO,KRN,FEED,14,1,1,34.28937,decc8acf-36b4-4484-9c78-8a7846068d33
3570,2017,CDF,HUU,MILLER,11,1,1,33.77041,01c5bae0-bc96-4b2a-b0a4-79d3b1041865
3571,2017,CDF,MVU,BLACK,14,1,1,33.67333,6b8133a6-c897-4636-ad26-5ea033bc8a48
3572,2017,BLM,CDD,CHRISTMAS,14,1,1,33.55245,aca6e795-6f1c-4cbf-9c1a-d2d85849cea0
3573,2017,USF,MDF,BLUE2,1,8,1,33.3521,32244466-285a-489d-8c53-0fde0f9e30c5
3574,2017,CDF,HUU,BLOCKSBURG,11,1,1,33.345,21fb1d9b-a970-4d9f-b7f1-0655119994d0
3575,2017,CDF,TCU,GOLD,10,1,1,33.16441,eec105e0-580a-4832-96a3-4549fa9f2187
3576,2017,CDF,LNU,MURPHY,14,1,1,32.9806,ec277b37-633e-44e6-bdbd-8539374af3ae
3577,2017,CCO,KRN,WEST,14,1,1,32.93502,966f43bf-9889-4c77-9cc3-92b4575e5878
3578,2017,CCO,KRN,CREEK,14,1,1,32.65188,b63f595f-827a-4c07-b923-db836f3abfd3
3579,2017,CDF,BEU,UNION,10,1,1,32.43858,51c7f64a-838d-417b-b0ef-cc2f625d1318
3580,2017,USF,SHF,SANDY,9,8,1,32.26079,1fc9ae76-526b-4b60-8d04-d7cd8793b217
3581,2017,USF,SQF,TRAIL,1,1,1,31.87081,168ff39b-2799-4ecf-a65a-9f1a77f1156d
3582,2017,BLM,NOD,COWHEAD,4,1,1,31.66678,79e0cf46-38b6-4d50-a9ea-0a3548114981
3583,2017,CDF,FKU,JUNIPER,10,1,1,30.71256,02e193c3-6240-4f5e-b70e-32960759dfb6
3584,2017,CDF,SLU,SODA,14,1,1,30.651,775d9566-065f-409d-acc2-7f2e8abce610
3585,2017,USF,SQF,DAVIS,1,6,1,30.59812,b5d9dd3f-5d49-4c7c-97db-5d9b2ecbe816
3586,2017,CCO,KRN,HUB,14,1,1,30.58594,951fe79f-3840-46c8-bfeb-50b201137207
3587,2017,CCO,MRN,PINE,11,1,1,30.57775,425f5a55-38b3-4ab4-8d30-d26dbabb871e
3588,2017,CCO,VNC,CANYON,14,6,1,30.4916,4c5b84d5-9c37-499c-a6e3-099f5931e8ef
3589,2017,CDF,LNU,KNOXVILLE,14,2,1,30.00042,38719bd1-8164-42f5-b916-f8018eff4d0c
3590,2017,USF,ENF,ICE,2,1,1,29.37,cece361f-d840-4056-bfd1-f8ee087b5038
3591,2017,USF,MDF,RIMROCK2,1,8,1,29.35282,269560c9-a4a6-4668-9de7-145dafb10796
3592,2017,CDF,NEU,BLACKFORD,14,1,1,29.1444,ac298fee-daab-4c21-9917-3690c6a3f109
3593,2017,CDF,LMU,JOESPH,1,1,1,28.71929,e6aa9253-816d-42d8-82b4-67e9238b97bd
3594,2017,NPS,BNP,SHALE,1,8,1,28.70875,ef536b94-1bc1-440d-9fda-41be8d6844c9
3595,2017,CCO,MRN,SPALLETTA,2,1,1,28.70305,cdb586ee-324d-4cfa-8a29-e752814d2342
3596,2017,CCO,ORC,LAMBERT ,14,1,1,28.24179,e636959c-a031-462f-ba3f-9badb8fa5d22
3597,2017,CDF,BTU,THIRTY TWO,14,1,1,28.19562,0dffb85f-865e-4aff-b446-e9b7fb212f1d
3598,2017,CCO,KRN,,14,1,1,28.04709,91e584dc-2d18-4b53-9ea6-3ca93a473e61
3599,2017,CDF,NEU,JASPER,14,1,1,27.64261,7808e878-ef46-4864-83a6-0c73ed45542f
3600,2017,CDF,MVU,WILSON,9,1,1,27.39173,24ab4380-b16e-49b8-a68e-7a91d84c244b
3601,2017,USF,SRF,FRANK,1,8,1,27.20529,a2ef4e69-0be5-4005-9bdf-5fd043722799
3602,2017,BLM,CDD,TECOPA,1,1,1,26.99338,afd1076e-7cff-4eaa-bd79-2285255c0036
3603,2017,BLM,NOD,R-2 SCHAFFER,1,1,1,26.49388,264e21de-6459-4075-9403-d4c2f7496255
3604,2017,CDF,RRU,VERNON,14,1,1,26.25211,dbc31387-2301-4faa-b134-177cb9872c48
3605,2017,USF,SNF,COW,1,6,1,25.92339,8d4f0af5-6db8-4245-a949-0ffb818c261c
3606,2017,CCO,SBC,WESTERLY,11,1,1,25.66816,51127aaf-57d7-464e-994e-e80ff987078e
3607,2017,BLM,CDD,FAIRVIEW,14,1,1,25.6586,20633020-163e-47b7-8d38-595a8954efee
3608,2017,CCO,LAC,FIVE,14,7,1,25.30416,ed47ea65-26ee-4dd1-a948-5e6970c7ffb6
3609,2017,CDF,FKU,MONTEREY,2,1,1,25.18853,135eb64b-ecf3-45a0-aa02-eb0d2f16f59c
3610,2017,CCO,SBC,WOODCHOPPER 2,11,1,1,25.13168,69c7bb8c-0480-43c1-8010-eb21b5ba09a1
3611,2017,BLM,NOD,CHERRY,1,1,1,24.91195,7c2edbdc-cc01-4c54-86c9-e5a061f2eb5f
3612,2017,CDF,SLU,COVE,14,6,1,24.77047,f5b50d33-c3b3-4532-aae8-52fda27bf81d
3613,2017,USF,LPF,APACHE ,4,6,1,24.40058,d76a9687-89f6-496e-b4fe-d3bdf3455c1a
3614,2017,USF,KNF,FOURTH,1,3,1,24.317,d9cd111a-b37a-4889-98e4-e682179bd714
3615,2017,CDF,BEU,PINE,10,1,1,24.03971,f6c39151-5cc1-4745-a9f8-0f6d2e2f1437
3616,2017,BLM,CND,KECK,14,1,1,23.86314,4b34b11c-d1e7-44de-8433-9c3e79db1cb6
3617,2017,CDF,TCU,ZAMORA,14,1,1,23.79608,e514a252-b012-4075-9451-406b0e55ccde
3618,2017,CDF,FKU,CITY,10,1,1,23.45427,5c3342bc-45d4-4221-b46f-cf1fdc1cff5e
3619,2017,CDF,LNU,ROCKVILLE,14,1,1,23.23989,bc794104-5dd8-4f9c-94ad-0d795bd1b70e
3620,2017,CDF,MVU,BORDER 9,14,1,1,22.50286,6fe77b7d-f185-452a-a9b3-e361586b3a66
3621,2017,CDF,AEU,TONZI,14,1,1,22.38834,cc549ada-2993-4d28-9680-b00cf57e4450
3622,2017,CCO,KRN,BRECKENRIDGE,14,1,1,22.35438,f1fcf161-55b2-40a9-80ea-d0c46f673db2
3623,2017,BLM,NOD,R-9 FREDONYER,1,1,1,22.03393,0b5125c3-8d39-4d4b-8c8f-bbbc758bfc48
3624,2017,CDF,SLU,ROCKY,2,6,1,21.9278,0d7d8331-6708-4bcf-8fd1-6d3ce85f3b06
3625,2017,USF,PNF,FRENCHMAN,9,1,1,21.58683,fada7d02-506e-4ee5-9144-51a42b136bc6
3626,2017,CDF,SLU,CYPRESS,11,7,1,21.28955,595a1dbd-8243-4e64-92ec-d0f9c49d7964
3627,2017,CDF,LNU,MULE,14,2,1,21.26687,26e5e1a7-65cf-45f5-9aab-6b11b16d3441
3628,2017,CDF,BTU,HIGHWAY,11,1,1,21.25227,58acbfdd-5e96-48c9-9ceb-03e007a737e4
3629,2017,CDF,LMU,PINE,1,1,1,21.24126,90304ab7-b276-45d8-9220-3e14d0d11384
3630,2017,USF,SQF,NEEDLES,9,6,1,20.86836,c3d08dda-0fa5-4b58-9241-6a401c7a0d1c
3631,2017,CCO,KRN,AIRPORT,14,1,1,20.80275,3a579eeb-63c6-4928-817a-7f62371095ea
3632,2017,CDF,BEU,BITTERWATER,11,1,1,20.62749,4a43315c-554d-4715-be24-2b58385bdb61
3633,2017,CDF,RRU,LAMB 2,14,1,1,20.43246,22896803-c6b9-4e52-9646-22751b6458cc
3634,2017,BLM,CND,ALPAUGH,10,1,1,20.33025,c4e2517e-d2de-4156-8477-70223c3262f4
3635,2017,CDF,SLU,GAVIOTA,9,6,1,20.31965,6fad9dac-729a-4d29-8b74-3ef169c454df
3636,2017,CDF,TCU,FALLS,14,1,1,20.31024,1497167e-7788-4325-bc95-4c38360c8052
3637,2017,DOD,MCP,JARDINE,5,6,1,20.19442,b98f63a3-cadb-4511-adbd-28a4b2121c92
3638,2017,CCO,LAC,TOPANGA,14,7,1,20.00055,ef28c349-0295-43b4-a49c-c2f53546c3b8
3639,2017,CDF,FKU,AVENAL,10,1,1,19.41336,28e1a8fb-33a9-4eb7-8bea-179a1d9976af
3640,2017,CDF,NEU,GARDEN,10,1,1,19.13759,4ab07159-453f-4373-9b72-69b389613510
3641,2017,USF,SHF,PICKETT,1,8,1,19.08158,ac78cbed-1071-442c-8ccc-dc7ab22ab4f8
3642,2017,CDF,SLU,CHALK,14,1,1,18.82862,9fc754b1-2fb1-491c-9f6e-9858922e1097
3643,2017,CDF,TCU,WILLMS,14,1,1,18.7433,285459a3-ff79-4914-a9f0-6159a2383123
3644,2017,CCO,LAC,NEENACH,2,7,1,18.74323,83a9ec63-d71a-46c5-9429-55b7b3ce9f7e
3645,2017,USF,MDF,DIAMOND4,1,1,1,18.71504,e17cb4f2-afa0-4e11-a8db-2c737467bc5e
3646,2017,CDF,LNU,FORT,14,1,1,18.28065,0dd0dbaf-b587-4d05-8427-7ab7053d2978
3647,2017,CDF,LNU,SMITH,14,1,1,18.19828,0c55c564-2035-40cd-a96c-20b9190f83e4
3648,2017,BLM,CND,PANOCHE,9,1,1,17.98286,31ebcc69-2800-4223-b4f2-0f49ceedfb03
3649,2017,USF,LNF,ANTELOPE,9,1,1,17.97842,82dd71d2-2293-423f-a6dc-09c0d53f27d4
3650,2017,CDF,TCU,MILTON,2,1,1,17.96167,f526ea49-eef0-4871-9180-b565e08f7f26
3651,2017,CDF,LNU,BODEGA,14,1,1,17.76834,3c4813f8-b072-4f60-9705-793f01bdc6c0
3652,2017,BLM,NOD,R-2 BUTTE WELL,1,1,1,17.38799,51a8f98a-0f5c-4aaf-8442-18284679c66a
3653,2017,BLM,CDD,MOTOR,2,1,1,17.19416,a33dd8c0-0e61-4d35-8d6b-2157a88a2a5b
3654,2017,USF,MDF,ROCK,9,1,1,17.14011,b53caaea-67ac-4a0a-95de-85d834f8029c
3655,2017,USF,STF,GRANT,9,1,1,17.05766,79dbd72a-aa52-40ce-a985-3199e240b202
3656,2017,USF,SRF,SWAY,2,8,1,16.94284,e48f5ec1-656e-4723-8352-ef07995c5dfc
3657,2017,CDF,BEU,CANYON,2,1,1,16.82664,d1223205-8148-45b8-a11c-14b7bfee3dfe
3658,2017,CDF,BEU,LONEOAK,11,1,1,16.81539,173e2d12-33ce-4e8d-95c8-92cfd1b697fe
3659,2017,USF,MDF,ROCK2,1,1,1,16.36759,0d48e5b7-6c0e-46f7-9c8b-c690f979c8d1
3660,2017,USF,BDF,SEINE,9,5,1,16.21909,d9c48626-0c17-4175-8eca-936040d1acbe
3661,2017,CDF,SKU,CRAM,5,1,1,16.0521,2cf8562a-deb4-42ce-b1a1-abe14fdceed3
3662,2017,USF,MDF,QUAKING,1,8,1,15.96121,ff3798a7-bcf3-45bc-bc22-f4dd0db4708b
3663,2017,CDF,MVU,SUNSHINE COMPLEX,10,1,1,15.96021,a79b9dd9-063b-42a1-8184-cd95241501ec
3664,2017,CCO,SBC,CAT,11,1,1,15.88332,7fc7b0df-7d17-4d43-b736-aa711ab07a8b
3665,2017,USF,MDF,MOWITZ,1,1,1,15.72661,cd33d5a8-7bf0-4aca-83b5-f998df057d9a
3666,2017,CDF,LNU,SITES,14,2,1,15.62878,d2b89063-3dfc-4a4b-98fe-a131c85ec4ff
3667,2017,CDF,LMU,CENTERVILLE,14,1,1,15.61061,0bbe486e-f882-4fe0-b995-59ff7a9b67da
3668,2017,BLM,CND,PICNIC,9,1,1,15.55472,5bc1dcd4-c6fc-4149-a128-c472ef760f86
3669,2017,BLM,CDD,CANYON,10,1,1,15.1246,c81c1048-a4bb-49c6-9c82-d9e33f39281c
3670,2017,NPS,YNP,RATTLESNAKE,10,1,1,14.99418,f0ee35f8-84a9-4f7e-963b-5093c43a0910
3671,2017,USF,STF,TWIN ,1,6,1,14.96456,a13ed33a-536a-40b2-8604-a26923aafd5d
3672,2017,CDF,BEU,SAN JUAN,14,1,1,14.82591,af04a789-113c-4c05-b19c-488a599e30e5
3673,2017,CDF,TCU,CRABTREE,10,1,1,14.1566,3cd9e05c-3822-4a71-9e35-563592728528
3674,2017,CDF,BEU,HOG,9,1,1,14.10511,3043476f-8481-4e97-9a77-c43ad7a3bc4e
3675,2017,BLM,CDD,MATZ,14,1,1,14.05736,fb9eb001-ce8d-458a-b0d6-1c900c68553f
3676,2017,CCO,KRN,ELK,14,1,1,14.04068,9f4da68f-d81c-4c70-ae51-112a58a10c25
3677,2017,CDF,LNU,REDWOOD,14,2,1,14.02686,16cd5584-b1d1-423a-89f3-253822aca8b7
3678,2017,CDF,SHU,CORNER,10,1,1,13.96419,b0a234e7-2b14-4173-9ada-47958206894f
3679,2017,CDF,MVU,SLOANE,9,1,1,13.92714,b2659f6a-19ab-441a-8fb3-f0acd35ec4ae
3680,2017,USF,BDF,ROUSE,9,1,1,13.91025,f6811d3c-3c14-48fd-99ca-ab704257ddc4
3681,2017,CDF,LNU,CLOVER,14,1,1,13.89886,fcaddf0b-dfc8-44ed-b532-7fbc2cdc67df
3682,2017,CDF,NEU,CHINA,11,1,1,13.89821,eb16560e-7c8a-49ab-aa24-11e80f113caf
3683,2017,USF,MDF,RADAR,1,1,1,13.89812,cc80a656-791b-4112-94d4-3e8a495c4bd1
3684,2017,BLM,NOD,W4 ROMERO,14,1,1,13.82891,a894266f-3601-478d-b8cf-1c7ed972241c
3685,2017,CCO,KRN,AQUADUCT,14,1,1,13.82444,d605a47c-5d48-4030-b95f-6b99280ef340
3686,2017,CDF,NEU,BROPHY,14,1,1,13.68829,ff026dac-6130-4e19-a3bd-80b2a4429f1b
3687,2017,CCO,SBC,DRUM,9,1,1,13.53869,341f5ddc-cba3-4c75-8325-5766feea2824
3688,2017,CDF,TCU,PALOMA,14,1,1,13.38323,dfd378d2-1d4d-4937-821c-5c670edb568b
3689,2017,CCO,KRN,ERIC,14,1,1,13.25268,dbe71e16-0327-444a-904e-e6d0c378d3e4
3690,2017,CDF,LNU,SPRINGS,14,2,1,13.12532,dede0d61-2ab7-4bda-80fd-c0d08e45f1d5
3691,2017,USF,MDF,JIM,1,8,1,13.09252,2f61eb40-2e0f-41fa-ab33-3d233a69381a
3692,2017,CCO,SBC,HWY_1,11,1,1,13.04565,d4d6714f-04ee-4b95-b3c2-8fa718f01778
3693,2017,CDF,MVU,GREENFIELD,14,1,1,13.01627,d5ba6755-f9d1-464a-b32a-1c2411fe5d7d
3694,2017,USF,KNF,CLAIRE,1,3,1,12.89506,88e592c5-7d40-455e-8516-a26e9f627c07
3695,2017,CDF,NEU,CATLETT,14,1,1,12.87781,b57cdd59-f64f-4ae1-afbb-b6a1530d3029
3696,2017,BLM,CDD,WINDMILLS,14,1,1,12.69855,ac4d0ced-6b11-458b-85b5-8f46514b3492
3697,2017,CDF,LNU,GEYSERS,14,2,1,12.65132,4cfee5d7-6131-49b1-8462-e9b533d99c3c
3698,2017,CCO,KRN,CORCARAN,14,1,1,12.45355,10d0a0c1-5c11-409e-89c5-2a927a4f0585
3699,2017,CDF,SLU,RANCH,10,7,1,12.45207,66174a0d-7fa9-4029-9a76-537a84275559
3700,2017,CDF,NEU,BREWER,2,1,1,12.40011,0479ed29-fe31-4ffb-80c1-f739b88df30d
3701,2017,CDF,HUU,BLUE,11,1,1,12.3151,7460a2c9-0ef0-42d1-b8dc-5b9138dbfc03
3702,2017,CCO,SBC,VINEYARD,11,1,1,12.27624,962697bb-1472-43ec-9b5d-4cb87e0970bd
3703,2017,USF,ENF,FORNI,14,8,1,12.26719,68830fcc-a5aa-4ba6-89e6-c5ab1ffa7306
3704,2017,CDF,MVU,DEHESA 5,14,1,1,12.24801,542cc7d0-4df2-46b0-a6ff-06c825dcd800
3705,2017,CDF,SLU,SHANDON,10,6,1,12.07228,1cd1ab12-7c03-4434-a32f-36d8a3aea04b
3706,2017,USF,BDF,SILVER,2,1,1,12.00793,bc6a52ab-d404-44a2-bc18-8abc8353007a
3707,2017,USF,ANF,ZERMATT,9,1,1,11.94587,0d250ba1-9171-4865-ac1e-be2c9b177c0c
3708,2017,CDF,NEU,STAGECOACH,3,1,1,11.93284,492aff37-3efb-4199-a5cf-1a269af7eb26
3709,2017,CDF,LNU,SPRING,14,1,1,11.88886,af9782ce-df57-4fbd-8683-abcddaa6779e
3710,2017,CDF,RRU,JAMESON,9,1,1,11.77292,1f65c775-8b0a-44fd-885e-f6f817ae5dbb
3711,2017,CDF,NEU,REX,2,1,1,11.73705,689ae5ac-9a18-4266-b27b-0e3fae648939
3712,2017,CCO,SBC,TRAIL,9,1,1,11.72539,e1a21a74-1f88-42e9-af97-913011bd6eef
3713,2017,CDF,LNU,BEAR,14,2,1,11.68308,fd6764c9-64bc-4b6f-ae9f-56071dcda56b
3714,2017,CDF,SKU,APSUUN,7,1,1,11.60558,711508ff-5cb0-44ad-8f00-672d4b9679dc
3715,2017,CDF,NEU,SMARTSVILLE,14,1,1,11.55905,47e1eb9a-9ad5-46ec-97c7-bb46d48fad81
3716,2017,CCO,KRN,FARMER,14,1,1,11.45716,ff7825ca-b6f6-47e0-bf0f-630afdf89a9e
3717,2017,USF,MDF,TANK,1,8,1,11.39594,65213ba9-cd2f-4c7a-b191-076e8f404815
3718,2017,CDF,BDU,CABLE,9,6,1,11.38073,fddde397-6027-4abf-9044-72248ba3d0a4
3719,2017,CDF,SLU,WEST,10,6,1,11.34279,b6b1527d-2068-43cf-901b-82b9aaadf51e
3720,2017,CDF,HUU,SHORE,14,1,1,11.31573,1e42501d-c94c-43ab-9ce5-4c68b392eb71
3721,2017,LRA,LDF,DOMINICA,9,6,1,11.15464,229410d2-f211-4af9-9ac4-597f8f494eef
3722,2017,CDF,SLU,SOLAR,14,1,1,11.10916,907c5655-e989-429c-badc-51d0f1c390bf
3723,2017,CCO,ORC,JEFFREY,14,1,1,11.08747,6a38f055-9e67-4d7c-85a0-3caef04f9389
3724,2017,CDF,AEU,STONY,11,1,1,10.9172,bf50ffc3-ff3b-46bb-a3ed-cac04a977893
3725,2017,CDF,LMU,3-20,1,1,1,10.83091,8b866983-b4ff-4f47-82c4-586e9807f4db
3726,2017,CDF,NEU,GRIZZLY,10,1,1,10.82112,0f0e1903-5825-41cb-b6b2-8c0f228a67d6
3727,2017,CDF,NEU,SPENCEVILLE,9,1,1,10.77169,b994f437-eae3-4b6a-a0c7-ef43e9b17072
3728,2017,USF,ANF,OSITA,9,6,1,10.73966,e9e19bbd-ae49-4ce7-8496-ab8888df6320
3729,2017,CDF,HUU,POTATO,1,6,1,10.70095,31b051fe-1827-4d69-ad16-3904961bd8e0
3730,2017,NPS,YNP,PORCUPINE,1,1,1,10.51803,086e5498-cfaa-4dbf-88b4-f33c52e57d9e
3731,2017,BLM,CDD,IRWIN,14,1,1,10.41082,260a58b7-3f61-4e40-a0dd-eeb269c67ad4
3732,2017,USF,SNF,RIVER,9,6,1,10.40595,925cae44-62b2-407c-9db1-7991291aa1e2
3733,2017,USF,ANF,CHARLTON,9,1,1,10.40123,81332b43-efb0-477d-8c08-9b61ab00e455
3734,2017,BLM,NOD,W-2 LIKELY,1,1,1,10.32943,863337a9-9cf8-4ad0-b732-782bfdba995d
3735,2017,CDF,MVU,BANDY 2,9,1,1,10.30523,95b5a9bc-49a0-4361-8a30-1deaee7bff45
3736,2017,CDF,SLU,VILLA,11,1,1,10.20885,d1d8bfec-1f1e-4c6f-a7d3-73297be82920
3737,2017,CDF,NEU,GREENHORN,14,8,1,10.14809,0a97326f-ccfd-44b8-b224-9125924dedc7
3738,2017,CCO,SBC,ARMOUR,10,1,1,10.08267,6c79eb2b-a94e-4285-a7db-9ca14d48d5ed
3739,2017,CCO,KRN,SWITCH,14,1,1,10.06964,ea9649e8-503d-41e7-ab30-8c0b4097f806
3740,2017,CCO,VNC,BROOK,14,1,1,10.04382,7fa4cb99-f642-4258-9849-a9acce8a830c
3741,2017,CDF,NEU,MAVERICK,14,1,1,10.00226,1a804386-a9f4-45cb-86e1-14244ebc43ef
3742,2017,BLM,CND,HILL,2,1,1,9.913222,e49e3f6f-3893-4dc1-8387-08b88db57d03
3743,2017,CCO,KRN,LOOP,14,1,1,9.85579,7c061b51-56db-4d15-8ca1-4a29f085a6de
3744,2017,CDF,BEU,ALVARADO,11,1,1,9.783442,c3daae9d-b360-4568-8be9-54374495833b
3745,2017,CDF,LNU,QUAIL,14,2,1,9.767098,5277a577-bc8f-4e36-95b4-594e1b6cee9c
3746,2017,USF,ANF,RINCON,1,1,1,9.663489,d4f78336-178e-4fab-97fb-004150dfb44a
3747,2017,CDF,SKU,MACDOEL,5,1,1,9.625264,ce298384-d375-405e-a376-e9a67afe7606
3748,2017,CCO,LAC,SOUTH,4,1,1,9.507282,c39b36ca-6763-4ce7-8b5f-9b8d336bbaf3
3749,2017,CCO,KRN,OILFIELD,14,1,1,9.457086,b416a0b6-b7ad-4f72-8074-1e7999eaed9f
3750,2017,CCO,KRN,GULTCH,14,1,1,9.249963,5f3147cc-b586-4f72-8808-edf4ebd86679
3751,2017,BLM,CDD,BLUE,2,1,1,9.054397,c1a773a0-591b-4a83-a6f9-7af0c5e33eac
3752,2017,USF,STF,MURPHY,2,1,1,9.045541,a4330a65-66b8-4f8e-8677-446781be3529
3753,2017,USF,PNF,DIXIE,9,6,1,8.64817,e026950d-874d-40e3-a086-b1a64072d361
3754,2017,USF,STF,PILOT,1,1,1,8.603203,39f15d65-ad46-407b-bb9e-7bc41f3d1851
3755,2017,CDF,FKU,SHAVER,4,1,1,8.590142,3cd1dca7-2298-4991-9f05-b0896b78b313
3756,2017,NPS,RNP,DRAKE 2,9,1,1,8.266294,4294bcdc-8fb0-4c79-a2c6-88bee7add654
3757,2017,NPS,KNP,NORTH GUARD,1,2,1,8.235841,ac3ae007-4fd0-4eff-92b1-3f2d779a22fa
3758,2017,CCO,KRN,SKYLINE,14,1,1,8.173799,034fc344-b60a-4b9c-be53-949e72329e51
3759,2017,CCO,KRN,TEJON,14,1,1,8.055015,9933fc4e-f78c-40a9-85c1-7f5793de6ad6
3760,2017,CDF,BEU,KING,14,1,1,7.94398,f4e799c1-80b9-47c7-98cb-082db344757d
3761,2017,CCO,LAC,MULHOLLAND,14,1,1,7.373501,0b56fee8-d28a-4662-a2cb-0a59907c8ba8
3762,2017,CDF,NEU,VISTA,2,1,1,7.34516,59bcb1de-6c7a-4d7a-b99e-def0f227a258
3763,2017,USF,PNF,GENESSEE,7,6,1,6.275238,e959b50d-5de1-43d4-81b8-1aa42cea6814
3764,2017,CCO,KRN,CHAMPAGNE,14,1,1,6.240428,95ee73df-f2d3-4639-b0f9-dd60ed95b913
3765,2017,CDF,SKU,COMSTOCK,7,1,1,5.762318,8a7dad3d-a332-4df5-9069-b3bf3ae8fd6b
3766,2017,LRA,VNC,CANYON,14,1,1,5.550757,63e67f78-8155-485a-a9f7-f939a6c2c200
3767,2017,USF,ANF,VISTA,9,6,1,5.544388,a3ab444e-e67d-4d7f-a2eb-221829ffca7d
3768,2017,CDF,SKU,HAWKINSVILLE,2,1,1,5.537436,289b9594-7c12-4af9-9d66-a543475c7517
3769,2017,CCO,ORC,,14,1,1,5.443711,2d847c3d-5ecc-4d9d-96f1-bf15fb6c3b89
3770,2017,CCO,ORC,MAGAZINE,14,1,1,5.23979,733fe56e-436d-41b6-ab2f-6a095f1cdfa1
3771,2017,CCO,KRN,GRANITE,14,1,1,4.67176,e974dc4e-485b-4a1a-b21e-2a351a84ca89
3772,2017,CCO,VNC,"SCHOOL
SCHOOL",9,1,1,4.666061,bf76a299-051d-4a77-a76d-2386eb6db74f
3773,2017,CDF,SKU,SHELL,5,1,1,4.643873,afbf00fc-bd58-4da4-9af7-3ba50b998ff4
3774,2017,NPS,MNP,GRANITE,1,1,1,4.578662,63568288-d0d1-4d55-8c60-611bef405889
3775,2017,CCO,KRN,RESOURCE,14,1,1,4.548275,b4e7f63e-103e-4add-b129-3e12fdb4f298
3776,2017,CCO,ORC,CARBON CANYON PARK,14,1,1,4.446725,f7f8627d-9f18-4f62-abfd-25f968c619dd
3777,2017,CDF,SKU,SHULMEYER,2,1,1,4.431605,116d8bb2-49a0-4289-a393-803e7ad5a3a1
3778,2017,CDF,LNU,FOOTHILL,4,1,1,4.213081,9e4d7872-ce99-4625-98f8-c05d52d3f2ae
3779,2017,CDF,LNU,INDEPENDENCE,14,1,1,4.209119,897deea5-cf69-44a2-90ec-946f8ae0bb22
3780,2017,CCO,KRN,HILLS,14,1,1,3.979895,0df0cfb8-fd73-4d97-aae5-2cb2c731e038
3781,2017,CCO,VNC,ROLLING,14,1,1,3.923584,02c99c58-ae10-4f29-9ac3-98c2aa6facf0
3782,2017,CDF,SKU,DAVIS,14,1,1,3.772915,a5fb0b97-7666-456d-b686-59e8ab4c592b
3783,2017,NPS,MNP,FORD LAKE,1,1,1,3.757229,75ff8699-73e3-4420-9ba6-4a4e1555bc50
3784,2017,CDF,SKU,OAKWOOD,5,1,1,3.594825,f968830a-400a-4f57-8dfe-c472081b0cdc
3785,2017,CDF,SKU,HORNBROOK,9,1,1,3.594723,b46123a7-ab55-42b9-a637-cf609826b43e
3786,2017,NPS,YNP,YOSEMITE CREEK,1,1,1,3.495089,4fb4cfb2-f933-43c2-bb08-6a56dc89c411
3787,2017,USF,SHF,CHATTER,9,6,1,3.476502,d545d7f2-fe42-45fb-96be-29f3ec0c1ac0
3788,2017,CCO,KRN,CARNATION,14,1,1,3.358492,2cdfa7b0-4cec-440f-82bf-8fd3b7a2ea4c
3789,2017,USF,BDF,MELVIN,9,5,1,2.949139,423c25ff-14e6-480c-b208-c57417309cc4
3790,2017,CCO,LAC,PALMS,14,7,1,2.911873,1b3c61eb-a76f-4e91-b920-7ac95f10af91
3791,2017,CCO,ORC,LAGUNA NIGUEL REGIONAL PARK,14,1,1,2.904046,8a19b4e6-5e2b-4a93-8568-61644fe58b70
3792,2017,CCO,VNC,MONTVIEW,14,6,1,2.893327,46d7da3d-9ad9-4571-88f9-070a9d933553
3793,2017,CCO,LAC,GAVINA,4,1,1,2.574129,c23508f1-8772-4089-9b8d-0967d38a0872
3794,2017,FWS,ESR,HARKIN,4,4,1,2.568609,8a0d315d-dcc1-4f96-b9b7-fc67dd556fca
3795,2017,CCO,LAC,ENCINAL,2,7,1,2.525276,20e44cbf-a60e-4810-ab6d-b26b5de538ee
3796,2017,CCO,VNC,RUNNER,9,6,1,2.425504,0864a9b1-de7f-4dba-a036-20e20fee2d55
3797,2017,CCO,KRN,DERBY,14,1,1,2.374051,b44bf311-9554-4d94-9a13-5c36095bd899
3798,2017,CCO,VNC,BALDWIN,2,1,1,2.296595,811e1c76-5561-4223-a81d-e43ed0d9fbff
3799,2017,CCO,VNC,LIBBEY,9,6,1,2.227261,357b0b72-1d88-43e5-83e9-f2e596c5cb90
3800,2017,CDF,SKU,RAILROAD,14,1,1,2.216443,bef1016c-c8df-47bd-9a96-0d9b32bb5c5c
3801,2017,CCO,ORC,ANTONIO,14,1,1,2.2113,b07c01dd-77c8-4ab9-94b1-20aa053e8f91
3802,2017,CDF,SKU,EDGEWOOD,5,1,1,2.126029,561c0f1e-a074-4edb-a756-c512cbf9c702
3803,2017,CCO,LAC,BARN,4,7,1,2.064039,2fe8eeb5-6ac6-476d-b35d-f5367ece6616
3804,2017,CCO,KRN,TOWERLINE,14,1,1,2.056431,9eede0f8-b066-4f02-8bad-c5d4a4d70f48
3805,2017,CCO,VNC,MCWANE,14,6,1,1.751291,ca34f74d-1886-44d6-b526-5cced16c50f3
3806,2017,CDF,SKU,BAILEY,14,1,1,1.697881,e1e90735-b7b9-40aa-8d42-5667a1363d50
3807,2017,CCO,KRN,OWL,14,1,1,1.690201,eff33a2d-605e-4e49-bdef-fb1e73cad093
3808,2017,CCO,LAC,OLD,2,7,1,1.638321,eae4d2ef-b50f-4035-8ca6-728bf8f56010
3809,2017,CCO,VNC,FORK,14,1,1,1.534435,1d3bef79-a4c5-4da9-8074-67a694288b6f
3810,2017,FWS,BRR,STUBBLE,9,4,1,1.526605,d3ea5611-6ad6-4292-a605-400aaf0f4494
3811,2017,NPS,RNP,SHORELINE,9,1,1,1.425338,f4dba374-e2f7-4be3-b6f3-ef4e2896d507
3812,2017,NPS,YNP,RIBBON,1,7,1,1.385606,e19cab04-75ea-4210-8057-48726831cc2b
3813,2017,CCO,LAC,CANYON,14,7,1,1.362349,48d9ea3f-a090-4505-86d3-e2d5dbe17c03
3814,2017,CCO,LAC,HASLEY,8,1,1,1.342572,36e1fa17-daec-4feb-b01a-cae325bd087b
3815,2017,CCO,ORC,NIGUEL,2,1,1,1.328025,97bebaf3-f303-44ea-b962-e18c4fd4805d
3816,2017,CCO,VNC,SCALES,14,1,1,1.25824,a6048a11-20a2-4627-a2d3-a2a38790b054
3817,2017,USF,ENF,MIDDLE,4,1,1,1.209222,46d5a99c-3da1-458b-9e84-f6a23d86a7e0
3818,2017,CCO,VNC,PACIFIC,14,1,1,1.190109,de7abf4d-9850-4c89-aa8a-acd6f05cc838
3819,2017,CCO,VNC,PALMA,14,1,1,1.187291,3e56096e-9170-4549-b8ac-e943ce49c6c1
3820,2017,CCO,VNC,PACIFICA,14,1,1,1.158548,6d9e0de5-5ea0-4c2b-b7c9-42855257d901
3821,2017,CDF,SKU,DORRIS,14,1,1,1.136793,c78fb8dc-8798-4077-ad28-97c3944343a4
3822,2017,CCO,LAC,PARKMOR,14,1,1,1.132044,061a1a4c-2973-4814-b68c-cf0c34959f95
3823,2017,USF,ENF,LONG,1,1,1,0.8926889,741c70e2-59c7-4270-9bc2-68dea75a18c3
3824,2017,CCO,KRN,SIERRA,14,1,1,0.7808903,e206308e-0073-434c-a8e4-83fbda414f1a
3825,2017,CCO,LAC,VISTA,14,7,1,0.5557644,5fcfefbb-6b5c-4826-ae12-720535372c2a
3826,2017,CCO,ORC,TOMATO SPRINGS,14,1,1,0.5389289,8081f7b3-de26-4220-8c65-19c1e2f93409
3827,2017,CDF,SKU,HILT,9,1,1,0.5325515,a467bbf1-2c6c-4640-9faf-247fd57a04bd
3828,2017,CCO,ORC,IRVINE PARK,14,1,1,0.4889542,2ab0d9db-5153-42f8-b426-a61faebcfca7
3829,2017,CDF,SKU,STATELINE,2,1,1,0.4704108,03b5ed1d-eafe-4470-8b86-9986c588defb
3830,2017,NPS,RNP,VISION,9,1,1,0.414853,be51931a-c734-4893-aa8f-9d0595a50cd9
3831,2017,CDF,SKU,GAZELLE,14,1,1,0.3905636,d8559b04-2412-46ef-99bf-2fff82c3292e
3832,2017,CDF,SKU,JUNIPER,14,1,1,0.3880334,2bfa41d9-7be2-44ad-b052-e6a0000be13e
3833,2017,CDF,SKU,MILL,14,1,1,0.3852446,eaf15f2b-5976-4e21-ab98-d625b216ac9f
3834,2017,CCO,VNC,BALCOM,14,6,1,0.3788415,da60242f-f43d-472a-957a-a9d962016fa7
3835,2017,CDF,SKU,BARR,10,1,1,0.3732139,09267ada-56fd-4612-b301-717ea3549743
3836,2017,CDF,SKU,MARBLE,2,1,1,0.3712338,61737ea0-6818-4546-9542-8a348d265eaf
3837,2017,NPS,YNP,KNOB 91,1,7,1,0.3168842,ea858467-adb3-42bb-9688-419abfc6619a
3838,2017,CDF,SKU,PLEASANT,2,1,1,0.3043329,c3396b5e-1fcd-4f8e-acb2-2fad609bfb14
3839,2017,CCO,LAC,TETON,14,7,1,0.3011239,bd85354d-a0a0-4257-8ae9-5f90a8ec7ca1
3840,2017,CDF,SKU,KILLGORE,7,1,1,0.2615252,5ace292e-c709-4c17-81af-48441aef6ce2
3841,2017,CCO,ORC,,14,1,1,0.258453,ecd79130-fc53-408d-88bd-590989a2841e
3842,2017,CDF,SKU,DEER ONE,14,1,1,0.2580093,c6980a2a-0378-47d1-af42-484fef7b5fb5
3843,2017,CCO,LAC,HACIENDA,14,1,1,0.247208,628604a1-4a24-4d38-bb31-5257425f3397
3844,2017,CCO,LAC,COYOTE,14,1,1,0.2426913,86e4796d-688e-4d03-9e61-0c5474321b92
3845,2017,NPS,YNP,INSPIRATION,9,7,1,0.2380988,b596d307-17da-401e-8893-8c0b34816fab
3846,2017,NPS,YNP,TUNNEL,9,7,1,0.2380843,60e9fb3e-c0cc-400b-be94-c74cb94bbfc5
3847,2017,NPS,YNP,EL CAP,9,7,1,0.2380705,6189880f-3d20-4695-9be9-6e8a339688b7
3848,2017,CDF,SKU,MODOC,7,1,1,0.2216782,1b81b2c9-a7ce-4231-b719-683509a6f416
3849,2017,USF,INF,GOODALE,1,2,1,0.1962595,1832f588-0a34-4abd-ba68-d858bed9488f
3850,2017,CCO,LAC,WAGON,2,7,1,0.1805364,5ce4bf95-5825-4226-b78a-38140c634ee0
3851,2017,CCO,LAC,RAMBLA,2,1,1,0.1799399,f6b91d5c-83d0-404c-b4bf-70666e5be3e5
3852,2017,CCO,ORC,ROSE,9,1,1,0.1795835,c567b339-4877-4858-bce4-4afe867bf496
3853,2017,USF,ENF,WINTON,7,1,1,0.170771,7dcc7e06-99f0-43ef-a429-ab4c4cc285bd
3854,2017,CDF,SKU,CANTERA,5,1,1,0.1616718,4b2784be-53b1-4fe7-a4ff-8d64c366ffd0
3855,2017,NPS,YNP,NORTH DOME,1,7,1,0.1571503,e98b63ef-8d21-4574-a3d8-ea7b831b23d2
3856,2017,NPS,YNP,JAY,1,7,1,0.157021,f6c7e502-ed32-47ab-b34b-82208de1554d
3857,2017,NPS,YNP,BLUE,1,7,1,0.157016,dd537a70-f1c1-4b95-8c78-396934ec5a1c
3858,2017,USF,ENF,HORSE,1,1,1,0.1560788,1ef04097-84f7-4f48-8260-f8871ca7ca5b
3859,2017,CCO,ORC,CREEK,14,1,1,0.1501368,e43105a7-de4a-424d-b1eb-4344280076fb
3860,2017,CCO,LAC,LEONA,11,1,1,0.139297,75b936ac-6be4-4639-8bd7-8c6ac64ffcd9
3861,2017,USF,ENF,MORMON,9,1,1,0.1290102,ceb9550c-0fd8-481d-a616-94f54123d1c5
3862,2017,CCO,ORC,,8,1,1,0.1167619,be6edac8-8f8f-4cfd-ade2-c52285eee0df
3863,2017,NPS,BNP,HARDIN,1,8,1,0.09953451,a04d015b-e3ab-4197-ba87-e4e7dc1a9f86
3864,2017,CDF,SKU,JADE,5,1,1,0.09527241,0a520ada-a6cd-41f1-a040-5fbec88efa8e
3865,2017,CCO,ORC,,14,1,1,0.08686703,9580d5f1-4272-4220-a39c-1b7fb0cd1f21
3866,2017,CDF,SKU,MEADOW,9,1,1,0.08125556,ae98eb1c-5679-4d8c-aa5a-66dd20deae8f
3867,2017,NPS,YNP,MEADOW,9,7,1,0.07965158,08924147-9b29-4b72-a749-071c20acfdd0
3868,2017,NPS,YNP,MARKET,9,7,1,0.07963382,653cfa6c-7532-4688-8b7e-a0f7ed5b4256
3869,2017,CCO,ORC,TESORO SCHOOL,14,1,1,0.0795795,4d70a80b-d0c6-4619-b360-59c4608b1246
3870,2017,NPS,YNP,ILLILOUETTE CREEK,1,7,1,0.07950435,24d1b7c1-2570-49f8-910b-357c14d3d947
3871,2017,NPS,YNP,AVALANCH VEHICLE,10,7,1,0.07949797,8a2173f1-6023-4b42-a22f-2e4aae35f97e
3872,2017,NPS,YNP,POHONO,4,7,1,0.07946421,1bdfc193-b5e0-47b1-b1e3-98e142b214e3
3873,2017,NPS,YNP,SENTINEL,1,7,1,0.07944368,6b86b052-aab2-4afd-82b7-5055c2ffe75e
3874,2017,NPS,YNP,CRANE,9,7,1,0.07941185,b65c4727-9185-4969-8832-c18d0c4a6730
3875,2017,NPS,YNP,INDIAN CANYON,1,7,1,0.07938903,045c7936-c956-4e96-b3e6-67bb0692e39a
3876,2017,NPS,YNP,WATKINS,1,7,1,0.07938439,6fae1673-8845-43ba-883b-56815f649398
3877,2017,NPS,YNP,INDIAN ROCK,1,7,1,0.07936616,2263a507-57a4-40cc-b067-f91a50a57983
3878,2017,NPS,YNP,HIDDEN,1,7,1,0.07936531,18d72bda-4892-46d1-ab57-73aad542b44e
3879,2017,NPS,YNP,COYOTE ROCKS,9,7,1,0.07936285,9f8b319e-d802-4dbf-928e-a31a75d6fc5a
3880,2017,NPS,YNP,PORCUPINE CAMPGROUND,1,7,1,0.07934111,9171b39b-0e3b-4a39-b4a4-f2c84bcf0488
3881,2017,NPS,YNP,WOLFE,1,7,1,0.07928222,257e2d1a-6d19-4b98-8538-c5158e4fdf14
3882,2017,NPS,YNP,MORRISON,1,7,1,0.0792798,c4afae0b-ecd0-437b-af0d-2a0747480621
3883,2017,NPS,YNP,LECONTE,1,7,1,0.07920874,ad9475a8-1be4-49f6-97ef-51f827d4f7ac
3884,2017,NPS,YNP,BENSON PASS,1,7,1,0.07913961,c308187f-5d53-424a-8fd6-0121c2e0f1e7
3885,2017,NPS,YNP,VERNON,1,7,1,0.07913565,0e1d9d0b-0078-4229-b3d1-8464564d3078
3886,2017,CCO,ORC,,14,1,1,0.07130744,0f511eab-54f8-4c6b-83d2-275d96695074
3887,2017,CCO,KRN,MID,14,1,1,0.07041682,4b035149-c365-477d-b725-cce6a3fef9ea
3888,2017,CCO,LAC,SKYLINE,2,1,1,0.07016324,a8ec9602-bd77-4fdc-aa47-2e7f903d2d6a
3889,2017,USF,ENF,MILL,9,1,1,0.06809671,dbdcb821-f06b-46f2-9476-8733a717713a
3890,2017,CCO,LAC,MARTINEZ,7,1,1,0.05247684,4fa84a1a-261b-446b-b6bf-89ead9c5104c
3891,2017,CCO,ORC,TRAFALGAR CANYON,14,1,1,0.04850181,94739b35-5a2f-4629-a3be-1d7f47eea09c
3892,2017,CCO,LAC,BROWNS,8,7,1,0.03477105,bdbd0690-e4bc-4fb3-9f5d-7c959337bd46
3893,2017,CCO,LAC,MEDLEY,14,1,1,0.02775379,e9a404b6-3bf4-44b2-b544-a4d040cd6086
3894,2017,CCO,ORC,,14,1,1,0.02271913,62958d6f-a7b9-4885-9766-ddc252c706c9
3895,2017,CCO,ORC,CROSS CREEK,14,4,1,0.02014686,37e97e63-fc77-4d17-8316-31a7c32ed8db
3896,2017,CCO,VNC,SOUTH,14,6,1,0.01809152,eb117c91-eb87-452b-ad08-d18bcf0cc4e9
3897,2017,CCO,ORC,,14,1,1,0.01499808,4cb9944d-03b5-4272-bad2-0e56bcae275c
3898,2017,CCO,ORC,WOOD,14,1,1,0.009493228,b10e7e1d-86ec-4915-8582-0843fd5115b3
3899,2017,CCO,ORC,GEORGIA SUE,14,1,1,0.006446013,dc374820-8bc9-4a4a-8c17-4eeb6332c15a
3900,2017,CCO,ORC,,14,1,1,0.003896726,af566153-9354-490b-b16d-fdb834c3fd72
3901,2017,CCO,ORC,,14,1,1,0.002960623,da59454d-17b0-41b8-be5c-71eedacabadb
3902,2017,NPS,RNP,A RANCH,1,1,1,0.002815646,0a41c13a-d48f-4a3b-b8c8-71d6c25fcc3f
3903,2017,CCO,ORC,,14,1,1,0.001356887,e9268b11-cd15-4c62-8885-1ae0cb5ffead
3904,2016,CDF,BEU,SOBERANES,4,1,1,132104.3,230302d0-2ba7-46d0-b870-525ae2e9c7a9
3905,2016,BLM,CND,ERSKINE,14,2,1,48008.35,8416e20c-cb3a-4c62-9de0-6b59d2d6a891
3906,2016,CDF,SLU,CHIMNEY,10,1,1,46233.92,f0b5f468-74ce-43e2-b8d9-1162dff8e8b7
3907,2016,USF,ANF,SAND,2,6,1,41382.86,e1e3ab2e-311a-40c5-b60f-ce564647b45a
3908,2016,USF,BDF,BLUE CUT,9,4,1,36266.7,85be6dad-f0de-4663-843e-1a3c82fab401
3909,2016,USF,KNF,GAP,7,3,1,33011.44,b3e13066-be34-4971-b71c-fbc02f20256a
3910,2016,USF,LPF,REY,9,8,1,32580.44,c3e9ffab-5b4e-45ab-a88c-19ab7a89001b
3911,2016,USF,SQF,CEDAR,9,3,1,29100.56,9fac71f0-dd9b-44fb-8d6a-2919794faa7a
3912,2016,DOD,AFV,CANYON,14,8,1,12713.62,05138279-c8de-41d9-8b64-abc0b2b04dcd
3913,2016,USF,BDF,PILOT,10,4,1,8110.855,176a3e24-3523-43bd-813e-b414309c7b5f
3914,2016,CDF,MVU,BORDER 3,14,3,1,7606.026,12e42752-3e46-4785-89f3-d7568d28c985
3915,2016,USF,LPF,SHERPA ,9,6,1,7465.751,9eb4ac3a-88c6-4a05-a412-6fac7f56647a
3916,2016,CDF,FKU,MINERAL,7,1,1,6790.293,4c592891-de53-41b5-a9c2-cb2fcc25ac68
3917,2016,CDF,LNU,COLD,14,3,1,5730.075,7463406a-39a7-486f-8c07-81bea8dc25e1
3918,2016,USF,ENF,TRAILHEAD,9,3,1,5644.68,ddb3b144-e193-4127-994a-5e13f3b3c0f0
3919,2016,USF,INF,OWENS RIVER,9,4,1,5457.981,b5848602-3d3f-42d2-8dc2-d25c8a8303d0
3920,2016,CDF,SCU,LOMA ,14,2,1,4474.124,2f8a3870-7d26-4021-80fd-c60303f5ca92
3921,2016,USF,SQF,MEADOW,1,3,1,4346.275,09978db4-4cdd-4e60-a851-6c0a56b147d7
3922,2016,USF,ANF,FISH,9,6,1,4245.794,d05e45fb-a7d7-49ad-b4ec-5a5cc87e956d
3923,2016,CDF,LNU,CLAYTON,7,3,1,3928.03,53677d0e-c3cc-4b4a-8cad-7adbc8080f54
3924,2016,CDF,BEU,METZ,5,2,1,3856.602,9873c6ab-51ff-43a2-bf24-1e9b01cc3c65
3925,2016,DOD,CRB,CAMP ROBERTS,14,4,1,3649.616,fa31c7e8-1d43-49ef-b9f5-ed23face6e72
3926,2016,DOD,FHL,STONY,14,4,1,3066.89,c03cdd25-ef86-4c68-abf2-d4891aa021d2
3927,2016,USF,KNF,PONY,1,3,1,2857.175,06744cb7-a486-41c5-bd01-11a035b56942
3928,2016,CDF,FKU,CURRY,14,2,1,2820.48,8c2672b8-523c-4063-aba3-5cd837b090f2
3929,2016,USF,INF,CLARK,1,4,1,2816.422,291cfd81-5fc7-4404-a516-99dccd6acfe2
3930,2016,USF,SQF,HIDDEN,1,3,1,2767.803,980e28c4-af78-4b0d-a709-3394b9d47db0
3931,2016,USF,SQF,SLATE,1,3,1,2614.712,5dbbbad4-b5d3-4c80-9ca0-827061323799
3932,2016,CDF,LMU,WILLARD,14,3,1,2573.955,1cfa5fb6-95fd-4525-a9ae-711fc4ff3939
3933,2016,USF,LPF,COLEMAN,5,8,1,2522.639,c3cabcad-3080-4a8d-b339-a792adee2b52
3934,2016,USF,MDF,SOUP 2,7,4,1,2512.539,4c3447db-065b-43a1-afd9-77f143706e95
3935,2016,USF,LPF,PINE,4,8,1,2300.255,13cc5984-e6e0-47fc-ab6d-19badd474a52
3936,2016,CDF,FKU,GOOSE,7,2,1,2241.011,5916edd0-8bb3-40c5-9f2c-574abfbd6bbd
3937,2016,USF,SNF,SACATA,9,4,1,2099.057,b7be060a-6af8-4e62-bdfd-e4fbccb810bd
3938,2016,BLM,CND,SODA,14,2,1,2000.119,520a9387-1afc-4de1-849f-3c95abe33b5f
3939,2016,USF,SQF,JACOBSON,9,3,1,1704.502,b6cc1b16-8223-4cdb-9d4d-d2ffd252c538
3940,2016,CCO,KRN,DEER,14,1,1,1563.429,21844c8f-9573-4500-8da8-47ebc89394d5
3941,2016,CDF,LNU,SAWMILL,14,3,1,1546.701,8edeb252-a600-4c44-8b2d-b340270b8e76
3942,2016,CDF,RRU,BOGART,14,2,1,1458.703,49853c5d-16a3-423e-b8bd-c22a7819ecbf
3943,2016,BLM,CND,CHIMNEY,9,2,1,1323.627,5c10998b-36b8-4380-97e1-33002c6e2098
3944,2016,CDF,MMU,DINOSAUR,10,1,1,1246.319,7529f06c-3bd2-452b-9b4e-90932148edee
3945,2016,DOD,MCP,ROBLAR,14,8,1,1244.5,68c6b69c-2092-4b08-bf38-922d142bf3df
3946,2016,USF,ANF,RESERVOIR,2,6,1,1146.539,0435a535-1ad6-4a65-acba-e5f7d86044ad
3947,2016,NPS,YNP,LAKES,1,8,1,1000.718,0382bcbe-da22-4863-acc2-55af9daa21ba
3948,2016,CDF,TCU,MARSHES,10,3,1,930.5065,8c644b3e-9edd-40a7-a50e-d41228d40577
3949,2016,CCO,LAC,SAGE,4,7,1,850.8893,6ab897ba-adbf-4376-82de-eab271b9edeb
3950,2016,USF,SNF,CROWN,1,4,1,796.3287,fa3623ae-0901-40a0-95cd-3f47df5e64b3
3951,2016,CDF,BTU,SADDLE,10,1,1,739.5639,b911bf2d-fcbe-4fa7-84ff-9976a95f5c9d
3952,2016,CDF,SKU,GRADE,9,8,1,709.8526,88a61e78-9b7e-46e8-9e61-d92ddf9f1d65
3953,2016,BLM,CDD,CUDDEBACK,14,1,1,698.7193,009cbe5c-150b-4515-8bf4-50241ff0bad5
3954,2016,USF,STF,MOKELUMNE,1,4,1,649.8756,9e3e9a36-4ba9-4166-b3b4-70be538a83e3
3955,2016,USF,INF,MARINA,9,4,1,641.2314,f6111a87-f6ce-4df4-8b00-194f4bf84dc2
3956,2016,CDF,HUU,TULLEY,7,1,1,607.4457,bd43d1e7-0d89-4930-a6ba-5a7c9c50d631
3957,2016,CDF,BTU,NINTEY NINE,8,5,1,541.0963,731d6688-a67f-4335-9a15-720b8c6d2d5e
3958,2016,CCO,KRN,RANGE,14,1,1,515.6979,292c6ee9-5129-4989-a9b7-2149373e6668
3959,2016,CDF,TGU,COLYEAR,11,2,1,465.1825,d75c3371-2048-4ed3-aafd-d81939470b4d
3960,2016,CCO,LAC,OLD,2,1,1,463.1134,e7a9bfdc-f88d-4b65-803f-5c34f0ff91a2
3961,2016,CDF,TCU,WILLOW,10,1,1,447.9559,11674261-7a53-4680-aff1-ee4eee126e58
3962,2016,CDF,NEU,BEALE ESCAPE,18,1,1,389.029,6eabd198-c1cd-4baa-b12b-bb8a8f943253
3963,2016,USF,SQF,TULE,9,4,1,387.5226,38088a61-3ecb-4b2c-b31b-8d9ba59e4fcd
3964,2016,CDF,LMU,HOWARD,6,1,1,379.6225,f5f9ab4a-e289-40ed-824b-da80851db11b
3965,2016,USF,INF,HORSESHOE,9,4,1,372.9369,8369b7bc-6d15-4247-942c-e02849886811
3966,2016,CDF,AEU,RANCHO,10,1,1,371.6552,611537ab-7cfe-4d95-9dcd-2b60d0ace8da
3967,2016,CDF,TCU,PACHECO,2,1,1,340.5402,4e8dfe46-e856-4384-afcd-fe13a9df3f35
3968,2016,CDF,SHU,FIDDLER,7,1,1,330.9144,fa5370f2-f737-40f1-8dc7-e48e36366f45
3969,2016,CDF,TGU,HOG,11,1,1,320.7015,4aea47f0-5b55-45cd-95aa-b3a71c3f25a0
3970,2016,CDF,NEU,BUTTE,16,4,1,315.7604,cf930e02-4a30-4a53-9b2d-50e7798cb862
3971,2016,BLM,CND,HAVILAH 2,14,1,1,303.7996,4c4c76fa-d39a-46c0-9cfb-78769d6d8551
3972,2016,CDF,FKU,DEWOLF,14,1,1,288.712,9bebe85d-97da-47c3-9234-20de7fbe968d
3973,2016,CDF,TCU,APPALOOSA,9,1,1,283.9547,26c4fb54-8b99-45f5-beaf-3db1bf8efd51
3974,2016,CCO,KRN,ONYX,15,1,1,266.2381,b07d2648-a424-41cb-8019-c37c936c1636
3975,2016,USF,PNF,TOBIN,9,3,1,248.3702,46bb7c0e-fe12-4f73-8d60-eb82515a126f
3976,2016,BLM,CDD,JOHAN,9,1,1,229.7579,5223c5f0-5922-4a48-bd49-b7650890e58d
3977,2016,DOD,AFV,WASHINGTON,14,8,1,225.5222,36610e01-c902-441b-884e-7e10f72017ef
3978,2016,CDF,BEU,KING,14,1,1,225.0632,3b194776-95cb-4fb7-ae47-19847fec888d
3979,2016,CDF,AEU,CAMANCHE,14,1,1,209.5521,a5e75268-33b7-4ad1-9616-66a6b9f30c72
3980,2016,CDF,FKU,HILL,1,1,1,189.8905,64e2b7ba-7322-4bcf-8c98-51dbdb12105e
3981,2016,CDF,FKU,BIG,14,2,1,187.9641,cbf7038d-8760-4118-aeec-7571c686d031
3982,2016,USF,STF,EARLY,9,6,1,184.5866,69c75f8b-7fc2-4acc-9840-e53953498d84
3983,2016,USF,SNF,SPRING,1,4,1,178.447,fa7a78d7-7651-4341-8f9d-2cf96a70d7c0
3984,2016,USF,TMU,EMERALD,9,4,1,175.3267,7965e864-dbd1-4b08-9ac2-98eec0905e3f
3985,2016,CDF,LNU,CREEK,14,1,1,171.1181,5aec8cac-f7d3-4f71-9cdf-01d60104aca2
3986,2016,CDF,FKU,FRAME,7,1,1,166.4396,7db20f7c-d21e-44c1-99ab-1899a9ab9f44
3987,2016,CDF,SLU,SHEDD,14,1,1,161.3491,1ebf7d9f-ea4f-42f3-a73b-fe1e25e823e2
3988,2016,CDF,FKU,SUNNY,10,1,1,157.3922,4fff13a7-d5a5-40c5-90e4-3785556427b8
3989,2016,USF,ANF,WHEATLAND,2,6,1,155.913,77888e57-b3d1-44bc-b03e-e4c41d023cb5
3990,2016,CDF,NEU,ATHENS,14,1,1,155.1552,9aa49cf5-00af-4f80-89a0-0b913d890cdf
3991,2016,CDF,LNU,RESERVOIR,14,1,1,152.6466,b9ec7fb6-904f-4e11-ace7-9376a41f577c
3992,2016,USF,STF,OLD,2,4,1,149.4954,27105c64-099c-4649-85b8-7f0c885ff7e8
3993,2016,USF,CNF,HOLY,9,6,1,146.0501,f7286ea1-f657-4851-a335-53f6373d6c30
3994,2016,CDF,BTU,BANGOR,10,1,1,142.63,3df50498-39ba-4d12-9f35-48518c8e1851
3995,2016,CDF,RRU,TEMECULA,14,2,1,139.9618,3b29461b-38bd-4910-a3f3-83a392dd1a8f
3996,2016,USF,MDF,SOUP 1,7,4,1,133.148,2b0ab4be-4400-42cb-957b-7d2817557ed8
3997,2016,CDF,FKU,AVOCADO,11,1,1,132.4675,43ead2d7-ca44-4b5d-b64d-bc9234ca3f8e
3998,2016,CDF,FKU,GREEN,3,1,1,131.1804,185d4726-d71a-4121-81ee-23ac57129fb2
3999,2016,CDF,SCU,SIERRA,2,2,1,123.9659,e695e5fd-09f0-4932-a08e-8df9faf4ba60
4000,2016,USF,INF,ROCK CREEK,2,4,1,123.2366,31f16c5a-50af-4c00-8cda-4e7417673f60
4001,2016,CDF,RRU,BRIGSS,14,1,1,118.9174,97ef7001-96b5-4302-8c63-58c753522728
4002,2016,USF,INF,ASH,1,6,1,109.7021,9b25c5de-b1d3-4bb5-b235-575ebf0c8079
4003,2016,CDF,BTU,COAL,2,2,1,107.7305,0f90e56f-ae8a-4298-b973-11a5ddece960
4004,2016,CCO,LAC,GORMAN,14,7,1,105.8172,e0ad2a55-81ef-4ce4-a849-eeef59ef0bc1
4005,2016,CDF,BEU,BRADLEY,10,1,1,104.7752,78e28acb-47ef-4cd3-91b0-3d974d21155e
4006,2016,CDF,BDU,LONE PINE,14,1,1,104.2135,b82ae72d-8809-4acf-adc7-fcb99838ce61
4007,2016,CCO,LAC,JOHNSON,14,7,1,101.4958,b644cab7-19b6-4c6f-91c1-351ccf813701
4008,2016,CDF,MMU,BROKEN,2,1,1,101.3506,61a386c3-6a0d-4224-8315-4ee837e81d68
4009,2016,CDF,SCU,DIABLO ,14,2,1,101.0175,ed197e95-93bb-4ade-a94f-3238f052e551
4010,2016,USF,CNF,FEATHER,2,6,1,100.0661,952f4df2-f8e3-4846-8bf2-adcb0a53ae25
4011,2016,CCO,ORC,TRABUCO,14,1,1,97.34912,b762cbf6-210b-4fe3-a9f9-7fd5fb01bb64
4012,2016,CDF,BEU,MERCURY,9,2,1,94.94749,b9fda3b1-deb4-46ea-a8c8-4fed3494794b
4013,2016,CDF,SHU,COW,10,1,1,94.76298,09681f07-8cbb-4de1-b739-1ecc19bdafc7
4014,2016,CDF,TGU,FLORES,10,1,1,88.57339,ba54ec39-1cc0-422d-a713-fbc8cd436162
4015,2016,FWS,SJR,MAZE,10,4,1,87.40461,e3659bf2-3dfd-4f35-b233-1899ec05579a
4016,2016,CDF,BTU,SANTOS,7,1,1,87.08524,4a29c2e6-ea60-4a70-a585-4a75cb27e742
4017,2016,CDF,AEU,SCOTT,14,1,1,86.69641,47159cc6-78e8-4a11-86ff-4a9fc6ab21b7
4018,2016,CDF,SLU,FRAZIER,10,1,1,86.51613,a35a2e19-7b51-4056-bf01-0be6d1a99a4d
4019,2016,CDF,MMU,GRUB,9,1,1,85.13574,64f65e63-1118-40fd-9a13-9e88033a8f02
4020,2016,CDF,SCU,COE ,9,2,1,84.74403,34fae064-6860-4536-93b0-808cac28ba66
4021,2016,CDF,TCU,TULLOCH,9,1,1,81.88184,9bee123d-94f9-44da-aee2-215755893f20
4022,2016,CCO,VNC,SHERWOOD,14,2,1,78.70457,f79dece3-bfc3-448b-af30-ed5bc8a68c84
4023,2016,CDF,NEU,MOORE,2,1,1,78.46806,bafc67a7-c6f7-4aa3-99ed-abf338ac4e94
4024,2016,USF,ENF,SALT,1,4,1,77.80782,f79da5f0-4baa-411a-ade5-178baab05e52
4025,2016,CDF,LNU,DUNNIGAN,2,1,1,77.78288,f5c269da-e4cb-4046-84f9-a74cef2d4eb3
4026,2016,CDF,TGU,BAKER,14,1,1,75.94509,699d396b-272b-4887-a40d-3e91c4430579
4027,2016,NPS,KNP,SENTINEL,1,8,1,74.37858,62ca02a9-d2f1-45f0-92de-6d6aea68849d
4028,2016,CDF,BEU,OLD,9,1,1,73.9789,8bd34274-b9cc-46fe-9626-81c2799665f9
4029,2016,CDF,TCU,CHEYENNE,2,1,1,72.37766,6367c801-32dc-4a95-a292-348f39360072
4030,2016,FWS,MCR,SANDY,5,4,1,71.72459,463707ec-617c-4a1d-9c3f-03bbd7b3a167
4031,2016,NPS,KNP,YUCCA,1,8,1,71.68799,67c2caab-9201-4cf9-bcf3-58ed07f3f279
4032,2016,CCO,ORC,SAN JUAN,14,1,1,70.31184,ededa01b-31fd-4c0b-acd2-c08503c3e89d
4033,2016,FWS,MCR,FOSTER,10,4,1,68.74748,2325f223-0780-4076-8bb6-850d85cec65b
4034,2016,CDF,BEU,ARROYO,10,1,1,67.7327,682c5998-9732-45e0-a492-50fb4817ba8a
4035,2016,CDF,MVU,PALA 3,14,1,1,66.19798,b945fa48-d6bf-46a1-8df8-41e1c2c1a2ae
4036,2016,CCO,KRN,STOCKDALE,14,1,1,65.12898,e6c73b15-a68f-47a6-95cd-b510c988a6bb
4037,2016,LRA,TGU,HOAG 2,14,1,1,64.68711,ef1e4d19-9cf3-45f8-b3d5-e0e3b8a63b8d
4038,2016,CDF,MMU,SERPA,14,1,1,63.66468,08be269f-8e9a-4cce-9431-4606c48d73f7
4039,2016,CDF,LNU,FOOTHILL,14,1,1,62.92419,7e9a0f5f-c63f-4379-9e81-ceb8c0ca13bc
4040,2016,CDF,BEU,MAIN,10,1,1,62.77188,59591d63-9ce1-453c-800c-29a00fff5491
4041,2016,CDF,LNU,KUGELMAN,7,1,1,62.04583,3cff78e8-9432-4cea-9625-1f7080ebd190
4042,2016,CCO,LAC,KAGEL,14,7,1,61.8065,7657e777-e970-44fc-b2dc-817ca46c2415
4043,2016,CDF,LNU,OAK 2,14,1,1,58.76016,69b33b00-d460-44c0-bfca-787b9c56ef74
4044,2016,USF,SHF,MILL,9,1,1,57.67792,d511c028-ac1e-40d9-9375-446652d94e59
4045,2016,CDF,TCU,BAKER,2,1,1,57.29215,ed73b1cf-4b35-4896-aea3-9d9cc28a3179
4046,2016,CCO,ORC,SAN JUAN,10,1,1,55.2786,6f838a51-ec04-4c1b-8564-d086b5f09b4d
4047,2016,CDF,BEU,LOWE,9,1,1,53.31332,bd9ada50-b9a2-4ceb-83d0-56b28426ce28
4048,2016,CDF,NEU,JOINES,10,1,1,53.20848,c1c21490-d8d0-4761-a5b5-a4b943183937
4049,2016,CDF,FKU,PANOCHO,9,1,1,53.19081,9e6fbb9e-9c26-42e7-a752-56dee4f18155
4050,2016,CCO,KRN,POSO,14,1,1,50.00543,0d2dcd6c-95f7-48e0-adf0-5ecb5cf82c7d
4051,2016,CDF,AEU,STORKSBILL,2,1,1,49.23259,96c1a079-bc76-4365-90d3-54b9a98aaf23
4052,2016,CDF,SLU,ESTRELLA,2,1,1,47.40794,621bd77c-2534-4cc1-92c4-8ed134b0b741
4053,2016,USF,SRF,WILDERNESS,4,8,1,46.7256,076284d9-5969-4785-a24f-03ef1990faf1
4054,2016,CCO,ORC,LAGUNA,14,1,1,46.28121,52efc63b-70cc-4d3a-9189-5cfe1d70da61
4055,2016,CCO,VNC,CASITAS,14,1,1,46.16,e0c62aa7-6c51-4218-a91b-27ee408a70ed
4056,2016,CDF,MEU,RUFF,10,6,1,45.96536,f576594d-cf02-4948-9d3e-98542d139bc2
4057,2016,CDF,AEU,BELL,14,1,1,45.81971,d4b63432-936e-468a-926e-ed39ed374585
4058,2016,CDF,BEU,PRIEST,2,1,1,44.33348,4ea2f6a0-9529-41de-9ced-e80e1485918b
4059,2016,CCO,KRN,FRONTIER,14,1,1,44.1466,19864a9c-d30c-4d9d-ad8a-daa739bb2986
4060,2016,CDF,TGU,PASKENTA,2,1,1,42.49441,46d8b06e-a920-4c99-ac71-2a85116a5c80
4061,2016,USF,ANF,MAREK,2,4,1,41.84724,f777f338-0688-4ddb-9a0e-eae960bbfa1b
4062,2016,USF,SQF,BAILY,9,8,1,41.73148,776d9116-d100-4b99-b989-44ce94ff73e0
4063,2016,CDF,LNU,KNOXVILLE,14,1,1,40.80448,74dd2a98-7df6-45ea-abd2-9a2c33b9f21b
4064,2016,CDF,BEU,ENCINAL,10,1,1,40.79063,db4964f4-b665-4de4-a120-d033967eb717
4065,2016,CCO,VNC,SAGE,2,1,1,40.23864,3ad9b893-7f6b-4edd-b5ef-3ed62615ee52
4066,2016,CDF,AEU,BOYS,2,1,1,40.22325,094beb56-c135-4984-be11-381a6758a6af
4067,2016,CDF,MEU,MINA,2,6,1,39.61155,45e7af30-785f-456f-84c7-989dbdcbd98c
4068,2016,CDF,MMU,SPRING,5,1,1,38.9959,de15ba7a-75d0-4a45-ae6c-6305b5e75bd9
4069,2016,USF,TNF,PHOENIX,4,6,1,37.9589,3ca3479d-b976-4c53-9004-20d53998753c
4070,2016,CDF,BEU,SANTA,2,1,1,37.4994,3c90c088-03c9-41c5-be00-58672d52b988
4071,2016,USF,BDF,BASIN,9,4,1,36.23268,4195598c-e0c4-4cd4-9807-f49c25c6883c
4072,2016,CDF,RRU,EVERGREEN 2,7,1,1,36.15097,2a61acf3-94cb-4019-9562-d11536f3f21a
4073,2016,FWS,KRR,REFUGE,5,4,1,35.20172,4e053583-2ed5-49dd-9a7a-47c57f582dba
4074,2016,CDF,TCU,STAGECOACH,14,1,1,34.95294,6c42ce09-7f4a-4949-aa42-9b7421b3d64c
4075,2016,CDF,MVU,GOPHER 7,14,1,1,34.47683,4fb0e865-152d-4126-8dfe-258754531b4c
4076,2016,CDF,TCU,CAMPO,14,1,1,33.72674,53715f89-8f4a-41a6-a609-9c3dc66ed31b
4077,2016,CDF,TCU,KENNEDY,10,1,1,33.58725,107feba6-2638-4c0b-90d9-6d53d815d9a3
4078,2016,CDF,SLU,O'DONOVAN,14,1,1,33.58666,9374a23e-9846-4638-9dba-f3dfd6b59dab
4079,2016,CDF,AEU,CLAY,2,1,1,31.77724,fbe880c3-2a3c-4161-a467-59e449a5e864
4080,2016,USF,ANF,SPUNKY,2,6,1,30.64844,e5f3d2a4-eb0f-47ab-812b-5c40de7c58ee
4081,2016,CDF,SLU,BLUFF,2,1,1,30.23294,79c048b5-8cd0-42de-b0f6-b4ebcfb8761a
4082,2016,CCO,LAC,CEMENT,5,1,1,30.11751,4cd5627e-69b6-42d2-9ede-ef3335656cf5
4083,2016,CDF,MVU,GOPHER 10,14,1,1,29.30604,7936fe53-e444-4eba-991a-93d8e4786598
4084,2016,CDF,SKU,MOFFETT,8,1,1,29.21753,56413e0f-a0e8-43f9-85cf-951a1c7b9b35
4085,2016,CDF,NEU,CHUCK,2,1,1,29.17671,1ff78d83-eb8d-4096-aa64-e286119ded63
4086,2016,CCO,LAC,SESNON,14,7,1,28.68535,088ce6b3-7652-4283-a499-12a6d408ab9d
4087,2016,CCO,LAC,NEWHALL ,11,1,1,28.31304,9f729aa2-f5e6-48ed-b561-e5bc2fc41c74
4088,2016,CDF,LMU,DOCKERY,10,1,1,27.96325,11b51c95-0bce-4321-8d12-6267db55cd84
4089,2016,CDF,SKU,BAILEY,6,1,1,27.59345,50e81639-0477-47d0-9bed-66b37109f204
4090,2016,BLM,CND,DUTCH,14,1,1,27.00847,c69ee462-1921-4679-8d21-b1fa4d6655b7
4091,2016,CDF,TCU,HUNT,2,1,1,26.52328,4321258b-6325-4c0c-9a33-66d333a29f0d
4092,2016,USF,SNF,WARM,1,4,1,26.46887,b73ade24-e418-4d73-a98f-2a67bd308ccb
4093,2016,CDF,TGU,RIDGE,2,1,1,26.22033,20d3417a-9685-4fe0-92e7-d78db970b3e7
4094,2016,USF,SHU,MEADOW,1,1,1,25.99504,67a8665d-2ab6-4c85-bbb1-aea7d2145738
4095,2016,USF,ENF,ALDER,9,4,1,24.99905,a0dc50dd-704d-4dcc-9e60-70a559206250
4096,2016,CDF,HUU,STAFFORD,14,1,1,24.02523,f4df9412-7b3b-406c-8e6b-e07fe239a674
4097,2016,CDF,NEU,AUBURN,7,1,1,23.93883,f2652fb2-28d1-4af3-b0cc-b232d04109ce
4098,2016,CDF,SLU,TOPAZ,11,1,1,23.76394,a44bf544-5238-49f3-9551-ff3fa44f61f5
4099,2016,USF,TNF,SACRED,5,4,1,23.26216,94c61a4a-a509-4ef1-aecf-d8bdccb74e99
4100,2016,CDF,TCU,PERRICONE,9,1,1,23.1701,3572646e-8be3-4c0d-9e3f-80f9832cade0
4101,2016,CDF,NEU,WALDO2,14,1,1,23.1382,e065dd1f-2364-41a9-9419-11e9494d73fe
4102,2016,CDF,NEU,WALDO,9,1,1,23.13769,d51a6051-e6c8-4012-bde9-770d34277cc4
4103,2016,CDF,SKU,TABLE,14,1,1,23.06367,c299f90c-7361-4f22-996f-b3d3a5cebbed
4104,2016,CDF,NEU,HAMMONTON,14,1,1,22.9618,02991e5a-1e55-494e-a0bd-9c1745c85e9c
4105,2016,CDF,HUU,JOHNSON,2,1,1,22.94097,8a32bc08-c685-4a0f-b72c-59f1125c1f72
4106,2016,CCO,KRN,MERCED,11,1,1,22.87389,27f6a86c-fc59-4339-9c14-e306c2b835ec
4107,2016,DOD,MCP,SAN MATEO CAMPGROUND,16,1,1,22.8214,94363b2c-a3c4-4ac1-8ae0-21010665aba0
4108,2016,CDF,NEU,CHICKEN,7,1,1,22.82077,22a4aeb0-d551-4091-9e56-9ffcbab79580
4109,2016,CDF,AEU,HOYA,2,1,1,22.55443,33581972-a26d-4c03-84d8-385755d56428
4110,2016,USF,PNF,NELSON,9,6,1,22.11632,c21666e0-8256-4c00-be78-4ff6d60d95fa
4111,2016,CDF,LNU,NORTH BRANCH,14,1,1,21.99016,1efc6558-fe3e-4984-8a6d-f941f56abd70
4112,2016,CDF,HUU,SUMMIT,14,1,1,20.42371,655d7402-8139-4d2b-b2cc-fd6aa112c6c0
4113,2016,CDF,LNU,MOCKINGBIRD,7,1,1,19.84989,050b36b9-5644-4869-bb4a-86be2a37afe7
4114,2016,USF,LNF,MURKEN,9,4,1,19.84307,0960cc43-6a16-4396-81c1-f0f00e6f4819
4115,2016,CCO,SBC,CAT,11,1,1,19.74437,0c1de3e3-aab9-4316-8d4c-2e07c281e976
4116,2016,CDF,TCU,DORSEY,2,1,1,19.64367,c7b15b71-67db-4d7b-b9c0-74634e06775c
4117,2016,CCO,ORC,CANYON,10,1,1,19.58816,f5ffb609-a27f-49bb-9ee6-66f74dd1ecdc
4118,2016,CCO,VNC,RANCHO,14,1,1,19.58136,95f3e265-2ed0-44b5-b091-a56ef26b0991
4119,2016,USF,ANF,BURRO,9,6,1,19.1158,e449aaa8-b3ed-4ea9-a082-1198ebc0318e
4120,2016,CCO,ORC,TORTOISE,14,1,1,19.04916,eabe74ad-8529-4d0b-b99d-9ab30b589a34
4121,2016,CDF,BEU,JOLON,10,6,1,18.68292,f3cb31e2-953d-4d29-86f2-59a5367acec1
4122,2016,CDF,SLU,ELK,14,1,1,18.45115,6c467cd0-8ec1-4fba-a811-1c081c3355e0
4123,2016,CDF,FKU,ARMSTRONG,10,1,1,18.33353,03402e0e-ced2-46f0-9da4-33454c91cf3f
4124,2016,CDF,MVU,BARRETT 3,10,1,1,18.08314,7dfc3c9c-1aa7-45cd-ab0a-d19e11f7c08b
4125,2016,CDF,MVU,LAKESIDE,14,1,1,18.04981,1aea3de3-b9cd-4b09-a289-923e2f84c134
4126,2016,CDF,AEU,WILLOW,10,1,1,18.02715,92ecdd90-6ded-48a2-854b-106e33b8811c
4127,2016,CCO,SBC,BAR,14,1,1,17.84402,fcf3ba02-082c-4891-8342-44526f80f221
4128,2016,CDF,TCU,BUCKSKIN,14,1,1,17.56361,1732dd27-c444-4b61-bfa2-7ee3c7c53713
4129,2016,CDF,LNU,HILLCREST,14,1,1,17.34528,9ebb6c06-7f79-4fc3-9dc1-dba8243f8e6f
4130,2016,USF,BDF,KEN,9,4,1,17.31615,dd9cd2c7-4f19-499a-989c-0d9955e640d1
4131,2016,CDF,MVU,ROCK 2,10,1,1,17.28249,618c0e50-44e0-40dc-be06-648ae319b1fb
4132,2016,CDF,NEU,DOUGLAS,14,1,1,17.13174,e6ca6f11-5ede-4c47-b0d3-d77a1ff3fd24
4133,2016,CDF,NEU,BREWER,14,1,1,16.63643,55b61dc5-f26d-4a8e-84c5-3470efb54b25
4134,2016,BLM,CDD,ROSAMOND,9,1,1,16.50752,42c418a4-22d0-4e0f-8759-00f28685bf72
4135,2016,CDF,TGU,SPRING,9,1,1,16.44187,4315b52e-b34c-42b2-8c4e-c62a96f96d77
4136,2016,CDF,SLU,JUAN,14,2,1,16.24882,39c019a0-a3b5-4881-bc8e-491139e91d46
4137,2016,USF,SQF,BOREL,9,4,1,16.03194,61016154-592f-419d-9aee-5cbc6f21726d
4138,2016,USF,INF,WILSON,9,6,1,15.97391,264b3fb0-e1f0-4cf8-b984-2260db4a75a4
4139,2016,CDF,NEU,PALLADAY,7,1,1,15.76136,97a7cbde-3f30-44a4-8af4-1a091c6c589e
4140,2016,CDF,TCU,BUCKSKIN,9,1,1,15.19233,bb966129-30fc-4572-8b5e-cb65f1f557a1
4141,2016,CDF,AEU,STONY,9,1,1,15.1272,5d3dc85b-4665-4c25-9cf9-f00d39d77b68
4142,2016,CDF,BEU,HIDDEN,10,1,1,15.08755,f2042a11-e28a-4831-a218-addd3b64ccd2
4143,2016,USF,KNF,DILLON,1,3,1,14.82835,3cac69ae-e88e-49bf-a474-803bbe534f34
4144,2016,CDF,LNU,CALPINE,14,1,1,14.54146,c58e3dd2-34f6-4c00-8372-5db7df4c663c
4145,2016,CDF,MEU,OIL WELL,10,6,1,14.52854,ca96876b-6dc0-44d9-a812-18964c819105
4146,2016,CCO,KRN,,14,1,1,14.09687,253bd553-d6d4-4c8a-8f49-b40bce79f3db
4147,2016,BLM,CDD,TRONA,9,1,1,14.04977,dbcc6b55-9f0b-4aa9-88e4-83b3a1603e27
4148,2016,CCO,ORC,REATA ,2,1,1,14.00695,54ee1802-5796-43f9-b045-c5fd13d74aa9
4149,2016,CDF,NEU,SUNSET,9,1,1,13.91478,aa71a416-70d3-4a3f-99e6-6d2edf4d6143
4150,2016,CDF,TCU,TELEGRAPH,9,1,1,13.83262,197425e4-645a-4b01-954c-c19fd5fd18d2
4151,2016,USF,BDF,EAST,9,4,1,13.59303,6d7fa02c-a335-4985-b4d5-ae20f4b8ea0e
4152,2016,CDF,NEU,VISTA,14,1,1,13.17779,6423c785-70b5-41a2-945f-0c1637fab2c8
4153,2016,CDF,AEU,MIDDLE,14,1,1,12.6378,31ba2f71-186a-42e1-af75-863eb7a9c717
4154,2016,CCO,LAC,BARNES,3,1,1,12.63156,4c84a7d6-ea9a-4dcd-8d5f-fad40bab35f5
4155,2016,USF,SHF,GILMAN,7,1,1,12.53284,25597a4f-b066-459f-884f-00c0528f8cf5
4156,2016,USF,ANF,PLEASANT,9,6,1,12.44053,fa26c45f-4dcd-4c23-8b6a-0506474c141b
4157,2016,FWS,PLR,PIXLEY,14,1,1,12.43011,d5f5ccc3-b4c5-4769-aa3e-a65587236fc0
4158,2016,USF,LNF,LEMM,4,4,1,12.20266,e02ae36f-b84e-4f5c-87d5-5b9d2a7a3cdb
4159,2016,CCO,KRN,ROCKY,14,1,1,11.64292,36ba42a6-4b67-4da8-aadd-776cb63df750
4160,2016,CDF,SLU,ADELAIDA,11,1,1,11.62074,0ca84ea5-3b36-431d-8fa5-58dd2a86c96b
4161,2016,NPS,SMP,MULHOLLAND,14,8,1,11.32529,9bf37fc0-6fdc-4d31-88ff-2218da122c0f
4162,2016,CCO,VNC,EDISON,14,1,1,11.22847,969a97a2-1962-47b0-a3a8-7939a3c17013
4163,2016,CDF,LNU,HILL,2,1,1,11.07438,25ddf88c-3afc-4dd4-aa54-074ba6fc6bec
4164,2016,CDF,LNU,CANYON,14,1,1,10.9326,cd9f4386-7239-4ec4-97bd-d2892e595dd1
4165,2016,CDF,SLU,GREEN,2,1,1,10.82032,8ccffd4f-530a-489f-9cbe-de1be91081f8
4166,2016,CDF,LNU,TWENTY,7,1,1,10.67643,8db1bd28-6b80-4f9c-b955-3ea45e8895ec
4167,2016,CCO,ORC,COW CAMP,14,4,1,10.5507,6f4590fc-7446-4dfe-890c-062e5fa31659
4168,2016,CDF,NEU,BEALE,7,1,1,10.51669,99e76941-664b-4f67-8339-3a38df8bf11e
4169,2016,CDF,RRU,WOLF,14,1,1,10.5098,528fdbe9-82ce-453e-849d-19a632445bbe
4170,2016,BLM,CDD,GREAT,4,1,1,10.49422,07fab19b-587e-4a71-af12-3dd847f32b57
4171,2016,CDF,SLU,RIVER,9,1,1,10.44662,7c416f37-c8dd-4ef6-a3e9-15c3f21ad011
4172,2016,LRA,RRU,CHECKPOINT,14,1,1,10.14399,e198fd1c-b43c-455c-85c8-6e58f9897880
4173,2016,BLM,CDD,CEDAR,9,1,1,9.225642,b6d4679d-4c1a-4b22-8942-813214632ecc
4174,2016,CCO,LAC,OAK,14,1,1,8.100562,fed79b30-fef5-49be-ba13-60adac882280
4175,2016,CCO,KRN,SODA,14,1,1,7.921784,61082e93-1a9e-4779-b5c0-7526a93c9ce7
4176,2016,CDF,HUU,PANTHER,9,1,1,7.84517,a062890a-c3ef-4523-bb10-3ab10f5b552d
4177,2016,CCO,LAC,CALGROVE,14,1,1,7.824634,5fa7ee91-891f-4815-89a5-2aa0c37d254c
4178,2016,CDF,TCU,YOSEMITE,4,1,1,7.713567,af0f93c1-c909-4c5b-892c-5f6c0fcbaebd
4179,2016,CCO,LAC,WAYSIDE,14,1,1,7.189027,995e530a-ae1a-4f1c-a070-45c936c6a17c
4180,2016,CDF,NEU,WALEGRA,10,1,1,6.547729,57204a91-02cb-4313-a5b5-bf8314e73c6e
4181,2016,FWS,SKR,I-5,10,7,1,5.979567,5789cc5c-4de3-4fe6-8212-abed2be4cab6
4182,2016,CCO,KRN,TRAIL,14,1,1,5.662165,0b475546-43e5-428d-840f-32792f258a2a
4183,2016,CCO,VNC,ROCKY,14,1,1,5.227636,04872d4a-05dd-4dd7-9a40-6e1a711d5ea5
4184,2016,CCO,LAC,LIBERTY,14,7,1,4.798984,149c0aef-4cd4-49f3-92d0-7a03dfe2216a
4185,2016,CCO,LAC,DALE,14,7,1,4.628255,2e697d4c-38aa-442f-b90b-06bbde78011e
4186,2016,LRA,LDF,VALLEY CIRCLE,14,1,1,4.491797,f0604069-bfe1-4c3f-99b0-053fefe716fb
4187,2016,CCO,LAC,GORMAN,14,1,1,4.489233,ec6b0967-d3f1-4399-be32-44a5e1168c13
4188,2016,CCO,LAC,RIDGE,10,7,1,4.446684,4448d905-0671-4062-82e9-e25f709cbbcd
4189,2016,CCO,KRN,GRANITE,14,1,1,4.356924,a352c2ee-2d21-4883-8b16-60e940ca34b9
4190,2016,CCO,LAC,SOLEDAD ,14,7,1,3.725425,e7ce4b13-12e9-489b-b080-c7f0908462ba
4191,2016,USF,SRF,BURNT,14,8,1,3.647684,eef3dc78-dbb0-4f26-8d81-c1fd131dcb12
4192,2016,CCO,KRN,DUMP,14,1,1,3.463308,5fd1ecf7-402c-4c90-8779-cc05dc6d638d
4193,2016,CCO,LAC,SYCAMORE,14,1,1,3.283275,40e1bb47-2887-4896-81f1-00d98f167c6d
4194,2016,LRA,TGU,CAMINO,5,1,1,3.267356,1a44a4d4-0bb6-47ab-9866-d9fb1c5ad340
4195,2016,CCO,VNC,LARGO,14,1,1,3.214312,56b11b84-dd3f-407f-bbb5-4c737de3c9b7
4196,2016,CCO,KRN,VIEW,14,1,1,2.934704,b0eae2d4-a528-4b25-ab90-b9b9de7f8524
4197,2016,CCO,KRN,CARBINE,14,1,1,2.911362,79f9c271-d999-4630-a020-a7d64e793a9e
4198,2016,LRA,TGU,DIAMOND,4,1,1,2.858218,164963b9-80fc-40eb-925e-5d93159d0a7d
4199,2016,CCO,KRN,BODFISH,14,1,1,2.665767,6e6aa69d-2083-485f-b536-503b0a0cffe2
4200,2016,CDF,TGU,SIESTA,14,1,1,2.664976,e5ee9cc0-6522-4e0a-bfeb-d744f7b6185e
4201,2016,CDF,SKU,COPCO,5,8,1,2.379949,38405016-9517-4555-9a90-a93682b1fb06
4202,2016,CDF,TGU,TEDOC,5,1,1,2.379422,4aa3837d-c791-420b-9e22-7dc34a8b9379
4203,2016,CDF,RRU,EVERGREEN 1,14,1,1,2.376094,15fe8605-0473-4bf4-b7ad-3d03aaafebf5
4204,2016,CCO,KRN,TUNNEL,14,1,1,2.341895,6aaf4198-4696-4791-877f-ff8fd5f67221
4205,2016,CCO,VNC,CRESTVIEW,14,1,1,2.033847,12718fcc-d7d9-4ff6-a425-5dca353be66c
4206,2016,CCO,VNC,CAMBRIDGE,14,1,1,1.891458,082f6345-d1a4-4e1d-b872-2dc99c20f7d1
4207,2016,CDF,TGU,OAK,11,1,1,1.874882,d46f8f6e-d49a-4057-aa4d-927d40a30394
4208,2016,CDF,TGU,RED,5,1,1,1.854401,9fc10d9d-8310-4697-8152-a654be08b488
4209,2016,CCO,KRN,HARTINC,14,1,1,1.729471,c48c05c8-b68a-49b1-9686-ced6a111e2a9
4210,2016,FWS,PLR,PIXLEY 2,14,1,1,1.622861,25be9526-49c6-422f-b441-978d3a5bf044
4211,2016,CCO,KRN,BEALE,14,1,1,1.616614,4d3a3cdd-8e1a-4c48-95bb-e06cb100f8e1
4212,2016,FWS,SRR,PACKER,18,4,1,1.597577,f9172716-8931-4dfb-84a5-a1ef6a6fe1ab
4213,2016,BLM,CND,HILLS,1,1,1,1.535221,e8bcfb39-77dc-42e8-876a-ac3eb9b4351f
4214,2016,NPS,YNP,WASTEWATER,14,8,1,1.471234,d5da356c-4f94-4798-ba03-6ffae918c1ae
4215,2016,CCO,LAC,WESTLAKE ,14,1,1,1.313691,b2655e86-aede-416a-b2cb-d6703734d77f
4216,2016,CCO,KRN,TUCKER,14,1,1,1.215325,f7296dfd-324b-4bd9-967a-d0ec15bc0292
4217,2016,CCO,KRN,KEENE,14,1,1,1.172981,32eacc33-3f58-4c59-ad60-ffda306435cf
4218,2016,NPS,SMP,COAST,14,8,1,1.167387,16e437ad-66cd-445f-a3ef-1e1726c4f24e
4219,2016,CCO,KRN,,14,1,1,1.119939,1ec615be-b862-4070-a139-4861e95e7d7c
4220,2016,CCO,LAC,CROSSROADS,2,7,1,0.9183477,51bd8bb5-8c7c-45f6-8c7b-d1fb812a328a
4221,2016,CCO,KRN,RIVER,14,1,1,0.8538342,da5b1b49-7cb5-4778-8028-6625665e3e10
4222,2016,CCO,LAC,TOPANGA,14,1,1,0.8112921,ca03800c-badb-4085-a98d-b84de4770041
4223,2016,CDF,SKU,BOGUS,9,1,1,0.7535534,1db6ab9c-a21a-4b5b-abf0-79d91c943482
4224,2016,CCO,MRN,PT REYES,10,1,1,0.6960087,0e0a8b0f-4da1-464b-8276-0f5f0e5a8877
4225,2016,CCO,VNC,WHEELER,2,1,1,0.6420608,fb2272ee-ed0d-4a63-920d-4a60ad352590
4226,2016,CCO,LAC,NEWELL,3,7,1,0.5850569,cfe4d0fe-bd0f-4a25-8fe0-c59ad2577f1b
4227,2016,FWS,HPR,BURSON,2,4,1,0.5631544,a3307afe-0738-40c5-b35d-319961815d26
4228,2016,NPS,RNP,PELICAN,14,8,1,0.4984261,2cb5f44c-efe3-4e30-8e6b-0a7e8edc8515
4229,2016,CCO,VNC,GRIDLEY,15,1,1,0.407959,8a13a739-2248-40f0-8986-3a74ecd6e78b
4230,2016,NPS,YNP,LUKENS,14,8,1,0.39621,16c48e05-271d-4764-959c-7b3fc51c2c32
4231,2016,CDF,SKU,AGER,5,1,1,0.3068862,28d816e4-9281-4cd9-bf5c-6ba7de5c73f0
4232,2016,NPS,YNP,DEWEY,14,8,1,0.2381362,77124969-6575-4ea3-a132-ceff20bccffa
4233,2016,CDF,SKU,COTTONWOOD,14,1,1,0.224098,b9ee7b14-79e8-4978-85f5-6cbc74b92723
4234,2016,CDF,SKU,MCADAMS,5,1,1,0.2009131,3ace384c-b2e8-4ab5-a2a4-419be82469ce
4235,2016,NPS,YNP,SWINGING BRIDGE,14,8,1,0.1589643,f06f3e5a-d237-4c3a-adb2-924b239c2e03
4236,2016,CCO,KRN,BLUE,14,1,1,0.1527542,03e133b4-9e1a-4b00-bef0-e17a133de85c
4237,2016,CCO,LAC,SPRINGS,14,1,1,0.1328488,260d780f-28de-482b-b8eb-457eb6f1004a
4238,2016,CCO,VNC,OCEAN,14,1,1,0.1149633,6bbe18a4-1fe1-4476-8379-1253136b0b4f
4239,2016,NPS,YNP,POWERLINE,14,8,1,0.07963286,62db5134-ae11-479a-897b-b217712220a2
4240,2016,NPS,YNP,TURNER,1,8,1,0.07961213,75f58b90-96a3-48d6-988c-593e9dd3614b
4241,2016,NPS,YNP,SUMMIT,14,8,1,0.07949998,4433e7ac-456d-46c0-b52b-0c0cc3b3d94d
4242,2016,NPS,YNP,FISSURE,14,8,1,0.07946587,64f6dee1-1d55-4e8f-b563-114906c6029b
4243,2016,NPS,YNP,POHONO,14,8,1,0.0794651,5836e50d-59d5-43d4-bef1-2b77707233b1
4244,2016,NPS,YNP,TAFT,14,8,1,0.07946444,8dcd0000-1b39-48ed-bdda-1bb6fb1d88d8
4245,2016,NPS,YNP,ASH,14,8,1,0.07946119,1361fe4f-155c-4a77-a276-5a868212eb94
4246,2016,NPS,YNP,MIST TRAIL,14,8,1,0.07945358,a67901b1-5668-438c-8525-91ccdd2c3ecf
4247,2016,NPS,YNP,BRIDAL,14,8,1,0.07945204,5907a056-0ea0-48ff-b135-b0d87dc302ad
4248,2016,NPS,YNP,WEST,14,8,1,0.07944325,f9e89f53-ec7e-4068-9b51-a6373c3c64e9
4249,2016,NPS,YNP,EL CAP,14,8,1,0.07944305,6eecb2fc-9673-488e-8102-c61ee9b54eef
4250,2016,NPS,YNP,CURRY,14,8,1,0.07943536,93840814-882b-4864-b08b-a9ca3c24f718
4251,2016,NPS,YNP,HAPPY,14,8,1,0.07943338,82f0b97e-16da-42cc-9048-e2bd418f2685
4252,2016,NPS,YNP,LIEDIG,14,8,1,0.07943292,ebc0fadb-bd16-4a86-a653-72084271a7c1
4253,2016,NPS,YNP,WILDCAT,1,8,1,0.07943252,a7f58b9a-3407-4cfc-b619-1889c0cd0a20
4254,2016,NPS,YNP,TENAYA,1,8,1,0.07943067,9871935b-26cc-4335-94a7-438635103be8
4255,2016,NPS,YNP,CLOUDS REST,14,8,1,0.07942887,3b4f9cf3-21b8-4a42-804e-a98a377d7166
4256,2016,NPS,YNP,INDIAN CAVES,14,8,1,0.079427,07168800-2973-4af9-983c-8f7b5865354e
4257,2016,NPS,YNP,LYELL,14,8,1,0.07941304,4d016697-6dd5-4fa0-ba76-34f8bc2ebf27
4258,2016,NPS,YNP,CRANE,1,8,1,0.07940403,68192293-21a5-4892-a840-27fd44b3166f
4259,2016,NPS,YNP,SNOW CREEK,14,8,1,0.07939906,c9747794-22c0-4a38-8c86-80c176a8c6c2
4260,2016,NPS,YNP,GIN,1,8,1,0.07938001,22558a58-b1dc-4bb6-a094-d9680aae66b5
4261,2016,NPS,YNP,CREEK,1,8,1,0.07937925,007e83be-0b9c-45c5-9fde-6d68e26db72d
4262,2016,NPS,YNP,STAND BY,1,8,1,0.07937318,c38ead34-1503-45d5-83e0-2f9fc40fe0ed
4263,2016,NPS,YNP,HAZEL,1,8,1,0.07935333,af70fbcd-e057-4d89-89bb-4037c0cec19b
4264,2016,NPS,YNP,MAY,14,8,1,0.07932106,0546623f-e94b-42b8-a3e6-0692801324bb
4265,2016,NPS,SMP,LIBERTY CANYON,14,8,1,0.07773458,c0e7a6f2-704c-4eff-9a8f-a220f9df2bc3
4266,2016,NPS,BNP,INDIAN WELLS,14,8,1,0.05323388,7992f1c0-e737-4df5-8e42-93b7e009bdd5
4267,2015,USF,SNF,ROUGH,1,3,1,151546.8,e0a32567-ed1f-44e1-a862-1b93a44842f3
4268,2015,CDF,LNU,VALLEY ,14,3,1,76084.84,85b20ea7-880f-4458-9c6f-ea77d98de0e3
4269,2015,CDF,AEU,BUTTE,14,1,1,70846.53,5db61b3f-9cbf-4c86-960d-fec7ac7d29f6
4270,2015,CDF,LNU,ROCKY  ,9,3,1,69438.16,8aba43b3-a732-476f-8397-8e4d5459696c
4271,2015,USF,SHF,HAPPY,1,3,1,68095.24,cd502508-3228-4c88-a8f1-69615fb3e251
4272,2015,USF,BDF,LAKE,9,7,1,31284.44,69e7b3c5-8cbf-4b08-9cae-156c2b95b850
4273,2015,CDF,LNU,JERUSALEM ,14,3,1,25118.38,e31c15f9-b83f-49dd-b37d-9782a0134698
4274,2015,USF,SRF,LASSICS,1,7,1,18192.03,066d2493-ccab-496f-9cfd-bff14deffbf9
4275,2015,USF,SHF,JOHNSON,1,3,1,17821.11,e15b1bae-a520-40c5-9c3f-f7b50e10b676
4276,2015,USF,HTF,WASHINGTON,1,3,1,17779.54,343f581c-0694-488f-915d-40ecefb3947d
4277,2015,USF,SHF,SHIELL,1,3,1,15390.65,6a56c602-e0ac-4aef-ac51-6b184f39fe4b
4278,2015,USF,SHF,CASTLE,4,3,1,14253.95,8e955061-c934-4e8c-87ac-47aaad7d4f02
4279,2015,USF,SHF,PATTISON,1,3,1,12916.57,229fac06-86ee-41bf-a013-9815106c8aa9
4280,2015,USF,SRF,BEAR,1,3,1,11616.88,26db42a6-368f-4a01-b1dc-0af5b66259d6
4281,2015,USF,SRF,PEAK,1,3,1,11524.46,23ba0d76-1c79-43c6-9745-9e567b3d9809
4282,2015,USF,SRF,BLAKE,1,7,1,11439.25,d1237391-2d91-464a-85b9-5840ec1d32df
4283,2015,USF,SRF,PICKETT,1,7,1,11012.8,8356a7aa-98af-4784-81cc-d6bc20314e1b
4284,2015,BLM,NOD,DODGE,2,2,1,10517.52,4532dbb5-e70d-496f-89d7-15ef5baed2d7
4285,2015,USF,SHF,RAIL,1,3,1,8669.771,9929cf46-6fd7-4396-b446-577d30d7d515
4286,2015,USF,SRF,GOBBLER,1,7,1,8305.019,84468eab-db93-4323-894a-faa07eaccaf0
4287,2015,CDF,LNU,WRAGG ,10,3,1,8049.334,ac0a0aa5-f082-47cb-8d30-fbc7efa7bee8
4288,2015,USF,SRF,NICKOWITZ,1,7,1,7576.045,548b91bf-d316-463e-9d38-2ab078e2a73a
4289,2015,USF,SQF,CABIN SEQ,1,3,1,6996.186,1d2df0d4-9722-4e6f-ad6a-fbc88545b7a5
4290,2015,USF,SRF,GROVES,1,3,1,6803.031,7372c2d4-3d18-4271-b56c-d65d1434cfae
4291,2015,CDF,BDU,ROUND,9,2,1,6537.519,d9cd67f2-168d-4bb1-9e97-480efb6bdb2a
4292,2015,USF,SHF,PEAK,1,3,1,6273.949,5aafdf22-adb7-40d4-b837-c79036696eb2
4293,2015,USF,SNF,WILLOW,8,3,1,5701.341,8bab950d-829f-4a6d-bbf0-0768ad885884
4294,2015,USF,SRF,COON,1,7,1,5682.627,12b1d8a8-7570-4881-88a6-d552ae2c442c
4295,2015,USF,MDF,FROG,1,8,1,4862.165,6b40cc5b-2b53-48e8-8e61-5fcf98d9e533
4296,2015,USF,BDF,NORTH,9,7,1,4249.093,355299d6-17a2-411d-9f38-5b64dc3bebb0
4297,2015,USF,SHF,PELLETREAU,1,3,1,4109.539,cf38e7d6-1036-4929-a7b0-1c9324f99646
4298,2015,USF,INF,WALKER,9,8,,3815.886,9c284dee-b8f7-4020-9cf3-d68490f58f89
4299,2015,USF,SHF,DOG,1,3,1,3276.482,bc028fb3-31ab-4fff-8d7e-2ac813335ef8
4300,2015,CDF,SCU,TESLA,14,8,1,2989.925,2e47abde-21c1-4211-8ff6-23eb20ef51fd
4301,2015,USF,SHF,BLUE,1,3,1,2828.028,ba62f29f-0951-420d-a700-36513dfd5624
4302,2015,CDF,SLU,CUESTA,10,7,1,2445.945,20b71d85-4bb3-47d2-8f3a-43e0574b13e7
4303,2015,CDF,NEU,LOWELL,14,8,1,2315.63,3f812c34-f87d-4def-b82e-bbe9f1592c4a
4304,2015,CDF,SLU,PARKHILL,10,7,1,1812.315,1f65a1ce-9dc9-4701-99ad-ddb164a5190a
4305,2015,CDF,HUU,PINE 1-44,1,7,1,1773.247,91cb9e6a-7ac7-4500-8546-6132cc0cf889
4306,2015,CDF,MMU,MCCABE,1,1,1,1728.974,4b9cf63c-1459-4777-85cd-6917740c9598
4307,2015,USF,SHF,SADDLE,1,3,1,1542.967,0736d93f-4cc6-412d-aa3b-e1a22a6834a7
4308,2015,USF,SRF,EAST,1,3,1,1530.955,06629af0-cd10-48d3-965a-f5ebd668fbe1
4309,2015,USF,ANF,CABIN,9,7,1,1461.844,26653cee-b767-47e7-84fb-20d4d7f48279
4310,2015,USF,SRF,BUCK,1,7,1,1420.48,4bc73eda-e0dc-4424-90e8-02e4414c3f5c
4311,2015,CDF,HUU,STEELHEAD 1-54,1,7,1,1403.444,5d60d1cd-7606-40da-84cc-bbfa4d060a09
4312,2015,CCO,VNC,SOLIMAR,11,7,1,1287.388,7b8cacba-a8b1-47bd-95bd-160588f23dd0
4313,2015,CDF,BEU,TASSAJARA,7,1,1,1075.519,4a757df4-3835-4c6d-bd38-6cd4a15fde55
4314,2015,CDF,RRU,HIGHWAY,4,1,1,1048.689,79d9b1ed-cc27-4d3d-9001-228134ead78e
4315,2015,CDF,BTU,LUMPKIN,7,1,1,1045.756,fd27ea19-972b-4d1d-b14f-3e26512ea35e
4316,2015,CDF,MMU,CORRINE,11,1,1,921.6489,d7979f14-db17-409e-913a-05a48043af7c
4317,2015,CDF,BTU,MERIDIAN,2,1,1,901.9863,07da6cce-8725-4c21-bbb2-51081d3ed59e
4318,2015,USF,SRF,FEEDER,1,3,1,897.9925,f096236c-e018-4c68-8bff-03ae18e80c09
4319,2015,CDF,HUU,DOBBYN 1-57,1,7,1,787.353,7741c636-18e1-4dac-bd4e-8997de351e9b
4320,2015,USF,SHF,DYER,1,3,1,757.9618,cefbb987-d4ed-4a35-ab6e-0723dc74967e
4321,2015,CDF,BEU,CIENEGA,11,1,1,686.7833,cd7be826-dbcd-48a2-9d4e-5de1640b15ff
4322,2015,USF,SHF,CLARK,1,3,1,675.5582,1935753c-40b1-4127-9140-ee4151c0e315
4323,2015,USF,LNU,ELK,2,2,1,670.2086,4ff1d7eb-79d8-4169-a8ca-78aae43b7cdf
4324,2015,USF,SRF,CASTLE 1,1,7,1,662.1591,8c898ae4-cb01-4000-bf27-e97e0e9a7d76
4325,2015,LRA,,LOCUST,7,6,1,644.1685,657bcce4-6eca-44d8-9663-fd3cfa286339
4326,2015,USF,SRF,SUMMIT,1,3,1,639.9178,0fd14dfe-7496-4e81-9db7-f1c79b74549b
4327,2015,CDF,RRU,ANZA,10,1,1,543.5366,7f913433-30dd-4d6f-9414-40bb71e85881
4328,2015,USF,INF,VAN DYKE,14,7,1,512.4335,78f8b562-86d4-4a83-89ed-ce6cdd4ec7bf
4329,2015,USF,SHF,KERLIN,1,3,1,500.9492,8cc4e59c-864b-42d1-bbe3-41f5cc0085c9
4330,2015,USF,SNF,SKY,2,3,1,498.9207,045c6e1c-083f-47a0-b664-57f9e218de0f
4331,2015,CDF,TCU,TRIPLE,1,6,1,427.9607,b0442288-9d02-422d-a2e2-23824b00641c
4332,2015,CCO,LAC,POPPY,14,1,1,410.6794,6d8a17f9-ba11-4fa1-9b79-c9570cc2bcbe
4333,2015,NPS,YNP,TENAYA,1,1,1,408.9148,818ffbc9-4836-42b1-98ea-d7d556ac4efb
4334,2015,USF,SHF,OLSEN,1,3,1,400.2011,80be17ad-b597-410e-8250-eb71c0a0793b
4335,2015,CDF,SKU,YORK,1,1,1,398.4229,a23da493-e1c0-4383-a400-793b26c442fb
4336,2015,CDF,BTU,SWEDES,7,1,1,390.0219,a38cd070-d0d6-4f9e-8ea8-a0d8e22ceb5c
4337,2015,USF,SHF,ROAD,1,3,1,378.9736,bcaf53b8-b4f5-4c23-b74e-7bc226ef1d96
4338,2015,CCO,LAC,CALGROVE,14,1,1,364.396,1a254717-fcb0-4bf5-9f72-19eb12b342c5
4339,2015,CDF,AEU,IONE,7,1,1,357.5903,3d04dcb9-fedb-44c8-bd48-15437a236591
4340,2015,NPS,YNP,MIDDLE,1,1,1,324.7684,8e1797fe-f1df-499c-ad9c-4777bcb595df
4341,2015,CDF,HUU,BLOCKSBURG 1-58,1,7,1,283.831,349eecac-ed76-4998-b87e-00b22114b414
4342,2015,CDF,HUU,WILDCAT 1-51,1,7,1,283.2199,974eeba2-d878-40b4-bea3-0e1a1a23427d
4343,2015,USF,LPF,CHORRO,2,1,1,273.8199,ae8eaf8b-2bb6-4421-8fdf-9654fa8e9b76
4344,2015,USF,ANF,WARM,7,1,1,270.0217,d14f956d-c0c5-47e5-97bc-d39ce6c5d3c3
4345,2015,NPS,KNP,BIG FIVE,1,1,1,264.5698,c204544b-f7bb-4d6d-8f02-a1ddb7beccdb
4346,2015,USF,SRF,TIERNEY,1,7,1,247.8912,3149599d-02a5-4fdb-aa1b-9563ed60ab74
4347,2015,USF,SHF,YORK,1,3,1,243.6706,86c71f62-ad47-4694-ae58-09b37f8d7fbe
4348,2015,CCO,LAC,LINCOLN,14,7,1,234.188,99a113ca-d729-4532-86fc-8b567ff8f8ae
4349,2015,CDF,LNU,PACHECO,10,1,1,217.7269,08bd2537-3f50-453f-8268-e44578a87914
4350,2015,CCO,ORC,241,2,7,1,213.5105,5e368b7e-8ce5-44d4-b90b-413a3a4b9cef
4351,2015,CCO,SBC,MESA,8,1,1,210.8346,8818af06-199a-4c48-898a-b3566636c997
4352,2015,USF,SHF,STEPHENS,5,1,1,209.6283,90f0ddff-9b08-43db-911e-f34aa97c8b70
4353,2015,CDF,TCU,BIG CREEK,5,1,1,204.3927,dbbcbae5-7cda-4c1b-8791-6eaceeca917b
4354,2015,CDF,HUU,BLUFORD 1-55,1,7,1,202.7018,be4e7a0b-e34e-44c4-8a30-893bcaa6151c
4355,2015,CCO,VNC,RUSTIC,14,2,1,186.1511,624efad6-6cba-4a44-b5ed-5946047feb7c
4356,2015,LRA,RRU,MERWIN,14,2,1,181.437,ffcd171e-6b41-4924-9a33-63140dea1ff1
4357,2015,CDF,SHU,CHINA,2,1,1,175.0157,1e637518-92ef-4ad2-8b2e-96b6f5a93b4f
4358,2015,USF,ANF,PINES,9,1,1,174.9406,0d219a36-4c52-4e4f-be1b-84641ee41178
4359,2015,USF,SHF,MINERS,1,3,1,173.9841,d95cbc52-84aa-414c-8c55-3475d815df2e
4360,2015,CDF,MVU,WILDCAT,14,1,1,170.9495,0a8c5839-a148-481e-b5a4-9b992c7a9270
4361,2015,CCO,VNC,RIVER,1,1,1,164.7058,55cb1963-11f7-4863-96e2-6dbc37e56322
4362,2015,CDF,TGU,BLACK,14,1,1,163.283,61eb80c2-bd38-4a87-8745-9e916567a58b
4363,2015,NPS,KNP,BURNT,1,1,1,160.7299,1cd8c050-ae5a-4895-b1e3-be1acadfa2a5
4364,2015,USF,SRF,CHANCE,1,7,1,160.0666,5d745578-6b69-4bea-ae14-4433ed5274b2
4365,2015,CDF,HUU,QUEEN,7,1,1,159.3774,711ec857-c280-4e99-9a90-38651c99943b
4366,2015,USF,CNF,CUTCA,1,1,1,150.418,8206e880-9b13-4df3-b6e2-d3cfc513d779
4367,2015,CDF,HUU,WINCHESTER 1-47,1,7,1,147.2519,6fafb5dc-92fd-4edc-9617-6bef71da2f26
4368,2015,CDF,HUU,HORSE,14,7,1,145.9043,4f105413-abe3-410b-9f76-9af57e236ecb
4369,2015,CDF,NEU,COOK,18,1,1,139.9756,fd6f814a-290a-4a5f-a5f9-c9e5033feda6
4370,2015,CDF,LNU,PETERSON ,2,1,1,138.7429,ff876f3c-6c4a-4d4d-a463-e0bcaa593dab
4371,2015,CDF,FKU,CREEK,14,3,1,137.3257,ae6750ee-b5c2-4b8a-a038-f8ad53bfce20
4372,2015,CDF,MMU,RED,5,1,1,134.0251,4de2cd47-9dc3-463f-9553-debd0c8bd34e
4373,2015,USF,PNF,WARD,14,6,1,129.2855,ca8c8101-a34d-4e7c-84fb-cd47a1b6a02d
4374,2015,USF,SHF,PANTHER,1,3,1,128.691,8b239469-ee77-491e-9996-d367ccf2b7f8
4375,2015,CDF,SHU,DEMOCRAT,14,1,1,123.6968,3603d0fa-6511-47f3-a24a-7f8e36589a7f
4376,2015,USF,BDF,STERLING,9,1,1,118.0251,f84e578b-955d-41ec-ab40-7283dded5df5
4377,2015,CDF,MEU,CLUB,5,5,1,111.9445,911eb9eb-ef22-4046-bb15-4085f88c94da
4378,2015,BLM,NOD,SHINN,1,1,1,110.8015,189198d2-27e1-450e-8b36-619a763e8ff1
4379,2015,CDF,TCU,OAK FLAT,14,8,1,107.9033,751b7f00-3a5a-47f0-9ba8-2339822df011
4380,2015,USF,MNF,DEER,1,1,1,97.55208,d5854819-2347-46b1-a468-aef9fca5082b
4381,2015,CDF,TGU,36,11,1,1,97.43904,5c8d4145-ef79-493e-adff-95cb7acc88a8
4382,2015,CCO,LAC,MUNZ,14,1,1,96.20006,49e26847-b02b-487e-b91b-993caf92b8cb
4383,2015,USF,MNF,BOARDMAN 2,1,1,1,94.74877,52636074-00f4-48c1-b170-35cd77145b1f
4384,2015,CDF,SLU,DEER,4,1,1,94.62711,ef43e6ed-515b-44e9-ad9f-662f090e7621
4385,2015,CDF,BEU,LAURELES,10,1,1,90.41469,1d608b41-382e-4c3f-869d-fde155e696be
4386,2015,CDF,SHU,FERN,1,1,1,88.53635,277530a2-8a69-4d8b-a779-e90075767bda
4387,2015,BIA,HIA,DEER HORN 2,1,8,1,86.16431,a51fa16c-37a1-414c-b583-f9bdacf95d79
4388,2015,USF,ENF,KYBURZ,14,3,1,84.01945,2edd1e22-d506-4613-a273-9308f617fa18
4389,2015,CDF,NEU,RIOSA,14,1,1,75.30615,30c0c3dc-8091-472b-be83-982defca2e1c
4390,2015,USF,SHF,MILL,1,3,1,72.60194,e9756332-c2e5-49e7-b705-126c1c7cafba
4391,2015,CDF,BTU,WEB,9,1,1,71.12778,48b08b9d-a047-40a9-a3db-ea52303e955e
4392,2015,BLM,CDD,PALMAS,1,1,1,69.16941,53efba34-58e1-4241-8b78-bdedf866aadc
4393,2015,USF,KNF,PRARIE,9,1,1,67.95409,e4ec1022-98aa-4684-9329-1033668babf5
4394,2015,USF,MDF,TWIN,1,1,1,67.93945,716e169a-c137-41fe-8153-32e4e42cb1ff
4395,2015,CDF,BEU,DEER,1,2,1,66.02117,9fdde1f4-cf1b-41ea-b800-5930dfc4f708
4396,2015,CDF,SHU,MALLARD,15,1,1,65.95107,688b52f1-491c-4c82-bcc0-164052e613ed
4397,2015,CCO,KRN,PUMP,14,1,1,62.68637,a419116f-92ff-438f-93c2-3a6f10cfd204
4398,2015,USF,KNF,FIVEMILE,1,7,1,62.04475,25c28f79-a4d2-4a64-b0e9-f77a7349ed04
4399,2015,CDF,MMU,TRIANGLE,10,1,1,58.63923,4e7cabc2-5d60-42ef-9a7f-869e885e6f2e
4400,2015,CDF,BEU,BETABEL,2,7,1,56.30732,89f19547-d60b-4a97-8a91-5aa545d9989d
4401,2015,CDF,MVU,DELUZ,14,1,1,56.08641,9b769e6e-c345-42f7-9143-130eaaee9293
4402,2015,USF,BDF,SUMMIT3,9,7,1,55.595,bd57f62a-a084-4844-ba54-c81110236882
4403,2015,USF,SHF,TELEPHONE,1,3,1,54.82918,2cce48ad-47b1-484b-9a3d-f3e6e3596361
4404,2015,CDF,TGU,FORK,9,1,1,54.29841,275191e7-421c-42e3-a0a5-ce2885a30bb8
4405,2015,CDF,BDU,MILL2,2,1,1,53.99769,a49642c4-f615-4fcf-9e03-6b5b7e41437b
4406,2015,CCO,SBC,WHITE,11,1,1,53.55653,c623d255-2661-4c46-a834-6107cd1952db
4407,2015,CCO,LAC,JOHNSON,9,1,1,53.45473,a193eae1-7969-41d8-86e8-c069836ed469
4408,2015,CDF,NEU,BEALE,9,1,1,52.8651,9c26ff4e-54ac-45f2-af66-287b87bb70b4
4409,2015,USF,SHF,MILITARY,4,3,1,52.84043,275d526d-64f0-4c0a-bb54-5b79c4ee7179
4410,2015,NPS,YNP,WHITE CASCADE,1,1,1,50.73343,92a5c14c-e2ff-47be-9345-08440853ae39
4411,2015,CDF,BTU,OLIVE,2,1,1,47.75825,2dcea176-7030-4492-a840-10381ddeb935
4412,2015,USF,BDF,SCALES,2,8,1,45.73383,7f9bf867-967f-4a08-ba57-75438080a3aa
4413,2015,USF,ENF,TANNER,5,1,1,44.545,6fcec8c5-8659-4c04-ba46-9cb777def01d
4414,2015,CCO,VNC,PRINCETON,14,7,1,44.26712,7254dd8f-9696-419d-a0ec-163568b97c12
4415,2015,NPS,SMP,POTRERO 2,14,6,1,43.49679,de90bc67-1337-4060-bd40-1c8571de6130
4416,2015,USF,MDF,MASON ,1,1,1,43.27318,28c2c3cd-5c28-4194-9747-0a2fc7107c5a
4417,2015,LRA,,ATHENS,14,1,1,41.14925,5a2f1e00-6406-49c8-b5b0-e53736bf6480
4418,2015,NPS,YNP,CATHEDRAL,1,1,1,40.12074,9dc1de3d-04e1-4c30-ae95-abdcf5ab5a62
4419,2015,USF,SHF,RASPBERRY,1,3,1,39.76297,22744407-bc59-4eac-9ed1-1831dc7866b5
4420,2015,NPS,YNP,BRIDAL VEIL,1,6,1,38.40899,eba205cb-2d8c-4d7a-ae87-5a4a5b087f2a
4421,2015,NPS,YNP,DARK,1,1,1,37.99809,57912062-28a0-493b-9c18-eac2ed9922d4
4422,2015,USF,SHF,WATER,1,1,1,35.91605,23c9b919-64ad-4b86-bed9-6dda961fb109
4423,2015,USF,ENF,MCOULLOH,5,1,1,35.28005,9850db6a-ba5f-4b92-b609-9e688113de81
4424,2015,CDF,RRU,SPIDER,14,7,1,35.20248,cdeebbf7-27ac-4913-9943-b36e96769d58
4425,2015,USF,SNF,MUSIC,9,6,1,32.64508,fc814094-1ad8-4079-86c0-d076bd33db7e
4426,2015,USF,MNF,ETSEL,1,1,1,32.09719,096c7250-5bb6-41cc-b1dd-d20790027e6e
4427,2015,USF,SQF,LIGHTNING,9,6,1,31.73204,a3b5e8ba-e6d5-495c-abaf-a9cc70927890
4428,2015,CDF,SKU,AGER,1,1,1,31.49438,3843385d-16b0-40ca-b04a-cb9b07516f6b
4429,2015,CCO,LAC,CASTAIC,14,1,1,31.04365,0a637a8e-552b-4c53-9e11-2c192ad04367
4430,2015,CDF,NEU,MCCOURTNEY,2,1,1,30.55511,b526b466-dab3-402c-b52e-5f97c3d7fc5a
4431,2015,BLM,NOD,S1 DUCK,1,1,1,30.08999,daac96d9-87bd-47e6-a359-2480b6ead432
4432,2015,BLM,NOD,S2 COAL,1,1,1,29.95277,1c62d6c3-199f-4650-99d7-ea47637452aa
4433,2015,USF,KNF,HOWARDS,1,7,1,29.58024,cf687442-296e-4649-bd03-4f1d5495451f
4434,2015,NPS,KNP,HOTEL,1,1,1,29.4124,103e74e8-6d17-4f3d-adec-57f68516509c
4435,2015,CCO,VNC,POTRERO,14,1,1,29.24935,10925d6d-bd78-4a67-805f-19b6ee58ae33
4436,2015,CDF,NEU,FRANCIS,11,1,1,28.872,a5222b79-1bfc-44cd-b56c-089f1571a1f1
4437,2015,CDF,SHU,BROWN,2,1,1,28.56581,5ecaed90-d4a7-4853-9b0b-dc987cee4ec3
4438,2015,CDF,SKU,DORRIS,1,1,1,28.19277,4d4b4cdd-37db-41c2-bcf3-79f7a2b6aca9
4439,2015,CDF,MEU,SODA,10,4,1,28.01054,709bd71f-e78c-4c20-ab38-ea6e5dbd10d2
4440,2015,CDF,LNU,GARAGE ,11,1,1,27.71869,08f88a87-d4fc-4258-abdc-001baca205b7
4441,2015,CDF,HUU,BALD,1,1,1,26.9475,4726e456-3b80-43ef-b448-40049c4bad6f
4442,2015,USF,BBD,GREEN CREEK,10,1,1,26.89483,8b269525-f3c0-4bc1-9943-53fa4cfbe085
4443,2015,USF,SHF,BIG FOOT,1,3,1,25.13739,19989902-5326-4495-9dfd-cc5c1bda4b9e
4444,2015,USF,STF,RESERVOIR,1,1,1,25.06381,5a73e82c-de01-474d-8077-1b21ca3a2db0
4445,2015,CCO,VNC,BANNISTER,14,7,1,25.0148,9c405b0a-5786-4790-ac38-f6a908276d69
4446,2015,CDF,RRU,SNOW,2,1,1,24.79573,d45291c6-c94f-4fdb-8878-4bf2bc929e6d
4447,2015,CDF,LNU,GRADE ,2,1,1,24.59181,e8a6b961-600b-4e4b-97eb-0e5389bc3a05
4448,2015,USF,ANF,FIVE,2,1,1,24.54405,59b0b18f-6c29-444a-a2fa-0b74811334f3
4449,2015,USF,SHF,PROSPECT,1,3,1,24.27882,f4e099f8-a0df-4196-a461-846f41800156
4450,2015,CDF,MVU,LAKE 3,14,1,1,23.97301,7e4ad9eb-ef2c-4e1e-b232-c2e0c5e425ba
4451,2015,USF,MNF,SAN HEDRIN,5,1,1,22.48489,ee5c6f54-3f56-4552-b604-a675bf30901e
4452,2015,CCO,VNC,PALM,14,7,1,22.35466,6af17bc7-c52d-430e-bd38-c63ba9894f02
4453,2015,USF,ENF,MEADOW,5,1,1,22.062,33832fe3-1855-47dd-a17f-3c24bde222bd
4454,2015,CDF,NEU,BAXTER,14,1,1,21.7492,2edb5b87-b981-4f13-baa5-308d3021793b
4455,2015,CDF,MVU,PARK,14,1,1,21.62256,0ef51d83-3bd0-4f5b-86cd-c8d5c1bc3277
4456,2015,USF,LPF,GIBRALTAR,9,8,1,21.0506,fb9afe6a-6f9c-4ff3-86cd-710870a59ff1
4457,2015,USF,SQF,FISH,4,6,1,20.86502,3a1b8cb5-d5f0-4639-bea9-2809f9c34b4a
4458,2015,CDF,SLU,VISTA,18,1,1,20.63441,bdc583a7-bd50-4e8f-ab90-36334a62d052
4459,2015,LRA,,LESVOS,14,1,1,20.31422,78ae3aa0-f210-46bf-ba78-2d533ba65acd
4460,2015,USF,SRF,DEVIL,1,1,1,20.12851,a449a79e-3fb8-4d20-a267-10b1dbb84534
4461,2015,CDF,NEU,DOOLITTLE,14,1,1,20.03405,a58655f8-daea-4055-a115-932a04358cee
4462,2015,CCO,SBC,GRADE,10,1,1,19.67408,5f065125-396e-491e-8dd6-9334b81b161a
4463,2015,USF,SQF,GREY,1,1,1,19.44877,0a2ddaf6-eb20-4629-b138-d7e7ca399180
4464,2015,CDF,BTU,GRIMY,2,1,1,19.42308,034b3cf0-7acb-400c-872d-446a47afa43a
4465,2015,CDF,NEU,FOUNTAIN,14,1,1,19.38586,90c02931-c2ae-4c0a-bdd2-8d29d8e13358
4466,2015,USF,LPF,BURSON,2,1,1,18.23938,304228d9-500f-4c93-b5c1-52fde65c2d3c
4467,2015,CDF,NEU,WOLF,14,1,1,17.75666,986d5c46-25de-4e31-b1c0-23478b3cf96a
4468,2015,USF,SHF,DAILEY,1,3,1,16.6561,48765d45-61c6-4949-9c62-f867d111d5e8
4469,2015,CCO,LAC,REMSEN,14,7,1,16.50616,e39ac135-d032-4c10-9c15-926d7330ae8a
4470,2015,CDF,RRU,GAVILAN,10,1,1,16.00883,7ac389c2-4e69-4c9e-805e-1fa39ce20d2c
4471,2015,CCO,KRN,,14,1,1,15.96706,5b170c05-0eea-4cf2-82ee-bc4a5586912e
4472,2015,CDF,HUU,BUCK,2,1,1,15.85715,d70184d0-7518-4611-bbf9-f7f30678d48b
4473,2015,USF,PNF,SPRING GARDEN,5,6,1,15.84018,7a1c8f1a-0fcd-4d1b-b7e7-0d1f03af25ab
4474,2015,CCO,ORC,CASINO,14,1,1,15.64318,1ed6804f-98b7-4178-b1e1-b3946153e0bf
4475,2015,CDF,MEU,4-2 CAHTO,1,4,1,15.4554,88b9fa37-3ab8-43a3-a676-8915ef092f10
4476,2015,USF,MDF,WHITE ,1,6,1,15.37785,c56873ec-b72a-40d1-9382-4587690ff332
4477,2015,CDF,SHU,PONDEROSA,5,6,1,15.15671,1ba2e451-c04a-4b87-a0de-b31eae40fc52
4478,2015,USF,KNF,DEVIL,2,1,1,14.40403,a4f79758-894a-48a6-a930-eee7b91db2c4
4479,2015,USF,LMU,BECKWOURTH LIGHTNING COMPLEX,1,8,1,14.3103,9dfe9ad4-0abd-4a8c-966f-2aaef52f0f34
4480,2015,USF,MDF,COLD ,1,1,1,14.21169,1d6e4e2f-d4b4-4284-af27-ebd452283958
4481,2015,LRA,ORC,LAGUNA,11,5,1,14.13005,f25d392e-6e65-489b-9d10-d68d6be8a9d6
4482,2015,CDF,SKU,COPCO,1,1,1,14.0008,042b357a-edb5-4d6b-a66d-390ebb2378f7
4483,2015,BLM,BBD,STINE,1,1,1,13.79393,b756f634-44e3-40f7-8db8-9e256cffa473
4484,2015,CDF,RRU,RAMONA,9,1,1,12.93636,efc10f10-149a-4398-bce7-1f7d3349a040
4485,2015,CDF,SHU,MILL,14,1,1,12.76216,ead61908-fd68-4a6a-96f7-9762c10ffe89
4486,2015,CDF,BTU,TREE,2,6,1,12.72052,1da51fce-4830-47a0-9f01-d034730e7462
4487,2015,LRA,,COUNTRY,14,1,1,12.06065,edd1ef0d-982b-44ab-a498-dc044e5e0109
4488,2015,CDF,SLU,CHOLAME,10,1,1,12.05913,0c5c20de-3713-4f6a-8125-a691ef14a82c
4489,2015,CDF,TGU,RANCHO,14,1,1,11.8876,4e21054a-93db-42a5-9ccd-61cea3572ea8
4490,2015,CCO,LAC,FREEWAY,2,1,1,11.55442,63bf0dd7-3baf-4585-9583-f851ac628aeb
4491,2015,USF,ANF,SHINN,4,6,1,11.24281,08216c80-dc1a-4dbe-8b16-715182cef4ae
4492,2015,USF,MDF,YELLOW,1,1,1,11.14368,b5822fb2-320a-4ab0-9e15-b94eef2ecb93
4493,2015,USF,SHF,HIDDEN,1,3,1,11.04564,c64c51d5-08c4-42b7-90a1-90cde9d9b778
4494,2015,CCO,LAC,HOPPER,1,7,1,10.72429,5a441c67-0d7e-4348-8aa4-e4d6c33ffb88
4495,2015,USF,ANF,RANCH,2,1,1,10.50375,643abbc7-a6f9-4226-b973-d28668c61455
4496,2015,USF,SRF,PAW,1,6,1,10.24,0ee4744d-af55-44d0-a368-74136811ea30
4497,2015,CDF,TGU,OAKRIDGE,14,1,1,10.16859,910cb6c7-c153-4682-a27e-b987c189c1f4
4498,2015,CCO,LAC,ZEBRA,14,1,1,10.10341,2f147238-c940-4340-9606-839d9ef17dc5
4499,2015,CDF,NEU,BURNETT,1,1,1,9.868065,9afc8dcd-9485-47a7-83d5-42dde375bef4
4500,2015,USF,BDF,SAN GORGONIO,9,6,1,9.836316,c27b0157-8ff0-4695-afab-a9622c3112fc
4501,2015,USF,ANF,MORRIS,9,1,1,9.719397,c25b7aab-1979-4a16-9f83-d5eccaa198d1
4502,2015,CCO,LAC,RIDGE,14,1,1,9.38639,2331b624-5dc0-4327-a600-374af56d99b1
4503,2015,CCO,VNC,PERKIN,14,6,1,9.354076,b34ec469-4da5-4636-a335-a3baac7db4c2
4504,2015,CCO,SBC,MARIPOSA,10,1,1,9.073173,10454d7c-1e83-4ff4-be1e-a04403dd3007
4505,2015,CCO,SBC,RIDGE,11,1,1,9.07207,d5953a1d-9e48-450f-a7e5-c406ed411ffb
4506,2015,USF,SHF,DEER,1,3,1,8.535203,1bb9d3fa-4572-4182-8208-2f3c4a5ddbbf
4507,2015,CDF,MVU,MERCADO,14,1,1,8.234076,08c99b32-19a2-448e-a2aa-d7a5e712884f
4508,2015,CCO,KRN,,14,1,1,8.095657,88ddea11-667d-440e-9842-9d8c4da4f698
4509,2015,CDF,RRU,MUSTANG,1,1,1,7.996591,f25b2f28-b022-46ee-bcd6-c30b2c504565
4510,2015,USF,STF,TWO MILE ,5,1,1,7.511982,617a504b-579f-446b-99e5-901e86185c8f
4511,2015,FWS,CLR,CLEAR,1,1,1,7.481536,306528a2-7ed5-4089-90b4-9e90a974a964
4512,2015,CCO,KRN,GRAPE ,3,1,1,7.469237,c40460ab-e4a8-4d96-8fe7-808d3de58de9
4513,2015,CCO,LAC,WAYSIDE,1,1,1,7.424892,9332b83a-3aa7-42d0-a376-b0009389da37
4514,2015,USF,SHF,HALSEY,1,3,1,7.228922,8c1a7008-8969-43d3-9f26-f5cea9b5646f
4515,2015,CDF,TGU,VALLEY,1,1,1,7.054897,4bbe766b-89cb-4254-9cca-fc4aa9999dca
4516,2015,CCO,VNC,SHARP,14,1,1,6.991804,31437e20-66c1-4aa7-88f6-24c8f5c7aaf9
4517,2015,CDF,TGU,LINKS,14,1,1,6.698099,3995d10f-d196-4cca-aa9a-afa73d8d7ed4
4518,2015,CCO,LAC,WAYSIDE,2,1,1,6.601349,733a5dea-eede-4061-a57c-b2f8280508ab
4519,2015,USF,STF,STONY GULCH ,9,1,1,6.594722,adb6f934-ae15-4054-9e3e-6672ae030d10
4520,2015,CCO,VNC,KITTRIDGE,14,7,1,6.377415,289559a9-732b-4f97-8b1e-d07fc4d1df0f
4521,2015,CCO,LAC,WIND,2,1,1,6.101388,0bc012f3-ee53-4565-b236-64d981e69763
4522,2015,CDF,RRU,JACK,14,7,1,5.434127,8f7416db-c948-457b-9a2e-6b9812a92e33
4523,2015,NPS,SMP,MALIBU,14,6,1,5.392848,192fe0d5-dc13-4b61-9a86-d72265166e80
4524,2015,CCO,LAC,SPUNKY,2,1,1,5.217817,ade3df7d-a3c8-4427-8cd9-5c7645b73cae
4525,2015,NPS,SMP,GRIFFITH PARK,14,5,1,4.730207,da8593c7-1f98-42f1-a417-a9c7394f7dd2
4526,2015,CCO,LAC,FOUR BAY,1,7,1,4.724183,f473cbf6-db44-4ee3-88ad-54b771b71fd3
4527,2015,CCO,VNC,WHEELER,7,1,1,4.680684,eaab5ebf-501e-4d74-bcbb-b5b4e171f256
4528,2015,NPS,YNP,INDIAN CANYON,1,1,1,4.131937,15f54139-4b5a-40d3-a5bc-956c8485477c
4529,2015,CCO,LAC,118 FWY,14,8,,4.027377,9e574c87-d226-4e35-8645-8b3725dee135
4530,2015,CDF,TGU,36,10,1,1,3.731267,0eb6eda9-d3e8-4785-a4c9-bb9305ed7462
4531,2015,NPS,RNP,POPLAR,14,1,1,3.554777,6a3d6588-8945-4f3f-a00a-ffcdc9630235
4532,2015,USF,BDF,GREEN,9,1,1,3.370712,276260e2-a117-4cef-ae8a-57ccc83263b7
4533,2015,CCO,VNC,TOLAND,14,1,1,3.032003,ac095e9c-b6ee-4242-9fa7-789ab37502df
4534,2015,CCO,VNC,PEAK,10,1,1,2.931382,34a2fb57-b71a-43a5-beae-7f9cbb3745f4
4535,2015,CCO,VNC,BROOKS,14,6,1,2.921998,9cce1dea-adbf-4b77-b318-3b3083318074
4536,2015,CDF,TGU,BUTTE,14,1,1,2.908308,dcdf02dd-d819-4fba-a3af-1508c5ae7818
4537,2015,NPS,SMP,LATIGO 2,14,5,1,2.801698,63d7bc86-2c42-4ca9-90ad-370afc6bf0ea
4538,2015,CCO,VNC,POTRERO ,9,8,1,2.744287,088386b3-496f-42b3-8c1b-12200bf44d75
4539,2015,CCO,VNC,SHELL,14,1,1,2.423997,0dd9e6d1-4659-4fe2-9b45-9b71550b7691
4540,2015,CCO,VNC,DOUGH,14,7,1,2.16064,f90cc0d2-380d-44c7-973e-682fac620142
4541,2015,FWS,SOR,BRUCHARD,18,4,1,2.154247,0b298fd9-e753-4c3c-a77f-50249ebb4ad8
4542,2015,CCO,VNC,MOORPARK,14,1,1,2.079408,2352e836-24f7-4f52-8935-345f1ae39988
4543,2015,CCO,VNC,JOHNSON,14,1,1,1.729694,b9aedb81-3c83-45c5-b852-cc84101a72f8
4544,2015,CDF,TGU,TRUCKEE,2,1,1,1.487334,27c02af0-0bc6-448b-bfa3-81792ced2911
4545,2015,NPS,SMP,DUME,10,6,1,1.479508,a63050a4-c830-4692-b2fe-4a043284e6ee
4546,2015,CCO,LAC,TUNA,4,1,1,1.204807,be41bc2f-6bd7-4090-a6a5-0331624b3aaf
4547,2015,NPS,SMP,TEMESCAL,14,4,1,1.193676,3fd1d104-557c-4226-ade8-c24253fd13b3
4548,2015,CCO,VNC,FARIA,14,1,1,0.9901724,e8d05d65-6a79-45cc-b201-5b72add6437a
4549,2015,USF,SHF,LOOK,1,3,1,0.9284683,18998cf8-d6c0-40f8-b85a-d6721866e5f7
4550,2015,CCO,VNC,STAFFORD,2,6,1,0.8197879,83dcb677-42b2-4162-8b79-8ddf5e923690
4551,2015,CCO,VNC,LEWIS,14,1,1,0.7851713,5fe890e7-7ae7-424e-89b3-c5fea6844448
4552,2015,CDF,TGU,BAKER,5,1,1,0.7465882,d61b26c5-aa31-4739-8a36-22646c728f87
4553,2015,LRA,SMP,DEERVALE,14,6,1,0.6028686,e72fc59e-854d-4ae4-a9f4-13f099a49605
4554,2015,CCO,VNC,VICTORIA,14,6,1,0.5681428,6cb745d1-db7f-4b9e-b9ae-d384a18a7382
4555,2015,CCO,VNC,SUNSET,10,1,1,0.5548272,597c50e3-69ef-4b92-a8e4-1a4fb8eac679
4556,2015,USF,SHF,SPRINGER,1,3,1,0.489983,ee97b9f1-2877-42ef-ad1f-be0160e60f7b
4557,2015,NPS,SMP,CALABASAS,9,6,1,0.4854355,b564b876-5074-4f66-8cbd-1cda266a74d3
4558,2015,NPS,SMP,MUREAU,1,6,1,0.4854267,8dee9859-d39a-41df-aa50-067592b9a177
4559,2015,NPS,SMP,RAMBLA,14,6,1,0.4853519,467c24fc-802b-49df-a6f0-bf8457ceba96
4560,2015,CCO,VNC,SOUTH,14,7,1,0.2600781,a46663e8-3391-4c2b-8307-1b6777a3f07b
4561,2015,NPS,SMP,TOPANGA,11,6,1,0.2516483,23a16843-76c4-40fb-9c7a-1f8eb8b655d0
4562,2015,LRA,SMP,OAKMONT,14,6,1,0.2516389,cd269e30-381d-415c-b5af-1d56f67ecc5c
4563,2015,CCO,VNC,JOHNSON,14,6,1,0.2441867,e0115419-42d0-4041-821d-0e19c8635661
4564,2015,NPS,SMP,TOPANGA CYN,10,6,1,0.1522151,2be0af02-a1d1-43de-a793-4dfb5d0c06f5
4565,2015,CCO,VNC,MAIN,14,1,1,0.1357576,9e182fd6-ac4f-459b-9923-f876e01d4886
4566,2015,NPS,YNP,MONO,1,1,,0.1008094,6701d6ca-d76d-406b-b231-f76305babe9f
4567,2015,NPS,YNP,SNOW,4,1,1,0.1008077,450b09b9-2cd4-430d-85d0-35ee34d1eb87
4568,2015,NPS,YNP,DEERLICK,1,1,1,0.1007949,97545fec-5f8b-48c3-ba0c-df0674a3063f
4569,2015,NPS,SMP,COUNTRY CLUB,14,6,1,0.0939775,98b969e5-9562-4c75-8107-3a49d54e0ab4
4570,2015,NPS,SMP,AGOURA,9,6,1,0.09397306,504b4511-1694-4c97-aab7-cb2cd690fd42
4571,2015,NPS,SMP,GRAND VIEW,10,6,1,0.09397247,9cbefd22-b13c-459b-be19-1a27263536d2
4572,2015,NPS,SMP,WENDY,8,6,1,0.09396258,2c28b726-76cc-49eb-8b5b-a89ec88aca18
4573,2015,NPS,SMP,NEWTON,5,6,1,0.09396015,b1a66177-8bdd-4c6a-bae4-74f2ad1246a4
4574,2015,CCO,VNC,ARROYO,14,1,1,0.09117375,52b7304e-8f9e-4188-850b-c57f191c64e2
4575,2015,CCO,VNC,RED,10,1,1,0.05534946,bbfdbce6-8aa0-4e13-8fd8-c9d8aad9182f
4576,2015,USF,SHF,GARDEN,1,3,1,0.03171027,8c3dec88-5dd8-4959-a8d6-7f23735251eb
4577,2015,LRA,SMP,ROADRUNNER,14,6,1,0.02317176,32e48b2d-93af-4cfc-b380-eeee9db91fdc
4578,2015,NPS,SMP,CORNELL,14,8,1,0.008776683,67290df9-1d81-445e-98b0-ce9751febbc7
4579,2015,CCO,VNC,HARBOR,14,6,1,0.006257951,de89c002-bd6c-4828-8255-2b947787122b
4580,2015,CCO,VNC,OJAI,14,6,1,0.00261181,c70575b4-d7b1-4d0e-9a47-a50a7486e58e
4581,2014,USF,KNF,FRYING PAN,1,3,1,133177.4,29f3f0eb-0de3-4237-9cad-45f61d6b21d1
4582,2014,USF,ENF,KING,7,3,1,97684.55,08423ac5-ffcd-47da-a5f9-a382151e1241
4583,2014,USF,LNF,BALD,1,7,1,39752.2,06de6223-3000-4c6b-a434-713c74e284a5
4584,2014,OTH,,OREGON GULCH,1,7,1,35111.25,334890b0-02f4-4c60-9efb-eba7a6e2dc6c
4585,2014,USF,KNF,WHITES,1,8,1,33794.44,aa1d7101-3ddb-45b1-99c4-ca469d15e6be
4586,2014,USF,KNF,BEAVER,1,7,1,32493.4,d2a2205d-c188-4009-8d27-8b52fcef6ff4
4587,2014,USF,LNF,EILER,9,8,1,31995.22,9a337425-cddb-4263-a10e-56bf2e829495
4588,2014,DOD,MCP,PULGAS,14,8,1,15186.14,52733503-c184-485b-b6cc-4984b8bacdb0
4589,2014,USF,SNF,FRENCH,4,3,1,13831.64,ae4ab18e-0e78-4b66-9bfa-2c5929f20669
4590,2014,CDF,LMU,DAY,1,1,1,13150.67,6b9026a9-39ff-4511-9719-c07fb9ce61d8
4591,2014,CDF,SHU,BULLY,10,7,1,12658.74,82970be8-b0c7-42b3-b8f4-da4ec9d96c00
4592,2014,CDF,MEU,LODGE,1,2,1,12533.18,61e541ff-6905-4ae2-9d17-99c855e83d54
4593,2014,CDF,LNU,MONTICELLO,9,3,1,6599.387,a328e5b2-2386-4b2e-8248-ef5cd0bbd65d
4594,2014,USF,SHF,COFFEE,1,8,1,6256.271,54acfcf8-9468-422f-8d23-7307af42db5a
4595,2014,USF,KNF,LITTLE DEER,1,8,1,5499.707,8c72dc65-2878-496d-87d6-a23d9979026e
4596,2014,DOD,MCP,TOMAHAWK,14,8,1,5365.311,4e664bc4-3316-4db3-a5c6-b06d7853cb44
4597,2014,NPS,YNP,MEADOW,1,1,,4774.47,87e12d51-dbd5-43c0-a4fa-98565aa0ddf3
4598,2014,NPS,YNP,EL PORTAL,4,1,,4744.617,32340785-8bda-4233-b836-24452861ed96
4599,2014,CDF,LNU,BUTTS,2,8,1,4297.35,5e266520-8734-440f-ab42-d1903ff9f45f
4600,2014,CDF,AEU,SAND,10,1,1,4239.272,3df28c79-a69e-493f-97dd-e60105cb77aa
4601,2014,CCO,KRN,WAY,14,2,1,3882.421,5a5ecd70-1387-4e62-84a4-e970ec0e344e
4602,2014,USF,KNF,LOG,1,8,1,3636.853,3ea5697c-12e4-4933-ad91-ba5ee8254fc6
4603,2014,USF,SQF,SHIRLEY,9,8,1,2546.165,99314e6a-fb41-4857-b795-c2db13719879
4604,2014,USF,BDF,ETIWANDA,9,1,1,2141.841,12fba18d-b330-49e8-970b-6fa23a39ea7b
4605,2014,LRA,MVU,COCOS,14,1,1,1994.787,056f67b6-9227-4510-9281-0b0321be7017
4606,2014,USF,ANF,COLBY,4,7,1,1951.893,78c512ef-ca1a-4cc1-89bb-d8f0c3882b72
4607,2014,USF,SQF,NICOLLS,9,8,1,1679.217,8aa0384e-6f85-4b7f-919d-909e0aebbe5e
4608,2014,DOD,MCP,COMBAT,14,8,1,1457.185,e9eca131-f12c-4e3f-b552-b77868021b55
4609,2014,USF,SQF,SODA,9,8,1,1423.232,f8726208-013f-4988-aee5-5e7694975613
4610,2014,USF,MDF,GULCH ,6,1,1,1397.349,3539e718-c334-448e-a63b-a161f8e6cb3e
4611,2014,CDF,SHU,GULCH,10,1,1,1374.703,9dd9fd67-718d-45f2-844b-945063e14ab3
4612,2014,LRA,MVU,BERNARDO,2,1,1,1331.426,34daa97e-265b-471e-a53e-ab3243c5fd16
4613,2014,NPS,YNP,DARK HOLE,1,1,,1076.479,e9852b27-86f3-4785-ac3b-f846a39ad86e
4614,2014,USF,CNF,SILVERADO,9,3,1,959.0129,1e3ab834-11b7-4bbd-8e98-e270ab1b8fff
4615,2014,USF,LNF,CAMPBELL,4,1,1,864.9468,a59637ca-58ee-4475-96d2-1b4b0778ba81
4616,2014,CDF,MMU,HUNTER,14,1,1,690.982,0b2d5634-8710-499c-8e76-4bff5d8aa005
4617,2014,USF,MDF,DALTON,1,1,1,641.467,0009f317-cfd0-485e-888c-90fd285b9ccb
4618,2014,CCO,SBC,MIGUELITO,11,1,1,631.8137,f57e5723-0d5d-4118-8f61-a7fca166f1a5
4619,2014,CDF,MMU,JUNCTION,14,1,1,612.1556,42b8549f-d16c-47ff-9922-0db244d18984
4620,2014,LRA,WED,BOLES,7,1,1,516.2928,0f7eada1-ab03-4f27-a730-077dd34580b9
4621,2014,CDF,SHU,OREGON,10,7,1,460.5652,00d190a5-9804-42cb-adae-f182427ac965
4622,2014,CDF,NEU,APPLEGATE,14,1,1,458.9755,82d83f99-53c0-44bf-8146-f223e0469cb0
4623,2014,USF,MDF,DOBIE,1,1,1,456.01,230fa691-36f0-4bb1-9a6f-b97fac143be9
4624,2014,CDF,MVU,HIGHWAY,14,1,1,441.0284,636cae17-114e-4fed-92ec-3717e2559169
4625,2014,CDF,MEU,BLACK,2,2,1,403.2066,969887fc-b4f3-47d9-97d9-f829793ebb9f
4626,2014,CDF,BTU,WEB,2,1,1,377.856,debc19ca-6278-4627-a90c-4a60cdda4b25
4627,2014,LRA,MVU,POINSETTIA,14,1,1,376.9402,13bb3cb0-c594-4a1f-85af-bfe1041198e8
4628,2014,CDF,LNU,31,14,2,1,367.9901,343ed796-feb8-4b30-87ca-96ebcc90a6ba
4629,2014,LRA,BTU,NELSON,11,6,1,336.0759,772e6161-fb53-4dd0-a554-c3c1dde3231b
4630,2014,CDF,HUU,RED,5,1,1,332.1736,d988492f-8d34-49ba-bd53-07545a147de5
4631,2014,NPS,YNP,DOG ROCK,14,1,,312.2894,9765942e-aa65-4d48-a514-ebf8553e09ec
4632,2014,CDF,MMU,COURTNEY,5,1,1,290.9412,a15f98a0-dc03-43ef-9c4d-8fea632bd48b
4633,2014,USF,CNF,GUN,9,1,1,270.0748,a9cfd654-a984-4b29-9ea8-ffec4df3a59f
4634,2014,CDF,MMU,BRIDGE,10,1,1,270.0612,493c0bf5-0cc9-48b7-b850-af1717d3a999
4635,2014,USF,ANF,TECOLOTE,9,4,1,268.8589,2c56a308-e405-4cac-b1d1-7941f8736ef2
4636,2014,FWS,SWR,TRACT 17,18,7,1,251.6172,81cfb485-859e-46fe-8f2f-ea8dc15b2fc8
4637,2014,CDF,NEU,DOGBAR,14,1,1,248.0788,7f52badd-9b1c-4fd8-abf6-35787b5bb537
4638,2014,FWS,BRR,SCHOOL,9,1,1,223.7797,80570535-b288-4e38-9283-848727f01ccb
4639,2014,BIA,HIA,BALD HILL 3,10,3,1,210.1771,8b7d1700-b40e-47bf-a6d7-d71162e16a07
4640,2014,CDF,BEU,ENCINAL,18,7,1,190.4012,2757318b-06e9-4615-b507-5c4ade240af5
4641,2014,USF,ANF,SHOEMAKER,1,7,1,190.0584,d25e9493-9040-45f0-a7f7-2527409143eb
4642,2014,CDF,MVU,BANNER,14,1,1,177.7857,da8d47d9-348b-4c1f-9a6e-ef935834fb45
4643,2014,USF,KNF,KEMPER,1,8,1,173.4605,e4fd1239-6f98-44b8-819d-91f4c4f0be99
4644,2014,LRA,MVU,RIVER,14,8,1,167.907,247007d9-dfc4-42b4-a94d-2ece9676e06a
4645,2014,USF,MDF,NORTHERN ,1,1,1,117.4045,09e1326c-5f51-4952-841e-b6192899f87d
4646,2014,CCO,LAC,PINE ,10,7,1,117.0455,36f510f3-c7bd-4ec9-b012-b9a9425f63d2
4647,2014,FWS,KRR,CORCORAN,14,1,1,116.9587,0eb5624c-b3e4-4ae0-81a5-15382276a4db
4648,2014,CDF,BDU,BRIDGES,14,1,1,113.4199,ef14e100-f09f-49ec-9b46-4e7ffbacff15
4649,2014,CDF,MMU,HAIGH,5,1,1,111.3319,e8338b82-d6ad-4848-a7b5-d6c8d3f99e65
4650,2014,CDF,NEU,BREWER,10,1,1,104.1804,b55a216a-a16d-4da7-bea0-b76a2b0a9530
4651,2014,CDF,FKU,LAKE,14,1,1,102.4423,30d05b20-00bf-45db-9a3d-198b51459771
4652,2014,USF,MDF,LITTLE ,1,1,1,100.7245,4d3ff008-29fe-4aa2-96f8-fe4740a0437b
4653,2014,CDF,MMU,VALLEY,2,1,1,96.8939,e042bb43-7b17-49b1-a4c9-f3c2b4668df3
4654,2014,USF,ENF,IRENE,1,1,1,94.21658,57af1157-b835-4597-91ea-8a5a8ebf3414
4655,2014,BLM,BBD,BODIE,1,7,1,93.04613,acca4554-b282-4bf1-a57e-6cfa388d497c
4656,2014,CDF,LNU,SARATOGA,14,2,1,87.80218,bf066e18-b8d2-49f7-94e8-0accefb4ccfd
4657,2014,USF,TNF,HIRSCHDALE,9,1,1,81.86262,38e4646a-0e49-4774-a44e-c4f1ee6ae41d
4658,2014,USF,STF,MONTGOMERY,3,1,1,78.53194,c2f5fa39-c766-43f5-94ae-069341dcf772
4659,2014,CDF,RRU,SABINA,14,2,1,77.76864,0dcd5788-6138-43b8-b8dc-a2720a7359ec
4660,2014,CDF,MEU,NELSON,14,5,1,71.98068,988aa330-ecc8-4452-a8a9-1f938a6f1c01
4661,2014,USF,SQF,RANCH,9,8,1,69.25115,7f819215-564d-4337-ba44-5910de3717ad
4662,2014,CDF,LNU,NORMAN,14,2,1,68.17542,a01997c0-6241-4280-b6a4-517856128d12
4663,2014,USF,TNF,HARDING,1,1,1,63.1334,0e82167f-5db4-4033-9254-d01c4ff660ea
4664,2014,CDF,SHU,CASSEL,9,1,1,60.36771,2e171f3e-23f8-4481-a9ae-70e7383578cd
4665,2014,USF,MDF,LAKE,1,1,1,58.10084,41779376-2b69-45d1-857f-e6f0c8a7a713
4666,2014,USF,MDF,GULCH3,6,1,1,58.0403,e201cb89-0b20-4bb4-b09a-ca9bf4a2e604
4667,2014,CDF,BEU,SAN LUCAS,18,1,1,55.33626,10cdb744-3a96-4ea2-9953-464cf908dc2c
4668,2014,CDF,NEU,HUTTO,14,1,1,48.72859,0367640a-bb56-467f-a55f-87e4fef24d77
4669,2014,CDF,FKU,MORGAN,2,1,1,47.42393,553d2fba-b27d-422a-881e-9355f222c6cd
4670,2014,BLM,BBD,CONWAY,10,1,1,46.14301,28062300-bf26-49c3-8934-7f0836073c22
4671,2014,USF,INF,JUNE,2,3,1,45.36808,a1141362-10f0-47b0-ac7f-af666ef309c9
4672,2014,USF,MDF,HOWARDS,6,1,1,44.96093,f0a98dd9-ad97-4f7b-863b-dc44d6cd5fc9
4673,2014,CDF,RRU,BOGART,14,2,1,31.47281,d552727b-4b35-4f87-af78-61cda34bdd0b
4674,2014,USF,KNF,JACKSON,1,8,1,28.74288,b310f1ac-10fc-4b7d-a503-e3b93f9e9823
4675,2014,USF,PNF,CHANCE,1,4,1,28.6142,b464441a-bde6-4403-9bbb-ca380de2150e
4676,2014,CDF,LNU,ESPARTO,14,6,1,28.56152,a4f9a96b-4d98-407e-b954-a20cfa2fbbc9
4677,2014,CDF,MVU,JACUMBA,10,1,1,26.66445,55eb08f4-4b32-4c3f-bb92-48e75f41008a
4678,2014,CDF,MEU,SHIMMINS,2,5,1,26.36865,f64c6b21-ad94-4dc8-a3a7-4a44beaaa5db
4679,2014,USF,KNF,SUTCLIFFE,1,8,1,26.32586,93493fd5-e561-4e27-ad2b-5b75bc4cbac1
4680,2014,USF,INF,BALL MOUNTAIN,1,6,1,24.90845,3dfcfe43-549e-45cb-b982-e33184c3c7c1
4681,2014,CDF,MVU,WILDCAT_4,10,1,1,24.78455,e9fe5e55-6116-4bb0-8d64-dd77a2e9cdcc
4682,2014,CDF,HUU,HOUSE,7,1,1,24.68149,af91ef72-a023-44c3-acc7-7d700a3288eb
4683,2014,CDF,FKU,HALL,7,1,1,24.57085,d8de2fe9-ae38-487d-889d-62f3a4e2fefb
4684,2014,CDF,LNU,LAKEVIEW,14,6,1,24.13652,23db7be9-7d1d-4402-99d9-b911abc15263
4685,2014,BLM,CDD,BAILEY,10,1,1,23.44721,8cced52c-e4c6-4a1a-b64a-a63a57039a6c
4686,2014,CDF,SLU,TWITCHELL,11,1,1,21.94427,f4203412-5b5c-46f4-b87e-6eb94c24e695
4687,2014,USF,TMU,CASCADE,4,1,1,21.70495,9f3709b7-db3a-4c26-b400-688369bd5336
4688,2014,CDF,LNU,SHADY,14,5,1,21.58158,3f5dd2d0-0a4a-444d-a8dd-d7a9bd7c3108
4689,2014,BLM,CDD,SANDY VALLEY,14,1,1,21.24257,b0c8caa7-503e-41f9-91a7-0405e4d7696b
4690,2014,USF,TNF,ELEPHANT,1,1,1,21.23305,7469e3df-fa0c-4ace-ac9c-adc98cda4cbf
4691,2014,CDF,HUU,PECWAN,14,1,1,21.19531,383b7b82-5014-4b4e-b860-4f37c940056e
4692,2014,USF,SHF,RAYS,1,8,1,20.834,fe3c149f-c41e-4053-8bf1-fd5ba96f3e18
4693,2014,CDF,MEU,SPRING,14,5,1,20.75631,a2d88716-56cd-4a3a-b12c-3a855d87fc78
4694,2014,CDF,LNU,BOTTLE,14,2,1,20.53575,fa10a67e-4ecc-470d-96bf-aefdbeb137df
4695,2014,CDF,MEU,BLUE (ALK 4-3),1,5,1,20.26981,6e63ed84-152f-4fd3-8fb1-68b7fe62044a
4696,2014,CCO,VNC,BRISTOL,14,2,1,20.15676,4893c4f2-faae-4f7f-8380-da0876b51ee4
4697,2014,CDF,RRU,MORONGO,14,1,1,19.59998,66d768e9-4cfa-4800-ae3b-0fff6e445715
4698,2014,BLM,CDD,MINE,9,1,1,19.09398,f057374d-15f3-4144-b7fd-7f5115dfb755
4699,2014,NPS,YNP,CATHEDRAL,1,1,,19.05804,7808db74-efab-4ff8-bc5d-8d9d2ec2cf95
4700,2014,CDF,BDU,KEOUGH,14,1,1,18.15949,ec39e57a-b4d1-4590-8f55-b2178ffd79ab
4701,2014,USF,CNF,VIEWPOINT,9,1,1,17.46472,002b92de-b58c-4cba-8194-2553062a20a9
4702,2014,CDF,HUU,BRIDGE,11,1,1,17.42052,f48e0c70-c24b-401a-a627-772275c5e262
4703,2014,USF,SHF,LAKIN,1,1,1,17.33459,5cf222db-90de-459d-874c-9d8486646baa
4704,2014,FWS,SWR,AFTON,14,1,1,17.01346,57eca8b6-51d2-4054-b78c-5d21cc941e88
4705,2014,USF,KNF,LEEF,1,8,1,16.63961,fc08b7aa-eb8f-4d1f-9f6c-acf74f821255
4706,2014,USF,KNF,THOMPSON,1,8,1,16.55262,374530ac-a5d1-4bed-b24a-d2bff782c1f1
4707,2014,CDF,NEU,BREWER,14,1,1,16.12219,41efab90-acc4-4a8c-aa5b-3ab0f357ae59
4708,2014,USF,KNF,RIVER,9,1,1,16.00105,aed15c17-5776-4b16-8e03-bb2ced09115b
4709,2014,USF,MDF,MUD ,1,1,1,14.85617,d32a628a-2d76-4f5f-9941-bdebca77ad7f
4710,2014,USF,MDF,GULCH4,6,1,1,14.74375,b7027525-3be7-4b91-b302-ca79707ee13a
4711,2014,USF,SHF,WEST,9,8,1,14.30474,5226f165-cbd1-44e1-b1a7-a97d2200d401
4712,2014,CDF,NEU,IOWA,9,1,1,14.22953,0454fe9e-535d-4f7f-ae66-79450f9a5a71
4713,2014,NPS,KNP,KERN,1,1,,14.00865,7a16c29d-3f73-4f9b-92db-1a5258513446
4714,2014,USF,SNF,BALD ROCK,9,1,1,13.86587,72b8abc2-ab5d-4ee3-9904-13a7fc85d403
4715,2014,CDF,MEU,PIETA,9,5,1,13.59727,86387e71-6e52-46dd-8a99-108628636594
4716,2014,USF,SHF,DEER,1,8,1,13.46691,e1e4037f-9704-4d28-b16a-5e7914c1f315
4717,2014,CDF,RRU,SANTA,10,1,1,13.35748,dfc942b5-29d7-4368-85f0-1aeaefbe662d
4718,2014,USF,KNF,TIMS,1,8,1,13.16799,2fa9efeb-c192-4ca4-8834-0570f994caf2
4719,2014,CCO,VNC,FOOTHILL,14,8,1,12.6179,18807578-56f4-4180-af73-7fcde4a5f71c
4720,2014,FWS,LKR,LOWER,2,1,1,12.56239,1e3bca1c-f2ce-418d-92ee-86f9f6877573
4721,2014,CDF,FKU,SYCAMORE,14,1,1,12.41273,3c0a83a6-49db-4a71-b8c4-c2b6cf20a852
4722,2014,USF,TNF,WALKER,9,1,1,12.36422,eef59b9a-5387-4457-952e-a43b0c9fc530
4723,2014,CCO,KRN,COPUS,14,2,1,12.18606,3704dd9f-1c50-4413-bb58-098368768e39
4724,2014,CDF,MVU,BORDER_8,9,1,1,12.00289,015bdebb-0e74-49f8-b66b-25d36db0aa9e
4725,2014,USF,KNF,ETHEL,1,6,1,11.61994,50261fe9-129a-4a6b-8561-58915d66cdd8
4726,2014,NPS,BNP,CALDWELL,1,1,,11.16308,d809d073-b684-453b-957e-8c3ec0151455
4727,2014,CDF,LNU,PUTAH,14,5,1,11.1012,d7a6bfe0-66ca-4c0e-8659-db48c19b1d17
4728,2014,USF,BDF,EAGLE CANYON,4,4,1,10.99211,ff09b316-2b64-4d51-bcd5-80eb69bc14b7
4729,2014,CDF,NEU,REEDY,5,4,1,10.98303,ad83296a-f7a8-4668-a687-9cd84c8aa448
4730,2014,USF,SHF,SODA,5,1,1,10.93429,d8c25438-5cf4-44b2-b652-22a3cd6ee9ed
4731,2014,CDF,SLU,INDIANA,4,1,1,10.2269,ddfc6e45-d08d-4838-b970-418f7ce3ca8b
4732,2014,NPS,YNP,STARR KING,1,1,,10.18724,934bcc24-9749-4e1f-a015-9b9a36863526
4733,2014,CDF,HUU,MCLELLON,14,1,1,10.14866,27de0685-6e54-4cb2-8210-576112911de3
4734,2014,CDF,RRU,GILLETTE,14,1,1,10.03415,0ee00c7c-aaa1-4e9b-a0c7-1fb08309e58f
4735,2014,CDF,NEU,MONUMENT,14,1,,9.813629,67c1edb3-adae-4534-8599-ef500a7837dd
4736,2014,CDF,NEU,PERIMERTER,5,1,1,9.584886,b5330383-d039-4cec-a263-42aa479c885c
4737,2014,BLM,CDD,CONTOUR,9,1,1,9.497061,87869fc5-5a72-414a-b68b-948245b153ed
4738,2014,CCO,VNC,BRIGGS,14,8,1,8.932433,ff52385e-e4ce-4589-93cd-dee54c1b002a
4739,2014,NPS,KNP,LOWER TENT MDW,4,1,,7.994719,c44560c4-be8a-4fa0-86d2-0dbaaefbf742
4740,2014,CDF,NEU,PFE,7,1,1,7.30496,fc98d08a-fc4c-4892-b909-4f30b0930818
4741,2014,NPS,KNP,REDWOOD,1,1,,5.530351,04dae0d8-de20-4101-92d4-771aaf0cf58b
4742,2014,NPS,YNP,MORRISON,1,1,,5.013685,87ee5b02-b89c-4abc-b274-e495cb727d68
4743,2014,NPS,YNP,LEMBERT,1,1,,4.443912,bc5aa3bc-027a-4199-9aec-554881f9884e
4744,2014,NPS,YNP,FIREPLACE,14,1,,3.555444,40db5ca2-80bf-4515-8bcc-86b2361b1fe5
4745,2014,NPS,YNP,WOODLOT,1,1,,3.254877,e45b3651-99c7-43f6-826d-aa5413ac70f2
4746,2014,NPS,SMP,PALISADES,14,8,,3.024885,3a8af085-0ff9-42ff-8adf-e8c94dc2677a
4747,2014,NPS,SMP,SKYVIEW,14,8,,2.978585,2b13f07d-0385-4c9e-aa72-b3e45b7a2443
4748,2014,NPS,SMP,SHERWOOD,14,8,,2.978062,cafc02bb-d624-4192-beaf-6b4a43cd7b1a
4749,2014,CCO,VNC,STAFFORD,14,8,1,2.321082,50f7794e-3695-4c54-8f49-796968c49c23
4750,2014,NPS,YNP,CRANE,1,1,,2.27048,b3391501-b8ad-4ebc-be27-54a8223c0a89
4751,2014,NPS,YNP,HAZEL,1,1,,2.074681,3075d55e-026a-4fc9-b4bd-e2ac775e497b
4752,2014,CCO,VNC,SHERWOOD,14,1,1,1.993543,f2f323bc-ba77-4d3f-b5fa-77c19a9679be
4753,2014,NPS,YNP,RANCHERIA,1,1,,1.597328,2dc8bb04-6308-4f47-9a13-5f2073219b14
4754,2014,NPS,YNP,WAPAMA,1,1,,1.468078,e399fa49-6100-4a67-b769-9bca26fb627d
4755,2014,NPS,YNP,ELBOW,1,1,,1.007481,fd311f99-c459-4119-a9b8-1dbc80cc0703
4756,2014,NPS,YNP,DOUBLE ROCK,1,1,,1.007334,1ed6698d-c8a6-45fb-851b-2198eb93b0b7
4757,2014,NPS,SMP,PIUMA,14,8,,0.7918415,87bc1b96-3840-4368-864e-d308474e17c4
4758,2014,NPS,KNP,BUBBS CREEK,4,1,,0.5039232,fa0d2e31-99ff-4ad6-ba0d-3ba084ffa330
4759,2014,NPS,RWP,ENDERTS,4,1,,0.4986373,44d6a610-ee6f-4f68-b8be-ab0ea76e6b80
4760,2014,NPS,SMP,RAMBLA,8,8,,0.4828423,cd503d4c-6429-4271-bac9-2329ad28d746
4761,2014,NPS,SMP,TYLER,4,8,,0.4828208,5d5ff987-0ecc-4b54-84b3-be15f91aa482
4762,2014,NPS,YNP,MOSQUITO,14,1,,0.4028311,fcdf7f24-7b7a-415e-8cae-d5a5093dfd90
4763,2014,NPS,SMP,VIRGENES,14,8,,0.2957758,adb3a6c1-2e63-4df2-8da3-d301edda13cc
4764,2014,NPS,SMP,WINERY,14,8,,0.250273,7b201f94-1496-4ad3-901d-2ab55312ce2a
4765,2014,NPS,YNP,WAWONA,14,1,,0.2482768,f5ec09ca-1aea-4218-b3f1-2efbd6feb3b4
4766,2014,NPS,YNP,MCSWAIN,1,1,,0.2482686,7d27af2c-17e9-4470-9e57-f7596ca17832
4767,2014,NPS,YNP,JACK,14,1,,0.248253,4b78781f-b6d5-49b3-b30b-207d9e37a823
4768,2014,NPS,YNP,DEEP,1,1,,0.2482518,4c0dc4c3-8f3a-4ffd-a931-3d17436e2f9c
4769,2014,NPS,KNP,CENTER PEAK,1,1,,0.2108697,78efdf20-202b-40b7-a129-511f91928ce1
4770,2014,NPS,SMP,CALABASAS,14,8,,0.1977677,c461910b-3641-41d2-92ea-d8792a6cb28e
4771,2014,NPS,SMP,OCEAN VIEW,2,8,,0.1977541,3bd43d36-9928-416f-a751-9d14dc4a285b
4772,2014,CCO,VNC,TELEGRAPH,14,1,1,0.115544,2c38bc81-b859-4f63-beb5-d6c834495a8a
4773,2014,NPS,YNP,POTTER,4,1,,0.1008303,146a405b-0346-4067-8136-cd2650359ee2
4774,2014,NPS,YNP,LYELL,4,1,,0.1008292,df42c19e-5b18-4fb2-96e9-da836455e15c
4775,2014,NPS,YNP,TRIPEL,14,1,,0.1008282,00fa4f43-bf18-474a-89a2-a0dcd7d9acfd
4776,2014,NPS,YNP,EVELYN,1,1,,0.1008261,4f9b97d3-3dbd-4a73-97fa-cc6967b99eec
4777,2014,NPS,YNP,GAYLOR,4,1,,0.100825,80b59e03-cf57-4437-8f39-859476f02a25
4778,2014,NPS,YNP,MORAINE,1,1,,0.1008221,754a218e-689c-4c0a-9dee-632d1fb1f396
4779,2014,NPS,YNP,RED,1,1,,0.1008187,788cde92-5613-4d2b-9995-7c596b537e04
4780,2014,NPS,YNP,BUCK,1,1,,0.1008167,d96c539e-ece8-4501-97f5-714e8d5f4f76
4781,2014,NPS,YNP,ILLILOUETTE,4,1,,0.100816,32b261e5-7f45-41c1-8a89-c1f524a2a3c6
4782,2014,NPS,YNP,OTTOWAY,1,1,,0.1008155,134b7bcc-c1db-4ae8-a7c5-547ebaf0ffbd
4783,2014,NPS,YNP,ROYAL,1,1,,0.100814,e00b46de-5466-4bf4-a1f0-422c37d81a56
4784,2014,NPS,YNP,HOOVER,1,1,,0.100814,5febc786-d898-4393-95fc-a301db8efc61
4785,2014,NPS,YNP,MINNOW,14,1,,0.1008132,c493e277-2d25-4723-81a2-874f672b4d3e
4786,2014,NPS,YNP,BUENA VISTA,4,1,,0.1008122,9503b012-2f8a-48fb-bcba-b1017041c0c3
4787,2014,NPS,YNP,PORCUPINE,14,1,,0.1008059,76704677-0403-4858-b735-de35e9df8e44
4788,2014,NPS,YNP,NORTH,4,1,,0.1008057,c25aef2c-9568-4d6d-b128-e770a9c866a6
4789,2014,NPS,YNP,COYOTE,1,1,,0.1008057,3ed92f8d-a889-43c2-9c6a-1316515f76e0
4790,2014,NPS,YNP,CARABINER,3,1,,0.1008057,6fc502da-e753-47b1-9fd9-4a3b94030a28
4791,2014,NPS,YNP,POINT,3,1,,0.1008025,ccc6d45a-68f5-45bf-b6c7-5320e8f1f6f4
4792,2014,NPS,YNP,CASTLE,14,1,,0.1008023,efe3e4e4-dc80-4cbd-a805-fe745725f010
4793,2014,NPS,YNP,MCGURK,1,1,,0.1008011,8a138d49-69a7-4017-9ac4-88333a31f8a3
4794,2014,NPS,YNP,CREEK,1,1,,0.100801,3d9740a0-76ca-43d7-8713-986394fb1a9a
4795,2014,NPS,YNP,CAMPGROUND,1,1,,0.1008004,09d80f38-3aa0-4549-b8a5-82807b597bee
4796,2014,NPS,YNP,CHILNUALNA,14,1,,0.1007996,14eecb80-6e00-4142-84a3-9f717f0e5241
4797,2014,NPS,YNP,EL CAP,14,1,,0.1007993,77a3c398-4890-4299-877d-99ce42b57890
4798,2014,NPS,YNP,GRANITE,1,1,,0.1007993,4c0598c1-999e-4a61-ae59-355510e67f66
4799,2014,NPS,YNP,LUKENS,1,1,,0.1007975,ff8b75dc-04ab-4c02-8043-422ad6628c37
4800,2014,NPS,YNP,LUKENS NORTH,4,1,,0.1007969,6a0c4640-e9de-40bb-ae72-0b2901200a47
4801,2014,NPS,YNP,WOLF,1,1,,0.100795,393e781e-5dba-4ebb-b9ab-45a83b62bf03
4802,2014,NPS,YNP,SNOW,1,1,,0.1007903,f3daf24c-66cf-4538-843c-ac10b272ad93
4803,2014,NPS,YNP,SMOKEY,1,1,,0.1007886,3161db09-0750-4018-ac16-613e2b8ebca2
4804,2014,NPS,YNP,TAMARACK,4,1,,0.1007861,ee136a5a-ed7d-495a-b502-9c9a8415bd42
4805,2014,NPS,YNP,ASPEN,1,1,,0.1007821,170e8cab-67dd-4c03-b78f-0609978dc797
4806,2014,NPS,YNP,GIBSON,1,1,,0.1007801,38943233-573d-4b81-bab0-4bca926dc606
4807,2014,NPS,YNP,FALLS,1,1,,0.1007795,ac57a49a-9865-44e9-9b23-e212cb336721
4808,2014,NPS,YNP,LOOKOUT,1,1,,0.1007689,f1305c88-55b1-4933-a915-531bee5c6980
4809,2014,NPS,YNP,ELEANOR,1,1,,0.1007651,2f42a8fa-6edd-4052-be1a-5cef47cf9513
4810,2014,NPS,SMP,VIEW RIDGE,14,8,,0.09348149,eb6f1c03-9406-4186-afd0-7161e203d121
4811,2014,NPS,SMP,LEONARDO,14,8,,0.09348052,9cf9042d-79a3-45d0-a3c3-719d7e063193
4812,2014,NPS,SMP,TAPIA,14,8,,0.09347441,217b8aa6-d688-4384-866b-7f16fbb98208
4813,2014,NPS,SMP,MURPHY,14,8,,0.09346852,618ad136-c16b-458a-a00a-900cb15d1e40
4814,2014,NPS,SMP,HIGHLAND,10,8,,0.09346706,4bfcea7c-c0e3-4fe7-b774-94cf06d2ca85
4815,2014,NPS,SMP,TRANCAS,11,8,,0.09346442,1a8620f1-38bf-4e31-8a16-15bcefcd10b2
4816,2014,NPS,SMP,ENCINAL,11,8,,0.09346381,013c6b58-c382-4986-b082-5d2ae74f4d54
4817,2013,USF,STF,RIM,4,7,1,256175.5,9de7556d-4d8f-4367-adb4-4217362aecae
4818,2013,USF,ANF,POWERHOUSE,9,1,1,30267.69,4d566389-8cad-4ae6-a40f-16c6def83ccf
4819,2013,CDF,BDF,MOUNTAIN,9,7,1,27523.67,62e83bdb-b29d-4115-8578-362995e7f4fb
4820,2013,USF,TNF,AMERICAN,9,7,1,27430.52,a90e1cde-96d4-414d-a907-325cca2589ad
4821,2013,CCO,VNC,SPRINGS,14,7,1,23676.66,42039ca9-8b1f-4b39-b094-16ea58b65328
4822,2013,USF,SNF,ASPEN,1,2,1,22937.52,ea42ce45-1ebf-49dc-933a-5a88ac78c1a7
4823,2013,USF,SRF,BUTLER,7,3,1,22444.86,41808f23-5eed-4e4b-bca8-a1045e7eb88e
4824,2013,CDF,RRU,SILVER,14,7,1,20308.45,b597bc95-f1c5-424b-a433-b38c0c4b33fd
4825,2013,USF,KNF,SALMON COMPLEX,7,7,1,14785.88,9febcdde-0820-496a-87ce-5a597206c0a2
4826,2013,USF,HTF,SPRING PEAK,1,8,1,14267.09,9282f40c-8095-4c22-ab05-e44a8eb722ed
4827,2013,USF,SRF,CORRAL,1,3,1,12541.42,46253bc2-0d3c-4ff1-a99a-eb7477b33afc
4828,2013,CDF,TGU,DEER,9,7,1,11428.75,c6500508-ec63-4ef0-9fd8-b3e4f109ff99
4829,2013,CDF,SHU,CLOVER,7,7,1,8075.774,0da95ae8-c7ca-448b-bfd2-df454bc9b7bc
4830,2013,CDF,MVU,CHARIOT,14,1,1,7084.673,1e5977a7-f472-46da-b220-1b2c20dd25a2
4831,2013,CDF,BTU,PANTHER,9,2,1,6896.198,be6feab3-4121-4006-aada-c9cd8688cea6
4832,2013,BLM,CCD,RED ROCK,14,2,1,5365.245,44c47bda-847a-49b5-b1bd-f31755774b0f
4833,2013,CCO,KRN,GRAND,14,1,1,4345.26,9e4eaba8-9475-4278-9d91-605d79f404cf
4834,2013,USF,BDF,HATHAWAY,4,7,1,3779.732,5b6df8ef-542b-4d6f-9c5d-dba62d88d334
4835,2013,CDF,LNU,MCCABE,14,2,1,3506.425,97073fad-c44d-45fd-a8b2-dedeefeed6c5
4836,2013,CDF,RRU,SUMMIT,14,2,1,3166.079,9678c145-3768-4374-b431-75cd99298cb2
4837,2013,CDF,SCU,MORGAN,9,1,1,3107.727,62f88d59-0893-49f6-b7ef-a81e2e2526a3
4838,2013,CDF,MVU,FELIPE,18,1,1,2780.291,3acb91b1-d61a-4140-9559-4feea2b4ad5f
4839,2013,CDF,BTU,SWEDES,2,1,1,2462.24,5cad28df-00a2-44ce-809e-4cea4ecf9391
4840,2013,DOD,MCP,DELUZ,14,8,1,2229.46,d7e24a4f-7e86-4a39-a8c6-e4b79adf94c2
4841,2013,USF,SQF,FISH,1,3,1,2049.495,52abe4c6-99cc-44c9-8f78-40afae78d5be
4842,2013,USF,LPF,WHITE,4,8,1,1912.05,568ae70e-72a1-44ec-8e8d-ed68721ba636
4843,2013,USF,SNF,CARSTENS,4,8,1,1707.613,986a1f84-a397-4a57-945c-e1e523dcb47c
4844,2013,USF,CNF,FALLS,9,2,1,1384.327,241393b3-dc11-4e04-82ab-2f419bb9e184
4845,2013,CDF,MVU,GENERAL,9,1,1,1270.866,b5fb5443-f615-4ff3-acd6-6e3a7143dd68
4846,2013,USF,STF,POWER,4,7,1,1075.877,c9c5e0a6-4636-4e75-acdb-4b0bfd4abc69
4847,2013,USF,LPF,PFEIFFER,9,6,1,913.963,29e009be-c48c-4dd2-8484-d21e8073abcd
4848,2013,CCO,KRN,RANCHO,3,1,1,712.046,896fed41-5678-4d78-99a6-2425fe384677
4849,2013,NPS,KNP,WINDY PEAK,1,1,1,681.3786,badd0255-3a30-4b4d-ba0f-5ada8bc54830
4850,2013,CCO,LAC,LAKE,3,7,1,659.6399,da3eb103-13a9-4fa0-b9f6-277751bc65d1
4851,2013,CCO,KRN,WATER,14,1,1,612.6207,49992bbd-8591-4baa-aa69-9c913bcd7c93
4852,2013,USF,SRF,DANCE,7,1,1,576.6869,d2bf3351-ecb4-4d7e-a6cc-78599d6a48a9
4853,2013,USF,ENF,KYBURZ,9,2,1,570.8655,15568e0b-d500-46f2-b790-ba5f449aac24
4854,2013,CDF,BDU,MILL,7,2,1,534.2628,01046129-9637-4635-aa1f-5253e7c1604e
4855,2013,CDF,BDF,GORGONIO,14,7,1,510.2238,25c11949-9af7-4501-be07-99c1716ab80c
4856,2013,USF,LPF,BRANCH,9,6,1,489.5211,ccd238b6-fe52-4c5a-837c-a6a71c6fa367
4857,2013,CDF,MMU,ROLLING,10,1,1,481.9571,c0733367-128c-4be4-a869-17df72a3923e
4858,2013,CDF,SCU,KIRKER,11,1,1,478.0438,f83611ff-9eac-426e-9ef4-cfdcb9700278
4859,2013,USF,SQF,RIVER,9,8,1,439.6849,e811dcd7-59f9-491e-8a84-cc4e6620231a
4860,2013,FWS,LUR,FREMONT,14,1,,431.1986,f68fcebd-2745-460b-a60b-f1115750a481
4861,2013,USF,SQF,TENANT,1,3,1,411.8869,ce5ead21-6365-4852-89ae-8ddb1a6a21aa
4862,2013,CDF,BDU,RIVER,14,2,1,406.8415,5bd4e279-fd95-4d73-ae3a-c5461c121f9b
4863,2013,USF,BDF,GOBBLERS,1,2,1,406.6946,646f791f-a574-43c5-9134-eea18914c26b
4864,2013,USF,SQF,SHIRLEY,1,3,1,378.6183,9ae52a53-db6a-4289-8b5f-03380dfe4caf
4865,2013,LRA,RRU,JURUPA,14,1,1,362.2378,75540ec9-7ca7-4acd-8ab2-4627b7e5a836
4866,2013,CDF,BEU,TRES PINOS,2,2,1,353.4941,4b4772a7-512f-4e94-b4b4-f89e4c501551
4867,2013,USF,PNF,RIDGE/HEIGHTS,1,3,1,335.9537,8177b1e6-7f72-4f25-a5fb-c2717e4d3e71
4868,2013,CDF,MVU,BORDER2,14,6,1,325.2898,5f778782-094c-4c14-b181-e62979161e75
4869,2013,CDF,LNU,BECKS,5,5,1,318.5916,6ea071d8-feed-41eb-9bab-9ae40c571c52
4870,2013,USF,MNF,HIGH GLADE,2,7,1,304.9261,8b2b15ab-4790-44c4-9cc1-0607fbd4207d
4871,2013,CDF,LNU,PUTAH,14,1,1,303.9268,7ec971ad-5199-4ae3-9b95-fd710087a78b
4872,2013,CDF,BTU,SUMMIT,9,1,1,268.4904,9aee3aee-067a-49f0-8e01-d56093f67741
4873,2013,USF,CNF,LYON,9,1,1,263.2317,7684959d-803a-4c86-bd3a-b5136fb44a00
4874,2013,BLM,CDD,HIGHLINE,1,1,1,261.724,bcabbab4-16ce-4dac-a5f5-bb24a4c54b1a
4875,2013,CDF,NEU,GRASS VALLEY,14,6,1,254.6736,e1f0da1b-ca7f-4d11-be52-c1638d5e5cb4
4876,2013,USF,ANF,SHARP,7,7,1,245.4933,6a5fb9e6-85b7-4638-8417-9025fa98af34
4877,2013,CDF,TCU,SHELTON,2,2,1,236.6837,adbf4c56-706a-4963-9074-cb881c14a619
4878,2013,USF,MNF,DAVES,1,7,1,225.7149,a049bc8f-6403-4837-81a0-fddb081dd09e
4879,2013,LRA,BTU,LONE,2,1,1,224.9926,2bf69389-768a-429d-80c5-931b72ab8851
4880,2013,USF,LPF,TASSAJARA,4,6,1,212.4645,62b83f53-db81-4f6c-8c44-6f7bc32b2bfe
4881,2013,CCO,LAC,MADRE,5,7,1,209.502,2c232b04-c8bb-422f-942f-a0d5e6322c68
4882,2013,CDF,TGU,306,5,2,1,208.3874,0069d495-1329-443e-8215-7e191e269d3e
4883,2013,USF,ANF,BEE,9,1,1,206.0807,6bb83adb-5b61-439e-a77e-0ecbc8ae2eda
4884,2013,NPS,YNP,FORBIDDEN,1,1,1,198.145,d963ac85-5c82-49e7-8736-620207d5e7dc
4885,2013,CDF,MEU,FOSTER,5,7,1,187.4242,22f1dd05-e1ea-489b-9a32-f2e0f2a09bc2
4886,2013,CDF,LNU,SILVERADO_2,14,1,1,187.2553,9c5a5867-e2b2-4394-8746-6b330073880f
4887,2013,CDF,MMU,GOLD,14,1,1,183.6424,8143803c-a073-4242-af8f-f02d308b1f85
4888,2013,CDF,SHU,WARNER 1-1,1,1,1,182.4396,121ba2a5-1ef2-43fd-92ac-d74d83c247ca
4889,2013,LRA,NEU,PFE,14,6,1,179.7226,ca9cd2a2-ec71-4c27-b54b-5fac6a894c95
4890,2013,USF,SQF,ANGORA,1,3,1,179.3931,ea3ad2a2-ea10-4052-aa97-2b6259344ed6
4891,2013,CDF,LNU,LAKEVILLE,2,2,1,177.8443,4e6e0195-1210-4c4d-bffc-9960bf4058d9
4892,2013,CDF,RRU,REDLANDS,14,7,1,168.0977,70ad6ffa-8018-43e7-b7f2-30c94125b807
4893,2013,CDF,MVU,OTAY,14,1,1,164.2063,34fbe6bb-123a-4ffe-bbac-98e1805ca5f8
4894,2013,NPS,SMP,OLD,10,1,1,161.9402,cef0e04c-66e7-4ef2-a148-ca160bfdabd9
4895,2013,CDF,LNU,CRANE,14,2,1,158.9431,1b038c03-6b13-4321-9744-786feaa936d8
4896,2013,CDF,TCU,MURPHY,14,1,1,154.3738,1202006f-4b63-4500-8796-5d0fffff8e6f
4897,2013,CCO,VNC,GOODENOUGH,11,7,1,145.2335,581f5c00-59f4-4ec6-ae42-8b3f9143d61a
4898,2013,CCO,LAC,MAGIC,2,1,1,145.1069,71497d7c-1bab-4c18-b759-4a8042b56596
4899,2013,USF,CNF,PEUTZ,9,7,1,139.3611,1185b7e8-a79d-45a8-a151-7f3594d280ec
4900,2013,CDF,LNU,CANTWELL,10,2,1,132.2902,80286988-a740-44a9-a013-af78a8d48eac
4901,2013,CDF,RRU,SMILEY,9,5,1,126.6421,1bd74b57-3173-4a00-8a4a-e0ea43124578
4902,2013,USF,BDF,SIERRA,9,7,1,123.3818,85db5504-f24b-4c82-9a2e-4861d64896d8
4903,2013,CDF,FKU,GEORGE,14,1,1,117.7576,6a39984b-cf77-4116-acce-e8054f137ea2
4904,2013,CDF,NEU,BEALE,14,6,1,109.2949,ac1870b0-bfe4-46b2-a414-cfd0a5dcbfab
4905,2013,CDF,BEU,FREEMAN,10,7,1,105.2913,7c07b9bf-78b6-4e12-8138-b2a08376d5b5
4906,2013,CDF,FKU,RUTH HILL,14,1,1,101.2849,0f7e8e87-ac29-42db-b84c-1f54ad508bce
4907,2013,LRA,TGU,SALE,8,7,1,100.1428,7272947a-028d-4abb-b789-5ccb415fe75c
4908,2013,CDF,LNU,HIGHLAND,14,2,1,98.82275,d4cf3417-1512-4cf2-8958-85f361c6e339
4909,2013,USF,BDF,CLEGHORN,2,6,1,98.36967,14d033e7-fafc-42f7-9283-b6fe445ede95
4910,2013,USF,MDF,DAVIS,9,1,1,97.09415,28a662b5-95e4-4a7f-b75a-2713a5146678
4911,2013,USF,BDF,LITTLE,9,1,1,95.79614,ec05004e-8904-41af-8f19-68860c253926
4912,2013,CDF,SLU,CREEK,11,1,1,94.40611,baeb1654-1341-49ce-9fe2-913b4f010d8b
4913,2013,CDF,BEU,PINNACLES,10,5,1,92.91267,4132c045-3b4f-46e9-8f93-3f0b60ae7a26
4914,2013,USF,PNF,JOHNSON,1,8,1,90.90901,2ca1c48e-512c-4c2c-b797-780cd66816a5
4915,2013,CDF,RRU,WATER,9,1,1,89.7011,ec42149a-0ae8-4089-b6b5-eeccf0827bce
4916,2013,CDF,MEU,RETECH,5,1,1,84.23232,b356e30d-a8b1-4256-9866-ffd85cbaac5d
4917,2013,CDF,LNU,YELLOW,11,1,1,83.76048,4091dc56-3484-46e6-b0b5-c118d540c7f1
4918,2013,USF,LNF,MURKEN,1,1,1,78.94888,e5025283-d1fc-4a5b-8ca6-717a1d18a285
4919,2013,BLM,CDD,BACKUS,9,1,1,77.83089,b202e8c1-c13d-44ed-b6eb-32a6bd42e4b7
4920,2013,USF,BDF,LYTLE,2,8,1,76.87362,53007edc-2806-4097-9058-8a21ec0cb508
4921,2013,LRA,RRU,LIVE OAK,14,1,1,72.77747,86aae886-c39b-4627-97f7-7da96a82233b
4922,2013,CDF,NEU,MCGANNEY,14,1,1,72.70832,0bb9c4bb-e0c5-4995-8335-d8c3aa702d58
4923,2013,BLM,CCD,ELKHORN,14,1,1,71.47372,8a014eca-c488-4a1d-bdf0-dbd84e0bf5ad
4924,2013,CDF,BTU,BRANCH,9,6,1,69.25648,1a9f4ec0-b47c-4ff7-bfc7-50bc1ffb0c4b
4925,2013,CDF,BTU,CEDAR,18,1,1,68.20666,ba548674-aa55-42f8-bcfe-1da39bbe7558
4926,2013,USF,MDF,RAIL,2,1,1,67.92242,21ee46e3-6a9e-4215-bc8b-165d1c72b411
4927,2013,CDF,RRU,RELAY,14,1,1,67.45936,baf7fdbc-399a-4a69-8f56-56a725ced171
4928,2013,CDF,NEU,SPENCEVILLE,14,1,1,65.92692,8d954644-3ef5-46f5-89d9-a5ad3f79f6da
4929,2013,BLM,NOD,CLARKS,1,1,1,65.45874,24f6df11-5462-4406-a554-6bbb589534c5
4930,2013,CDF,LNU,DOUBLE,10,2,1,64.27366,a9ad36e3-0fe7-469a-b1c8-c511e05b5090
4931,2013,USF,SQF,BALD,9,6,1,63.62325,c2d4d4a4-12a5-454f-9044-ed99c55201c1
4932,2013,NPS,KNP,CHAGOOPA,1,6,1,62.14532,b89494c9-89f1-462a-828a-27c26378e232
4933,2013,CDF,MVU,BORDER,7,7,1,61.55982,17879b2a-eea8-48a2-8f70-6b03401ae682
4934,2013,USF,SRF,GREEN,1,1,1,61.28841,fd05d56d-3699-4be3-b48b-fc9e349bc41e
4935,2013,CDF,SLU,ADELAIDA,14,1,1,60.89512,fd022a12-0982-4db9-9d9f-de0c3546b574
4936,2013,LRA,LNU,SILVERADO,5,1,1,60.21228,0cd0da20-4828-453e-81d3-f849e96d1827
4937,2013,USF,BDF,TRAM,2,6,1,59.22004,7c813079-1a6f-4770-ae7c-fdea2cd3b043
4938,2013,CDF,MVU,VALLEY 2,14,1,1,58.84497,0e8d6c6b-87f1-44f3-9133-190db28dad92
4939,2013,LRA,NEU,NICOLAUS WESTLAND,2,1,1,58.55238,44a2afe9-4f03-4c59-9b1d-02494dbcc3b3
4940,2013,CDF,BTU,CENTERVILLE,9,1,1,54.39125,8a48d79f-70d9-4a8e-bbe7-83faedc28299
4941,2013,USF,MDF,WHITTEMORE,1,1,1,51.76894,10eb7581-a0be-4b76-90e3-a4526c9105a5
4942,2013,CDF,SLU,TORO,2,1,1,51.07315,10f4206b-4217-437e-84d2-c1d4dd1ead43
4943,2013,USF,LPF,ROCK,9,8,1,50.99357,c7271711-7387-4ed2-b165-89b9d22252fa
4944,2013,CDF,TCU,CLEMENTS,2,1,1,50.12178,4879aaa8-5e02-45b3-b728-8130a07ecb18
4945,2013,CDF,SKU,COTTONWOOD,2,1,1,49.51719,a954a4af-7686-495a-9269-9be6e3dace8d
4946,2013,USF,ANF,HIGHWAY,10,1,1,49.12442,a7b6661e-d47d-4796-9b1b-2ee0169cf0aa
4947,2013,NPS,KNP,HOCKETT,1,1,1,48.82448,933ea88b-598d-4b75-8d8c-4e38d61359f3
4948,2013,CDF,NEU,TYLER,14,1,1,47.90649,45e92443-d8b6-4042-b7d9-0080511c1643
4949,2013,CDF,TCU,BRIDGE,14,1,1,46.3307,ebb2ddfc-865c-49ad-ab55-9016c67b35ec
4950,2013,CDF,FKU,SIERRA,2,1,1,45.56087,e423438d-377c-4fe8-b3dd-6f4457a46263
4951,2013,CCO,VNC,HAPPY CAMP,11,1,1,44.73134,dc936274-cb65-4df6-9d3b-567c2c42d30f
4952,2013,CDF,SKU,TROUT,1,1,1,44.57877,ab817ede-f89e-4ec4-a691-fbf57b7ee3f7
4953,2013,FWS,TNR,MIGUEL,14,1,,44.05412,21280a42-4383-47cf-8825-aa1b996101cb
4954,2013,CDF,MEU,PRATT,10,5,1,41.20865,53714f9e-741f-47ef-8306-9f4d287725cf
4955,2013,CDF,NEU,DOOLITTLE,9,1,1,40.9242,e1a79c1f-ea66-4baf-baeb-1bdd9d7c4b2f
4956,2013,LRA,RRU,HEACOCK,14,5,1,40.5702,4a6c34f9-252e-4bb3-8d58-1e199e279704
4957,2013,CDF,RRU,VIPER,9,4,1,40.46907,06ad6aa7-085b-4ad6-b279-391d8ebdaf5b
4958,2013,CDF,FKU,WOLF,10,1,1,40.36841,400b75c4-01e0-4f77-b51b-5cc61b3e87cf
4959,2013,USF,PNF,FLEA,1,1,1,39.54399,b2cd0063-9c16-4c15-a591-53da19bf558d
4960,2013,USF,SNF,CHIQUITO,9,1,1,39.52785,6e6d41db-b8d2-4176-a97d-d57cc15d88ee
4961,2013,LRA,LAC,MAY,14,1,1,39.12205,51f3f240-0c47-4489-ab32-2e7847110994
4962,2013,LRA,VNC,HIDDEN,7,1,1,37.86338,24f45b2e-ee7e-4e19-a56d-777c04fa4e47
4963,2013,CDF,HUU,COOSKIE,4,1,1,36.49929,da2130e0-db15-42b0-bdba-bcca6162e4be
4964,2013,CDF,LNU,INDIAN,14,2,1,35.77302,78241925-afbf-430d-8b3b-63004751ce32
4965,2013,CDF,LNU,MOUNT,2,2,1,35.05123,3bab9c91-3c80-4d9c-a670-471d8fe6972a
4966,2013,LRA,NEU,NELSON,2,1,1,33.0784,bc680a4a-aeb1-45d2-8d0d-85e3625c2284
4967,2013,CDF,SLU,COTTONTAIL,14,1,1,30.29119,b8538a6a-fdc4-4aa9-9868-ebd7536dc309
4968,2013,USF,ANF,TOWNSEND,2,6,1,29.87113,0a6914ca-dcac-4c37-93b6-fb9d85725498
4969,2013,CDF,SHU,FIDDLERS,14,5,1,29.70096,9786b9e6-34e6-4b2c-9f0e-3d3df3ae4bc6
4970,2013,CDF,RRU,THOMAS,10,1,1,27.81954,e28c8389-f0c4-437e-ad69-93885d781a39
4971,2013,CDF,BTU,ONION,18,1,1,27.25248,1158f948-bd00-4da1-9361-59951e070ac3
4972,2013,CCO,VNC,CONDOR,14,1,1,25.82967,803d0ae8-6ffe-442b-a440-1b739cf236fb
4973,2013,CDF,RRU,ROSA,2,1,1,24.74532,777eddb9-a4ed-4501-bcb0-d837ce91c862
4974,2013,FWS,HPR,SANCTUARY,9,1,,24.56812,82669c86-179a-41c8-9686-d8d7a6ab4892
4975,2013,CDF,NEU,MCCOURTNEY,14,1,1,24.32616,e59b9dad-b96c-4cd9-9fe7-ee38fe52e1ef
4976,2013,CDF,NEU,SIERRA,6,6,1,23.57369,3a778458-3c6e-4da7-8188-1bfac2d02db9
4977,2013,USF,SRF,GRIZZLY,1,1,1,23.21056,43c6598f-9b53-4d9d-93df-a7f9dba44092
4978,2013,USF,LNF,LOGAN,9,1,1,23.00315,b32d54a9-3c70-4f9a-994b-61d67b4376f6
4979,2013,CDF,NEU,WALDO,9,1,1,22.87774,2516eac0-611f-4dc1-9af1-6a78e9b3306b
4980,2013,CDF,LNU,DAM,14,2,1,22.64108,74f3892c-ab0f-439e-be44-d755143757e8
4981,2013,CCO,VNC,WHEELER,2,1,1,22.4388,198bcc85-9f44-4767-8986-3389d81173dd
4982,2013,CDF,HUU,BUSHNELL,2,1,1,22.16579,45ea6bf9-9da3-4570-afd6-aa19b2c9da37
4983,2013,CCO,LAC,CANYON,9,1,1,21.94959,fc0b996e-00f4-440c-bf5f-4f23029908b5
4984,2013,USF,PNF,HOUGH COMPLEX,1,8,1,21.56635,9f8c9e4b-583b-462a-884c-07c189792378
4985,2013,CDF,LNU,DUTCHER,9,2,1,21.44638,afa6824e-6bf0-4102-ba60-891a05e26577
4986,2013,CCO,KRN,WILLIAMS,14,1,1,20.74544,12b00c1f-7354-4eeb-b0be-9c67775e88ce
4987,2013,CDF,MVU,BODEN,9,1,1,20.55704,ee41523f-8fb5-47fd-8104-37ae818d24ee
4988,2013,USF,PNF,HUNT,1,8,1,20.3914,6577921d-f14d-457f-8fcb-43fc253aebd5
4989,2013,USF,PNF,KEDDIE,1,3,1,20.06105,05d1601f-8196-4722-97bf-03ebbfc8b965
4990,2013,CDF,LNU,SULPHUR,11,2,1,19.8916,20985741-eb58-45ef-b0f6-702b2931c6dc
4991,2013,USF,ENF,HENRY,14,1,1,19.82545,89333091-bfde-4f3d-b15a-e07c8075a9e6
4992,2013,USF,SQF,CANE,1,6,1,19.64708,dc34bffe-6f43-49d1-a2cf-4dc9d56d5992
4993,2013,USF,ANF,DEL,2,6,1,17.78473,eb77f665-7671-483c-8bd2-d1f85b593657
4994,2013,LRA,LNU,GADDY,14,2,1,17.72634,d55f411a-8277-4ce8-a2a4-f0d9dec69c86
4995,2013,CCO,KRN,,14,1,1,17.52763,356ab954-f9a1-4a8f-82aa-8c02c2687969
4996,2013,CDF,RRU,CACTUS,11,1,1,17.30028,b35af2ed-e239-4845-818b-40003d6ca769
4997,2013,CDF,NEU,GLADDING,9,1,1,17.1972,996a53f3-e7af-46b0-9535-338567152a72
4998,2013,USF,ENF,TIGER,1,1,1,16.32401,27f5b2cc-9ee1-4b37-9a90-cf929ebc4907
4999,2013,USF,TNF,BAR,1,1,1,15.35903,0e74c071-6834-4b53-8944-ebca9d00fc72
5000,2013,NPS,DVP,SOTTY'S,11,8,1,15.23975,48107f97-9e74-4c3f-8d2d-0f6b639167fa
5001,2013,CCO,LAC,COLTRANE,14,1,1,15.10816,1200889f-929b-49e9-879f-e24004c4148a
5002,2013,CDF,BEU,SYCAMORE,8,7,1,14.96562,55598d75-9bd9-4dcc-b39f-dbee5da3e068
5003,2013,USF,ENF,BALTIC,14,1,1,14.92882,30f03f85-e633-4a4d-8b9d-924e26599479
5004,2013,CDF,HUU,BROWN,2,2,1,14.90101,e71fff64-f09a-4ce1-b862-559badef1a6f
5005,2013,USF,ANF,LIEBRE,7,1,1,14.52183,adba8ad7-afcb-409f-8904-22988a8e2ba8
5006,2013,USF,BDF,FAWNSKIN,4,1,1,14.4006,11dd45c6-0b5a-49ed-a63c-d7a18ff73650
5007,2013,USF,SHF,CORRAL,1,7,1,14.3679,05cb72be-a21b-4503-9190-51114d489a4b
5008,2013,CDF,LNU,SODA,11,1,1,14.15715,cffdc303-19ae-433a-b7a1-3e11acea1836
5009,2013,CDF,FKU,SALES,9,1,1,14.14009,0454328b-2a04-414f-966c-1da33d8943de
5010,2013,CDF,MEU,MCGALL,2,5,1,13.9834,9f546e4c-ad2f-421b-9faf-e04957b01393
5011,2013,USF,CNF,LA POSTA 2,1,1,1,13.75034,6f7dd607-2b84-4c34-bb70-6db264b168a4
5012,2013,CDF,BDU,SPRING,14,1,1,13.56809,1173477b-d8b0-4d95-9af4-cb0719230b33
5013,2013,USF,BDF,WOOD,9,1,1,13.2623,d275026e-e0bc-4ab9-8b84-00da72919a7d
5014,2013,CDF,MVU,RED,1,1,1,12.95418,8588f4e3-a885-4e85-b0ca-ad6e12ddf13e
5015,2013,CCO,LAC,LOWRIDGE,14,1,1,12.89286,0a87e295-916e-4945-865a-9feafb266a89
5016,2013,CCO,LAC,CANYON,14,1,1,12.73037,230f2fb5-f287-41d2-ab05-48d2ffe2ab03
5017,2013,LRA,KRN,FARM 2,14,1,1,12.7203,2cdf86f9-8267-40e4-a130-510df29f7f82
5018,2013,CDF,BDU,GREY,14,1,1,12.05707,cf4866e7-61c7-4915-be0b-b1d4315861fd
5019,2013,USF,ANF,ISLAND,2,6,1,11.9789,5d6ebfe7-e655-4344-9804-55b9e89b1bbb
5020,2013,CCO,VNC,BARDSDALE,14,1,1,11.81112,693d30d7-7672-41e2-a864-a711956f96bf
5021,2013,USF,STF,GRUB,4,1,1,11.73746,5238f82e-0e63-46d4-ba78-8e257883100c
5022,2013,CDF,FKU,ENNIS,10,1,1,11.43256,1670d908-9892-4f21-adf6-924ab3290f1f
5023,2013,CDF,TCU,FARRIS,14,1,1,11.35403,98a5186c-d0a4-4e7c-9ca5-7b7240cf3e78
5024,2013,USF,BDF,KEENBROOK,6,1,1,11.03264,8ccc733e-ae76-4bb2-a8e1-ab930891697e
5025,2013,CDF,AEU,VOLCANO,9,1,1,10.93474,c01c3281-d941-4594-b677-fd2efdc01211
5026,2013,CCO,LAC,BOUQUET,9,6,1,10.92064,9adf86bd-31ee-45e9-9b15-8cc110588053
5027,2013,USF,MDF,OKLAHOMA,1,1,1,10.79402,f441c7e8-30cd-43ba-8b47-5cf1a8312482
5028,2013,USF,STF,13 ,4,1,1,10.66219,66d46f02-cab5-4152-acf0-b3d7e39d7cfd
5029,2013,USF,CNF,VAIL,9,1,1,10.54301,535e0f3c-397e-497d-a323-5772fbacec11
5030,2013,USF,MDF,CREEK,1,1,1,10.52909,bea45e35-e549-46b3-84bd-e2556fdbf5c7
5031,2013,CDF,LNU,AMIGAS,8,1,1,10.29018,698c458e-ff98-4e50-ac42-fca55362f1c9
5032,2013,USF,MNF,ANDERSON,1,7,1,10.26719,2857b097-674a-4cb8-be5b-2408ca9022a3
5033,2013,LRA,LAC,SHOOTING,2,8,1,10.215,128fa41f-1598-47c8-a6c0-53b7fb1e18a1
5034,2013,CDF,HUU,TELL,14,1,1,10.09579,73e35459-2d7e-4258-9fba-11e83701ab2c
5035,2013,CDF,SLU,WHITE TAIL,14,1,1,9.926195,996d742d-d056-4277-bbb4-a494af070cdf
5036,2013,CDF,NEU,MCDANIEL,3,1,1,9.204685,0bb6eef0-d7b1-469b-9b64-7305d4c7d2c8
5037,2013,USF,SHF,LITTLE,1,7,1,8.567074,221d3fb7-1d5b-4582-bfb5-1cd720d24f58
5038,2013,USF,STF,MYSTERY,1,1,1,8.425359,7dae0026-584f-4b45-b94a-3335231d2a88
5039,2013,CDF,NEU,HAMMONTON,14,1,1,8.084121,4f42f925-b3db-4bb7-87ff-b839aa0b5513
5040,2013,LRA,KRN,LOST HILLS,14,1,1,7.913583,98485508-05d9-4d1e-83e5-010b7599c052
5041,2013,CDF,LNU,BOHAN,11,2,1,7.909993,55f54c2b-0c07-4641-89a6-c7cf2aa7271f
5042,2013,CCO,KRN,JACKS,14,1,1,7.346939,28b2520b-1f43-4eb0-982c-a05a552dfb8d
5043,2013,CDF,SKU,AGER,2,1,1,7.327134,539d161a-f14f-488e-8837-1fd41e582156
5044,2013,LRA,RRU,VAN BUREN,3,5,1,7.173444,01a987bf-5c16-4f28-ab21-8c354959af42
5045,2013,CCO,KRN,HANNING,14,1,1,7.022251,7c9d547d-1c4a-49eb-8e5c-277964e53455
5046,2013,USF,MNF,CROCKETT,1,7,1,6.887073,1fa0019c-401d-43fb-ae2d-f41f2de9be10
5047,2013,LRA,LNU,LAKESHORE,14,1,1,6.735321,6c80f5a3-bd21-42b6-8339-93ac814c24d8
5048,2013,CCO,LAC,MARPLE,3,1,1,6.544206,f7e6f1c6-1530-49b4-8208-d5d402a2faba
5049,2013,CCO,LAC,CLARITA,14,1,1,6.421675,8828cb60-1178-40c6-af58-97180891399b
5050,2013,USF,SHF,GIRARD,1,1,1,5.95861,1143a51c-51a8-4ad5-9899-2ff3ba84bd1f
5051,2013,CCO,LAC,MADISON,2,7,1,5.662212,a89a01ca-ecae-4c5c-ad50-1594ee3c95da
5052,2013,USF,BDF,KEN,9,1,1,5.235994,53f522b8-a5be-4662-ae57-661ccbdb3e83
5053,2013,USF,ANF,GULCH,9,6,1,5.024302,0a4138e2-9d8a-479f-aa30-951bc6c08bee
5054,2013,USF,ANF,MESSENGER,4,1,1,4.500647,07a73e61-adac-4f35-bd05-1a77ef44cad1
5055,2013,CCO,KRN,KEM,14,1,1,4.498317,c78bc2ac-88f8-4a53-8d3f-452f7cbad5f6
5056,2013,CCO,KRN,FARM,14,1,1,3.97835,ba1b72f7-701b-4860-9ff9-36f3b9aea285
5057,2013,USF,LAC,GABRIEL,2,6,1,3.933502,d467f50b-b0e0-4b2b-adcc-021fea7b5355
5058,2013,NPS,RWP,BALDY,14,1,1,3.692795,32c59c5c-be05-4834-a426-31dccfbe94df
5059,2013,CCO,LAC,VIRGENES,14,6,1,3.633029,e04da41e-c6c3-41a5-a361-1993331b1670
5060,2013,CCO,KRN,,14,1,1,3.555042,e4c6ef2e-5865-4a5d-a29f-0c90687d1e5e
5061,2013,NPS,RNP,COAST,3,1,1,3.211156,c2c4a0db-2cee-4f70-8980-2af637f0847a
5062,2013,CCO,KRN,BRANDY,14,1,1,2.963335,5cabacae-7923-4808-b92e-bb74035e4d56
5063,2013,BLM,CCD,RIO,14,1,1,2.898416,37843a7f-9d5e-4836-a657-90f50e007bae
5064,2013,LRA,KRN,,14,1,1,2.771321,1b6385e3-528c-4779-8d60-ff42d38a4cfb
5065,2013,NPS,GNP,SHORELINE,11,1,1,2.539962,ea4335d2-91ed-4e16-b181-f64f191ca19b
5066,2013,BLM,CCD,KENDON,14,1,1,2.411301,deb6b89c-fcb9-4077-890a-f88fa80f4a5a
5067,2013,CDF,LNU,SUMMIT,11,1,1,2.200399,1aefef57-3fbd-4d83-b060-fcde0c43e33a
5068,2013,CDF,SKU,LICHENS,5,1,1,2.147175,2593e348-7948-4aa5-b283-788055c0647a
5069,2013,CCO,KRN,VINE,14,1,1,1.999895,a0b3121f-f657-4924-b483-951a8f4e5990
5070,2013,CDF,NEU,THOUSAND OAKS,2,1,1,1.882901,cc0897c3-6f64-4934-a76f-43f93b6d5e7c
5071,2013,CDF,SKU,PERCH,2,1,1,1.844568,ab720612-8dd6-4b2d-9a45-2c887e9ce246
5072,2013,CCO,KRN,BEAR,14,1,1,1.814578,c1a6fd65-8089-44c2-8712-af3014f4e9cb
5073,2013,LRA,LAC,CANYON,14,6,1,1.532762,be6a89ca-319a-46ad-9934-5f6c09950124
5074,2013,CDF,MVU,MORENA,14,1,1,1.434162,60222ae4-96d0-4faf-85cb-14e4b5b142ad
5075,2013,LRA,KRN,CANAL,14,1,1,1.386466,c18b207b-2c9d-4afd-b76f-8740df369209
5076,2013,CCO,KRN,EVANS,14,1,1,1.352022,f4c76a13-8c81-4358-b0a4-29612cb235e5
5077,2013,FWS,VNC,CAMARILLO,10,1,1,1.235317,8afbef1a-24e9-43ee-aaff-64b1fc0fcd34
5078,2013,CCO,KRN,,14,1,1,1.154907,db209dc6-5d4a-449b-bcef-29b734d90116
5079,2013,USF,BDF,HOLCOMB,4,1,1,0.9463348,e5f7d155-3dd9-4106-b1a3-27af0c6d408f
5080,2013,USF,PNF,EVANS,1,3,1,0.7553352,da1a5c05-8ee7-49da-ba84-143f4ad4a27d
5081,2013,CCO,LAC,CASTRO,2,6,1,0.608927,1184d28c-0d7c-451f-87b5-103bd3a63f6d
5082,2013,LRA,LNU,OAT,14,6,1,0.5135471,e796192b-7755-44a2-b8f4-b2f957480d65
5083,2013,CDF,SKU,ENGLISH,5,1,1,0.4501346,eed94429-dac2-487a-a5d5-27054f47622a
5084,2013,LRA,KRN,APPLE,14,1,1,0.3679073,ce808250-88ee-487c-bd7c-f7699dabbd09
5085,2013,NPS,YNP,CABLE,11,1,1,0.343236,ce440ae2-236c-4f6b-b658-326c4a9fbf64
5086,2013,CCO,KRN,PIUTE,14,1,1,0.2883243,45e94d8c-c1da-44ce-a32b-fa287ed3d4de
5087,2013,CDF,SKU,COTTONWOOD,9,1,1,0.2727566,460168cf-76ad-45e2-a564-fb8dd417eae1
5088,2013,NPS,KNP,SKAGWAY,1,1,1,0.1801186,7106d26f-4cf3-4c9f-85dc-8b7ec31c0d09
5089,2013,CDF,LNU,BENNETT,11,1,1,0.1311737,18553e35-9589-4800-b7cc-14e9908f45a5
5090,2013,CDF,SKU,PIONEER,2,1,1,0.1090613,b3f52fb5-a24b-4b1a-ada8-223551b160ee
5091,2013,NPS,KNP,WILLOW CREEK,1,1,1,0.09664457,e4740c21-dea1-437b-a27e-99010332240a
5092,2013,CDF,SKU,GRENADA,14,1,1,0.09033957,8b607e09-1b66-473b-8c62-54b63d70cef9
5093,2013,CCO,LAC,OLD TOPANGA,14,6,1,0.0852045,f4509deb-8a3d-4c73-9290-fdcb18a8f2d2
5094,2013,LRA,YNP,BUNNELL,1,1,1,0.07944366,76bdaa53-3967-4dd6-bd89-76498af4b2cd
5095,2013,NPS,YNP,PICNIC,4,1,1,0.07944155,0957b89f-aa69-4531-8401-f5e0e977027f
5096,2013,NPS,YNP,RAINBOW VIEW,1,1,1,0.07944103,9ad3a550-5636-43ab-a46f-b6b58bd1d859
5097,2013,NPS,YNP,MERCED LAKE,14,1,1,0.07943822,44a0ed34-5f9b-4788-9a37-b241fdedb132
5098,2013,NPS,YNP,EAGLE,14,1,1,0.07940335,16cba38f-d1d5-469b-a534-da0671c9e7e5
5099,2013,NPS,YNP,CATHEDRAL,1,1,1,0.07939778,3fb97c91-d273-40be-a46f-fb234ead9b41
5100,2013,NPS,YNP,LAKE,1,1,1,0.0793656,77d9524b-1336-4a70-9b57-3ec90c7b53c4
5101,2013,NPS,YNP,PORCUPINE,1,1,1,0.07934793,eded912a-3034-43f3-bb22-a38fd6a91d6e
5102,2013,NPS,YNP,MCSWAIN,1,1,1,0.07934421,59f8c9d0-7ab9-4f0f-ad84-f11af37d6d89
5103,2013,NPS,YNP,LINE,1,1,1,0.07933598,d69f81e1-c536-4ee8-b3bc-8700c6abfeeb
5104,2013,NPS,YNP,RAISIN,4,1,1,0.07931699,e276c3f1-f9ad-43af-89fc-6a13d216ae3c
5105,2013,NPS,YNP,DARK HOLE,1,1,1,0.07931547,4d42f436-f684-4c70-a7b3-714edbd234c3
5106,2013,NPS,YNP,SIESTA,14,1,1,0.07930743,d44f1687-4180-444b-b140-1e47cbed82b0
5107,2013,NPS,YNP,HARDEN,1,1,1,0.07927231,f32a70b0-2d26-4447-aaaf-420d61bb5a73
5108,2013,NPS,YNP,AULIN,4,1,1,0.07926745,4aa15f47-dc50-4051-b4a3-86d742b1eed7
5109,2013,NPS,YNP,PATE,1,1,1,0.0792402,599ff949-e703-4fc2-8ba1-b5c46053aaca
5110,2013,NPS,YNP,RODGERS,1,1,1,0.07918327,a84530e5-5c37-4f1f-b3d8-41e2806e73a1
5111,2013,NPS,YNP,RICHARDSON,1,1,1,0.07906692,9a4d3ba1-11b4-466a-b201-090ca837f643
5112,2013,NPS,YNP,SNOW PEAK,1,1,1,0.07901904,1213049e-fde5-48ec-9953-9536a67276db
5113,2012,BLM,NOD,RUSH,1,3,1,315511.5,69e78854-9381-41a7-87b1-ee887b416fb9
5114,2012,USF,FNF,BARRY POINT ,1,7,1,92944.53,5d6b1da9-ca1d-466d-93b1-b6541ce9b69e
5115,2012,USF,PNF,CHIPS,4,8,1,76349.71,89c34db2-f2a9-4b95-9c1d-db7bb440da56
5116,2012,USF,SHF,BAGLEY,1,8,1,46040.15,31628397-dddb-43da-ac19-0bcb05cac4d8
5117,2012,USF,MNF,NORTH PASS,1,7,1,41812.52,c73dd76f-ceaf-449f-ad63-a167a9f54791
5118,2012,USF,MNF,MILL,9,3,1,29525.45,ad169a9f-4d41-4fad-bca6-c93e1e9abe2d
5119,2012,NPS,LNP,READING,14,8,1,28073.2,9c268a05-129e-4f66-9da4-0c30963733a3
5120,2012,CDF,TGU,PONDEROSA,1,1,1,27670.38,f76172aa-1ed1-43cf-909b-04b4061de0a8
5121,2012,USF,KNF,GOFF,1,7,1,22266.95,347b4c81-fd9a-4777-900d-55d78d8f431c
5122,2012,CDF,LNU,SIXTEEN COMPLEX,7,1,1,17942.15,44b8d518-cdbf-439f-b8ea-ec45fbb998a3
5123,2012,BLM,CND,INDIAN,1,3,1,12575.24,a3e8b7cf-bd40-4804-8fac-d995d3eb41aa
5124,2012,BLM,CDD,JAWBONE COMPLEX,1,3,1,12015.21,f5371970-30ab-451f-b13f-1df988b80677
5125,2012,BLM,CDD,WILSON,1,8,1,11667.14,5c861de4-4ba2-478f-828f-b1f25890de1d
5126,2012,BLM,CDD,STEWART,1,8,1,10630.23,08d7be07-2793-4d31-911e-d9735d7a484b
5127,2012,BLM,CDD,LIKLEY,11,3,1,9965.598,b32b2de0-fcfe-426f-8a30-ba2344e9efd6
5128,2012,CDF,MVU,BANNER,14,2,1,5320.116,5ebfbcba-996a-43ad-8fe4-5a6d04f6c35b
5129,2012,CDF,LNU,WALKER,14,3,1,5102.583,62d5d746-f143-4c5d-923a-8516bb291416
5130,2012,CDF,MEU,SCOTTS,4,7,1,4509.288,54d3fd91-dd89-4731-9a93-e09b7e04da19
5131,2012,CDF,LNU,SITES COMPLEX,7,2,1,4429.401,310384c7-881e-4746-8bf6-1e91bbfda66c
5132,2012,USF,SHF,STAFFORD,9,8,1,4406.525,9ab63f72-6c74-4c91-a3ac-8840611af598
5133,2012,USF,ANF,WILLIAMS,14,2,1,4192.321,0129777d-0bff-40cf-bb6f-6aaf2477df4a
5134,2012,BLM,NOD,NELSON (W-1),1,3,1,3659.465,b9c82c34-eb6f-4ff2-98d0-88d612269244
5135,2012,CDF,LNU,WYE,14,3,1,2831.423,c2424bd1-c4e4-4a06-9348-0eac338e7b0e
5136,2012,CDF,RRU,BUCK,1,1,1,2637.363,202348bc-c0a8-4c02-91a1-014516c65d32
5137,2012,CDF,NEU,ROBBERS,7,1,1,2635.211,b0c138d8-c067-4de7-aa74-1273c84d41c6
5138,2012,CDF,MVU,SHOCKEY ,14,8,1,2555.589,560f04fe-77d6-405d-aa27-55c49aa64f77
5139,2012,CDF,BEU,TURKEY,2,2,1,2530.048,6052029c-c901-4a59-aeb9-49734be591b4
5140,2012,BLM,CDD,HIGHLAND,9,1,1,2177.426,38fb6665-6c17-4a16-a09c-52503515986f
5141,2012,CDF,MVU,CHIHAUHAU 2,1,8,1,2006.962,0823f66b-3aa7-4bea-9b3c-d0089a676917
5142,2012,USF,SHF,FLAT,10,3,1,1720.212,48c085ef-de93-4c98-87ca-96f1696e387e
5143,2012,USF,SQF,GEORGE,7,7,1,1707.585,e99b5d80-5051-4c65-ae75-ccb444cf1efc
5144,2012,NPS,YNP,CASCADE,1,2,2,1704.926,bde76947-0c5c-4967-a07d-0a556465be62
5145,2012,USF,MDF,LAKE,1,1,1,1664.821,564980c2-caa9-4545-b392-d2df2351581d
5146,2012,CDF,MMU,GAINES,11,1,1,1662.4,a39c65f0-bc90-4658-badd-bf20ebdfab30
5147,2012,CDF,BTU,MILL,7,1,1,1640.921,8dd36fe9-b0eb-4cfc-b2a7-830ebcdeccb4
5148,2012,CCO,KRN,CLEAR,1,2,1,1451.634,90c80254-6834-488d-9f84-e936c01118a6
5149,2012,CCO,KRN,SAND,14,2,1,1428.454,dd195bc5-6e49-4b84-856b-a2eb0870a122
5150,2012,BLM,NOD,SPANISH,14,1,1,1150.858,65f65db9-7c7b-429c-9c76-6dbb93440548
5151,2012,USF,STF,RAMSEY,4,7,1,1136.776,678c1f59-8f6c-4bde-b98a-73e6d00779c9
5152,2012,USF,BDF,FISH,14,1,1,1135.347,c31230d1-f75d-4f24-9df8-e1a313c8113c
5153,2012,CDF,SHU,DALE,11,7,1,1037.876,ec4c576f-4b98-4915-a0d2-30048b2ff4e6
5154,2012,CDF,MVU,OLD - 2,14,8,1,995.6812,7b8654b5-2fe4-4d3e-bd03-d1fb0385f23f
5155,2012,USF,SHF,SALT CREEK,9,8,1,982.1165,612603d3-c310-4569-a744-691ecc9ba307
5156,2012,USF,KNF,HELLO,1,7,1,977.025,997c2402-563a-4345-bad7-515816b3f636
5157,2012,CCO,LAC,HILLSIDE,14,1,1,885.1592,70b999d4-8e29-4903-b297-d7d9c0614b5a
5158,2012,CDF,TCU,SEVEN,7,1,1,827.6981,cb4dad21-cbc1-404d-9e4a-72869f459264
5159,2012,USF,SNF,BEAR,1,2,1,717.9003,9361c6a3-19c3-4030-af89-437fd94b6f05
5160,2012,USF,PNF,PEAK,5,6,1,708.7601,f7d9ad21-2355-486f-a4e5-6353df10a7e9
5161,2012,USF,LPF,HILL,9,1,1,689.6714,891ceb29-84f1-4686-88cf-531c1ab4c0da
5162,2012,USF,MDF,ANTELOPE,1,2,1,622.2993,a6ceeda1-7f8b-4911-9c38-b03af432bd68
5163,2012,CDF,SLU,CALF,2,7,1,616.9758,924b5362-50ec-402e-8492-81698252fe9e
5164,2012,CDF,LNU,FOREST,2,1,1,601.8473,98e6ee6e-0ece-43da-90ea-dd9710aed704
5165,2012,USF,SHF,WARD,9,8,1,551.6505,2fa738d9-9a78-4fcf-b898-2ad67e486e75
5166,2012,BLM,CDD,VALLECITO ,1,8,1,519.3954,8363df6f-a813-435c-9a53-bd28f749ed0f
5167,2012,CCO,LAC,FIVE MILE,2,7,1,488.7408,c9f52dab-f5e2-4cea-8a16-1ec918a3f439
5168,2012,NPS,DVP,PASS,1,2,1,440.8306,1cdde57d-5130-45ec-aea6-9f1043756708
5169,2012,CDF,RRU,VISTA,2,1,1,402.8371,9a36bace-e4d7-493a-ba68-0625301f8896
5170,2012,USF,SQF,GULCH,9,3,1,385.1862,570ed3c9-297a-4d44-9b9e-355abf574d15
5171,2012,BLM,CDD,VIEW,2,1,1,376.149,6f03e090-da32-4195-8bbc-5f3dad34edb5
5172,2012,CDF,MEU,NORTH,7,1,1,374.8729,fd0b2f86-2b10-4cfd-87a3-5a7425e06859
5173,2012,USF,LPF,OZENA,7,1,1,360.8288,84515c77-1cd3-45cd-86b9-6920520a8915
5174,2012,USF,BDF,DEVORE,2,1,1,334.4905,a4933dce-2588-4eff-9ada-ec18e3b15bb7
5175,2012,USF,SQF,HEALD ,1,7,1,330.9691,d6b6dc01-8595-41a8-ac74-4da0a48e33c5
5176,2012,NPS,KNP,WOODS CREEK,14,2,1,324.3438,6b690465-c062-4ed9-aae1-eb4c7dac90d2
5177,2012,BLM,CDD,RANGE,9,1,1,322.5931,1c184c74-0a19-455f-9879-14a8218ca927
5178,2012,USF,KNF,DILLON,2,7,1,317.6489,fdc19354-2f2b-4763-950d-1a3908aa2626
5179,2012,CDF,LNU,TWENTY_NINE,11,2,1,313.9962,42903bb2-7e77-4c39-a1f6-47c295f3955d
5180,2012,CDF,RRU,VOLCANO,2,2,1,309.349,7af0c9ae-d661-476e-ad6a-123016bce2b6
5181,2012,USF,SHF,COAL,9,8,1,268.6776,561b909c-2cd6-4d1c-b18e-81cfb3ae88cb
5182,2012,NPS,JTP,QUAIL,1,8,1,257.6587,2b280cb3-8cca-44e7-9029-35663e4b3f66
5183,2012,CDF,RRU,LAKEPOINTE,14,1,1,256.1035,32a730bd-d909-423f-89d2-bf659f337f3a
5184,2012,USF,SQF,SLIDES,9,8,1,254.0029,e5a3ed51-a21e-4b6f-8e19-72e490a1f8af
5185,2012,CDF,SHU,POWER,9,1,1,247.864,2acb188c-193f-4bd4-b81a-26acf80d965d
5186,2012,CCO,KRN,SOUTH,14,1,1,245.7126,f8f5cb2d-c37b-4a29-a6ba-7f25ddb0cef0
5187,2012,CDF,LMU,CHENEY,9,2,1,230.5122,e887e592-ae9e-4f45-adf0-fc7cdab577be
5188,2012,USF,KNF,LICK,1,7,1,229.4074,c6772c9a-7657-4e4e-a07c-2842309f00d3
5189,2012,BLM,NOD,MARR,1,1,1,227.1395,3d8eafbb-e92e-4977-80fc-3f4135802d6e
5190,2012,CCO,KRN,GRAPEVINE,14,1,1,206.0988,265558de-d0d6-4333-94e5-76cd451dbdac
5191,2012,CDF,NEU,RAMIREZ,5,1,1,199.3232,847a7732-12fd-4481-b267-0da6b47bd16e
5192,2012,CDF,LNU,SODA,18,2,1,196.7218,239a7e3c-0692-417f-b5e5-b22b7493d30e
5193,2012,CCO,KRN,KECKS,14,1,1,196.3657,ad876efa-cdbf-486d-a605-71b5927159c3
5194,2012,CDF,MEU,FLYNN,11,7,1,194.576,c0616924-0485-4fba-a024-a5302a6f6fac
5195,2012,CDF,SKU,OAK,5,1,1,192.0436,ede04d3a-07e7-4f8c-af92-5f9b7acccd59
5196,2012,CDF,NEU,BROADWAY NORTH COMPLEX,7,1,1,187.8274,2a94ac1e-ed11-4c23-892b-27bc122e35c1
5197,2012,USF,STF,WHEATS ,1,7,1,180.1102,ff94e0f1-6e5b-45a9-b9eb-578715f7fe2e
5198,2012,CCO,KRN,EMIGDIO,14,1,1,173.2719,5f8c2195-8eb0-4e30-9c47-37134e82b412
5199,2012,CDF,NEU,FIDDYMENT,14,1,1,168.4775,9e79e519-81c8-4468-8937-c4056dc57f36
5200,2012,CDF,SLU,BITTER,9,1,1,167.6615,d700c3e2-50c9-4ea1-b9cc-249011f30f46
5201,2012,USF,BDF,CARY,8,8,1,160.4304,21637f75-2db3-4127-9bd2-9c7573f2e133
5202,2012,BLM,NOD,CONSTANIA,1,1,1,154.7332,850d940e-8cfa-44b6-88ea-ce8eb58782b6
5203,2012,CDF,SHU,CREEK,2,1,1,148.9871,20bbb23e-4b78-4353-a4c6-2c6b6841bc01
5204,2012,CCO,LAC,COPCO,14,1,1,146.9889,2bc37393-9cdc-4813-a914-2c6c0c736a48
5205,2012,CDF,SLU,CALIENTE,1,2,1,144.3692,61d8f1e2-e024-40c7-acf8-3966676d1215
5206,2012,BLM,CDD,HIGHLINE,5,1,1,142.1018,3c1d982f-db05-4fa3-aba4-74082ec570ee
5207,2012,USF,MDF,SISTERS,2,1,1,141.7717,35494b43-13ab-434d-991e-ac4e258b52ed
5208,2012,BLM,CDD,WINDY,2,1,1,136.8997,5e57633b-29ff-4faf-8bdb-422170a6567f
5209,2012,CDF,FKU,LANES,3,2,1,135.8578,08e8e278-18f6-417e-9f9c-aea9517fc0b1
5210,2012,CDF,TCU,PENN,2,1,1,134.2809,8bec2b17-9103-4446-867c-b41533827cd4
5211,2012,CCO,KRN,TWINS,14,1,1,130.0695,3606fbde-8bd5-4706-9a61-d40375d4044b
5212,2012,CCO,LAC,TREE,14,1,1,126.4701,e18c5c76-0d26-4018-a10a-17f39fbcd515
5213,2012,BLM,NOD,SPANISH,4,1,1,121.8342,073e90d8-6b66-42c6-90c0-caef6a48fd8f
5214,2012,BLM,CDD,BORDER 12,14,1,1,121.3023,90febe58-0b94-48da-988a-f58f10978bb5
5215,2012,USF,BDF,BOWEN,4,1,1,118.7185,be8430cc-405a-4a67-8758-6193066c15b9
5216,2012,CDF,BTU,OREGON,11,1,1,117.3579,2a021736-b356-4124-848e-9404a6c4134f
5217,2012,CDF,TCU,LA GRANGE,7,1,1,112.1598,d83d0cd0-7237-4c66-882b-0cdc298e6d64
5218,2012,CDF,NEU,BEALE,2,1,1,109.8763,13f78e9b-b791-49e6-8d01-43bf6bcf7bd2
5219,2012,CDF,RRU,FREEWAY,14,1,1,97.77544,4048b915-7f3c-447b-ad0e-11319dfb24a6
5220,2012,CDF,NEU,WALTZ,2,1,1,96.73997,4fffe150-96b6-4fab-b9dc-4bdb91c570f7
5221,2012,CDF,TCU,HORSESHOE,14,1,1,95.56466,c9b6cb2e-90c3-40a9-8d7f-2c9cd1cd5c38
5222,2012,CCO,MRN,ANTONIO,10,1,1,95.17421,fdf760d4-3061-420f-bb79-b70f752d0fa3
5223,2012,CCO,LAC,OASIS,14,1,1,94.33763,c764c157-461a-4fc9-bd0b-5b72a2b1908d
5224,2012,CDF,BEU,LONOAK,9,8,1,93.35648,d23f0e33-039b-4c90-8745-86c4c1802dc8
5225,2012,BLM,CND,MIDOLI 2,9,1,1,93.25681,98bcdf58-7035-4e44-a773-bfa9a34a3e37
5226,2012,LRA,BTU,POWER,14,1,1,92.62819,04c3dbce-fb95-40db-a6e8-c9e6c33859c8
5227,2012,CDF,FKU,PINE,2,1,1,90.84224,5bedc3d9-8eee-4351-85ec-5c9076b0ecd0
5228,2012,CDF,BDU,LITTLE,10,1,1,86.87046,0e1f1c66-b177-4038-8c36-f6d6b6ed62c7
5229,2012,CDF,NEU,COLUMBIA,2,1,1,82.98972,ae1a6e45-5657-4fe5-9059-251470c8beeb
5230,2012,CDF,NEU,BREWER,5,1,1,79.67567,9aa3165b-efe5-4053-8c94-dd117ac2429e
5231,2012,CDF,BTU,WINDY,14,1,1,78.69503,cb4d0ecd-ec69-49b4-b186-b90a0cfc6db4
5232,2012,CCO,VNC,TELEGRAPH,1,2,1,75.20238,3385f15a-91d7-4e6f-9301-11752a5f5606
5233,2012,USF,SHF,HAPPY,9,3,1,74.9549,8a9b5482-cfca-43b5-b076-8e01bf65df3b
5234,2012,BLM,CDD,MARRON,9,1,1,73.98676,df88c986-b423-48ef-bc53-010204a65c1c
5235,2012,CCO,LAC,TOVEY,14,1,1,71.69716,b9312964-540b-452d-9a49-2533d5d57e20
5236,2012,CDF,RRU,CEDAR,9,1,1,71.6502,1ee29b80-659b-43a3-bbf1-b0243601d4c7
5237,2012,USF,SHF,LOMA,10,8,1,71.32693,f72e94e0-ab32-4cf8-aeb5-e176533f5c0a
5238,2012,CDF,TCU,GOPHER,1,1,1,70.34376,8dc5f687-dbd6-4851-84e4-4611892d6f18
5239,2012,CDF,BEU,RANCHITA,2,2,1,66.95442,5b4dd67b-6d04-4d12-ada5-4a6838debc5f
5240,2012,BLM,CDD,SOLEDAD,2,1,1,66.91458,26326faf-5867-49cc-a6fa-7239c283175c
5241,2012,USF,BDF,CREEK,9,1,1,66.46069,2ecafbb8-21aa-4316-ba51-54cdb78db77b
5242,2012,BLM,NOD,SCHALER,14,1,1,65.7382,485626f4-9739-4353-8288-0bb9ae0742ea
5243,2012,CDF,BEU,JOHNSON,8,7,1,65.24155,2f16791f-22f5-427c-805e-9c5d5cca1655
5244,2012,CDF,TCU,GRAHAM,2,8,1,64.3606,54972b99-e7c3-4991-be8a-c1ae6cea5306
5245,2012,CDF,SKU,CRAM,5,1,1,64.10541,f968b79e-36af-4463-9198-23116d04625b
5246,2012,USF,LPF,VALLEY,9,1,1,63.83113,55f59dee-8920-406d-8059-f4cdd4fb3e2b
5247,2012,CDF,MVU,BORDER 6,14,1,1,61.55973,e5fa7f5c-c553-4466-9a50-a0b4d2040da2
5248,2012,CDF,HUU,ARROW COMPLEX,7,7,1,60.76419,8fe4d451-e0c4-4c19-9da0-86f1d9f6f2b3
5249,2012,CDF,BDU,OASIS,9,6,1,58.09877,4aac9656-de94-4295-b1f1-c9e4d627e436
5250,2012,CDF,BDU,GREENSPOT,14,1,1,56.50734,f4307534-8c84-40a5-aa76-01c701f26f59
5251,2012,CDF,MVU,BORDER 7,14,1,1,56.17696,f5922bf6-8064-419b-86fa-a9081a958ffd
5252,2012,CDF,BTU,CONCOW,2,1,1,55.93783,4b8b07e9-d338-4889-b09e-353b41f16e29
5253,2012,CDF,SHU,IRON,9,1,1,53.65981,45602054-98ca-4f8b-bca4-acd3d41015b9
5254,2012,LRA,LDF,SEPULVEDA PASS,14,7,1,53.52312,62de2e4a-6dc4-4c3c-bcb4-08d8e8768e67
5255,2012,CDF,MEU,GRADE,3,1,1,51.41531,fefa0942-f2e1-4f94-99bb-debe5ec3dfa8
5256,2012,CDF,BEU,DAVIS,9,2,1,50.20044,55499e95-e184-4bff-a22b-0ac9c70d0e7f
5257,2012,CDF,FKU,DERRICK,11,1,1,50.00498,bcbbba23-7c7d-4865-ad4e-cac981ef892c
5258,2012,LRA,LAC,HILLSIDE,9,6,1,47.19527,2b77d24f-97a5-4df5-a05d-5dcb5da77066
5259,2012,USF,LPF,TINTA,9,7,1,47.1736,bbfdea8e-0b84-4502-ad75-f15774f8d084
5260,2012,CDF,TCU,SHELLY,2,1,1,45.99245,481f7293-3527-4682-9469-60189f05632d
5261,2012,CDF,RRU,RED,2,1,1,45.88421,ba44cf24-bf70-4775-b361-1cde43542652
5262,2012,CDF,RRU,ROCK,2,1,1,45.63428,b9767207-e130-43ab-b3b1-22efe6c2322e
5263,2012,CDF,RRU,BLUFF,11,2,1,44.45541,aaecff93-9914-4017-b364-be53437a5f58
5264,2012,USF,ENF,HAZEL,4,1,1,44.30579,6dd9179e-fd4b-439b-9459-726ddd99bc3f
5265,2012,USF,KNF,BILL,1,8,1,44.28058,f39db3e2-5ef1-4bd1-be9a-fa87e89e52a5
5266,2012,CDF,FKU,FIRESTONE,7,1,1,44.09071,7b08fe16-5fad-4df3-b10d-13665b8400af
5267,2012,CCO,ORC,SANTIAGO,14,1,1,43.97403,de38f34b-70d9-477e-a66b-786186800272
5268,2012,CDF,FKU,REEF,11,1,1,43.68042,d5a28ead-dcca-4d4c-99e3-ed4d652fa73f
5269,2012,USF,LPF,LOOKOUT,5,1,1,43.56773,8688013e-2f32-406e-9947-6d995910b36d
5270,2012,CDF,BDU,TWIN,9,1,1,41.8919,cc0bc2d1-31ed-486c-b372-193ce38938dd
5271,2012,USF,MDF,SALISBURY,1,1,1,41.83918,07817e03-8a98-49ca-8cb4-91b63467a675
5272,2012,CCO,KRN,LAVAL,14,1,1,41.16521,83294d66-3cc3-48ea-a1e3-18f42b99294d
5273,2012,CDF,NEU,ISLAND,14,1,1,39.42474,5d7ea17e-8bed-42ce-a8ac-fcf08f140291
5274,2012,BLM,NOD,40,1,1,1,39.1368,015045e6-09db-450a-8221-cfea92d23f7f
5275,2012,BLM,NOD,TERMO,3,1,1,38.64613,5378ebff-3094-4746-9bf8-754aa6335c09
5276,2012,CDF,FKU,PIEDRA,2,1,1,36.75596,2df10148-1a62-4879-8fa0-7d8c11e5b1aa
5277,2012,BLM,CDD,POWERLINE,9,1,1,36.44505,30c178fb-05b8-46ed-a0fe-8dd514dfcb42
5278,2012,CCO,KRN,,14,1,1,35.61077,b77ddc80-10a2-4809-b56b-701c119f4a94
5279,2012,CCO,VNC,SKYLINE,14,1,1,35.34611,3505c033-b203-42bd-b140-adfc8634af65
5280,2012,CDF,SKU,AIRPORT,5,1,1,35.04528,fa5afe94-e228-437c-b17f-163f262bd63d
5281,2012,CCO,KRN,PRISON,14,1,1,33.2103,50acce3a-f2ad-4805-b0c2-1effa345bcf7
5282,2012,CDF,BEU,GLORIA,9,5,1,30.7073,5a301bab-be0b-49b1-8a5f-48990b700935
5283,2012,BLM,CND,ADOBE,1,1,1,30.60186,8591beb2-c3fb-4c7f-bcbd-c9df0ec970c8
5284,2012,BLM,CDD,JAMESON,9,1,1,30.00077,2444fbbe-dec7-4e98-be40-2f0d4d0db308
5285,2012,USF,BDF,TRUCK,9,1,1,29.61336,71e09243-f0ac-4b83-838d-84b2416b6472
5286,2012,CCO,MRN,MARTINONI,14,1,1,29.55169,badf39a8-8659-419e-8489-60bf20cebc0e
5287,2012,CCO,KRN,LANCER,14,1,1,29.23741,beab4fc2-31e5-4b7d-8b59-02d4623db8f9
5288,2012,CCO,VNC,MOUNT SINAI,14,1,1,29.06263,e23a10b6-a6a2-49a5-bb94-4101d294522f
5289,2012,CDF,TCU,ARMARIO,2,1,1,27.80452,71f04055-92a5-43e9-9607-4861ef17b038
5290,2012,USF,LPF,BLUE,1,2,1,27.25939,55d8d118-3c6d-49ab-ab62-4d238b3cf062
5291,2012,BLM,CDD,CHRISTMAS,9,1,1,27.12194,c9bd9f28-ee20-4640-93dc-5f6fce1c913f
5292,2012,CCO,LAC,RIDGE,14,1,1,27.09223,c9a3e608-5030-4d03-801a-6fa531b9bc62
5293,2012,USF,STF,DONNELL ,9,1,1,27.06427,644b5b73-c430-4ec5-a78a-c3d4f232e689
5294,2012,CDF,BEU,198,11,1,1,26.50986,64504501-f2a9-4863-80f6-f86e56d37f6d
5295,2012,LRA,RRU,BLUFF 2,9,6,1,25.88265,4b2af9bc-40b0-4950-acd2-ed5c3c0a69ac
5296,2012,BLM,CDD,LAMB,1,1,1,25.16839,b246668a-035e-48e4-b2f1-19e884940a49
5297,2012,USF,KNF,CARIBOU,4,8,1,24.01273,f41e46f5-a1b9-404b-ab65-59381a611dee
5298,2012,CDF,NEU,WALDO,9,1,1,22.87774,203d7689-a0e4-4424-bb9a-79269d2a4f7c
5299,2012,CCO,KRN,LERDO,14,1,1,22.81753,bbf79d0b-9ca7-4f9c-9a1b-f61b7f43d900
5300,2012,CDF,FKU,RUTH,11,1,1,22.72357,c1e54fe2-52ac-4cf4-a860-549f8df1f3be
5301,2012,CDF,BDU,ARROWHEAD,14,1,1,22.66902,e865fb2e-49ac-441e-a732-522e8f6147b2
5302,2012,CDF,MEU,POND,2,1,1,21.93608,3e430f70-4ba5-49e7-b654-d5add3cf443c
5303,2012,CCO,VNC,CONEJO,10,1,1,21.88642,d4e82537-ab15-4138-8813-484868fd80dc
5304,2012,CDF,NEU,DYER,11,1,1,21.76446,f2a95228-05c5-4765-9aae-ea5dc6a4ba1b
5305,2012,CCO,KRN,,14,1,1,21.45018,df891318-24c4-49b1-a9ad-0e44b178fbf5
5306,2012,CDF,FKU,TRACTOR,2,1,1,21.09004,b44fbea3-1805-4a14-8177-94c3e33cf127
5307,2012,CCO,KRN,CONDOR,14,1,1,20.97988,3f9930e1-c4b0-42b0-8f0a-9d24650fd253
5308,2012,USF,ANF,MESAVIEW,7,6,1,20.93059,9c5978f4-7770-46b6-a13e-2e8e4c6fb835
5309,2012,USF,SRF,RUTH DAM,9,1,1,20.7737,87ebeb9b-42aa-4706-86de-3b68beba7636
5310,2012,CDF,RRU,LINDELL,14,1,1,20.55804,22e45d93-69f3-4bba-b8d5-10ba9d476daf
5311,2012,CDF,MVU,OTAY - 3,14,1,1,20.46337,907a468e-ce88-4f4b-ba48-ac4d983e9c9c
5312,2012,CDF,SHU,LCA 1-9,1,6,1,20.46128,0982c432-b29c-4fd7-ad03-0f361a4933b9
5313,2012,LRA,SKU,KUCK,5,1,1,20.31199,8f3a4fc8-0ed2-42ad-9b18-5b9fbb48d19e
5314,2012,USF,BDF,CRANSTON,9,1,1,20.23123,0595f47b-1aae-49dc-8ce3-1b5881b51432
5315,2012,USF,STF,SPUR ,2,6,1,19.96159,768e9b76-f6b5-4aa7-8286-f12dbc22e7bd
5316,2012,BLM,CND,BIEDERMAN,1,1,1,19.96126,5127cb5e-da10-445f-b362-f41fc632f9d1
5317,2012,CDF,SLU,JACK,10,1,1,19.90348,8b103c1b-ca31-4ef1-88fc-f897ff6f716b
5318,2012,CDF,NEU,COUNTY,9,1,1,19.81854,6cc23388-e8ce-4e59-a581-a3a0afea656a
5319,2012,CDF,BDU,HIGH,14,1,1,19.5654,2fcaac16-f88d-4057-8317-08605b1bec90
5320,2012,CCO,KRN,WOFFORD,9,1,1,17.76819,dfef2b35-d951-45ca-85da-bb988d4745b6
5321,2012,USF,LPF,ROCK,9,6,1,17.56652,7d5ff84f-dd83-400b-bc84-0e28a2275254
5322,2012,CCO,KRN,TEXCO,14,1,1,17.54579,95748a61-749f-4b0f-b392-df3ba94bfacd
5323,2012,BLM,CDD,STEELE,2,1,1,17.39638,cc6049fc-9a25-414e-b619-c426d923b45b
5324,2012,CCO,KRN,,14,1,1,17.29,58c61f80-9a92-4460-8c36-0fa97f10f663
5325,2012,BLM,NOD,STONE,1,1,1,17.14488,46042a7b-ad4e-4d41-beb3-159608b9fffe
5326,2012,USF,KNF,RED,9,8,1,16.5757,2d80b4d2-91b3-4223-9769-a2ad5eeab35f
5327,2012,CDF,RRU,GILMER,9,1,1,16.11734,08901362-c5d0-4e79-9cba-7142fa9d093c
5328,2012,BLM,CDD,RANGE,9,1,1,15.65881,8ac95a5d-e6ae-49f9-9ed7-ed614026322b
5329,2012,USF,SHF,PARK,9,8,1,15.28892,18edfa5a-bfe7-4595-958f-2dbaa593920f
5330,2012,CDF,RRU,WHITEWATER,2,1,1,15.23534,36f73c49-599f-43a2-904d-0f7c645b8773
5331,2012,USF,ENF,STAR,1,1,1,15.10151,07701760-20dd-4c75-beb5-c092e96399c0
5332,2012,CDF,NEU,COLLINS,9,1,1,14.9755,b7bae276-5adf-42c6-966e-daa7503c7774
5333,2012,CCO,KRN,HILL,14,1,1,14.68506,190edba9-37f1-4f76-a489-0db72ed6fdfe
5334,2012,USF,SNF,SUMMIT,5,6,1,14.6584,e6a28378-d250-491a-8732-9ec7cfe38caa
5335,2012,CCO,KRN,JACK,14,1,1,14.42359,3d76fc07-9b6c-4c2e-ad9d-169ea916d4b5
5336,2012,USF,KNF,CECIL,9,1,1,14.06266,4a17da80-4611-4e7d-bcc2-120e8f43ebf2
5337,2012,USF,CNF,COTTONWOOD,18,1,1,14.06191,404c3319-8016-4913-bd7d-3bb4c65ca3f3
5338,2012,CDF,BEU,OLD STAGE,7,7,1,13.97499,97ffa07f-c4df-401d-af33-b203f99535a3
5339,2012,CDF,MEU,MILL,7,1,1,13.74345,60b858b7-6d25-4ac6-88a8-00e243614d68
5340,2012,CCO,MRN,RING MOUNTAIN,14,1,1,13.64399,03a2cb47-eecc-444d-a84e-d8a792f454ba
5341,2012,CCO,LAC,TEJON,9,6,1,13.61068,517cd3c4-d1f6-455f-8ce9-783f430743c5
5342,2012,USF,BDF,LAWLER,9,1,1,13.52737,23b9ab71-d267-448f-b943-acc4e96a9c39
5343,2012,CDF,SHU,WONDERLAND 2,14,6,1,13.28975,2b27569f-8345-42af-9040-761086cfab3a
5344,2012,CDF,MEU,VIEW,5,7,1,13.27463,a8fc7ba2-3305-489b-90c8-19e608beb97a
5345,2012,BLM,CDD,WASH,1,1,1,13.18567,25d32f71-c526-4315-a605-fb73106a892d
5346,2012,CCO,KRN,EDMONSTON,14,1,1,13.1081,52602cfd-b9ea-4654-9956-aca284d7912d
5347,2012,CDF,NEU,FIDDYMENT,14,1,1,13.05276,fc3eacfd-7d5f-4462-b334-3db6e49afca0
5348,2012,CDF,NEU,TWENTY,2,1,1,13.03008,e95e4a00-554a-4352-8a31-d1f3c3c1e032
5349,2012,USF,SRF,SWIM,1,1,1,12.80291,37b00a1c-2b05-4375-bf2e-8df641cd1134
5350,2012,BLM,CDD,BOONE,9,1,1,12.60547,2d46d788-e241-48cc-85f4-971a91d900b9
5351,2012,USF,INF,SAGE HEN,1,1,1,12.46299,ab0b2f84-a360-4fa5-abda-84ac86a8a2a3
5352,2012,BLM,NOD,RED,14,1,1,12.44968,92e74ebc-16d5-4bf2-a3f3-125cced88f08
5353,2012,CDF,BEU,NORTH,7,5,1,12.41647,e838563c-67cb-45d0-b4cd-43b7299ab1ca
5354,2012,CCO,VNC,HOWARD,5,2,1,12.36368,55dc8760-6a8a-449b-9bfd-d0c7ccd90b9d
5355,2012,CCO,LAC,ALISO,2,1,1,12.31213,5c99b066-deca-49fd-ab8b-899eb1565516
5356,2012,USF,ANF,PANORAMA,1,6,1,12.28031,fc54b143-8387-4114-8259-cbf238daac71
5357,2012,CDF,BEU,JOLON,18,7,1,12.07879,9b571372-dac8-49cb-b8e2-c740b8834756
5358,2012,USF,PNF,BRIDGE,5,1,1,11.9515,9600c412-f787-43f2-a2e7-96bfbaa96a47
5359,2012,USF,SQF,CAMPGROUND,9,8,1,11.76812,40a21679-e76a-4f21-b52d-30e970d494de
5360,2012,USF,LPF,YELLOWJACKET,9,6,1,11.4274,5e44a324-e00a-44ab-a205-a84623ee156c
5361,2012,BLM,CDD,BORDER 6,14,3,1,11.37237,d87b3681-2b27-4ed5-b285-42295cfaf638
5362,2012,CDF,BDU,KENWOOD,14,1,1,11.28533,a364f752-49b1-4d50-8487-1e504f9dec3a
5363,2012,BLM,CDD,MARTINEZ,1,1,1,11.01509,eee00aa2-5b0c-44a4-8829-d34447a8dcdc
5364,2012,USF,CNF,LA POSTA,9,1,1,10.94398,800d28ca-fb3a-4a3d-96f7-fcdbad41ca2b
5365,2012,CCO,LAC,MESA,2,1,1,10.90204,f48996de-a2fa-447e-b119-9be2b2be0489
5366,2012,USF,SNF,COW,1,6,1,10.86877,218649e3-6b28-4208-a0ba-08e36679a399
5367,2012,CDF,FKU,DUNLAP,14,1,1,10.58809,d3803dad-0edf-45bd-897f-21ef936ec123
5368,2012,USF,MNF,NORTH PASS ,1,2,1,10.47538,c7c0abac-a141-48df-9456-e49f9b847c36
5369,2012,CDF,HUU,ARROW COMPLEX,7,1,1,10.4508,9c871e39-e67f-4143-b325-62a72cca9155
5370,2012,CDF,BEU,SAN ARDO,11,7,1,10.35928,b8b13789-0277-4153-839b-4f061730755f
5371,2012,USF,STF,DEER,5,7,1,10.26912,51664d62-6628-4bec-ba10-b41488adc522
5372,2012,CDF,SKU,SYLVA,5,1,1,10.17638,54ad9558-0475-43aa-8acb-d1b88cdbc083
5373,2012,USF,SQF,WOOLSTAFF,1,6,1,10.17154,93930a9b-cd59-4a72-a28f-24618014d816
5374,2012,USF,SNF,CHINA,4,1,1,10.14638,9d301efa-c98e-4ead-be1c-2cb58167d9e8
5375,2012,CDF,FKU,RIDGE,1,1,1,10.13082,2c64ba5a-a4fd-4fb5-a149-a78dd38938e4
5376,2012,CDF,RRU,BRADFORD,14,1,1,10.05645,a5fbd908-ad25-40c9-a0de-9e2b06807098
5377,2012,CDF,MEU,RIVER,11,2,1,9.902733,5974aa91-4482-4d81-ae29-e42522f0b8b7
5378,2012,USF,SHF,LAKE,9,8,1,9.714417,adbe630b-5e38-469d-82b6-ddff42926908
5379,2012,CCO,LAC,BOUQUET,9,6,1,9.260748,2fc2a9ec-5287-4fdb-ab4f-c1d9098c7273
5380,2012,USF,STF,SOURGRASS ,1,1,1,9.016233,549fb89c-0ac5-4c4a-8392-187c7aa81163
5381,2012,USF,BDF,HWY 18,2,1,1,8.931617,9778f2f8-138d-4817-a78e-e0a892685bac
5382,2012,CDF,NEU,HAMMONTON,14,1,1,8.801872,f7f44890-721a-4e15-814a-d29ec67744cd
5383,2012,NPS,DVP,SOUTH,1,2,1,8.680425,e239a09c-ecc7-40e2-a1fb-792b01b9c9b6
5384,2012,CCO,KRN,NINE,14,1,1,8.37477,93f87576-d32d-4197-8adf-5976f7dc4ec4
5385,2012,CCO,LAC,VINCENT,1,6,1,8.250733,0e74e802-492c-4155-98e5-ba7ee80bde2d
5386,2012,CCO,KRN,CHESTER EXT,14,1,1,7.590494,0557ee6d-63c1-4aad-a6fb-3c0f2f3f096e
5387,2012,CCO,LAC,HIGHWAY,2,6,1,7.48768,4a24d042-a847-490a-bc8f-ec2d9d09a767
5388,2012,USF,ANF,RESERVOIR,9,6,1,7.472881,980bacfb-db0c-4207-a738-6718c64f3c0a
5389,2012,CCO,LAC,AGUA,2,6,1,7.086761,023722c4-6923-42f6-92ee-4b0ecc025210
5390,2012,USF,CNF,BUCKMAN 2,14,1,,6.940402,53d576c6-e606-40ca-8928-09924462b7b9
5391,2012,LRA,LDF,RUSTIC,7,7,1,6.449695,26eaf1d6-2800-44a7-ac1c-f9a5a8812740
5392,2012,USF,BDF,LYTLE,9,1,1,6.424704,cd4e46d0-f312-4a5a-8fb4-2d1a3ee60e1a
5393,2012,CDF,RRU,BONITA,1,1,1,6.413171,4401d828-a917-474c-9a73-01300fd6f4c2
5394,2012,CDF,SKU,MOFFETT,1,1,1,6.224275,404ad102-8141-49f8-9c15-91824d64955e
5395,2012,USF,ANF,STEELE,16,1,1,6.09081,35b564d1-0df6-4307-88d4-ab5243cae42e
5396,2012,USF,ANF,SHINN,9,1,1,5.998867,e8e13b0e-99ae-413b-8b4f-f4f5d6f5899b
5397,2012,LRA,LAC,GLADDING,9,1,1,5.810968,5c6118ac-f8cb-45bf-a44b-c51f375fc2b6
5398,2012,CDF,LNU,STONY,10,6,1,5.728555,7eb90c83-6f49-417e-885d-575913584d20
5399,2012,CCO,KRN,RANCHO,14,1,1,5.61855,0f033b8a-dc49-4d40-be30-04adc3110b93
5400,2012,USF,MNF,NORTH PASS,1,3,1,5.369696,993b5dfd-b555-45c6-9a75-bba6c6f9fda0
5401,2012,LRA,LAC,OLIVEVIEW,14,1,1,5.262163,19f8d1eb-0955-4c72-8f5c-fcd8614d1444
5402,2012,CDF,HUU,ARROW COMPLEX,7,1,1,5.197586,4361c1a8-3442-416e-a49b-2bb365c5c578
5403,2012,CCO,KRN,WALKER,14,1,1,5.085289,79a71513-5d8a-4102-88e8-dcdea87fa5ed
5404,2012,CCO,KRN,,14,1,1,4.845564,173d9976-b38b-45df-ba9b-bf1bff2a6900
5405,2012,CDF,RRU,TAFFLE,5,1,1,4.751993,f7841d0e-18c8-41fa-a355-9f660293c94c
5406,2012,CDF,SKU,SHASTA,14,1,1,4.532138,e63d9e33-5636-4316-bafb-c312ee7eb90b
5407,2012,CCO,KRN,HOOPER,14,1,1,4.333495,c1ebbd85-12a5-4f64-bf87-ad1e19d89a7d
5408,2012,CDF,RRU,SCOTT,9,1,1,4.255865,34e8a0c7-5263-4411-96d3-e9a81b4425c8
5409,2012,CCO,KRN,CAMP 9,14,1,1,4.21137,7c1163b7-8ab2-44ab-b638-ae61ff1e7453
5410,2012,CCO,LAC,MARTINEZ,14,1,1,4.11401,70906639-4ce5-49c2-a408-76e5a3aac8b9
5411,2012,CCO,KRN,BEALE,14,1,1,3.91666,1902fa1f-b473-409b-9c96-7bc7aa718cf9
5412,2012,USF,ANF,BIGROCK,7,1,1,3.582148,966e0801-ab62-457e-a879-08c374006f17
5413,2012,CCO,KRN,,14,1,1,3.577844,f0d9407d-1bd2-4e03-9ce1-f1d11a361f04
5414,2012,FWS,PLR,TURKEY,14,4,1,3.573257,8fd110e2-a5c6-4f49-a021-3d98225a1686
5415,2012,CCO,KRN,LERDO,14,1,1,3.505998,39299e50-410a-4a61-9fdc-76cbd6ba4ee1
5416,2012,CCO,KRN,SIERRA,14,1,1,3.3817,ed57a5aa-0ac2-4b9e-92f5-a898eb96e48d
5417,2012,CDF,SKU,DUZEL,5,1,1,3.286155,2f6f808a-967d-4720-96fd-f82ba4e9fbad
5418,2012,USF,BDF,HWY 74,2,1,1,3.270212,8258088c-1fb0-4981-be50-bcf4e7d1faab
5419,2012,CCO,KRN,,1,1,1,3.157247,b66103cb-6492-4884-b8a4-1181fbb81897
5420,2012,BLM,CDD,WYNOLA,1,8,1,3.0334,d7ffddbe-fb72-4eee-ab82-f37380b9e514
5421,2012,USF,PNF,PEAK,5,3,1,2.916034,3d496976-18bc-4698-83e0-de56cd36112d
5422,2012,CDF,SKU,BOLES,4,1,1,2.544223,2333346a-e4f6-4ccd-a3cb-a197433b38e0
5423,2012,CCO,KRN,TUCKER,14,1,1,2.454007,7542d24b-4f50-4f6e-b2a4-f4af96c8425a
5424,2012,CDF,SKU,JOYLAND,5,1,1,2.345029,ae2f2588-1f5e-41ae-a677-fa8dbfa12cde
5425,2012,CDF,SKU,EDGEWOOD,5,1,1,2.311249,635fcc7a-06d5-4275-a9fe-f611f3404732
5426,2012,CDF,HUU,ARROW COMPLEX,7,7,1,2.248165,9e02e31a-5257-410b-aff7-65f0a5d64232
5427,2012,BLM,CDD,SHOOTS,1,8,1,1.987259,b31192c8-f865-4234-903a-dcdfaf224937
5428,2012,CDF,HUU,ARROW COMPLEX,7,1,1,1.821284,539a7c9c-4c5b-4bc9-a0db-acd23dc9fede
5429,2012,CCO,KRN,BLUE,14,1,1,1.567934,a766c5e9-18c5-49ae-8d6a-f638c2db2980
5430,2012,BLM,CDD,COOPER,1,3,1,1.48182,de64a303-d12c-4691-a255-678ff7bcdff1
5431,2012,CCO,KRN,,14,1,1,1.346432,a97ca790-fdd4-4c7a-85cf-c340024ffb44
5432,2012,CCO,KRN,CHOCTAW,14,1,1,1.226759,70bc4152-9e3e-4b2f-83e8-0105256205f5
5433,2012,CCO,KRN,VISTA,14,1,1,1.113958,cd9a62f3-02b1-4a24-92ae-3f2fe3c93264
5434,2012,CDF,SKU,DORRIS,9,1,1,1.046569,f7358f19-57f6-40af-a89d-b2e70849be06
5435,2012,CDF,SKU,DENNIS,2,1,1,1.019931,71301c59-4a9c-49ba-953a-e77b1a0bb7fe
5436,2012,CCO,LAC,MULHOLLAND,14,1,1,1.006281,61f7f209-c6f7-4f9b-bece-0c0c173cdad7
5437,2012,CCO,KRN,,14,1,1,1.004881,ce01d880-28f8-4dde-9ea1-6e4d4fac2234
5438,2012,CDF,SKU,BAILEY,14,1,1,0.9245238,d5e2c495-f04d-4f1f-829d-aa5f83936056
5439,2012,CCO,KRN,,14,1,1,0.8748451,78badbd9-383e-4649-8b49-28d6cf070e3d
5440,2012,CCO,KRN,COLE,14,1,1,0.8198445,c6a86145-b42a-428b-a101-e8c837fd18e2
5441,2012,CCO,KRN,,14,1,1,0.7917694,df6a736c-ec25-4317-8c81-5690d497fcfa
5442,2012,CCO,KRN,COWBOY,14,1,1,0.7817711,2a759784-e50f-404e-ace5-16587c7b5f26
5443,2012,CDF,SKU,REYNOLDS,5,1,1,0.7661005,54431173-a15c-47ec-a633-9dbed63af761
5444,2012,CDF,MEU,POND,2,1,1,0.730868,e0c68956-e490-4942-92ee-4b4cb4064ba3
5445,2012,USF,ANF,POWERHOUSE,14,1,1,0.7162568,31992d90-a5f6-436f-8b94-29295516bb1e
5446,2012,CCO,KRN,PASADENA,14,1,1,0.7149562,0e013a29-8777-492d-ba3d-a5645193c4f2
5447,2012,CCO,KRN,KEYSTONE,3,1,1,0.6350515,636e8c10-0582-4782-9d79-41ff73581e2d
5448,2012,CCO,LAC,CASTLE ROCK,11,1,1,0.6287549,91f87471-474e-493d-99be-9f40a78b5a4d
5449,2012,CCO,KRN,TUCKER,14,1,1,0.6045671,578fc3a8-c7c6-47d0-afaa-af0e4338c23b
5450,2012,CDF,HUU,ARROW COMPLEX,7,1,1,0.5528333,53582662-b37d-405a-9a30-b947047c7a85
5451,2012,CDF,SKU,PIONEER,5,1,1,0.5372313,65531772-2fef-4fe0-bdae-3ceecff6b5f8
5452,2012,LRA,SKU,MONTAGUE,14,1,1,0.4858736,fe911a45-0857-4aea-b526-172dd375eee4
5453,2012,CDF,SKU,PICARD_2,14,1,1,0.418681,8517e2b1-4a75-4f96-9eec-8b38de9c0076
5454,2012,CCO,LAC,ESCONDIDO,3,1,1,0.393941,606f2f93-b866-419a-8c7a-c96885d553b5
5455,2012,CCO,KRN,HISTORY,14,1,1,0.3196306,e3cf8abc-a5e1-44c9-b90a-debb500ae7c5
5456,2012,CCO,LAC,VANTAGE POINTE,14,1,1,0.2644691,374f66f6-cd5b-4c7b-8607-857502319635
5457,2012,CCO,KRN,,14,1,1,0.2572567,4b518cfe-5d48-4ccb-8431-d4fe5c3538c4
5458,2012,CDF,RRU,TAFFLE,5,1,1,0.2373483,9da416fd-e16a-49ce-8c09-23bd2e6b3703
5459,2012,CDF,SKU,PICARD_5,9,1,1,0.1757126,5d25afb2-b93f-4710-b6ac-f161e6986660
5460,2012,CDF,SKU,PICARD_3,14,1,1,0.1121255,a0b66f2d-5171-47ab-8f1b-42d8989e3728
5461,2012,CDF,SKU,PICARD_4,7,1,1,0.061134,efc3bcac-559d-40f0-9519-511ca0c5a6fa
5462,2012,CDF,SKU,PICARD_1,9,1,1,0.04874072,fbf60a1e-4d41-4d55-963f-c5c56f61dcbc
5463,2012,CCO,KRN,155,14,1,1,0.04238342,ba19d654-0ee6-432f-be59-75c984ee8998
5464,2011,CCO,KRN,COMANCHE,1,2,1,25939.01,46173b2e-8076-4d08-8d87-c567ec8c99e0
5465,2011,CCO,KRN,BRECKENRIDGE COMPLEX,1,7,1,25223.41,f073c965-ed3c-4fcc-8bd5-85ccd810550b
5466,2011,USF,SQF,LION,1,7,1,20681.54,b028c9db-5636-4ef5-ab96-3afd00b29cab
5467,2011,CCO,KRN,CANYON,16,7,1,14585.36,93cf0325-cf27-4e0e-9306-84c12752da7f
5468,2011,CDF,MVU,EAGLE,7,7,1,13992.99,f95965fe-9783-45e3-9ee8-13c81fa1c803
5469,2011,CCO,KRN,REED,1,2,1,5899.568,8c30c2a3-2312-419c-a568-ec4f5a6d563e
5470,2011,CDF,BDU,JOHN,14,1,1,5799.841,23d57290-6a1a-41d8-ac68-1e070024aa4c
5471,2011,USF,SQF,MOTOR,2,8,1,5230.338,3743c723-9583-430e-8188-b47ad3bf05e3
5472,2011,CCO,KRN,ANTELOPE,14,7,1,5068.753,799f068a-da76-41d3-82b2-5130bd0bbd9e
5473,2011,CCO,KRN,NORTH,1,2,1,3438.941,0e72b328-b6f7-43c5-ac07-24d42370eaf8
5474,2011,CCO,KRN,QUINN,14,1,1,3138.897,f90390fd-a2ca-42a1-bfe6-250303548403
5475,2011,CCO,KRN,INDIAN,1,7,1,3068.719,e32347c0-9078-4859-9d02-5f7409aea411
5476,2011,CCO,KRN,KNOB,1,7,1,2709.766,5f323100-96fa-434e-ae5f-04dad19ed6fc
5477,2011,CCO,KRN,BLACK,1,1,1,2577.548,0f1e07b1-a01c-4f8d-ae0b-2697260a49e0
5478,2011,CDF,MVU,GREAT,14,7,1,2133.962,d290009b-0926-4b70-9965-858724137460
5479,2011,CCO,KRN,CATTLE,1,2,1,2130.331,acc20de0-0217-494d-a55a-1e163eaf5053
5480,2011,BLM,NOD,ANNIE,14,1,1,2075.78,0f3344fa-3853-49b9-927d-6ce052bf2363
5481,2011,CCO,KRN,65,1,1,1,2003.45,a89502b5-38c6-4feb-9d5b-98f88a156058
5482,2011,USF,MDF,COUGAR,4,1,1,1790.561,779f7b34-2917-4e2a-9d40-0e3f06056615
5483,2011,CCO,KRN,BAKER,1,7,1,1711.335,f1908664-a095-4c95-a3c8-6cf3acf6e78f
5484,2011,NPS,MNP,WELLS,1,2,1,1708.175,71741a1b-71fb-46f5-a95b-9ba10aded75a
5485,2011,CDF,SLU,SODA,2,7,1,1533.496,84513cc9-c506-4596-a5af-f29df2915572
5486,2011,USF,SRF,RUTH,5,3,1,1457.138,db21f24c-6a42-4629-86fb-26eed2c1b7b5
5487,2011,USF,MDF,SCORPION,6,1,1,1417.535,c38df4dc-078f-43b2-9a65-eb6441ac123c
5488,2011,USF,MDF,MAMMOTH,6,1,1,1193.316,34143055-c01a-4295-82b6-173b76c7b57b
5489,2011,USF,BDF,HILL,14,2,1,1159.325,8c56c371-610a-4f64-bfd4-884b1d9a0dd8
5490,2011,CDF,TUU,STAGE,2,1,1,1129.855,0a9b8da5-4eeb-415d-a48a-086fde4fa3f3
5491,2011,CDF,TCU,MILTON,1,1,1,1122.455,b049c1c2-e155-424a-99ac-853a0b633f7c
5492,2011,USF,SQF,COVE,9,2,1,1121.373,bc6a1ea2-7426-43a6-a143-2085fde51d5a
5493,2011,USF,SQF,WILLOWS,7,7,1,1121.115,f1a00e75-ffcc-453a-bf3a-d4c998e4cb69
5494,2011,NPS,YNP,AVALANCHE,1,1,1,1068.116,8b891178-a7bc-4bca-a5f8-3e2513246420
5495,2011,BLM,BBD,BUCKEYE,1,1,1,1045.609,6a4a92e0-1faa-4087-80ae-f4bda6dd55fc
5496,2011,CDF,RRU,GILMAN,14,2,1,1026.639,9e3bc07e-5e9b-4f63-b9b0-800ca00c35a9
5497,2011,NPS,YNP,TAMARACK,1,1,1,1014.106,8ca0b5fa-e041-4439-a78d-6c30d5366423
5498,2011,CDF,BDU,WINTERTON,18,1,1,908.4495,7d696da2-2f88-46c2-82d1-82fb5da24b9c
5499,2011,CDF,TUU,GRANITE,1,1,1,872.8737,f1c34a3b-2511-44f8-bfe4-bca3991319bd
5500,2011,CDF,BEU,METZ,11,2,1,832.1211,d58da643-38c9-4462-ae10-8349ecfeee54
5501,2011,BIA,CDD,LAGUNA,14,8,1,730.8424,2d933aa5-03f3-407d-be00-28e531c6dbad
5502,2011,CDF,LNU,BEACON,7,1,1,702.765,3cedb915-a7d6-401f-b9cb-a0dd77e228a3
5503,2011,CDF,TCU,BLUE,5,1,1,698.1445,bfd0e708-fdc6-4e8a-b332-d51686b7c8fb
5504,2011,USF,LPF,FIGUERO,2,8,1,675.5593,d9bd7904-fa09-4062-b961-771d1df64e82
5505,2011,BLM,BBD,58 COMPLEX,11,1,1,674.2451,a7c091d9-186e-4449-be33-018f7c237236
5506,2011,CCO,KRN,IKEA,14,1,1,667.1498,f9667d9f-57ca-458b-8bdb-a9ba5700b238
5507,2011,CDF,MEU,PASS,10,7,1,643.9498,43b5d8d3-8d38-41e2-bb5d-04be1020c029
5508,2011,CCO,KRN,WOLF,1,1,1,633.4729,12fa617c-fe0c-4dfa-b06c-bc348f56e3e2
5509,2011,USF,ANF,MINT,9,2,1,601.9916,af25d578-8ede-4f9d-ba6f-1bb886cd6818
5510,2011,CDF,MMU,ERRECA,10,1,1,568.4095,487caaad-a926-4c03-a5cb-6e23fe938e5b
5511,2011,USF,KNF,ONION,1,1,1,561.7266,670b9deb-d117-49df-b153-079e4e8e9e09
5512,2011,CCO,KRN,BLUE,1,1,1,561.4402,2af13735-b6b5-49c9-9f22-1641a168b0d0
5513,2011,CCO,KRN,CALIENTE,1,1,1,552.2788,160f6c63-e070-450a-9d04-60a1fa446395
5514,2011,CCO,KRN,LIGHTNING,1,2,1,550.7938,21d0101a-b245-427d-9b5e-695c35b1d0e8
5515,2011,BLM,CDD,WINDY POINT,9,1,1,541.4962,84f84d4e-055d-4870-a6d5-ce0788bf4fd7
5516,2011,CDF,HUU,SPANISH,2,7,1,523.9898,8a54c307-0edf-4df6-be6c-e9be93d686d9
5517,2011,CDF,SCU,FLYNN ,9,2,1,517.3747,579bc9ec-f4c5-454d-b13d-34d2a6253f55
5518,2011,CDF,SCU,TOP,8,2,1,516.9648,1fbde3aa-61a0-4a87-9c30-7f390a5aaa42
5519,2011,CCO,ORC,CARBON CANYON,14,7,1,508.3433,dceafd45-9534-4d15-b23e-38668c624832
5520,2011,CDF,LNU,KNOXVILLE,3,1,1,507.8069,7867bdb2-4fe5-4eb2-bc85-529f6ba57316
5521,2011,USF,STF,PUNCH,1,1,2,507.4517,a5c1b0aa-fac4-4e6c-b57d-faef35d581bb
5522,2011,CDF,TUU,TENNESSEE,1,1,1,484.8282,e536b93f-f635-4785-a7f3-0431dc48e53f
5523,2011,USF,ENF,LONG,1,1,1,482.9054,185cfd14-f628-4798-bb04-ca8e52be9938
5524,2011,CCO,KRN,HARPER,1,1,1,465.2943,5b6e5d93-1d66-4173-b2c4-fe1f711ce10c
5525,2011,CDF,MMU,ROMERO,14,1,1,451.0401,48d2012b-33dc-4925-8a42-965d7049b94d
5526,2011,CDF,BDU,CENTER,14,1,1,440.6908,50edf215-f933-453f-a346-f615bd3f07a5
5527,2011,CDF,SCU,CHRISMAN,10,2,1,431.7294,53078979-4800-4155-9fc8-dafd06782415
5528,2011,CDF,RRU,KELLER,2,1,1,411.1817,2279d6bd-8dd4-4452-a6b2-0b62a10e4cb1
5529,2011,CCO,KRN,OLD,1,1,1,408.6696,13a6e454-5d61-4e71-a701-245742016cd1
5530,2011,CDF,BEU,CATTLEMAN,11,2,1,384.795,dd98321b-3739-4d6d-8d93-746412c3c0d2
5531,2011,CDF,SLU,HIGHWAY,10,1,1,380.589,d61f2fa2-bea9-4239-beef-85522385fd30
5532,2011,CCO,LAC,OASIS,1,7,1,355.5502,59273ef6-e952-412a-a930-ba512d77985d
5533,2011,USF,ENF,SALT,9,1,1,342.9043,2860da22-281d-4c39-8619-f0d4ca423d14
5534,2011,CDF,TUU,MUD SPRINGS,1,1,1,342.8059,9f1488ed-5e81-4001-b138-6a154748c77e
5535,2011,CDF,NEU,KRISTA,14,1,1,341.6777,99159d10-cfe3-49c2-a2f2-fc9021146151
5536,2011,CDF,TUU,ROADRUNNER,7,1,1,334.6219,16105499-375d-4086-8a51-16074a32f576
5537,2011,BLM,NOD,HERLONG,14,1,1,324.9071,d07ceb6b-9022-45d4-82b7-86ee42ba1ab3
5538,2011,USF,BDF,KEN,2,1,1,322.3915,7d0158c0-5eec-4b00-87eb-a887db6ce972
5539,2011,CCO,LAC,WAGON,15,7,1,298.8475,f20f6448-49c0-466b-a05e-804a8edcabaa
5540,2011,CDF,BDU,BOWEN,14,1,1,294.4362,ac2c9f64-7236-4bdb-97d3-b07dadadab15
5541,2011,CCO,KRN,HART,1,1,1,283.8314,dc852a8d-e256-46dd-9f4a-9f9c780c4e64
5542,2011,BLM,NOD,HOG,1,7,1,267.3528,61a98e91-0562-4f7c-8557-a2f337a580f4
5543,2011,CCO,LAC,RANGE,10,7,1,241.0146,02a4272f-c061-4c16-b9c7-79414acfd3a0
5544,2011,CDF,NEU,WEST BUTTE,9,6,1,240.4373,4ba3f6ce-4344-4417-ae9f-92a75003d8f0
5545,2011,CCO,KRN,HARRIS,1,1,1,217.545,13ef8b5e-1169-4b78-888c-c0f7a3aef437
5546,2011,BLM,CDD,TRONA,9,1,1,217.4034,e42b0f3e-67c7-4859-9c34-87994198b48e
5547,2011,CDF,BEU,RELIZ,10,2,1,215.6143,4c9a0e2c-db88-4d35-8fb0-fefeedb027c3
5548,2011,CDF,FKU,WEST,14,1,1,214.0219,1253fae1-41ec-4716-9c21-c7fdc7c975a8
5549,2011,CDF,FKU,GATOS,2,1,1,209.7798,3341da8a-21a5-40a0-9d31-84fcf7053902
5550,2011,USF,INF,BUTTERMILK,4,8,1,206.3687,ecdf6eb0-30bd-46bd-9184-2585fe382b3a
5551,2011,NPS,YNP,BALD,1,1,1,202.9928,9afab839-ac15-445a-a896-b02d6e54424b
5552,2011,CDF,MVU,PALA,11,2,1,191.5002,5213ac35-97ef-421e-b45d-19bacb87be45
5553,2011,CCO,SBC,CANYON,2,2,1,188.9787,65482d30-5573-47b5-b4ce-232bfc234654
5554,2011,CDF,SLU,BITTERWATER,2,1,1,187.7928,7868506e-c47a-4444-aa60-8f412eab80ff
5555,2011,CDF,MVU,BEE,9,1,1,185.4253,a8ec6852-2d06-4066-bc84-64057c61a801
5556,2011,BLM,BBD,UNKNOWN,1,1,1,182.72,171cc7a1-30ee-4276-9ea7-1d7e2f51fbb8
5557,2011,BLM,CDD,JOHNSON,9,1,1,179.29,9c7fd5a8-49bf-41cf-9308-d73f928ae0c7
5558,2011,CCO,SBC,ALISOS,9,1,1,171.7036,165caa37-0554-4cdc-8cb4-ff976f1b3659
5559,2011,BLM,CDD,JAWBONE 2,1,1,1,170.0369,627f0a2c-7d59-4167-a0dc-73ea196b6add
5560,2011,CCO,KRN,WILLIAMS,14,1,1,167.452,25b3b6c1-d433-4783-94c3-188321aac6f2
5561,2011,CDF,RRU,GARZA,2,1,1,167.3494,0e2fd921-9530-4d46-855b-233401e6a128
5562,2011,CDF,FKU,CANYON,2,1,1,162.7898,a7910843-21b6-47d9-b660-bae8fb1b20c2
5563,2011,CDF,MVU,BARRETT,1,1,1,160.2964,db6b334b-74a2-434d-9f12-645715a8f2c1
5564,2011,CCO,KRN,GRAPE,10,1,1,155.2015,74eb7342-0e80-41e8-8032-27c1438f9be0
5565,2011,BLM,BBD,KEY,14,2,1,151.0212,c10ecb3d-5bc5-48ef-b94c-71d581562b1d
5566,2011,CDF,NEU,SMARTVILLE,10,1,1,149.2061,1fb5f20b-030d-4297-99c0-04db4342c5e4
5567,2011,CDF,SCU,BIRD,11,2,1,144.9671,d6957fcc-1d26-441b-ae20-79a101960e99
5568,2011,CDF,BDU,ROUNDUP,14,1,1,143.4112,45abd450-2021-458d-9286-7a80c9d90417
5569,2011,USF,CNF,RIDGE,1,1,1,141.8243,e0627a9e-1025-4ac8-98dd-7f1cff757127
5570,2011,CDF,NEU,YEAGER INCIDENT,10,1,1,140.3277,aab0e0e7-d3de-45a4-8fb3-3358c4dfe50c
5571,2011,BLM,CDD,QUAIL,14,1,1,138.65,5f359ce7-4e31-4a35-a955-e1ccaaf1e39b
5572,2011,BLM,CDD,EL MIRAGE,9,1,1,138.5002,67e8a862-9e17-4797-aecd-a6568eb434d7
5573,2011,USF,SQF,COW,1,7,1,135.8848,c31bb304-a881-4e31-bf29-2657248288ff
5574,2011,CDF,BEU,ARGYLE,4,7,1,134.7687,6cee4882-09b5-47c2-8d47-c39e58aef81e
5575,2011,BLM,BBD,TUPMAN,2,1,1,134.3597,2fafb63a-3392-461d-9a5e-22a3181c87bb
5576,2011,CCO,LAC,LIGHTNING,1,7,1,132.5602,6e32c0ac-1858-461c-8351-134dc71c47d2
5577,2011,CDF,SLU,MARCOS,10,1,1,129.6425,c3ba2628-e2e6-49e3-acbf-f0c0c362b398
5578,2011,USF,LPF,HURRICANE,1,8,1,124.81,25ecfa9f-47c4-4dde-b321-7092de0472cf
5579,2011,BLM,BBD,PEAK,14,1,1,120.4073,bd41f165-eb27-40c4-a9a2-2518f3f926aa
5580,2011,CDF,SKU,HAWKINSVILLE,2,1,1,120.1135,e9a7df52-90b7-421a-a866-2bdde2638c25
5581,2011,CCO,LAC,BANNING,2,7,1,117.999,13a3cf6d-9580-40c4-95dc-44145411c216
5582,2011,CDF,FKU,HIGHWAY,2,1,1,114.5797,ad35b9c0-7d95-4941-87ea-b55a80ff44cf
5583,2011,CDF,TCU,LAGRANGE,9,1,1,114.4146,5c99d58b-9d9c-4532-ad06-46e2c07bcc43
5584,2011,USF,SQF,BLOOM,1,7,1,114.3859,a89cc6e1-a686-4118-aa59-9f942998c4bc
5585,2011,CCO,LAC,EAST,1,1,1,113.5577,5c092b8c-5dd6-4e1f-aa1b-3b86f7fd9b16
5586,2011,CDF,NEU,SOUTH RIDGE,14,2,1,109.5609,68c5861f-5ac9-4b3e-97af-9d387c14fb0a
5587,2011,CCO,LAC,RIVERBED,14,1,1,108.0505,019c5953-efa7-4979-b144-7cfe6c547abd
5588,2011,USF,LPF,GOAT,1,6,1,107.0067,3c41117f-af7a-4ff7-b7ca-61e18c6ad90a
5589,2011,BLM,CDD,ABIGAIL,9,1,1,104.6856,c505fdb8-4a14-4a08-8fb2-93882a94cc3a
5590,2011,USF,CNF,TRILOGY,9,1,1,102.8208,db47e60b-89ae-4284-9ae7-de54fb4a1b59
5591,2011,USF,ENF,BLACKSMITH,5,1,1,101.2743,9622ae52-7442-48a0-8b60-fe20fa001475
5592,2011,CDF,RRU,CABAZON,14,1,1,98.981,9bdf00f9-6f33-425b-bc27-07c1a7a01fbb
5593,2011,BLM,CDD,CAHUILLA,9,1,1,97.54586,3fc7979c-3779-4504-8510-f2db08c42721
5594,2011,CDF,BEU,FREEMAN,2,7,1,97.39137,dad41677-07f3-4aef-b11e-0dfd468e5b45
5595,2011,CDF,TCU,MIDDLE,2,1,1,96.83292,d7916e87-ff7b-467d-9564-f62c4c1fc082
5596,2011,CDF,BEU,PINE,5,2,1,89.82805,3b758cbd-7a9c-405f-9363-31fbaed4b541
5597,2011,BLM,BBD,ELK 2,2,1,1,86.58503,d61552b1-08fe-4e44-a5e8-511b7bfc70c1
5598,2011,BLM,NOD,HOLBROOK 2,1,7,1,84.09361,11cd70a7-d111-45df-92c6-7e3b2a55ba3a
5599,2011,CDF,BEU,ARDO,11,2,1,83.77201,87c3ce0c-82b3-4796-a14b-8b6d7a770c77
5600,2011,CCO,LAC,PARK,14,7,1,82.12325,e0be9451-baf3-4d80-8d34-27489bba1263
5601,2011,CDF,NEU,FIDDYMENT,9,1,1,80.91879,bf6524d8-6496-4814-8a0b-64b1840fd144
5602,2011,CCO,LAC,CHARLIE,14,1,1,80.12396,47e84ba2-fff7-4ecb-a59f-1b22b826367f
5603,2011,CDF,RRU,WHITEWATER,14,1,1,78.90387,17098400-84ef-46c3-a758-37459dcc981b
5604,2011,CDF,BEU,ROSA,9,2,1,78.74112,208f8ad3-30e0-4d73-9c48-4436417e5421
5605,2011,CDF,SLU,GENESEO,14,8,1,78.68054,7917d235-66b1-4035-9f5d-a9f1374918ec
5606,2011,CDF,TCU,BRIDGE,14,1,1,77.20834,777a32f9-3c12-41b9-9a6e-71a3bbb0a058
5607,2011,USF,ENF,LONGJOHN,5,1,1,75.98407,c75183ed-f280-4a01-a710-470df8dd8ac9
5608,2011,BLM,CDD,SPANISH TRAIL,5,1,1,73.9867,d88cc722-cd35-4574-abf7-4b022f6c2370
5609,2011,CDF,TCU,MURRAY,2,1,1,71.58362,062ac3a8-704e-45e2-88f0-74e44b2e7023
5610,2011,CDF,RRU,SAN TIM,14,1,1,71.13065,d96bfd75-a4fb-4b47-b613-2a4283fd089c
5611,2011,BLM,BBD,SEVEN,2,1,1,69.24511,347d768e-7a87-48b8-b10e-6d64c0f84d75
5612,2011,CDF,BEU,SARGENTS,2,7,1,68.46138,a3fbf418-897c-4e83-956f-88838024817b
5613,2011,CDF,BDU,FLORIDA,14,1,1,67.3874,0bcabb8a-4570-4004-b516-2a8d41ef6b00
5614,2011,CDF,NEU,SPENCEVILLE,14,1,1,65.92692,c72bd7ea-2740-4509-9a5a-f245d46affc6
5615,2011,USF,LPF,BUCKHORN,1,8,1,65.54086,fbfa4d35-fc11-4aab-a655-973aca2bbbc0
5616,2011,USF,CNF,SAGE,10,1,1,64.58863,baafc1d2-f454-455c-9a99-64675c5c6bdd
5617,2011,CDF,FKU,REEF,1,1,1,64.31986,f8faea32-2176-40a7-85b1-1df386f1ff4b
5618,2011,CDF,SLU,YOSEMITE,11,1,1,64.04843,6c2f75b2-e771-487d-a889-4b607e716835
5619,2011,CDF,HUU,SNOW,18,6,1,62.84015,e0c3f289-1ff1-49d4-9f01-8c38ea515e08
5620,2011,CCO,VNC,FOOTHILL,11,1,1,60.44737,1b0e63e6-4a9b-4403-9519-1f7998800bf6
5621,2011,CDF,FKU,JAYNE,2,1,1,60.0936,16b5bcdd-c1d5-45af-b132-3a3afb866786
5622,2011,USF,STF,RIDGE ,5,1,1,59.73061,2c9fe909-3803-4b96-b0a7-189861438104
5623,2011,CCO,VNC,COLLINS,14,1,1,58.85123,7d721d6d-3011-48d0-bfaf-d3ddb5085377
5624,2011,USF,SQF,CHURCH,1,1,1,58.56498,5d989dcd-5638-49b2-abe3-f0895b95de0c
5625,2011,CCO,LAC,INDIA,2,7,1,57.09016,88be3339-ff9b-4112-a305-76a61150495c
5626,2011,CDF,TCU,FRECCERO,7,1,1,56.78341,66b95775-f8c9-4938-a064-7d4631e6ec1e
5627,2011,CDF,RRU,THEODORE,10,8,1,56.77666,c08d7fe7-07cb-4444-b810-c7c03db864f6
5628,2011,CDF,HUU,YAGER,18,1,1,55.09675,9ebbaffe-fb59-4da0-9475-f14e59ce10a9
5629,2011,CDF,TCU,EASTMAN,2,1,1,55.0635,9cf6eaa6-c24f-475c-8ced-86e4dfe077b3
5630,2011,USF,BDF,MOMYER,9,1,1,54.85623,b6e33390-8657-4d6e-9652-4488df38f87b
5631,2011,CDF,RRU,CANYON,9,1,1,54.52419,0cbced35-524d-410a-b837-2d933c838a01
5632,2011,USF,BDF,ARROWHEAD,9,7,1,54.30179,9c6f70c4-b5e4-4b29-9c6a-ed04e0d71ab5
5633,2011,CDF,RRU,FREE,14,1,1,52.32206,711e9f4d-794e-4bd7-a8e9-121aeb04c6ad
5634,2011,CDF,RRU,WAYMAN,14,1,1,50.76545,1d26534b-d016-495d-8055-56ef1e2f4441
5635,2011,CCO,LAC,HUGHES,14,7,1,50.53924,ed242cba-f597-4aac-9be4-c22ceac7e044
5636,2011,CDF,AEU,GROOVY,5,1,1,46.53661,8dce73eb-c31b-47d0-9105-6c89360688b2
5637,2011,CDF,RRU,LAGO,14,1,1,46.07224,20599369-cb18-46bd-bcdd-9f90d8be921a
5638,2011,CDF,BEU,SILACCI,18,6,1,44.16401,43b2bdfe-7416-4d78-919e-08eb706f3f85
5639,2011,CDF,TCU,EAST,5,1,1,44.06646,f1d00935-085c-4c67-801f-05f1113b26b2
5640,2011,CCO,LAC,NEENACH,14,1,1,42.16852,7b2bda0e-880c-42f7-805b-53fe6be4b3c8
5641,2011,CDF,BEU,SARGENTS2,2,7,1,39.64523,8224bee3-b3ce-46d2-89e5-3b9a39e9346f
5642,2011,USF,STF,COTTON,5,1,1,39.55087,c668b5f5-4351-4e7b-8f96-1dfd9367ebc9
5643,2011,USF,SQF,BOREL,9,7,1,39.44989,bb30e4fe-948a-43f0-8599-eb8d5a4fd30b
5644,2011,CDF,SLU,RED,14,1,1,39.01207,2d5aad14-d7e6-4a1e-b759-47c313cd9760
5645,2011,CCO,LAC,LANCASTER,1,7,1,36.84941,eca0d285-e577-45b4-a1e6-0d187c148bdc
5646,2011,CDF,MVU,BORDER 12,14,1,1,35.89542,b8e32ed0-4b76-425b-9022-82dc2bbec113
5647,2011,USF,LPF,ALISO,9,6,1,35.07863,4f3fefdb-1db4-4313-86da-b0390f940f02
5648,2011,USF,SQF,CANEBREAK,1,7,1,34.85452,9eef3f1b-6a63-485e-ae7e-ccb8e0552845
5649,2011,CDF,BEU,WUNPOST,11,6,1,34.81565,2febfe11-bd6f-4ff4-a49b-b65b13d3b323
5650,2011,BLM,CDD,STEELE,14,8,1,33.41822,f3a32ac5-c826-4909-9e87-953962d04100
5651,2011,USF,BDF,MILL,2,1,1,32.88799,dbe9d330-324d-40b5-950f-1db800b01501
5652,2011,USF,ENF,GIRARD,5,1,1,32.40136,b8fd7500-f9bb-43bb-a7cd-df0d2ece8e39
5653,2011,USF,BDF,PONY,9,1,1,32.03907,17bfda37-88dd-466d-ab51-6a96b20786a2
5654,2011,CDF,NEU,LOMA,18,1,1,31.98037,6b44a4c8-cfa7-45a2-9bb7-18fe3a5f5b61
5655,2011,CDF,SHU,CANYON,11,7,1,31.46874,d8984b61-30ad-4360-a435-78cb4caa9490
5656,2011,CDF,NEU,BASELINE,14,6,1,31.11979,831780b0-3835-4b2a-9e58-85165ae01ee9
5657,2011,USF,ENF,SUGARLOAF,5,1,1,31.11736,3ce6a4c8-0355-436b-ad22-2666288169ae
5658,2011,BLM,CDD,STODDARD 3,9,1,1,30.29758,cd719296-242f-4651-8a50-38e2bfca3772
5659,2011,FWS,SOR,ALAMO,14,8,,30.27678,28347f5d-e0e5-4224-8cce-426707703f81
5660,2011,CDF,FKU,SAMPLE,1,1,1,29.68156,462dd31d-6327-4b1a-aebe-adac18e84ebb
5661,2011,CCO,LAC,EMMA,2,7,1,29.46317,ffcbbb89-b516-4638-b6cf-3d9eea2d4112
5662,2011,USF,BDF,VALLEY,9,1,1,29.17255,d42be701-345a-414b-b244-4d9a6434a233
5663,2011,CDF,LNU,OLD,9,1,1,28.64768,b8725320-1f3a-4acb-99fa-0e3f1ab9c927
5664,2011,USF,SQF,SPLIT,2,7,1,27.96885,cca6f7c7-cd1d-435f-b454-9c546530b445
5665,2011,CCO,LAC,EAST,14,7,1,27.7058,4834409d-97c2-4633-835c-9a537e4f5442
5666,2011,USF,PNF,ADAMS,2,1,1,27.34136,674da1b9-62f0-41f7-a3a3-9b829383dc2d
5667,2011,CCO,LAC,PERKINS,14,7,1,27.30478,7a940f06-6aac-405f-a3e7-204e9bf11a7e
5668,2011,CDF,FKU,JAYNE,14,1,1,27.29748,b851a24a-1a19-4514-a095-97326b889704
5669,2011,CDF,BEU,LONEOAK,14,1,1,27.03495,24313369-d103-47d7-a9ed-83564e186064
5670,2011,CCO,VNC,TAPO,14,1,1,25.9407,ba03b61b-f5cf-4ee4-a4a3-70776444ae40
5671,2011,USF,ANF,CROSSOVER,10,1,1,25.89026,f756253b-1770-44f0-a070-023262cd7d6b
5672,2011,USF,BDF,DEEP,1,7,1,25.70178,fa07b7fb-59d2-4a9f-9d7b-7a3d0c8f30bf
5673,2011,CDF,FKU,GATOS,2,1,1,25.3986,32e10891-3122-4067-b64d-0b5febaa46eb
5674,2011,USF,SQF,GIANT,9,7,1,25.13855,8d64e6c6-1586-4b8a-94aa-4f993addb866
5675,2011,CDF,BEU,TOPO,11,2,1,25.12124,a6e34be5-2a84-4b01-b32d-132e56ffc98a
5676,2011,USF,LPF,STATION,9,6,1,24.00594,c54c32ce-5183-43ec-9e4b-71b930fcd564
5677,2011,CCO,LAC,NORTH,14,7,1,23.67797,c99edeed-9c51-4546-b18d-5dcf540e8896
5678,2011,CCO,LAC,PEAR,14,7,1,23.38194,868f1bfd-c058-4b40-99e0-eca9ab320316
5679,2011,USF,ENF,FUNKY,5,1,1,22.96329,79743afb-df2d-44b7-9d2f-587dfa615c38
5680,2011,NPS,YNP,SMITH,1,1,1,22.89625,21d262b7-bf9e-49e2-85c7-d15a4aea9cf2
5681,2011,USF,LPF,RANGE,9,8,1,22.58742,0b0903c4-d7e2-48eb-9e33-9f86ebc1b1ad
5682,2011,CDF,BEU,RED BARN,10,1,1,22.38916,a86087c4-638b-42e0-a791-45ab4482cec7
5683,2011,CDF,MVU,BORDER 16,14,1,1,21.72746,9f30eacf-3c9a-462a-8b3a-6852c4086d8d
5684,2011,CDF,RRU,GRANITE,14,1,1,21.69398,475f21b4-2852-4aaf-9205-923e8c950439
5685,2011,CDF,FKU,PANOCHE,9,1,1,21.61277,32343bd8-fe9d-4790-b833-d648a7f93d89
5686,2011,CDF,FKU,PARKFIELD,1,1,1,21.28536,3539b005-bcc4-4c32-a826-b1f3824cbe5a
5687,2011,CDF,BEU,WILLOW,14,6,1,21.28499,fedfdf27-16ff-487b-95a5-127eb567cc5c
5688,2011,CDF,SHU,OAKRUN,9,1,1,21.02024,430ec110-a97e-48d4-b4c7-051fa56f3b05
5689,2011,CDF,HUU,ROWDY,18,6,1,20.65554,d2e8497a-4762-4f15-b6a0-94c83ca598f1
5690,2011,CDF,BEU,SLACKS,2,1,1,20.48554,287f32c6-ff34-4c99-9d1c-0549417ffb21
5691,2011,CDF,NEU,BEALE,14,6,1,20.09166,3b11339c-0529-4d4e-ad63-1653ed4d1b99
5692,2011,CDF,SLU,JACK,14,1,1,19.71009,bb64ba07-e948-422a-a9e2-a3ff910d1d97
5693,2011,CDF,BEU,LOCKWOOD,7,1,1,19.65018,a70cfa28-1d09-4ff2-b21e-d40adf43ad49
5694,2011,NPS,YNP,BILEDO,4,1,1,19.64026,2b2cf276-0598-4f74-a476-9f01a1906ba0
5695,2011,BLM,NOD,DEPOT,14,1,1,19.62492,c877c865-c5dc-4df6-8166-65954158c414
5696,2011,USF,ENF,NOODLES,5,1,1,19.58562,5cdf9840-05d8-42e6-9e8c-41bcd1f5e0f3
5697,2011,USF,ANF,STRIKE,1,6,1,19.22936,34610246-2bf5-4c31-b98e-1d78a2c555ac
5698,2011,BLM,BBD,ERSKINE,14,1,1,18.87362,0bc5915a-5a67-4665-9f1f-a24da4172f8c
5699,2011,USF,ENF,MOSQUITO,7,1,1,18.78683,8fbab341-ffbc-4791-8381-e82d74350bc6
5700,2011,CDF,NEU,WALDO,14,7,1,18.57087,811c41f6-8c4a-4586-85b9-6338bdea580b
5701,2011,USF,BDF,PALM,2,1,1,18.34982,84399555-9b70-4536-ae36-07081779a31f
5702,2011,CDF,SKU,SLOUGH,1,1,1,17.62443,267f2b8f-4851-4bbe-857a-3c07900132df
5703,2011,USF,LPF,CIELO,9,1,1,17.60636,23e2aa25-94fa-4d34-a7e4-48b9f4ab33dd
5704,2011,CDF,SLU,SHELL,10,1,1,17.49644,de7d5344-dcf8-4f80-96fc-83e08b228366
5705,2011,CDF,SCU,BRICKYARD,11,2,1,17.32407,f5707c37-dd08-4fb8-bf88-42fda093d863
5706,2011,CCO,LAC,LANCASTER,5,1,1,17.14412,5b167d92-34e9-45c3-ba33-739ed6577089
5707,2011,CDF,NEU,SCOTT,2,1,1,17.05639,2c6c285e-cb3e-4cb8-abde-643f49ac81aa
5708,2011,CDF,NEU,CHALK,18,7,1,16.59121,fd038037-c6c1-4a58-bc29-b743cfe5a3fc
5709,2011,CDF,NEU,WEST WISE,14,1,1,16.47446,cc5a8933-9a39-4eb1-989f-7030c2fa7c47
5710,2011,CDF,BTU,60 B,18,6,1,16.18819,f15d8bf0-edb7-4bbb-a4ce-590c7da3f6ac
5711,2011,CDF,BEU,MUSTANG,11,1,1,16.16243,4b7780e4-6d18-415d-8c01-de813139e3dd
5712,2011,USF,BDF,FREE,7,1,1,15.91067,cf4a7fcc-dda6-4c29-8176-4bd2b8dc9cab
5713,2011,USF,LPF,FRAZIER 1,1,1,1,15.86337,c1fefd9e-c80f-4036-83c0-6face52f8147
5714,2011,CDF,SKU,BELL,2,1,1,15.74842,f94167b6-d14e-4a81-9718-b37400a0f1d3
5715,2011,CCO,ORC,ROSE,11,1,1,15.49225,de82c354-a282-4b96-a09f-43bb78c53494
5716,2011,USF,LPF,SALT,1,6,1,15.17708,d994d277-2969-4395-8261-c80143418975
5717,2011,CDF,FKU,MONO,14,1,1,15.04629,dcb41cdc-6dcb-4d3e-91bb-9aa31c131656
5718,2011,CDF,AEU,ONYX,1,1,1,14.78616,74d6a0c6-c869-4164-b77f-ac393e946bc6
5719,2011,CDF,BEU,LEWIS,2,6,1,14.71464,e2f8a7b8-82f4-4077-8566-7e775d2d8f40
5720,2011,CDF,TCU,HOLLOW,5,1,1,14.38901,44ea1f0d-6896-435c-aa0d-9056217919a5
5721,2011,CCO,VNC,CONEJO,10,1,1,14.24236,ffa07c9c-f4e6-48b7-80b9-86b5f00c75f5
5722,2011,USF,KNF,KANGAROO,4,1,1,14.02203,e9317101-39bb-48aa-aa29-a01c3479bb72
5723,2011,CDF,SCU,RANCH,2,1,1,13.91882,1a9a9cad-3b43-4ea5-b04d-008d71e76469
5724,2011,USF,MDF,CHICKEN,1,1,1,13.58235,3fa71bb2-dc6a-46d3-8420-91b7f6894cb6
5725,2011,USF,LPF,QUARRY,1,8,1,13.49842,eb5045e0-e699-49b1-b21e-24150db36095
5726,2011,USF,ENF,GREYHORSE,5,1,1,13.08647,9369ec83-dde4-4cf2-800c-480da6154632
5727,2011,USF,STF,ACKERSON ,3,6,1,12.84431,6e76157d-dc18-4abe-bb8d-21d5fc03c180
5728,2011,USF,TNF,INDIAN,1,6,1,12.72313,c336a298-db5e-4d59-8360-9d0d135274db
5729,2011,CDF,BEU,ROCKS,10,7,1,12.57177,9c13725c-2e78-4eb4-a7b3-dc546b8ea936
5730,2011,NPS,LNP,SUMMIT,1,1,1,12.51644,f7e78250-1ad1-4847-b534-d0ce8b9a4ef8
5731,2011,CDF,SKU,COPCO,1,1,1,12.32702,1225e440-7e1e-46dc-b24c-d02c34fcb22b
5732,2011,CDF,SKU,WILLOW,2,1,1,12.2906,a848d8d0-0479-4eb2-bd83-0584a3f1d292
5733,2011,CCO,LAC,SIERRA,2,1,1,12.05157,5ad022c2-9994-4704-9765-8e87d9cdd925
5734,2011,USF,SQF,GOLDEN,1,7,1,11.96871,fe56cc3d-0113-43ac-af56-613833385aa5
5735,2011,CDF,BTU,DIXIE,11,1,1,11.46583,4967d5d2-ef3e-4078-a8aa-fe9889048106
5736,2011,NPS,GNP,BOBCAT,14,1,1,11.02602,01d09e81-cb92-4f5d-880a-1d979de0ef0c
5737,2011,CDF,FKU,WATTS,2,1,1,10.75496,d7930e7b-9560-4401-8e68-9528cf7ec5b6
5738,2011,CDF,BTU,LOVELOCK,18,6,1,10.36656,0b79ea78-05c7-45a7-b34e-2e16e9cd9fba
5739,2011,CDF,BTU,FOUR CORNERS,18,6,1,10.17023,5082dbe0-f137-43d3-a5e2-dd710727b5d1
5740,2011,BLM,CDD,STODDARD 2,4,1,1,10.15544,a348a2a7-2f93-49ba-9145-ed1320479da0
5741,2011,USF,SQF,COLD,4,2,1,10.14761,a1d69d21-4611-432c-a108-4529c05dbbe7
5742,2011,USF,SHF,JUNIPER,9,1,1,10.08531,c06de432-7b03-4c8f-ae25-79f71774978b
5743,2011,CCO,VNC,CAMARILLO SPRINGS,9,1,1,9.198908,5d87c427-dd80-443e-ad8b-c557686b891a
5744,2011,NPS,KNP,WILLOW,1,1,1,8.151529,2f1f57fb-8123-40ea-8279-824f30a6941d
5745,2011,CDF,SKU,MONTAGUE,18,5,1,7.572523,136f85b7-317d-4bac-b532-3da93e76c204
5746,2011,USF,SHF,HYAMPOM,2,1,1,6.883944,f44cf6aa-92f5-418a-aaab-387ab5410fff
5747,2011,USF,SHF,HIGH,1,1,1,6.748149,cc91da11-ab5b-4165-a118-80d4756b0956
5748,2011,USF,BDF,DEEP CREEK,9,1,1,5.935047,e138dfaa-2345-41ee-b587-5fdde76a1ee4
5749,2011,CDF,SKU,BOGUS,1,1,1,5.73167,81e44055-4433-4d80-ba84-da2fac02391d
5750,2011,CDF,SLU,TALLEY,14,1,1,5.339186,f561628b-3c42-4693-9571-163f7131a3a5
5751,2011,CCO,VNC,RANCHO CONEJO,9,1,1,4.485722,cf48a950-6bee-45ac-83c2-48bba99ef668
5752,2011,CDF,SKU,BLACK,9,1,1,4.267264,b79dfa6d-66b6-4ff3-a468-8ea254b64437
5753,2011,CCO,VNC,ALIZIA,2,5,1,4.026458,c992f51d-1b43-4c4f-a2c7-e1b5995fbc9a
5754,2011,CDF,SLU,BEAR,10,1,1,3.87359,b9d793d6-bbfa-44b4-b1e7-fca2855f869f
5755,2011,CDF,SKU,JADE,5,1,1,3.619458,343dd921-5f6b-438a-b3c3-52ae182be28e
5756,2011,CDF,SKU,HORNBROOK,1,1,1,3.422707,22840b57-ecc3-432b-9534-80f8be3ef4b2
5757,2011,CCO,VNC,LEWIS,9,5,1,2.984888,951b06c5-8220-48ef-bfe0-9a4006a00a68
5758,2011,CCO,LAC,ENCINAL,2,1,1,2.435148,a51df4c2-3f00-4069-9a05-464193a6cea3
5759,2011,CDF,SKU,CALLAHAN,9,1,1,2.179572,5dfdb965-1bed-49af-9eed-c0643146fa33
5760,2011,USF,ANF,PELONA,9,6,1,2.142454,444b7ad2-cb27-471b-8f08-723f03d58c64
5761,2011,CDF,SKU,DANDY,18,1,1,2.116817,74918371-6a81-4c6d-81ea-7ad99d56d32c
5762,2011,CDF,SKU,LIGHTHILL,18,1,1,1.67078,914f2f34-eaf4-4c1b-9ba8-72bebdd087fb
5763,2011,CDF,SKU,AGER,2,1,1,1.404376,461bf0b9-ccb1-464c-a811-7e91aa059b40
5764,2011,CCO,LAC,LAS VIRGENES,9,1,1,1.305455,fcdecb34-f05e-4b9a-8924-fd131a288668
5765,2011,USF,ANF,DEL,2,6,1,1.202457,659216eb-6c7a-45cd-af2a-7b146eb17205
5766,2011,CCO,ORC,UNNAMED,4,7,1,1.131127,9a750c0f-b018-4935-929f-844ef8271352
5767,2011,CCO,LAC,FOOSE,9,5,1,0.7461584,3f198348-67fd-4396-a583-91b6143920ad
5768,2011,USF,ANF,SHEEP,1,1,1,0.5551066,e904631b-3b4e-45e9-b364-9bbef6b88716
5769,2011,CDF,SKU,WEED,8,1,1,0.5522879,e39d80d2-48bd-4526-a362-1b404e5f2d59
5770,2011,CDF,SKU,APACHE,1,1,1,0.3108638,75c8d917-20b7-42a8-b54b-8d0347e5d1d3
5771,2011,NPS,KNP,CRYSTAL CAVE,11,1,1,0.101242,f96cfccf-f902-4e53-88af-07b5b11ff1dc
5772,2011,CCO,LAC,COLINA,9,1,1,0.09397248,4a44c21f-c2cf-4d83-aed8-862c21c72e97
5773,2011,CCO,LAC,PIUMA,10,5,1,0.09396579,ff926126-dd4a-4d0a-b268-bd56bb13dedc
5774,2011,CCO,LAC,MALIBU BEACH,9,1,1,0.09395437,0c58137a-4209-4a0e-b314-05d23e6b3a52
5775,2011,NPS,RNP,INDIAN CLOVER,14,1,1,0.03443666,ac5de2bf-16e6-4ff1-b24a-5a940b352dd9
5776,2011,NPS,GNP,FIELD,14,1,1,0.01827645,e174e7ed-193e-4478-b35d-b7214b8a2833
5777,2011,NPS,GNP,VISTA,14,1,1,0.009118513,17177545-2298-48c6-9eec-b9abb54b9651
5778,2011,NPS,RNP,NORTH BEACH 1,14,1,1,0.00310692,da408dc3-b29a-4c2b-b5bb-7723fcfb61df
5779,2011,NPS,GNP,YATES,14,1,1,0.002038008,e7853514-4ba8-40b7-a6bf-f8b17c7ec3ef
5780,2011,NPS,RNP,NORTH BEACH 2,14,1,1,0.001532205,883d8c12-c754-452f-baf1-f66624dfbd16
5781,2010,USF,SQF,BULL,9,7,1,16448.22,3ad2fa70-a8c8-4f60-8c15-ef8e6313e208
5782,2010,CCO,LAC,CROWN,2,7,1,12582.28,097f8597-160c-454b-a7a4-8e9c9e056a23
5783,2010,BLM,NOD,MCDONALD,1,1,1,9406.033,aa9edebd-a790-4d48-b7d8-087bdd96f873
5784,2010,USF,SQF,CANYON,9,2,1,9336.107,7fef5b3d-3fd4-4210-b546-6ef28030c693
5785,2010,NPS,KNP,SHEEP COMPLEX,1,7,2,9021.522,e7fbf629-d630-4b31-a888-6fa7b43e8d54
5786,2010,BLM,BBD,COTTON,2,1,1,2037.966,da90af2c-0557-4d54-af6b-3529e2357fe3
5787,2010,NPS,YNP,SLOPE,1,7,2,1710.69,55af5d2c-1ed6-4f97-a8ae-3a9e832b0531
5788,2010,CCO,KRN,WEST,2,1,1,1637.727,c57709d9-2d5c-4f07-b1b5-eb2afd1cbd35
5789,2010,CDF,MMU,ROBINSON,11,6,1,1600.084,c2658b41-0dc1-449e-a5ff-73ca17e6c4ef
5790,2010,BLM,CDD,INDIAN,1,2,1,1502.195,47392216-9083-44e2-a71d-7e3d7894fb1a
5791,2010,BLM,NOD,CONSTANTIA,1,2,1,1452.933,c2634683-d1b5-4db2-b8fe-2a7105c6a719
5792,2010,CCO,KRN,POST,14,2,1,1311.36,6f94f673-a149-4d8b-a3fc-5d17f89fbc14
5793,2010,CDF,NEU,BULLARDS INCIDENT,14,1,1,1289.09,d12a1eef-302a-44d7-8237-843f677d2862
5794,2010,DOD,AFV,BEAR CREEK,11,7,1,1219.537,c25c14a2-6df3-442d-b74c-7dfda59c8900
5795,2010,USF,INF,MONO,1,2,1,1204.507,8879e124-f497-456f-9444-2ee5edf329c8
5796,2010,USF,LPF,POZO,9,2,1,1150.365,2498815d-460f-47f3-999f-47efdecbfa63
5797,2010,USF,PNF,BAR,7,1,1,1039.374,64ab8816-0595-4f83-84f6-5e9548b749fd
5798,2010,CDF,RRU,MCKINLEY,2,1,1,1028.212,43256e87-de33-4a8b-889c-e5aff159db7e
5799,2010,NPS,YNP,VERNON,1,1,2,964.4049,077ffccf-b347-4ab0-a47f-936e29b04106
5800,2010,USF,CNF,MONTE,8,3,1,953.3414,1dd10988-ad93-472a-9257-a42d422a08db
5801,2010,BLM,BBD,WASH,2,1,1,947.4343,d25eb086-7c75-49dd-8eef-28f60269cba0
5802,2010,CDF,TUU,BALES,2,1,1,913.1573,b9eb6986-111a-4bf8-ac6e-b43eecf18011
5803,2010,BLM,CDD,SAND 2,1,2,1,910.1182,ecfce762-3250-40e8-ba1c-942a05471d55
5804,2010,USF,STF,PINECREST ,1,1,,906.6765,17749ae1-49cf-4f8c-aa7c-3f2924df8bf4
5805,2010,CDF,TUU,STOKES 2,2,1,1,895.2642,47db0413-1463-45ca-98c9-1fa9033713e3
5806,2010,CDF,RRU,PEDLEY,2,1,1,717.2241,044a380e-c460-4cb4-b3ec-a448befa3be8
5807,2010,CDF,RRU,CACTUS,1,2,1,705.6747,63da445f-35ff-4f69-8451-d052f8915900
5808,2010,USF,ANF,BRIGGS,9,1,1,692.8006,58a12150-3926-4c34-a227-9838a7c74088
5809,2010,CDF,MVU,COWBOY,14,7,1,684.3978,ecb800d0-feb5-44b7-81d8-675030e16618
5810,2010,CDF,BTU,PALERMO,8,2,1,672.0052,0d6a07a4-c388-420f-b3dc-4288077f0879
5811,2010,BLM,BBD,POTATO,1,2,1,631.7201,dbc3fc4c-ab41-4951-bd45-09ef10b00fd4
5812,2010,CDF,SCU,STUHR,11,2,1,604.5287,60a1120f-b236-4070-8524-b9c29753120f
5813,2010,BLM,BBD,BODFISH,1,1,1,551.7151,4a058373-1763-4d2b-832b-488303a530c1
5814,2010,CDF,RRU,SKINNER,1,2,1,522.2162,b27e5060-40c4-4ddf-838f-66bd5164133a
5815,2010,CDF,SCU,BRADFORD,14,2,1,511.5375,83984f1e-eb36-422b-b464-b8406464c020
5816,2010,CDF,NEU,GRAND INCIDENT,14,1,1,493.3207,2ef1456c-6ef3-4341-9519-0537a06f97d5
5817,2010,CDF,NEU,BASELINE,14,1,1,478.9084,b9bb6fbc-0027-4da3-b344-ff0e4366cd92
5818,2010,USF,SNF,BUCKHORN,1,2,2,470.9669,294151de-fab3-45b4-baf6-c3941cfe6062
5819,2010,CDF,MMU,LEGRAND,10,6,1,462.4332,fa45d518-c9cf-48a5-8d01-6c6d10ea2752
5820,2010,CDF,SCU,DIABLO,14,2,1,458.7751,19926098-bfee-4e11-b1dd-1c2b9c1c74f8
5821,2010,CCO,SBC,166,14,1,1,356.9384,69fdb916-1d96-4461-a282-535ffced1b37
5822,2010,CDF,LNU,INDIAN,14,1,1,346.9244,5d65afb7-0b57-4155-987c-f9d122c1c1bf
5823,2010,USF,KNF,DUTCH,9,3,1,335.4693,792e8d19-434e-463d-8bc6-637bc54bcb02
5824,2010,CCO,KRN,METSON,9,1,1,330.066,d79a2661-171a-4af3-8e8f-b8a6c698e842
5825,2010,CCO,KRN,ADOBE,2,1,1,285.9098,8c8b14c0-e4ac-47f2-9a4e-fae7e2022ba2
5826,2010,CDF,RRU,POTRERO,7,1,1,255.7537,9dea93eb-b234-41fc-b595-1b044dd669c1
5827,2010,USF,CNF,MESA,4,1,1,254.9384,42ade70b-2eee-41e3-83bf-c042a6095a27
5828,2010,BLM,NOD,ANNIE,1,7,1,249.1405,0dea946a-420f-414b-b516-9562444ad0f3
5829,2010,CDF,FKU,FINE,14,1,1,236.6831,0d3af312-2911-418f-890d-73916f887f05
5830,2010,CDF,LMU,SUNNYSIDE,1,1,1,231.0703,a2c89991-3814-4fc3-a6cb-678d5127bc4a
5831,2010,FWS,LUR,BALLOON,7,4,,223.4276,2cc2206e-a99e-4b72-a288-84817bb6ec30
5832,2010,CCO,KRN,GRANITE,2,1,1,203.8156,691d16e4-c875-4b19-ab17-c2b5ccae0e81
5833,2010,CDF,HUU,BUCKEYE,2,1,1,202.355,d8c949cd-51f9-4c08-b5da-0b1da49263f2
5834,2010,CCO,KRN,TOWN,11,6,1,195.175,04a427db-d92a-41eb-88c6-99b9ee16727f
5835,2010,CDF,SLU,ANTELOPE,14,1,1,193.6183,49011b40-2f37-4fc2-a46a-d8681971e481
5836,2010,CDF,SCU,CURRY,11,2,1,184.0345,777305d4-3532-4860-b304-b31ee653b051
5837,2010,CDF,SHU,BEAVER,1,1,1,183.3139,e3565090-a33e-4fb9-84f7-02b2fa773d9c
5838,2010,CDF,MVU,FELIPE,1,7,1,177.2968,1d5f3a0b-7da0-404d-a8b2-819481d9fd9f
5839,2010,CCO,LAC,NEENACH,14,1,1,171.4515,a342ca10-f867-46d2-b6e9-0537844212a6
5840,2010,CDF,TCU,CANAL,14,1,1,157.9835,4ab1bfb8-2897-4573-9f8e-71a7e3dcd06d
5841,2010,CCO,KRN,BASE,2,7,1,151.187,f2324cfe-7ec9-4ca9-9c4e-1ee916c276c4
5842,2010,USF,MDF,BIRTHDAY,1,1,1,146.8712,4dbd1106-cfcc-4207-9cd2-39294e448abe
5843,2010,USF,STF,BUMMER ,1,1,,143.6677,bb1ba2fd-134b-483c-aff5-15827089887b
5844,2010,CDF,RRU,RANCH,8,1,1,126.6658,86f51743-4ad5-47d5-ac98-49628809cc7b
5845,2010,CDF,BTU,WINDY,14,1,1,126.0102,b0714ff8-7694-4be8-b8e8-6edbb7d3e77e
5846,2010,CCO,LAC,LANCASTER,2,7,1,121.6214,6f22ce42-81b0-4b28-b76e-5e539d4d6f6f
5847,2010,CCO,KRN,TUCKER,14,6,1,118.058,a30af742-9b59-45cc-85d3-14c8415d4b34
5848,2010,CDF,RRU,PALMER,6,1,1,112.3239,ff911ddf-9e2e-4891-8ccf-2cce20fac064
5849,2010,CDF,SLU,LAKE,14,1,1,111.8237,9e778703-6152-449f-8f31-59f0068df2b3
5850,2010,NPS,JTP,KEYS,1,1,1,110.6722,d322fc80-4e48-4016-bed0-a4b4b170d579
5851,2010,USF,CNF,TENAJA,5,8,1,109.516,5ed1976f-457d-492a-920a-f7e8ce6625bd
5852,2010,CDF,TCU,CURVE,14,1,1,107.389,12088b58-59ca-4a27-b208-9299b4af22d6
5853,2010,CDF,BDU,TECOPA,1,2,1,105.7345,7e0bfa01-64f6-46cc-a765-9de8a1d418a7
5854,2010,USF,PNF,GULCH,1,1,1,103.2976,b11b8453-7cbe-4541-968c-8c7b4d7c164b
5855,2010,CCO,KRN,FAY,2,1,1,102.2316,7c661100-8887-4cd7-8343-2e2b0d487731
5856,2010,CDF,MVU,PALA 5,14,1,1,100.9289,b1024ba1-5422-4ced-a074-cde5a5bd22c2
5857,2010,USF,ANF,LARGOVISTA,9,1,1,100.5452,040d2b29-a3f2-4efe-ab82-a0473c55dc4f
5858,2010,CDF,RRU,GILMAN,14,1,1,99.83749,faad7bcd-b980-48fb-b0f3-eef22335fd42
5859,2010,BLM,BBD,BRAMLETTE,1,1,1,98.14775,71e217ab-ffd3-445f-953a-1a39d0179d8d
5860,2010,USF,SQF,CREEK,1,1,1,95.88905,b1fb9901-a152-4842-aec3-98cfa4b879ba
5861,2010,CDF,BDU,SCOTT,10,1,1,95.77493,7799a79a-01be-4338-89ad-e92c8ddb0e44
5862,2010,USF,ENF,BLACK,14,1,1,90.49552,55d7b1bf-f09f-41d6-9f18-b2bbc566e1ac
5863,2010,CDF,LMU,RUSSELL (3-9),1,8,1,86.32224,d616b10b-c09a-4337-a7ef-9ce70d0508fe
5864,2010,USF,BDF,ANGEL,3,1,1,82.34436,d0797fd5-2f69-49f3-98ac-591a378c5a91
5865,2010,CDF,NEU,MORRISON INCIDENT,10,1,1,82.13342,51dd186b-2b3a-47d4-b443-171837e48505
5866,2010,CDF,RRU,MINTO,5,1,1,80.65556,69f853b3-b9f0-4cb4-8e44-baf2efdb7139
5867,2010,CDF,RRU,SADDLE,1,1,1,79.41943,cd24b605-5fc5-4ad4-8db7-5438a10d587a
5868,2010,CDF,LMU,WITCHER,1,1,1,78.61295,dc306b4a-29ab-43d2-b7b3-ab0b1c0e6398
5869,2010,CCO,VNC,LOMA,19,7,1,77.9688,27a5a419-25a0-4912-b64a-c8658e4d9748
5870,2010,CCO,KRN,BACK,1,1,1,77.23707,83750df8-8802-489c-b3d3-3ec8eecf2b35
5871,2010,CDF,BEU,GREEN,11,1,1,75.87457,053a94c6-c5c6-4318-beb4-239bc5edfc1f
5872,2010,USF,LPF,FIGUEROA,18,6,1,74.59801,109adce9-639f-4c3c-91c9-aba207d4616e
5873,2010,CDF,NEU,TWIN BRIDGES,7,1,1,67.56685,50583085-149e-438f-986c-4cee229f28c3
5874,2010,CDF,BDU,MILLER,7,2,1,65.98511,c9148fa6-5d1e-409b-a39f-34b60b7fa898
5875,2010,CDF,RRU,CLINTON,2,1,1,64.97097,65912eed-6c76-4725-b5dc-770a8fe550bb
5876,2010,CDF,RRU,FAIRVIEW,2,1,1,63.68459,6b347085-6957-482f-92a4-e8400318eadc
5877,2010,USF,PNF,ROCK,7,1,1,62.02376,4670ffeb-044f-478b-9ac3-a3f6041b8313
5878,2010,CDF,LMU,PIT,2,1,1,59.78623,d49069d0-e8df-491d-85b6-a3055cc04f7a
5879,2010,CDF,NEU,MEADOWLARK INCIDENT,8,1,1,59.77896,2a495778-f18b-4923-b69b-439804f8110e
5880,2010,CDF,BEU,198,10,7,1,58.35325,18f7c054-23ef-43e2-8588-ebf59da546ff
5881,2010,CDF,NEU,DYER INCIDENT,14,1,1,55.88419,71be1790-e7ca-4cfd-b341-495cd9e3adda
5882,2010,CDF,RRU,LEON,14,1,1,55.71669,2afafd94-6b2d-492b-8f0e-28d4e040a992
5883,2010,CDF,MVU,SLAUGHTERHOUSE,14,7,1,55.16428,b94ad1c1-76ae-4cc8-b26a-372d0389e517
5884,2010,CDF,RRU,WHITEWATER,2,1,1,52.05724,e2bf0435-f1c6-4b8f-87e1-baca0f9ce90b
5885,2010,USF,MDF,POINT,1,6,1,51.65218,718be0c7-b028-490e-a0ef-484ba99cb606
5886,2010,CDF,BEU,BRADLEY-LOCKWOOD,5,6,1,51.29942,d3641b82-3752-43d7-a406-544c60904359
5887,2010,CDF,MVU,NARROWS,14,7,1,49.86191,35f7380c-b4bf-41d0-8672-065e7c5eb04a
5888,2010,CDF,NEU,ROCKLIN_CLOVER INCIDENT,14,1,1,49.31688,2a3c2e06-5a10-4e41-80df-d4479db20f36
5889,2010,CDF,NEU,BRIDGE INCIDENT,14,1,1,48.33659,15a6f11f-0600-474f-b94b-1002daad62ec
5890,2010,CCO,KRN,CALIENTE,2,1,1,48.09394,3eacc342-0e80-4e3a-9ab5-6fa014a30a49
5891,2010,USF,BDF,PACIFIC,7,1,1,46.96871,4f4c1c25-da9d-4a84-973d-0cdc6c38bebd
5892,2010,CDF,RRU,RIVER,2,1,1,46.58533,c661e2f7-8772-4ac6-b73c-b4d6c247803f
5893,2010,USF,SQF,MAGGIE,1,1,1,45.4283,90803ee9-c195-4e08-a923-caa3f92d0fc0
5894,2010,CCO,LAC,HASKELL,3,5,1,44.6334,3429c290-683a-4c18-b1d0-f0b6c1a7a7d0
5895,2010,CDF,RRU,SCOTT,14,1,1,44.047,d58e51d8-e9d0-47b3-8675-962b0e7ea640
5896,2010,DOD,APF,LOS BUEYOS,18,1,1,43.76487,e1db0474-0bf2-4a57-8537-54b70888da85
5897,2010,CDF,BEU,JOLON,2,7,1,42.71975,18037649-f95e-4b79-9289-8cddf56021b4
5898,2010,CDF,TGU,HOG,2,1,1,41.61972,ce74ac06-44c8-463f-b51f-6ded3b2822f1
5899,2010,CCO,VNC,HAMPSHIRE,14,1,1,41.61283,8fb649ae-4611-4a48-b9d7-5dd75140b9a5
5900,2010,CDF,BDU,CACTUS,11,1,1,40.11037,739a48f1-33e9-4803-8131-4cb98fccd469
5901,2010,CDF,RRU,ROCK,8,1,1,38.90894,06063a85-e57e-4d47-9f20-7991e19a09a7
5902,2010,USF,CNF,LONG,2,8,1,38.37838,d3df4bf0-7818-4751-9834-a415d60b2fc6
5903,2010,USF,ANF,RAMP,9,1,1,37.50243,f439e8f5-e62f-4a83-9488-10afa32afbc5
5904,2010,USF,SQF,CHINA,9,8,1,33.89206,ff97d761-7a87-4773-8870-4f2b9f2b030d
5905,2010,CCO,LAC,NEWHALL,14,7,1,33.81783,874aa2c2-800d-4062-adaf-44ce6d9c4eee
5906,2010,CDF,NEU,NADER2 INCIDENT,2,1,1,33.51366,b76292b0-9415-46f8-b735-c4d655fa78d9
5907,2010,CDF,BEU,HWY25,10,4,1,33.34913,f2026720-ece5-4e23-bb3d-721a7fd85c72
5908,2010,BLM,CDD,BORDER 12,2,6,1,31.9204,53fb18f9-16b4-4a16-8eed-59470f64bc7e
5909,2010,CDF,RRU,GILMER,14,1,1,31.60417,5fec2744-1ed2-4b2f-9d91-f5f53cf99cf4
5910,2010,USF,MDF,PEAK,1,2,1,30.78876,b4666c2f-eba0-4616-bb00-bde856dfc0c1
5911,2010,CDF,NEU,ORR INCIDENT,14,1,1,30.23179,31d1ba5d-891a-4f26-b752-7c084a1575ac
5912,2010,CDF,SLU,ROCKY,14,1,1,29.55973,89e53cf7-c471-4746-87ba-f1b9337b84cd
5913,2010,CDF,BTU,PARHAM,14,6,1,27.3179,33272fd3-f314-4b84-9754-1f0df59d75e0
5914,2010,BLM,BBD,COW,9,2,1,26.21784,b6d9709b-2800-4d24-b943-74456a67e053
5915,2010,BLM,BBD,ALLENSWORTH,14,1,1,25.83468,21496536-59d0-45cd-a132-a0bc5558f037
5916,2010,CDF,NEU,RIOSA2 INCIDENT,14,1,1,25.41353,98445f53-5a64-413b-9c82-d495a794284e
5917,2010,USF,SQF,MARVIN,1,1,2,24.69102,e04ddff0-d2df-4b57-85de-209f1661ad3a
5918,2010,BLM,BBD,SOUTH FORK,14,1,1,24.58725,6d1323a3-a1da-4157-8f8f-531e74f5227b
5919,2010,CDF,NEU,DYER2 INCIDENT,7,1,1,24.20499,58174314-87e0-4ec0-8bf9-748dca950d7b
5920,2010,CCO,LAC,ECHO LAKE,16,7,1,24.08152,355e9baf-6794-4a68-a10d-9a35e23eb8c6
5921,2010,CDF,SLU,LAKE,14,1,1,23.77216,f41624d9-8db1-4850-a419-55282e4b5c29
5922,2010,USF,KNF,CRAGGY,1,3,2,23.68788,eb77978f-3f52-4a8a-b53e-10417e366641
5923,2010,CDF,BDU,SEPULVEDA,9,1,1,23.66757,c642518f-33f4-49bc-b3d4-15ef83ad0aaa
5924,2010,CCO,KRN,UMTALI,14,1,1,23.24235,04ffbbfb-fff5-48af-92df-64dae48d48c1
5925,2010,CCO,LAC,MUREAU,14,1,1,22.95863,0260a46d-331f-47e8-919d-3e6167eca9fd
5926,2010,CCO,LAC,TAMPA,14,7,1,22.84284,4a390980-973b-4b41-a524-6fd93514438d
5927,2010,CDF,BEU,COALINGA,5,6,1,22.45962,72002bbb-8711-4e21-a3ec-4691f6bbbce2
5928,2010,USF,SQF,GROUSE,1,1,1,22.43255,5be7fc8a-fc4e-440e-a14c-f87faca5a757
5929,2010,CDF,NEU,CHAMBERLIN,14,1,1,22.29211,647a5636-c839-4c8e-aee4-741079400343
5930,2010,USF,MDF,HAGER,1,1,1,21.9987,6fddc50e-5662-40dd-892e-412e26d869d1
5931,2010,NPS,DVP,TRAVERTINE,14,1,1,21.78763,1255d21e-d28b-45b4-9e0d-4d9d95bacc18
5932,2010,CDF,BEU,IDRIA,7,6,1,21.0246,493d8823-b0ee-4959-ba4a-da291592f2f6
5933,2010,USF,SQF,COW,4,6,1,20.36153,8b67531e-81ad-4536-8529-6fb65f6ed9e1
5934,2010,CCO,LAC,LOST,2,1,1,19.18518,71b9aeaa-a7d3-4ebc-88fa-cb126df31b90
5935,2010,USF,PNF,WOODY,7,1,1,17.84781,f935b8c5-0a0c-4a89-9b78-7aa6915de973
5936,2010,USF,KNF,TITUS,1,1,2,17.83115,0fd3c18b-f272-4f27-9b29-90185c82ff21
5937,2010,USF,MDF,DALTON,1,1,1,17.09366,1445cee0-b705-4bf5-bccf-d8035f5715b9
5938,2010,USF,ANF,GLENDORA,9,6,1,17.04539,e383dc0a-b5fb-44fa-9a5f-2b56a3166bab
5939,2010,CDF,MVU,SANTA,2,5,1,17.03092,e4d110da-ef20-441c-99e2-b5c1e79b12c8
5940,2010,CDF,NEU,RIOSA INCIDENT,14,1,1,16.82723,2151f521-cc2d-4167-9bf4-715111d312cc
5941,2010,USF,BDF,HIGHWAY 2,9,1,1,16.26257,77297ed4-f572-47a6-9000-6b1e9795a17e
5942,2010,CDF,BEU,HWY198,7,7,1,16.01217,c9da4bf6-a3cb-405c-91f1-f38611ae74bd
5943,2010,CCO,LAC,OAK,10,6,1,15.95223,97845ef9-0ff8-4d4c-8bd3-a2771522ed44
5944,2010,NPS,YNP,WILDCAT2,1,2,2,15.8109,bc061ab5-6575-4fa6-88a8-d313f2de91b8
5945,2010,USF,PNF,MEADOW VIEW,1,1,1,15.15438,a9ae5ada-b111-468a-ba6e-d9f7f09d05ee
5946,2010,USF,BDF,BAUTISTA,7,1,1,14.68983,80b41736-11aa-42a0-b706-c3f33ddaf5d9
5947,2010,USF,LNF,WILLOW,1,6,1,14.32962,786e12b1-d309-4f74-870c-f4d958d65e26
5948,2010,CDF,RRU,MAYWOOD,9,1,1,13.66886,72822e76-0cae-48c1-9e0e-d20a7994f887
5949,2010,CDF,MVU,76-2,14,5,1,11.91234,fc55870e-a2fb-4a94-9150-039c5fd3a5bb
5950,2010,CDF,BEU,SALINAS,2,5,1,11.59715,e86e18ac-bc5e-4079-8bad-c5e4db7154f7
5951,2010,USF,LPF,WEST,2,6,1,11.32757,c9ec1889-898b-4406-aaed-9f239990e085
5952,2010,CDF,SKU,DESAVADO,9,1,1,11.28721,00f5bbba-cc98-4d35-8ae8-4110716d1a48
5953,2010,USF,ANF,WRIGHT,9,6,1,11.23887,b8ab8f29-1ade-407e-99e3-247e7a6b890b
5954,2010,CCO,LAC,COLIMA,10,5,1,11.20271,689c8481-ffb9-4f02-976d-01c01a3295b5
5955,2010,CDF,NEU,DOBBINS INCIDENT,14,1,1,11.17716,b5983cd7-c78f-444c-8cea-ba45b96b9aa1
5956,2010,NPS,YNP,CLARK,4,1,1,11.02856,6d544bb6-200b-4009-b568-71134418ba2f
5957,2010,CDF,SKU,CRAM,2,1,1,11.01219,91d5ac15-4dcb-4c57-a6a3-6408f0825538
5958,2010,BLM,NOD,PATTERSON,1,1,1,10.77123,ed7a3f22-1b98-40fe-93bc-a35e5c3fca72
5959,2010,USF,CNF,TENAJA2,9,8,1,10.64954,a713b184-c1bd-4167-a974-c585ffbd1cab
5960,2010,CDF,SLU,CREEK,14,1,1,10.18736,e1cefb5f-ffbd-4075-9eed-02608d6dd479
5961,2010,USF,ANF,RANGE,9,6,1,10.1644,b2477fce-dbfb-4617-b916-1dc837b9b0a1
5962,2010,USF,KNF,TAMARACK,1,8,2,10.10078,0cc307a8-9e12-4669-845d-15b667313928
5963,2010,USF,ANF,ESCORT,9,6,1,9.463291,cfec9a65-760c-4347-84d4-20a8a86f967b
5964,2010,USF,LPF,PLASKETT,9,1,1,9.452641,0bdcc4fe-47d5-4bea-bdfa-d00e319c6756
5965,2010,FWS,LUR,WILDLIFE,7,4,,8.675761,d97d39cb-f6d6-4fe6-a353-905994269040
5966,2010,CDF,SHU,OREGON,10,1,1,8.4357,74084af7-766b-46a0-8a8d-b242293c21c6
5967,2010,CCO,LAC,QUAIL,2,7,1,8.285655,a2d8942f-a16d-4155-bdff-f988e8df09bd
5968,2010,BLM,CDD,ISABELLA,8,1,1,7.981266,35d47700-5bbf-41ac-8065-fba3554cc921
5969,2010,CCO,LAC,CALGROVE,14,7,1,7.456395,b4d56fd2-4b55-4b99-8484-faeb6ad2fba0
5970,2010,USF,ANF,MENDENHALL,9,6,1,7.243333,a1743453-85cc-4230-b14b-09cb6c458668
5971,2010,CDF,SKU,RY,11,1,1,7.196177,835694a8-2213-4bf4-9759-b5b9d8ad03df
5972,2010,NPS,KNP,ESHOM,14,1,1,6.100981,cbb809fa-cafb-44b2-aabe-d65998397713
5973,2010,BLM,CDD,CORTEZ,1,1,1,5.562693,eba2c1cb-6f9a-4895-94f3-60624b7e7eac
5974,2010,CCO,LAC,QUEENS,14,5,1,4.970605,75749b7d-f43f-4f41-827c-5d037052d813
5975,2010,CDF,SKU,BAILEY,2,1,1,4.813503,53535ee5-eb7d-4066-8a1c-051d07a09fd3
5976,2010,NPS,KNP,CAHOON,1,1,2,4.511323,3c3b1e26-0b35-4bb9-bb53-41cd9d36263a
5977,2010,CDF,SKU,EASY,10,1,1,4.45821,a694cadf-25b5-4370-85cd-b916d0bbf81f
5978,2010,NPS,SMP,DEER CREEK,11,1,1,3.628123,357b4f33-b7be-43b8-b30d-1a873b2a331f
5979,2010,CDF,SKU,HAMLIN,2,1,1,3.322555,09461383-00e2-4396-8119-65041e72ffde
5980,2010,CDF,SKU,HART,2,1,1,3.321198,5081ce92-f188-434b-b432-c2cc6057c6b1
5981,2010,CDF,SKU,GAZELLE,2,1,1,2.75103,2b143c84-5b27-46e7-b404-47bc09b213c5
5982,2010,CCO,LAC,RIVER,2,7,1,2.553682,35c7cf0a-1d67-4278-bd64-8e6cc5d2c595
5983,2010,CDF,SKU,EASTMAN,1,1,1,2.383767,93ac990f-2bef-449d-ba7f-a3792d0ef9be
5984,2010,CDF,SKU,HOLLOW,1,1,1,1.371385,fea0cfab-d19f-4a32-a7fe-ef6a8599245f
5985,2010,CCO,LAC,OLIVE,14,4,1,1.121484,52368cad-c584-4aa0-9831-8387968d0662
5986,2010,CDF,SKU,EMPIRE,1,1,1,0.931545,21dcac97-f740-4787-961a-a1cea9f13704
5987,2010,CDF,SKU,WHISKEY,2,1,1,0.2283715,6d59ddfc-5844-4ac1-83fc-77b3b6b13392
5988,2009,USF,ANF,STATION,7,7,1,160833.1,b5b901ea-bd72-403f-9bb4-857ed62c43db
5989,2009,USF,LPF,LA BREA,9,5,1,97815.31,d711b32b-377c-49ac-9ceb-9841c7e7adfa
5990,2009,CCO,VNC,GUIBERSON,14,8,1,17526.69,3f6f2a90-7b1a-4ab0-ae17-7bcca19622e0
5991,2009,CDF,SCU,CORRAL,9,2,1,12242.76,c3999348-fd7b-4400-8f2a-fb4d0e5ab1b5
5992,2009,USF,LNF,SUGARLOAF,1,8,1,9354.167,7dbb6a97-a57a-458d-9ae5-52cfcea0b121
5993,2009,CCO,SBC,JESUSITA,2,8,1,8733.996,f380424f-7fab-4a3c-a3e0-4f74d980d743
5994,2009,CDF,CZU,LOCKHEED,14,1,1,7783.064,7abc622b-4003-412a-ba6c-077ee891267d
5995,2009,NPS,YNP,BIG MEADOW,18,7,1,7553.215,1225b6d9-c0f7-4230-afa4-19c07cd8138e
5996,2009,USF,BDF,SHEEP,9,7,1,7237.873,c4f67fcc-1c9f-454e-a4a9-5cef0f3dbe48
5997,2009,CDF,SHU,CHALK,1,8,1,6846.62,f8fa11cc-0936-4963-a6e2-54541d3d2b35
5998,2009,CDF,BEU,GLORIA,9,2,1,6435.952,4a1c01b9-80de-4fa4-b31e-f06f1a0db711
5999,2009,USF,STF,KNIGHT,9,7,1,6129.376,a711843b-29ca-4b77-873e-3c69c8839e25
6000,2009,CDF,SHU,CASSEL,1,7,1,6098.186,f2532dd7-19ab-4369-bbb5-467252ca1272
6001,2009,USF,SRF,LT-17(BACKBONE),1,8,1,5193.642,88e38c8d-268a-4564-a045-d323e2c9ec71
6002,2009,CDF,SHU,GOOSE,1,8,1,3948.906,bbd7b81c-ef9a-4ba6-9390-db9270b82dde
6003,2009,CDF,NEU,YUBA,11,7,1,3828.632,5c1b0024-cb81-460b-96d3-39ea013d48e8
6004,2009,USF,KNF,TENNANT,2,8,1,3183.837,e56a53cf-c086-4ea1-9e00-1c430ec5c65a
6005,2009,NPS,YNP,GROUSE,1,7,2,3039.926,95c5a366-be8d-4718-abd5-b2efd7e5a6c9
6006,2009,BIA,HIA,MILL CREEK 4,9,8,1,2831.125,f3589e22-dba7-494c-b0b6-922e5375930a
6007,2009,USF,INF,FORKS,1,1,1,2811.132,3d6154b6-1a07-4df8-868b-4256fdfbf338
6008,2009,USF,SQF,LION,1,7,1,2577.448,58c21091-d0a2-4bd7-95e5-bfbc7689e962
6009,2009,USF,BDF,COTTONWOOD,9,7,1,2410.618,2434c7ed-b30f-4188-bb15-39f16aabbd52
6010,2009,CDF,BEU,BRYSON,15,7,1,2256.828,ff44c3d1-2705-4504-a945-e811edcc6eaf
6011,2009,USF,ANF,MORRIS,7,7,1,2236.504,e8b94046-bdc0-4ac4-a063-bca39ddd15ed
6012,2009,CDF,SCU,EXPLOSIVES,11,1,1,1988.681,acca15b9-5aca-4538-a3c8-be1db8e4c158
6013,2009,USF,LNF,BROWN,1,8,1,1833.164,5f11b190-a630-49b6-824d-439775d68089
6014,2009,USF,KNF,REDROCK,9,5,1,1736.917,ef07e1b7-0889-4e9e-b8e4-7b92aa6c630c
6015,2009,CDF,SCU,PACHECO,10,7,1,1688.594,f9c87e3e-c2df-4863-b934-49ea8211d169
6016,2009,NPS,LNP,FAIRFIELD,1,1,2,1662.092,14252ddd-fc23-4448-b51a-6f57fb9ebe72
6017,2009,NPS,YNP,HARDEN,1,7,2,1653.488,a2de3444-027e-45ab-878c-7b65d4de07ec
6018,2009,CDF,LNU,OASIS,4,1,1,1574.982,48e2b030-a023-445a-ac9f-3fec9270fcf7
6019,2009,BLM,NOD,MENDIBOUREAU,1,1,1,1426.45,cd583cf4-e7ac-4f88-b2e1-2929797400ba
6020,2009,USF,SQF,GRANITE,1,7,1,1397.009,8dc249dd-7006-4c71-b0f5-d711a89503d0
6021,2009,USF,SQF,SHOTGUN,1,7,2,1333.441,57d98d36-5769-400a-823d-8f452a6e64f9
6022,2009,NPS,YNP,WILDCAT,1,2,2,1292.374,7327f017-a359-44ab-a5f6-b9b047f31dbc
6023,2009,USF,SHF,REDSPOT,1,8,1,1129.536,87fd1906-37a6-4fa9-bb3d-aedaa267fe1f
6024,2009,CDF,SHU,COFFIN,7,7,1,1098.519,45a0645a-0adb-4f44-a786-7e83f20ff5af
6025,2009,CDF,BDU,OAK GLEN 3,7,2,1,983.2415,dc2231a7-0b2d-41f9-9fee-6bb0137f8b58
6026,2009,CDF,BDU,FORT,18,1,1,943.448,dfa330a4-d9a0-4117-b859-b4c91f9629cb
6027,2009,CDF,LMU,DAY,2,1,1,852.8038,983fbd36-93d2-43e2-b72f-a2493b604099
6028,2009,CDF,BDU,PENDLETON,7,2,1,838.701,3917403a-61e7-4772-aa22-420d1d7de235
6029,2009,CDF,SCU,MUSTANG,5,7,1,764.4717,c66da687-d14e-41de-8f56-a22551bbd265
6030,2009,CCO,KRN,PARKWAY,11,7,1,689.9021,52d052a2-ca82-4069-a6e0-29c5330d8843
6031,2009,CDF,LNU,RUMSEY,2,2,1,677.4405,f544b0c8-f881-4e00-a10c-eed898c8a491
6032,2009,CDF,CZU,LOMA,14,1,1,669.3967,909ca89b-8ba5-4fbe-93ae-6a14614d9830
6033,2009,NPS,KNP,HORSE,1,1,2,664.1164,3138de2c-f293-4628-83cf-a8b3d458185c
6034,2009,CDF,NEU,MAMMOTH,9,1,1,642.6456,e66f8f8a-a384-4a8c-a0b8-c04dd36fbf47
6035,2009,DOD,AFV,HIGHWAY,11,8,1,562.13,02c32755-4b98-430c-a190-fe7d932f64ab
6036,2009,USF,LPF,SULPHUR,9,5,1,468.4803,ccb245da-fbad-4230-b8d5-10130432eae1
6037,2009,NPS,JTP,LOST HORSE,14,1,1,450.7557,66ea44db-1a8c-4d1c-8ab6-ae554f9f9cc5
6038,2009,CDF,SHU,GOMEZ,1,7,1,424.7899,50cb7d3e-07ea-45f4-9685-e14335c5df44
6039,2009,CCO,SBC,ALISO,5,5,1,423.2517,777ddaf8-8656-4ec8-97f3-e1c8349ff1d4
6040,2009,CDF,TCU,ROCK,9,1,1,409.0049,35a6f6dd-c23c-4b33-b348-7f72247d6058
6041,2009,CDF,RRU,VAIL,10,8,1,398.3529,2d6e8dcf-8cdc-4bb0-8419-b6f1620dbc6e
6042,2009,USF,SHF,TRINITY,1,8,1,391.4507,023b3ef0-0b73-4c9b-8597-f18e8db5a8d4
6043,2009,CCO,KRN,BITTER,10,6,1,353.0028,610cdb62-6a69-4954-a181-7ef10f30e376
6044,2009,USF,LPF,PONDEROSA,9,5,1,351.2415,2d2e4ab3-0974-43a5-8cb0-35f019b0f7f9
6045,2009,USF,BDF,ELM,9,6,1,348.3582,fefbf443-fbae-4c4a-804a-22fb3eefd229
6046,2009,CDF,BDU,CRAFTON,14,1,1,348.1416,4ec5109d-41cb-43b9-8ebe-54cf08437e80
6047,2009,CDF,NEU,FORTY NINE,7,1,1,343.3381,c1e5cbd3-ca88-4670-837e-ce6f392f85ca
6048,2009,USF,ANF,OSITO,2,2,1,332.0352,a053476a-43ad-42d2-9e78-034ef6da23e0
6049,2009,BLM,CRA,DEER,14,8,1,330.1603,3a729874-c148-4a8d-9f67-a92403d6918e
6050,2009,USF,PNF,SILVER,9,8,1,310.5701,a9cfbfa3-14d4-4aa6-bbd9-300d2eef8ffa
6051,2009,CDF,TUU,LIGHTNING 1,1,8,1,294.5972,b4d7d1d3-8a06-4e0a-a637-9f6d2cebb32f
6052,2009,CDF,HUU,WILSON BRANCH 2,14,1,1,289.5978,e48d1d44-1b9d-423c-bd16-93c95037da19
6053,2009,USF,SQF,POWER,9,7,1,289.2485,0af49d30-b335-4c4c-872d-30ec329e27ac
6054,2009,BLM,CDD,LAMB,10,7,1,288.1363,3a7d3bd5-6f62-42d8-8d14-8603ab0d67b6
6055,2009,USF,MNF,SUMMIT,4,8,1,287.0728,f76ede89-b253-409a-b263-6436142d87f7
6056,2009,USF,PNF,MILFORD GRADE,1,5,1,284.4517,b161059e-8c6d-4c72-89f9-0878b7b94286
6057,2009,DOD,NEU,BEALE,14,7,1,281.3444,32606c95-fa2e-4940-b066-036adc2b9375
6058,2009,CCO,KRN,ROUND,10,1,1,277.9886,4e4c13b5-0651-499a-895b-39271169b2ca
6059,2009,USF,PNF,ELEPHANT,9,5,1,274.0204,6717f0b5-9601-4562-a8a1-897271381b5c
6060,2009,USF,INF,BLACKJACK,1,1,1,270.8956,f6221540-1e6d-45bf-a659-346e1858be1c
6061,2009,CDF,NEU,DYER,14,1,1,262.2774,91c800ac-a50f-4f22-a9a1-19d783349e83
6062,2009,CCO,LAC,GRAVE,14,7,1,262.0889,9cd0a7af-9523-4319-8702-c427ff580b27
6063,2009,CCO,KRN,BEAR,14,1,1,236.9551,ff93b3b9-eabb-440c-9614-b78b9bcb2388
6064,2009,CCO,LAC,PV,11,7,1,234.2768,0f6ae83e-0c73-4bac-8627-d648d4e6c815
6065,2009,CCO,LAC,G,14,7,1,215.0833,d35f19ce-8b78-4b47-acea-d6dddd8eeef8
6066,2009,USF,ANF,TUJUNGA,1,7,1,210.5635,633dc632-e8de-405b-947c-1e3a52e51935
6067,2009,CCO,KRN,CAMERON,14,1,1,208.3219,a440fa21-33ea-427f-a5e1-0c7a54c522c9
6068,2009,CDF,LNU,PINE,14,2,1,199.6945,11b59fbb-f218-45a8-af36-0af4562c0d83
6069,2009,CCO,KRN,ROCKY,15,1,1,188.3855,4d952f81-97c2-4c53-846e-cfdd1bc5f99a
6070,2009,USF,LNF,PRISON,1,1,1,175.0094,35f9ecc9-8ae6-4a65-a2e0-9a15485de578
6071,2009,USF,KNF,SIMS,9,5,1,169.8183,9bcb7ea2-795d-47c4-8b51-96d9358703ec
6072,2009,CCO,KRN,FRANK,2,1,1,168.5915,31a4faea-8171-4050-8c6c-cd298283dda4
6073,2009,USF,BDF,MCKINLEY,1,6,1,166.3999,c45abe6e-3fee-48d5-895b-c044f1562822
6074,2009,CDF,TCU,TELEGRAPH,1,1,1,161.6785,3aa2f45a-52ea-492d-be44-a749a963fd37
6075,2009,CCO,LAC,DIAMOND,10,7,1,155.2837,abf0807f-a9dc-495b-8e3c-9669ed1449a9
6076,2009,USF,PNF,HOWLAND,4,5,1,154.4899,f00cb10c-9f0b-4a12-ab21-f4efbe7ea5c9
6077,2009,CDF,SHU,BACKBONE,1,8,1,149.1274,d51d2ce0-07d2-4ff5-ba77-d40699b8b09c
6078,2009,CDF,HUU,IAGUA,2,1,1,148.0109,0134b25a-9afb-43b0-b080-4ef3713e9fe4
6079,2009,CCO,ORC,ORTEGA,2,1,1,141.9777,13ba2c23-b159-4aed-803a-b8a11ab511df
6080,2009,CDF,HUU,PRATT,2,2,1,141.965,e5605109-2fd4-49df-8832-d180025deb5a
6081,2009,USF,KNF,HARRINGTON,1,5,1,141.8978,715493fe-f018-417d-88cf-5852f912bed9
6082,2009,CCO,LAC,STATE PARK,14,7,1,141.5527,1983d27a-fae7-44ef-9fa8-7a291c9666dd
6083,2009,CDF,RRU,BLUFF2,9,8,1,140.0417,f7b39495-ddb2-4b4d-992c-9667d610bfab
6084,2009,CCO,SBC,PALMER,2,1,1,139.9773,118155e9-5576-4592-8f14-682c8b62e808
6085,2009,USF,SQF,CORRAL,9,7,1,136.004,6aed2672-46bf-4a81-a823-aa2a39b77f84
6086,2009,CCO,LAC,VALLEY,3,7,1,130.8039,8dc80e0b-a781-4b74-9dae-caff4df791b1
6087,2009,CDF,HUU,RANCH,18,1,1,124.5351,0b342acc-bbdb-4194-b63e-4d754ac2c4a9
6088,2009,CDF,SLU,LAKE,11,1,1,123.0641,f375bbff-23ba-4469-96e2-93d5c92d00f6
6089,2009,USF,SQF,FAIRVEW,9,6,1,114.9584,ca38f919-fa06-497b-9630-0c362f6419cf
6090,2009,CCO,VNC,VINTAGE,9,5,1,112.4652,523d0769-f1b2-412c-ae67-ca1384604604
6091,2009,BLM,CDD,MIDWAY,2,1,1,111.6097,f75e7c22-4942-4d93-98fd-89187653f3b0
6092,2009,CDF,MVU,PALA 4,14,7,1,106.1154,d337b24d-058f-4532-a15e-e56f2dc9c76b
6093,2009,CDF,SKU,BLACK,7,1,1,103.3653,a0253398-0328-4d75-b8e6-f7835040de1d
6094,2009,USF,LAC,HILLSIDE,14,6,1,96.74557,07d5ea98-5272-4623-89ee-e66f589c2539
6095,2009,USF,SQF,CHINA COMPLEX,1,7,1,94.07167,b60c7d23-c11f-45a4-8990-60b7810ff424
6096,2009,NPS,YNP,COTTONWOOD,1,1,1,93.8474,62161bd8-7946-44cc-959d-263e41c2f1cb
6097,2009,CDF,TCU,WAVERLEY,9,1,1,93.84371,d50ceed1-bfb8-4f47-9779-6e63d5b2fa85
6098,2009,CDF,NEU,SUNSET,10,1,1,93.79176,07a84742-d179-4190-b7ae-9903cc48d8fb
6099,2009,CDF,RRU,DE LUZ,14,8,1,93.47726,28a2df34-86c2-4b90-81bd-7810227aa1b4
6100,2009,USF,INF,N. GLASS,1,1,1,90.76411,ce6e9aeb-5416-4ec7-80a3-9773f883e035
6101,2009,CCO,KRN,ROUND,10,1,1,89.26585,03166a19-9961-4c5b-8635-dfff180dcdc9
6102,2009,CCO,LAC,GOLF,14,7,1,88.33082,f62136d6-9e5f-4aca-9396-703a99152a10
6103,2009,CDF,SLU,HIGHWAY,11,1,1,83.7404,2383bc24-d678-4134-aace-4a55dda14603
6104,2009,CDF,NEU,RIVERBOTTOM,14,1,1,83.00694,bc8a2e72-ff2b-45e7-a230-5e94dd06d7f6
6105,2009,CCO,KRN,WILLOW,14,6,1,82.1416,90d300db-2169-43dd-8735-88bbc5a1f3da
6106,2009,CCO,LAC,SLOAN,10,7,1,81.81142,05632770-a4c7-487b-a9e9-28186cadf35d
6107,2009,BLM,NOD,DODGE,1,2,1,81.56727,5a0fc721-8171-469e-b2d1-cc4947121ba6
6108,2009,CDF,TCU,VALENTE,7,5,1,75.87243,44a3fa1f-b5a9-43de-baaa-094ecfc1a69c
6109,2009,CDF,TCU,CLARIBEL,7,5,1,74.90366,3eff71b6-a1aa-4313-8861-670bf53113d8
6110,2009,CDF,BDU,PARK 2,14,1,1,72.86634,fbee65d4-183f-4ec7-90bc-03d7fcd0d783
6111,2009,CDF,NEU,NELSON,7,1,1,71.27203,69148dc3-deff-47d4-91c8-8968f8f8a322
6112,2009,BLM,CDD,SPRINGS,14,7,1,71.06954,14810ae6-a6d5-44dd-ad67-4e9a87496e52
6113,2009,USF,SQF,LAKE,9,6,1,70.66196,4e95a1da-f68d-4ea4-be4c-97388a3cb25c
6114,2009,CDF,NEU,FIDDYMENT,14,1,1,70.4869,dad9277e-3ceb-4bd0-90fd-f1bb27aac8ee
6115,2009,USF,MDF,RAIL,1,8,1,68.26365,b6346cd7-27de-4f51-a28c-1b27651f5150
6116,2009,CDF,RRU,GRANDE IC,5,8,1,67.66906,314cddd5-28ce-495c-8060-b9a4e8881132
6117,2009,CCO,KRN,SCHOOL,10,1,1,66.58518,6c653a1b-367f-4a66-9fc7-41a5c2acde19
6118,2009,CDF,BEU,CHALONE,10,7,1,65.13966,989e5a90-4157-4f58-8e61-92fc3c6e7362
6119,2009,CDF,TUU,KONDA 3,1,8,1,65.09072,6880708d-3b87-4752-9eb8-cb2c4fa61035
6120,2009,USF,MDF,FLAT,1,8,1,62.11282,342c6825-f95a-45ea-ba41-0c729ecaa0ee
6121,2009,USF,ANF,ISLAND,2,6,1,61.4799,06ea06c9-e707-4105-9306-3246afd6a573
6122,2009,CDF,RRU,RABBIT,9,8,1,59.53195,55dcb9da-4736-4c30-a2d9-f707b8ad0639
6123,2009,CDF,SKU,PERCH,5,1,1,59.49112,ef5a09ee-8df0-4e44-947c-fac637fd74af
6124,2009,CDF,TCU,BELOTTA,14,5,1,57.74234,a12789f4-63fe-491d-91df-b56502125ad7
6125,2009,CDF,VNC,RANCHO,9,2,1,56.45208,addf7c0c-be2a-48fa-960f-7076250c8ee6
6126,2009,CDF,MVU,WILLOW 3,14,6,1,54.52466,89e9e360-be04-42d4-9982-a02f0838b5e0
6127,2009,CDF,MMU,49,14,6,1,51.81923,9546d326-face-4cfd-abb8-68f2432d8f0d
6128,2009,USF,SQF,PEAK,4,7,1,50.48734,7f1e0b05-5d92-4b98-a273-beb8417fbfdd
6129,2009,CCO,KRN,SLUMP,14,1,1,50.10938,39cb112b-eabe-4836-9a1c-f9dc7fd46f74
6130,2009,CDF,RRU,TRAM,9,1,1,49.93808,f037b36c-baac-4ae9-913e-2baf957f3a80
6131,2009,CDF,TCU,132 ,9,6,1,49.91967,6574aa70-9ba5-4d99-8b21-fca53c45aa1e
6132,2009,CDF,NEU,BASELINE,14,1,1,47.65584,bc711dab-36a5-403f-83fb-dfe134469f69
6133,2009,USF,LNF,BUTTE,1,8,1,45.49991,99f5e01f-a3e0-4c14-8c18-da41bea8ddc0
6134,2009,CDF,BDU,BUCKLEY,7,1,1,45.44855,31b3aa85-efb5-4157-9fa1-f0bad8d097a7
6135,2009,USF,SQF,COFFEE,9,7,1,45.03305,a06f0114-0399-46d0-be06-af98d6bf8b83
6136,2009,CDF,FKU,VALLEY,7,1,1,43.96304,9be319b8-d4b3-4317-bb95-a325c22b54b5
6137,2009,CDF,BDU,BASELINE,8,1,1,43.897,e0fa49de-8923-4fdd-a9d8-de077ea384a7
6138,2009,CDF,MVU,CHECKPOINT,9,7,1,43.85718,c6f59b19-1a67-4c78-8218-834047666ef5
6139,2009,USF,LNF,BUTTE,1,8,1,43.59916,1c34ae79-12e0-4552-8674-9f7ae1ca39bb
6140,2009,CDF,SLU,NACIMIENTO,14,1,1,42.80092,f5cb3ea1-d2f0-4b7b-bde6-57e71f72d395
6141,2009,CDF,HUU,ISLAND,10,6,1,40.26507,2d1f1af9-a27a-4d38-814f-95eaa7ea7a77
6142,2009,CDF,SKU,OMEGA,2,1,1,40.11937,b3618804-0306-48c1-93df-f5cf90689dee
6143,2009,CDF,TUU,QEUDOW,1,8,1,39.91262,82358615-eb85-4646-a65b-068344aea6e2
6144,2009,USF,SHF,JONES,1,8,1,39.09988,ec07b4da-e11b-4143-90b5-6f6e2c715f15
6145,2009,BLM,CDD,QUAIL,14,1,1,38.68639,c1fd92be-b03d-4bd7-a43a-70928b6d7ae2
6146,2009,CCO,LAC,CANYON,2,6,1,38.44999,c7238f3c-787d-405b-9514-5039348a9ee8
6147,2009,USF,PNF,SADDLE,9,5,1,37.51142,142e24e3-0124-40df-8a4b-22accbdff608
6148,2009,USF,LNF,WHALEBACK,1,1,1,35.62033,a62d0871-2b8a-4ff6-8a26-9bd5705cb973
6149,2009,CDF,FKU,BEAR,7,1,1,35.12801,5ec2a66b-9e21-4171-b4f1-9e7f01665886
6150,2009,CCO,LAC,MT ST MARYS,2,5,1,35.07367,f56f130c-e00f-4ed2-a052-7aba362dfc7d
6151,2009,USF,MDF,UPPER,1,8,1,34.90662,e800aaa7-94f8-42da-bdfa-d04d987d5f53
6152,2009,CDF,HUU,WILSON BRANCH 1,14,1,1,34.7323,7fc31b2a-20f8-446a-851c-bbfed6fb285b
6153,2009,CDF,BEU,SARGENTS 2,11,1,1,33.99076,397e3ec7-2a60-45a4-a277-9939f9cbe9ba
6154,2009,USF,LPF,LOCKWOOD,9,5,1,33.80416,5f288027-1711-4f18-952c-507a1af8713b
6155,2009,CDF,HUU,RIVER,5,4,1,33.31531,391772a7-f2bf-449b-8720-727481910e1c
6156,2009,CDF,FKU,AUBERY,3,1,1,31.31994,5a14209b-bbb8-48b4-9955-c4fd9f9de311
6157,2009,CCO,KRN,OAK,11,6,1,30.85494,66459284-3a4c-4b42-a980-9b477fef088a
6158,2009,CDF,BEU,INTERLAKE,11,7,1,30.36139,021adb80-c266-4f53-af0f-b93b74b43f95
6159,2009,CDF,FKU,LODGE,14,1,1,30.24311,75952a80-51ff-495c-a215-2159c5c28323
6160,2009,CDF,SHU,JERUSALEM,14,8,1,29.67412,07616829-0920-46a7-b350-21ed8d8c746d
6161,2009,CCO,KRN,KECKS,14,1,1,29.51451,0179ddde-61b3-403b-b353-4b479335c60b
6162,2009,USF,ANF,STEEP,2,6,1,29.46137,3207c851-c59f-4d08-bd0d-99d57d2af1c4
6163,2009,CDF,FKU,MORGAN,7,1,1,29.25722,49987d53-65aa-40bb-bdd5-ff00a548adc8
6164,2009,CDF,HUU,LITTLE,18,4,1,28.92981,65461101-d630-4622-b69f-0b5cbe6a266d
6165,2009,CDF,HUU,FRENCH,14,1,1,27.42418,d0ab45c9-16d6-4d85-9e7a-b3502fce22ed
6166,2009,CDF,SHU,WILD,7,8,1,26.81784,86a1662e-c956-4094-b1f5-07a0c4ebb298
6167,2009,CDF,HUU,KNEELAND,1,1,1,25.67812,63e565b9-bd4a-41c3-af68-03fa87f725d4
6168,2009,CCO,KRN,WOFFORD COMPLEX,10,1,1,25.52011,61e89638-40e8-41e7-8122-917c3f7245cd
6169,2009,CCO,KRN,PERRY,7,1,1,25.41952,1c816cec-53d8-42c4-a287-63219b9cbb80
6170,2009,USF,TNF,HILL,9,1,1,25.31446,a4e1b5a9-7d04-42f0-98b1-0b823a66ccca
6171,2009,CDF,TUU,GIBBON,1,8,1,25.15846,c87cb042-3082-4b25-b37c-089e0aac064e
6172,2009,CDF,HUU,VALLEY,5,4,1,24.98003,0f46fb30-abcd-4162-87db-8ed7158fbcf5
6173,2009,CDF,BTU,JORDAN,5,1,1,24.43217,c07e508d-e76b-491a-b90f-075073b135f8
6174,2009,CDF,BEU,SARGENTS,2,6,1,23.95738,2c41575a-0ae3-4884-a598-3ac235621b15
6175,2009,CDF,SHU,CAVE,1,7,1,23.70788,f581aaa8-6ae9-4289-91b7-515a424f9500
6176,2009,CDF,SLU,CLARK,2,1,1,23.42205,72186c6d-3c9c-4b80-aad9-aef0f99f456e
6177,2009,CDF,RRU,BANNING,9,1,1,22.35841,7af1c688-2a2d-42b7-9e91-e8ffd3cb29a8
6178,2009,CDF,TUU,LIGHTNING 2,1,8,1,22.27085,e380fbac-d8cc-4e68-8f75-96b5414aceac
6179,2009,CDF,NEU,MAGNOLIA,11,1,1,21.28702,c4444b3f-1fd6-4d22-9695-ab8fd8e390f2
6180,2009,USF,MDF,GROUSE,1,8,1,19.44056,21817c14-ae64-4daf-9a7d-ddf0357ff9fc
6181,2009,CDF,SHU,1-34,1,7,1,19.29534,2c1d0119-9e1b-4b63-8b4a-c57fdd54d093
6182,2009,CDF,TUU,TRUBLOOD 2,1,8,1,19.26691,1c376de0-e08c-41bb-a353-81b08e1be635
6183,2009,CCO,LAC,TERREBONNE,1,6,1,19.08557,999ad14c-082f-4d80-9be6-12838757b717
6184,2009,USF,ANF,SMOKEY,2,6,1,18.62339,3820d576-c915-4ec4-90d0-f2fd5d89d221
6185,2009,BLM,NOD,SNOWSTORM,1,1,1,17.63159,1a543f20-93aa-4c7d-a0a3-82d530573d83
6186,2009,CDF,FKU,SAND,2,1,1,17.27704,02dfc77f-1361-4994-8a74-34baedb3c422
6187,2009,CCO,KRN,BLUE,10,8,1,17.20211,61324cbd-177f-473c-860d-dc10b9db0498
6188,2009,BLM,CDD,WRANGLER,14,1,1,17.05299,09981194-c428-4c2b-84f7-dd258dc454d2
6189,2009,CDF,NEU,SPRING,14,1,1,17.00472,149d2122-94da-4d29-87a5-a837025a7bb3
6190,2009,CCO,VNC,CASITAS,2,5,1,16.73745,4733d66e-54f8-4113-976c-10c71d87ac96
6191,2009,USF,CNF,ORTEGA 3,9,5,1,16.4927,902d711d-2ac2-4c5d-b215-9eaa9eb3b0db
6192,2009,USF,SHF,LOWER,1,8,1,16.23625,ef89de42-e422-4a01-bf77-39bd4804f3a2
6193,2009,CDF,NEU,WEST WISE,14,1,1,15.64019,e5a9d9b0-99a6-4627-8bc4-26cdd1b3c804
6194,2009,CCO,KRN,HIGHWAY 178,14,6,1,15.60018,75a12f2f-cf3f-4c06-ae44-c122012f2fe4
6195,2009,USF,SHF,SWIFT,9,8,1,15.41852,750b9887-2f0a-44ab-b244-2a99c6b4b502
6196,2009,USF,LPF,YELLOWJACKET,2,5,1,14.71581,458e2f8b-4d92-4659-a525-50453701e3d3
6197,2009,CCO,KRN,BRECKENRIDGE,14,6,1,14.43905,3c1e6b7a-3497-4fc1-8c21-1bf72e3d4629
6198,2009,CCO,LAC,MARSHALL,14,1,1,14.13487,3d9dc381-2cd7-4224-9a80-6522edb85292
6199,2009,USF,STF,MURPHYS,1,1,1,13.76622,69b5c061-3678-4c18-a2d9-c65bcd251b6d
6200,2009,USF,INF,SPOOK,1,1,1,13.53177,fd924094-0b75-46b1-ad6d-994d8ce4bec9
6201,2009,CDF,HUU,GOODMAN,2,1,1,12.50913,7046b240-4f25-49fc-93c7-ca6f91f2d35e
6202,2009,USF,ANF,PARADISE,10,6,1,11.7796,f1681408-6a3f-44f0-af85-1d22a9531fc6
6203,2009,DOD,MCP,ORTEGA 2,2,5,1,11.61811,6aa4247f-552f-489a-84f9-537d900efed3
6204,2009,CCO,KRN,RANCHO,14,1,1,11.52567,d8378d9a-3f18-4155-8312-03d31b99b6f4
6205,2009,USF,SQF,BOULDER2,9,6,1,11.50176,3019168a-54d0-4aba-a70b-022c41cb93fb
6206,2009,CCO,KRN,FOREST,14,1,1,10.83142,1204745e-eac4-4296-8bfc-e51b8233f272
6207,2009,CDF,SHU,HOPEFUL,5,1,1,10.65124,0436fd5f-da18-40d7-abe9-fa3ec5c4f7af
6208,2009,CDF,NEU,MANZANITA,14,1,1,10.35638,17fad860-cb87-4df3-b870-7adc8b792cfa
6209,2009,CCO,KRN,RIDGE,10,6,1,10.19505,cc98d18b-d24e-4af3-9418-112ee5f30498
6210,2009,CDF,HUU,PECWAN,14,1,1,9.846016,e7adf0bc-f0be-42a1-b82f-21f529e68f66
6211,2009,CDF,NEU,FORESTHILL,14,1,1,9.688148,0bd97dd8-756f-4eef-a595-5eb78d76a3b3
6212,2009,CDF,NEU,MCCOURTNEY,14,1,1,9.326889,19dd2022-e375-4dad-8b3b-a2e97c9fba22
6213,2009,CDF,FKU,PIEDRA,11,1,1,8.226518,8d380c64-22b8-4ad8-bc25-557386eba87a
6214,2009,CCO,ORC,SAN JUAN,9,5,1,7.666875,d489f0ec-cddb-44d4-b260-181484e94ae1
6215,2009,CDF,SHU,EAST FORK,14,8,1,7.518456,566c8304-e533-4fa2-8fe7-3621da6d796b
6216,2009,CDF,SKU,COVE,5,1,1,6.198253,b3e7daf1-1bd9-4e03-a295-470fcb4cfe34
6217,2009,NPS,KNP,LOST GROVE,4,1,1,6.139169,3e7c71e7-4654-4462-b35c-32b11a01274e
6218,2009,CCO,LAC,EE RANCH,2,5,1,6.031826,64ec9055-d826-4e49-b3c5-39441484f8a4
6219,2009,CCO,LAC,ROMDELL,14,6,1,5.428401,0d1d99be-b6a8-4de8-9725-1bdc883e177c
6220,2009,CDF,HUU,PANTHER,14,1,1,5.297645,875c968c-6658-4496-a6d8-708ce5792152
6221,2009,CDF,HUU,AHPAH,14,1,1,5.253993,dc0b980f-4520-4f93-96c6-0730b2f15eee
6222,2009,NPS,RWP,TALL,14,1,1,4.994873,644dc82a-abb6-4661-8556-f739c87ba9c1
6223,2009,CDF,TUU,WHITE RIVER,1,8,1,4.924762,5e1327f7-6daa-48ad-974c-5c5bf69c31e7
6224,2009,CDF,SHU,CLARK,1,7,1,3.643851,ee387a7c-03d9-4cf4-9dbd-402efecfa7a2
6225,2009,CDF,SKU,AGER,9,1,1,3.354752,045cba39-86d1-4fc0-906c-451a6474055a
6226,2009,CDF,TUU,KONDA 4,1,8,1,3.175611,e0e0069a-9c4e-408f-8038-bc2d67a3964b
6227,2009,CDF,TUU,ROUND VALLEY 1,1,8,1,2.940468,1424b4c7-4d4b-413b-84fb-c2c958ac9753
6228,2009,CDF,TUU,POTHOLES,1,8,1,2.7963,a74c8d74-9a92-4523-b1dd-e36fc8032918
6229,2009,NPS,KNP,GRANITE,1,1,1,2.075425,29c7626a-d394-4f30-afa9-2cedd9088026
6230,2009,CDF,TUU,BALD,1,8,1,1.919254,8cfa545e-c803-4fe8-aa8b-6c078b9ca71e
6231,2009,CDF,TUU,ROUND VALLEY 2,1,8,1,1.690241,2db1ad55-5aa3-4451-89be-ab68e723c82a
6232,2009,NPS,KNP,MEHRTEN,1,1,1,1.504139,e924732c-d25b-4125-8959-f276dcbdfa80
6233,2009,CCO,LAC,PARK,8,1,1,1.502962,541b8c1b-e780-4f9a-8cb8-cde401712916
6234,2009,CDF,SHU,VENTURE,1,7,1,1.288342,7e2d80d2-f0d6-465d-8ce1-2484317f35ae
6235,2009,NPS,SMP,GILLETTE,2,5,1,1.006388,3742e56a-459e-4548-b7e4-8d0867dd4d36
6236,2009,CDF,SLU,CHOLAME,10,1,1,0.8282085,a3063946-c732-4809-a986-364c227bf934
6237,2009,CDF,SHU,MCCLOUD,1,7,1,0.7589066,8c4466b9-98e1-4cff-80ff-532a5999a61e
6238,2009,CDF,TUU,KONDA 2,1,8,1,0.7300492,ce090fd9-a601-4dd1-9184-130287a53e0a
6239,2009,CDF,TUU,LIGHTNING 3,1,8,1,0.640353,c0a7d6e7-e1ed-40b3-981c-c3fcc70cbc77
6240,2009,NPS,GNP,HAWK,4,1,1,0.3705287,6c95706a-383d-48b6-861b-9a6ad24de43a
6241,2009,CDF,TUU,TRUBLOOD 1,1,8,1,0.3445244,ac1a3fb9-939e-4a90-8282-764e6785bafa
6242,2008,USF,LPF,GALLERY,1,2,1,163606.7,bcfb08bc-a388-40e5-825e-07a2fc391b15
6243,2008,USF,LPF,INDIANS,4,2,1,76459.78,16ec4601-5c34-460b-b36d-3da1592815d5
6244,2008,USF,SRF,MILL,1,7,1,65882.04,4f36b4b3-9aff-46ef-8231-f1577a234266
6245,2008,CDF,BTU,BTU LIGHTNING COMPLEX,1,2,1,53699.33,5a8d1654-3a51-43b9-9d79-36e313042a11
6246,2008,USF,KNF,PANTHER,1,7,1,44497.18,2e0e9002-0484-44d4-8d0a-bdab47809468
6247,2008,USF,SRF,JAKE,1,7,1,38416.58,fce1a581-e3b1-4077-84c0-0aa2503f7891
6248,2008,USF,SQF,PIUTE,9,7,1,37346.25,f91888df-e82a-463c-9287-dda9952de28e
6249,2008,USF,SHF,MOON,1,2,1,35312.22,776db224-6a26-4bef-bbcf-223884d2b42c
6250,2008,CDF,MMU,TELEGRAPH,9,3,1,34083.8,4be7ce97-b4a6-48c7-b089-bd8c1c7927b5
6251,2008,USF,SHF,EAGLE,1,7,1,32023.89,7b2b596f-657e-407d-9810-34576cd47420
6252,2008,USF,MNF,YELLOW,1,8,1,31932.87,85c6372b-027f-43c8-8d21-ac52ddc58512
6253,2008,USF,SHF,IRON,1,7,1,30660.02,9755dc6e-2390-4b56-954f-7bac01c9efce
6254,2008,CCO,RRU,FREEWAY,10,8,1,30305.23,f06aa71f-ed6f-473a-ae2a-6edf63cca5ed
6255,2008,USF,SHF,BUCKHORN,1,7,1,29814.31,704068ff-f06b-4a7d-88d2-0e6f666e883d
6256,2008,USF,SHF,MOTION,1,2,1,28329.74,943455f0-4daa-408f-bffc-4c30eb823564
6257,2008,USF,SHF,CEDAR,1,7,1,25391.73,999d3415-c78b-46d6-bc68-5d853ddf2878
6258,2008,USF,SHF,LIME,1,7,1,24884.74,78b326c0-15e7-4a1b-94dd-3cec0fd23e47
6259,2008,USF,SHF,MINERS,1,8,1,24876.34,b602c95f-09db-4448-95c4-4a1050428269
6260,2008,CDF,BTU,HUMBOLDT,7,2,1,23344.33,407c49b6-7a61-4634-a7e6-e746e7133c76
6261,2008,USF,SRF,BLUE 2,1,7,1,17552.39,50385865-b82d-4250-8b4d-2d334caa4cc3
6262,2008,USF,LPF,CHALK,9,2,1,16265.77,6a3d806f-9486-4474-9c3e-5c71c80cc365
6263,2008,USF,SQF,CLOVER,1,7,2,15788.59,5ec401bf-966f-40f9-ae7d-a2d53cb9f386
6264,2008,USF,SRF,HELL'S HALF,1,1,1,15130.15,3497fd0b-d30f-493a-96ce-f56063b432f6
6265,2008,USF,LNF,CUB,1,8,1,14728.5,342ddcd9-090e-4e69-b8c1-ca27afb89ecc
6266,2008,CCO,LAC,SESNON,14,7,,14701.31,0d0fc7fb-d216-46fd-95bd-7ebb8077eda9
6267,2008,USF,MNF,VINEGAR,1,8,1,14544,d5109802-633b-4f11-a748-0566760ecccf
6268,2008,USF,SRF,HAYPRESS,1,7,1,13664.68,ce50c5db-8259-4aff-af1c-03efea1a9862
6269,2008,CDF,TGU,MILL,1,8,1,13511.76,19dd2ff2-735d-49ae-82bb-32e479d92c1a
6270,2008,USF,KNF,CARIBOU,1,3,1,13126.68,c4d63177-0790-41a4-b99c-71827f57b9bd
6271,2008,USF,PNF,SCOTCH,1,7,1,13008.35,1e765782-8196-4814-a7cb-8928a023b8a9
6272,2008,USF,SHF,NOBLE,1,7,1,12984.7,3238dec8-4d5c-47ec-945b-f87d3b1c0dda
6273,2008,USF,SHF,DEERLICK,1,2,1,12976.93,33524591-435e-493f-b75b-a1d45ab20442
6274,2008,USF,SHF,IRONSIDE,1,7,1,12834.12,6c52512b-3452-4329-b364-f90df521b807
6275,2008,CDF,LMU,CORRAL,1,2,,12434.29,9cd6d9e4-0ef4-4ba7-a536-7b9a6d34cf4c
6276,2008,USF,PNF,SOUTH-FREY,1,7,1,12401.95,52dc336a-03c4-461f-a45d-f9e5c4c39421
6277,2008,NPS,KNP,TEHIPITE,1,3,2,11648.09,ba77b03d-1fe2-4534-9cf5-55655ce2618d
6278,2008,USF,ANF,SAYRE,14,7,1,11260.19,f84168df-adb4-4ada-b4c4-16bec642dd62
6279,2008,CDF,LNU,WALKER,10,7,1,11173,a27adb86-8a26-4af1-aec9-593a55c0d547
6280,2008,USF,TNF,WESTVILLE,1,3,1,11090.15,0b055daa-4815-4d8d-a168-3715a58ff020
6281,2008,USF,KNF,DARK,1,7,1,10389.64,75fd6386-96db-4d56-8819-f9dc51fd3522
6282,2008,USF,LPF,GAP,9,2,1,9544.732,54a32f2b-ca9f-44b9-8369-6313b4c0dbe0
6283,2008,USF,TNF,GOVERNMENT,1,3,1,9219.731,faa7f285-b4a3-442f-8f8c-c4ec2dee8601
6284,2008,USF,SRF,MERRILL,1,7,1,8339.333,a2f1403d-4ed5-4b53-90e5-e93a881d8d13
6285,2008,CDF,LNF,PETERSON,1,8,1,8021.854,7a31e9c9-03c6-4ee7-bcfc-fac7e3dad6c7
6286,2008,USF,MNF,WHISKEY,9,8,1,7783.408,3d57ef46-36bf-4206-ae02-7e8692146b6b
6287,2008,CDF,MEU,RED MOUNTAIN LIGHTNING,1,1,1,7513.306,09cbd461-69f0-437e-9c74-3526dbc9585f
6288,2008,CDF,MEU,SUGARLOAF,1,1,1,6927.816,b762a9b3-4688-4c8a-833b-715c8aa042e4
6289,2008,USF,SHF,TELEPHONE,1,7,1,6910.942,05b2bba9-dd44-43c6-a420-5f949850c0ee
6290,2008,USF,MNF,GROUSE,1,8,1,6323.498,1b31fc44-29d7-4cb7-b57f-c4e2de03b12b
6291,2008,USF,PNF,RICH,6,7,1,6110.651,108cafad-cf4f-417c-9c4e-5b972696fdbf
6292,2008,NPS,BNP,JACK ,1,7,1,6067.5,24e83570-51b8-4740-a8ad-51f9aa6cf819
6293,2008,USF,PNF,COLD,1,7,1,5599.298,7b8c316f-a792-489a-a862-b36956bb0f8b
6294,2008,CDF,MEU,HARDY CREEK LIGHTNING,1,1,1,5354.216,f2c9fb3d-c7c0-4052-b005-bbd87062ecf3
6295,2008,USF,KNF,THREE,1,7,1,4922.912,c079be41-4d12-4066-91cf-9e6a8b550097
6296,2008,USF,LNF,ONION,1,8,1,4904.737,d6565b0d-30f6-4c1e-a9c5-82caf4c2f3ec
6297,2008,CDF,MEU,CLIFF RIDGE,1,1,1,4657.563,c9e136af-16fa-4bd1-838d-76863f404df9
6298,2008,USF,ANF,MAREK,14,7,1,4573.801,40b61d71-e4ca-406a-b7e2-3c2e9c7e00d3
6299,2008,CDF,MEU,COWSHED  LIGHTNING,1,1,1,4465.681,1f81f1b2-3564-45bd-95b6-211cf24d4d0f
6300,2008,CDF,SCU,SUMMIT,5,2,1,4174.505,0335b7d2-aaa2-4cc5-aa0b-03a352e7880c
6301,2008,USF,PNF,FRIEND-DARNELL,1,5,1,4111.993,90d39e1a-b4c2-4661-afd4-e5d82a4bff2f
6302,2008,CDF,LNU,WILD,14,7,1,4101.977,4e800871-7d50-4000-9f60-cb175247683e
6303,2008,CDF,BEU,BROWN,1,2,1,3786.915,e303d32e-39c7-4eec-ae7f-bc1fb9c354b2
6304,2008,USF,SHF,CAREY,1,7,1,3714.323,94ef6e6d-bdda-4cc9-95ec-b2e950d7aab8
6305,2008,USF,SHF,TROUGH #1,1,7,1,3688.718,f7ab9b1a-3497-43a1-b0d1-56d7f536f8cd
6306,2008,NPS,KNP,HIDDEN,1,7,1,3685.978,190e9780-de7c-4ee3-9905-05e7431c1b53
6307,2008,CDF,TGU,ANTELOPE,1,2,1,3416.724,a6473b49-9f31-4b33-931a-ebe7f0ee93ce
6308,2008,CDF,MEU,ORR SERIES,1,1,1,3416.339,4497f035-97fe-497c-8c23-b4dc8274062c
6309,2008,USF,MNF,MILL,1,8,1,3041.954,76f3c769-2a43-4bb3-9283-255bde1e5754
6310,2008,USF,STF,NORTH MTN,1,7,1,2964.05,9c0df786-6f14-4f5c-9dbc-b12c2bf3a015
6311,2008,USF,SHF,GULCH,2,7,1,2878.068,9e91e1bf-1b09-4022-8b3e-b4b986c5f30f
6312,2008,USF,SNF,OLIVER,1,1,1,2806.085,1d31c8b5-ace5-4094-a79e-18555da795fc
6313,2008,CDF,MMU,41,10,6,1,2592.281,ae8e3cf1-6c70-4b1d-9873-e27595fb3c77
6314,2008,USF,TNF,FALL,1,7,1,2416.797,21ee7d74-1130-4c18-89be-c677524d415e
6315,2008,CDF,MEU,BUTCH,1,1,1,2367.237,55a9efd4-3070-43ca-b5c4-3e4127251c90
6316,2008,USF,SHF,ZIEGLER,1,7,1,2349.47,cfb0bd4a-b0ca-4405-9751-1e2dfaea5553
6317,2008,CDF,MNF,BIG,1,8,1,2192.96,794d7ca4-c77e-41e6-901d-18460adaa0bf
6318,2008,CDF,MEU,INDIAN,1,1,1,2095.894,821437f0-3cd6-41f1-98a6-5fc7301e37b3
6319,2008,CDF,MEU,MIDDLE,1,1,1,2067.143,70479d53-9be2-4f97-87cc-9386aa694c17
6320,2008,USF,SHF,KIRKMAN,1,2,1,2053.58,d727df42-5fae-4c47-80d5-14231dfb8642
6321,2008,CDF,BTU,CRAIG,5,2,1,2019.065,4a2af35d-c53a-4dcd-ae8f-c9eb807ffb16
6322,2008,CCO,SBC,TEA,4,2,1,1946.342,a0814fdc-8207-49a8-8844-03a38021d498
6323,2008,USF,SHF,VENTURE,1,2,1,1911.353,e4e7da8f-5e09-4e5a-ab22-aa1433f1f40b
6324,2008,USF,MNF,MONKEY ROCK,1,8,1,1885.691,08b6c5ee-3bed-4bfc-aa5b-bac153957060
6325,2008,USF,PNF,FOX,1,7,1,1869.612,d0cd08a8-c75c-4570-8121-4f60628511bf
6326,2008,CDF,MEU,NAVARRO,1,1,1,1852.74,e4983ed9-bf00-407d-aae2-8051de8da7b4
6327,2008,USF,KNF,ANTHONY MILNE,1,3,1,1777.426,f6b5ed53-67b6-4b86-9978-8b88726365bd
6328,2008,USF,MNF,SLIDES,1,8,1,1640.779,8168f8da-9ef1-40f6-b1ff-46d3e0a4ed2a
6329,2008,CDF,MMU,HWY 140,1,1,1,1566.289,90a23574-c9ef-4c56-8a24-ad41232da7b0
6330,2008,USF,MNF,BACK,1,8,1,1566.22,29e7a162-094c-41d8-a7c7-314b98baa814
6331,2008,CDF,MEU,JACK SMITH,1,1,1,1537.734,3a35c53b-55ad-4651-9056-10b40d5c8be2
6332,2008,CDF,TGU,COLYEAR,18,2,1,1400.641,5c36400f-a895-4407-ac5c-59a683f30011
6333,2008,USF,PNF,LITTLE,1,7,1,1398.579,752aa880-d172-438f-9e9a-d71808634cde
6334,2008,USF,INF,HONEY BEE,1,1,2,1390.236,520a6db2-6e5f-48cd-9a01-3f0d94d5efc1
6335,2008,USF,SRF,BONANZA,1,1,1,1370.59,a8f1f33e-12f3-471e-97fd-d0bcc3298006
6336,2008,CDF,NEU,TWENTY,1,1,1,1355.439,3515ede2-64a4-4834-862c-9f21934163d9
6337,2008,CDF,MEU,LOW GAP,1,1,1,1347.432,c299c5b1-89f4-41fb-b51d-36386fdf9072
6338,2008,CDF,TCU,LAGRANGE,7,1,1,1334.334,dd2b21fa-ff9f-49a3-b942-6f328e73323e
6339,2008,USF,SHF,LOWER,1,2,1,1309.891,e3e7eb9d-ee29-4396-87f6-f4dba07a35c6
6340,2008,USF,SHF,PINE 2,1,2,1,1193.195,464e298d-d8e9-4f5c-bf18-db0c4e40bf3a
6341,2008,CDF,MEU,LOST PIPE,1,1,1,1187.171,d62f6fdc-e7dd-40bf-bbdf-bc50436616b5
6342,2008,USF,SHF,SLIDE,1,7,1,1182.067,f2c979ef-85de-4b85-b368-d0adfabec51f
6343,2008,CDF,FKU,AVOCADO,11,1,1,1175.196,8af0fb62-410a-45ad-a32c-76a0f6b3558f
6344,2008,CDF,MEU,TRAVIS 1,1,1,1,1171.231,6b712e8a-e0b4-42b0-b686-c2c4cc47abc4
6345,2008,USF,TNF,SCOTCHMAN,1,7,1,1165.431,5c804b82-f0c7-407f-984d-24360ee14345
6346,2008,USF,SHF,STEIN,1,2,1,1147.845,eccfe7fb-6c3f-4631-8b07-21052d933162
6347,2008,CDF,NEU,GLADDING,7,1,1,1089.862,4f92d93d-44ea-47ae-bc02-a20801b0d039
6348,2008,CDF,HUU,PARADISE,1,2,1,1071.65,4eb58026-26a5-4dcc-9a07-03c9450e0db6
6349,2008,USF,SHF,DEADSHOT,1,2,1,1044.585,c391dbc6-6658-487f-8244-2a990c1ba5b9
6350,2008,USF,MNF,THOMES,1,8,1,980.283,f1f6cdba-d531-470c-9f82-fc9397fce85d
6351,2008,CDF,BTU,OPHIR,2,1,1,958.4999,8ac7dda8-7ec7-4d70-b706-f6de46f692dd
6352,2008,USF,SRF,TRAVIS,1,7,1,957.5425,b2dbe2e1-f7b9-45d5-9f66-71a8b8c8401e
6353,2008,USF,MNF,HARVEY,1,8,1,948.7195,7f642ccd-1a8d-4e63-8e5a-1cd485c05f98
6354,2008,CDF,FKU,AVENAL,7,1,1,945.3325,ae95bee3-87d7-420a-bc30-fe97b5c790a0
6355,2008,USF,STF,DOME ROCK,1,7,2,917.9686,64ede203-c160-4df5-8517-ac3efd43424d
6356,2008,CDF,MEU,JAMESON,1,1,1,879.7822,2e7b4e5e-d81f-48aa-871e-e82a46b03289
6357,2008,CDF,LNU,PINE,14,7,1,815.3442,86d13415-16c3-4875-881c-667d267ccaed
6358,2008,CDF,MMU,COTTONWOOD,10,6,1,796.5697,0218a165-2cb5-40d3-838e-8a3f68f6f817
6359,2008,USF,PNF,FOUR MILE,1,8,1,788.7921,1630b999-f143-4a4c-a8e9-f70188749fb0
6360,2008,CDF,SCU,HUMMINGBIRD,1,1,1,786.4311,b97aaebe-eecf-41ec-951e-926b4af798a2
6361,2008,USF,BDF,APACHE,3,7,1,770.0419,39d003d5-5623-4944-98c0-7ba063e08be0
6362,2008,CDF,BDU,BLUFF,4,1,1,766.731,7b372cb3-e668-48f7-90ef-99afb9194deb
6363,2008,CDF,MMU,ROMERO,10,6,1,766.0438,153c9b19-05ce-4652-9f58-7af85c98cbae
6364,2008,CDF,MEU,JACKS,1,1,1,729.3351,ecd5b0ae-13c1-4837-9fcf-6c5f8535e6de
6365,2008,CDF,CZU,TRABING,10,1,1,594.2645,e92442de-b3cf-4475-8faa-5a6923e514ee
6366,2008,CDF,TUU,ELK,7,1,1,588.9744,a6ec69a5-da81-4a27-b84b-16c8a7eb3a94
6367,2008,USF,TNF,PEAVINE,1,7,1,580.6381,24e98ea1-8c12-4e5f-883f-21bdab3ec0da
6368,2008,CDF,MEU,HORSE,1,1,1,576.2856,1a6d97c8-0677-4ac5-b358-0a143c4bcfdf
6369,2008,FWS,SJR,RIVER,9,8,,573.1215,9119cc91-cd41-4c43-aaf7-5d0ab22f0a71
6370,2008,USF,SNF,SILVER KNOB,1,1,1,569.8251,7a1b11cc-e6f0-4f46-8be2-b52e2e3e0d1b
6371,2008,USF,SHF,PINE 1,1,2,1,564.0862,6ccf6f88-cbe2-4fb8-a508-93f4bdbd2a01
6372,2008,USF,ANF,SANTA ANITA,14,7,1,556.6846,b5cc897f-80fb-4dac-b0be-3c98b42f8dca
6373,2008,USF,SHF,GRANITE,1,7,1,551.903,51318551-46a9-4fd7-a0b9-6c429f62ce8d
6374,2008,CCO,KRN,GRAPEVINE-08,1,8,1,527.1841,e463641a-1e91-4a10-b8d6-6c990a6a8645
6375,2008,USF,ANF,BIGHORN,14,7,1,500.3037,3501c55c-417d-453b-b9f6-596d7d2a8787
6376,2008,CDF,CZU,MARTIN,4,1,1,482.7904,4663922a-a176-4394-ba13-1e67c9d58c03
6377,2008,CDF,MEU,SHAMROCK EAST,1,1,1,481.0017,24d3e4dc-6bbf-424e-b454-3e1d940e0b0f
6378,2008,CDF,TUU,RODEO,7,1,1,463.0821,5012c4ce-6fea-4ade-b720-c800d33295be
6379,2008,LRA,RRU,DOS PALMAS,5,1,1,456.4143,d81ecfc9-bd6a-48f4-9889-e923e7fe2bf9
6380,2008,LRA,NEU,MYRNA,14,1,1,455.4774,d7fcdf53-5bcb-47c4-9a46-bd37005d95c3
6381,2008,CDF,MEU,BURGER CREEK,1,1,1,451.6416,0c1a5e95-2b54-460e-a0b7-cb80900cf582
6382,2008,CDF,MEU,WILLIAMS,1,1,1,444.7132,36d8a963-a9bf-42c8-a7a9-5bc004cdf990
6383,2008,CDF,MEU,1-21 PORK LIGHTNING,1,1,1,403.0794,c3996bdd-d24b-45f5-bab0-ef6a5e6cb0d8
6384,2008,CDF,BEU,COTTONWOOD,2,6,1,402.3953,8db58438-81ca-4bfd-820b-5592931869df
6385,2008,CDF,MEU,BRUSHY 1,1,1,1,391.3163,624a3d5a-0494-4b36-839d-c382bf9ac46e
6386,2008,USF,SQF,RICHBAR,7,6,1,390.5859,39292bab-aa33-4f97-8e25-8ef02825adf5
6387,2008,USF,SHF,SHINGLETOWN,1,2,1,388.0292,5ea531bc-4df7-45be-9afb-41f18e63491f
6388,2008,USF,KNF,SLINKARD,1,3,1,379.5061,5884efcc-9764-4b35-bb47-92b9044fd014
6389,2008,CDF,MEU,CASOOSE CREEK,1,1,1,370.9719,16b0c6a4-fed7-409a-9cf9-ff71fa4cb332
6390,2008,USF,KNF,HEADWATER,1,3,1,358.444,cc49d009-37ef-4bc2-b612-c45afab7fab4
6391,2008,BLM,CDD,ACOMA,9,1,1,356.7205,446fe42d-56ed-4a06-9400-1dc09f1c4aea
6392,2008,USF,INF,SHERWIN,1,1,1,354.9394,91dfdc99-f9a1-47bc-8eb3-583ced60399c
6393,2008,USF,SHF,ELMORE,7,7,1,343.2689,d454795f-a51d-49b3-8b62-6c515c2504e1
6394,2008,CDF,FKU,GATOS,7,1,1,330.6834,7e1d5f77-170f-4c7e-8e49-1dae9151f89f
6395,2008,USF,PNF,HARTMAN,1,7,1,330.6545,4f3513ed-4093-415e-b06d-133ae2e33a68
6396,2008,CDF,MEU,BRUSHY 3 ,1,1,1,327.0164,6896a90c-0ce0-44c5-8640-4fc4f9485ffb
6397,2008,CDF,MEU,LITTLE JUAN CREEK (MRC),1,1,1,326.7026,b09ae7d7-e30a-4409-972a-70987719bfbc
6398,2008,CDF,BDU,FOXBOROUGH,8,2,1,324.4346,37f61c63-6b27-4573-8149-94c73b49628d
6399,2008,LRA,LNU,85,2,2,1,319.5645,34d067b4-f061-4878-80bc-5a7eea280216
6400,2008,CDF,SCU,LEDEIT,18,6,1,312.4782,ce3a4f85-8bae-4dd3-9dea-e147f8df3aa3
6401,2008,USF,TNF,CELINA,1,7,1,309.1754,1dd1de32-b9c2-4dac-a6f5-234c55df07df
6402,2008,CCO,MRN,ANGEL ISLAND,8,1,1,302.9909,356831ac-fd2a-4906-8c40-8d041a26eb74
6403,2008,CDF,TUU,WIGGELL,7,1,1,299.7513,103d2113-0f16-488c-a899-06df463ed64f
6404,2008,CDF,TUU,FOUNTAIN,9,1,1,292.4784,18315f10-f8d8-4731-9709-3923291d06dc
6405,2008,BLM,CDD,MONTGOMERY,4,1,1,289.9371,b51f62c4-7d56-41d7-b1ab-043ceacf3b88
6406,2008,CDF,LNU,GEYSERS,5,7,1,289.5545,b1d74cec-f607-4962-a052-0fa0d74ce657
6407,2008,USF,SNF,CASCADEL,9,8,1,277.2688,78adad70-cd0e-49e2-a511-4ff67f4d162f
6408,2008,CDF,MEU,MURPHY RIDGE,1,1,1,271.5575,2ef9bbab-c961-4791-8516-f2410bc865ca
6409,2008,USF,SNF,STAR,1,8,1,267.6128,73499b98-d649-4518-844a-0ea51bb5642f
6410,2008,USF,SHF,DECK,1,2,1,263.1509,0489e1ea-b9f1-4c89-8384-c3112d9cb523
6411,2008,USF,BDF,RIDGE,2,8,1,262.6124,ea40d9a9-8d7c-403a-baa2-d25a80db2e23
6412,2008,CDF,SCU,WHITE HURST,1,1,1,256.0166,7ffda034-1eb3-449c-9dce-2cd542f1a062
6413,2008,CDF,AEU,ELECTRA,11,1,1,250.526,e6adbc1d-963d-493b-8245-6300203a411a
6414,2008,USF,SHF,WITHROW,1,2,1,249.3031,f33c801f-798a-4a57-862f-f55599df2b95
6415,2008,USF,KNF,JACKASS,1,3,1,247.9303,17173738-3232-4fcb-9af6-d418b29fc04b
6416,2008,CDF,LNU,DEER,10,2,1,233.1021,b21d27b7-6355-480e-8955-50bb516b0883
6417,2008,USF,SQF,MOSES,1,2,2,231.5684,735881f5-a22f-46d6-b88f-45c1b59128c0
6418,2008,USF,MNF,CAMP,1,8,1,231.1609,8804e93b-342d-49c4-a375-78ebc6afbb19
6419,2008,USF,KNF,GOULD,1,1,1,228.8002,6fbc0214-a2f5-4415-b104-d01941d272dd
6420,2008,CDF,MEU,OSO,1,1,1,228.3133,a7a8c7e0-e175-46d2-a2ef-6de77042a12b
6421,2008,USF,SHF,STUARTS,1,7,1,223.5676,f1181562-39d4-4aeb-8771-06063c7d1fa0
6422,2008,CDF,MVU,MONTE,2,6,1,217.4426,9282c7f5-1004-4412-bb56-67551f1839ec
6423,2008,CDF,BDF,SAN ANTONIO,2,8,1,210.6075,5e3957c0-499e-4862-b6db-249f38ff3820
6424,2008,CDF,CZU,QUARRY,4,1,1,210.6067,d1a1bf7b-beea-4a5c-aa7a-7b3f7faf3cb6
6425,2008,USF,LPF,BUCKHORN,1,6,1,199.6873,2bd8e175-69fe-4096-9e73-99fda841efe2
6426,2008,CDF,SHU,OLINDA,14,2,1,187.0407,dac84f33-ad60-4909-a06e-1a05a1c07fca
6427,2008,CDF,MEU,BLUE SLIDE 1,1,1,1,186.1272,6d18f821-3c19-44c3-962b-7dda2a3d3f43
6428,2008,USF,SRF,SWIM,1,1,1,184.7838,b8d7c3d6-6a7e-4005-8d28-a00a419bc9aa
6429,2008,USF,SHF,INDIAN VALLEY,1,7,1,181.774,69bbfdb2-8b7e-43d9-8426-d3bba90c2090
6430,2008,CDF,MEU,BRUSHY 4,1,1,1,181.1454,5fb5fd23-1cbb-4963-b9a8-304f3c2b9ea1
6431,2008,USF,CNF,YANKEE,9,8,1,176.9437,6d8965e1-b577-4fc6-bc5f-063c5e4624f9
6432,2008,CDF,TCU,SERPENTINE,1,1,1,176.7634,20b1a2cd-40ff-43d7-919b-a8b564fca905
6433,2008,CDF,MMU,MILLERTON,14,1,1,175.1232,63713f84-aa0b-4d8d-ac20-f68acef4a7a6
6434,2008,CDF,HUU,STEWART,11,6,1,169.0448,06510756-78d1-4df2-ae3f-1cf81d77c28f
6435,2008,USF,TNF,25TH,1,7,1,168.3676,56fc8905-ad27-4edf-9a25-3e9c5473b58a
6436,2008,CCO,LAC,LOST,8,7,1,167.1212,ded488ca-070e-47fd-92fb-704b545184e1
6437,2008,CDF,LNU,RED,11,5,1,161.0466,5517767a-2506-4994-9973-56acd6eba81f
6438,2008,USF,PNF,CHINO,1,7,1,158.7806,760718bb-f46f-4982-9b32-b10dee0eea1e
6439,2008,CDF,SHU,COLEMAN 1,14,8,1,155.2602,e9bd0766-8ec5-4cb7-874c-ae17c1ee1c9c
6440,2008,CDF,HUU,COLONY,7,2,1,154.6619,0453932e-097c-45fb-8250-0600417b5b10
6441,2008,CDF,SLU,WHITE,2,1,1,154.3002,75696ae9-612a-4525-b974-498757d39d32
6442,2008,BLM,CDD,LAKE,14,6,1,146.2468,97e2f424-efc2-4cdd-b50f-f86e00fb3ae2
6443,2008,CDF,MEU,TABLE MTN,1,1,1,145.8782,945bd990-d0e0-4d33-ba2e-9e7a9fe148d2
6444,2008,USF,SNF,CHIQUITO,1,1,1,145.4477,d0feadb5-7031-477d-baf9-c7dad3d547d9
6445,2008,CDF,MEU,BRUSHY 7,1,1,1,141.4437,57bef46b-3daa-4983-8422-2e5c8844dca2
6446,2008,USF,CNF,VAIL,10,8,1,134.9656,bdde767a-4c3d-43db-9859-d1717b56b370
6447,2008,CDF,MEU,MIDDLE OUTLET LIGHTNING,1,1,1,134.8568,4c7280e6-322d-44be-847b-4fd28e290c06
6448,2008,USF,ANF,SOUTH,9,6,1,133.4808,14deb886-de5c-44bf-8412-f01c850ee2bf
6449,2008,CDF,MVU,SHOCKEY,14,4,1,131.361,364be240-6501-4cb2-85d7-15968d8137e2
6450,2008,USF,INF,BIG TREES,1,6,1,124.8194,f1fc317d-b3c0-4504-9d37-a51849ec6e88
6451,2008,CDF,MVU,BORDER #14,14,6,1,124.7485,de21f09f-9e49-45ad-8b58-234b2fb083a3
6452,2008,USF,KNF,NOMANS,1,7,1,119.1423,d828e031-c72c-4a2d-b135-ddbdc2359749
6453,2008,CDF,BDU,GARNET,2,1,1,119.0969,622e9445-53bd-45a0-961c-d7f874978da1
6454,2008,CDF,LNU,CAPELL,14,5,1,110.4023,210ce096-e893-483e-8cd4-239fc6fbb3ad
6455,2008,CDF,TCU,EVANS,6,1,1,103.968,2ef46214-558e-4650-ac89-6a39412b0364
6456,2008,CDF,NEU,FINLEY,7,1,1,102.854,a10984ac-5266-4679-9ff3-db9103bf4df4
6457,2008,CDF,BEU,HIGHWAY_198,10,1,1,102.6033,e2746756-85a7-48b4-8307-655be4d8f9dc
6458,2008,USF,SNF,WESTFALL,1,1,1,101.9296,a9617c4e-e29c-480c-be2b-68d93661ccb3
6459,2008,CDF,BEU,THOMPSON_CYN,14,1,1,101.7847,9dc8ee2e-08a9-4240-85c7-a05c6c863834
6460,2008,CDF,TCU,FRENCH,14,1,1,101.0742,ec1a9057-4144-416b-939a-35eb9021b32b
6461,2008,CDF,MEU,H. RANCH,1,1,1,100.4432,771ddbb4-87c2-4905-a742-0ea7bb89e9b9
6462,2008,CDF,FKU,RUSTY,7,1,1,100.4408,0bc8ae06-369c-4e72-b9bb-34c242cf1dc2
6463,2008,CDF,MEU,BRUSHY 8,1,1,1,96.79557,08fef54a-d23b-4189-a34c-25a96177fee3
6464,2008,CDF,AEU,COOL,11,1,1,95.90818,be802587-d213-47ef-bca3-9c3769987114
6465,2008,USF,BDF,CAJON,2,6,1,93.61584,380a2955-c0ca-4930-8b50-9250fb9ef414
6466,2008,CDF,NEU,WISE,14,1,1,92.31746,853175ce-645e-4ea6-b09b-8262637a9de9
6467,2008,CDF,MEU,BRUSHY 5,1,1,1,91.51268,8619250d-d2e7-4b00-a6f4-0efdcb5d01f7
6468,2008,CDF,MEU,FOLSOM,1,1,1,90.54836,9ac2c628-15b1-4cff-a0be-7ed01d370c62
6469,2008,CDF,MEU,BELL SPRINGS,1,1,1,89.97192,8e14202d-92c0-4975-a919-8b0280d0dcf5
6470,2008,CDF,BDU,SPRINGS,14,1,1,87.27866,02732544-c3d8-491d-b6f2-f0755c548345
6471,2008,CDF,SRF,NIELSON,1,1,1,86.4212,b68be66c-fd74-4558-b8d2-02b88a3bcaae
6472,2008,CDF,MVU,HARBISON,14,4,1,84.89357,ec9fa788-b611-4b6f-8d23-7567e15404c5
6473,2008,USF,SHF,CUTTHROAT,9,7,1,84.40369,1c4d3f9c-f9b1-4a32-94e2-8db20934904a
6474,2008,USF,SHF,SOUTH FORK,1,7,1,82.89816,0b6ab40b-5e1f-43c6-a47e-5ab1dce2b117
6475,2008,CCO,LAC,STORRS,14,7,,81.80362,9fd589f7-a819-49fc-b335-eab1f290eaf6
6476,2008,CDF,NEU,RIOSA,14,1,1,80.08479,c51b4a15-b105-45bc-b95d-114b9af34efe
6477,2008,FWS,LPF,WILDLIFE,9,6,1,79.97304,b71c1ea3-6171-40a9-a535-42a1e84a2587
6478,2008,CDF,MMU,OLD TOLL,1,1,1,78.36745,7626d794-6a3f-4c71-b8f1-588b4e9c0a10
6479,2008,USF,PNF,KEDDIE,19,7,1,78.05039,0d4da355-d251-4bbe-83ac-df33f347707c
6480,2008,CDF,LNU,AETNA,11,7,1,76.70026,bb36d067-20ca-40b2-a7d7-15e7563c97b0
6481,2008,CDF,BTU,FEATHER FALLS,7,1,1,74.67075,312768b6-7353-40f4-b1f1-98bf3b924f69
6482,2008,USF,PNF,BIG ,1,7,1,73.73285,6d71978c-a638-44ed-9185-29c8b2238271
6483,2008,CDF,TCU,POOL 2 - MAIN ,10,1,1,73.44478,22bc80d4-a2df-4271-8ee1-98657737e275
6484,2008,FWS,BRR,WILDLIFE,9,4,,69.29012,95ba796a-d4a7-4081-80df-72bfc970e45d
6485,2008,CDF,NEU,ATHENS,14,1,1,69.03777,5be4221c-5f4d-4c55-a802-05141009ef2c
6486,2008,CDF,TCU,SONORA,7,1,1,68.53685,473354dd-1746-4b26-bedd-203aa55641df
6487,2008,CDF,MEU,PANTHER BASIN,1,1,1,68.32464,cd20486d-0ed7-4e91-ac96-893e35d0e70f
6488,2008,USF,SRF,VAN HORN,1,1,1,67.76952,449b20df-d130-4edd-b88c-2b66731db514
6489,2008,USF,SNF,FULLER,1,6,1,67.50838,96119590-05e1-4fa3-9af8-065441c7993f
6490,2008,CDF,HUU,CARSON,1,6,1,65.41241,b5269e29-e74c-46d7-a8e1-e44d2a6a085f
6491,2008,LRA,LDF,SEPULVEDA,14,1,1,64.81574,1bc8cd2f-ad8b-45b5-8b49-92b8ae1d0a02
6492,2008,CCO,LAC,D,14,7,,64.27667,a358a6b5-60c0-458e-a2bf-2dd0901363be
6493,2008,USF,LPF,ROCK,2,6,1,64.23489,0a8569f5-4f11-4698-84b5-20820bd437d2
6494,2008,USF,SHF,MILLER,1,7,1,62.68854,1e926a0c-e9d6-4934-8506-68c52935c140
6495,2008,CDF,BDU,EMERALD,6,1,1,61.33984,2ab5268c-027a-4c6b-b111-0c3bce2a39f7
6496,2008,USF,SRF,WATERSPOUT #1,1,7,1,61.05286,955f2b10-ef75-4a50-bd17-e74e44d9aced
6497,2008,USF,MDF,ISLAND,1,8,1,60.36884,53d52707-5aeb-4be4-a1ff-7613fc599c97
6498,2008,NPS,RWP,REQUA,4,1,1,60.00959,6e13a8f6-1c30-4ad7-8cbd-2b1c46f3c856
6499,2008,USF,MNF,BOSWELL,1,8,1,59.56672,3084af89-2d71-45f1-8b90-4ec3ffdf6c01
6500,2008,CDF,SCU,BULLHEAD,1,1,1,59.54881,1e6a739c-fb65-4675-94be-8d251c473ed6
6501,2008,USF,SHF,HALF,7,7,1,59.07655,10095eb4-29af-4443-a935-f4ea99778951
6502,2008,CDF,TCU,WARNERVILLE,9,1,1,58.61956,794971a6-ce70-4b44-a652-b27548d5bae6
6503,2008,CDF,SLU,CERRITO,11,1,1,58.61023,736f6b3b-57ca-43b1-8710-0dcc2d1945f5
6504,2008,CDF,NEU,IOWA,2,1,1,57.84196,871552e0-4166-464c-bf2a-17092e839806
6505,2008,CDF,HUU,BAY,9,1,1,56.64528,6c411194-cc08-492b-a066-d08685515d90
6506,2008,CDF,LNU,TAR,11,1,1,56.55867,8ac50ae6-d1c3-4581-aa9c-7f600e1878dd
6507,2008,CDF,TCU,WILMS,7,1,1,56.54908,2d8f874f-62a8-4b77-88a5-9bd2492b1f8e
6508,2008,CDF,NEU,FORESTHILL,1,1,1,54.55193,9eb5d791-bd42-4316-830d-327d34d54c23
6509,2008,CDF,AEU,SIERRA,11,1,1,53.71947,a8da6052-2f4a-45aa-9af4-09bea1ae2b8a
6510,2008,USF,LPF,MANZANITA,1,6,1,53.1581,f32a2dde-2cc9-42c3-a137-3a01212aa982
6511,2008,BLM,CDD,MOUNTAIN,1,2,1,52.84164,fccb829d-e75b-486f-ae7c-74c5a4e2cadf
6512,2008,USF,SHF,HITCHCOCK,1,7,1,52.64822,4c084389-ee2e-4201-81d2-9929f6a3fe9b
6513,2008,USF,MNF,JOHNSON,1,7,1,52.47045,15a43d08-02ef-4e27-9414-6b9c8d866502
6514,2008,CDF,NEU,PHYLLIP,14,1,1,52.35505,50263cb9-a719-4521-8045-3d86ea604a5b
6515,2008,CDF,MEU,SHAMROCK,1,1,1,51.64262,680f1740-83cd-4482-9dea-467fd660f7c1
6516,2008,USF,SHF,MURPHY,1,7,1,51.27587,59e6eb2e-60e4-488c-8697-03f9e86f9529
6517,2008,NPS,SMP,MALIBU,15,1,1,50.82349,9267969c-5b38-46f7-8ba1-f4746c320466
6518,2008,CDF,MEU,BLUE NOSE,1,1,1,50.62064,e1250cd0-3351-48a5-b543-415be2ea3634
6519,2008,CDF,NEU,SUNSET,10,1,1,49.57579,7e906143-6ce6-4d2f-94b4-ef282823bc14
6520,2008,CDF,MMU,INDIAN PEAK,1,1,1,48.65505,e5e1afd4-7f74-47fb-8cdb-13dbd05c6048
6521,2008,USF,SQF,KERN,1,7,2,48.34686,87c3b4f4-47fd-4aa9-8062-143bf9126d33
6522,2008,CDF,NEU,NICOLAUS,7,1,1,48.18632,cc899802-f536-4500-bf99-13603b8c6bac
6523,2008,CDF,LNU,20,10,2,1,47.91381,29455ccf-35a2-44f3-a4fc-ec3b5f04674a
6524,2008,BLM,CDD,CARRIZO,10,6,1,46.81316,5bc048cd-629a-4547-9bb4-ca622da954ff
6525,2008,CCO,KRN,SODA,3,8,1,46.29405,533efa30-e2c2-458d-b0d9-0d76c8336aea
6526,2008,CDF,MEU,SHAMROCK WEST,1,1,1,45.76769,facc0b72-d1c3-4cda-9099-d448f7c5139a
6527,2008,USF,MNF,ISLAND ,7,8,1,45.71848,ebcbd8d6-07bb-466a-8af4-6e0735de14f0
6528,2008,USF,KNF,EMPIRE,9,1,1,44.86048,a6660a95-dcbe-4b9a-b904-7b572b07798c
6529,2008,USF,ENF,NORTH,5,8,1,43.50024,cd6133be-253b-4019-be1b-12b30e5f1476
6530,2008,USF,SHF,DENNY,1,7,1,43.46445,7cc5255c-4b51-4f1c-949c-53343fb4f75a
6531,2008,CCO,KRN,SILVER QUEEN,14,8,1,42.95287,57965d69-1f86-4a2c-b525-9471d00df5fa
6532,2008,USF,ANF,CROSSOVER,10,6,1,42.46357,6626e69d-4163-473a-9875-215be97d5e9e
6533,2008,CDF,MEU,RED HILL,1,1,1,42.38306,b7a29561-4a44-4078-96a8-05222508a3a4
6534,2008,USF,BDF,BLUE,9,6,1,41.91845,b1cd6797-f753-4801-ad85-31480d21ad8c
6535,2008,CDF,HUU,IAQUA,1,1,1,41.50761,1d093ade-7a8f-4bef-a060-c3c5dc12030f
6536,2008,LRA,NEU,LEVEE,14,1,1,41.09625,bb95f8d0-c52b-4591-908f-b860002a1b20
6537,2008,CDF,NEU,OLD,14,1,1,40.33805,e09ced91-0c95-4e52-bce8-8a72e03eeedb
6538,2008,USF,LNF,OLIVER,9,8,1,40.33421,94b95042-8e6b-49ed-a804-fe83dee39c7d
6539,2008,CDF,SLU,ORCUTT,1,1,1,40.25053,12b57967-e03b-411d-9abd-b84b4648820e
6540,2008,USF,SHF,EAST,1,7,1,39.79628,f09706af-3d8f-4f51-bf9c-b7c5ab5148ca
6541,2008,USF,MNF,BULL,1,7,1,39.62453,4de93bfd-567e-4a65-ae98-068229fec472
6542,2008,USF,PNF,CREST,1,7,1,39.10769,00312acd-5bd8-43d6-b6ae-b209a0ca4d59
6543,2008,USF,SHF,DEDRICK,1,7,1,38.87316,fb8b7214-edb4-4a39-a570-9c0327504bcb
6544,2008,USF,SHF,BEAR WALLOW,1,7,1,38.74781,2a9be087-ba02-475b-87bf-dfb9e3a868fb
6545,2008,USF,STF,GROUNDHOG ,1,1,1,36.50333,82623829-5960-4ace-9bbb-528d5b79c4b2
6546,2008,CDF,TCU,PRUSSIAN 2,5,1,1,36.33651,5a4ef605-6fd7-477d-bca3-1c90b091551f
6547,2008,CDF,SLU,BITTERWATER,2,2,1,36.21475,dc183e14-af63-4591-8537-d78248c87bba
6548,2008,USF,SRF,PACKSADDLE,1,7,1,35.45335,382eaddf-afdc-4b67-bb58-dc5241b61dd5
6549,2008,USF,SHF,CHINA,1,7,1,35.03345,3fb06ead-e512-4dcc-a5dc-9d5057576151
6550,2008,USF,SRF,SIGNAL,9,1,1,34.79771,3e45a956-4c18-4fd7-bb40-0c5558255857
6551,2008,USF,SHF,FISHER,1,7,1,34.70618,895d032d-6e6e-4a9a-983a-8282f80965df
6552,2008,CDF,LNU,KELLY,14,5,1,32.61575,3c98997c-7c04-4d14-9f04-64f06df569b4
6553,2008,USF,SHF,BOULDER,1,7,1,32.59971,dcfc6bae-e2b6-4db0-92c4-18fa3d457ba5
6554,2008,USF,ANF,PAINT,2,5,1,32.21925,674d6e86-9076-49fb-b6f7-ff895773938c
6555,2008,CDF,SKU,LOUIE,7,1,1,31.90728,e9e1d82d-18f9-4b69-bb13-c08fec206f2d
6556,2008,CCO,KRN,COPUS,14,8,1,31.72548,75d46d67-a5e4-4e96-b5a2-815a0d7418ad
6557,2008,USF,SHF,SAND FLAT,1,7,1,31.17793,7d373d3e-973a-45cf-a5d5-ec2df7f229f9
6558,2008,USF,SHF,BENNETT,1,7,1,30.95531,24f30f43-c403-4bd4-9633-f22e812f07a4
6559,2008,USF,SRF,LOST CREEK,1,7,1,30.83253,f480918c-726f-47af-a5f5-2d2cac95db35
6560,2008,CDF,MEU,BRUSHY 6,1,1,1,30.52597,4280788a-dcd8-4b84-a33f-17154d443e81
6561,2008,USF,MNF,GILEAD,1,7,1,30.4969,abce808f-a09c-471b-8833-6adee1acc6e2
6562,2008,USF,SHF,ROUND,1,2,1,30.08277,5f67ee4d-82c8-40c8-845e-91841960fb36
6563,2008,CDF,HUU,REDCREST 2,1,1,1,30.04972,558f3c9f-a21f-43b7-9aa4-00b4dbe2d3d7
6564,2008,USF,ANF,BURRO,14,6,1,29.96187,176a3333-84cf-4fe4-b338-c2becdb556e4
6565,2008,USF,SHF,DEEP #1,1,7,1,29.84925,035b5710-8258-479e-9782-ad79dfb7c75d
6566,2008,USF,SRF,CREEK,1,8,1,29.83639,5999494c-9cc9-43b8-a07b-625484c50681
6567,2008,USF,ENF,SOLDIER,1,1,1,29.80028,e311d4f5-aacc-4984-aa6d-ee1feedce7f3
6568,2008,CDF,MEU,BURNS FLAT,1,1,1,28.97027,e6e34f0a-36a4-4870-a1ad-533bc35873d5
6569,2008,USF,PNF,BROWN,1,5,1,28.85744,92b13fd6-3b08-46bf-a31b-cf23dc184428
6570,2008,CDF,SKU,SODA,14,1,1,28.82824,c636d82b-0c18-4147-b1bc-5126e923dea3
6571,2008,CDF,HUU,HIGH,1,1,1,28.82494,70d54883-dcff-4148-9d90-8fe2210bf392
6572,2008,CDF,HUU,LARABEE 3,1,1,1,28.7535,5e8d8615-a6ab-4abc-9c5b-7a868784d76f
6573,2008,USF,STF,COTTON,1,1,1,28.50421,12aa311d-6071-473b-a587-5718b0f39fb3
6574,2008,CDF,FKU,MADSEN,2,1,1,27.59833,3705a196-f08f-4426-8395-94ad954c21af
6575,2008,CDF,LNU,INDIAN,7,1,1,27.15428,0283aeb5-13ae-4882-89bf-32f6f6e39965
6576,2008,LRA,NEU,RIEGO,14,1,1,26.45796,853b0a37-6ea4-442a-9411-c5c43faded6b
6577,2008,USF,PNF,FORBESTOWN,1,7,1,26.37043,fff16194-3bba-41b9-9486-9d7c566211f4
6578,2008,CDF,MEU,RIDEOUT,1,1,1,25.64104,1481069b-aeec-4232-9b26-89b2bb3a6cf3
6579,2008,CCO,KRN,RANCHERIA,1,8,1,24.80937,365778ae-f1e6-41ab-b950-bd4939c6d287
6580,2008,CDF,MEU,TRAVIS 3,1,1,1,24.53875,050628f6-3d1a-4e6b-b1d4-afd87fd4732a
6581,2008,USF,PNF,ROCK2,1,7,1,24.40721,5aa6b581-1b99-4eae-afe2-21b8db2d150d
6582,2008,USF,SNF,JOHNSON,4,1,1,23.83253,b0b2affa-71f8-4626-82c5-a9f49b84733c
6583,2008,CDF,SLU,HIGHWAY,11,1,1,23.75169,dfb214cd-dd22-44ae-b56a-f24f0a2276ef
6584,2008,CDF,MEU,5-10 CAVANAUGH LIGHTNING,1,1,1,23.629,2a1a8d1c-f6df-40b0-9a4b-0e1081f29b71
6585,2008,CDF,NEU,RAVINE,2,1,1,23.07223,2b008dc8-a3e1-4ea2-bb2a-943c5d76d166
6586,2008,USF,SRF,LASSIC,1,1,1,22.83253,6647bdf3-1073-4250-bd89-2ed166fddc7c
6587,2008,USF,SHF,MADDOX LAKE #3,1,7,1,22.71005,35cd1c1a-8bba-4a26-a5e2-386b65bccc96
6588,2008,CCO,VNC,LA JOLLA,14,1,1,22.34558,1de3e33b-85eb-4acd-8690-3863a5a60c2e
6589,2008,USF,KNF,GREENTHIN,9,5,1,22.26863,bf53c1ec-7d7d-4944-810d-65d28231b13f
6590,2008,USF,INF,TIOGA,9,1,1,22.19338,fc476031-8e9b-4e71-8985-4cb384b47566
6591,2008,CDF,BEU,SAN_JUAN_GRADE,1,5,1,21.61509,53471641-ade5-49af-952e-6d9bd3382d0b
6592,2008,CDF,TCU,SMITTY,1,1,1,20.48381,0a71668d-08dd-4bd9-a144-a78f8a2cd382
6593,2008,USF,PNF,HUNGARY,1,7,1,20.47763,73931bb3-bec7-4e10-a27d-7a00fdc72438
6594,2008,CDF,MEU,LINCOLN,1,1,1,20.35214,b17d006c-937b-46f0-8cd1-43599c946d65
6595,2008,USF,LPF,LOGWOOD,1,6,1,20.30402,a554baf4-35c9-485d-ac4c-f0972d00f489
6596,2008,CDF,NEU,SHOOTING,9,1,1,20.24418,f0e0daf1-cc36-4dee-8900-ca1c31cbb2bb
6597,2008,BLM,CDD,BORDER 15,19,6,1,20.17847,0ff71ffa-4fe3-45fd-9153-8158e9180ed3
6598,2008,USF,SHF,BOTTOM,1,7,1,20.01978,4ac4b28b-2e06-4452-8915-04c062008e18
6599,2008,CDF,BEU,SARGEANTS,1,1,1,19.55886,d31ee6a2-c00b-4e5d-bd94-9d42071b4de6
6600,2008,CDF,SKU,RIDGE,1,1,1,19.45115,b2cf51d7-800a-4404-a37a-2f34f813b98f
6601,2008,CDF,CZU,CASTLE,14,1,1,19.17148,6d152f07-06c0-4fd5-92d8-1578b974beb2
6602,2008,USF,STF,COLDSPRINGS ,5,1,1,19.14134,52f43ae9-61fe-4457-a303-4a926e7b686d
6603,2008,USF,ENF,BOTTLE,1,1,1,19.0298,5e07ad8d-c4f2-4da5-a1f2-776380712f67
6604,2008,USF,ENF,CAPPS,1,1,1,18.82259,cf458c12-6d78-4a94-8917-4da66c1837c8
6605,2008,USF,PNF,RODY,1,7,1,18.77827,336df6d7-16ff-4d5a-a945-7654e900e234
6606,2008,CDF,NEU,RIFLE,9,1,1,18.57087,db84dbf2-1e16-43a6-93eb-c895666bf588
6607,2008,USF,PNF,GARDEN,1,7,1,18.41618,f806d042-bcab-43fe-8d6d-cbcce265c72e
6608,2008,USF,SHF,GRASSY CREEK,1,7,1,17.97642,2d7786a2-d807-45b4-bc11-08577ea09854
6609,2008,USF,LPF,OWL,1,6,1,17.97154,d9720f93-025e-4d31-a98c-9337a9ac2376
6610,2008,USF,PNF,MCRAE,9,7,1,17.9704,6a341806-0c10-43b3-b137-85771e03826f
6611,2008,USF,SHF,BIERCE,1,7,1,17.58713,a90f7971-9493-4f35-8b90-1bfe9e874492
6612,2008,CDF,LNU,CLOVERDALE,5,1,1,17.30682,da09a3be-04b0-4843-bf5e-deda79314d38
6613,2008,USF,BDF,ANGEL 2,4,1,1,17.22555,fdf7ebd2-2d6b-4181-ad55-563e91750ff1
6614,2008,USF,SHF,MEADOWS,1,7,1,17.11559,f304d1bc-eeb0-4f3f-9f0d-e48fa061ef0d
6615,2008,CDF,SLU,CANYON,2,1,1,17.0573,42e065ab-2052-47b4-8cca-0ab48123ea9b
6616,2008,CDF,SLU,FRASIER,10,1,1,16.85474,c5b14706-017d-4687-8551-23e917c09745
6617,2008,USF,LPF,LOPEZ,5,6,1,16.19447,725f00d6-8298-46cf-94c1-fb99e41ce270
6618,2008,USF,PNF,BULLARDS,1,7,1,15.98205,24c80f5e-14cd-4c8c-844b-b2555502ca66
6619,2008,CCO,SMP,GRANDE,14,1,1,15.26828,a2865798-5b48-41a9-910e-7bc375dc0f66
6620,2008,USF,SQF,ROCKY,9,7,1,15.20874,e1342ea0-e85f-4420-a223-89f74f3ebb29
6621,2008,USF,KNF,CRAPO,1,7,1,15.08381,44f1c900-1925-46dc-959c-be6188cdfd2c
6622,2008,CCO,KRN,TULE,7,8,1,14.75791,2d88929a-1ca9-4408-ba6d-099168f61db3
6623,2008,BLM,NOD,PAINTERS,1,1,1,14.70554,7d1f6edf-6685-4609-b0c2-d07a3e135215
6624,2008,USF,MDF,WILLOW,1,1,1,14.41288,630ac910-2577-411d-8117-b8a7540dbdb9
6625,2008,CDF,LMU,LOOKOUT,14,1,,14.40442,27a17022-7d2b-491a-9e29-2704360daf11
6626,2008,CDF,NEU,DEL,11,1,1,14.37921,438bfeea-bbc2-403a-b549-43e09d2b47ad
6627,2008,CDF,NEU,SPENCEVILLE,9,1,1,14.09739,3887ea88-be09-4586-bed0-cc456208758f
6628,2008,USF,ANF,POLE,2,6,1,13.59886,5bd86911-23d5-452d-a961-51abe6029ec7
6629,2008,USF,BDF,330,9,6,1,12.94356,50ebeb91-dff0-4b47-8fb1-fc001995d630
6630,2008,USF,SNF,SUNNY,10,1,1,12.72307,762db675-86d9-42b8-bd46-8a3c29ba470a
6631,2008,CDF,NEU,BASELINE,7,1,1,12.63572,48effc72-5b9d-4c02-9121-859e651e9169
6632,2008,NPS,YNP,HILL,1,1,1,12.42034,f46a8252-b39e-4d64-80a5-fdabe9ae6dbd
6633,2008,CDF,NEU,GILARDI,14,1,1,12.41246,b9b6ff8d-94a4-4d91-9828-7a524424f85d
6634,2008,CDF,MVU,CARRIZO,14,6,1,12.41234,506b509e-8d90-4720-bc77-d7b751a52fb4
6635,2008,USF,BDF,CATHEDRAL,4,1,1,12.19946,ecb75fff-c321-4286-a063-cc07dab8e667
6636,2008,USF,MDF,LAVA,1,8,1,11.93601,1d5c3b53-3c94-4e54-bea1-d82bbbd7d866
6637,2008,CDF,MEU,RUNNING SPRINGS,1,1,1,11.7902,5ac64921-ef6a-422d-b7c5-95f25d745bf5
6638,2008,CDF,MEU,5-12 WHIPPLE LIGHTNING,1,1,1,11.75384,c0731447-a43b-47ed-a57e-6441fb3faa49
6639,2008,USF,STF,CLAVEY ,1,6,1,11.05943,a0c3bc1e-7fc5-4320-986d-713f35afaa09
6640,2008,USF,SRF,LONG,1,1,1,10.54149,bad5031f-c842-4ded-ba89-da0c8899f1e8
6641,2008,USF,PNF,SLATE ,1,1,1,10.26724,db9a3156-c90d-4aa9-b1d4-e484efa68cb5
6642,2008,CDF,SKU,ROCKY,1,1,1,10.12632,b91b90e6-691a-409b-9d97-30bb51f511a8
6643,2008,CDF,NEU,PLANTZ,14,1,1,10.03085,fd1d3572-410f-4811-a9d4-640a829d5eea
6644,2008,CDF,MEU,BRUSHY 2,1,1,1,9.99599,2819eff1-dd6f-4b58-839e-b23d905f9593
6645,2008,USF,SRF,SPRING,1,1,1,9.906509,ef50804f-a434-421d-93a3-eb90b87b44ae
6646,2008,CDF,AEU,LAKEVIEW,5,1,1,9.856037,9f2f1cfe-f69a-4626-baa6-9bccfe3e29b9
6647,2008,USF,SQF,STAIRS,9,7,1,9.786825,79f485ef-6e99-45be-95bf-26d99253bef6
6648,2008,CDF,FKU,AUBERRY,2,1,1,9.355068,2bca23a1-c817-4045-90e1-5b0fe706fee8
6649,2008,USF,SRF,FUELS,1,1,1,8.923074,a95011bb-34f6-4913-99fa-f9c188151b65
6650,2008,USF,SQF,SPILLWAY,5,7,1,8.92203,aecc0c04-51fb-4216-85a6-e0e5c760a764
6651,2008,CDF,MEU,NORTHFORK CAMP,1,1,1,8.51249,ed976758-36cc-472b-851a-fd57d6b2441b
6652,2008,CDF,MEU,SKUNK 1,1,1,1,8.073138,63ec4ab2-106b-4d7d-af7e-f0950b1ae0f8
6653,2008,CDF,MEU,ARCHER,1,1,1,7.744304,6380bcdd-384b-4624-a4bb-a90737e113dd
6654,2008,CDF,SKU,MOTT,14,1,1,7.702821,088a9791-f71e-48a0-b076-9a9859d58a52
6655,2008,USF,SNF,BIG,9,8,1,7.415349,c26e3eb3-666b-4d4d-b259-269bde049748
6656,2008,CCO,MRN,BEACH,11,1,1,6.711594,4b49f795-2ca9-48c7-9444-1cf9de0af232
6657,2008,CDF,MEU,4 MILE,1,1,1,6.258349,c5b0f446-8de5-495d-a0e3-9a7b1372eed3
6658,2008,CDF,MEU,RIVER 2,1,1,1,6.007672,0212328e-ebdc-4c2b-b75a-d94549b935b8
6659,2008,NPS,RNP,BOLIANS COAST GUARD,14,8,1,4.649409,3b85f76e-24b3-4d43-a5d8-b46cdaa35dc9
6660,2008,CDF,MEU,TWO ROCK,1,1,1,4.111963,9f10a567-57e6-47a5-8b7e-eb5bc5731542
6661,2008,CDF,LNU,NIESTRATH,11,1,1,3.160265,325863bf-6a7c-4220-a5b9-6a229fbe13fd
6662,2008,CDF,MEU,ALBION RIVER,1,1,1,2.101129,0b48cb0c-85de-414d-ac42-837540d68d85
6663,2008,CDF,SKU,GUYS,5,1,1,2.051514,fd6197e4-b4f6-4d3e-9133-b1f67faa6b69
6664,2008,CCO,LAC,KANAN,14,8,1,2.019844,c20bf91b-ec9a-4617-8012-7240eb88616b
6665,2008,CDF,MMU,ROAD 600,1,1,1,2.01702,c6eb13db-eb7a-4516-a4b6-f9d81e033e72
6666,2008,NPS,RWP,OVERLOOK,9,1,1,1.99641,2f7d04cd-ec18-4c53-9f13-1df1d0d9837f
6667,2008,CDF,MEU,1-6 SKUNK 2 LIGHTNING,1,1,1,1.913679,e912e3a6-f88d-49b5-8a5b-7a497ddeed80
6668,2008,NPS,RWP,MESA WATERTANK,1,8,1,1.880672,3d91b354-0235-45ea-ab4e-3d3d7fa2dbf8
6669,2008,CCO,SMP,YELLOW HILL,14,1,1,1.781254,2d3cb08b-8dab-4abf-aeee-f9d74fdab582
6670,2008,CCO,LAC,TOPANGA,10,8,1,1.006243,63e374f5-96b4-4745-b66c-01209ae92a61
6671,2008,CDF,MEU,RIVER 1,1,1,1,0.833482,1da26284-562d-4d51-b249-d0f13af175a0
6672,2008,CDF,AEU,BERRY,2,1,1,0.7016693,4c90c0fb-4918-45fa-b591-f0561e6d42d2
6673,2008,CCO,LAC,TRIUNFO,14,8,1,0.4853166,f1c22773-dc20-4d9a-a2ee-0e05292f26cd
6674,2008,CCO,VNC,POTRERO,14,1,1,0.485214,faa25e66-9e27-492f-8e16-975ed757bebe
6675,2008,CCO,LAC,WESTLAKE,14,1,1,0.310683,00728807-ea95-42a3-ba8b-a0dc63a7dd8d
6676,2008,NPS,SMP,BLUFF,16,1,1,0.298453,69e4c85b-8c41-4fef-8de4-4aa6e2468564
6677,2008,CDF,MEU,1-11 RAY SPRINGS LIGHTNING,1,1,1,0.177265,5abde06b-7f2f-4250-be6b-a3a9a1aa7376
6678,2008,CDF,MEU,LEONARD LAKE,1,1,1,0.1475583,7f82a7f1-dd11-4429-b483-5865ec8f7af7
6679,2008,CCO,LAC,MULHOLLAND,14,1,1,0.09403633,3404c5f3-9455-49a4-9fd0-6c32af72cd2f
6680,2008,CCO,SMP,CONEJO GRADE 1,10,1,1,0.09079501,60268467-569a-4914-a8b7-a441f8dfd39e
6681,2007,CDF,SBC,ZACA,2,7,1,240358.7,ed8cd7b3-9ea5-45f6-9a0d-9bfac0780cad
6682,2007,CDF,MVU,WITCH,9,7,1,162070.5,48d0250b-41d9-4f84-8882-219d25d4640d
6683,2007,CDF,MVU,HARRIS 2,14,3,1,90728.33,603f767f-2483-4b22-ab52-2d374b8d0785
6684,2007,USF,PNF,MOONLIGHT,2,7,1,64959.96,aa740d43-9c9e-4d8e-a7c8-f363d581563d
6685,2007,USF,ANF,RANCH,2,7,1,58410.34,ed6e6519-0264-440c-9ad2-9cfe3d018e30
6686,2007,CDF,MVU,POOMACHA,9,7,1,49410.97,0f800212-3069-48bd-b415-0ba6642905c8
6687,2007,CDF,SCU,LICK,5,2,1,47748.27,2a5b26a4-93d8-4b36-b905-d408a0c73ec5
6688,2007,CCO,LAC,BUCKWEED,8,2,1,38347.47,62260a29-646e-4b7d-ba29-efa3cfc67129
6689,2007,CDF,ORC,SANTIAGO,9,3,1,28429.98,a23f3e4d-96a0-416a-b365-4e3d78b92bbf
6690,2007,USF,INF,OAK,1,2,1,27062.87,4fde540f-f9df-429a-bc2b-d27f6459c388
6691,2007,USF,PNF,WHEELER,1,8,1,22331.92,fd77fd21-600a-4838-9df7-d248cf88ff11
6692,2007,DOD,MCP,AMMO,14,8,1,21493.91,0db890a5-d5b2-4615-8b88-287c0d939895
6693,2007,USF,BDF,BUTLER #2,9,8,1,13736.27,4a3a050b-b62a-457c-adc6-33d8e84ea2fb
6694,2007,USF,BDF,SLIDE,9,7,1,12769.25,cfc8662b-cd78-4e6b-ad6d-17343017768f
6695,2007,CCO,KRN,WHITE,2,7,1,12432.16,44e83595-20e0-4dda-b6a5-ecc5d18d4f77
6696,2007,USF,KNF,KING CREEK #2,1,7,1,10477.38,79f61536-027b-4c3a-9f84-acbcd39f5591
6697,2007,CDF,MVU,RICE,9,3,1,9471.854,a4736a57-097b-4cda-824c-e07bb29534dc
6698,2007,USF,MDF,FLETCHER,1,1,1,8081.957,2480e664-77b9-4fcc-bad2-fab70490da49
6699,2007,USF,INF,SAGE,1,2,1,6462.62,20211984-d5b7-4f23-87ac-4159b2505e1d
6700,2007,CDF,FKU,TAR,14,2,1,5671.028,8cbb60f9-87cc-4c87-90ba-74c36e170380
6701,2007,CCO,LAC,ISLAND,14,8,1,4722.966,c2c6926a-1df2-4a1b-9162-26697dabbce2
6702,2007,CCO,LAC,CORRAL,14,8,1,4707.997,c7df9c8f-925e-4e64-8d49-04d7fab79a45
6703,2007,USF,SQF,GOLDLEDGE,9,2,1,4196.017,ebaa0819-8ae7-49c6-952f-fc6656f1a1ec
6704,2007,CDF,BDU,LOS FLORES,1,2,1,4099.966,a42e8f5b-bc3f-498e-8ddb-fea3bf32d483
6705,2007,NPS,SMP,CANYON,11,7,1,3838.895,76dfc7ef-5f18-4bfb-9838-666684d606a7
6706,2007,USF,TMU,ANGORA,4,7,1,3069.805,16d01a8c-2629-4f50-8799-0e094d3c92e4
6707,2007,USF,KNF,CHINA,1,7,1,2939.363,7ec91931-4b08-4a2b-af2c-06ee15aefdc3
6708,2007,CCO,LAC,MAGIC,14,8,1,2824.877,9457739f-3e7e-4f33-bcfd-41b3fdd1068b
6709,2007,CCO,LAC,GORMAN,14,8,1,2373.845,2bbc9490-8843-47c4-923c-cb493eae0927
6710,2007,USF,KNF,TITUS,1,7,1,2177.285,2eadb46e-1e0f-4b56-9d78-b0be324ee2e8
6711,2007,USF,KNF,LITTLE GRIDER,1,7,1,2172.781,b93d5966-7003-4929-a3ff-da352f5f657c
6712,2007,CDF,TUU,SHANNON,2,2,1,2140.999,06e64a80-5176-4559-8fee-c6ecac307f86
6713,2007,CDF,LAC,NORTH,1,8,1,2122.343,d69fa53b-ea7f-4758-a0ea-fab145aaa89d
6714,2007,USF,CNF,PINE,4,7,1,2111.768,0196b0a3-e87a-45a5-880c-d49946491a17
6715,2007,NPS,DVP,GOLDEN,14,1,1,1989.909,3fad8d46-69fc-4d30-bc44-9cbcc9df67fb
6716,2007,USF,INF,SEVEN,1,2,1,1643.769,bbdcbb61-1dac-42c0-a65f-ffcfe20b239c
6717,2007,CCO,ORC,241 INCIDENT,7,7,1,1618.079,b10f0ce4-c97c-4c1d-b788-b73ecb2d39d2
6718,2007,USF,SHF,WALLOW,2,2,1,1438.386,942ad0c5-25f4-434d-a1e2-61c9446ec833
6719,2007,BLM,BBD,BROWN,9,1,1,1430.317,8cd21b8f-53bf-47e4-966e-1510e89eeda5
6720,2007,USF,SQF,JAMES,9,1,1,1348.932,08026a95-e7f9-46ef-8fee-ce7fd18ba4f9
6721,2007,USF,BDF,GRASS VALLEY,9,7,1,1242.371,18b6cc5d-0680-420b-b3bd-3674f5337e9c
6722,2007,USF,KNF,ELK,1,7,1,1144.694,5fa900d5-7984-4208-98f3-8da920a8f6c4
6723,2007,NPS,YNP,JACK WF,1,2,1,1106.248,16bd0009-e89d-41a4-9c6b-4439c7ec7995
6724,2007,BLM,BBD,LARSON,1,2,1,1075.999,c6ec867a-213b-4a39-bee6-fcb08f5245e5
6725,2007,CDF,BTU,BANGOR,7,1,1,1057.202,3052a21f-6f18-4ec2-afec-7f5366a92559
6726,2007,USF,SQF,GROUSE,1,6,1,1004.114,e6fd5e3f-fa0c-4bfb-bfab-4218fe082fe0
6727,2007,BLM,CDD,DAWSON,9,2,1,960.7297,3ac8edec-7841-440b-9bec-85a143ed1006
6728,2007,LRA,NEU,PHILLIPS,2,1,1,935.632,047a6375-4990-435f-819e-df50978a657b
6729,2007,USF,KNF,WINGATE,1,7,1,931.9898,2984fba9-81df-4c19-93da-0ce11b01f631
6730,2007,CDF,SHU,POWER,14,6,1,919.1995,e2e02031-fa75-47e4-a361-9406a8b3c14b
6731,2007,CDF,RRU,ALESSANDRO,14,7,1,860.0874,fa0f5f92-5d26-4d5b-84cc-c430f3b0fb56
6732,2007,CDF,SKU,BEAR,2,1,1,840.8372,3a4446b1-9c32-4855-817d-10febcce9349
6733,2007,CCO,KRN,MOUNTAIN,14,1,1,840.5583,0ce82aac-acbb-4c8d-ba12-526ecd576fba
6734,2007,CDF,MVU,ANGEL 3,4,7,1,832.1265,edb58fab-f65b-4d8b-bd9d-554feaf754ee
6735,2007,CCO,SBC,SEDGWICK,11,7,1,808.8292,01505f7f-1cd3-4641-89bf-0ed378d8fe6e
6736,2007,BLM,BBD,WALKER,1,1,1,794.124,4fa22fea-2036-4e19-9d83-1cfb792974f2
6737,2007,CDF,RRU,SIERRA,14,7,1,777.514,224c83b1-e3ca-4a11-9a21-71939eff5c1a
6738,2007,LRA,LAC,GRIFFITH PARK,3,7,1,747.8984,2b3cb12b-bf8c-4071-8377-6102fbe15082
6739,2007,CCO,LAC,CANYON,14,8,1,743.4799,ad57e87a-378c-41f6-bc12-17b96e1d09f8
6740,2007,CDF,RRU,MOCKINGBIRD,14,7,1,737.2715,cfa77706-995e-4aaa-8940-d2c7c703c060
6741,2007,USF,SHF,BOLLI,5,2,1,728.8432,5f7780e1-b11e-4a51-83e3-1dc5a08604f6
6742,2007,CDF,BTU,HONEY,11,2,1,726.4036,54aad968-1917-493c-a1fb-b9fc5b4d6bcb
6743,2007,BLM,CDD,INKOPAH,4,1,1,698.972,bc0dbe19-42c5-4fe0-8673-371ffba589f5
6744,2007,USF,INF,JUNE,1,1,1,679.6122,9d69e802-9913-490c-b5d0-75b885abb613
6745,2007,CDF,LNU,BRAYE,14,6,1,636.5302,b5ca1fdd-f1dc-4213-8685-7e860066d548
6746,2007,CDF,BDU,MARTIN RANCH,11,2,1,602.2324,880fda1b-2004-435e-b9dc-f8dd498686ee
6747,2007,USF,SHF,LAZY,1,2,1,597.4792,b981435d-2faa-48b9-90e8-979394e67282
6748,2007,USF,INF,OHAREL,1,1,2,596.9159,1a7aacfc-6b5a-43e3-8f36-9afbdac1744a
6749,2007,USF,KRN,WOFFORD,9,2,1,567.4566,c528d0f6-2786-4148-b939-878ba7e0f77f
6750,2007,CDF,TCU,ORVIS,10,1,1,534.9832,a1218561-9b52-4ee4-9854-cc30ce4fc405
6751,2007,CDF,LMU,ISLAND,1,1,1,517.5629,7ed8a1d9-ebbe-4fdf-910c-d661e3f54e73
6752,2007,CDF,LNU,HWY 128,14,6,1,508.3511,fbbdadc0-50d4-41f8-843b-ac54755033fa
6753,2007,CCO,SBC,CEMETERY,8,7,1,501.5787,bfc3aca3-4437-4612-a242-ab87fa4efff5
6754,2007,CDF,LMU,PINE,5,1,1,481.78,26b5dbef-6790-4996-b25d-a16ecefb4b6f
6755,2007,CDF,TGU,"CONNER, W",2,1,1,456.7993,ade4971d-1038-4785-85d9-ebf3af139814
6756,2007,CDF,BDU,MERIDIAN,1,1,1,445.7278,64bd321a-0850-479f-9970-20f1565ddb29
6757,2007,CDF,MEU,PASS,14,2,1,444.1571,71619e62-fa76-47b8-aff9-50ea9f837941
6758,2007,CDF,TUU,HORSE,7,1,1,434.789,56dd6aa9-feab-4336-b0f8-1744fe70dc21
6759,2007,CDF,BEU,QUIEN,1,2,1,422.33,72acb602-8c41-4b1e-90ab-466b0bec50ce
6760,2007,USF,SQF,VISTA,4,1,1,420.3179,4e4e9120-24da-4cbd-b800-4fcea29ada8f
6761,2007,CDF,RRU,ROSA,14,7,1,409.6346,0c79bf72-6d9a-4298-812d-8dc4e642723e
6762,2007,USF,PNF,BABCOCK PEAK,1,8,1,406.5478,71719b7c-ea43-43b7-87cc-4f8331f8ce1c
6763,2007,USF,LPF,RANCH,9,3,1,394.0664,4cb79b3a-ab0b-4032-83b0-08e97f58b16e
6764,2007,CDF,TGU,DYE,4,1,1,386.4487,39368d55-c921-4cf2-9612-6fae1bc95753
6765,2007,CDF,RRU,COLINA,14,7,1,374.4466,205c70fc-ddb6-4420-b041-08f216108c23
6766,2007,USF,CNF,MCCOY,9,1,1,353.1393,377aa897-7eff-429c-97df-849b978f54f5
6767,2007,CDF,SLU,DIABLO,15,1,1,332.3627,8092cd7d-d8f6-47d9-b2a9-dee0910b08cc
6768,2007,NPS,YNP,BALD WFU,1,1,2,331.6247,57fea400-276a-42c3-b9c0-35d78358bebe
6769,2007,CDF,MMU,HIGHWAY 41/ RD 209 3,14,6,1,329.0809,72ac4bd5-14ef-4ea0-8877-dd5aa4922628
6770,2007,LRA,NEU,PEACE VALLEY,1,1,1,282.3937,ab4a97e8-cef6-4e44-92fe-21b6bf6ad085
6771,2007,CDF,RRU,ROCA,11,7,1,270.0265,de69b756-cc33-419d-9a80-60f85623aa80
6772,2007,USF,MDF,ROCK BSFMU A6,1,1,1,267.2752,17e27a7a-c2c7-4db6-9f15-bc37d4469385
6773,2007,NPS,YNP,BABCOCK,1,1,2,263.4331,08bd7895-a101-4dae-b422-f540d2a57925
6774,2007,USF,BDF,CAJON,9,6,1,256.5415,86672b8d-2a8f-499e-b852-a3f2ec02460e
6775,2007,USF,LNF,COLBY,7,1,1,253.6503,a1ccdea5-caa4-428c-b0e8-f5e79b6c5532
6776,2007,LRA,BTU,HWY 32,10,1,1,247.547,4f4c69ef-7d9b-4843-b0c9-a3d39284b117
6777,2007,CCO,LAC,WEST,14,8,1,245.234,479a9d57-0ecd-43cd-a113-8446dbaf7aa9
6778,2007,NPS,YNP,DEVIL,1,2,2,239.2608,1a990387-1cf7-4cf5-8369-c3316d5e97ce
6779,2007,CDF,TCU,GASSNER,14,1,1,228.9826,da3b21c5-00d3-4297-ab50-00cc4589da7c
6780,2007,LRA,LAC,BARHAM,8,7,1,224.3276,42c5bbc2-c4b2-41d8-b0aa-3b03957229bb
6781,2007,CDF,RRU,DAILY,14,7,1,224.3175,a15070e8-5764-4cf7-b573-f7a092d41895
6782,2007,CDF,MVU,VUELTA,14,6,1,214.8134,baf0a111-4627-4e1a-96f6-d3f58e2f2ffd
6783,2007,BLM,BBD,BODFISH,14,2,1,213.1162,31d7999b-4f58-4b2d-bf72-34e1d2c0aad6
6784,2007,CCO,LAC,FAIRMONT,14,8,1,211.6219,5b8c8a52-93a7-4e5e-a0b2-e35d8d4aa8f9
6785,2007,CDF,SKU,SECERT,1,1,1,210.9111,4fc74ca2-c0ec-4ab9-9094-405da320c3e3
6786,2007,CDF,BDU,RED STAR,14,1,1,208.7144,84fccf13-5725-4a04-83a7-3fec3e6a38ae
6787,2007,CDF,TCU,DUNTON,2,1,1,208.2366,c653617c-17d1-4749-843a-bc8f341d133e
6788,2007,CDF,NEU,SMARTVILLE,1,1,1,197.4906,399a4dd0-b296-42a1-969a-b4c37c113164
6789,2007,LRA,NEU,SOUTH BEALE,6,1,1,194.8853,cc3f6217-02ba-4fcd-bbea-c37bb561b25d
6790,2007,USF,SNF,TRIMMER,9,6,1,193.511,954e96ac-6f79-4308-a3d5-74f74c059bd2
6791,2007,CCO,SBC,MARIPOSA,11,7,1,188.2546,de96ef6b-7ce0-4cbe-8aff-b650e37e7485
6792,2007,BLM,CDD,KINGSTON#1,1,2,1,186.809,73214a1b-16e2-4d09-96c5-5dc59e599dde
6793,2007,NPS,KNP,WILLOW,1,2,2,184.8262,55844f42-6d4d-42c4-857d-944fbcd5ad50
6794,2007,CDF,SHU,CLEAR,7,1,1,176.6712,1a475b83-c341-4997-b177-bd01309e8b05
6795,2007,CCO,LAC,EMMA,14,8,1,172.215,45edee9f-1678-46a5-9fc6-d964075df4bf
6796,2007,BLM,NOD,BULL,1,1,1,168.8155,d509bbd1-9ba7-4a28-a56b-ca47fa3e5df5
6797,2007,CDF,SCU,STEVENS,11,2,1,166.155,a3678b9a-9265-4020-9f09-f0543699631b
6798,2007,CDF,BDU,GLEN HELEN  2,2,6,1,163.5795,952615d4-2ec8-46ee-93c4-b5decff12c3c
6799,2007,USF,STF,NIAGARA,4,1,1,161.3853,08428388-76e5-4fe0-9ec0-2f51ab900e72
6800,2007,LRA,RRU,RIVER,14,7,1,158.0416,7580900b-57f1-44d3-bdc2-502f46fde26c
6801,2007,CDF,FKU,AUBERRY,10,2,1,150.9361,716bd4ad-e5e4-4daf-b3cc-68b181771ad4
6802,2007,USF,SQF,RIVER,2,6,1,149.8867,8a6b677f-e699-4713-ab77-c1efac091fc8
6803,2007,CDF,NEU,GARDEN,2,1,1,146.0327,cf74259b-60fd-494a-bfe3-3f35f21a0f9c
6804,2007,BLM,NOD,DANHAUSER,14,8,1,145.1397,cc5c21d7-4e4b-41c1-8ceb-40c2e8cf3f04
6805,2007,USF,STF,DOME2,2,6,1,137.6334,2090d987-cee1-4343-95d4-003a79cfa6f0
6806,2007,CDF,MVU,BORDER #25,4,6,1,136.2099,840ffac9-4b77-4c51-96af-5cf86606065b
6807,2007,CDF,LNU,SPRUCE,11,5,1,129.0111,e6c47eb7-c833-4ca1-92b6-ff39a65d5e4c
6808,2007,CDF,AEU,BAYNE,7,1,1,125.9606,ffe6b546-4e40-4bc6-9ccc-1754dbc997c6
6809,2007,CDF,LNU,ROBINSON,7,1,1,121.5482,f6d1d12b-38d5-4f32-8ef4-5f3d402bcee1
6810,2007,CDF,SHU,SILVER,2,1,1,110.625,9c086d95-20a3-44fc-a63b-e8217e9de6d4
6811,2007,BLM,MVU,BORDER #34,14,6,1,109.2246,8b99fe20-5bba-486c-b823-57ba6a971d0c
6812,2007,USF,BDF,SAND,5,6,1,108.1788,1896b8af-36ed-4472-aa5a-582a42edee20
6813,2007,CDF,TCU,SHELLEY,2,6,1,103.7546,86f54e4b-fbff-406a-8237-8a0366c1bf58
6814,2007,CDF,TCU,MURRAY,5,1,1,102.8672,dfec3ad8-6e3b-4cdf-b5e6-b8eeaabd9a75
6815,2007,USF,MNF,SUGARLAOF,1,7,1,102.3471,f3d69934-6fd1-4320-874c-d9d03ef7ef85
6816,2007,CDF,TCU,ITALIAN,14,1,1,102.2803,4116644b-001a-4fe7-aec9-5873e3232bd0
6817,2007,CDF,TCU,SHELL,14,1,1,101.4226,08e03037-48a0-4ea4-a4bf-f859d88519c1
6818,2007,USF,KNF,CHERRY,1,6,1,101.0002,f7efe1c6-81ad-4326-ab29-aff646071e20
6819,2007,USF,BDF,SNOW,1,1,1,100.158,5fb5fe80-b4ad-4583-8837-8b05b6fe3c63
6820,2007,LRA,MVU,78 #4,10,6,1,99.97422,6a1f9471-1c61-43ea-a5bf-f10a047498f3
6821,2007,USF,SNF,MONO,1,2,1,98.08347,2113a775-2f62-49d2-886f-3a59117f4a90
6822,2007,CDF,SLU,GRADE,2,1,1,97.13125,a9ea0060-66aa-4e8d-a2b1-71d0a959abb5
6823,2007,CCO,LAC,SKYLINE,14,8,1,95.41856,95294da6-742a-49aa-a372-996f841d54f3
6824,2007,CDF,MVU,BANNER,14,7,1,95.15126,3743a95d-d7d0-48b0-9c61-a3124576c122
6825,2007,CCO,ORC,261 INCIDENT,10,8,1,89.76794,3749560c-d252-4211-ad58-558a722d1c11
6826,2007,BLM,BBD,CONWAY,1,8,1,89.10194,6302f558-4539-4272-981f-e78621d2e33d
6827,2007,USF,BDF,BUTLER,1,5,1,87.50258,b293c3d8-b15e-48e8-8109-a823075248bb
6828,2007,CDF,BDU,DEVORE 2,14,6,1,86.78253,12033975-8dcb-44a4-aee8-08d4af8d2b55
6829,2007,USF,SNF,ROCK,1,1,1,85.73099,f39557f1-7756-4246-b0a1-b711138054d9
6830,2007,CDF,NEU,JASPER,2,1,1,85.65826,e8d8441b-c386-4e6f-97e3-54691c8471aa
6831,2007,USF,SRF,JEDIDIAH,1,7,1,85.58557,6bc933b3-93e8-468b-b1e0-8526803d4b5c
6832,2007,USF,PNF,PAST,9,8,1,84.95946,0659c1ac-0923-47a5-a0af-c9ac47f4694b
6833,2007,LRA,RRU,POLK,14,7,1,84.79376,e6616658-97d2-4dd6-9599-830fc84a6c04
6834,2007,BLM,BBD,CANYON,9,1,1,84.72375,dd0b7a1b-30b3-46f1-8753-1817b3ca90b4
6835,2007,USF,BDF,RAILROAD,6,6,1,84.6357,fa588d4a-014f-421a-9211-7d291af635f7
6836,2007,LRA,NEU,WEST BUTTE,14,1,1,83.31375,c2fe8ef3-bb61-4eed-8d34-0e1dfe2fb920
6837,2007,CDF,FKU,GATOS,1,2,1,83.0522,498dd682-97b5-4c07-9867-687d493b15d5
6838,2007,CCO,LAC,PEARBLOSSOM,14,8,1,81.0335,8559cb71-c9f1-46cf-971d-7e3fa764a745
6839,2007,USF,KNF,HUMMINGBIRD,1,7,1,80.30074,66aee350-5bbc-4170-902f-787465b9418c
6840,2007,NPS,YNP,BALD WF,1,1,1,78.59174,62894e75-4bfa-48b4-9537-08a68d1f5f1f
6841,2007,CDF,NEU,EIGHTY,2,1,1,78.0423,38c0f693-f346-497a-b40b-7c9ccbe32153
6842,2007,CCO,LAC,PEARBLOSSOM,14,8,1,77.80277,7512a806-b460-4462-b1db-d85b790d4a07
6843,2007,USF,PNF,CLIFTON,5,8,1,77.27326,84047318-b026-4a99-ba8a-5df6e8236c93
6844,2007,BLM,BBD,YOKHOL,14,8,1,77.20322,e869f99a-7bed-4b03-a059-84963b973410
6845,2007,USF,MDF,BLACK,1,1,1,74.38044,21ea517b-1ce3-48f3-aadc-1cb16fc97e55
6846,2007,CDF,FKU,PANOCHE,11,1,1,73.78705,be04b955-1a2f-4a52-9558-ff2f15c3d07b
6847,2007,CDF,LMU,WILLOW,1,1,2,73.36001,57b37ed2-7ebc-4793-86f8-61fef4c10f7c
6848,2007,USF,MDF,LOOKOUT,1,1,1,73.04321,c3f0c536-9d81-4009-8c3b-8b875c24d102
6849,2007,LRA,NEU,PRAIRIE,7,1,1,72.23045,cdfd6417-b887-4124-aa07-15ffcf6995c8
6850,2007,BLM,CDD,ALTA MESA,9,8,1,70.18415,b3b004bb-bd64-4d09-b3b1-1dbf3459f01d
6851,2007,CDF,NEU,VALLEY,7,1,1,69.97617,416ff010-ef7a-4e69-827e-5753b4981311
6852,2007,USF,MDF,BACKSCATTER,1,1,1,68.51701,9c272c80-beba-4a94-b565-4870cf26c0a7
6853,2007,BLM,BBD,LITTLE,9,8,1,66.90231,3dfd6f85-ac8f-4341-8830-078b007ed55a
6854,2007,CDF,TCU,GOLDEN,10,1,1,65.62988,94584de6-c24b-48da-b88c-5ebb2f7c33f8
6855,2007,USF,MDF,DOME,1,1,1,65.50415,f132582f-0a51-428b-aa07-b71959bc4806
6856,2007,CDF,LMU,LOOKOUT,5,1,1,64.51181,b4a014ec-4655-4817-9944-8ac14dbea2f8
6857,2007,LRA,NEU,FIDDYMENT,8,1,1,62.63406,4fac9d3d-14bc-4672-bd60-016a0e9f3d45
6858,2007,BLM,NOD,SCHOTT,14,8,1,60.56634,376761e9-baf1-4e8a-a8bc-72830ca7e327
6859,2007,USF,STF,BUMMER,1,1,1,60.40992,d4f8f440-c0c8-42f7-b7a5-04c909d0245e
6860,2007,CDF,LNU,GRADE 2,14,6,1,59.8039,9bc651de-b7ce-415f-8514-840386d8e6b6
6861,2007,LRA,MVU,CORONADO HILLS,14,3,1,58.79475,b254bf44-8aa3-42c8-b68e-1f0fd2e3c4b7
6862,2007,CDF,SHU,YOLLA,14,6,1,56.6572,fb6dea1b-06ef-4551-9d1c-7f3b8ee221a7
6863,2007,USF,MNF,VANN,9,7,1,55.82624,fd14d6a9-c446-4bb9-a822-985d967f7adf
6864,2007,CDF,SLU,POLY / A-4 7,14,1,1,55.68728,00daed4c-86cb-4640-88fb-4c592ac89b47
6865,2007,NPS,SMP,FOOTHILL,14,1,1,55.62037,dc99c3c5-ef86-4b01-a9f8-01f5d812b5e9
6866,2007,CDF,HUU,CHAMBERS,7,2,1,54.69636,6aca7eb0-36de-446d-9c14-6da18d60c39d
6867,2007,CDF,SKU,WEED ,4,1,1,53.96681,b83b5f5e-6b2f-4103-9aac-5484910e0860
6868,2007,BLM,BBD,BAILEY,14,1,1,53.44631,6f0d14c5-a2ea-4560-96de-591b9b7df7bc
6869,2007,CDF,HUU,DRIFTWOOD,14,1,1,52.97295,6a4a6009-5856-4c9e-9927-d31dc4d91698
6870,2007,USF,INF,BERNASCONI,4,1,1,50.22721,04622a0d-82ae-466f-abe3-c53e8fb2a246
6871,2007,CDF,BEU,PINEY,7,6,1,49.41501,0aed891c-9736-4eee-83e9-d63a13f83f39
6872,2007,CDF,NEU,MOONEY,14,1,1,49.37544,1a720794-f9a5-4606-b530-72b2bb6c791b
6873,2007,CDF,LNU,MOUNTAIN,14,7,1,49.27824,047bf1ce-38a0-4b9e-8846-e3c4110c6822
6874,2007,BLM,NOD,SPRING,14,1,1,49.25748,aaa81a49-254f-4486-a340-59ad3ede7176
6875,2007,CDF,MEU,CLARK,10,2,1,46.99129,c9b7e953-9d90-4ce4-adea-09e73fe6095d
6876,2007,USF,ANF,LAGO,2,6,1,46.93208,403c062c-6216-4887-b376-0dcc3202c238
6877,2007,USF,BDF,ROUSE,9,8,1,46.79037,d098b0b8-5f88-4101-95aa-49ce0a757042
6878,2007,CDF,LNU,PEAK,2,5,1,46.32199,bdd176ba-1df5-4902-9969-a2dd0d52531d
6879,2007,CDF,SLU,ODONOVAN,2,1,1,45.85566,e7c2087d-d447-4ddf-8d2b-f81dd3f883eb
6880,2007,USF,TNF,CALPINE,5,1,1,45.81102,b31399be-d5fa-4398-9aaf-58cc2ada73d2
6881,2007,CDF,FKU,POWER HOUSE,10,2,1,45.79953,4326b701-b6a4-4831-b1ac-dbd10f1e0302
6882,2007,CDF,SLU,CAL POLY,8,1,1,45.71973,99f777a4-8bf5-4fd6-b57b-90d7395cd6a3
6883,2007,USF,ANF,RIDGE,1,6,1,44.9055,e1a9c888-8782-4df9-9b37-ec0cfe013add
6884,2007,CDF,SLU,CUESTA,2,1,1,44.71153,6a5ea3ab-182d-4d8b-a6da-d5a5fdd8d00b
6885,2007,CCO,LAC,SOLEDAD,14,8,1,44.16777,884a663d-e58c-40ff-bd48-422d408c15e2
6886,2007,CDF,SHU,WHITMORE 3,2,1,1,43.37598,e06ab7d3-7340-4d4f-98c2-a7833babb825
6887,2007,CDF,RRU,STRAW,14,7,1,42.57693,5933594c-19b7-45aa-bae7-9f06050630ed
6888,2007,USF,LPF,MINE,1,3,1,40.20031,245a143e-f298-4773-ae1a-54bf33cabd9f
6889,2007,CCO,LAC,MEADOW RIDGE,14,8,1,39.10847,6e3f6dfc-caa5-4d9f-81da-72c92d90b6bf
6890,2007,CDF,NEU,WALDO 2,7,1,1,38.74841,e794fc54-ad73-46b1-928d-98e21d8e1a84
6891,2007,USF,KNF,CLEAR,1,7,1,37.9603,46ac8498-5238-4705-b0cd-a6f0f1ea6310
6892,2007,CDF,BEU,SOLEDAD,5,1,1,37.53805,e0b8ddf5-dbba-497a-a9c0-d7b9cbef8467
6893,2007,NPS,SMP,MALIBU,3,5,1,37.15744,c4241137-a262-4a6b-b76a-c6fd11d614f3
6894,2007,CDF,LNU,WEST,10,6,1,36.99461,4786f784-effd-45e1-af30-14d660397b39
6895,2007,USF,MNF,BARTLETT 2,9,8,1,36.44079,ea202d0e-1f33-47ea-a5e8-bc01083baf8b
6896,2007,CDF,LNU,HIGHWAY,2,5,1,34.53307,d0ffc437-368a-4b4b-acac-e57147eb8bb6
6897,2007,CDF,BEU,AVENIDA,2,6,1,33.98232,6315b0f0-a274-44ae-a202-1b66bd1a6b7a
6898,2007,BLM,CDD,FREMONT ,9,1,1,31.79749,76a00b30-bea1-4fd6-a2a2-db29927df591
6899,2007,CDF,NEU,SPENCEVILLE,14,1,1,31.35009,2122d110-df89-4cd9-beb2-84cf896f08b6
6900,2007,BLM,CDD,WRIGHT,9,1,1,31.31121,73d5780e-dd0f-45db-a2ef-ba6400e87870
6901,2007,USF,KNF,TOM MARTIN,1,7,1,31.28797,cca794b7-58dc-4e5a-816f-6460ee4081ae
6902,2007,CDF,NEU,SIXTY-FIVE 2,14,1,1,30.92794,0b2a899a-dea7-44cb-a0b6-7abd97784909
6903,2007,CDF,SKU,OKLAHOMA,1,6,1,30.41293,3854e251-039f-4a37-a939-b54c186065cd
6904,2007,BLM,NOD,TWIN,1,1,1,30.30834,74ce771d-c955-448e-b050-3caf696f9580
6905,2007,CCO,LAC,SESNON,14,8,1,30.30142,fc07c347-6a08-4421-b2e9-8abf8bc6e80d
6906,2007,USF,PNF,DAVIS,1,8,1,30.26694,1d98ef5b-f4ae-4efb-a828-a384b840257e
6907,2007,CDF,NEU,SIXTY-FIVE,14,1,1,29.60796,04c157aa-d95b-42a5-a130-96ea19c3889c
6908,2007,USF,BDF,CEDAR,9,8,1,29.60556,5d65c725-8c24-4c87-bf28-5ace4178106e
6909,2007,USF,STF,BOURLAND,1,6,2,29.35807,e2e629b7-951a-4cf3-a977-90733a63b2f2
6910,2007,USF,KNF,BACK,1,8,1,28.20994,82cf7a26-9a24-4c46-b48e-93ae09229bd9
6911,2007,USF,TNF,MARBLE,5,1,1,26.6056,91c53f4a-d1a6-4b00-a218-3039bd1c9122
6912,2007,CDF,SLU,BITTER,14,1,1,26.07638,a4d02e7c-04ef-46d0-9b6d-876199e252b0
6913,2007,CCO,LAC,OCTOBER,14,8,1,25.73671,1fdda2f1-f2ec-4717-95e2-d7ebce70f616
6914,2007,FWS,CLR,CLEAR,1,1,,25.68178,e199ce1a-05b8-4062-881b-9904da71e797
6915,2007,USF,SRF,PIONEER,1,7,1,25.0635,9d8e85bf-fe99-4a8f-a479-97cef1458a10
6916,2007,USF,ANF,VEHICLE,2,6,1,24.90016,42d1dc89-29e0-47ce-ba08-ea869b5fdebe
6917,2007,CDF,BEU,COLORADO,15,7,1,24.8429,413d8954-579b-4535-a42c-52c767ce8279
6918,2007,USF,BDF,BLUECUT,2,8,1,24.77842,6757ea25-eae7-4758-bd26-ccc09fbd4042
6919,2007,CDF,BEU,BRYSON,2,1,1,24.73462,bd681e8d-e242-4525-aebc-e76e2b12a4d0
6920,2007,CDF,LNU,ARMSTRONG,7,6,1,24.25039,a819e09a-8851-4287-94e8-ba0855e9d543
6921,2007,USF,TNF,LINDSEY,4,6,1,23.71274,0157a07b-979e-4936-87b9-4a89c58de430
6922,2007,NPS,YNP,JACK WFU,1,1,2,23.6337,2c1fe31b-10e3-4f89-bfc2-4bd4cafdc196
6923,2007,CCO,ORC,CROWN VALLEY,8,8,1,22.87267,37dfcc51-a9a3-4763-832a-252570157efd
6924,2007,CCO,LAC,Y,14,8,1,22.49173,632c0bf3-4fa9-469d-ae09-6fbaa36d50fe
6925,2007,USF,MDF,HOWARDS GULCH,6,1,1,21.99774,91950a54-61a9-4c82-b95a-bc9330ba5df3
6926,2007,USF,KNF,SKY,1,6,1,21.53662,7fce1da5-1fba-432b-94da-b0ecccf076e7
6927,2007,BLM,CDD,BARRETT,11,6,1,21.03024,65ad37e9-d154-4452-97a2-a80ed8c0fa3b
6928,2007,CDF,NEU,AUBURN,7,1,1,20.99044,b1a44a09-43ae-4b8e-8be3-f664b750b1a6
6929,2007,USF,ANF,CAPRA,2,6,1,20.41754,210d4598-5b06-4275-b041-817bbb226817
6930,2007,CDF,NEU,CROSBY,1,1,1,20.30936,3f0a1f36-e6f6-49fd-904d-3e9392b01872
6931,2007,USF,ENF,CLOVER 2,1,1,2,20.16119,3b6447b2-dc66-4463-8ab5-1597f079d90c
6932,2007,CDF,SLU,POZO,1,1,1,19.97121,337a40c3-2bd6-4751-9959-27e1e382a633
6933,2007,USF,TMU,WASHOE,9,1,1,19.81334,5e8194da-d4c4-4cc9-a1ec-06d70a35c9ce
6934,2007,NPS,KNP,BALDY RIDGE,1,1,2,19.69245,11913d60-c6cc-47f8-b24e-4bc87d262657
6935,2007,USF,MDF,TIONESTA,4,1,1,19.63063,d7e893fa-a7d8-4579-876b-b2aa38f2bc3c
6936,2007,USF,LPF,TORRI,9,1,1,19.52059,71603df7-2f75-44aa-bef2-0571f5121da6
6937,2007,CDF,BEU,ROSA,1,6,1,19.03348,f0086fce-c29e-406f-9e34-1918697a4f63
6938,2007,CDF,TGU,LYMAN,14,6,1,18.7599,466a350a-ad4b-464e-b2e9-57e8b1442ade
6939,2007,CDF,HUU,BROWN,2,2,1,18.73177,6f5eced5-c168-49d1-b1a8-8215dca862e5
6940,2007,CDF,BEU,OAK,2,6,1,18.52167,3e6d7bfd-bb31-49b4-8995-343684bf23c9
6941,2007,USF,MDF,COYOTE,1,1,1,18.42541,1ec321a0-a2f0-480a-b4be-4add0f8c0e5b
6942,2007,USF,STF,INGALLS,5,6,1,18.24594,7e335698-f9a1-4f4d-b7ed-91d79daef932
6943,2007,USF,BDF,ELLIOT,1,6,1,18.19049,fe0b9baf-01c5-4113-92ef-dd5bba55614c
6944,2007,USF,LPF,SKINNER,9,1,1,18.1263,2580e57b-f550-4851-91e3-5e0e0fc695b8
6945,2007,USF,CNF,HAUSER,4,1,1,17.11761,7ecadc3a-0f72-499e-92f9-01b4155509ea
6946,2007,CCO,VNC,RABBIT HILL,14,7,1,16.84096,e927caa0-5cde-42d0-a36d-85c6725acc37
6947,2007,CDF,SKU,REYNOLDS,2,1,1,16.67489,698dc20b-782e-4184-9dc8-e8153273d793
6948,2007,CDF,SLU,CUESTA 2,2,1,1,16.54518,f7a07540-0df9-4d5f-9ac0-05b49d8f7e98
6949,2007,CDF,NEU,NADER,14,1,1,16.27155,96486612-2c9b-4d69-8bb8-d8babc2fb6ff
6950,2007,CDF,NEU,WALDO,2,1,1,16.19337,d60a978a-3b60-456b-81c0-7d189bfa8cb6
6951,2007,CDF,SLU,ADELADIA,2,1,1,16.18213,dd603357-229c-43b1-ad05-46b78e5d6788
6952,2007,BLM,BBD,SAN BENITO,14,8,1,16.03663,8b35d044-ee47-4311-956c-0f207bfea73e
6953,2007,USF,MDF,HARVEY,1,1,1,15.22974,0d0358f3-811d-4c6a-821d-edd110aa5172
6954,2007,LRA,NEU,ATHENS,10,1,1,15.18611,55a2925e-0fb0-413f-9b60-db121a5d8327
6955,2007,CDF,SLU,RYAN,5,1,1,15.01484,e6d457a2-b609-421d-b935-444140f11c42
6956,2007,USF,BDF,SHOOTING,9,6,1,14.96727,a6a9524c-0645-434d-bb16-e44b91582064
6957,2007,CCO,ORC,,8,8,1,14.80336,67a6bd40-3cf9-464a-8ed8-5eedbe4c9d02
6958,2007,BLM,NOD,PONDEROSA,11,1,1,14.6404,45ede9fa-6e40-4091-a647-9dc13f02e3ee
6959,2007,CDF,NEU,PETERSON,7,1,1,14.47645,e7b38a23-f6fe-478d-b213-e14276ace79e
6960,2007,USF,MDF,RATTLESNAKE,1,1,1,14.43093,e38e9136-3e01-42d1-8050-7ddbed5cb424
6961,2007,CDF,SKU,FALL,5,1,1,14.37599,bba8491b-5ce9-449a-b196-80974f012d13
6962,2007,USF,ANF,LOWE,9,6,1,14.32774,3bad84c7-99e9-4e72-877c-5348fff86f2b
6963,2007,USF,BDF,DEVORE,2,6,1,14.00034,01c23bf0-bfcf-4b34-9e39-352250ced7e8
6964,2007,LRA,NEU,BASELINE,14,1,1,13.97688,fccc6fdd-3b18-417a-87f6-4422a5e2d376
6965,2007,CDF,SKU,GIRARD,5,1,1,13.89543,d6cd4f9b-f792-4651-bc8b-ca1d4bd5afef
6966,2007,CDF,LNU,SONOMA,2,1,1,13.87302,696aa89e-b271-4dd2-bad5-50f68c35af3e
6967,2007,BLM,NOD,POT HOLE,1,1,1,13.79044,28699145-e1ae-4ef3-a8d8-22b245cfc35c
6968,2007,CDF,NEU,WILSON,5,1,1,13.75327,111e9e30-8191-4ab5-96a8-d594c7d977c9
6969,2007,USF,BDF,RAILDOAD 2,6,6,1,13.73251,43f51fc7-4625-4ca8-a82f-d6dccba14aaa
6970,2007,USF,SQF,RICHBAR,9,6,1,13.43259,5795c4dc-631c-4ea3-bb43-cfb82c848941
6971,2007,USF,STF,JUPITER,5,6,1,13.40213,9f2f7d09-18e8-4c4d-b393-64e27e970906
6972,2007,NPS,YNP,GRANT,1,1,2,13.35142,387c3bd8-7a66-40cb-b10d-3fbbca6630c8
6973,2007,FWS,TNR,MILLAR,14,1,,13.30212,18ffd2fc-400a-444f-93f7-04d9ca332a5b
6974,2007,CDF,SLU,JOHNSON,11,1,1,13.12521,64a9c946-8dd2-4f81-911e-465ee9a7c669
6975,2007,USF,KNF,DOGWOOD,1,6,1,12.92592,5ad36d0d-14eb-48c7-947b-55ddb59293e5
6976,2007,CDF,HUU,CAPPEL,14,1,1,12.89415,3884214e-6dad-4356-807c-ac0e7aed5eda
6977,2007,CDF,SLU,RANCH,14,1,1,12.77974,da87bb78-d918-4e5b-ae52-32eb6a8b5265
6978,2007,CDF,SLU,MORRO,11,1,1,12.73619,8ae587ea-7734-452e-a735-1187393fb7d6
6979,2007,USF,LNF,CABLE,1,1,1,12.57715,1152da8d-ee8d-4470-9562-ae0886252efa
6980,2007,USF,SNF,SOURCE,1,7,1,12.57433,6517b198-f695-46fe-bcae-21f86ad47ddd
6981,2007,BLM,NOD,LAKE,9,8,1,12.55744,e34f9274-f9f8-4541-8c3a-3aa896333c2c
6982,2007,CDF,RRU,LAGUNA,14,7,1,12.43935,f059358b-3d76-4119-864b-9a82824c59a0
6983,2007,USF,SNF,DEVIL,4,7,1,12.16894,d78ad86d-b4b3-4a1a-8825-d41e61001421
6984,2007,USF,INF,SENTINEL,1,1,1,12.16587,9e68ea91-b501-4590-b4b7-9e0c7c3b2ad6
6985,2007,USF,MNF,SLIDES,9,7,1,11.94098,6545aa8a-a385-400c-95c4-7ef57055299c
6986,2007,USF,LPF,RIVER,9,1,1,11.6418,06f0693f-88fa-4171-b48f-94883f28bf4c
6987,2007,CDF,SHU,HATCHET,2,1,1,11.32679,9dbedbdc-0421-4175-a8c6-2822e3c43a1b
6988,2007,CDF,NEU,WILSON,5,1,1,10.57157,0cf86b65-4dbb-4813-a96a-27c447cd45f4
6989,2007,CDF,NEU,LOMA RICA /  LA PORTE ,7,1,1,10.32569,6e3da75e-104e-454d-986d-e7954e79d281
6990,2007,BLM,CDD,BORDER 26,4,1,1,10.16931,7dbd5fca-34fb-46a3-be3f-c9b1acd615f7
6991,2007,USF,TNF,GRANITE,1,6,1,10.10742,22c37768-2870-4c03-97db-a705af090b86
6992,2007,NPS,RWP,WILLIAMS,7,1,1,9.997591,d633255a-488b-4933-bd0b-8fd727bc2464
6993,2007,USF,SRF,BEAR,1,7,1,9.873552,e0869b49-e1c5-4919-83c1-01dba6460b7b
6994,2007,CCO,ORC,FREEMONT/IRVINE LAKE,16,8,1,9.488764,6896dc49-e2d5-42b0-9ad0-07ee22f8fc65
6995,2007,NPS,SMP,FRANKLIN,2,7,1,9.359566,0d16ba8a-dd16-4a10-9d4e-d04e5408e64a
6996,2007,USF,SRF,RODGE,7,1,1,9.257235,109d9fdc-06c3-48e7-859e-f83bf1509cab
6997,2007,USF,SHF,TURN,2,1,1,8.830719,3fa23f2c-1551-41f5-92d5-506163541ec7
6998,2007,BLM,NOD,CHICK,14,1,1,8.780858,bd194743-b8aa-4f76-bfd4-a8c82bc56f5c
6999,2007,USF,SHF,CHIPMUNK,1,1,1,8.338897,a8ce82ec-93c1-444a-924d-4c0629c23811
7000,2007,CCO,ORC,ROSE,11,8,1,8.335956,49ea6f47-dd25-49e6-afa5-15c3e5ea59f2
7001,2007,CDF,SKU,BRAZIE,5,1,1,5.748158,e4bd6a97-4287-4fdf-9958-91108c3112db
7002,2007,LRA,LAC,GRIFFITH PARK,14,5,1,4.961969,f54f51b1-8dce-4066-baef-171d491533a7
7003,2007,CDF,LNU,LIBERTY,4,1,1,3.428311,8acaa3af-d4e9-4437-a43b-d02e62c16a8e
7004,2007,CCO,ORC,LAGUNA CANYON,3,8,1,2.842573,bc958eda-5724-4cd6-9d3f-226c86cc6c51
7005,2007,CCO,ORC,FREEWAY INCIDENT,8,8,1,2.454626,a3f45201-09e5-4f61-be22-d1ddafa16838
7006,2007,CCO,LAC,AGOURA 2,7,1,1,2.014412,3e121644-5b98-41ed-a3b5-7b6fd83851f1
7007,2007,NPS,SMP,CREEK,9,1,1,1.002604,358b5bc7-46a8-45e6-8df7-c092f91615bb
7008,2007,NPS,RWP,SCHOOL,7,1,1,1.000042,6b04421e-0416-4651-8077-68bd6c877d71
7009,2007,CDF,AEU,PLACERVILLE,14,6,1,0.9817882,1dde5a15-6cd8-4c4f-be56-0a9350f22ac5
7010,2007,CCO,ORC,ANTONIO,11,8,1,0.8795359,e15a6014-fc95-43c2-b0bb-fdf3be66e9da
7011,2007,CCO,LAC,AGOURA,9,1,1,0.8084014,2c226ab2-dfb1-4d8d-bb43-0aa8c77e1733
7012,2007,CCO,LAC,KANAN,2,1,1,0.5139439,4ae1c7d8-5835-4284-a69c-e04f5753b4c3
7013,2007,CCO,ORC,PIONEER,8,8,1,0.338818,75efb2c3-418d-4462-a3a6-b7bb54b702f0
7014,2007,CCO,VNC,ROADSIDE,9,1,1,0.320584,49f8d78e-1555-48e4-91e2-e52661ea6248
7015,2007,CCO,LAC,TRIUNFO,9,8,1,0.3089809,34159201-3b4f-40d4-9740-47f654caaece
7016,2007,NPS,SMP,ROCKY OAKS,9,7,1,0.3089746,1eb2ae4e-98d3-4610-aa29-9ac252e0a537
7017,2007,CCO,VNC,DEER RIDGE,9,7,1,0.3089615,0bf2853d-8f92-46fb-9540-a5d9f51e0f63
7018,2007,NPS,SMP,TUNNEL,9,1,1,0.2502531,ae2135e5-41b5-48d0-b401-a1d10430f209
7019,2007,CCO,ORC,241 (HAYSTACK),10,8,1,0.2382202,0247d679-a6df-4334-b4c5-4f0172b553a1
7020,2007,NPS,SMP,LAS VIRGENES,11,1,1,0.1977743,577d6fda-dd8d-41b4-87e5-42672e5f1f21
7021,2007,NPS,LAC,LATIGO,2,1,1,0.197764,7293fd8a-31d9-4841-92a5-a837ceb361f9
7022,2007,NPS,SMP,SANDSTONE,10,1,1,0.1409219,04ce6d93-e304-4b23-bc28-bb01af028bbc
7023,2007,CCO,VNC,SMALL HIGHWAY,10,1,1,0.132266,cbb00e03-5f93-460d-86d8-2e3d19cfc2f5
7024,2007,CCO,LAC,FLORES,10,1,1,0.09350429,9d71b056-6f05-41e7-9c89-6463cc58fe48
7025,2007,NPS,LAC,LATIGO CANYON,9,8,1,0.09348453,cca01dd3-c3f7-4e5d-a96a-edda5a2695dd
7026,2007,NPS,SMP,DEER CREEK,10,1,1,0.06526374,dc82414e-f68e-43e9-9af3-1d245b2fb68d
7027,2007,CCO,LAC,VIRGENES,9,7,1,0.01678047,bd04305a-1b0d-4de1-94d7-2341783d8052
7028,2007,NPS,SMP,STERLING,1,1,1,0.008896109,daa997c0-991f-42dd-b1d6-06cb5356e561
7029,2006,USF,LPF,DAY,5,2,1,161815.7,a04742a5-2c2a-41ff-8516-8572f8abddac
7030,2006,USF,SHF,BAKE-OVEN,1,7,1,65050.05,1f73eb3c-4b31-4731-88fc-d81559b2d6b6
7031,2006,CDF,BDU,SAWTOOTH COMPLEX,1,2,1,61767.18,1d62f895-ce72-4cdd-b8d4-7601106cbe95
7032,2006,CDF,RRU,ESPERANZA,7,2,1,40176.8,8b36e1d6-50cf-4a17-b1eb-dccc299a2bfa
7033,2006,USF,SHF,PIGEON,9,7,1,35093.77,5419ab4f-9d14-43fb-b563-973f1359d671
7034,2006,CDF,SCU,CANYON,14,2,1,34217.52,134cb83c-3b8f-451d-a9cd-fb0bec9c3b14
7035,2006,USF,BDF,MILLARD,1,7,1,24218.9,a4c28688-bc72-4f13-bbf7-e07a38925cb7
7036,2006,USF,KNF,HANCOCK,1,7,1,21866.13,b89a2ff6-e001-4579-95ab-299800b66b8c
7037,2006,USF,CNF,HORSE,4,7,1,16677.62,4bd064a6-bce3-45cb-83ed-457b808d84a6
7038,2006,USF,MNF,HUNTER,1,2,1,16234.27,ad72d5ea-3567-466a-a747-c9b7c944ecfe
7039,2006,USF,SRF,SOMES,1,7,1,15506.2,5204a4e5-c104-4ac0-bf2e-f1082c8e6028
7040,2006,USF,LPF,PERKINS,1,7,1,14922.99,33a96f5e-a070-46f3-94a7-c8d42d3168e9
7041,2006,CDF,BEU,RICO,1,2,1,14509.42,9a4a62c0-529f-478b-951c-48a4204da3d2
7042,2006,LRA,LNU,ZAM ASSIST,14,7,1,13968.88,3949be09-fcf4-4692-ac82-e662e5ee1ee0
7043,2006,CDF,VNC,SHEKELL,14,2,1,13618.09,cd5c4214-1d3e-4167-9036-575b1969feac
7044,2006,USF,CNF,SIERRA,18,7,1,10591.98,acd99964-f228-441d-910e-ccab5e47b64c
7045,2006,CDF,FKU,3 ROCKS,1,2,1,9434.875,49e1f44d-2a3d-44b5-8419-8c6daa3b245b
7046,2006,NPS,DVP,CALICO,1,2,1,9278.413,30aea9fa-d59b-45e0-a7e8-0784291ce4d7
7047,2006,USF,TNF,RALSTON,9,2,1,8421.044,3953c5bd-0045-46f2-8a3c-cec1e2d3b9c2
7048,2006,USF,INF,SAWMILL,5,2,1,7437.11,aef24593-1c05-4c15-ae6a-4181eccda9be
7049,2006,USF,KNF,TITUS,1,7,1,6075.601,b00ce5fd-a9b2-4f42-8e85-fcd2585368b8
7050,2006,NPS,YNP,FROG,1,7,2,6029.851,84f17417-1041-4038-ba57-de07669f234d
7051,2006,CDF,SCU,MIDWAY,11,1,1,5540.274,44656488-be60-4874-80b6-032accb1d94a
7052,2006,USF,KNF,RUSH,1,7,1,4872.309,f849d04a-b68f-4449-966e-973649d9e1ae
7053,2006,USF,MDF,SAGE,1,7,1,4853.658,a9cd3498-4081-4539-ae4d-863eef9b518e
7054,2006,CCO,LAC,QUAIL,14,7,1,4769.777,df32c2c8-eaa4-4357-b9e3-1bbc24ceed29
7055,2006,USF,SQF,TAMARACK WFU,1,1,2,4655.902,81a7bb56-0407-4603-97fc-524680900ea7
7056,2006,BLM,NOD,OBSERVATION COMPLEX,1,7,1,4393.104,95ed553d-99cc-402b-b959-8d70a9c70230
7057,2006,USF,LPF,BALD,1,6,1,4321.537,78ae4b48-1a13-4908-8f09-4a418a6493ca
7058,2006,CCO,KRN,WESTSIDE,10,7,1,4025.012,7f2d2968-73e8-43fe-9caf-e999e5d78e30
7059,2006,USF,KNF,UNCLE,1,7,1,3832.854,2d73af12-cfb1-48a3-86e8-e3966ddd1123
7060,2006,CDF,BDU,GOODALE,1,2,1,3751.389,4d6abb8b-72f8-4f95-95a5-93ff3323322e
7061,2006,USF,SQF,BRODER/BECK WFU,1,1,2,3492.245,5a9351c0-d1c0-4aff-a612-bf841d7675e5
7062,2006,CDF,SHU,JUNCTION,14,1,1,3129.746,652e33ea-f08e-4a90-aebd-42f2cfa74910
7063,2006,USF,SHF,HOTLUM,5,2,1,3023.023,f22f0edd-41ff-481e-8843-c55bbee1ea89
7064,2006,USF,PNF,BOULDER,1,1,1,2919.262,d5d21157-25dd-4af7-9f5b-e8f2255d2687
7065,2006,CDF,SCU,DEL PUERTO,5,8,1,2592.979,53ac8a01-5230-4fa5-b36a-a729739f1b47
7066,2006,USF,BDF,PINNACLES,7,7,1,2505.519,ef874835-0913-48b8-be70-a4372b13316a
7067,2006,USF,LPF,RIDGE,1,2,1,2417.061,270295dc-090e-4ff6-9c75-836a7b58f61a
7068,2006,BLM,KRN,COTTONWOOD,9,8,1,2344.131,b99faa24-b5b3-4450-a09a-fb696e6542c0
7069,2006,NPS,JTP,PUSHWALLA,1,8,1,2194.778,530e87b1-9fa4-4575-9410-003a8832dcf5
7070,2006,USF,BDF,EMERALD,9,7,1,2131.008,723c3254-d982-466a-a1c1-6ff7e4b0b03d
7071,2006,USF,SQF,MAGGIE,1,1,2,2097.887,2e5d3f67-27d4-4476-ad47-c8528060781b
7072,2006,USF,TNF,BASSETTS,9,2,1,2097.263,b0026b0e-ef5c-4b9a-a1a3-3104b45fc77c
7073,2006,NPS,DVP,BUTTE 2,1,2,1,2035.224,84155c06-4097-4254-9fb9-8ec26c6d6bc6
7074,2006,CDF,TCU,PEDRO,9,2,2,1997.151,c2604853-09dd-4e9e-a08f-d70834131cd2
7075,2006,CDF,FKU,ALMAZON,2,2,1,1926.058,18050103-dd3d-4aae-924f-a16b62ef16d3
7076,2006,BLM,BBD,BECK,9,1,1,1668.107,c7e7ce04-5842-4f03-848b-67c0dfbbc20b
7077,2006,NPS,KNP,ROARING,1,2,2,1643.123,850e5981-0ee6-48ac-b6a6-c7727156ad6d
7078,2006,CDF,LMU,CREEK INCIDENT,1,1,1,1611.617,d225488f-b0a4-419d-a9bc-ef50c016d619
7079,2006,CCO,KRN,ANNETTE,10,1,1,1432.379,bd82bf94-455c-4cb2-92c3-ccc0eb327d72
7080,2006,CDF,TUU,COYOTE,1,7,1,1359.883,e62eecea-fdaf-4702-b8b9-4dc017a512a0
7081,2006,CDF,SKU,HOY,14,1,1,1282.879,5722c7fd-3cb0-4a13-b290-619d77a433e0
7082,2006,USF,MNF,YOLLA BOLLY COMPLEX,1,7,2,1246.917,f0901575-fc69-48a3-bd2a-59e063386f36
7083,2006,CCO,KRN,DEVIL,9,1,1,1090.188,21061d3e-fd56-4ca1-8e3b-605b674ec3bb
7084,2006,CCO,LAC,EMPIRE,14,7,1,1063.158,5149ebc4-9565-466f-97a8-304aa737ba30
7085,2006,USF,MDF,HIGH,1,1,1,1053.402,73c396f8-5367-481e-b40c-6b094abe300b
7086,2006,CDF,MEU,NOBLE,14,3,1,1017.925,06fe5fb5-5d5c-4716-af45-4dd56c2b95fb
7087,2006,CDF,MMU,BILLY,9,6,1,996.7834,f18a45ac-7fff-468e-8fcf-dad78d26f34a
7088,2006,CDF,BDU,WHISPERING PINES,1,2,1,990.733,3b4e921e-734b-456a-af9b-a9afd0854784
7089,2006,NPS,MNP,TOUGHNUT,1,2,1,985.1271,19da0a3d-4128-471e-b1c2-55d4cbac1deb
7090,2006,BLM,BBD,MOCAL,9,2,1,932.2057,200e0aae-6a8e-45a3-aa39-d0659628f621
7091,2006,BLM,BBD,CUYAMA,9,1,1,925.7054,fb68ec43-3165-4ce2-9abc-51fb6e592ef1
7092,2006,CDF,SCU,STUHR,10,6,1,905.312,374f9c68-3244-4f7d-8479-17c339394837
7093,2006,USF,SRF,PANTHER,1,1,1,904.7364,c9ea8953-e530-44f2-b063-ca6fb8d87067
7094,2006,CCO,KRN,ENERGY,2,1,1,779.9976,a123279e-df3e-496b-bb3d-f323260f6ec1
7095,2006,BLM,CDD,GOLF,7,2,1,774.4991,4995c155-9578-4982-aa1c-6180a86bf6ee
7096,2006,USF,LPF,SCOTT,1,2,1,751.0727,a273da90-8e98-4a6b-8ae2-40e8fe00d909
7097,2006,CDF,LNU,YOLO,7,7,1,725.167,ee39cc37-c0ac-4ca2-a40e-d2f316d5d7ec
7098,2006,NPS,JTP,GEO,1,8,1,704.0587,d8c9c309-dc2a-4eb9-b190-a67bda98b889
7099,2006,CCO,KRN,ARCO,9,1,1,698.128,5b6a6346-8314-4a50-beec-c47f9e974583
7100,2006,CCO,LAC,CROSS,14,8,1,664.7448,b2ad49b1-fbae-4b87-a141-56ef42af1cdb
7101,2006,CDF,LMU,CHENEY INCIDENT,1,1,1,646.679,fbd2409d-eb58-4b0a-a288-9a5a0cbe6e3f
7102,2006,NPS,KNP,BURNT,1,7,2,627.6202,f584e729-c719-405c-a929-8c8788517a68
7103,2006,BLM,CDD,MESQUITE,1,2,1,584.8881,7854772d-3e67-4590-9565-9120ae8a7627
7104,2006,BLM,CDD,MESQUITE 3,1,2,1,584.8881,d86c364b-1210-4d42-a021-965874c0ddfe
7105,2006,USF,MNF,KINGSLEY COMPLEX,1,6,1,557.9207,6ec0762e-a50e-406f-a8cf-606a97e107c8
7106,2006,USF,MDF,CLEAR LAKE,1,1,1,554.2803,993712d6-f38b-4643-a8db-284f080b8e3d
7107,2006,CDF,LNF,LGT #17 (3-5),1,2,1,537.4158,77398f40-222e-4474-a17d-26803e0fc572
7108,2006,USF,MDF,BUMP,1,1,1,523.7485,85f9ec4e-2145-4d3a-aeac-4872608e1835
7109,2006,CDF,BDU,EDGEMONT,11,2,1,520.8995,23a549d7-5254-4862-afab-cabe58582ad8
7110,2006,USF,PNF,HUNGRY,1,1,1,512.3259,9a910146-3511-4757-96ea-433bbd877076
7111,2006,CDF,LMU,LGT #22 (3-9),1,1,1,504.5657,388c2070-6b5c-41c6-8d2e-7eafe11c61f5
7112,2006,CDF,RRU,SUNRISE #2,9,8,1,500.0103,cb2e440b-049c-4e2e-af00-c66b23b72531
7113,2006,USF,SHF,LAKIN,1,2,1,480.8092,73a2f9e6-094e-4e1e-b2ea-c551477ba04e
7114,2006,NPS,DVP,GOLD VALLEY,1,2,1,480.0004,185bc07d-a9d1-4fec-ace3-9606aa7758da
7115,2006,USF,BDF,PLUNGE,4,7,1,477.1114,438f8a02-274a-46f6-8426-3b5fe5766569
7116,2006,CDF,MMU,RAYMOND,3,1,1,475.0836,6b00c99b-999b-4917-80e7-a819eab2f42c
7117,2006,USF,MDF,CRYSTAL,1,1,1,460.6421,6a149bfb-0646-4d82-a5e6-476b5bbaa241
7118,2006,NPS,YNP,BOUNDARY,4,2,1,459.9042,8ade1335-64a2-4092-8360-511007a0f4a3
7119,2006,CDF,BTU,SKYWAY,10,1,1,453.417,66f662df-9e2b-401b-a0d2-8608ac30de9e
7120,2006,BLM,CDD,KINGSTON 2,1,2,1,447.0361,6ac54506-de26-4cdb-9160-739ae2fd8e20
7121,2006,USF,SRF,BUCK,1,2,1,422.0619,e5dd289f-5a6f-49c6-9a80-02fe0984294a
7122,2006,USF,BDF,RAMP,2,8,1,413.8243,17e7385a-8d26-48ed-bda9-e92761878bd1
7123,2006,CDF,BDU,ABERDEEN,1,8,1,404.1842,067d739b-da75-41da-b41c-40c75f0c3d36
7124,2006,LRA,KRN,46,2,1,1,396.3876,df5ce845-9efc-4ab3-81d2-ab4ab67890de
7125,2006,CDF,MMU,WHITEROCK,14,1,1,394.4654,b8eb82d1-0ed8-4b1b-b210-2312ac1dac5b
7126,2006,CDF,NEU,MARYSVILLE,9,1,1,388.3694,ab6e23c0-3be2-412b-8834-b8ff91046581
7127,2006,CDF,LNU,NAPA,11,7,1,377.3311,b030927f-a411-4431-ac11-54b40b2dab1f
7128,2006,CCO,LAC,POPPY,14,1,1,372.1154,5d30fecf-5103-49ac-a4a9-87dc0a213b49
7129,2006,CDF,FKU,RIFLE RANGE,9,2,1,369.2675,70bb2e3f-acd3-43c1-a47b-18b0be3c4c25
7130,2006,USF,PNF,GREASE,7,2,1,365.8738,771aee4a-823a-4dac-9f84-dc4b65d4d58d
7131,2006,USF,BDF,ARRASTRE,1,7,1,363.407,0e4214b8-9f62-4fa9-b038-d31cef779a8c
7132,2006,CDF,TUU,W,7,7,1,362.372,7340eac2-a946-4586-9a22-11af82cf1cc0
7133,2006,NPS,JTP,COVINGTON,1,2,1,352.2532,9668e459-264d-4765-b8be-7b8a912d2c5a
7134,2006,CDF,TUU,STOKES,7,1,1,348.0857,1f3b508e-7dd5-4f02-a9bc-9d2964450e84
7135,2006,LRA,VNC,SEQUOIA,14,2,1,345.3153,f3f4e874-c834-4c35-92cc-e8abf0298516
7136,2006,NPS,YNP,MIDDLE T SUPPRESSION,1,2,1,344.6708,af29b3fc-0da3-451e-9991-d225379afbf6
7137,2006,CDF,LNU,29,10,2,1,344.2801,1edc1311-6e94-48c7-94ea-14cf91fcd612
7138,2006,CDF,MEU,GEYSERS,14,2,1,342.9361,cbc121e6-d717-46cf-b633-5c4fe5e46a0e
7139,2006,CDF,MVU,BORDER 16,14,1,1,317.0878,b5f747b3-67d9-4c14-9db7-45327548dc96
7140,2006,CDF,MVU,OPEN,11,1,1,308.8919,3280e995-fee1-41eb-b162-22e4b79fd4cd
7141,2006,BLM,BBD,MCKITTRICK,11,1,1,301.5148,8a6bf2de-7f23-4597-b34a-a6c6e4a3e4a0
7142,2006,USF,BDF,OAK 2,1,2,1,283.2123,5b0a811d-53af-4a1b-a845-b2043f91ba12
7143,2006,CDF,LNU,SPRING,10,6,1,274.1234,d48512e8-c066-46bf-98ae-7ada281d392d
7144,2006,CDF,MVU,FELIPE,1,6,1,269.6557,6fc34011-160b-410a-b246-c9103241d482
7145,2006,NPS,YNP,KING,1,2,2,261.0526,b43b9214-ba15-4a9b-96b0-dd985be1c917
7146,2006,CDF,BEU,METZ,7,1,1,249.0723,5b8d4f4d-7b4b-4223-9a4a-344438881149
7147,2006,CDF,BEU,ESPINOSA,2,6,1,246.9765,f0c5f995-8cfe-466b-84c3-7a0b2a5bc248
7148,2006,USF,KNF,CARIBOU COMPLEX WFU,1,7,2,241.0048,be5311b8-881e-498a-a587-9bb111ebce21
7149,2006,BLM,CCD,SAGE,1,8,1,239.8209,b4dc2c81-3f45-419b-833c-544406dfa9b7
7150,2006,USF,KNF,GOFF,1,7,1,235.3274,988eb1c6-3b08-40e1-b10a-a47fa05d4983
7151,2006,CDF,TCU,MILTON,10,1,1,233.436,b5922cb8-7b82-4999-be66-881cb6ca6944
7152,2006,USF,SNF,RUBE,1,8,2,233.0202,4dcb631d-9734-43c8-be16-f693af06f8f0
7153,2006,CDF,FKU,SMALLY,1,1,1,228.6997,d6c47aa7-0b32-44a8-9f78-cb527a22a45c
7154,2006,CDF,TCU,MILTON,14,1,1,228.2242,9c0fd624-deeb-49ab-a959-8e1f52ebc5df
7155,2006,CDF,LNU,SKY VALLEY,7,6,1,226.2298,33ab098d-3604-4a99-b6f5-8a4207bb256a
7156,2006,USF,SQF,SMITH,1,7,1,225.1383,540c061f-1234-4739-8393-27c7f948c934
7157,2006,CDF,RRU,LOOKOUT 2,9,8,1,220.2273,36e10f91-ded1-4611-a92e-adfff32c7d4c
7158,2006,USF,SHF,LITTLE,1,2,1,213.6071,55d54e76-e44e-44fb-8056-9dcb6ec028c6
7159,2006,USF,ANF,NOWHERE,4,8,1,213.4518,52bc4e9d-9dbb-4d96-8476-52ad27e5f461
7160,2006,USF,MDF,LAVA,1,6,1,210.3216,63aadfea-393a-49d4-a973-e8c433e78aaa
7161,2006,CDF,LMU,HONEY INCIDENT,10,1,1,209.4517,9d9728b3-49c0-4840-ae0b-2db3dee9988a
7162,2006,USF,ANF,WALKER,7,7,1,209.2221,75d9208c-788d-4429-b337-81a633444595
7163,2006,CDF,BDU,CRAFTON,7,2,1,206.5396,a7efba74-d633-4906-9bf6-391e3a7b274e
7164,2006,CDF,TCU,ORANGE,2,1,1,199.8765,d6c7b645-7ba1-46c6-8ef7-017a84077c89
7165,2006,NPS,JTP,BERDOO,1,8,1,199.1934,4d1a267c-768f-4116-9282-b7131135a2fc
7166,2006,CDF,LNU,HIGHLAND,14,2,1,198.0023,4b026408-6d4e-450b-b71c-12ff0ca7383b
7167,2006,CDF,TCU,PONTE,2,1,1,193.5323,575bc2d9-35b0-4abd-85dd-a92113a753f5
7168,2006,CCO,LAC,HWY 138 & 300 WEST,14,1,1,192.6109,d965c56a-31db-47c2-a8fd-908dfd842fe2
7169,2006,USF,LPF,RANCHO 2,2,2,1,183.241,a4cbe3af-f3f2-4382-9b00-777d57899a6b
7170,2006,USF,STF,SAND FLAT,8,6,1,177.7769,2a847d34-e0ab-4927-b503-e3ee6259baa7
7171,2006,USF,ANF,CHESEBORO,7,7,1,170.5343,6c29af91-2488-44cf-a319-0d29f5c079a6
7172,2006,BLM,BBD,49,5,6,1,168.7805,e40763e2-e679-4237-ad53-85f6033e4d85
7173,2006,LRA,VNC,SHERWOOD,14,2,1,167.9569,ac9b9d4c-d747-4d72-88cc-8a689f300fb5
7174,2006,FWS,CLR,WILDLIFE,1,1,,158.077,9ed7642c-ecf1-4c15-847f-d5d2f404a956
7175,2006,CCO,SBC,HIGHWAY,14,1,1,151.8605,0f1c2d37-8273-441f-92b7-aee322a1b871
7176,2006,CDF,TCU,JENSON,2,1,1,150.3358,0eba9320-1a25-4427-bf44-b07993bcf9ed
7177,2006,CDF,TCU,TULLOCK,2,1,1,149.9436,625beac2-cd56-41d5-a3ee-1410cdaedf63
7178,2006,CDF,TCU,MORRELL,9,1,1,148.2894,6e0a26fe-04f0-48fe-9f45-49029e63a725
7179,2006,CCO,LAC,HIGHLAND,14,7,1,145.7828,8bd7ed91-baf1-4cd4-8500-e82b166c505e
7180,2006,CDF,SHU,SHASTA,14,6,1,145.7729,0353b88d-1ec0-4774-81d4-9973c3aa306d
7181,2006,BLM,CCD,LAVER,1,1,1,145.1921,b068fbe2-3542-4564-a9ee-e329c6f8ae36
7182,2006,NPS,KNP,RIDGE,1,2,2,139.0865,b7a9c292-5583-43ca-a6c1-1df1f7724036
7183,2006,CDF,MMU,HWY 49,14,1,1,132.551,09397f53-ec46-49ef-81e6-00e25cec205e
7184,2006,USF,MDF,MILLER DIV Z,1,2,1,130.0214,aa94e999-7500-41f0-be1a-536f5a462e56
7185,2006,NPS,YNP,MIDDLE T WFU,1,1,2,129.4209,6b54616c-3229-4cf1-99c6-1c9777ed4211
7186,2006,CCO,VNC,ROUND MTN,14,7,1,128.578,31267749-3997-4cff-b87e-2875dc5b09f0
7187,2006,CDF,LMU,LGT #25 (2-7),1,1,1,126.515,042aa7be-d70f-4c30-b5c0-bc853bdb4b7a
7188,2006,CDF,RRU,MOUNTAIN,2,8,1,125.5101,5d097082-681b-4a4c-b062-30d2a2743b72
7189,2006,CDF,LNU,MURPHY,10,2,1,125.3033,256ae081-2a0a-46ce-87da-340c6e237fee
7190,2006,CDF,LNU,HOMESTAKE 2,14,7,1,124.2512,69175e45-1788-4ddf-b28f-8ace36b7b8f4
7191,2006,USF,CNF,PINE,2,6,1,122.7217,c91b0351-5865-4d1b-8715-8fd7721c5e45
7192,2006,CDF,SKU,PARKS,10,1,1,122.3877,9948f85c-ea96-48dc-965a-89686d437a78
7193,2006,USF,ANF,PINES,4,2,1,114.4361,7ac6b485-7ebc-4f5d-8bb9-339f1449f2c1
7194,2006,USF,BDF,BLUECUT,2,8,1,114.4352,87a10fc4-1b2c-44a0-856e-5b9ea392e6e6
7195,2006,CCO,LAC,JOHNSON ROAD,14,1,1,110.6591,f39ca801-63a1-41f9-bdd9-2b73e6875746
7196,2006,CDF,SKU,RIDGE,1,6,1,109.1611,1958ad04-0f8b-417a-a288-8fbd209f66e3
7197,2006,CDF,LNU,GRADE,14,1,1,105.0062,a8d00aa0-2628-467d-89b0-ee972ab8cf7a
7198,2006,CDF,AEU,JACKSON,14,1,1,104.3294,04b4f1ce-23ac-4f52-b3a3-e58d235fc8ad
7199,2006,CDF,MVU,CASTLE,7,6,1,94.88092,911d0837-6a37-4a8f-a1e7-77814c224f64
7200,2006,CDF,TCU,RITTS,11,2,1,90.02367,a169d250-91ca-415e-b9e4-983035a9d938
7201,2006,CDF,TCU,BIEDERMAN,2,1,1,86.887,1fa6ecef-985f-44ba-8c0b-a05ef40b85d7
7202,2006,CDF,AEU,ORE,10,1,1,85.49673,1d72cff3-7aec-496c-8218-933291cf750d
7203,2006,USF,INF,GHOST,1,8,,82.74792,c1d5c3cb-4516-43f0-8af9-a2dfbc301b50
7204,2006,USF,BDF,JEFFERSON,9,7,1,81.04463,e715d032-93d5-4af7-9378-382ca2374c87
7205,2006,CDF,LNU,RUMSEY,7,2,1,80.94897,afff99a1-0b8d-4f12-a408-6b579438d622
7206,2006,USF,SHF,WHITE,1,6,,80.73425,c04e3234-c84b-49fd-9f63-a39ca486de86
7207,2006,CDF,AEU,CAMANCHE,15,1,1,79.39842,992fb126-9ed7-4f07-9600-dc128ca9ac06
7208,2006,CDF,AEU,MULE,14,6,1,78.42522,0a2a34de-e385-4074-bd97-5b483314f320
7209,2006,NPS,RWP,ELK,7,1,1,72.60717,f2aa0f80-c1df-4993-956f-a05659fd006d
7210,2006,CDF,LNU,ATLAS,2,1,1,71.22916,b4c3f973-a450-4ddc-9f01-d2feade547d6
7211,2006,CDF,MMU,GREELEY,11,6,1,70.48856,2d3332f8-49c3-4521-9289-0537b7a7996c
7212,2006,CDF,MVU,CAMINO,9,1,1,68.95863,36cfa6be-c54b-4c5b-a710-20383ab0490b
7213,2006,USF,KNF,MATHEWS,1,7,,67.0218,881c9cbc-c022-4dcf-88db-aa9f741ad731
7214,2006,NPS,MNP,BLAIR,1,1,1,66.48067,8f8a1af7-c087-4ed4-9d10-e90284debec3
7215,2006,CDF,LNU,WAKEFIELD,11,2,1,66.28175,0915c1c7-b449-4f7c-a97b-73eee6fe4998
7216,2006,NPS,SMP,ENCINO,14,2,1,63.55169,ccbe5897-c2a1-4a82-b179-0d9724d2fd04
7217,2006,USF,PNF,WOODLEAF,16,6,1,63.25481,61cff2c3-8722-4e49-8618-c53ddfbf5e76
7218,2006,CDF,MVU,BORDER 30,14,1,1,63.24062,d1b35fc6-6d1f-4248-83c6-c229f1dd8582
7219,2006,USF,KNF,POTTER,1,7,1,62.90231,c4ca75c6-c120-459b-87f3-7c6bbfbf9c5e
7220,2006,NPS,DVP,SALINE,1,2,1,59.82695,cb1d4f01-dfd5-47c8-a571-59d31799b003
7221,2006,CDF,LNU,SQUIRREL,11,2,1,59.12315,ed684a07-85b3-4576-9746-d0f687e6789e
7222,2006,CDF,LNU,128,14,6,1,57.19833,d972116e-0d9d-4d35-9b44-42ff979243ca
7223,2006,LRA,LNU,FAIRFIELD,9,6,1,55.48043,26160e3f-4ec6-488b-90a8-364021d2b0f8
7224,2006,NPS,MNP,CIMA,1,1,1,53.98069,7a6f17d7-8aa5-40dd-b889-1df73b49e089
7225,2006,USF,LPF,MC PHERSON,1,7,1,53.73969,0a8af593-5486-45e2-b472-1a63c44422f5
7226,2006,USF,MDF,MILLER DIV W,1,2,1,53.73069,987b6fd1-df77-411c-9ae4-b287a637bbff
7227,2006,CDF,TCU,HORSESHOE,2,1,1,53.1609,a5b12e3d-d7dd-4f23-a69f-2a5aec8ec4df
7228,2006,USF,MDF,SAGEBRUSH,1,6,,52.08449,f8eca6c5-0bc5-4195-b6a1-28ef6b84156c
7229,2006,CDF,TCU,STINSON,5,1,1,51.52577,65452dc3-98aa-4290-be63-189eec64396b
7230,2006,CDF,AEU,SKUNK,10,1,1,51.29408,a48db5b7-fd80-4509-bb12-8c00679f1fb3
7231,2006,USF,MDF,PINNACLE,1,6,,50.23081,679741d9-7f8e-4c95-b974-369d3a73fe0d
7232,2006,USF,ANF,RUNNING,7,8,1,49.27953,704fd3ca-117b-4ec8-ab15-7a76bdbb67e0
7233,2006,BLM,BBD,BODFISH,14,1,1,49.06553,923eb7ce-be1b-46cf-bb13-6864a4ffefae
7234,2006,CDF,BDU,SAND,2,1,1,48.89091,332b4ee2-452b-4349-b269-8b537769c737
7235,2006,USF,SQF,DEMOCRAT,10,6,1,48.38108,68f2ae5c-a43f-437e-82ec-43f7c26d888f
7236,2006,NPS,MNP,VALLEY VIEW,1,1,1,48.14124,b707b3a1-4b13-4963-ab87-50a737c78651
7237,2006,CDF,BEU,WILLOW,1,1,1,47.54665,1c8fd8c4-c1d0-4f24-92d3-9df99a236b1f
7238,2006,USF,MDF,MILLER DIV Y,1,1,1,46.03123,31fd9506-ed3c-4890-8ae2-19e9bcab26c4
7239,2006,CDF,AEU,51,2,1,1,43.79433,9cf19ce7-2328-473c-93d5-32e08869546e
7240,2006,CDF,MVU,67,10,6,1,43.39457,8e235a00-7eea-487f-a454-b27b5e67dab5
7241,2006,CDF,NEU,ROLLINS,8,1,1,42.5501,dd58ae1b-e43f-4448-9c03-b0438b9b2ae5
7242,2006,BLM,CDD,CAMP 2,7,1,1,41.66774,cfc0cbea-b3d0-495f-b7e2-aff47f8b4772
7243,2006,USF,LNF,MURKEN,7,1,1,41.61071,66011b02-63cb-4c82-8b4c-1ae809344e28
7244,2006,USF,SRF,OLSON,2,1,1,40.89806,beb148b7-e9a2-4d1d-bbfd-98a839e7572a
7245,2006,CDF,SKU,HUMBUG,10,6,1,40.78145,50e744bd-ee94-406d-b7ee-27dc017f0992
7246,2006,CDF,TCU,WARNERVILLE,2,2,1,40.69863,d8e67162-9cd8-40b6-a174-8a7b62c8c2c0
7247,2006,CDF,NEU,FORESTHILL,14,1,1,40.03337,3bc9b070-f813-4902-9d7d-076158907544
7248,2006,CCO,SBC,FIGUEROA,14,2,1,39.63034,6aef8dcc-b1ef-44ca-af6e-155ac865a9e9
7249,2006,USF,SQF,GIBONNEY,1,2,,39.41233,54fe9577-c785-47b5-be65-e93d36befbf1
7250,2006,USF,MDF,RED,1,1,,38.61722,3865d79c-3f84-47f0-bd0e-e57ba4827b24
7251,2006,USF,PNF,FOOT,3,6,1,36.73726,2c00a07d-89c4-4fda-95fb-cecd50d714bb
7252,2006,NPS,MNP,GLOBE,1,2,2,36.63218,d0b9cab5-b3d5-472a-9cec-9d7262f6d7a7
7253,2006,CCO,LAC,LATIGO,10,1,1,36.62501,0c827524-2ba6-49c6-a16d-b2165a54f68d
7254,2006,BLM,CDD,BONNY,14,1,1,35.43719,75c8b865-5fe8-48d6-88ee-3cd6de14ef0d
7255,2006,USF,MDF,MILLER DIV X,1,2,1,35.22613,0e6ea9f3-1247-4ba4-af1f-9c8585479e36
7256,2006,USF,ANF,DARK,9,4,1,34.99053,3e886f56-1c53-4910-94f1-9ec920eeeea5
7257,2006,USF,MDF,STEELE,1,1,,34.9265,9456468c-662a-46ee-8c4a-324da432a594
7258,2006,USF,MDF,WILLOW,4,1,1,34.58405,46c16b34-464e-41c6-9b0d-ff5c9015a793
7259,2006,BLM,NOD,KESWICK,9,6,1,33.97814,0790e535-ec5b-4e01-9f89-af53420028e6
7260,2006,CDF,HUU,CASTERLIN,11,7,1,33.94157,37f86b64-4b52-468d-834a-309ed1d0717d
7261,2006,NPS,SMP,WESTLAKE,2,2,1,33.9155,f3ddf943-7b9c-430f-912b-5a5fa1347afb
7262,2006,USF,PNF,BOULDER COMPLEX,1,1,1,33.88801,6fbf1fd7-004a-48cf-a0b3-5befddf10faf
7263,2006,USF,TNF,BOCA RESERVOIR,9,1,1,33.73855,e63b434a-52d9-4e88-82ea-77bf0ca48d52
7264,2006,USF,SRF,CRAWFORD,1,1,1,33.55811,2d75aa70-cbe9-4977-9c57-9b5c5786cf8f
7265,2006,BLM,BBD,FAY,9,1,1,32.9278,e6c416f6-796d-4d38-96a9-ffeed9f1e315
7266,2006,USF,PNF,BUTTES,1,8,,30.99133,ce718246-fea4-430f-b795-e47a9e454683
7267,2006,CDF,MVU,ANGEL,7,6,1,30.62128,0afca24e-137d-4972-b9af-30515b779288
7268,2006,USF,SHF,FRIEND,9,8,1,29.9705,87e94c01-3cb8-4b89-b01a-aa898bf7d22c
7269,2006,USF,LPF,CANYON,1,4,,28.63343,e88933dc-7517-46c6-8f0d-de962b1a5af1
7270,2006,USF,PNF,FITCH,1,8,,27.43702,118c17a3-5a7f-4623-b9bd-f6027ac34d20
7271,2006,NPS,BNP,CRACK WFU,1,1,2,27.35833,9ef59c44-f7f8-458b-8e2a-d91f76037aad
7272,2006,USF,BDF,SPILLWAY,9,8,1,27.18463,fea9522d-30e5-4396-921e-a2046b672375
7273,2006,NPS,YNP,FALLS,1,1,2,26.91507,006a4abe-640f-4734-a69d-eec6f14e6591
7274,2006,BLM,BBD,MULE,6,6,,26.80366,5ec1bbbd-4306-44c4-af29-c97f4fe32205
7275,2006,CDF,BEU,PANOCHE INN,1,1,1,26.7354,6d3c4379-ebb7-43b6-81c7-98916baf41e1
7276,2006,USF,SHF,BASS,1,8,,26.02439,62c1f7b8-cdd6-4be7-892b-8765561f1b85
7277,2006,BLM,CCD,DOYLE,1,1,1,25.46643,401462ce-749f-4494-b8c6-24e218abc5e8
7278,2006,USF,MDF,BLUE 2,1,6,,25.37292,b591597c-d13b-4582-adf4-f2b3ef63bae6
7279,2006,USF,STF,STONE,7,1,1,25.01275,8e99493c-70d8-44fe-866b-5fb6536b5788
7280,2006,CDF,MVU,COTTONWOOD,5,1,1,24.63931,ff7b3223-f478-44d1-a3a3-a87bcf6cc4b9
7281,2006,BLM,CDD,KINGSTON 4,1,2,1,24.5622,18c83fe6-9ad4-4f16-a391-12f112025964
7282,2006,USF,LNF,PHILBROOK,4,1,1,24.14681,a7a422ba-6e57-47b5-b37f-02451ca16b6c
7283,2006,USF,KNF,BIG BUCK,1,7,,23.25977,53530c81-216b-4e07-8988-056daa74a4c3
7284,2006,USF,KNF,CLEAR,1,7,,23.15024,fcab0681-f461-4d2b-afbd-dee6043facf9
7285,2006,USF,STF,DONNELL,2,6,1,22.74347,d771bb88-7fd7-408e-9f1e-984b425ea20d
7286,2006,USF,TMU,CATHEDRAL,7,1,1,22.70428,760e72fe-75c2-405f-9542-808f9cf85091
7287,2006,CDF,SHU,HAYFORK,7,6,1,22.64723,b5d13130-0b6c-49d3-99cc-4fb688450f81
7288,2006,CDF,SKU,HUMBUG#3,8,1,1,22.54613,5c5b5982-0679-4138-ad2f-6a23d9c7c77c
7289,2006,BLM,CDD,JACK,9,1,,22.41481,1324d6ab-e377-42fe-8d75-4b5e28614d36
7290,2006,USF,SNF,CLYDE,1,8,2,21.47836,b0cc1b28-d164-40af-9f21-8ee0ee016529
7291,2006,CDF,LNF,SCHRODER,1,6,,20.26276,229cdd8c-17f1-4474-8ef9-d41488be826c
7292,2006,BLM,CDD,VALLEY,1,1,1,20.25356,fcfd4ae6-1a9f-4681-8761-0c739963e7f7
7293,2006,CDF,SKU,BUTTE,11,1,1,20.18813,c2a157d8-c186-4f8b-aedc-09585dfc162c
7294,2006,USF,ANF,VISTA,9,8,1,20.0035,5d3123dc-1582-4abe-a1b1-92dc82535274
7295,2006,CDF,MVU,BORDER 15,19,1,1,19.73611,2616365c-fe0b-41f2-80ef-f48f08a3a200
7296,2006,USF,SHF,FENDER,2,6,1,19.66903,3326ee42-52f3-421a-9c7b-9d3be41735d7
7297,2006,USF,SQF,BRIGHT,1,1,,19.33333,34cb7c95-38bd-4e7f-afc8-e256aca0b64c
7298,2006,USF,INF,SHOOTING,9,1,1,18.33277,6bcc66a7-a3b4-4f6e-814e-96d6038d8dbc
7299,2006,USF,BDF,SPRINGS,7,8,1,18.1694,c528d8b3-9f8a-4796-9e9d-230259ce0122
7300,2006,USF,KNF,GRIDER,1,7,,17.35491,5a19edfa-4b05-4d03-99cd-4d447cd69e07
7301,2006,CDF,BEU,LONG VALLEY,5,6,1,17.05786,769346d5-0483-4c5a-94a7-3580988ac6ab
7302,2006,USF,PNF,SAGE,1,1,1,16.78787,5e305a19-bfbb-4e64-be00-9624b486f70e
7303,2006,USF,PNF,INDIAN,1,1,1,16.31597,331f76d5-67fd-4e53-8cfd-e2d5ab05e8f8
7304,2006,USF,PNF,FLOURNOY,1,6,,15.68468,980c673b-3127-4f77-90bd-7ca7763b2ecc
7305,2006,CDF,MVU,LILAC,9,6,1,15.36526,4690c170-7401-48b1-aeb7-5e1e0f5bfbd0
7306,2006,USF,SQF,BROKE,9,1,1,15.32834,90a74e7d-17d7-4ed5-a9d4-22d59d3974ae
7307,2006,BLM,CCD,MARSHES,5,8,,14.91546,b1addc41-103e-42cb-a2ec-d08e7e5a484c
7308,2006,BLM,BBD,HUNTER,9,6,,14.33735,80896194-0a1d-4805-885f-18b6408e8610
7309,2006,USF,MDF,YOUNG 1,1,1,,14.01786,109e36a9-ef14-4151-8b24-3bc5a3729667
7310,2006,USF,MNF,SOLDIER,1,7,1,13.89276,d1143813-13f8-469a-9cbe-8e6741e552fa
7311,2006,CDF,BEU,CLEAR CREEK,5,6,1,13.17995,3dec4644-b2dd-4445-a11a-57293749af55
7312,2006,CDF,SKU,SHEEPY,1,1,1,12.38428,9fbee754-dc4c-4703-8875-291d4cf2c0e7
7313,2006,NPS,KNP,POND WFU,1,1,1,12.05002,b1e98cb4-9c57-4332-a030-5e194421bfd5
7314,2006,NPS,KNP,GOLIATH,1,7,1,11.97978,7a7e3f6c-e275-4e99-8b61-f55383a814e7
7315,2006,BLM,BBD,FOREST,5,6,,11.92228,abc70c7b-5b4f-4ad7-9e78-8ebb38b70348
7316,2006,USF,SHF,DOG,1,8,,11.89361,5722c182-df7b-40fe-9d8f-d038ea08ca4c
7317,2006,USF,BDF,CRAB,1,8,,11.69397,7cff322e-b299-4f8b-bb1c-e2e532d8184c
7318,2006,USF,STF,LUMSDEN,3,1,1,11.63748,3b675fe4-c8c6-47e6-8d74-c1c0814a43b7
7319,2006,CDF,BEU,SAN JUAN,11,6,1,11.35209,157f055a-89a3-4812-aa26-883329775b9c
7320,2006,CDF,MVU,CAMPO,14,1,1,11.34105,2d0cf767-b172-417b-960d-8e11e423ec0e
7321,2006,CDF,SHU,PIT,5,6,1,11.21892,ff8f10bd-8990-4caa-b663-a02991186909
7322,2006,CDF,BEU,SARGEANTS CYN,11,1,1,11.19933,7637fc79-7c67-45f6-a426-e0d38559373b
7323,2006,CDF,MVU,DELUZ,14,6,1,11.08289,c867ba98-8a9e-4d4d-bcb0-413bac7a0752
7324,2006,USF,SHF,PARKS2,1,6,,10.77919,7cbebd33-3b73-4915-b3b2-4a4036cb1e2b
7325,2006,USF,SQF,CORTEZ,1,1,,10.77139,997f50da-d9bb-4bb7-bc02-afc7aaf01bf0
7326,2006,NPS,SMP,CHESEBRO,2,1,1,10.63332,fc8f48ed-b4b5-466e-b30b-a9f0d541edad
7327,2006,NPS,CNP,CRUZ,10,1,1,10.47074,0640dcc9-8ed9-46f1-9411-e318da9f3dca
7328,2006,CDF,LNU,NOCE,4,6,1,10.4346,449ef53b-7f79-487a-bb38-5c7c4187c3ac
7329,2006,CDF,MVU,PROCTOR,14,1,1,9.092045,897003cd-eee0-4fd4-af09-6f57a19979b5
7330,2006,CDF,MVU,PALA,14,6,1,8.21899,9ba48a81-6e1c-4794-bdce-23944b0958aa
7331,2006,NPS,SMP,BENEDICT CYN,14,2,1,7.994131,952e07b4-671f-4d45-bbb0-a998ce50893f
7332,2006,CDF,NEU,PURDON,14,6,1,7.193327,65ebccb4-2684-4153-a7ec-bd5b86025db0
7333,2006,CDF,MVU,GUNN 2,9,1,1,6.948447,7bb391c3-a960-4088-a355-9f4eb3d683ab
7334,2006,USF,BDF,OAK,2,8,1,6.345342,ed92ed16-db49-41b6-89f6-ee46d2cd0a93
7335,2006,USF,MNF,MINNIE,1,6,1,4.801444,4bae7fac-3333-44c5-8e4d-b9c4e9352bf6
7336,2006,CDF,SKU,CREEK,8,1,1,3.295757,dc37180e-5d48-4135-b685-d8747be7e36f
7337,2006,CDF,SKU,WEED,5,1,1,2.887855,cc33b467-2991-4fc2-a11b-4c81bc0be08e
7338,2006,CDF,MVU,CAMINO,14,6,1,2.787562,1076d397-d702-49ac-a886-455491f8e014
7339,2006,CDF,LNU,SAGE,14,6,1,2.579984,a9637d0f-55dc-4620-ad1b-31d22a273d7b
7340,2006,NPS,KNP,EAGLE,1,1,1,1.868484,e062ca98-dad2-41b0-b6eb-0a15faaf0771
7341,2006,CDF,HUU,RIO,8,5,1,1.349618,195159d6-9cfe-437d-ba0c-4628d4be98a5
7342,2006,CDF,TUU,BROWN,7,1,1,0.7857848,651f1be9-19c2-4dae-84c7-56eff4c2ee00
7343,2005,NPS,MNP,WILDHORSE,1,8,1,63771.41,f0b0fe97-db14-4bfc-be65-b5ecfe62d600
7344,2005,CCO,LAC,TOPANGA,14,8,1,23396.39,3ec13a2f-fff8-4296-bbe8-418c6d57b030
7345,2005,BLM,CDD,CHINA LAKE,16,2,1,10357.57,79d6e2d2-9085-494b-931d-ed4bfcc19b21
7346,2005,NPS,KNP,COMB,1,2,2,9756.467,9afb73d4-2e06-4d59-84ab-55ba1758ba98
7347,2005,NPS,MNP,HACKBERRY,1,8,1,7157.852,965a87f1-d7cd-445f-a359-0a0f405af4ae
7348,2005,CDF,RRU,WOODHOUSE,6,2,1,6532.973,1a4d29f7-29e8-47f1-ac5e-9b1b5b72f3a6
7349,2005,CDF,SCU,TESLA,7,2,1,6440.356,167e77c7-98c2-4a9c-b181-6c04a6fb18cb
7350,2005,USF,BDF,BLAISDELL,4,7,1,5491.788,799facc8-45d3-4bab-a640-b16c8bb90fae
7351,2005,CDF,MMU,COWPIE,9,6,1,4983.383,5f95b795-ed83-46d0-b8ce-c6a082e33925
7352,2005,CCO,VNC,SCHOOL INCIDENT,11,2,1,3892.234,3f33c6b4-688e-4d03-9bc3-e9f8b3c48e02
7353,2005,CDF,MVU,BORDER#50,9,1,1,3862.903,f9e4c82f-1728-41b9-a4e5-101f32b09db7
7354,2005,NPS,MNP,KINGSTON,1,2,1,3334.858,8eb4d9f0-b0af-4896-ade6-4e3f89521d7b
7355,2005,USF,KNF,WOOLEY,1,7,1,3224.143,d3e9d6bd-7bb3-4875-b828-0ca73b84af90
7356,2005,CDF,BDU,PARADISE,14,1,1,3081.726,093eef89-c6f5-43ca-9261-639b792282ee
7357,2005,CDF,TUU,MILLWOOD,14,8,1,2901.62,38df6473-6dc4-483c-b9d9-f391fda0e60e
7358,2005,CDF,TGU,36,4,7,1,2875.871,111dee7c-d639-4762-911e-24c4c83df1d5
7359,2005,CCO,LAC,GORMAN,14,8,1,2515.941,95de5a09-1a6e-4b15-b0bd-da09036a9d21
7360,2005,CDF,FKU,FIVE,1,8,1,2371.546,e7d854fe-b33a-49ca-b245-cb7d6f78e745
7361,2005,USF,TNF,HARDING,9,2,1,2265.666,827ec528-79f8-4074-a57c-f422fac1fd4f
7362,2005,BIA,RRU,SOBOBA,9,2,1,2076.458,926d3853-b48c-47ff-85b4-239c39e7153d
7363,2005,CDF,BDU,PIONEER,14,2,1,1877.539,c9eea31b-f3bc-45b9-856f-e10cbc7716e0
7364,2005,CDF,TGU,MANTON,5,3,1,1822.23,11dffe95-40e5-4d16-96c1-aea2634a1472
7365,2005,CCO,KRN,PINE,1,7,1,1814.477,1ab1b807-9e7f-4915-886e-7ec885a1fb3b
7366,2005,USF,MNF,DEER,2,2,1,1719.767,90872074-af2c-4284-8205-0e7b1320b2f6
7367,2005,NPS,LNP,HORSESHOE,1,1,2,1526.73,790b79a2-7c7d-4ccc-86f6-d0016952c136
7368,2005,CDF,BEU,JOHNSON,2,2,1,1383.122,96dff240-6d78-4c09-a2a2-a67e4c4c41f7
7369,2005,USF,SQF,CRAG,1,1,1,1185.201,ac777176-9fa5-49fb-8a69-5ae8f4f48258
7370,2005,CCO,LAC,MUNZ,7,8,1,1183.535,887cf37f-7ca4-4504-b4a7-a8a3f9d36a74
7371,2005,USF,SQF,NINE,9,1,1,1149.692,e5d429a4-b802-4c9e-ab70-badf5dbef294
7372,2005,CCO,ORC,YORBA LINDA,8,1,1,1078.504,ef6f316f-fb83-483f-af59-8e727daf0fce
7373,2005,NPS,YNP,WAPAMA WFU,1,2,2,1057.319,70e3455b-c400-4efe-85c3-1029e22b9215
7374,2005,CDF,MMU,BAILEY,14,1,1,1024.539,c58c7908-cb48-44ec-bbb5-44bcfc217048
7375,2005,CDF,RRU,SAN TIMOTEO,2,2,1,1014.641,90532697-ecd8-4336-b737-a75300d28bc0
7376,2005,NPS,DVP,TOWNES,1,1,1,1004.886,a8bc76d6-ea26-4126-a3b0-cf73aa134d49
7377,2005,CCO,LAC,TOVEY,14,1,1,983.473,d4967196-fd23-4c51-af73-7d51b8cd4b17
7378,2005,NPS,MNP,HALLORAN,1,2,1,981.3163,a0183db3-2681-40cf-b371-fac25b1bfb31
7379,2005,CDF,MMU,LOS BANOS,1,6,1,942.1179,af23312c-152d-4042-9d40-00738194d791
7380,2005,CCO,KRN,HIGH,7,7,1,941.8231,8e15c110-50c3-4949-b40d-83a9a3d70af6
7381,2005,USF,BDF,THURMAN,10,7,1,938.6616,f9657f9c-bc07-4176-920c-6ce85a0b13fd
7382,2005,CCO,KRN,SPRING,10,7,1,828.3778,94320c81-6252-45c1-abd4-763f8f46174e
7383,2005,CCO,KRN,BLUE,14,7,1,774.8641,4747257b-de47-41d4-a6a3-f6cb785869f6
7384,2005,CDF,LNU,CLOVER,14,2,1,771.6003,107fac65-c117-4134-94a5-4a2f2cbc2e2b
7385,2005,CDF,TUU,RED,14,8,1,764.7642,c3c0cc56-c19e-4531-bfd2-4903536e02e1
7386,2005,CCO,KRN,LEHIGH,14,7,1,764.6736,205e844b-82a1-40f7-a2d1-396cc3add48a
7387,2005,CDF,MMU,LA PALOMA,1,1,1,751.3079,8cd9b044-0999-44dd-a093-8d9ce11e849d
7388,2005,CDF,SKU,LICHENS,18,1,1,746.627,b2220fa0-7a57-41fd-9257-29ce943ba641
7389,2005,CDF,MMU,DOS AMIGOS,10,6,1,746.0347,0946ec67-31c1-4f1d-98b5-ded7d34f09ac
7390,2005,CDF,FKU,APRICOT,4,1,1,667.1227,58e07bc5-5a54-4266-9b50-be51c37af702
7391,2005,NPS,DVP,BUTTE VALLEY,1,4,1,665.1121,0e5d190e-1953-40bc-b8d5-f084d5bd2a75
7392,2005,CCO,KRN,RIDGE,7,7,1,659.1056,78dc759f-dae9-403e-9476-b6fe27898202
7393,2005,USF,INF,HOGBACK,1,2,1,655.0291,05b0ffab-121d-4f43-b951-1a3341aef738
7394,2005,CCO,KRN,CARO,3,7,1,639.0505,5ac7fda3-786e-4789-a398-15663e7ab07a
7395,2005,CDF,MVU,VOLCAN,7,1,1,617.5821,85f2ed3a-6570-44f7-8123-d33663ee75b3
7396,2005,NPS,MNP,KINGSTON 3,1,2,1,609.9161,5f555275-bf7e-44f5-9bda-0446ed62f88c
7397,2005,NPS,MNP,KINGSTON 2,1,2,1,590.6748,01e23501-55da-4c6e-8ffc-eca371d3e9e7
7398,2005,CDF,MMU,QUARTZ,14,1,1,547.3606,d866d278-0df6-4dd6-afdd-733c2663ee03
7399,2005,CDF,MMU,LAGUNA 2,10,6,1,545.0051,e2b5cd5c-1da8-41fb-ae41-a4babddb7578
7400,2005,CDF,MMU,,14,8,1,544.7728,b06cfb15-60a7-487b-b567-d95fe25da794
7401,2005,NPS,YNP,LAUEREL WFU,1,2,2,477.191,d24711e8-1672-4d98-9b80-4f3b22727c91
7402,2005,CCO,KRN,HWY 65,14,7,1,450.4506,6999e6ba-018c-4758-ae46-5cd80bd934ca
7403,2005,CCO,KRN,SODA,2,7,1,449.4977,e629b3fa-f2cb-4901-aa0a-8ebb64dd2a35
7404,2005,CDF,SCU,BRUNS,14,1,1,445.196,91dbba05-a72f-4a7e-9b2c-4f46158b12d3
7405,2005,CDF,MMU,HORSESHOE,14,6,1,439.6098,efef2bcd-f086-4ea6-8cac-6c779a7754d4
7406,2005,USF,SHF,BAGLEY,1,6,1,433.0985,c3a5f5c5-255b-4cc7-a8a4-b2fa0d787176
7407,2005,CDF,TGU,RANCH,4,2,1,427.4213,a274199e-7ad2-4abd-923b-5e1d9924abb4
7408,2005,CDF,MMU,URROTIA,14,1,1,420.4244,74cbbdac-0bcb-460c-92ad-845bd5f2d1f6
7409,2005,CCO,KRN,CRANE,11,7,1,412.8019,3f0d6107-31b1-4159-9858-3fe1a20bb132
7410,2005,CCO,KRN,AQUEDUCT,9,7,1,410.6077,832249ae-d6e5-45a3-836b-21b973d6c154
7411,2005,CDF,SCU,KOOPMAN,7,1,1,395.2462,bd807712-4e9d-432b-af70-8c7dca8e13dd
7412,2005,CDF,LNU,RUMSEY 2,9,2,1,392.0704,080825b0-f35a-4ba1-98e4-6c01272d3196
7413,2005,CDF,TCU,WENTZEL,2,2,1,387.1849,60cf37ec-b131-4126-81be-efe190c07d74
7414,2005,CCO,LAC,SIERRA,8,8,1,364.3786,4c15a474-375b-416a-bd2f-541f91c50036
7415,2005,NPS,KNP,KERN,1,1,2,361.3871,f8a9f1ea-508f-4e3e-9a85-e0a1cc7971c5
7416,2005,CCO,KRN,ELK,9,7,1,358.684,f9bfb675-55de-4390-924c-dcd720b2bd55
7417,2005,CDF,SCU,AIRPORT_VASCO,10,1,1,347.8554,4bc90e03-8e49-4cf1-9de6-2362e028d0f1
7418,2005,CDF,MVU,BORDER#44,19,6,1,340.4808,188615b5-051e-4bd0-a23c-eef55bd45057
7419,2005,CDF,MMU,SAN LUIS,10,6,1,332.2597,d5bad8a5-c778-47ca-872f-4c701596e2ff
7420,2005,CDF,TGU,FOLEY,4,7,1,324.6967,1264601d-be4d-4a5d-b5a1-6593eed36b83
7421,2005,CDF,SCU,BRAGDON,14,1,1,311.3625,b594f329-4928-403e-917c-6a73f8b11726
7422,2005,CDF,RRU,ELM,14,2,1,271.6541,a00bbce0-67c4-434c-a439-83d0564150c6
7423,2005,CDF,LNU,PLEASURE,4,6,1,261.4779,4f380fd6-8b19-442e-af4a-01a415858743
7424,2005,CDF,MMU,LAGUNA,14,6,1,260.2891,392fa5b6-7d05-4a54-9372-662d87734cdf
7425,2005,CDF,MVU,BORDER#48,19,6,1,257.1609,f1706e2e-04df-4a2e-8923-51b03c7b9efa
7426,2005,USF,SNF,CORRAL WFU,1,1,2,256.3453,a6f0e25d-2467-40e5-bf40-4ddfc9a9ea36
7427,2005,CDF,BDU,WARM SPRINGS,7,6,1,249.2337,3e54bc36-aa9b-4d76-a3eb-205ba388fbad
7428,2005,BLM,CDD,SIERRA,1,1,1,249.0065,698d33c6-696e-4a52-b9e3-24fc62b33421
7429,2005,CDF,SCU,MEAT_TRUCK,10,1,1,248.8138,d3247160-8813-4195-810e-b519433077d2
7430,2005,CDF,MMU,ENGINEERS,2,6,1,239.4,5d62235d-e067-4b5a-96f9-492982711164
7431,2005,CCO,LAC,RANGE,7,8,1,238.9379,d3e36eb1-9782-40dc-9f4e-b9e4db391ae2
7432,2005,USF,CNF,SKYE,19,1,1,230.2006,861df622-6843-4692-aaa8-aef254d45ed4
7433,2005,CCO,KRN,SHERWOOD,14,7,1,230.1306,01fe3bb2-b863-4b75-a9e1-b9329a37f478
7434,2005,CDF,SLU,CRESTON,2,1,1,230.0945,89de181c-b76d-4488-8b42-09b7b782a712
7435,2005,CDF,LNU,HIGHWAY 128,14,2,1,227.1998,6cdd6d15-5ea8-4c97-a319-cad772452610
7436,2005,CDF,MEU,HIGHWAY,10,8,1,225.8012,e72ae7a6-89e5-49aa-bc96-54ac30ee9122
7437,2005,NPS,MNP,CLARK,1,8,1,221.3639,f895c049-a31f-4748-af7a-e2705aca3804
7438,2005,CDF,CDD,POPPET,18,2,1,220.77,b96796bf-2956-4522-b524-14d00f15005d
7439,2005,CCO,KRN,STATION,10,7,1,208.3003,21465197-21e6-4e51-9bd6-3b2d1b1a26a2
7440,2005,USF,MDF,BUCK,2,1,1,204.4056,a3a9c9a5-94fc-408b-832f-328830aa3e53
7441,2005,CDF,SCU,BYRON,14,1,1,202.8287,e20443e8-59fb-4bfb-bdd0-1efbcf93dd0b
7442,2005,CDF,BDU,HATCHERY,2,6,1,200.118,ef069ca7-9280-44dd-964a-33711d44ce92
7443,2005,CDF,RRU,BELLA,2,1,1,198.5372,29551ada-f0af-483c-8388-3f8a60d68957
7444,2005,CDF,LNU,GORDON,9,6,1,193.768,b76f4569-2f3d-46be-ad6b-3813519aed56
7445,2005,CDF,MMU,152,14,7,1,193.6126,3075717e-cd89-4695-a230-f73afdcad4cf
7446,2005,BLM,CDD,SEGS,1,1,1,191.7701,23b772ee-5e7a-4779-b895-649ca894eef8
7447,2005,CDF,RRU,INDIAN 2,4,2,1,188.7452,bb460f57-2e74-4566-8c8b-33d0ff73187b
7448,2005,CDF,BEU,LEWIS CREEK,11,6,1,182.4092,d571f62e-af7d-4abe-b665-eaee2818cbe5
7449,2005,BLM,CDD,GRASSHOPPER,2,1,1,180.5607,2ff4f775-ae30-4ecb-8691-c91cd6d40bd5
7450,2005,CCO,LAC,SAN CLEMENTE,14,8,1,179.3562,73dcf02a-c7f9-403a-9ce6-9f482811c82a
7451,2005,USF,SRF,GEARY,7,1,1,175.4118,6c87c8ac-0fb8-4ebd-bbee-4eee34e02ac3
7452,2005,LRA,SCU,CON ASST 13_DIAMOND,7,1,1,162.6663,07113b36-e43a-4139-a224-06532f96d792
7453,2005,CDF,SHU,BROWN,14,7,1,162.5525,e46a2be4-f0f2-44e7-b3cd-4e8beab5c1df
7454,2005,CDF,SLU,BLUE,2,6,1,157.1962,25021dc4-981a-40be-be91-8c3dbb7c0057
7455,2005,CDF,MMU,NOBLE,1,1,1,155.5704,97bf684a-520e-47c8-9979-4b84ab86052d
7456,2005,USF,INF,PINYON,1,2,1,154.7571,fd51513a-c794-484b-80c7-68321bb25ea3
7457,2005,CDF,LNU,SPRUCE,2,2,1,153.7199,168f30d6-e1cb-4002-879f-3a29aef7eccb
7458,2005,CDF,MMU,COTTONWOOD,10,6,1,152.1135,834e11e7-7f1e-44c3-b4eb-769839d708bc
7459,2005,CCO,LAC,D,14,8,1,147.3097,3a4476c2-6cbd-46a5-a9cf-5a7b27382463
7460,2005,CDF,TCU,PG&E #15,11,2,1,146.2431,88ae7089-dbba-4fd3-8c0f-10eff5560b87
7461,2005,CDF,SLU,GENESEO,14,1,1,141.1954,a023fcb2-b9c6-4034-be9b-5b22e61eabe2
7462,2005,CCO,LAC,PALMDALE,7,8,1,140.4415,4dec834d-53cd-469a-833e-62430d21b786
7463,2005,CDF,TCU,GRUNDER,10,1,1,136.6231,9f4ec7de-73a2-453b-a37e-0924c65e030d
7464,2005,CCO,LAC,QUINN,2,8,1,135.9906,eabdfcce-22c4-40fe-862f-2d9c9bcbd593
7465,2005,CCO,LAC,OAK,2,8,1,133.6879,0fcfc3a5-5c25-4f61-83b4-031148eb2e31
7466,2005,NPS,YNP,ECHO WFU,1,2,2,133.1618,1ae380eb-8d69-4f37-b220-fab1b6ec4473
7467,2005,BLM,CDD,OPAL,14,1,1,131.0814,c82e0a09-55f7-4af0-9404-c7899d817755
7468,2005,CCO,LAC,QUARTZ,14,8,1,127.2757,5abc7474-cf54-4355-9819-c187932efb7d
7469,2005,USF,CNF,HAUSER,4,6,1,123.6037,f136df36-2c14-480b-8591-9ccb79bf34cc
7470,2005,CDF,BDU,OAK HILL,2,6,1,121.7351,7a8ef47e-9fe7-405a-bed8-d7017cbe1416
7471,2005,NPS,YNP,BUENA VISTA WFU,1,2,2,120.9778,79d74adf-b44b-4e14-ae2c-711773c60ee1
7472,2005,BLM,BBD,WELLS,1,2,1,120.2063,1cc6b507-eead-48cb-a44b-90b4bc0cfcac
7473,2005,CDF,MVU,BORDER#31,19,6,1,115.3146,90a5afb6-58fc-456e-8913-472b47b5a24d
7474,2005,USF,MDF,COUGAR,9,1,1,114.8449,ad152881-22d3-4684-a5cb-a680d6405a16
7475,2005,CDF,MVU,PROCTOR,1,1,1,112.7554,10f526bb-8826-46b3-895f-efa0f27c2327
7476,2005,CDF,NEU,GARDEN,10,6,1,110.1062,4fff0111-b315-492b-a11b-897c1ac57db1
7477,2005,CDF,SCU,BNSF,6,1,1,109.911,ef25feda-3a00-4c8f-82d3-789eac7e8506
7478,2005,NPS,YNP,CRYSTAL WFU,1,2,2,104.7096,4f1b2c7e-9f5b-4ed4-834a-cfa7d9585375
7479,2005,CDF,RRU,BOREL,2,6,1,104.5349,4d547f7f-2351-478a-873e-66608ad9fbee
7480,2005,CDF,AEU,TWIN,10,5,1,103.5365,55ee34f0-5ab6-4ef4-ac82-930c0d5c1379
7481,2005,USF,LPF,CHIMINEAS,9,1,1,100.317,3b0210ba-b89e-4281-abac-ee34f83ce54c
7482,2005,CDF,RRU,ROCK,1,6,1,99.37663,f668c4a8-0c3e-4c01-aa77-c05d4835b10e
7483,2005,CDF,MEU,FISHER,14,2,1,98.78827,c8197615-4de6-459e-bb65-d20021317b14
7484,2005,NPS,LNP,PROSPECT PEAK,18,7,1,97.99862,9d963047-b5a3-4703-89fa-bb8a9b13ac3e
7485,2005,CDF,MMU,MYERS,10,6,1,91.91931,9f231320-a800-4166-9734-f6785f58290e
7486,2005,CDF,BDU,RIVER,14,6,1,86.45296,7f8df763-ba02-4d9c-a6aa-dbd0d248befb
7487,2005,NPS,YNP,HARDEN WFU,1,2,2,83.65078,74c338fe-6959-4135-b580-47bac7d39b60
7488,2005,CDF,MVU,BORDER#33,19,6,1,81.55564,7026ae38-39ee-4654-b69b-442c413f67fa
7489,2005,NPS,YNP,BACKDOOR,14,1,1,81.27315,a721cd32-4ae2-4e11-a89e-1eb4839ad8be
7490,2005,BLM,CDD,BENT,1,1,1,78.83522,c79056c1-c9e6-4ce9-9439-9731367074d8
7491,2005,CDF,MMU,CONVERSE,14,7,1,78.25121,dc65cecf-fa15-42c5-8b7b-2d09a4e99288
7492,2005,LRA,SCU,CON ASSIST 11_DOLAN,7,1,1,77.58133,a363fd3a-4c10-47e7-a4d4-84afdff9a694
7493,2005,BLM,BBD,MARSHES,11,1,1,76.2979,51d867c0-ac03-4e79-9eea-c7ac1fd9f92c
7494,2005,BLM,CDD,CLAY RIVER,1,1,1,75.49233,919dda4b-3b12-497b-9a3b-62a46b10cf8c
7495,2005,CDF,MMU,PRESTON,14,1,1,75.32965,9668d6ce-b393-40ca-b199-ee575d650c90
7496,2005,BLM,BBD,GOLDEN,2,2,1,74.7608,1cac89b8-4afe-4778-87cf-c8bcea588c84
7497,2005,USF,SQF,BRECK,9,1,1,74.45398,b65197ac-b82e-486e-b711-abb29d5b2785
7498,2005,BLM,BBD,SIXTH,14,1,1,73.53339,1c860815-e82c-4204-84b4-94e8d92025c3
7499,2005,CDF,RRU,WARREN,2,6,1,72.73019,79fb2406-8c63-45a2-8ce5-7d0c28564544
7500,2005,NPS,MNP,BARBER,1,2,1,71.39038,37fc5b11-725f-4942-befd-b46f03e72554
7501,2005,CDF,TCU,BRANDT,2,1,1,71.00386,d51cbc9e-0c75-4acc-87cd-ee7307ea6996
7502,2005,USF,SQF,KOA,9,1,1,70.52538,4607a269-3b7e-4fcc-86a1-ed972611f398
7503,2005,USF,BDF,BARTON,1,2,1,69.78516,45b0f5f8-7dd9-4673-aa42-4bd46bdd671a
7504,2005,BLM,BBD,EAGLE,1,1,1,69.65049,c79784e7-b172-4389-ab36-2085f5e57480
7505,2005,CDF,BEU,RANCHO SAN CARLOS,2,1,1,66.83495,3cbccdc0-b9cf-4db8-96a0-7f194d444f43
7506,2005,CDF,MVU,PAUMA,14,1,1,65.13988,6dba3a5f-c63d-4b3b-937f-8f6f633e1bd3
7507,2005,BLM,CDD,CECIL 2,14,2,1,65.12801,ca1ecf75-0d8b-44b0-b1b6-e4ca0282374e
7508,2005,CDF,SLU,COTTONWOOD,10,1,1,64.27149,1a4537be-00a7-45e5-a410-7156285bc83a
7509,2005,USF,INF,PORTAL,1,2,1,62.61414,6d30b799-a0f9-46e8-bf1f-ee5836472330
7510,2005,CDF,TCU,HWY 4 #3,10,1,1,62.59212,8416105d-f3e0-4f50-9cff-a6d6ef6d2a27
7511,2005,CDF,LNU,RUMSEY,9,6,1,61.74451,d16f014c-099b-4d79-9064-c8c841d4ad9d
7512,2005,BLM,BBD,PENN,11,6,1,60.77123,5c877559-cef4-45d2-8410-b24675eee386
7513,2005,CDF,MVU,MAGEE,14,6,1,58.89873,d6d88f28-0baa-4d11-9b46-53422c491a31
7514,2005,CDF,TCU,PG&E #7,11,1,1,58.80748,15a577b8-c7f8-4625-b263-e3a0f18383db
7515,2005,BLM,CDD,CLIPPER2,14,1,1,57.5164,934c62b5-81d5-44d5-9123-76aaed5957a3
7516,2005,CDF,BEU,LOWES CYN,11,1,1,54.63295,bb0d222f-f952-4b78-a350-898c5ad584ab
7517,2005,CDF,SLU,ARROW IC,2,6,1,54.39982,5b9249d0-a4ae-44e7-b26f-5f1321e19dbd
7518,2005,BLM,CDD,HUSKY,9,6,1,53.66596,e44fba8f-80f3-4658-8228-4d6ef054ba9a
7519,2005,CDF,LNU,MARKLEY,4,6,1,52.54495,32dd7dae-773c-433a-babc-cab225b57bcf
7520,2005,CDF,MMU,810,2,6,1,52.07279,467df5ef-bf59-4edb-8645-724751fad520
7521,2005,CDF,MVU,CHURCH,14,1,1,50.89993,4bd19376-3220-47bf-a8d6-b8895ddd0443
7522,2005,BLM,BBD,PENO BLANC,2,6,1,49.64883,a498a719-eb5d-42e6-b151-1c31657fc733
7523,2005,CDF,MMU,600,14,6,1,48.67229,71e380f8-b5b9-4461-baf1-936ad285301d
7524,2005,BLM,CDD,MOJAVE,1,1,1,48.65248,04e1fddb-c13c-4056-afd1-7c1ec985c3e9
7525,2005,CDF,RRU,HIGHWAY,3,6,1,48.30418,9a8133f9-6720-4f93-914f-948f00fa87ae
7526,2005,CDF,MMU,DINOSAUR,14,6,1,45.7179,d74b2e53-a636-4e1b-914f-c5b8cc4ce824
7527,2005,CDF,MVU,BORDER#26,8,6,1,45.34185,2fc25aed-de8f-416c-b7a6-6b4efa25727c
7528,2005,USF,INF,BEACH,1,6,1,45.31911,a9dc2f66-17a0-461e-8aa4-52ad4d95e6fd
7529,2005,CDF,RRU,IDYLLWILD,14,6,1,45.28365,159855fc-7cf7-4575-99c0-4a6e88a3addd
7530,2005,CDF,MVU,RINCON#15,7,6,1,44.80779,1ff6a0ff-6f14-4101-980b-71d7371b5aee
7531,2005,CDF,MMU,800,14,6,1,44.35051,6281225e-87f0-4266-8d15-e3ea276f6def
7532,2005,CDF,MVU,BEAUTY,1,2,1,43.76506,35b35163-be7f-4151-b772-f785914801a0
7533,2005,CDF,MMU,ALTMAN,2,6,1,43.66135,bcfa3741-96fc-43b0-969a-3b52ddb6bac9
7534,2005,USF,STF,HIGHLAND,1,1,2,43.21399,f4000690-a567-4012-9aa1-cbf1c75ad735
7535,2005,USF,SQF,WALKER,1,1,1,41.0536,5add19c0-d916-4163-979b-1772ff729640
7536,2005,BLM,CDD,I-40,14,1,1,40.82243,94b8976f-34a4-411d-98b2-0ac62d9b0b18
7537,2005,CDF,MVU,RAILROAD,6,1,1,40.28241,e1c141de-a0d4-4f7f-9d80-79948ec24654
7538,2005,BLM,CDD,INTERSTATE,1,1,1,39.89291,dbaa5565-98de-4d15-9553-684f0c17ee93
7539,2005,USF,SQF,WISHON,9,1,1,39.15746,1a97631b-4314-46e3-b429-d7e316a5b5c4
7540,2005,CDF,SHU,SHOSHONI,5,6,1,37.79728,181ff71a-6b3c-45b1-b487-8309f08c707d
7541,2005,CDF,SLU,GILARDI 1,2,1,1,37.72938,55757f8d-7632-467b-8fa8-3e82a1a5d7bd
7542,2005,CDF,MVU,RIBBONWOOD,8,1,1,35.56261,d7984c56-8024-423f-b991-291cda27ad1d
7543,2005,BLM,CDD,EL MIRAGE,1,1,1,34.75328,d115a500-23a3-4c34-978c-6d6c18fe79ca
7544,2005,CDF,MVU,BORDER#6,19,1,1,34.67287,10b03cd1-5f23-44bc-a1fd-1d53e0276eda
7545,2005,USF,INF,MCGEE,7,6,1,34.12565,78403713-b553-4eb3-9170-5336b74abaa2
7546,2005,USF,SNF,BLACK ROCK,9,6,1,33.07837,7d8a4d1d-ab65-4c42-b58a-286a96a7c6bd
7547,2005,BLM,NOD,KESWICK,10,1,1,32.32959,29f29624-f19e-4221-b92e-eaae1265b7da
7548,2005,CDF,SLU,DONOVAN,10,6,1,32.0484,666e766f-f236-4f27-accd-458ee0a7be51
7549,2005,USF,INF,MUDD,9,1,1,31.79669,cee4ccae-2aa0-453b-aa9a-a65458ce5d19
7550,2005,USF,PNF,BELL,6,1,1,30.99305,52f3713a-dbe7-469e-b92a-97643f9efe97
7551,2005,USF,TNF,FORK,4,2,1,29.69156,a3fe57f1-98d3-4b05-88f0-05e137173fe0
7552,2005,CDF,MMU,WRIGHT,14,1,1,29.49736,8f036bc8-c99b-4c2b-922f-ee10426e5756
7553,2005,CDF,MMU,MILLERTON,1,6,1,29.19608,2c7418f7-a7b9-47bd-a2a6-4cdffaeaf625
7554,2005,CDF,BEU,MUSTANG,5,1,1,29.15005,95a9b699-7dd8-4892-b05d-98105b678444
7555,2005,CDF,SLU,COTTON C,10,1,1,28.31183,07e36372-0713-4739-9764-0ca11eccc035
7556,2005,USF,LPF,FAIRWAY,8,6,1,26.50044,aaf5cb33-c5b3-4b56-a69d-c620e8af7bbb
7557,2005,CDF,BEU,VALLEY,7,1,1,26.0955,5089e2ea-49ee-4071-bef5-51a9104db16d
7558,2005,USF,ENF,MOUNTAIN,5,6,1,25.80359,bfd61bd5-765f-4674-bd98-476c99f19018
7559,2005,CDF,MVU,SPICE,14,1,1,25.27591,f8a99478-8dab-4361-9a13-568651978fa9
7560,2005,CDF,BEU,BRADLEY,11,1,1,24.20928,799dba56-6011-4fb5-8910-e903eb645544
7561,2005,USF,LNF,ROCKY,9,1,1,24.1305,e9ec95ed-6725-4604-bae3-d580ad1eed0f
7562,2005,CDF,AEU,SERENITY,7,8,1,23.81597,6e9c5550-9ffa-4b9e-8763-683fb2a3c09d
7563,2005,CDF,MMU,RATTLESNAKE,1,1,1,23.40448,d95f022f-5817-42b0-a340-3727ea1d3b45
7564,2005,CDF,BEU,CREEKSIDE,8,6,1,23.28835,18254bdc-a217-4325-8095-0f97fa7d78cd
7565,2005,CDF,MMU,BATES,1,6,1,23.16283,8f17483f-173d-467d-9ac8-67e0f3f14c6b
7566,2005,BLM,BBD,CREEKSIDE,8,1,1,23.03329,48130257-b338-4442-b0a5-b52b40d2a8f6
7567,2005,USF,SNF,DUMP,9,6,1,22.9763,a5d11aa2-6173-4205-923e-f4feaf10c70c
7568,2005,USF,SQF,NORTH,1,6,1,21.96268,c844bb8c-5a1f-4b5f-871e-96ed5606e43d
7569,2005,CDF,MVU,BORDER#49,19,6,1,21.9096,88cb6c75-360c-4ad5-8c81-21554f507336
7570,2005,CDF,MMU,MYSTERY,14,6,1,21.7425,e65e4433-21fb-40b4-ab03-2a1b87971775
7571,2005,CDF,MMU,LIGHTNING,1,1,1,21.31586,5c8a6ebb-bc4c-4b23-99c4-3531d9f59435
7572,2005,CDF,AEU,JACKSON,10,5,1,21.23567,e06b4a03-108c-41d3-bbcc-7bd89b47284b
7573,2005,CDF,NEU,CROSS,2,1,1,21.13117,7578da0c-02ac-4f3e-9ed6-fe37710d939b
7574,2005,USF,ANF,RINCON,10,1,1,20.66898,02f710f6-6c6d-4957-8796-0368df37d379
7575,2005,CDF,SLU,REST STOP,2,6,1,20.66887,c6adc754-53b3-4856-beba-bfae9be05695
7576,2005,CDF,MMU,BUCKEYE,18,6,1,20.03816,d2622c16-b2e7-403e-8cba-82f6c49f0bed
7577,2005,CDF,RRU,INDIAN,7,6,1,20.01006,4cf0b356-23b5-465e-b74e-67f7d9566033
7578,2005,CDF,BEU,CATTLEMAN,9,1,1,19.87103,1a299d1d-20a7-413b-9c8a-e4a40edc32e2
7579,2005,NPS,MNP,ROCKLIN L,1,1,1,19.82979,5d7a9c61-43a7-4887-989c-822207107c39
7580,2005,CDF,MMU,BLANCO,2,6,1,19.71451,bb38e6c9-59fe-4fbd-b9bd-5e4e8df54b24
7581,2005,CDF,MVU,MILLER,11,1,1,19.70536,1422bb72-acf1-458d-80b5-6704fa556df1
7582,2005,CDF,RRU,KNOLL,2,6,1,19.57455,a2689c74-b528-44d1-a3a5-7285836d32b4
7583,2005,CDF,SLU,LAKE,2,1,1,19.51171,8475f37c-d897-468c-bad7-b3c66a3336d0
7584,2005,CCO,KRN,FAYE,14,1,1,19.14384,d279f580-8d84-41dd-81ad-51abd8858122
7585,2005,CDF,MVU,MISSION,14,6,1,18.93933,ca71c835-d969-4eeb-82cf-a7ca857cd5f4
7586,2005,CDF,MMU,HENSLEY,7,6,1,18.78492,9ab118c8-6ca5-4adc-b13a-fee3b079ce7e
7587,2005,USF,INF,GLASS,7,1,1,18.7588,68126d3b-b277-41aa-b990-8e2702760b7d
7588,2005,CDF,MVU,BORDER#20,19,1,1,18.67156,769b0886-80e7-4ba4-a87a-956a822f667c
7589,2005,BLM,BBD,SANDRIDGE,14,6,1,18.63073,0e16f7ca-ca07-4dc9-9e15-f113c37f683c
7590,2005,USF,PNF,NUGGET,5,1,1,17.67499,7b26bbf8-4c41-454f-8861-5ae9343ce0ca
7591,2005,CDF,SLU,SAN JUAN,2,1,1,17.54987,1851ffd6-b585-4a4c-a2be-2e96bafa243b
7592,2005,USF,CNF,RIDGE,1,6,1,17.04495,23e0be80-aa85-439c-8016-7e2b5ba0fce0
7593,2005,CDF,BEU,OLI FIELDS,2,1,1,16.37958,889d5ece-aca4-4937-964a-4dd6d844701e
7594,2005,CDF,RRU,FOX,8,6,1,16.03467,5e96381d-80e3-460e-9c9c-93fac4d57291
7595,2005,CDF,BEU,156,11,1,1,15.62453,925f6038-e901-4e20-9e05-19d239ebc2ea
7596,2005,USF,ANF,ALAMOS,9,6,1,14.92147,f1ce7d40-01cd-491e-8d30-b0bc7cfeb24f
7597,2005,CDF,BEU,PARKFIELD,5,1,1,14.87495,9e4c018a-bd94-4611-8b60-2df64b0849d5
7598,2005,LRA,VNC,FREEWAY,10,1,1,14.8587,3dddb6c6-aea8-4774-b65b-13637cad9dc9
7599,2005,NPS,KNP,KERN,1,1,2,14.83072,108e3051-0787-46b5-9381-852815f59160
7600,2005,NPS,KNP,CABIN,1,1,2,14.60134,ff2dae58-a818-41eb-87fc-be81727a65a6
7601,2005,CDF,RRU,REDLANDS,9,6,1,13.54572,a4eb007d-2d42-45ec-a341-811f83b2bcfe
7602,2005,CDF,AEU,BRADEN,1,8,1,13.29541,38af93f6-f642-4a63-9779-07b4c62f9572
7603,2005,CDF,RRU,SLOPE,14,6,1,12.99544,caec100b-7d1c-4374-8f25-3928214f6b21
7604,2005,CDF,SCU,UPRR_FIRE8_,6,1,1,12.72615,f423c746-eb14-450f-92f6-60134e44d41e
7605,2005,BLM,CDD,PAINTED HILLS,1,1,1,12.70424,251626dc-f05b-4ad1-bcef-556f897c860a
7606,2005,CDF,SLU,GILARDI 2,11,1,1,12.55692,d0d029fb-4c8b-4418-ba3a-9afd49d70d6a
7607,2005,USF,SHF,TOLLHOUSE,1,6,1,12.52681,bbb55783-2a48-4c8a-96c7-4e35f6415dcc
7608,2005,USF,CNF,BARRETT,4,6,1,12.18256,d6be5628-0616-417e-b751-12813bce0ff3
7609,2005,BLM,BBD,CARSON,2,6,1,12.13924,3a6ced29-fc37-4d35-85b5-13d3500292c6
7610,2005,CDF,MEU,MINA,14,1,1,12.04709,faf1f878-df7d-45a0-b0ff-982a7ff11c51
7611,2005,USF,MDF,BSFMU 2,1,6,1,11.96217,6c2d6e81-feb2-454c-993d-89f3b4bc64e7
7612,2005,CDF,MVU,BORDER#40,4,6,1,11.70351,37131edd-2b74-41b0-a2b1-4d9bfbb128cc
7613,2005,USF,INF,ROCK,9,1,1,11.67198,fbfccf9b-5032-4b29-842b-dfa593e5b038
7614,2005,USF,SQF,RIVER,9,1,1,11.64448,2545042c-f27c-40e3-a6a6-3e15c5e98994
7615,2005,CDF,SLU,HOMESTEAD,2,1,1,11.56866,113c1783-d31b-4e27-85c9-ada469dc83cd
7616,2005,CDF,MVU,HWY 94,10,6,1,11.49922,14ecf137-80a3-4fdb-9d0f-8d0a1b7eadff
7617,2005,CDF,MMU,STUMPFIELD,4,6,1,11.457,02e39cda-f90d-408a-8c5e-954ce876a015
7618,2005,BLM,NOD,IRON,14,1,1,10.98877,478b3bab-a326-4b83-9192-ed3c10c2a69a
7619,2005,USF,SRF,PILE,7,6,1,10.98737,68ba9836-9999-402d-a218-fc56d7a53276
7620,2005,CDF,MVU,SAND,1,1,1,10.63322,66045aa0-4652-4da3-9c0e-c7658974c142
7621,2005,CDF,SLU,LOPEZ,2,6,1,10.5062,53f433e1-1c64-47bd-83c1-08f3e92f4998
7622,2005,CDF,SCU,UPRR_FIRE_,6,1,1,10.22459,ba5250c8-59e4-418d-8131-3a5d91cf70f1
7623,2005,BLM,BBD,AERA,11,6,1,10.18142,35df7f07-d2cd-4299-9fea-9b0485ccdadb
7624,2005,BLM,BBD,FLUME,8,1,1,10.17534,d0838eaf-89db-4b64-a7fd-21980a0e5ea1
7625,2005,BLM,CDD,ROUND UP,1,1,1,9.899969,2496532f-d647-47c8-8529-0615b07bfaed
7626,2005,CDF,MMU,MERVEL,14,6,1,9.237262,6a87da64-7ebc-4c42-943f-95fb74a8f765
7627,2005,BLM,CDD,RECHE,14,1,1,9.165632,44d3071c-b9c2-437c-bc7b-4371932e727c
7628,2005,CDF,SCU,UPRR_FIRE4_,6,1,1,9.075856,41ebf8ea-724c-47ef-9c1c-aac46ed136d9
7629,2005,CDF,SLU,BISHOP A,2,1,1,8.704258,bf19f751-d082-46cc-a908-f36ffd6b6ef9
7630,2005,CDF,MVU,BORDER#7,19,6,1,8.427102,28cff9b9-6c13-4df6-a2ba-bf6c3033c9fe
7631,2005,CDF,MVU,MAZZETTI,7,8,1,8.239795,9caba424-bede-4fa6-af0d-e6561cb64d1f
7632,2005,CDF,SCU,UPRR_FIRE5_,6,1,1,7.931038,fe17737a-8e5f-43c0-a123-24af0331617c
7633,2005,CDF,NEU,ZIEBRIGHT,5,1,1,7.658942,3e70f5d8-4482-4cbc-bdbf-d5a03ed79ff6
7634,2005,USF,LPF,FREDS,9,6,1,7.196554,101d86c8-0c91-46cc-a753-954ec75d31cd
7635,2005,CDF,MVU,SUMMITT,14,6,1,6.045441,3569711b-33fa-47e0-ba1d-e55171cd5eb9
7636,2005,CDF,MVU,RINCON#11,7,6,1,5.672654,d7977289-d229-428e-83e4-e95cf672f551
7637,2005,CDF,AEU,SAND RIDGE,7,8,1,5.670745,bb0ba1e8-183d-440c-bfe0-7484370ed4b1
7638,2005,CDF,SCU,UPRR_FIRE3_,6,1,1,5.444999,70d95272-ad09-4066-86a1-ef8949aaa5a1
7639,2005,CDF,SLU,ALMOND,2,6,1,5.197406,2bc7bbe4-b8d5-4102-a2d7-79ccbd1c90f5
7640,2005,CDF,SCU,UPRR_FIRE2_,6,1,1,4.555234,20f7948d-9110-4301-a72a-7ba43efea0be
7641,2005,CDF,SLU,BISHOP B,2,1,1,2.891174,993f40d3-6788-4264-9814-0d110f63c2d6
7642,2005,NPS,KNP,EAST CREEK,1,1,2,2.401912,79054942-e8f3-461a-bf70-84382b64222f
7643,2005,CDF,RRU,SANTA,9,6,1,2.331652,4faadfc1-5d7a-474c-8ab2-02073316394f
7644,2005,CDF,SCU,UPRR_FIRE6,6,1,1,0.6352376,bc38165d-3f51-45eb-b2f7-c5bf110a99cd
7645,2005,CDF,SCU,UPRR_FIRE7_,6,1,1,0.4773929,77ce93ce-c8e6-44aa-b8a1-a29deab27a11
7646,2005,CDF,MVU,BORDER#1,19,8,1,0.4661476,c1566071-6624-493d-90d4-a09a4ff054b7
7647,2004,CDF,LNU,RUMSEY,7,7,1,38763.02,cdbb2731-5c33-4869-b6bd-4ef253525d01
7648,2004,USF,ENF,POWER,2,2,1,16983.07,85bcdeaf-ccb1-401c-870b-9b853795670a
7649,2004,CDF,RRU,CERRITO,8,8,1,16447.4,719aed8e-8713-49ec-9dc4-9ef9ba9f4ec9
7650,2004,CCO,LAC,PINE,9,6,1,16271.65,83884018-227a-479a-ba7c-0a5ef48688d3
7651,2004,CDF,SHU,FRENCH,14,7,1,12675.35,e10ab1bf-1c6d-4156-a711-ad141c02e319
7652,2004,CDF,LNU,GEYSERS,2,2,1,12244.4,0917767e-cd74-4eea-b91a-074aca482177
7653,2004,USF,ANF,CROWN,2,8,1,11754.27,91c8caa6-cc31-4e1e-8eb9-f9a1acc932d0
7654,2004,CDF,SHU,BEAR,2,7,1,10441.72,70139eff-e560-4c23-8468-01dec64f98c7
7655,2004,CDF,RRU,EAGLE,14,8,1,8946.074,53f1c360-852e-4ab5-96df-bf3e93827e05
7656,2004,USF,HTF,GATES COMPLEX,14,8,,8905.459,d34d4e86-946c-43b5-82d0-9de597d9c8c5
7657,2004,CDF,MVU,MATAGUAY,7,5,1,8762.283,4a87f5d9-9f99-4747-baae-1fb50c645a1d
7658,2004,USF,ENF,FREDS,2,2,1,7557.607,6020b4fa-33ec-45b1-a678-eb8b96da8df7
7659,2004,CCO,SBC,GAVIOTA,1,6,1,7197.67,6b91d2fc-04fd-45dc-827a-4f5d43dd3379
7660,2004,CCO,LAC,FOOTHILL,7,6,1,5969.518,1f62fca7-cd52-4e88-b69e-cb36292fbe65
7661,2004,NPS,YNP,MEADOW WFU,1,7,2,5031.157,cbc08784-5abd-49c9-b33b-bec271670136
7662,2004,USF,SRF,SIMS,2,2,1,4035.917,e98c9c03-e6ce-4d33-abd5-ad188e23d4ca
7663,2004,CDF,RRU,VERBENIA,14,8,1,3831.371,d364eddf-8b64-4078-9eea-1bd5c0d8b5dc
7664,2004,CDF,RRU,MELTON,1,7,1,3693.234,5a4e4301-cdf5-41ad-a558-661f591153c6
7665,2004,CDF,TCU,COOPER,10,2,1,3445.314,964699af-bb4a-425c-a946-30decd0b60e0
7666,2004,NPS,LNP,BLUFF,1,7,2,3414.027,b8d3b2a4-4e98-48d6-a161-55ec4616b742
7667,2004,CDF,LMU,STRAYLOR,7,8,1,3292.83,7746f605-240b-4c1f-88fd-8cbc440b7fc0
7668,2004,BLM,BBD,DANA,1,7,1,3161.477,65d26ee6-1bb5-4926-bb65-57ec46baa776
7669,2004,USF,SQF,DEEP,9,2,1,3143.901,37fe1eb9-d8d4-4bf9-b955-41ce434af084
7670,2004,CDF,TCU,PATTISON,10,2,1,2483.137,d87031ec-78c5-4237-9592-1660752bc32b
7671,2004,CDF,RRU,PLEASURE,14,8,1,2456.282,5fe0ddc9-ae25-42c1-972b-12353e404662
7672,2004,CDF,SKU,IRONGATE,1,2,1,2241.977,c9da76b9-2182-42e2-9402-6796580dbf5f
7673,2004,CDF,BTU,OREGON,12,2,1,1954.706,16d95a82-8f67-4d8f-b723-59674704f924
7674,2004,NPS,YNP,HETCHY,7,4,1,1936.11,9b9cddd5-cc38-4a4a-8283-6bbeab296e59
7675,2004,CDF,RRU,COTTONWOOD,3,8,1,1819.376,a6883c35-9472-406b-83a0-bae3088da42b
7676,2004,USF,STF,EARLY,9,2,1,1724.758,895c340b-5be9-43ff-9026-7bffe3e4aa00
7677,2004,CDF,TUU,FRAZIER,14,8,1,1563.704,306f78f1-b64d-4d39-8677-da34b5c1b2d1
7678,2004,FWS,SJR,PELICAN,7,4,,1459.002,1a358a5f-7eb1-4189-bf74-95ca2ae163ad
7679,2004,USF,ANF,EAST,2,8,1,1336.938,cebc906b-37ca-4f11-9038-078029cd3467
7680,2004,CDF,MMU,OLD HWY/MPUD 149,7,7,1,1334.791,6361b00b-6010-4e54-9858-d21be3f5696b
7681,2004,CDF,SCU,KINCAID,9,1,1,1224.859,e25e305e-3099-4a9f-80b4-bc3501cbf40c
7682,2004,USF,BDF,RUNWAY,2,2,1,1194.047,ab22041d-3647-4269-ad16-6fb1bbf0d3b1
7683,2004,CDF,FKU,GATOS,11,6,1,1144.838,e81aa2bd-190b-48dc-bbf8-fb1d2c544140
7684,2004,CCO,SBC,CACHUMA,1,6,1,1115.115,2ef7339d-c215-4d53-91a4-0528485da421
7685,2004,CDF,LNU,CEMENT,14,6,1,1006.852,ec7f6d52-aead-4bd4-b218-44af7ba5c76c
7686,2004,BLM,NOD,STONEY,1,7,1,954.4639,3bffe18f-6105-4f21-acc8-e5620399fa85
7687,2004,CDF,NEU,STEVENS,15,2,1,934.3998,e4da5936-ddba-4fb2-91d8-57d3de4c5404
7688,2004,CDF,TCU,MINERAL,7,2,1,879.1735,c4550691-75a6-43db-a16f-39aba2f50b68
7689,2004,CDF,SCU,CORRAL_HOLLOW,11,1,1,875.4987,ef1bc444-badd-4bcb-bebb-9e127ca60caa
7690,2004,USF,SQF,CRAG,1,2,1,870.4851,74d0472e-9678-48f4-b8af-17a8cf16ce0a
7691,2004,CDF,MVU,BORDER #16,9,1,1,828.2405,47579586-9fe0-4716-8792-e692f258677d
7692,2004,USF,STF,TUOLUMNE,9,2,1,721.4598,75201db8-e913-4359-a090-769ccbf8e61e
7693,2004,BLM,BBD,CAMP,6,8,1,691.6987,cb0449c7-6db5-4959-bc5f-91ea70725f7c
7694,2004,CDF,RRU,CITRUS,14,8,1,682.6089,cd6a2068-87d3-4672-a453-fc6fec2b3f33
7695,2004,CDF,SCU,HIGHWAY,2,1,1,624.9357,939c7d06-557f-43bc-b667-be2750153d01
7696,2004,CDF,AEU,SCOTT,14,1,1,609.0591,4015c6b8-1f08-4304-a822-0fde47d7adea
7697,2004,CDF,SKU,LIGHT #37,1,6,1,591.6899,4b4c2fe7-e9ba-42f9-826a-b422d45cad3c
7698,2004,CDF,TUU,CASTLE,14,8,1,570.1089,94dace59-cab9-4ea7-8b6c-e7ebb8fca431
7699,2004,CDF,MVU,WARNER,2,8,1,569.9861,7c6c3207-aba5-4976-a981-2668521dc455
7700,2004,USF,PNF,COTTONWOOD,5,2,1,566.9303,9e1a14c9-ad72-4177-a0cf-df44f15c5a44
7701,2004,CCO,KRN,WEST,7,8,1,566.6521,172b423c-f0b9-4775-ace1-03e8259a789d
7702,2004,USF,BDF,UPPER SANTA ANA ESCAPE,18,6,,512.9036,9acc4027-f4e8-4d77-ab3f-a51249f7f234
7703,2004,CDF,TCU,HUNT,2,2,1,490.2116,9fbbfb54-b67a-4168-acf9-2f442b66f697
7704,2004,LRA,SCU,SILVER,7,1,1,479.2772,fdc469ee-d076-4e55-909c-b21af2a940dc
7705,2004,BLM,NOD,SNAKE,1,7,1,471.3913,fd19a4f9-bc83-4b18-bfe7-0ee1e5b245fa
7706,2004,CCO,KRN,ROCKY,10,8,1,466.6801,3b222bfd-df9b-4aa7-9a63-b5007b3cec76
7707,2004,CDF,MMU,BEAR,14,6,1,456.0668,bba30d5a-0822-46b7-8916-7aeff3a9a387
7708,2004,BLM,NOD,BELFAST,1,7,1,447.0768,11c2a0e6-2386-402d-b5ef-ad85a348a9ae
7709,2004,CDF,NEU,BEALE,11,1,1,433.5482,cdb82c32-6e8c-4be8-8a16-92153f31f554
7710,2004,CDF,MMU,BASALT,10,6,1,410.184,0013614b-8106-412b-98c7-d98e4562ab2b
7711,2004,CDF,RRU,GAFFORD,14,8,1,406.0063,170770bb-add3-4687-ba6a-2486f456206f
7712,2004,USF,SNF,SOURCE,9,8,1,384.4879,581c2a93-3e71-4560-b640-47daf0b938b3
7713,2004,USF,ANF,INTERSTATE,2,8,1,374.0269,609f632a-5e5e-4cf6-8b62-c2e1f6dda5ba
7714,2004,BLM,NOD,SKEDADDLE,1,7,1,367.4536,fbe9e947-8d58-4745-945a-613f120c5a79
7715,2004,CDF,MRN,DOLCINI,14,1,1,364.554,e6a15238-cfae-44f8-8c1c-b68201d70705
7716,2004,CDF,RRU,LAKEVIEW,14,8,1,360.9065,b69ab6ac-fd51-4fb7-8a48-0197f747c5b7
7717,2004,CDF,RRU,SCHOOL,14,8,1,359.1083,5a6b81ec-f50c-47f4-a9c7-dcddd1627fac
7718,2004,USF,ENF,MOKE,4,2,1,354.3122,be720cf8-7556-4c64-9d4b-dcd26b8fb410
7719,2004,BLM,NOD,CCD BORDER,1,7,1,350.5814,b4137600-1ab6-4f74-82f7-596f6a86fd69
7720,2004,CDF,BEU,CHUALAR,11,2,1,343.1886,36768a4f-272e-4a7b-99f5-f97a4ea21517
7721,2004,CCO,SBC,JALAMA,9,6,1,333.0409,622fb92c-a1d9-4f11-8417-0398a8e5fcbf
7722,2004,NPS,KNP,HOTSPRINGS,1,2,2,331.7918,1a2fdb92-4dee-4d02-945e-76531451a8cb
7723,2004,CDF,MEU,CREEK,7,7,1,323.7161,9f68c64b-b820-4b56-bc12-6858a2b9d56b
7724,2004,CDF,TUU,STAGEL,14,8,1,313.3734,2844c102-eb29-4618-abe2-1c41ec83e7b8
7725,2004,CDF,LNU,MIX,7,2,1,296.383,ea16e387-7d0a-4fd6-8c20-19b3df3791cb
7726,2004,USF,SQF,CHINA,9,6,1,290.0282,82f1ae19-dad2-42f5-a006-9f67218f3642
7727,2004,USF,SHF,HAMILTON,5,8,1,289.7699,6043df95-b89c-439a-9c33-a0c18d5fcdd9
7728,2004,CDF,HUU,PILOT,8,2,1,282.8737,95e781a3-64c0-4aec-abfd-d94c1f578ebf
7729,2004,CDF,LNU,LONG,7,2,1,271.4596,55e6e141-0afa-4999-bf1d-e3cd65748755
7730,2004,CCO,LAC,MUNZ,7,6,1,267.4607,a8877b36-499c-43f3-8c00-45a0da5c851f
7731,2004,USF,SNF,NEHOUSE,9,8,1,254.4179,5b5be3ea-a25f-4b48-9c42-da39a5e429ed
7732,2004,CDF,TCU,ROSASCO,2,1,1,244.837,4e667106-fd89-485f-8e76-3d98347ffcb2
7733,2004,CDF,SCU,SAN_ANTONE,2,1,1,211.6076,41cad848-53ca-44aa-940c-9982ec91ab0a
7734,2004,USF,BDF,TRINITY,9,6,1,211.4379,b70bfed8-b718-495f-95da-5d9c2a2fe5e6
7735,2004,USF,SHF,FLAT,9,8,1,201.547,48dec3b1-f954-45bc-ae99-2d2bb90d9fa4
7736,2004,CDF,TGU,HAZEN,4,7,1,196.5969,4b21b08d-ceb6-4e6b-8e3b-875e59143092
7737,2004,CDF,TCU,PG&E #11,11,2,1,192.8287,58fe0e64-ee4f-4b6b-b38c-44855cb2974f
7738,2004,USF,INF,CRATER MOUNTAIN,1,2,1,189.8896,f24e1bc5-aff5-46e1-b53c-9c2850ef9956
7739,2004,CDF,RRU,MORALES,14,8,1,184.0792,252be515-93e5-49b9-a548-3438c391f596
7740,2004,CDF,SKU,DUMP,9,6,1,181.5451,a60c7c86-9342-4149-99d2-6be2d9d4c975
7741,2004,USF,BDF,MILL CREEK,2,6,1,173.3915,bfeb1e22-3c22-4293-8c22-e2f140fc0ef3
7742,2004,CDF,LNU,GEYSERS,7,6,1,169.7082,eb1d85a9-bf31-435d-a67e-5df867c190e8
7743,2004,USF,SHF,MILL,9,8,1,164.0517,1fac4ceb-bee8-43dc-8478-b7b306ad8919
7744,2004,CDF,LNU,PINE,14,6,1,162.1315,7418fced-5edf-4469-9291-3bd2b5f68bf4
7745,2004,USF,MDF,MAMMOTH,1,2,1,146.6831,88e2de60-afe2-4387-a1e4-a4be5caa330a
7746,2004,CDF,MMU,GUADELUPE/MPUD 127,10,6,1,141.7793,1829c8e9-29b6-4e2d-9a2f-31a088810ce0
7747,2004,CDF,BEU,LAGUNA,5,6,1,134.6843,44366f5b-ca16-43eb-9747-e718841a3380
7748,2004,USF,TNF,MARTIN,5,2,1,130.8606,f484a4f7-7b61-4e7b-8648-ff23f64f82bc
7749,2004,CDF,SLU,AIRCRAFT,2,6,1,126.6547,ceb609a3-da63-4ed1-9139-5fa7b50dd555
7750,2004,CCO,VNC,WENDY INCIDENT,10,2,1,120.9402,2ab428cc-693e-483e-94f1-ec5bf6deb872
7751,2004,USF,ANF,VISITOR,2,8,1,120.7702,77f358ab-48d7-4745-9aa0-e0242dca72f0
7752,2004,CDF,SHU,ANTLER,14,7,1,120.6013,bf9d7c4c-11f4-443c-83ca-0d971ec5fcbb
7753,2004,CDF,SKU,EDGEWOOD,5,6,1,120.1702,2c2ee5de-1a7b-4235-9cd9-c5415ce25cd4
7754,2004,CDF,SHU,LAKE,7,7,1,119.4651,cfa74fbd-984e-43bc-9bf2-92e837b24834
7755,2004,CDF,NEU,SCOTT,2,1,1,119.2404,c522d31f-5e17-43b9-bfae-37f748b8ede9
7756,2004,BLM,NOD,LMU DIXIE,1,7,1,118.6239,68ead367-0c77-4ab3-99cd-89bfd8ddaae0
7757,2004,CDF,SHU,RHONDA,14,7,1,116.6485,7b29bbc4-d9bf-4c68-872b-2c65e4f56915
7758,2004,CDF,AEU,POWERHOUSE,11,1,1,113.4258,dc58268a-7312-45f6-8ff3-037e135a1f70
7759,2004,CDF,TCU,BRIGHT,10,1,1,109.6647,d917e7c5-4340-4373-bc81-7b7ee5495fd2
7760,2004,CDF,MVU,LOST,2,6,1,102.6656,129dcbf8-8b6b-44d6-be6f-fd08257cdfb5
7761,2004,CDF,MVU,CAMINO,2,1,1,101.1126,731c1003-9a22-425b-b1c1-766df6316111
7762,2004,USF,STF,LITTLE,2,2,1,95.8085,eb40d7c0-882d-41f8-b5cc-85cd38e59315
7763,2004,CDF,MMU,MASONIC,7,6,1,93.79269,807f8777-46fb-465e-ac76-3374192b40a1
7764,2004,USF,PNF,STONY,5,2,1,91.00238,a23a375d-d566-428a-88bd-74a92d5a4f07
7765,2004,CCO,LAC,WAYSIDE,9,6,1,90.6327,074b424b-aebd-4c91-b58a-6abef5e696fc
7766,2004,CDF,MMU,RD 400,2,6,1,90.17339,a0bbd168-b7ce-4ca0-ad97-57042aba2074
7767,2004,CDF,MVU,BORDER #10,19,1,1,88.98218,6031d142-d5ce-403a-9d3b-39110e2942c3
7768,2004,CDF,SLU,MCMILLAN,2,6,1,87.68444,07546669-1310-4751-ae80-63e552dae4a1
7769,2004,CDF,TCU,ARMSTRONG,7,2,1,86.90013,65b383c8-817d-4392-9982-d2716bc56af0
7770,2004,CDF,SLU,PILITAS,10,6,1,85.45794,166f27aa-fb39-4aaf-a863-ee2026985644
7771,2004,CDF,MMU,WALKER,14,6,1,84.26554,d91df6b7-5ea6-4f4e-9351-8a7f61cf3993
7772,2004,CDF,SLU,NIPOMO,14,6,1,83.9148,edeb4f5c-0730-4eaf-aa5c-88c65b1bec80
7773,2004,CDF,SKU,JUNIPER,5,1,1,82.37961,597a9a58-4ca0-4ab0-8c5b-4cf6851d400b
7774,2004,CDF,TCU,RANKIN,2,1,1,80.92747,6be4cd17-1e0f-4892-b793-63e84dca6d3a
7775,2004,CDF,MMU,SPRING/MPUD 133,14,6,1,79.87824,7cc9148b-435d-4188-9668-0ce8e9f4e05f
7776,2004,CDF,MMU,JASPER,9,6,1,79.15559,67593dfe-8880-4c6f-88ee-09a0c4f6f21c
7777,2004,CDF,TCU,HIGHWAY 108 #2,10,1,1,77.13163,5d5e58b3-65c1-4ec5-913f-7b8902e9ddee
7778,2004,CDF,TCU,MELONES #2,14,1,1,76.29717,8dedfdae-f3ec-4763-a262-d5a94e082c37
7779,2004,USF,LNF,CAL,5,2,1,73.06966,587c8563-5cb2-41c4-a4c2-313170c00675
7780,2004,CDF,LNU,VACA,10,2,1,72.49718,037984cc-f51a-4eda-bc1e-534ee6da8007
7781,2004,CDF,TCU,CREEK,5,1,1,71.23759,51367871-23e7-4289-a55b-07b9a076c32f
7782,2004,CDF,MMU,CREEK,7,6,1,71.09406,99fdff17-7742-4938-96d1-ca9b35d5c470
7783,2004,USF,ANF,SPRING,2,8,1,70.40874,568ebe1c-928e-4839-b8f6-c04afbeab136
7784,2004,CDF,TCU,DOUBLE,7,1,1,68.81973,3bf4a234-67e3-4fdd-a74b-f955d7508e5e
7785,2004,CDF,SNF,PETERSON,14,8,1,67.6339,17de5a9b-f3b7-4195-9339-fba9b8d66b82
7786,2004,CDF,MMU,MARIPOSA/MPUD 137,14,6,1,66.35651,ed615668-406b-4ca2-b916-061a65811d63
7787,2004,BLM,CDD,NORTH MTN,2,7,1,65.38384,b4599708-f59f-4b6b-9461-6e72f6954b99
7788,2004,CCO,SBC,HWY166,10,6,1,65.16033,59f1e27a-6588-4ce7-9061-0be168e5a5e0
7789,2004,CDF,SKU,WINTERS,18,1,1,63.3854,c68290ee-291e-4079-871c-f7b0c7ce4616
7790,2004,CDF,RRU,FISH,14,8,1,63.07527,bd324e8c-28d2-4520-84e9-dde18089bff8
7791,2004,CDF,MMU,LOS CERRITOS,10,6,1,63.02847,2448187a-64e1-4be0-b8be-f5ce75429e98
7792,2004,USF,SHF,PRICE,1,8,1,63.00127,371f2703-ca65-463f-b9b5-8834d2333cd7
7793,2004,CDF,TCU,HIGHWAY,5,1,1,62.75925,70c6c230-ba2c-4cec-b901-f0d98c1c1196
7794,2004,CDF,MMU,OLIVIA,2,6,1,60.58247,7989e693-fe10-4c36-9229-9fa4e014f6ab
7795,2004,BLM,CDD,SNOW,2,7,1,60.17913,425e7ec7-6185-4cce-a748-9aa0152c573e
7796,2004,BLM,BBD,SIERRA,2,7,1,60.05212,d5239d00-1c9b-400b-bb68-1ec0e2371112
7797,2004,CDF,MMU,210,10,6,1,56.48629,c3b2af88-ce96-40d9-98de-3ed3bb8d245b
7798,2004,CDF,SHU,DITCH,2,7,1,54.61713,9c88d0f4-9db7-4e1b-8896-a73bfaf3ba5b
7799,2004,CDF,MMU,152,2,6,1,54.56896,448ef356-fdf0-4cad-9d06-2364d720f4cb
7800,2004,CDF,MMU,I-5,10,6,1,54.28338,019eb423-4543-4750-9311-ca8ace7f5efb
7801,2004,CCO,ORC,IRVINE,7,8,1,52.98566,f0ec8291-7dd4-4ef9-9dd6-fa2adabd89f2
7802,2004,NPS,KNP,MCCLURE,1,2,2,52.53833,cb952fc3-8912-4d29-848a-823fa28505f6
7803,2004,USF,SHF,MOUNTAIN,4,8,1,50.45284,28b8cb11-fb18-4526-ab13-7a2cba7c9bd1
7804,2004,CDF,TCU,CLARK,11,6,1,49.80434,8d33616e-a797-4923-b070-a243a008df77
7805,2004,CDF,BEU,PINECYN,11,6,1,49.67436,26e6df6b-de9b-47c5-8214-70fcf9bb2c0b
7806,2004,USF,BDF,MINTO,1,6,1,47.71521,6f4a8732-6cfa-4b77-8091-0e82da2cabde
7807,2004,USF,SRF,WILDER,9,6,1,47.35424,e2757098-3c98-4763-9f66-b2547d730d36
7808,2004,CDF,MMU,400,7,6,1,44.58846,1a5df777-0677-44d1-bcff-66cb7191954e
7809,2004,CDF,MMU,ROCK/MPUD 98,7,6,1,43.74898,647a34f8-1bad-48ea-9e25-882ca1eb5c43
7810,2004,CDF,MMU,RIMS,14,6,1,43.39124,77b935a8-351c-493f-a70b-78d576cd2d1b
7811,2004,CDF,MMU,132,7,6,1,42.74137,e48581a3-4660-4f71-a959-7460fe721dbb
7812,2004,CCO,VNC,KOENIGSTEIN INCIDENT,14,8,1,40.23289,757cd249-5a5f-4700-b4a4-c7cde53ba001
7813,2004,USF,BDF,MARTIN,9,6,1,39.19806,0f2e4ef7-1c62-48e2-a8c6-ef128101b41b
7814,2004,CDF,MMU,DAM,2,6,1,38.81792,89d9883f-bf6d-4a84-b966-37244d6cc275
7815,2004,CDF,LNU,SIEBER,7,6,1,38.7828,1641aec5-8c6c-455a-9733-f88222eb9215
7816,2004,CDF,SHU,CREEK,9,7,1,38.09119,85e5a897-2a4e-4dc0-bd96-98e98f12c8bc
7817,2004,USF,ANF,PARADISE,9,8,1,36.90485,aee4a1f5-ea3f-45b0-b742-203623ae90a0
7818,2004,CDF,SHU,GAS POINT #1,2,7,1,35.50055,4fc791e6-d875-4808-aca8-9898ec83c740
7819,2004,CDF,NEU,FLORISTON,14,6,1,35.36984,a04db666-1ea2-47eb-aec8-6cf59e35177b
7820,2004,CCO,ORC,BLACKSTAR,7,6,1,35.22298,a1dc9546-cb7d-46c4-9d28-de5d853fd7b6
7821,2004,BLM,BBD,GOLD,2,7,1,34.93005,cd900d20-bd17-4481-95e9-c7274f108d0e
7822,2004,BLM,BBD,UNION,2,7,1,34.92723,c40e5a10-32b8-425f-9829-8876cbe11323
7823,2004,CDF,NEU,ANANDA,14,1,1,34.47136,e2921eba-dbda-4a58-9b4c-8a8b297a8a02
7824,2004,CDF,MMU,BEN HUR,15,1,1,34.14139,a02a10a5-bb0d-4ae4-a42d-ee324f535f2b
7825,2004,CCO,ORC,ORTEGA,10,8,1,34.12667,bd88afa7-73fc-4076-89f0-7fc7edc4ab31
7826,2004,CDF,MMU,DAMET,14,6,1,33.48191,5cc43fac-d0e6-4cd6-a47b-557836eccbd3
7827,2004,CDF,NEU,BUTCHER,14,7,1,31.90529,b3670f15-e5a0-453c-8cf9-152713d0230c
7828,2004,CDF,SHU,PLACER,8,7,1,31.8837,a70af85a-a839-45bf-b8e3-660445ea4051
7829,2004,CDF,MVU,LA POSTA,14,1,1,27.88739,99f0cf15-4eb7-4a4a-90fb-9d586fb5d6ea
7830,2004,USF,INF,DECHAMBEAU,1,2,1,27.4703,fd0784ce-a7d6-48f7-a672-558d9491248d
7831,2004,CDF,SHU,COLEMAN,9,7,1,27.33476,87a914c9-c8c9-42ef-bf48-1d6688e4e924
7832,2004,CDF,MMU,BUTTS,2,6,1,27.24448,c1d7cb31-bf70-4f17-a3d1-2d665897e416
7833,2004,NPS,YNP,SMOKEY WFU,1,1,2,26.8156,b19929c3-8c2c-4c25-af12-a09a5423903b
7834,2004,CDF,SHU,CASSEL,3,7,1,26.30577,b4576f28-8916-43ea-822f-d18c034bf7e1
7835,2004,BLM,NOD,TGU BEND,9,7,1,26.29048,09718df9-ea67-4c25-b3ad-e5b4041d2acb
7836,2004,CDF,SHU,KESWICK,2,7,1,26.04814,83645168-fef1-4b01-949c-e8fe5b5a7ac5
7837,2004,CDF,MVU,SCISSORS,1,8,1,25.79008,99c5d9d1-9485-4abf-9af5-e86f4f9e0f96
7838,2004,USF,SHF,HYAMPOM,7,8,1,24.63834,059b65d5-5862-4c79-a746-8fc8682684d0
7839,2004,USF,BDF,POD,9,6,1,24.05375,1628b902-1499-4dcb-be2e-901cd9b91558
7840,2004,CDF,MVU,HI PASS,1,1,1,23.47614,b5a86517-b0ca-43bf-9001-130ba04957cd
7841,2004,CDF,MMU,DETENTION,14,6,1,23.37385,97f7bcbd-f2d4-4896-b548-104f9e2d42b0
7842,2004,BLM,CCD,BORDER 14,2,7,1,22.16918,b145a2e0-a193-4a67-984c-0f1993d6c364
7843,2004,CDF,MMU,OLD,7,6,1,21.90606,f97aafef-b299-416d-8e45-9cb6bbd01c5f
7844,2004,CDF,MVU,BORDER #7,19,1,1,21.10738,0dbc86c0-c054-4422-95b2-a3528801531e
7845,2004,CDF,SHU,OAK,9,7,1,21.04706,be423677-dd0c-457d-94e2-3fbc446203b2
7846,2004,USF,BDF,CRANSTON,9,6,1,20.48602,e2bb4b87-c94f-435b-8532-a7afe8b81b46
7847,2004,CDF,NEU,PEORIA,10,1,1,20.35824,30667561-87de-433d-b81b-2d965f552b20
7848,2004,CDF,SHU,LOCUST,7,7,1,20.05917,ef184563-fe65-4753-9cdc-ba4f9e018e3d
7849,2004,CDF,LNU,OCEGUERA,14,1,1,19.60407,20dfe0ca-0bb6-4275-bdf7-6a9f504525e0
7850,2004,CDF,MMU,LA PALOMA,9,6,1,18.92175,b8b0ff82-b9b3-4102-9a6f-aec2453825ea
7851,2004,CDF,SHU,TIERRA,14,7,1,18.38979,0d2f9e93-50ec-48e2-a922-20c8566b4a0d
7852,2004,CDF,BEU,RIVER RD,10,1,1,18.11634,3e5bc259-eb89-4b27-a7cc-15d07bba235b
7853,2004,CDF,TCU,MELONES #1,9,1,1,18.05131,99441824-ed9c-4717-a0fd-268c4c4b547e
7854,2004,CCO,ORC,CARBON CANYON,7,8,1,17.69472,1ec7b6a8-8711-43a5-9011-a7b1840edaa9
7855,2004,USF,TNF,LOWELL,5,6,1,16.96921,8c173b26-4f0e-41ce-8975-e708b4f64fcc
7856,2004,CDF,MMU,ROMERO,14,6,1,16.95196,6c5793ea-9555-4058-bdc1-26e8a701329d
7857,2004,CDF,MMU,JASPER 2,2,6,1,16.71579,5a6584ed-84b7-4412-8b26-9cec71c427bd
7858,2004,USF,CNF,SHEEPHEAD,9,2,1,16.30308,54f4d3f1-7771-439b-b714-6517deb335de
7859,2004,USF,SRF,ARMSTRONG,2,2,1,16.25216,d2f40c22-8256-4660-a66c-cd6971eee9dd
7860,2004,USF,CNF,GREEN,2,6,1,16.06479,ed4a30c1-fd85-42dd-97c4-d5ef1788ac66
7861,2004,USF,PNF,MISSION,5,6,1,15.72393,b5186fd8-1c02-4ee2-a8c8-8b52da93803e
7862,2004,USF,KNF,PERKINS,1,6,1,15.52825,cd796d0d-3010-43ad-9a4b-a2915a40ae92
7863,2004,BLM,BBD,COLORADO,2,7,1,15.42765,753d7f7d-7444-44e7-abd4-1f4cd3796279
7864,2004,USF,MDF,BEND,1,2,1,15.06398,f47c5434-9bbe-4008-987b-2edbe713864d
7865,2004,USF,MDF,HANGING,1,2,1,14.97853,89bae3d2-dcdf-4eb2-88fd-cd7394738256
7866,2004,USF,MDF,BSFMU10,1,2,1,14.61055,ff3159b8-f296-4688-ba0b-55650fe3bb57
7867,2004,USF,CNF,MORENA,2,2,1,14.48212,b3ad5b26-8219-4a89-b2e4-412f078f6fa8
7868,2004,USF,TNF,BAKE,1,6,1,14.41792,2dcfa1c6-936f-43d0-ada6-09a9825dbe42
7869,2004,USF,MDF,BUTTE,1,2,1,14.38688,83fe9a77-c373-4561-a766-412d84d6afdb
7870,2004,USF,ANF,ELIZABETH,9,8,1,14.31682,486419cb-2d6f-4d7a-9a09-16e8bda9a036
7871,2004,CDF,SKU,LIGHT #82,1,6,1,13.95816,1762a2ca-d205-4b90-a100-9c6775c59503
7872,2004,USF,ANF,FISHER,9,8,1,13.47634,a0ab83c7-6e21-433f-a4e4-2834eab71ce1
7873,2004,CDF,SHU,GROVER,7,7,1,12.93166,1ba132bd-eaa9-4cf4-823c-c541026ce9c9
7874,2004,CDF,MMU,152,2,6,1,12.81754,c9f889fa-6d77-4490-beed-ce0641f03528
7875,2004,CCO,ORC,SANTIAGO,10,8,1,12.41436,8406f506-c400-4101-983d-7cc2e9cef14a
7876,2004,BLM,BBD,PIUTE,14,7,1,12.31225,c4ad9dd8-6c41-4bf9-83a0-9c3625ef5e5a
7877,2004,CDF,SKU,HILT,3,1,1,12.18709,4c5c6cd4-cf8d-450b-bae4-3363fba49ff6
7878,2004,CDF,TCU,MODESTO IRG DISTRICT,11,1,1,12.00241,0330777f-7b36-4362-8782-82a7f8d03e17
7879,2004,USF,ANF,HASLEY,7,8,1,11.88105,ee30d0f0-f2f7-40ff-88e8-fba28f8b98da
7880,2004,NPS,GNP,TAM,14,1,1,11.79136,449ce0c4-6612-45c3-90d2-a4e27968341b
7881,2004,CDF,MVU,EMERALD,2,6,1,11.67706,0bcc72f2-8c88-426c-8b31-fc82fbe00d2b
7882,2004,CDF,SHU,WILD,3,7,1,11.523,ed99906a-e070-46b0-8aa6-b2a40e6d5081
7883,2004,USF,PNF,KETTLE,2,6,1,11.27117,fdb4d309-b6d4-4890-b1a7-433ca1e52671
7884,2004,USF,MDF,HILL,5,2,1,11.25552,568d434f-8fdd-4252-a176-e38207652b9a
7885,2004,BLM,BBD,HUNTER,2,7,1,11.19639,894acec9-dc60-4415-bd4d-5d7accdd0172
7886,2004,CDF,MMU,FRIANT/PG&E 9,2,6,1,11.1576,3a992463-904f-4adf-b77e-04926336933d
7887,2004,NPS,MNP,PIUTE,1,8,1,10.80987,b23bdfcc-5103-45bd-a598-346e134555da
7888,2004,USF,PNF,RED ROCK,1,6,1,10.34606,cf2768e2-ce08-4053-abfa-ddf696df858c
7889,2004,USF,BDF,RIVER,9,6,1,10.1936,e60b137c-4257-4c1f-9061-633be93ac161
7890,2004,BLM,BBD,SCHILLING,2,7,1,10.14339,50026de4-0ae4-4827-9fe8-ccef86ec3e17
7891,2004,CDF,MMU,PG&E 11,2,6,1,9.66333,d93e957e-d0b8-4722-b358-b2e66b78bdbf
7892,2004,BLM,NOD,SUNFLOWER FLAT,14,7,1,9.577882,6b2e01d3-e62e-4aa4-803b-84705675f24e
7893,2004,CDF,MVU,LUCKY,14,8,1,9.325874,0cf1fa26-c7ee-42e9-b317-32338c86724e
7894,2004,CDF,TCU,DIESTEL,2,1,1,8.739549,2ca93226-0ef2-4632-9786-203fa780af3d
7895,2004,CDF,MVU,BANDY,8,8,1,8.407926,e4406270-cbe7-404a-80a1-07e1d5223a02
7896,2004,CDF,MVU,LAKE MORENA,14,8,1,8.351069,88e26411-8386-4c77-b794-09e456950433
7897,2004,CDF,MVU,COLE GRADE,5,6,1,8.136972,5abd9fa4-a466-4238-aeee-ae13ee02ca12
7898,2004,CDF,TCU,KARDAS,5,1,1,7.65092,0bd26ecf-97bb-4256-8481-679ff0f9024d
7899,2004,NPS,KNP,DOG,1,2,2,7.141037,2d1a684d-2c49-4d96-a5b0-6806e3b6c2e8
7900,2004,CDF,MVU,ORNALES,2,8,1,6.278606,2957e1d7-5112-4368-ad8f-91b742b5441b
7901,2004,CDF,MMU,HWY 145,14,6,1,5.922452,bb118244-30d8-4e31-8b14-f2b7617e85e7
7902,2004,USF,TNF,MITCHELL,5,2,1,5.630929,ac07f828-1618-48a7-a8b7-aff117784ecd
7903,2004,NPS,KNP,DORST,1,1,1,5.234492,b6bb68a4-7f3a-4761-b165-2a89460be948
7904,2004,CDF,TCU,LA GRANGE #1,10,1,1,5.08854,61919ece-19d3-43b8-9026-66eedd62895d
7905,2004,USF,BDF,CARY,9,6,1,4.793622,1eb1aaba-0454-4348-93b7-f242ed7bbc06
7906,2004,CCO,ORC,EL MORO,11,8,1,4.767303,0cc9848f-bde8-4fe6-9b7d-7694da5c9638
7907,2004,CDF,MVU,BORDER #14,19,8,1,4.000417,02c82f48-9ac2-43f7-9563-c0ea66759ea7
7908,2004,CDF,SHU,LOCUST,7,7,1,3.773415,bcf5f0c3-565b-46d8-bd5e-7ec57ac76b1b
7909,2004,USF,KNF,CANYON,1,6,1,3.219711,98b440bb-bd32-4175-a5b6-d9251ac576ec
7910,2004,DOD,AFV,TOD,14,1,1,3.129925,5d241bb7-a2dd-4da4-8b23-a432b2026649
7911,2004,CCO,ORC,ANTONIO,7,8,1,2.498186,1dd418c5-809b-490b-b39e-3c1586b73fe7
7912,2004,NPS,KNP,FERGUSON,1,1,2,2.227161,91c2d054-41d2-435d-9eb4-b924e64de638
7913,2004,CDF,SHU,GAS POINT #3,2,7,1,2.164307,1b10e441-c956-4072-8d1b-d3148f3ff56b
7914,2004,CDF,SHU,VANTAGE,7,7,1,1.855538,e8948777-77cc-45df-b397-26da8b3b0fc7
7915,2004,DOD,AFV,FIREFIGHTER,2,1,1,1.032974,03b8ab38-d268-485c-895a-1b1bbfc1301d
7916,2004,CDF,MVU,PAUMA,14,8,1,0.7474008,b39af31d-b01c-47f5-bcb9-75b99ba9e063
7917,2004,NPS,KNP,HOSPITAL,10,1,1,0.7321771,dc8364a4-36ff-424f-8ca7-e30df7583c3e
7918,2004,CDF,SHU,VALLEY,7,7,1,0.6727278,33a6ff24-b387-4db4-b320-df99ed51a3fd
7919,2004,CDF,SHU,LOCUST,7,7,1,0.25277,1a6ac90b-4b37-424a-98d8-9d9ae24b88d3
7920,2004,DOD,AFV,UMBRA,14,1,1,0.2444814,55b7ff63-29da-4c01-b77a-21c6fe8f7b89
7921,2004,CDF,SHU,GAS POINT #2,2,7,1,0.2295481,50d09490-9411-4e0f-8581-bf4df99d8b1f
7922,2004,CDF,SHU,GAS POINT #4,2,7,1,0.1199284,a320ad1a-0352-4e3e-b7b4-f710fb121e0f
7923,2003,USF,CNF,CEDAR,2,8,1,270686,e07496c0-df60-4d5e-849b-33503c0bb718
7924,2003,CCO,VNC,SIMI,14,8,1,107570.4,7b0147b5-1567-4119-a852-d76f7e84839d
7925,2003,USF,BDF,OLD,7,8,1,91428,9ebae37b-5bbe-4da3-be23-0cbd1713a371
7926,2003,USF,LPF,PIRU,2,8,1,63726.41,5e22a33a-9b07-48e4-ac0f-cd6caaff50e7
7927,2003,USF,CNF,PARADISE,7,8,1,56545.7,8336b1f0-7ca4-4285-b386-901f1f093c95
7928,2003,USF,BDF,GRAND PRIX,7,8,1,50617.94,a65d369c-3fdd-42a0-9f81-79da307ae10a
7929,2003,BLM,CDD,MINE/OTAY,9,8,1,44734.13,89f44ee4-2ce6-46ff-88e3-8625ac6367a4
7930,2003,USF,CNF,COYOTE,1,8,1,18704.78,52a80129-b234-488a-ba4e-ebe8114cc763
7931,2003,CDF,SCU,ANNIE,1,1,1,18210.4,2f304eff-da6b-4dda-8825-2d52202d63ca
7932,2003,CDF,HUU,HONEYDEW,1,2,1,11794.33,81d0cef6-f98f-4ef9-b0dd-eadcc2fe90b3
7933,2003,CDF,HUU,CANOE,1,7,1,11043.56,9beb02c4-23ee-4e01-a1c5-3cc4a89bcb4d
7934,2003,USF,ANF,PADUA,7,8,1,10457.86,c4299d31-9977-437e-bc2c-4a3a19cd31ea
7935,2003,CDF,RRU,MOUNTAIN,14,8,1,10331.39,f2e0203a-ad5c-4942-a434-6741c47f024c
7936,2003,USF,MDF,ACKLEY,1,8,1,9599.021,2138f476-c392-4f56-9e57-1756a57cb842
7937,2003,CCO,LAC,VERDALE,16,7,1,8474.283,83f4e820-ed1f-40b3-b678-b405bd2d0edc
7938,2003,NPS,KNP,WEST KERN,1,2,2,7971.402,abbb1739-23e2-41fe-950c-e6fdff2a2d0d
7939,2003,CDF,SCU,BIRD_1,2,1,1,7876.473,0dcb7cbb-7adc-4d3b-83bc-21bff4c5a706
7940,2003,BLM,NOD,SMOKE,1,8,1,7784.184,a2e9cf7e-2253-47d0-b780-37855e0e233e
7941,2003,BLM,CDD,ROBLAR 2,2,8,1,6892.213,dad51a86-731f-4a3e-a7b9-90d5040001ee
7942,2003,USF,MNF,SPANISH,4,1,1,6049.687,14f00ed6-2020-4464-8302-e9176a50faa0
7943,2003,CDF,SCU,DEL_PUERTO_2,1,1,1,5909.038,24bb9d1b-bb81-4faa-83c0-2783f251149f
7944,2003,USF,TNF,CHILCOOT,1,8,1,5641.614,5a7ad8fe-2ff7-4df2-81cc-96843400b778
7945,2003,NPS,YNP,KIBBIE CMPLX WFU,1,7,2,5570.187,8538a319-5aaf-451b-b860-8798c8291d34
7946,2003,CDF,SCU,DEVIL,1,1,1,5444.272,684ca6fd-2248-4f79-8ae7-87dbbcd95939
7947,2003,CDF,SCU,JUMP,1,1,1,4893.527,dc90b495-9a27-4c81-a9a2-a0f564de99c2
7948,2003,USF,MNF,DEAFY,1,2,1,4782.021,4a702fe7-fc2f-4413-ab90-e6c4f64773d1
7949,2003,USF,INF,SUMMIT,1,2,1,4761.22,e4542f66-bc8e-4807-889b-8bfcc9eb9500
7950,2003,USF,STF,MUDD,1,2,2,4336.844,aa54e69f-3c9f-4f69-8161-cd7053af1bce
7951,2003,CDF,RRU,CANYON,14,8,2,4302.1,2f633c18-7126-449c-a09b-c7d7f8689865
7952,2003,USF,SHF,LOMA,9,8,1,3739.199,7e6b787f-3740-4ce4-91cb-a8c357255b8d
7953,2003,NPS,KNP,WILLIAMS,1,7,2,3472.12,e1e04f6c-36b8-4254-ad33-48df639d5aec
7954,2003,USF,CNF,,14,8,,2713.938,48002fb7-f5de-4117-9938-743dfba89f18
7955,2003,USF,STF,MOUNTAIN,1,2,2,2632.773,0f065ff9-e5e9-4b7c-8928-56478e5cae86
7956,2003,USF,INF,DEXTER,1,2,1,2459.745,1f4e8056-5f31-4e02-ba68-c166494afb49
7957,2003,CDF,RRU,PASS,7,8,1,2455.806,a5d28e7f-0d11-4669-b117-49849c181d3f
7958,2003,USF,SQF,HOOKER,1,6,1,2375.668,bc9b59e8-d7d3-4553-8bec-1e59dbecb12e
7959,2003,USF,SQF,ALBANITA,1,6,1,2222.646,d62cc8d5-ea8a-40d5-a248-1ca0cd347cb2
7960,2003,CCO,LAC,HAUSER,11,7,1,2038.864,1d111b06-75e8-46c1-aeec-30e3432844bc
7961,2003,BLM,BBD,COOPRSTOWN,14,8,1,2010.39,2f9df2ad-1819-4df0-aa61-dd464d402132
7962,2003,USF,SQF,COONEY,1,6,1,1928.406,115b3673-d3f4-4093-93e7-50a4325b3f10
7963,2003,CDF,RRU,LOCUST,14,8,1,1898.781,64974962-0d31-4b9c-a0a0-c79e150a3314
7964,2003,CCO,KRN,GRAPEVINE,10,8,1,1830.501,fc73cf91-1704-402f-a6dd-62ce31fd5c39
7965,2003,NPS,YNP,TUOLUMNE WFU,1,7,1,1826.036,fe1e155a-10ce-43c7-8e93-4bd6cba21e8f
7966,2003,NPS,YNP,TUOLUMNE WF,1,7,1,1762.79,189aeec1-365a-45aa-89d6-7337c26b473e
7967,2003,CDF,RRU,STAGE,2,8,1,1570.543,92ed9e19-32df-4508-ae9b-6ffbfe7e73d9
7968,2003,USF,STF,BOX,1,2,2,1569.071,46f14859-5960-4ba8-8f63-409741fc3b59
7969,2003,CDF,MMU,152,9,6,1,1507.272,8d611841-a835-495d-90b1-2fc8e91e1558
7970,2003,USF,MNF,HAPPY CAMP,1,2,1,1482.127,239fb9b7-bc1a-4964-b5cb-09a4120eff12
7971,2003,NPS,KNP,PARADISE 2,1,7,1,1297.062,8b5d7442-f7bb-45c2-b1bb-e02e42b851d2
7972,2003,BLM,NOD,BARBER,1,8,1,1266.971,63a38eac-c346-4998-a30d-7772c693259d
7973,2003,CCO,KRN,CALIENTE,1,8,1,1223.017,e6dcef04-37c7-46d1-b945-5d27c7a23ec7
7974,2003,CCO,KRN,TEJON,2,8,1,1198.594,1084fdf6-5ef8-418f-9abf-3fd218dd0bd9
7975,2003,CDF,SLU,PARKHILL,10,7,1,1196.853,c2077c47-d742-46ae-b751-447a5f96e84a
7976,2003,BLM,NOD,SECRET,2,8,1,1195.115,5141e1f6-4763-4a31-b584-9c150d51b0a3
7977,2003,USF,BDF,BRIDGE,9,8,1,1157.075,a223564a-5053-4463-9988-2116ff5e35b3
7978,2003,CDF,MMU,I5,18,2,1,1120.83,632e5bc2-5fbd-4f72-a3b6-5894ae1f6199
7979,2003,CDF,SLU,CHIMNEY,10,7,1,1109.835,2a9f4bb0-6f1d-46e8-bf56-bf3f17d46495
7980,2003,CDF,LNU,40,7,2,1,1057.115,6ed44012-8f71-4318-9a19-008433201a05
7981,2003,CDF,LMU,A-3,2,2,1,1050.844,10596645-70e4-4229-a8c0-ce87d8f0c56a
7982,2003,NPS,YNP,WHISKEY,1,8,1,1041.117,33ba72ec-bd4f-4845-8192-29538984d7f4
7983,2003,CDF,SHU,WHITMORE,5,7,1,1004.413,ba068ca4-5415-48a6-a6bf-bbddc0503196
7984,2003,USF,STF,WHIT,1,2,2,1003.49,9a1f543d-e35b-4631-b18e-965fcd550c03
7985,2003,USF,SQF,BASIN,9,8,1,940.867,e8351128-36c1-49d1-930c-25e187e5d14b
7986,2003,CDF,SCU,KINCAID,1,1,1,917.4308,c157d688-ffca-4891-bf8b-67b1b2fad108
7987,2003,USF,TNF,CODFISH,1,8,1,841.4244,47b3a564-a78c-44b5-9972-266184622186
7988,2003,USF,BDF,LYTLE,14,1,1,840.1028,69e1f409-3dc5-42d6-9a8f-d4f6cae3ab50
7989,2003,CCO,KRN,HILLSIDE,2,8,1,834.3141,f9df0680-b00b-419a-9bba-8e6e60f308f3
7990,2003,USF,SNF,SNAKE/CARGYLE2,1,8,1,825.676,f20b2c67-9cf1-4fe1-bb48-f46505878ad2
7991,2003,CDF,BEU,EUCALYPTUS,9,2,1,819.6969,22c2f5ae-8a10-415f-b346-bdddc4a57918
7992,2003,CCO,LAC,PACIFIC,13,1,1,805.6346,a0c0d8be-46e8-4008-bae9-2320e715a544
7993,2003,NPS,YNP,KIBBIE CMPLX WF,1,7,1,790.4635,84d2eb33-3253-48a0-ab9a-c17022786b23
7994,2003,CDF,TCU,LIGHTNING #23,2,1,1,777.7275,bc167bd2-ae2b-4b99-863e-b683691c7085
7995,2003,CCO,KRN,PUMP,2,8,1,747.2743,90eceb58-74aa-40e5-a532-d531f90048a2
7996,2003,BLM,BBD,LUNDY,14,8,1,739.7399,577ba0a1-fd04-48c4-97fd-b6da3077e9d5
7997,2003,DOD,APF,DEL VENTURI,9,8,1,705.3404,a8418348-8d33-4392-adc6-be35ba918bb4
7998,2003,CDF,TUU,FRAZIER,14,8,1,697.8782,f0f0f58d-967d-4868-805f-784a0506dc32
7999,2003,CDF,BEU,NEW IDRIA,9,2,1,632.0136,4aaac9a6-31cc-4a2f-89b1-5c10f7719e8e
8000,2003,CDF,SCU,HAMILTON,1,1,1,631.9925,578ca0a5-1577-4063-9c66-c69a8966e3de
8001,2003,CDF,SCU,DELL_PUERTO_1,5,1,1,629.5229,023259fb-54d9-4124-870e-78cf6b9967c2
8002,2003,CDF,TGU,NATURE,1,8,1,617.3187,bb82aed3-7a01-4d3f-94bb-e6ca6d07b7fb
8003,2003,CDF,BTU,SEVENTY,10,2,1,608.4294,a8178453-e313-4a53-83eb-fc9cd39e1d36
8004,2003,BLM,NOD,SHINN,1,8,1,594.584,bc59c44c-6d51-4dbc-ad5e-7f577ff9e1d8
8005,2003,CCO,BBD,SCHALLOCK,7,8,1,563.957,90b61d49-8125-4340-a1c1-59e231744cf0
8006,2003,USF,MDF,YELLOW,1,8,1,554.8458,5157c8fd-5ce7-4ce6-8c2c-ec2575aeb208
8007,2003,BLM,BBD,SAWMILL,15,8,1,537.2274,08f430c2-5cc8-461b-99c3-40373f0da064
8008,2003,CDF,MMU,RD_26,9,6,1,525.5991,c89ae4c8-0bd7-4a36-a01b-d7a3a01b6b4e
8009,2003,USF,MNF,FELKNER,1,2,1,516.473,55b67126-e192-4d47-81d6-1d8bfde03a0f
8010,2003,USF,MNF,BOARDMAN,1,2,1,511.3503,e01853be-d21a-4f48-a358-0d32e1c6f7e8
8011,2003,USF,SQF,CHINA,1,6,1,509.4702,0e7b140a-4758-4f45-864a-22b984d4e1be
8012,2003,NPS,YNP,WOODLOT,7,7,1,480.7464,8f8727a6-b540-4fc8-ae19-d7594a91c259
8013,2003,CDF,MMU,HUNTER,2,1,1,476.1554,3ce5c6fe-b055-439f-967d-ac5f47720f55
8014,2003,CDF,MMU,NORTHFORK,2,6,1,471.7984,c839ffed-d966-4792-a50b-dd6f9f5e2855
8015,2003,CDF,MMU,WHITEROCK,1,6,1,465.4741,80a9fc50-7899-472e-ab5b-a632348afa1f
8016,2003,CCO,KRN,155,7,8,1,457.1922,59711ccc-c9bc-44ec-bdc4-6d9de5283a5f
8017,2003,CCO,KRN,BACKUS,1,8,1,443.5152,0d69ed3c-40d6-4107-8fa5-c8adfbc1f61f
8018,2003,CDF,LNU,CAPAY,7,6,1,425.4226,1f1cf079-89e1-4623-b649-9f0275919c74
8019,2003,CDF,TCU,GREIG,10,1,1,419.2588,bed1fc6b-67ef-4e3d-9d94-1cdefbe61b6b
8020,2003,CDF,TCU,COOPERSTOWN #2,2,1,1,407.2738,5f05e36f-7147-4736-8963-902039ab9ce6
8021,2003,USF,MNF,BEAR,1,2,1,403.3303,32bfd60f-9077-4771-97d2-1685ca3ccb58
8022,2003,CDF,LNU,SITES,1,2,1,389.7805,024e10f1-1dba-4d08-8398-c4cd884b408b
8023,2003,USF,SRF,FRIDAY,2,8,1,388.8525,9dd0f7e1-d0ee-4c02-916a-352c143fd90a
8024,2003,BLM,BBD,MICHAELS,14,8,1,388.8308,18c5b535-2a37-4849-910f-daa0db2eceff
8025,2003,CDF,MVU,SYCAMORE,2,6,1,375.3218,394e17cb-a9ae-4efe-aa64-e54f9ea9c68e
8026,2003,CCO,LAC,AQUEDUCT,2,7,1,356.0853,5729ae06-0cbe-4216-8f1c-db85a3e350e2
8027,2003,CCO,KRN,MERCURY,2,8,1,344.6724,6310eac9-202b-4862-91c4-bcecf433e1cf
8028,2003,USF,TMU,ROYAL,5,6,1,338.8016,e7a14135-2420-4a9d-84c9-d7f3fc032b26
8029,2003,USF,MDF,SAND,5,8,1,333.0275,8360fa4f-542a-41ef-a022-b2a2b6d3a96f
8030,2003,USF,ANF,MIDDLE,2,8,1,329.0013,d849bccf-53fb-42c5-ba51-20b4961fd225
8031,2003,USF,MDF,TIMBER,1,8,1,313.6276,3893c7f0-ce44-405b-ada3-76ddfbe92b4f
8032,2003,CDF,TGU,4-2,2,8,1,304.0031,afbc47e2-23e1-45a8-8786-dffe74ffa4d5
8033,2003,CCO,LAC,LOS ALAMOS,16,6,1,302.7944,f85dcf89-0d37-49b9-894a-ba4f544a16d3
8034,2003,CDF,BTU,PALERMO,9,2,1,298.7748,c34f9147-a5e1-4bef-9a3a-c26f99448f0c
8035,2003,CDF,SCU,PITTSBURG,1,1,1,298.2266,76d3d39f-a6dc-4f8e-bbb7-fab23537257f
8036,2003,CDF,FKU,PANOCHE,5,1,1,290.8282,211a4114-75e7-4e62-99aa-d28cbf7a3960
8037,2003,USF,MNF,ANDERSON,1,6,1,290.6202,928aae52-c504-4897-9ab6-60d2725c8d65
8038,2003,BLM,NOD,SKEDADDLE,1,8,1,285.8354,19275107-ef38-41e9-94bc-8c93be6887fc
8039,2003,USF,LPF,HAPPY,9,2,1,285.5646,f4809eee-9be8-49d1-bea0-a799f10f29f8
8040,2003,NPS,RWP,TUK,18,1,1,278.7794,ec26e95a-665b-4c0d-b959-58d197a60d32
8041,2003,NPS,KNP,GIANT,1,1,2,275.4718,7bd1b201-b134-4fbb-b68b-24895a98e759
8042,2003,USF,INF,OLANCHA,1,2,1,271.6833,7fcefba9-ad8d-4337-8279-8bf492150594
8043,2003,CDF,RRU,BARRANCA,14,8,1,259.7687,487ded2c-56ad-44c4-a073-cc91e147eaa3
8044,2003,USF,KNF,97,5,6,1,251.1966,b4b91d79-3340-4535-9c08-f19ec82f4d96
8045,2003,CDF,MEU,MOUSE TWO,1,2,1,246.5859,049cb2f4-a9d1-4816-b45f-0882cc101e5a
8046,2003,CDF,TUU,ELEPHANT,14,8,1,243.4415,0d994929-cd0b-47a8-82e6-c2f76d36b18c
8047,2003,USF,MNF,TALIAFERRO,1,2,1,241.7343,646016b1-a877-4146-9220-87374897901c
8048,2003,CDF,SLU,CUESTA,10,7,1,237.9146,ecb99e55-890f-4001-ba25-137c6a6ef8c9
8049,2003,CDF,RRU,MATHEWS,9,8,1,234.61,0d39d9e6-4701-4b72-aece-88a43a36a1ac
8050,2003,USF,MNF,ESTELL CREEK,1,2,1,221.5509,7ca46634-4ec0-45b2-bfd7-7c89c31790c4
8051,2003,CDF,LMU,DIANE,7,2,1,220.6193,17723890-32ad-43fb-ade2-1964ca997245
8052,2003,CCO,SBC,ALAMO,14,2,1,220.4149,b2589083-b050-48a6-9d8b-f63a1af95aab
8053,2003,CDF,AEU,SALT,4,7,1,216.4392,0490a412-5986-43aa-8929-19e696bd66a9
8054,2003,USF,MNF,BOWMAN,1,2,1,213.1618,dd5acc1d-9768-4a86-951e-239d2b275a81
8055,2003,CDF,HUU,"""10""",1,2,1,212.8838,d1727aaa-3da6-4e83-ba79-c09478855f46
8056,2003,CDF,TUU,DINELEY,11,7,1,205.5308,08e1ce43-c02a-4a21-bb08-d0cdd6443c74
8057,2003,NPS,KNP,HMRS NOS2,1,6,1,205.2301,74f76b52-617a-4f7a-82bc-66d8001988ce
8058,2003,CDF,TCU,OBYRNES,9,1,1,204.1493,c4aa1c30-1685-4af3-bfeb-e8ebb99e522e
8059,2003,USF,SHF,RAY,1,8,1,202.7475,9ef41eb5-29a4-485d-9b00-d040af3151c7
8060,2003,USF,MNF,LOGAN (LEE LOGAN),1,2,1,200.2145,7c3f672d-93fc-4dd3-9d97-0acc05e4edb8
8061,2003,CDF,LNU,BRUSHY,1,1,1,198.6972,c62919f2-f5a7-4c23-a2ac-679a1bbe7eeb
8062,2003,CDF,LNU,SACKET,2,2,1,192.4163,d1f4af45-4ce9-44c4-a60c-5d0107b11c4f
8063,2003,BLM,BBD,ROYCE,2,8,1,187.9791,1ed531c8-7752-41cc-9b93-7ecce15027cd
8064,2003,BLM,NOD,RAM,1,8,1,182.7516,2771c66a-7953-4c7c-9001-5b3e63e40643
8065,2003,BLM,BBD,POINT,9,8,1,177.5443,fc1a0035-592b-420a-8281-2608869a9f8f
8066,2003,CDF,SCU,PINE,1,1,1,175.8898,1ef59eb2-5191-4cd1-ae8c-d88ca7facb38
8067,2003,CCO,LAC,GORMAN,16,6,1,175.1584,6308de91-a679-4d7b-9c2b-66706f06a22c
8068,2003,CDF,SCU,HOOVER,1,6,1,168.9027,55570c4f-68fa-49d7-b0fe-8dd08c7eb04c
8069,2003,CDF,LNU,FOURTY,7,2,1,167.2532,85f8c182-54f7-4aee-af7c-7b9bcd987655
8070,2003,NPS,YNP,SNOW,1,1,1,166.8107,0c374374-556f-45c2-8672-62730e7e0ab4
8071,2003,CDF,MEU,RATTLESNAKE,7,2,1,164.2367,acc85729-6117-4be3-8313-763c7bf37d40
8072,2003,CDF,BTU,OREGON,6,2,1,163.4828,e8464c6f-1945-45c7-a5a4-6df4b6f59dc0
8073,2003,USF,ANF,TEMPLIN,2,8,1,156.4982,4571f9f7-5ceb-4b39-96a7-5194a32829c6
8074,2003,CDF,TUU,CASTLE,14,8,1,156.1365,f46b7f76-8fb6-43cd-b98d-e9e4df058020
8075,2003,CCO,LAC,DULCE,8,1,1,151.5897,da64a7e0-1b9a-4997-a125-5309b0651b14
8076,2003,CDF,LNU,MORGAN,1,2,1,144.2492,084be9df-c534-4227-8662-ec2af1e1281f
8077,2003,CCO,LAC,AIRPORT,13,7,1,142.8408,a65d80b9-6c2e-4faa-9d00-0dcbb98cd33f
8078,2003,NPS,YNP,STARR LAKE,1,6,1,142.5522,59d170ce-64c4-4656-af58-e256834b6b17
8079,2003,CDF,TCU,HIGHWAY,10,1,1,142.2236,e98b290b-6fbc-410e-a03f-4a5e3e03a9f3
8080,2003,USF,MNF,ICE,1,2,1,139.8961,69639c33-8692-4f74-af8b-b38c46607f05
8081,2003,BLM,NOD,TURTLE,14,8,1,137.0851,8fe3f97f-fc7e-4562-a1cb-f61b513a2c49
8082,2003,BLM,NOD,VALLEY,1,8,1,135.2002,eb28b97e-3126-4491-8c5a-abdb86ce4a8b
8083,2003,CDF,FKU,GEORGE,9,1,1,131.9135,1d808d1b-cc07-4340-83f7-644aaee476cb
8084,2003,USF,KNF,WHITES,1,6,1,131.598,dd88ea82-c12b-4243-a402-6c60ebb241ea
8085,2003,USF,MNF,WEST CROCKETT,1,2,1,131.5727,23879a6b-8909-4248-b231-2c4c2ac56024
8086,2003,CDF,TUU,VALLEY,14,8,1,129.8891,572db482-ff1d-430a-8d6c-e7430f911f2d
8087,2003,CDF,AEU,MARSHAL,10,1,1,126.8676,e31937b3-6e7d-4f7e-b542-6813c43f0680
8088,2003,CDF,TCU,ROCK,9,1,1,126.2086,c51eaeb5-ceed-4924-864a-4bbe452537a8
8089,2003,USF,MNF,HARDIN,1,2,1,123.2896,41d2af27-cf3a-4d50-9580-6af96e99c13f
8090,2003,CDF,TUU,BOYD,14,8,1,120.3256,21390cca-5cf3-4481-8a67-8c2722d52397
8091,2003,CDF,RRU,MINE,9,8,1,114.6291,9d8244df-792a-4a17-bb32-629f84051d02
8092,2003,CDF,MEU,LIGHTNING #64,1,1,1,112.8616,61f3822d-3f21-4e3b-af6e-8a4e4992a885
8093,2003,CDF,MVU,BORDER#2,4,6,1,112.7066,70583244-b6e8-42db-aa59-7414a5a7bb0f
8094,2003,CCO,LAC,WEST,11,6,1,110.5337,878c4ddc-9ecd-4e39-9b31-a88882ff8d8f
8095,2003,CDF,FKU,LOS GATOS,1,1,1,107.663,c8178408-f30b-4500-83a2-4ae94996fcf8
8096,2003,CDF,TCU,SHELLY,10,2,1,106.9997,1f92a166-c349-4e9e-8782-d1c2fafef8c9
8097,2003,CDF,RRU,HOLLAND,7,8,1,106.8073,95647172-bf8d-49dd-9a81-6ddda9b9394e
8098,2003,CDF,SCU,BIRD_2,1,1,1,105.9245,552bd69f-25ae-4c2f-8613-304921e32ce9
8099,2003,USF,MNF,HORSE (HULL),1,2,1,102.3731,0be35b76-e59e-4727-a808-2f722fe1ee25
8100,2003,CDF,MEU,BELL,7,1,1,102.2319,a67fa5a0-8e1a-4716-bda1-b3c2ff96bedb
8101,2003,CDF,AEU,CUTTER,10,1,1,102.0732,27bf0d67-5a06-4d6e-96fc-82843e9235f3
8102,2003,CDF,TCU,HWY26 #2,2,2,1,101.4241,dd661d4c-71cd-42ef-a892-391be808ebae
8103,2003,CDF,SCU,MCEWEN,2,1,1,100.3893,909b9a46-124d-4caa-b103-d65ea15dcb28
8104,2003,CDF,AEU,TONZI,10,1,1,99.11134,c6739e87-9473-4758-a58b-d6606e99baa6
8105,2003,NPS,YNP,TAMARACK,1,1,1,96.88058,13314b4a-b178-4e13-8c8f-c990a2e5a061
8106,2003,CDF,HUU,TECTAH,1,2,1,96.65542,fe52e0bf-2c55-4288-bae5-c6a6f1b58289
8107,2003,CDF,BTU,CENTERVILLE,4,2,1,91.45284,eefda4ff-e2a1-4749-bcb2-5413cd33ef27
8108,2003,CDF,SCU,STRIKE,1,1,1,88.62248,e486fcb4-dca5-479a-847d-354f97cedb85
8109,2003,CDF,TCU,LIGHTNING #28,2,1,1,87.01574,a8ff96af-c7c9-424b-af06-f8a4dbf01231
8110,2003,CDF,LNU,CALPINE,11,6,1,85.58295,f7306dcd-c425-4797-939b-bc1a2f97a0c1
8111,2003,CDF,NEU,DONNER,7,1,1,85.22264,70704ffa-38f4-4426-950d-08d5b1108fb3
8112,2003,USF,SRF,CAMP2,7,6,1,84.71707,ec4d366b-f25d-40c9-8a8d-0258530d9764
8113,2003,CDF,FKU,PANOCHE,1,1,1,84.03262,b47921f1-e53a-4726-b611-ca7def48e440
8114,2003,CDF,TCU,CHUCKWAGON,2,1,1,82.05084,99ad59bf-a561-4429-9c00-1f60ef85ff78
8115,2003,CDF,SHU,WEST,3,7,1,80.03024,42b26196-723e-4268-9d23-19427914ddd1
8116,2003,NPS,KNP,COFFEEPOT2,1,1,1,79.95559,75042723-1bae-482c-a252-907bce8e5073
8117,2003,USF,LNF,CINDER,9,8,1,79.2459,6ec2c467-6993-4b3e-b171-11ea5d18bc7a
8118,2003,CCO,VNC,SYCAMORE INCIDENT,11,6,1,77.31881,64febd02-1ed5-4f9d-a445-cb4fc10179a9
8119,2003,USF,MNF,WALKER CABIN,1,2,1,75.27887,2205ca1d-9041-404b-b838-9fac86c65d05
8120,2003,CDF,TCU,LIGHTNING #26,2,1,1,73.61822,006a0cf2-a282-4d29-b087-da519635f978
8121,2003,CDF,MMU,200FIRE,1,6,1,72.3,11248871-90dc-4700-99c1-e7c014ee9630
8122,2003,CDF,LNU,SILVERADO,11,1,1,69.32242,24336009-549c-44bd-a55a-3036ff4e60e3
8123,2003,USF,ANF,ROWHER,2,8,1,68.42754,5a1cb51a-77b7-4b1b-91eb-8739d90ce9c9
8124,2003,CCO,LAC,WILDWOOD,3,7,1,68.41597,d79551d7-744c-446a-9d21-f0b066010490
8125,2003,CDF,BEU,INDIAN SPRINGS,2,7,1,67.17598,2b29ae36-e9f0-45d0-aac8-ef47de67ee8c
8126,2003,CDF,TCU,PITMAN,2,2,1,66.56636,f3ebfde1-b511-48a5-a844-ce6a2e31d9fc
8127,2003,CDF,NEU,GARDEN,1,6,1,60.7241,8117104b-ec56-4ee1-808e-7d38d8809a90
8128,2003,BLM,BBD,BACCHI,10,8,1,60.15599,2b1c084d-2da9-4f56-af6d-3ef7176a3479
8129,2003,CDF,FKU,JACALITOS,2,1,1,58.6041,1e78a4b1-5e99-4c93-a8b3-6a90ca486efe
8130,2003,CCO,SBC,CAT,11,1,1,58.16185,0e0ac7ff-68e7-45bb-86a4-58b32724084c
8131,2003,USF,STF,MERCED,7,2,1,57.42621,b86e50f1-bbce-4c6d-853f-c818b083c1dc
8132,2003,CDF,BEU,ALVARADO,11,1,1,57.22686,24b5f3b9-6b79-4da9-be9c-026bd5ad5093
8133,2003,CDF,SHU,OLINDA,10,1,1,56.5569,a9cb95e4-b4a9-478b-8bdd-eb158b0fd8a0
8134,2003,BLM,BBD,MIDWAY,1,8,1,54.30684,3ebe96c2-6739-4b13-83b9-0db9979ea875
8135,2003,CDF,TCU,TURCHET,2,1,1,52.92731,f7bea33a-5be4-426f-8ced-91ecae1c8b4a
8136,2003,CDF,MVU,DEHESA,14,6,1,52.67769,75db27da-e19a-4748-ac6f-de897ff66530
8137,2003,CDF,NEU,VALLEY,5,6,1,52.14443,d7f2bcd0-3b2c-40ff-822f-975e6ce54e47
8138,2003,CDF,SLU,COLONY,11,7,1,52.12521,ec3fbcb3-1ef6-438e-9cc5-8ba14818b600
8139,2003,USF,TNF,CORRECO,1,1,1,51.63148,0d0fadd8-50be-4918-978b-fe04fca7574a
8140,2003,BLM,CDD,MAYWOOD,2,8,1,50.86303,de4d221c-7585-4df9-935d-74327fb456ea
8141,2003,USF,INF,JUNE,9,2,1,50.43307,2a5a29b1-d486-4e10-8611-03e45802cf7d
8142,2003,USF,SQF,LITTLE,1,6,1,49.61662,6cc55cd3-9bf2-4a2d-a562-3debd0f450d7
8143,2003,CDF,SHU,RIDGE,14,1,1,48.7096,d7700459-20e5-48fb-acec-addbf15006b8
8144,2003,USF,TNF,LOYALTON,1,8,1,46.48029,0c86a276-10e2-41c3-b521-49c4f50bcc2f
8145,2003,CDF,FKU,SPEARHEAD,5,2,1,45.5633,1c6595ce-6200-45fa-a71d-bd2e9ee30250
8146,2003,CDF,SHU,PLATINA,14,7,1,44.60995,9c3fa6e6-d21e-4655-b1a8-acfb3ada00a8
8147,2003,CDF,MVU,DUNBAR,14,6,1,43.91949,204cec51-35ae-4132-aaa1-cc7d1b177dff
8148,2003,CDF,TUU,SINGLETON,14,8,1,42.78112,fadb10a9-ec29-4036-b73f-13698cb34d17
8149,2003,CDF,LNU,LOFTY,8,1,1,42.13739,c334ed76-6d71-4c04-a103-cd3301897298
8150,2003,USF,MNF,BROCK,1,2,1,42.08467,0f34921a-6056-4286-b588-a84469316183
8151,2003,CDF,MVU,JEWELL,4,1,1,41.74498,c99a860f-bde8-4d5d-811b-6f08afc5f450
8152,2003,BLM,NOD,BRUBECK,1,8,1,41.54723,d4d294db-7ae9-4dea-b1b1-872a01bbc22c
8153,2003,USF,KNF,VISTA,7,2,1,41.09523,ccec89a9-80f8-4c29-8413-357bd7d48a9c
8154,2003,USF,SHF,POLLARD,9,8,1,40.68747,b976a65e-aa46-4412-8775-f25226103f52
8155,2003,BLM,NOD,DODGE,1,8,1,40.16666,f6576d8b-d62b-4bd8-9f0c-0bd4da4e72a1
8156,2003,CDF,NEU,PINES,7,1,1,38.79679,3919d4cc-9aeb-4858-ab3b-291fd129eaca
8157,2003,USF,MNF,MANZANITA SPRINGS,1,2,1,37.86018,11a0e6c8-4b63-414f-8e5c-3d58779fcfcd
8158,2003,CDF,TUU,BALCH,14,8,1,37.4996,3d9535fb-bb1d-49d8-a664-65a67e9f6f46
8159,2003,CDF,TCU,SHELL,2,1,1,37.43691,06c6b609-5611-4f52-99f1-1787382ef060
8160,2003,CDF,MVU,BORDER#5,4,6,1,37.30086,795c371e-8c41-4acd-9fb8-9edaf25c26f0
8161,2003,USF,ANF,POST,2,8,1,37.28207,3a5b95f5-737e-4e9c-a0e7-e0b8389182f8
8162,2003,CDF,BEU,OLD STAGE,8,1,1,36.86267,9942954b-4d32-469e-92d6-8a2966ff5f90
8163,2003,CDF,SHU,BUTTE,14,1,1,36.24989,ed5f9479-03e0-4d3d-9f54-6e0374d7adde
8164,2003,NPS,YNP,KIBBIE,1,7,1,35.96737,6b145691-87f1-441e-af70-737891cd1792
8165,2003,BLM,BBD,SOUTH,1,8,1,35.50453,5dd2b104-9782-447c-ad87-a9ae26d8bd52
8166,2003,USF,LPF,HOPPER,2,8,1,34.57208,5e342b6d-9913-43ca-a665-16063adddbb8
8167,2003,USF,SQF,HALFWAY,1,6,1,34.27248,5a3347ed-db39-46c1-b3f1-7d90091634e6
8168,2003,USF,SQF,RANCHERIA,2,6,1,33.99319,2c8c47c3-4e44-43c5-8ef2-67bae1cdcdf0
8169,2003,USF,MNF,RED ROCK,1,2,1,33.11336,59abfe8a-b86e-4678-8e2e-fc5460fe24a8
8170,2003,CDF,TCU,CREED,9,1,1,32.96297,1f8e5bee-3d69-40cd-9060-98136af878d6
8171,2003,NPS,KNP,SLIDE BLUF,1,7,2,32.74517,43d757c1-4d49-473e-8792-8d2304266483
8172,2003,USF,MNF,CROCKETT 2,1,2,1,32.66311,41f2b3dc-24c5-46d4-86c9-0a4bc62e194d
8173,2003,NPS,KNP,BUCKEYE,1,2,1,30.9279,cca62e48-6b7e-4b45-a473-5460326532ce
8174,2003,CDF,TUU,BENNETT,14,8,1,30.55611,f87ead87-d603-4974-b663-3fe73fb16c51
8175,2003,USF,ANF,ROSCOE,9,8,1,29.67153,03198633-d716-456a-aa88-839aed1f31c9
8176,2003,BLM,NOD,PETE,1,8,1,29.62663,8fc20a02-237f-4ac1-ab45-4e0438709c0d
8177,2003,USF,SHF,THIMBLEBERRY,1,8,1,29.57423,d7e7c562-82ab-4a09-ae22-987127e7f13d
8178,2003,CDF,MVU,RANGE,14,6,1,28.96182,bb222a68-30dc-4264-82b0-a10ae8f13d6f
8179,2003,USF,LNF,DOW,2,2,1,28.79254,8b876e3f-3d08-4d1d-85d9-6b784b2914e1
8180,2003,USF,SQF,BAR,9,6,1,28.70318,8affe072-81a5-4860-b6b1-3d3a2ec9c4f3
8181,2003,BLM,BBD,MAIN,14,8,1,28.03885,4df269b7-1307-4db5-a39a-6f6a4b296b82
8182,2003,USF,ANF,DEL,2,8,1,27.97444,d4d521ed-a0d3-4b99-a8b1-81ed1730534e
8183,2003,CDF,FKU,KILLION,9,1,1,27.59347,d9008158-824b-42e0-a96d-31497bb07c8f
8184,2003,CDF,NEU,SIERRA,10,1,1,26.92023,9ddd061f-10b9-4327-af8e-fd71fab6a255
8185,2003,USF,ANF,BRAINARD,8,8,1,26.39773,91341f55-d23c-4a17-90e1-4241fb12ccdb
8186,2003,CDF,TUU,RIO,14,8,1,24.93514,8393411e-e39c-4cb9-8d53-4fae8b5bd0d6
8187,2003,USF,SQF,CHICO,9,6,1,24.9212,7aed747d-83d6-4664-b699-0661bf98e14a
8188,2003,NPS,KNP,EAST FORK,1,7,2,24.76123,32b53439-9638-4cb0-887a-182f535c1194
8189,2003,BLM,NOD,SNOWSTORM,1,8,1,24.16784,1c255a4f-7627-4109-b366-33f69981d0d4
8190,2003,CDF,FKU,POWERHOUSE,8,1,1,24.09627,21c93516-8023-42d1-824b-1b87447e6790
8191,2003,CDF,FKU,HIGHOAK,14,1,1,23.79488,a11e995d-2995-4409-b179-cefc04a6fc63
8192,2003,BLM,BBD,SPANISH,2,8,1,23.42282,7cfe5b1c-897e-4816-9709-1c685759dbed
8193,2003,BLM,NOD,HW 36 / ISHI,14,8,1,23.0363,d524adf6-d12d-43ba-9189-88ad50f81a96
8194,2003,USF,LPF,CARISSO,2,8,1,22.97452,445e63c9-6383-41d9-83f0-e8599354c8b5
8195,2003,CDF,LNU,SCOTTS,7,6,1,22.91416,451f7153-580c-476f-9c2e-916a64217732
8196,2003,USF,KNF,WOOLEY,1,2,1,22.72387,f3877cff-8f15-45d9-aa22-a213ba47c1b5
8197,2003,USF,ANF,SHOOTING,9,8,1,22.66387,83b08278-d65d-4954-a49d-918bd395515e
8198,2003,CDF,MEU,LIGHTNING #81,1,1,1,22.03114,863c68e8-670c-48cf-8473-c616c3a4abd0
8199,2003,CCO,LAC,SAGE,11,6,1,21.87809,018e17b3-104e-4bfc-9cdf-3f270adec339
8200,2003,CDF,TCU,MURPHY,10,1,1,21.79315,9e40ad29-e6f4-45b3-a992-8e262cf1ded8
8201,2003,USF,MNF,SMOKEHOUSE,1,2,1,21.05291,99bd2c90-f510-4e3c-ab01-13f9c432a0d3
8202,2003,USF,STF,BURGSON,1,6,1,19.18328,6437ab80-9588-4956-8ef6-08a7c117a7f2
8203,2003,USF,MDF,ROCK,1,2,1,19.13757,8fa3ec11-27a1-48af-825b-40beaacb39ee
8204,2003,BLM,NOD,IRON CANYON,14,8,1,18.84302,d0d31ddd-92fe-4c3b-8c44-3076756510e6
8205,2003,CDF,LMU,LIGHTNING 55,1,1,2,18.37549,8a76bc89-2333-4484-8818-cee66ff19cb2
8206,2003,DOD,AFV,LF-02,14,1,1,18.19914,426bc6ce-22af-4eb6-addd-6931e1a01bfc
8207,2003,CDF,FKU,WATTS,2,1,1,17.59989,b47c5d94-7055-4a25-9e69-6f0ff2b652ad
8208,2003,USF,SRF,SUGAR,7,8,1,17.13098,85e16d47-50ad-4911-8715-de6779e353fc
8209,2003,BLM,BBD,TOOMEY,2,8,1,17.10704,6c86dbed-74b7-4b6a-9776-0cc846a15a06
8210,2003,BLM,BBD,HILL,2,8,1,17.08043,32dfe8a8-7c8a-400c-9ed5-2a76c17671b2
8211,2003,USF,LNF,SIGNAL,9,2,1,16.9174,9db25d30-9c45-4119-a993-e980919607f7
8212,2003,CDF,SHU,WONDER,10,7,1,15.7122,2f2be039-2304-4906-ab53-55df3bb48363
8213,2003,CDF,HUU,RAINBOW,14,2,1,15.61352,bb87c5a1-b602-4701-bf09-7dc22e962fba
8214,2003,USF,LPF,CANYON,1,8,1,15.38653,7a42a96a-7e57-4f1f-89ac-dba21f454794
8215,2003,NPS,KNP,COFFEEPOT,1,1,1,14.98248,1028a77a-e020-4dcb-89dc-70bf7b0a9989
8216,2003,USF,SQF,WALSER,2,6,1,14.81134,16eacd88-2824-4455-a740-61233aaebbbe
8217,2003,CDF,TCU,LIGHTNING #24,1,2,1,14.72549,bd806a4b-1c25-4f4f-aa57-9ea93d46ecab
8218,2003,USF,SHF,CHINA #1,1,8,1,14.6062,1af5a1a0-c862-4010-a03c-0f240870a256
8219,2003,CDF,NEU,PARKS,14,1,1,14.60339,185b1b56-6ecb-44c8-8477-15620a807a9c
8220,2003,BLM,NOD,MINE,14,8,1,14.22727,8744ca47-ce87-4b42-9d1f-d91032900243
8221,2003,USF,TNF,DARK,1,1,1,13.60757,4beec81c-0172-4195-8461-1c18a6cf88b3
8222,2003,USF,SHF,GREEN,1,8,1,13.50682,1539347f-a4b7-4fef-bd26-64a721732fc8
8223,2003,USF,MNF,BUCK RIDGE,1,1,1,13.43308,5b5e1cc3-d485-4823-b82a-594f786056fb
8224,2003,CDF,SHU,WILDCAT,2,1,1,13.30417,c57a6e3d-a642-4850-b749-43c5aa7d717c
8225,2003,USF,ANF,DEL LAGO,9,8,1,12.48529,2cb317b3-f869-4c7f-b2e2-4e3f572b76cb
8226,2003,CDF,TUU,REZZ,14,8,1,12.35312,8550fe86-974f-4ca2-b6ab-70f379bf03cc
8227,2003,USF,TNF,MCCLOUD,7,8,1,11.99447,0cf0cd5e-659a-48b3-bd02-2fc3d3bc59e1
8228,2003,CDF,TCU,TURNER,2,1,1,11.82376,cb6401f3-7557-400d-9e77-16dfcd855d94
8229,2003,CDF,MVU,GRADE,2,6,1,11.70157,f5e5d256-aac7-44c7-be84-0072cffaf98a
8230,2003,USF,SHF,GIRARD,1,8,1,11.64283,d82deda2-115c-47f6-9000-74fa9a18f2ce
8231,2003,CDF,FKU,WATTS,7,1,1,11.49994,d8b99977-326f-4992-a1e7-35ca91558708
8232,2003,USF,MNF,SHEEP RIDGE,1,2,1,11.37663,17dcb834-8810-424f-aa79-1113c210fc03
8233,2003,USF,MNF,MIDDLE,1,2,1,11.33622,26a18c37-770b-4b50-8f5c-6844b89b556c
8234,2003,USF,KNF,HEAVEN,5,2,1,11.12984,ddd92418-6602-43f3-bd16-91b8d47dc432
8235,2003,USF,ENF,NEVADA,2,2,1,11.12681,ff9588e5-d24b-457c-afff-bdd4d99ca868
8236,2003,CDF,MEU,LIGHTNING #13,1,1,1,10.33334,9fec152a-4c93-49ae-94c0-752240a1a41e
8237,2003,DOD,AFV,GLOBE,11,1,1,10.28274,4e4eb93c-1ae6-4797-9e66-f91b7cb05c68
8238,2003,USF,ANF,DUMP,9,8,1,9.185514,710894b7-382c-4568-b138-48fd7c51a976
8239,2003,USF,INF,MCGEE,1,2,1,8.035213,b74322af-6577-48e1-a796-fca71b6df053
8240,2003,USF,MNF,HAVALON,1,6,1,7.761516,c6ae1f94-783b-4d3b-a7c2-b094769014cb
8241,2003,USF,MNF,DOE #2,1,2,1,6.044219,9954ad59-5bc4-48c9-a3d7-b6206c241006
8242,2003,CDF,LNU,KELLY,2,6,1,5.998993,004ded5d-be84-4a12-ba42-8b3fc8043169
8243,2003,BLM,NOD,STEEP,1,8,1,5.570854,13bd9d6e-3581-47b2-92d7-50da81a66cca
8244,2003,CDF,HUU,JOHNSON,10,8,1,5.019665,5cb5f10b-cca8-4b4d-a2b8-831e38219a9c
8245,2003,CDF,SCU,BUCKEYE,1,1,1,4.56472,d17a43ab-1ecd-469e-a976-f634858da45a
8246,2003,NPS,KNP,DENNISON,1,2,1,4.51493,3d20e342-ae90-4455-865f-ecc4d5c9486d
8247,2003,USF,MNF,CONKLIN,1,6,1,4.24912,0e24fa95-e2d9-45bf-a7d0-f68dae119e4a
8248,2003,USF,MNF,DOE #3,1,2,1,3.318981,bdfe9b64-3bc7-41b9-bfc4-e3ad013afaf1
8249,2003,USF,MNF,TRIPLETT 2,1,6,1,2.658751,023101bc-f061-4b7a-9e95-b8087fd735b3
8250,2003,USF,MNF,MARE,1,2,1,2.241319,9f24eae1-a07d-4aab-8644-c0b39a74f13c
8251,2003,USF,MNF,ERICSON,1,2,1,1.688774,c0a97831-465e-4224-9b05-85b443cf6f91
8252,2003,USF,MNF,TRIPLETT,1,6,1,1.594769,05b8550d-ef60-4850-921b-83fd44168b20
8253,2003,USF,MNF,CEDAR 3,1,6,1,1.146085,04d12a6f-63f3-44ae-8a58-03e8534c4a9e
8254,2003,USF,MNF,STREETER,1,2,1,0.5584593,8340be86-3641-4586-b7ac-a85bc511c08a
8255,2003,USF,MNF,GARRETT,1,2,1,0.1756178,f3c8f7a0-5c18-4472-b3f2-e123c70cbfb7
8256,2003,USF,MNF,GRAVELLY,1,8,1,0.1165791,326ac1ed-600e-4b27-b0a7-7f8c0a607833
8257,2003,CDF,TCU,MEDINA,14,6,1,0.1017515,36f43714-62c3-4af3-a424-cd50f4009773
8258,2003,NPS,CNP,DEL NORTE,4,6,,0.09372396,32ac7985-3efc-4c1d-a850-50063dca2024
8259,2003,USF,MNF,YOUNG,1,2,1,0.04278698,32dba27a-a01b-40e0-a72f-9cd7cedd4a92
8260,2003,USF,MNF,DOE #1,1,2,1,0.03367797,c191440b-f214-43ed-9072-7bcad6dab596
8261,2003,USF,MNF,BUCKHORN #2,1,6,1,0.03343417,91cedd5d-3259-4631-9816-230e0d024a34
8262,2002,USF,SIF,BISCUIT,1,8,1,501082,851ff0c6-3919-4cc8-afa3-cc3f8382d0dd
8263,2002,USF,SQF,MCNALLY,4,6,1,149475.3,0710b578-4f81-4f19-b20e-69c1aa18c2b3
8264,2002,CDF,MVU,PINES,11,2,1,61691.24,485b29d8-1172-46c8-8288-054ab3469455
8265,2002,USF,ANF,WILLIAMS,7,6,1,38118.95,96b352a3-5353-4cce-ba03-e21e1e2086b5
8266,2002,USF,TOI,CANNON,4,8,1,26684.13,e3cf2d83-6387-46e5-a6a0-5a07bbac0551
8267,2002,CCO,VNC,WOLF,9,2,1,21641.14,d48213bc-84b4-4e1a-88bf-bc490f730978
8268,2002,USF,ANF,CURVE,9,6,1,20870.75,5b4f3fdf-7d12-4214-bfb9-1cc1155a2a49
8269,2002,CCO,LAC,COPPER,2,7,1,19101.64,ece96fde-608e-4a43-87cc-034860f66480
8270,2002,DOD,AFV,SUDDEN,11,1,1,7503.215,78707eb6-f4e3-4b16-9844-74adea06166f
8271,2002,USF,BDF,BLUE CUT,7,8,1,6821.039,28cac711-5ff3-4929-b552-4dd3a3f43281
8272,2002,USF,BDF,LOUISIANA,2,8,1,6564.211,6dcd58de-8074-4714-b455-5fe2ef465adc
8273,2002,USF,INF,FULLER,1,2,1,6432.915,529a6fe2-7121-4225-b5cb-eb7bad72e09d
8274,2002,CDF,MVU,GAVILAN,5,2,1,5663.117,7596dc8e-af86-4741-a3e1-30738d2ac4fe
8275,2002,USF,ANF,LEONA,7,6,1,4904.465,674afa6f-f99f-4296-8f43-ddcbcac078d1
8276,2002,BLM,NOD,RUSH,1,8,1,4846.337,029d4ab8-1dbe-42fc-a703-0cc418eb5349
8277,2002,USF,ANF,BOUQUET,9,6,1,4285.11,7b193178-099c-4def-8626-c71c47ab3e6c
8278,2002,USF,SQF,BOREL,9,6,1,3417.899,63288030-9831-4bbe-87f7-63052ce14692
8279,2002,CDF,SKU,MUSSOLINI,2,2,1,3217.744,1b63b730-c222-4402-a9f8-e2b22c62490b
8280,2002,CDF,SCU,CROY,2,8,1,3007.446,bbb5fd96-2195-4744-9f46-b258cb597d1d
8281,2002,USF,KNF,STANZA,1,8,1,2820.613,164ad3df-48b1-4fc4-8747-8890d921c31f
8282,2002,USF,BDF,ARROWHEAD,9,8,1,2579.078,021fc049-55c4-42af-8996-e04a08fb5653
8283,2002,USF,INF,BIRCH,1,2,1,2549.372,2d7a7174-a790-465c-b485-20cde16ec0d0
8284,2002,CCO,ORC,GREEN,11,6,1,2234.36,be8aac8a-5b5b-42b9-9df3-8aec0df601c6
8285,2002,CDF,BTU,SKYWAY,1,2,1,2141.467,90af8531-742a-48dc-8b1a-aed226df1e75
8286,2002,CDF,SLU,DAVIS,14,2,1,2117.687,40df0f76-e706-49e7-8fe8-b6ccc9648aad
8287,2002,USF,LNF,CONE,2,8,1,2007.335,14615128-040f-4603-b38c-20e160755497
8288,2002,USF,CNF,MATEO,9,2,1,1882.25,ac06cfa9-f027-4c7e-b6ad-b166167a7ba6
8289,2002,NPS,YNP,WOLF,1,1,1,1875.442,91b87513-93be-45b9-b8cb-0f0835252e4f
8290,2002,USF,ENF,PLUM,5,2,1,1762.244,75a63c70-d26e-4495-9c41-00a9cf66038d
8291,2002,USF,CNF,TROY,4,2,1,1557.872,720041b0-cdbb-404a-b5cb-532a3756beb3
8292,2002,CDF,LNU,SIXTEEN,7,2,1,1513.814,6795835d-e39c-45b4-9aae-3886cc499828
8293,2002,BLM,NOD,BLACK,1,8,1,1511.936,d72a9394-6560-4354-bcd5-ef073838f9ee
8294,2002,NPS,KNP,PALISADE,1,2,2,1497.774,65f3d67e-1e3d-4256-968f-d413e5361fd0
8295,2002,CCO,ORC,ANTONIO,9,7,1,1480.469,c10a37c8-13c1-4026-b2d5-6c950e1d654f
8296,2002,CCO,LAC,COPCO,14,7,1,1404.16,fa99a0a7-ad56-4ce7-880f-aca9563659ea
8297,2002,USF,KNF,FORKS,5,8,1,1388.167,8086940e-bb8b-494a-98dc-ae80ab4688f1
8298,2002,CDF,SLU,HIGHWAY 58,14,2,1,1285.466,35c7387d-26e6-4de3-b213-d4905191970b
8299,2002,CDF,TUU,STAGE,7,1,1,1159.797,f86c5767-b101-4302-9d8f-798d59c5c1ad
8300,2002,USF,CNF,GARNET,9,2,1,1155.778,8a26afb2-60c6-4507-8b78-8099faf2e000
8301,2002,CCO,LAC,OASIS,7,2,1,1151.388,24c11138-5ac4-479a-8dfa-c9673c269c40
8302,2002,CDF,SCU,VIEUX,11,8,1,1028.645,3c773b84-7e23-4de2-8ce9-483f6dfc3a21
8303,2002,CCO,LAC,FREEWAY II,7,6,1,1028.471,bc09ac27-5aca-4ecc-b883-5d72d6575cce
8304,2002,CDF,MEU,PINE,5,2,1,1024.012,428c0fab-71ee-44ba-aa69-7c268a9a2172
8305,2002,CDF,NEU,FIELD,11,7,1,936.6465,597e7e6b-89ef-4587-9dd9-8c3d740c72d2
8306,2002,CCO,ORC,EVENING,8,7,1,892.95,870fc13c-f187-4e03-88ad-8ff8c74c65e4
8307,2002,USF,SRF,SHELLY,9,8,1,843.6793,bf6b2598-7042-4477-b0d9-450053f4c36c
8308,2002,CDF,AEU,HICKOK,7,8,1,775.8331,5b640c0d-1f2d-4214-bffc-ad1effaa3992
8309,2002,CDF,LNU,POPE,2,2,1,753.8942,836e6320-8a04-4993-9612-d2a5af1f05af
8310,2002,CCO,LAC,MOUNTAIN,14,1,1,749.0938,8e107507-f1ce-4144-9e46-211c17c47020
8311,2002,USF,CNF,BOBCAT,9,6,1,738.5582,9b486197-6ff0-45b8-b917-70ff7c8423dc
8312,2002,CDF,AEU,PONY,11,8,1,702.2745,dc3f00a3-1744-498e-b002-5506160c46a4
8313,2002,USF,TMU,GONDOLA,3,2,1,642.9952,06198213-cd2b-4360-a120-a159a08161ba
8314,2002,CDF,TCU,"SPI #3 ""SOURGRASS""",5,1,1,635.0515,c6f71a79-91c5-445b-a5ef-b4fc5a10a2c4
8315,2002,CDF,NEU,SIERRA,10,1,1,594.3347,b5b33e65-d6da-4b17-a5d2-0a0c337f83ae
8316,2002,CDF,SHU,SQUIRREL,3,7,1,578.3558,560a17dc-fa2f-4f35-91a0-cd222f06cf1c
8317,2002,USF,BDF,LYTLE,7,8,1,555.2106,1ec47c48-fa5a-4764-abba-a88520dce08d
8318,2002,USF,ENF,HUNTER,5,6,1,545.3636,5f57cb64-7e19-42f7-b960-32f6598cf6c2
8319,2002,CCO,ORC,BLUE GUM,9,7,1,496.7691,f18c5205-ff9b-4cfa-8a83-4c2f98f1e452
8320,2002,CDF,MEU,BURNS,14,2,1,491.7473,848355ee-b609-4cf6-ad52-81fd0da2985e
8321,2002,USF,SQF,ROCKY,9,6,1,446.0317,b6166b85-e1ad-43bb-92e2-43515bbe29a6
8322,2002,CDF,FKU,TIVY,11,7,1,439.4451,1ce96fa6-3297-477c-9d10-362913918f95
8323,2002,CDF,FKU,AERA,11,1,1,425.3806,88e4a443-ee81-4a9e-bd70-e0433b8dd615
8324,2002,CDF,SCU,COX,14,8,1,424.0797,0b87b55d-e509-48fc-a1a5-210cf7183bab
8325,2002,USF,SNF,ROCK CREEK 2,5,2,1,402.495,2f5ab8fd-b940-444a-a3c2-85cc93372375
8326,2002,USF,BDF,BEE,9,8,1,397.1025,f89406b3-c07c-4931-a8ee-a005f6daf383
8327,2002,USF,INF,PIUTE,9,1,1,391.6247,6538d29a-7f37-479b-a085-4a7899122cbc
8328,2002,BLM,NOD,36,9,8,1,379.9122,72e3eee4-8bf8-482f-a5a5-a677b5ef96cd
8329,2002,CCO,LAC,PLACERITA,7,7,1,358.8925,06dd69bb-6f45-46de-a0c5-1a37999d90e0
8330,2002,USF,TNF,GRANITE II,5,8,1,355.8457,820a955c-65dc-480a-bf3f-b096fc83659f
8331,2002,CDF,TUU,LOUIS,9,6,1,333.9936,0e8a89d5-1f72-4b6b-b448-11cedcf23459
8332,2002,CDF,AEU,TWIN,7,8,1,321.5155,05472392-8fdf-4d67-a985-6c11c25640cf
8333,2002,USF,ENF,ST. PAULI,9,2,1,321.0155,d7bd2366-7063-4290-a65a-16379748ed33
8334,2002,CCO,LAC,SHANNON,14,7,1,298.9299,f7dbf73e-897e-4d45-a018-12771a26c4a0
8335,2002,BLM,NOD,ANNIE,1,1,1,292.0637,5e365e63-deef-48c9-9883-9bb2034fa267
8336,2002,USF,TMU,SHOWERS,9,2,1,288.6087,4a590f2f-4404-4165-ab54-4a907107a7eb
8337,2002,CDF,NEU,GARDEN,11,7,1,284.2474,4a59f467-62d6-43cc-83e4-571e56c048a4
8338,2002,CDF,MVU,BORDER#4,4,7,1,271.7073,32b62448-d3ee-455f-99b9-08e2d45af4ac
8339,2002,CDF,MEU,SHAMROCK,2,2,1,271.0761,e86f039a-5a53-4118-a5d6-1fb59823fee8
8340,2002,CDF,MVU,BORDER#2,4,7,1,270.6325,3b82b0db-4be2-4224-88ab-56ce5ebbc74d
8341,2002,CDF,TCU,PG&E#1,2,2,1,266.093,1ff06bd2-bd51-447a-99ff-d3c71da4b133
8342,2002,CDF,MMU,COTTONWOOD,10,6,1,264.7036,50323d02-f18d-434e-b957-7ea5bf383e02
8343,2002,USF,CNF,PEAK,2,6,1,245.0083,fa8364b6-6e72-45e8-81c1-4869393234b7
8344,2002,CDF,MVU,WOODLAND,7,7,1,244.3034,9bc507f5-49ec-4c62-b506-57c5e5353009
8345,2002,CDF,SCU,PATTERSON,14,8,1,233.9078,f58f46bc-0d56-4169-8639-41d12d4975cd
8346,2002,CCO,SBC,ZACA,10,2,1,220.4901,85b9b669-4941-4be2-94a0-fb4d1dbb0fbb
8347,2002,NPS,YNP,RANCH,1,1,1,219.674,264479c7-0d1c-40e9-a292-85fb311aa137
8348,2002,CDF,NEU,BLACK,7,1,1,215.8804,b75f4cd3-aad9-457a-8344-1a841ecbf076
8349,2002,CDF,MVU,MANZANITA#2,14,7,1,214.9016,6bb6c414-efe9-4e13-8f8a-c3005d1464fe
8350,2002,CDF,SCU,PG&E#4,11,8,1,200.1544,aa88f6be-2d17-4557-8e53-11f470f7ff02
8351,2002,USF,CNF,INDIAN,9,6,1,193.1655,3f87f66c-3c63-4e15-9929-8ead7d19d27c
8352,2002,CDF,LNU,128,14,2,1,187.9599,ee08a261-7a37-4cf7-bc98-a7530e233f14
8353,2002,CDF,BTU,BEAN,5,2,1,187.2257,f376d7e6-33ca-4730-9e05-04a414b8e780
8354,2002,USF,KNF,EAGLE,9,8,1,184.2388,0ff16b75-6471-4368-a4df-457c8bc58042
8355,2002,CDF,NEU,DAGUERRA POINT,7,6,1,178.6963,735fd5a1-8422-4442-af26-db35131ae941
8356,2002,CDF,HUU,KELLOGG,10,2,1,174.5144,f8deeccf-ca5c-4c99-9e5e-a94b996ddb76
8357,2002,CDF,AEU,WHITE #2,14,8,1,169.9014,c72fb0e5-c115-4194-8dc0-2d6d067587cd
8358,2002,CDF,TCU,WILLOW,2,7,1,165.9398,07a1d11e-aec3-4bfd-836c-e740cc6e9ddc
8359,2002,CCO,LAC,CHERRY,14,6,1,159.3011,40392a7d-19f4-4838-85b8-e09e14399bea
8360,2002,CDF,SCU,DEL_PUERTO,14,8,1,154.2972,54817008-8c1d-449e-83a7-e27375467e6f
8361,2002,CDF,TUU,ELDERWOOD,6,1,1,152.55,d41dc396-0152-4c5b-82a4-09d2eadf0bcc
8362,2002,USF,INF,PIPER,1,2,1,150.7777,443496d8-8aa9-45e7-9b39-769ffcaf4e90
8363,2002,CDF,SCU,PG&E,11,8,1,140.607,0264d6c4-195b-4526-a6ed-78aad15d572b
8364,2002,DOD,AFV,CYPRESS,11,1,1,137.1089,e790c1d0-d3db-43f5-9019-7f97fe16d192
8365,2002,BLM,NOD,TWENTY-NINE,14,8,1,134.368,b13753bf-0241-4d81-9153-d6d33f762a01
8366,2002,USF,ANF,ATMORE,9,2,1,134.2224,8c1626b3-995c-4d35-81c0-bfb96d5d4ca3
8367,2002,CCO,ORC,AVERY,9,1,1,129.8324,0dc7cbc7-6325-4dbe-8bdc-865214e5afb9
8368,2002,USF,KNF,RAINBOW,1,8,1,126.88,9d86f77a-a69f-4697-ae10-2ae1c9c833f0
8369,2002,CDF,SHU,CHESTNUT,3,6,1,119.5704,ad8b2649-c92d-4622-834c-468bef707184
8370,2002,CCO,LAC,RIDGE,7,6,1,118.3375,c3c9402f-c398-47f6-97da-b0cb3ea107aa
8371,2002,BLM,CDD,TECOPA,9,8,1,115.9685,ba76435d-12b4-48f8-b788-8f777441db7b
8372,2002,USF,ANF,WILDWOOD,2,6,1,112.8126,eb786201-2c03-48f1-93b3-b3279f537075
8373,2002,NPS,YNP,WILMER,1,1,1,112.6442,53cdada3-34d0-4d77-91c4-10a7e568e55d
8374,2002,USF,ENF,ELLIS 2,5,6,1,112.5387,c52e53b6-5ff6-48cf-baf4-c5d38fc8a833
8375,2002,CDF,LNU,BEAR,18,6,1,110.3732,e819c42b-d3dd-43f9-8914-14de53b0123d
8376,2002,CCO,LAC,CAMBRIDGE,14,6,1,108.0377,8f9f44ac-3804-497a-b4db-ab4a5d01ace5
8377,2002,CDF,SCU,BETHANY,11,8,1,99.33923,99e404c4-4a81-4350-b493-bb80d5e6fbd9
8378,2002,CDF,MVU,PALM#1,14,7,1,94.97114,e4cc40ae-ee2b-4e7c-9295-06baee32ec24
8379,2002,CDF,MEU,TEN MILE,5,6,1,92.62769,0e5030b8-0924-49ce-a1af-b93ccc32277f
8380,2002,NPS,YNP,LIBERTY,14,1,1,91.78304,64e8be56-70d1-4c93-83bc-3c08c574aba5
8381,2002,CDF,MVU,CANYON,14,6,1,91.18798,83df34ae-5be9-494e-ae31-4242643d7dbf
8382,2002,BLM,NOD,HORSE,1,8,1,91.16408,e3efa183-f38b-45c6-a9ce-ed5a124af42c
8383,2002,CCO,ORC,LAGUNA,2,7,1,83.29993,3d5c7b02-0ff6-410c-ab6d-59a4fe571025
8384,2002,CCO,LAC,QUARRY,14,6,1,81.99478,72e0b109-4d17-4684-8f21-2445dfa337ca
8385,2002,CDF,AEU,WHITE,10,8,1,80.64008,f8d00fe5-b379-4551-84c9-0951cf26d31e
8386,2002,CDF,TCU,HOWELL,10,2,1,80.33696,133d3ed7-9ff6-4df5-bdae-0b0bf8956d6f
8387,2002,CDF,NEU,COLGATE,11,2,1,79.67188,e9ac8782-fd8f-4907-a659-6bb9c4410c7f
8388,2002,CDF,TUU,GRANITE,6,1,1,74.49519,08ce6c24-5370-46cb-840e-cb106fe287ad
8389,2002,USF,CNF,HOLY,4,6,1,74.32557,c51c7d44-de0f-4601-b4b0-2f10233f5f6b
8390,2002,USF,ANF,SUSANNA,4,6,1,73.18829,e18c30db-74de-48b4-ae84-b7c3c4ceddf6
8391,2002,USF,ENF,MUTTON,5,6,1,71.98321,b5421050-678b-4ecf-ab01-f9c8decf7f8c
8392,2002,CDF,TCU,WAVERLY,2,2,1,71.82471,b1ec6719-8551-49fa-8af3-2d5304def02a
8393,2002,NPS,YNP,DELTOID,4,6,1,71.19209,96fadf96-d3c5-44d8-b8ba-e51de2357b92
8394,2002,CDF,TUU,FRITZ,7,1,1,69.63414,ab963ccf-f59d-4ac5-abae-f3542052b622
8395,2002,CDF,LMU,LIGHTNING #1,1,1,1,69.46049,94c8a50a-da42-4fd9-9d86-f49d37b45169
8396,2002,CDF,AEU,STONY,2,8,1,67.55447,7ecb7712-c560-4344-a9b6-a40dd9d92f5f
8397,2002,CCO,LAC,BURLWOOD,7,1,1,66.40936,4fb84c4b-d846-4046-8924-e2935eab02ae
8398,2002,CCO,LAC,FREEWAY I,7,6,1,64.8705,a412e96e-bac2-407c-af94-ebdd6e7af2f3
8399,2002,CDF,TCU,MCPHEE,2,2,1,64.12989,150d483c-56db-4ec5-97a7-2fbb1af16df6
8400,2002,CDF,BEU,MERRILL,2,1,1,63.31601,b21a3ab1-1211-43d5-8ac6-8df212408afb
8401,2002,NPS,YNP,OTTOWAY,1,1,1,62.59855,197bd890-1855-42a3-a226-b974a65d9309
8402,2002,USF,TMU,KIVA,5,2,1,62.58101,19e78d04-afb3-4ec6-91e0-8fa17b5c87ed
8403,2002,NPS,KNP,SLIDE,1,2,2,61.93106,a7cc27df-ed2d-4edf-8a96-e8252999596f
8404,2002,CDF,FKU,BRENNAN,2,2,1,60.41567,81c6cfde-4ba4-45b1-bf21-16bbdaffe778
8405,2002,CDF,FKU,HAZLETON,2,1,1,60.11042,3386723e-7ae2-4bad-88d5-96ff2d69b48d
8406,2002,CDF,TUU,SUCCESS,10,6,1,59.35616,c5b9d33f-a2aa-43af-bac5-d83653d6d29e
8407,2002,CDF,NEU,KIBBE,6,2,1,59.21562,1c7a57cf-22c3-476f-9c75-7368cb01468f
8408,2002,CDF,BTU,UNION,5,2,1,57.98298,2461ec44-c8ec-41fd-af33-b98c6001d80d
8409,2002,CDF,SHU,IRON,14,6,1,55.11178,6c3bd399-1112-4c77-8422-b4531a975252
8410,2002,NPS,YNP,LUKENS,1,1,1,53.03718,b72b098a-ca7c-4b43-9464-5ee584983523
8411,2002,CDF,TCU,"SPI #4 ""MILL CREEK #1""",5,1,1,52.64925,cee143aa-d468-445a-be39-91929507fa9e
8412,2002,CDF,SHU,SILVER,4,6,1,50.45759,bc875ef6-6d51-4219-82ed-5fe8bf6a4c4d
8413,2002,USF,ENF,BEAR 2,5,2,1,48.81709,ec967f2f-3122-497d-974d-2844097872ec
8414,2002,USF,PNF,POPLAR,2,8,1,47.84096,edc6e50a-fa81-418e-8a87-716cbde7f5b4
8415,2002,CDF,NEU,PONDEROSA,7,7,1,46.05534,01c5a481-97ba-474c-af92-81de4fa55ff9
8416,2002,BLM,NOD,AMMEN,9,8,1,42.79679,da64e685-943e-4b9d-b90c-46e41a60bef2
8417,2002,CDF,FKU,VALLEY,7,7,1,42.79501,57deb8fe-09b6-4030-8515-e12696e28bd7
8418,2002,CDF,FKU,EDMONDSON,11,1,1,42.51326,2298687c-94ab-4d00-95db-4acec963ae16
8419,2002,CDF,TCU,"SPI #5 ""WINTON""",5,1,1,38.96273,5c02f5e7-49e4-4bf0-a4a9-23c6140cec76
8420,2002,USF,MDF,MULDOON,1,2,1,38.92647,16dcecd2-94cc-4b48-9954-73c6d310a5e4
8421,2002,NPS,YNP,VIRGINIA,1,1,1,38.23604,edcbbdf3-00f5-4b69-b853-61ef19ffabf1
8422,2002,CDF,AEU,CARSON,18,8,1,38.01346,e6e72590-0264-43dc-a7f3-3f49b286f849
8423,2002,CDF,TCU,"SPI #12 ""MILL CREEK #2""",5,1,1,36.49817,2b52c494-baf4-4cc4-8d79-2e318442f45a
8424,2002,USF,MDF,BSFMU7,1,1,1,36.30459,128f0ce9-7b77-4b87-9cc8-6be5dc7d67c3
8425,2002,CDF,TCU,"SPI #6 ""SPUR 4""",5,1,1,36.19624,a5ced193-645e-445a-80a0-6a77d0db4ec1
8426,2002,CDF,SHU,WENGLER,18,6,1,36.00298,9eddd279-fbb5-438a-9dd0-72f032dffd13
8427,2002,USF,KNF,SEVEN-MILE,9,8,1,35.58781,287168c4-575f-4d45-9fb9-90be2f2144a8
8428,2002,CDF,NEU,DREDGE,14,6,1,34.7777,1e1412e8-c0ca-470a-a8f9-93c785f79733
8429,2002,CDF,AEU,49ER,7,8,1,33.55684,aea52841-0c30-4377-9783-829af6c68a7e
8430,2002,USF,BDF,HARRISON,3,8,1,32.8327,4f575e78-5c71-4513-9b00-d14384426e27
8431,2002,BLM,CDD,HELENDALE,9,8,1,32.19297,7e035f2e-3632-47e9-b5db-941a8f864300
8432,2002,NPS,YNP,T-GROVE,14,1,1,30.37785,a09a6000-2c5f-4491-8833-f32b8e64ea58
8433,2002,CDF,SHU,SWASEY,14,6,1,30.29846,f728005c-ae7f-41eb-b830-e2439acafa6e
8434,2002,CDF,FKU,CAMELBACK,14,1,1,29.81462,53efe9e4-604a-4904-ad2d-cfcd1a380e8a
8435,2002,CDF,AEU,GREENWOOD,7,8,1,28.38487,62652e43-6388-4f16-8f9b-4303585df707
8436,2002,USF,ANF,SANTA ANITA,7,6,1,27.70605,8546f3b4-7df6-4e77-a3a1-732bdb73024e
8437,2002,USF,BDF,WHITE POST,2,8,1,26.74531,85722b88-918a-4649-9395-a341de531fb3
8438,2002,USF,SQF,POWERHOUSE,7,6,1,26.43615,00567fe5-90dc-4e69-addd-a3984ab263f6
8439,2002,USF,ENF,TELLS 3,5,6,1,25.33955,e7dab7c6-c806-4264-9265-e3691bac9a05
8440,2002,USF,MDF,DEEP CREEK,1,2,1,24.50612,22fece7d-5902-4158-89dc-481886071e9c
8441,2002,USF,SRF,LASSIC,9,8,1,23.54101,bb5ce344-6cbc-4370-9260-a7d9d696399d
8442,2002,USF,TMU,PIONEER 2,9,2,1,23.49194,71229335-4454-462f-b470-31b45dd78f61
8443,2002,USF,CNF,NATE,9,6,1,23.20061,6c94ee66-af1f-401e-9d24-80c151d192ab
8444,2002,USF,ENF,LOON 4,5,6,1,23.09802,1c20e982-3f05-4b07-9c6f-aed7c3a2fb4c
8445,2002,NPS,YNP,MORRISON CREEK,1,1,1,22.99034,19ee5fab-b87a-4065-b595-7710563dd420
8446,2002,CDF,MVU,WILDCAT,14,6,1,22.48635,690dbaa8-875b-47d9-991e-fe2ad95178eb
8447,2002,BLM,NOD,MENDIBOURE,14,8,1,22.319,0f18d190-aa78-4806-a3ac-12e9b5047a75
8448,2002,USF,ANF,ARTESIAN,9,6,1,21.76321,9f583e60-5449-4674-af4d-45faab837189
8449,2002,USF,ENF,LOON 5,5,6,1,21.23984,cc4e2776-a634-4027-8e41-64746ce89431
8450,2002,CDF,AEU,BUENA,14,8,1,20.76647,6eb2d125-6b02-4fee-9aab-d49dd60723f5
8451,2002,CDF,NEU,HALCON,2,1,1,20.13692,cf931924-157a-47f6-bb40-a606c8adf793
8452,2002,BLM,NOD,KNOX,14,8,1,20.08058,e8d400e8-8f2e-4e62-a000-d87f475c1aa6
8453,2002,CDF,TCU,"SPI #13 ""SKULL""",5,1,1,19.85106,14904807-0a8e-4a16-af15-4614d20d03dd
8454,2002,CDF,SHU,B LINE,18,6,1,19.79406,3a0c5a0f-075a-4a65-8af6-91ba6d763e8e
8455,2002,USF,ENF,ROBBS,5,6,1,18.99898,5fb021d6-65ed-43db-b3a4-9b7bd4f133f8
8456,2002,NPS,RWP,LOWER GANNS,14,8,1,18.95072,dc53b25d-3071-48be-976e-e8b3df59e541
8457,2002,USF,ENF,BALTIC,5,6,1,18.76903,67738542-05b7-4c9b-98f1-4fec7f4f16e0
8458,2002,CDF,FKU,RIFLE,9,1,1,18.64294,ec3927be-3577-4769-bc0d-42bae870b6f5
8459,2002,CDF,TCU,SPI #14,5,1,1,18.01762,1560a66d-8f95-4d26-8dbd-f9e1d2c84b8a
8460,2002,USF,ENF,TELLS 1,5,6,1,17.77096,6db20cb2-0400-4bdd-a74e-f019fbf2ea5f
8461,2002,CDF,TUU,AUCKLAND,2,1,1,17.7707,faa6bbea-b46e-42e5-b5c4-fa3ed26e84a9
8462,2002,BLM,CDD,SANDY,9,8,1,17.72243,17b8344a-e227-48e3-9040-d1d17cad9f7f
8463,2002,CDF,AEU,PUERTO,7,8,1,17.45142,5cad3878-2add-4a0a-85b6-ff7bf9a7d1fa
8464,2002,USF,SRF,GO,9,8,1,17.35108,daac110b-a61f-4b99-bae7-ac97b12250f9
8465,2002,CDF,AEU,D'AGOSTINI,11,8,1,16.84442,6053821e-15e0-4098-9638-d468589f6e6a
8466,2002,USF,MDF,BSFMU5,1,2,1,16.53854,4485a4ba-b068-47d4-bfc7-cb1dc7a9e8d1
8467,2002,CDF,AEU,GREENSTONE,10,8,1,16.24566,83af5d54-d94e-4bd0-a151-0bbb10d38cec
8468,2002,USF,ENF,TELLS 2,5,6,1,16.09994,0dff434d-019f-4fb0-b948-3ef1005b43c9
8469,2002,CDF,FKU,MILL CREEK,11,1,1,15.79057,158c9864-8696-40da-9781-013acaf06ba1
8470,2002,USF,MDF,HILL,1,2,1,15.53913,dc8aa47b-5c59-43eb-a1d1-38bc591849f2
8471,2002,CCO,ORC,BREA,14,8,1,15.35215,7cc22640-4343-470f-9b55-e5f400640ea6
8472,2002,CDF,TUU,BOSWELL,2,1,1,15.092,c705540c-74b7-4b89-b79a-c360a0604367
8473,2002,CDF,TUU,CHIMNEY,6,6,1,15.05269,d57bfda2-fafb-4549-8c4d-a32ed23ccf71
8474,2002,CDF,FKU,WARTHAN,2,1,1,14.09987,7c5c10b6-775c-4fb4-9c36-120dcccd1257
8475,2002,USF,STF,RALPH,3,8,1,13.98686,839510d2-475d-4376-8993-8948ea0d7e2c
8476,2002,USF,ENF,COWBOY,7,2,1,13.8099,ed035dce-9b1f-40c6-a9c6-c799c5f97d09
8477,2002,CDF,FKU,DUNLAP,2,1,1,13.27854,b8c71f4b-92fb-45f0-909c-06910880b93e
8478,2002,USF,TNF,VINTON,9,8,1,12.90569,0da2cf60-da17-4378-b12c-f330b108adb0
8479,2002,CDF,TUU,CURTIS,6,6,1,12.75973,5e1d6aa6-dc7e-47a1-a705-a3ef64268ae5
8480,2002,USF,ANF,PADUA,8,6,1,12.51119,fb68d8d2-b514-4015-9759-8e88f1b1bae4
8481,2002,CDF,TCU,VALLEY,14,1,1,11.80769,116a2c75-2092-4b78-99d5-5c28cbf78668
8482,2002,CDF,TUU,GLOBE,7,6,1,11.32047,20dc5ced-fa57-4408-8c02-08522a05014e
8483,2002,USF,BDF,COLD,9,8,1,11.18712,40b88f7a-0013-4456-a1eb-aa6e12747c37
8484,2002,CDF,TCU,SPI #9,5,1,1,11.12693,97569946-4e4e-4271-b60c-42b49840ccf8
8485,2002,CDF,FKU,TRIMMER,2,1,1,10.51467,d05cac9c-4766-4ecc-8469-1a09b6b9597b
8486,2002,CDF,TCU,MANUEL,10,1,1,9.737571,ca87558a-555a-497d-89cd-52c8af94adc0
8487,2002,USF,PNF,FERRIS,2,8,1,9.287744,31197628-986a-48c0-9f58-fb36049d1d79
8488,2002,CDF,FKU,HOKANSON,10,1,1,9.072392,740ef807-3ec3-4445-b8a8-19cf500e47ee
8489,2002,NPS,KNP,CIRCLE,1,1,2,8.625188,c78875f2-b02d-4ab8-9758-d24624239142
8490,2002,CDF,FKU,HARRIS,11,1,1,8.099585,fd7977e7-2c93-4b9d-9a32-266a49761cc9
8491,2002,USF,ANF,BEAR,2,6,1,7.982593,16a4fa88-a9ac-45a8-a0db-19d780461ce7
8492,2002,CDF,SHU,KESWICK,9,8,1,7.479671,305808e3-b97a-4671-a5ae-2441f42182d4
8493,2002,CCO,ORC,BREA CANYON,14,8,1,3.547262,4c45622e-2a2e-4f5f-93ba-77706e016caf
8494,2002,CCO,ORC,SHADY CANYON,11,8,1,3.149384,b3faf4ed-6ccf-4117-9a94-07451b2cc72c
8495,2002,DOD,AFV,UMBRA,11,1,1,2.77828,3efef00f-343e-47ae-bab1-410dc888bf3d
8496,2002,CDF,SHU,CLEAR,9,8,1,2.469844,b5aefea5-5cdd-4375-b104-955b51bee563
8497,2002,CDF,TCU,CHINOOK,2,6,1,2.002386,6004baa9-49ad-4ee2-b08f-9d39cbed5742
8498,2002,DOD,AFV,HAYBAIL,14,1,1,1.317139,7b984468-f00b-4810-a313-99e0ae8cff4e
8499,2002,NPS,KNP,RIVER,7,1,1,1.094599,d34d2bb3-7072-4b89-9cc6-71ef03ce4256
8500,2002,CDF,TGU,1-1,1,8,1,0.9679828,b2d2bf26-ea2e-4435-b930-9263b584e7a8
8501,2002,DOD,AFV,TREATMENT,11,1,1,0.8939275,617f032c-ab4d-4f68-8ab2-b0f0b34834b1
8502,2002,DOD,AFV,HIGHWAY_246,14,1,1,0.5998118,1528ae7f-f044-4928-9c7f-f3e72e4c3ee5
8503,2002,DOD,AFV,TRAILER_PARK,14,1,1,0.07349458,c74b2e2f-1b97-4b2c-8de1-93e369caf2c4
8504,2002,DOD,AFV,POWER_PLANT,14,1,1,0.05372769,a975e66d-bab6-4b5d-ab3f-db3068d36c6c
8505,2002,DOD,AFV,NEVADA,14,1,1,0.0113794,19c6ea25-4ab1-4861-91c6-cf214eaea5b1
8506,2001,USF,MDF,BLUE,1,8,1,34218.85,8a039a4f-d380-4654-93c7-89a3ef80234f
8507,2001,USF,MNF,TROUGH,9,8,1,24927.34,445f5ac6-eb81-410d-91a0-9d6e705386ae
8508,2001,USF,ENF,STAR,9,8,1,16464.6,20a2c363-312c-4f95-899c-b524c4be9d9c
8509,2001,CDF,TCU,DARBY,14,8,1,14280.48,aa887136-71b6-41cb-9cd8-fb72adbfd151
8510,2001,CDF,NEU,MARTIS,4,8,1,14126.82,9bb39d9b-70ca-4e60-b4e7-023749b63aa9
8511,2001,CDF,MMU,CREEK,7,8,1,11095.12,46814856-954c-410c-8a33-6fe8ff2bfa00
8512,2001,USF,CNF,VIEJAS,3,8,1,10438.02,58b6d3d4-c0c6-4e11-a98b-e1826cc9f121
8513,2001,USF,KNF,SWILLUP II,1,8,1,8099.49,19721ebc-fdbf-41cc-971f-73a4288ebb5d
8514,2001,CDF,BTU,POE,7,8,1,8054.761,dc53d8f8-1176-4ec6-9d71-11314a52ded3
8515,2001,NPS,YNP,HOOVER,1,7,2,7230.624,05e1d2f7-163b-4542-abdd-92f1ec5559d8
8516,2001,CCO,LAC,STABLES,14,8,1,6401.868,73b1736c-e0cc-4c2e-a2b8-0918e03fc853
8517,2001,USF,INF,CRATER,1,8,1,5589.926,6d0e45fe-662b-436b-8bfc-4887195cbf79
8518,2001,CDF,TCU,LEONARD,2,8,1,5188.44,02f160fa-35f3-43ee-b805-ebeddf6f8921
8519,2001,USF,MDF,CLEAR,1,8,1,4318.892,3b78bcf8-1ce2-4e89-9643-1966219fdb25
8520,2001,CDF,LMU,DEVIL,2,8,1,4253.891,10bcd5cf-1a98-4fde-810d-46893b40abd6
8521,2001,USF,SQF,HIGHWAY,7,8,1,4151.237,f96d4a31-8ffb-4759-9eb9-3ce4913caa19
8522,2001,USF,SNF,NORTH FORK,2,8,1,4130.54,13af433c-2a54-48be-82de-252d5a4bbeda
8523,2001,USF,PNF,STREAM,1,8,1,3526.331,70cc28d8-2102-4823-ac50-218177496887
8524,2001,USF,MDF,BELL,1,8,1,2977.996,ca755030-5f0b-4407-a301-ef6c29727390
8525,2001,CDF,NEU,PONDEROSA,10,8,1,2778.073,0033ec8e-81ba-44e3-90b3-f2846b327a91
8526,2001,USF,INF,MCLAUGHLIN,1,8,1,2714.432,8602bc8e-e7ef-48b9-b528-079497736fcf
8527,2001,USF,TNF,GAP,4,8,1,2447.371,b3915fb8-4e6b-4b25-9a09-ddb586628d4a
8528,2001,NPS,KNP,BURNT,1,7,2,2213.307,972e7226-3d44-4222-9994-0d49b882eec7
8529,2001,CDF,RRU,RECHE,10,8,1,1798,2d0d8368-0967-411e-bad1-e004a669ee5b
8530,2001,FWS,LUR,165,14,4,,1796.567,64285970-65c4-4aae-9461-204c9785a830
8531,2001,CCO,LAC,SLOAN,14,8,1,1788.64,d4cae159-8f4c-4fa9-8b27-eb629fc0bc13
8532,2001,CDF,SHU,OREGON,10,8,1,1694.359,c2d4bbc7-28f0-4330-ae6f-d1a1e11619e4
8533,2001,CDF,BTU,HIGHWAY 70,7,8,1,1692.83,a24709ad-157c-4c73-86aa-b6368b45a487
8534,2001,CDF,AEU,JACKSON,2,8,1,1670.782,d21a8017-b196-4312-a563-406b9eae891f
8535,2001,USF,KNF,JONES,5,8,1,1546.669,e08b9e87-78ec-480b-a821-0bcb122fc4fe
8536,2001,CDF,NEU,BLUE OAKS,9,8,1,1427.065,5851e4b4-863a-409f-bc81-a257281dad07
8537,2001,CDF,MVU,BELL,9,8,1,1409.168,b384c73b-ec23-4aa8-8244-9d3ed842ea1d
8538,2001,CDF,RRU,WATKINS,7,8,1,1404.172,e148e0d8-8d78-44d7-880b-5b433f1059d3
8539,2001,USF,MDF,ROCK,1,8,1,1313.052,e6b5cd42-6ac7-4d1c-82a0-b495c34c69b5
8540,2001,USF,SHF,HYAMPOM,7,4,1,1187.508,f80ee8ec-cdcd-418d-93b3-24a87b394893
8541,2001,USF,BDF,HEMLOCK,9,6,1,1074.468,70c46b3b-0f3d-4069-9658-8fb9a14c3aca
8542,2001,CDF,LMU,GRASSHOPPER,1,8,1,992.1561,1dea7333-598d-4d9d-84fd-8e176cd82e12
8543,2001,CDF,TCU,LAKE,9,8,1,772.7191,91dfaa50-a989-40da-a7ca-58c59cfdc5d4
8544,2001,USF,SNF,BRICEBERG,7,8,1,718.2866,ca054a3c-617b-46ec-9d57-01d076d9431c
8545,2001,USF,MDF,BSFMU31,1,8,1,712.8585,785f1659-1beb-4e90-beb4-05a55d144fe5
8546,2001,BLM,NOD,COWHEAD,1,8,1,710.4725,feff48b9-5427-4481-a655-9d85ed5ce7e3
8547,2001,CDF,AEU,BEVAN,2,8,1,687.1046,950bb819-567c-4a48-82c8-337b5f69bfa6
8548,2001,CDF,MEU,RIDGE,2,8,1,630.5644,ad4af2c7-d360-41c3-8ced-358fbe2ed714
8549,2001,CDF,BTU,LARKIN,14,8,1,626.8779,1b173182-33ba-4444-ba9d-7cede9622fbc
8550,2001,CDF,SHU,EAST,11,8,1,626.6323,cf121d3e-3325-431e-9eee-251ef8b9de00
8551,2001,CDF,TUU,VANDER-BOWEN,10,8,1,604.4866,48090fea-2c79-4142-9952-0756d7cdaa13
8552,2001,CCO,KRN,CHOCTAW,14,8,1,600.9371,37a4d88b-3400-4ba2-aa54-ed24f9651f69
8553,2001,CDF,TCU,MOORE,4,8,1,579.2594,d88b283f-549b-4e82-9b6c-958dde0b056b
8554,2001,USF,SQF,CANYON,9,8,1,566.4487,b736035f-fc7c-4e70-831c-c010dfcdc892
8555,2001,USF,SQF,DEMOCRAT,9,8,1,559.187,2329142d-1b09-4c79-bd66-5f400cffc79e
8556,2001,CDF,AEU,HIGHWAY-16,2,8,1,546.5455,af0fe8db-f8fa-4662-a063-5c47abf558ff
8557,2001,USF,BDF,SHELBY,6,6,1,531.4685,2ebd0466-8d15-49c6-a489-ac761673bd11
8558,2001,CDF,AEU,CLAY,7,8,1,525.5938,d1853777-0101-4fb1-a63b-2c5380fa2cea
8559,2001,DOD,CRB,UNIT #5,13,8,1,521.0673,b7fdf7cc-7045-48a3-877d-04b82fa63ac6
8560,2001,NPS,KNP,TAR,1,8,2,508.6396,87f29b8a-e52c-4640-9c42-6a65d4bb39dd
8561,2001,CDF,SCU,DEL PUERTO,14,8,1,490.8231,1fdf172e-d607-4f6a-8719-d3338afa2379
8562,2001,CDF,TGU,RED BANK,10,8,1,442.0984,7a6adde3-2676-4794-8060-7db24e6136ed
8563,2001,USF,MNF,M-9,9,2,1,437.3615,df50f2d2-8bb5-4d67-9195-2ebc98880afc
8564,2001,CDF,TGU,FREEMAN,2,8,1,417.3976,69372dc4-4fd4-4d1f-be3a-4b55b255164a
8565,2001,CDF,SHU,POWERHOUSE,14,8,1,415.9776,80967840-2b83-405f-ba6f-2c89df2f5e6f
8566,2001,USF,TNF,ROCK CREEK,5,8,1,400.9642,dcb2b35b-627b-4b56-8d8a-9cca5719e345
8567,2001,CDF,LMU,HILTON,5,8,1,391.5061,08a4ca20-6520-4d81-b42c-b0344e92ccef
8568,2001,CDF,NEU,LINCOLN CITY ASST,7,8,1,372.1003,715b5b2c-30d7-43d4-90c2-e86f7e88ceed
8569,2001,CDF,RRU,SILENT,2,8,1,345.208,5c8a4330-0715-41bc-a78f-3e87a0005da6
8570,2001,CDF,TGU,HOG,2,8,1,343.7303,c6751ca4-f9ef-4d5e-8b9c-20247f107a1c
8571,2001,CDF,BEU,BROWNS VALLEY,7,8,1,325.9918,aae8602e-dc4a-492e-99e0-f82dc0050799
8572,2001,CDF,HUU,FLAT,4,8,1,316.5558,f5e6f594-8828-4594-bcb3-e7827fd6a01a
8573,2001,CDF,AEU,PAYEN,9,8,1,302.1873,321619c6-f174-4f00-ab58-9cd3da90d92c
8574,2001,CDF,RRU,OLIVE,14,8,1,283.0871,9f721ebe-0403-44e8-9885-e239be1801e7
8575,2001,CDF,SKU,HUTTON/CORP #4,6,8,1,281.5603,b4c1b482-f292-4e5c-82c0-a2c47a6b5ead
8576,2001,USF,TNF,TREASURE,2,8,1,280.1865,ed1327ee-8208-4f08-805d-945d562641e1
8577,2001,CCO,VNC,WESTLAKE INCIDENT,14,8,1,278.6207,22994473-61f0-4070-ba95-f9b79a24f81f
8578,2001,USF,BDF,CANYON,7,6,1,262.7522,76718237-ee64-46d0-9819-c5c82713728b
8579,2001,CDF,BTU,LARKIN,7,2,1,256.8742,597c83e8-614b-42c7-8e1b-31c9d31df92e
8580,2001,CDF,MEU,BUS,5,8,1,241.651,8fa2d5a9-19ec-4ec9-acb9-34af9b94f837
8581,2001,USF,MDF,CANYON,1,8,1,225.0233,a95b8970-a937-4ab4-94b8-34b91d5e21e1
8582,2001,CDF,RRU,CAJALCO,9,8,1,224.9614,e11e99c7-b36b-4c64-b216-fb012587b02c
8583,2001,USF,SNF,MUSIC,12,8,1,210.0657,63a6ca16-132d-465f-8320-ccf2aea239d0
8584,2001,CDF,LNU,CLAYTON,5,8,1,198.4651,d7a32b77-f06e-4a2f-885e-685b551f2ff5
8585,2001,CDF,RRU,BALLINGER,1,8,1,198.1146,e74cd8cd-ca15-4f5c-b18a-2c14c1133cf4
8586,2001,CDF,TGU,BOGGS 5,7,8,1,197.609,53df94b6-73b4-492d-bcfb-8b4b5989ac94
8587,2001,CCO,LAC,BOUQUET,14,8,1,194.0872,44a46e6e-ddec-430b-b3e6-dfbe05b52ad2
8588,2001,USF,MDF,KELLOGG,1,8,1,187.7391,d47f7bfb-b739-4fc0-ba4d-5196d13f56bb
8589,2001,USF,STF,WHITE,2,8,1,184.754,e64e10b6-bb5a-4025-a236-210271aa0a09
8590,2001,USF,BDF,BAUTISTA,7,6,1,181.6095,18295efe-8047-4516-9ced-ed34d19ecfb0
8591,2001,USF,LPF,SANTA PAULA,9,6,1,174.3834,4cae1c89-67e9-4fb7-b17a-14ca072b0260
8592,2001,USF,MDF,SHIELDS SWWA,1,8,1,173.5963,7adbe347-ef09-4a7f-a1ad-eca7087707ab
8593,2001,USF,BDF,BALDY,2,6,1,165.785,fc0dd7eb-779a-464b-9608-5470d3770037
8594,2001,CDF,TCU,EASTMAN,7,8,1,164.8461,65da0f43-3916-4f39-8fa1-74a99f864de8
8595,2001,CCO,SBC,ALISOS,10,8,1,164.7736,065ad840-bd5d-4669-b12d-4394e64b5d93
8596,2001,CDF,TCU,HOGAN,4,8,1,162.1033,8dee996e-ae91-46e1-8f1f-fb507288d2a3
8597,2001,CDF,LNU,HOUGH,5,8,1,155.6287,dc5ae60a-7059-40b0-a746-cd59f1d5a3b0
8598,2001,USF,MDF,BSFMU17,1,8,1,145.4358,678ebe96-e980-4b76-85f2-8fa153702150
8599,2001,CDF,LNU,DUMP,7,8,1,144.057,b69a49d9-2dfd-4193-ba85-ffaf8ca13ca7
8600,2001,USF,KNF,CRAWFORD,1,8,1,143.3314,47d923ed-71be-487f-9968-0722215c238f
8601,2001,CDF,NEU,WHITNEY,14,8,1,142.6332,47b2d081-abfc-4b92-bb55-55c2781b5229
8602,2001,CDF,NEU,FLORISTON,9,8,1,142.2826,1b0c02c7-7570-4944-acdb-cbde25492fb7
8603,2001,USF,BDF,DEVILS CANYON,9,6,1,138.8332,2db26b66-266c-4b49-8d90-856fa1673918
8604,2001,USF,MDF,DEER,1,8,1,136.9612,e92db72f-457e-4f75-abfb-24a0c7e73b5a
8605,2001,USF,BDF,DUNCAN,7,6,1,126.3053,6c5becd5-c31b-493e-8f80-66923c8b77cd
8606,2001,USF,MDF,BSFMU25,1,8,1,125.9208,82e461fc-2ee2-406f-93cc-64e7b12f6e41
8607,2001,CDF,TGU,J. BLACK,11,8,1,125.3005,461ab161-981a-4820-8c42-1979baa0bb06
8608,2001,USF,BDF,TRAM,7,6,1,123.7714,8d28dd07-547e-4e19-b9bc-bc6370a38982
8609,2001,CDF,TCU,RODRIGUEZ,5,8,1,123.5091,0d43da1b-4264-4026-a649-500bf3ab9d23
8610,2001,USF,MDF,BSFMU34,1,8,1,120.7878,02cc929b-b682-4fa8-a42a-ca8cc15bb951
8611,2001,CDF,SCU,DEL VALLE,2,8,1,117.6447,a4b4ddd4-2577-4cf9-8531-d93ccc3308bc
8612,2001,USF,SRF,BOTTOM,1,8,1,101.1367,19ee392e-abb2-4add-807b-c13f3d8ebece
8613,2001,CDF,AEU,MURPHY,14,8,1,98.69863,75157ebc-e76a-4fa7-8b01-0559a3cc4420
8614,2001,CDF,TCU,J59#2,8,8,1,97.7409,16bbbc9e-fb7c-4f67-8bce-12b20823a142
8615,2001,CDF,SHU,DITCH,2,8,1,96.65246,7fb8995f-ccdd-4343-92b6-6bb5c13ac08a
8616,2001,CDF,SKU,BASS,11,8,1,96.26254,83a37c8f-d3a5-4ed8-9d29-85feec0e49f1
8617,2001,CDF,TGU,SCARBOROU,10,8,1,90.73259,57de3e98-c35e-4389-8edd-f943e487b4ad
8618,2001,USF,TNF,BEAR,1,8,1,90.09785,3402cbb6-7469-4745-bb04-5c9ddc5d619a
8619,2001,USF,MDF,FOURMILE,1,8,1,82.33506,d83ac477-6c7b-4298-a971-4af47412320b
8620,2001,CDF,AEU,SILVA,14,8,1,80.42118,d00cba45-796d-4d05-b77b-fc0a2557de83
8621,2001,CCO,MRN,SHORELINE,14,8,1,80.37611,7efd7474-0cd2-4732-9b1e-00b0bf6780e2
8622,2001,CDF,TGU,MANSVILLE,2,8,1,80.04604,395155ee-2f40-420f-b8fb-7361e1e37fe7
8623,2001,USF,BDF,JACKSON,7,6,1,78.964,ce503aa3-76c2-4011-a3b0-0c54b334e262
8624,2001,USF,STF,BEARDSLEY,5,8,1,78.53421,cb9c9e12-f381-4ab9-ba0e-cce9c05023a8
8625,2001,USF,BDF,MIDWAY,9,6,1,76.104,80d27ef6-e38f-4613-9429-24b902760dd1
8626,2001,USF,MDF,PARSNIP,1,8,1,72.39548,5701536d-cefe-4fe9-873d-1f258db07839
8627,2001,CDF,SHU,FAWNDALE,10,8,1,69.87627,ab8f2b64-42aa-4d4e-8ad6-285e68dc6838
8628,2001,CDF,TCU,ENGELHART,7,8,1,69.01786,31c05c76-9c0e-4587-a2be-1e200a3507a1
8629,2001,CDF,MEU,MEDICINE,14,8,1,68.39821,1d7b619a-dafb-4d66-8c6e-b9fd7c945183
8630,2001,CDF,AEU,FRENCH,2,8,1,66.66997,37363009-0afe-48fb-91ee-6992d711b9b1
8631,2001,CCO,VNC,PIRU INCIDENT,14,8,1,65.32978,63c3cd98-284c-48c3-8565-77d64651f0ad
8632,2001,CDF,TGU,CRANE,14,8,1,65.25998,56eb3d81-cbe9-4317-bdd8-30264fbe5669
8633,2001,USF,LPF,JUNKYARD,9,2,1,63.45585,4fc65d1f-f61b-4fb4-984a-ff221da33f5b
8634,2001,USF,SRF,DANCE,4,8,1,62.42818,475bd851-5c46-46b2-b38e-35a1dcb1d5fe
8635,2001,CDF,SKU,BESWICK,2,8,1,58.54866,c22187d7-68ea-4f38-84f9-36178e6be2ad
8636,2001,USF,STF,PRUITT,1,8,2,57.23128,c15d64dc-d894-470b-942d-8534e6f543d4
8637,2001,CDF,AEU,MICHIGAN #4,7,8,1,54.85789,be99598f-1e87-42a8-8cf2-ac1dd85678d8
8638,2001,CDF,TGU,MANTON,5,8,1,54.14885,c8c7b2be-0226-4199-88bb-e5e2a96d524e
8639,2001,CDF,FKU,BUTTER,2,8,1,53.8652,d0d44d1e-8752-4069-af18-f263fc3597ae
8640,2001,CDF,TUU,DRY CREEK,7,8,1,53.83966,e442af16-f6cb-4c04-88ed-d9766c371e25
8641,2001,CDF,TGU,RED,3,8,1,53.28186,644b3e6c-34fb-43f2-86fd-78afa10a7a41
8642,2001,CCO,LAC,TEMPLIN,14,8,1,52.0729,f239ea57-aeb9-488e-9c20-a33649d77910
8643,2001,CDF,FKU,TOLLHOUSE,11,8,1,48.88434,69852fac-9e40-4853-ac7b-bfca7b1eb97c
8644,2001,CDF,MEU,MILL CREEK,7,8,1,47.56967,3afa031e-2022-40d5-9e21-d5bac0638fd9
8645,2001,CDF,TCU,HOURET,7,8,1,40.60353,64a81ae5-4cfe-474d-bfa7-40de78822f58
8646,2001,NPS,YNP,CLARK,1,8,1,40.14474,7f048133-115f-4686-b74e-a753e353d224
8647,2001,FWS,TNR,JAMACHA,8,5,,39.5129,c30ca9ee-e381-45f5-9ff9-2692309ef96c
8648,2001,CDF,SKU,HORNBROOK,9,8,1,38.4432,84a9b03e-bb1b-4938-bc04-81d3ed88431a
8649,2001,USF,KNF,REDHILL #2,1,8,1,36.65469,ae5c842a-cce9-479e-a62f-6c139755d545
8650,2001,CCO,VNC,WALNUT INCIDENT,14,8,1,36.43497,03de866c-6c49-4a70-813d-63b710493c94
8651,2001,CCO,LAC,GLENDORA,14,8,1,36.24531,0e495ad2-acf7-4eb2-95ca-7d803f9a94ab
8652,2001,NPS,CNP,FORD POINT,4,5,,36.21962,f1fe06b6-074f-4aa7-9c06-6aa0631e505d
8653,2001,BLM,NOD,SHU DERSCH,14,8,1,36.16582,dfd9b682-4e27-4483-8d64-32c3384c9a10
8654,2001,DOD,CRB,UNIT #,13,8,1,35.83173,906f0497-08bf-4de2-9c85-242b39fcdc71
8655,2001,CDF,AEU,HORIZON,2,8,1,35.0274,2f36b80c-2cde-4356-8469-eafb85dd8d75
8656,2001,CDF,LMU,HICKS,5,8,1,33.54464,46399658-61e7-438a-8613-ff76179eb62b
8657,2001,CDF,AEU,WHITE,5,8,1,33.49118,bc2583cf-7515-42d6-a88a-5dd39cd1d169
8658,2001,CDF,AEU,FALCON,2,8,1,33.35941,298b00f5-9be1-4dee-a4e9-79331177d6d5
8659,2001,BLM,NOD,FANDANGO,10,8,1,30.72956,0151f871-cad3-4b82-8f1a-6eb622324f4f
8660,2001,CDF,TGU,ELDER,14,8,1,30.15665,2b617cbc-cd3a-4361-b396-ece448d83eda
8661,2001,USF,STF,LION,1,8,1,30.04706,5acc49d1-b36a-4fa2-b1a7-d3997bb38ae3
8662,2001,CCO,SBC,CORREL,14,8,1,29.32667,0bb329f0-d096-4a3b-b200-351eb07fc618
8663,2001,CCO,VNC,CREEK INCIDENT,14,8,1,28.31367,97ceb263-f93b-4c1f-84a3-d707b26d5fac
8664,2001,CDF,FKU,HILL,2,8,1,27.09624,c69cc81f-480a-480f-8c26-bfeaa90210ff
8665,2001,CDF,FKU,TAYLOR,2,8,1,26.38666,387d461f-4523-4678-92c2-3e02843dac26
8666,2001,USF,MDF,BSFMU48,1,8,1,26.03437,1bb0a88c-e6ee-482e-9734-c5b2e0124179
8667,2001,CCO,ORC,SHADY CANYON,11,8,1,25.5823,2af8df61-bd35-447a-964a-7a5553230a74
8668,2001,CCO,SBC,TEPUSUET,2,8,1,24.10632,ede6252f-7b06-4cb1-a01c-53a051d0ab37
8669,2001,DOD,CRB,UNIT #17,13,8,1,23.99499,7de8507d-5073-45bc-b40a-7a2c9e4ed6b8
8670,2001,USF,MDF,DOUBLEHEAD,1,8,1,23.97615,695d09ae-f48d-4fe8-b284-2fd1fa29d581
8671,2001,USF,BDF,DRY,9,6,1,21.04172,27262310-32f4-4340-b9c2-71ed5babb1f7
8672,2001,CDF,TUU,ELDERWOOD,11,8,1,20.67068,f3342a68-11f6-471b-a9ba-0bc5ac22d859
8673,2001,CCO,MRN,REDHILL,14,8,1,19.24832,abc479ee-3e40-497f-9990-fc415334ed51
8674,2001,NPS,YNP,KUNA,1,8,1,18.28424,5dd669e8-f022-4549-8728-89bc9838a83c
8675,2001,CCO,MRN,CHINACAMP,14,8,1,17.46876,785e7fba-8f5b-4c4c-a376-523376237277
8676,2001,USF,MDF,BSFMU27,1,8,1,17.05641,6c9fc8fe-dc72-4c84-af0c-605e973bc0b7
8677,2001,USF,MDF,FERN,1,8,1,16.12972,ba8e7dc7-21e2-454f-9da3-18b60c7e63ab
8678,2001,USF,BDF,HORSE,4,6,1,16.08825,2f725886-18df-4bb9-a3f5-a83383cbd37a
8679,2001,CDF,FKU,LODGE,7,8,1,15.17096,801abe92-ddab-4913-ba3b-ce064ef38a50
8680,2001,CDF,FKU,CLARK,11,8,1,15.11349,885c2a8d-780d-4db4-95cb-08cffccab4e4
8681,2001,CDF,AEU,HIGHWAY-88,7,8,1,15.09821,8611a771-927a-4055-8e8c-51d8b89fbedb
8682,2001,NPS,YNP,LYELL,1,8,1,14.5247,37ca089a-b81e-4ccd-939e-2fddcdb41b7f
8683,2001,CDF,FKU,PIEDRA,11,8,1,14.26093,6ad14f8c-b555-4df5-bf8b-73005dcf50ed
8684,2001,CCO,SBC,ASSOCIATED,2,8,1,13.34772,13dcd51f-6331-4c51-bf8c-3a263c766b92
8685,2001,DOD,AFV,SLC-4E,9,1,1,11.60409,adf77a73-652d-4f77-94bd-d1113d912e46
8686,2001,CDF,AEU,DILLARD WF2,8,8,1,10.85555,22a1b8db-b295-459f-af19-86fa18ca35b6
8687,2001,CDF,SKU,MINI,9,8,1,10.75157,c599f393-3ef8-4e39-9529-512ae84d3ce7
8688,2001,USF,STF,HIGHWAY,9,8,1,10.47153,5c7f4f3c-6326-4e6a-833c-ab359e898b93
8689,2001,CDF,AEU,ETHEL,2,8,1,10.37272,2f7fb0e9-8eeb-41ba-a824-a71d095ec939
8690,2001,USF,STF,STAR,5,8,1,9.962753,44d063f5-256d-413c-a5da-1ec1b2ed152d
8691,2001,BLM,NOD,SHU DUNCAN,18,8,1,9.843405,31e9fee3-ef4c-4e4a-96d2-0d10d70bea2b
8692,2001,USF,BDF,SOBOBA #2,9,6,1,9.820583,dfc15e38-550d-4fe8-9e9c-b4ce81a04049
8693,2001,CCO,MRN,SAN RAFAEL HILL,14,8,1,9.797535,8ce8c501-a919-403f-8634-419fd4f8ab03
8694,2001,NPS,KNP,KENNEDY,1,2,2,9.361344,1ed20210-488d-4e9e-93f4-e513658e20a2
8695,2001,CDF,FKU,QUARRY,11,8,1,8.89965,b32c2574-e412-4c39-ac60-bd44611987e9
8696,2001,CDF,SKU,MTF ASSIST #9,9,8,1,8.156753,5cec8a3a-2b9f-45e5-8752-bded65a71dfc
8697,2001,USF,STF,CLARK,1,8,2,8.035539,acc8d3f1-f418-4fe9-8069-68894837643c
8698,2001,CDF,SKU,WEED,8,8,1,7.58955,2e6fc574-ebe9-4f4b-9366-c4ec34b5bf35
8699,2001,NPS,YNP,MCSWAIN,1,8,1,7.429114,071c7e55-4fd9-4e65-9705-5c6df5370810
8700,2001,DOD,AFV,LF-21,11,1,1,6.365749,b3579f6f-1aa5-4c3c-a477-e78f6162a3cf
8701,2001,CCO,ORC,,7,8,1,6.120744,b87c307b-5f57-49b6-b4cc-95509477e49f
8702,2001,CDF,SKU,COPCO,14,8,1,4.643742,6e2ca6c5-16a6-4d86-87b2-cdbe2fa8a663
8703,2001,CDF,SKU,POLITICIAN,14,8,1,1.842874,16902460-c7c2-4ab8-969f-04a7ef01c33d
8704,2001,CCO,MRN,NICASIO,14,8,1,1.293951,f18b3ca3-0721-4a4a-92d7-83e006a68395
8705,2001,CCO,SBC,ALISOS/SPOT #1,10,8,1,1.161865,f0bc9a05-d8cb-442b-9847-e429f6c05386
8706,2001,DOD,AFV,475,11,1,1,1.006342,2849bb8d-4b3d-4bc2-8fe6-d94f88e06e5c
8707,2001,CCO,SBC,ALISOS/SPOT #2,10,8,1,0.9866281,b8291c19-95a3-4691-83d2-a46a1c6c9ed4
8708,2001,CCO,ORC,TRAFALGAR,8,8,1,0.8448189,2ffa3095-1ab8-4698-a421-8b930ce6cefe
8709,2001,CCO,SBC,ALISOS/SPOT #5,10,8,1,0.446162,afc07d0f-9bbe-47d8-b304-d0a5a13d5305
8710,2001,CCO,SBC,ALISOS/SPOT #3,10,8,1,0.2672532,fbd55bd8-bdf6-4b4f-9940-2838779cdedc
8711,2001,CCO,SBC,ALISOS/SPOT #4,10,8,1,0.09019687,0230c8e2-9b64-4852-955f-097df068102c
8712,2001,DOD,AFV,TRANQUILLION,3,1,1,0.0435366,812f7bd5-bdf1-4c8a-9e58-c2386639eec9
8713,2000,USF,SQF,MANTER,9,8,1,79223.43,ada53dd7-e370-4966-b6d6-e9ad3247c042
8714,2000,USF,PNF,STORRIE,6,8,1,56076.33,1c668c66-a29f-414e-badc-1c290d8d218f
8715,2000,CDF,RRU,PECHANGA,14,8,1,11733.98,4e71ea8f-4b94-4cf7-9120-b3decf0730ad
8716,2000,DOD,AFV,HARRIS,9,1,1,9329.917,2e111db2-8875-43cf-a299-997b1394159d
8717,2000,CDF,TGU,WEINSTEIN,18,8,1,8283.986,51aa8e92-5d6d-42b1-ae30-d64b74edfcba
8718,2000,CDF,MMU,HUNTER,2,8,1,8205.802,75686728-c95a-4cbd-97d4-1784faa4b4fc
8719,2000,USF,LPF,PLASKETT 2,9,8,1,5811.851,3a23589f-35b1-4be7-8188-c707ee76137f
8720,2000,CCO,KRN,KING,1,8,1,5105.894,3f12fb3b-476e-4192-83bd-d57ae6e48d19
8721,2000,NPS,DVP,HAPPY,5,8,1,4907.75,374b0fac-f584-449f-8217-14e2bed05175
8722,2000,CDF,LNU,BERRYESSA,10,8,1,4859.858,a69e345e-847b-4dcc-977c-35f8f9ef5b0b
8723,2000,CDF,LNU,HIDDEN,2,8,1,3960.484,3ccbbc9a-6cda-4b2f-9e89-27d93bf589e9
8724,2000,CDF,LNU,MORGAN,2,8,1,3316.259,421d5638-b1e4-495e-ab10-877a86d1e1c5
8725,2000,CDF,MMU,GRANITE,9,8,1,2591.922,60c7bc68-4833-4ba7-bbdf-38f617262f89
8726,2000,CDF,BTU,CONCOW,2,8,1,1834.89,360d1817-5387-4feb-84d6-7c521152b969
8727,2000,CDF,BEU,NORTH FORK,2,8,1,1735.933,d7f28a08-d149-4d8a-9529-b26d27d57ead
8728,2000,USF,KNF,BARK,9,8,1,1719.756,724472db-a20e-4d1c-8391-9beb7182587c
8729,2000,CDF,MMU,ROMERO,10,8,1,1706.85,7e3563ba-9f84-439c-8a65-36a7c37be476
8730,2000,USF,TOI,,1,8,1,1527.621,1be1b083-76c0-46c4-beef-223154ef9a59
8731,2000,USF,MNF,CABBAGE,4,8,1,1358.238,54ee638e-5808-4653-a0a6-b26808c381cf
8732,2000,CDF,MVU,BARRETT,4,8,1,1323.16,19fe6c7a-cfa9-4ed3-926d-2777b1bb9871
8733,2000,CDF,LMU,GOAT,4,8,1,1116.871,9ff39dab-8ff5-4c5d-acb0-70ca4716631d
8734,2000,USF,MNF,TOWN,9,8,1,1110.209,8b9a444f-2ec3-4d1f-9f6b-9a566ec6a884
8735,2000,BLM,CCD,TURTLE MOUNTAIN,14,8,1,1075.476,078a892c-385a-4b35-bf31-a7ccdea9f6a8
8736,2000,CCO,KRN,PEAK,1,8,1,1054.643,bb2d83cd-d7aa-4b83-9a78-eef645afe4e5
8737,2000,DOD,CRB,,14,8,1,1044.769,36d1c47d-8f8c-43fe-aef8-1061d29f6961
8738,2000,DOD,CRB,,13,8,1,1028.244,7f49dcae-9a87-4f6c-8216-503dc2725f27
8739,2000,CCO,LAC,CALABASAS,14,5,1,1024.243,dab2f143-ed61-4c83-86de-3f0ca39d90f6
8740,2000,USF,SRF,JOURNEY,7,8,1,1010.05,173f1fce-b66d-45b8-a803-08be7e4e004f
8741,2000,DOD,AFV,PEACEKEPPER,11,1,1,978.645,f5152cc4-5959-4cf8-843f-5c4f0dd0594e
8742,2000,CDF,TUU,ELEPHANT,18,8,1,886.4835,b509890a-ee20-47ec-a06c-1288755e43fd
8743,2000,CDF,SKU,CORP #13,6,8,1,813.3008,03df8cca-ae24-4979-b467-4c135df76fab
8744,2000,CCO,LAC,YUCCA,14,8,1,788.8675,cde0742a-7696-457e-a479-bec0a61b46cf
8745,2000,CCO,KRN,46,10,8,1,714.6047,84779763-011a-4329-8c51-13e0bdef4822
8746,2000,USF,INF,AZUSA,4,8,1,700.4916,5dd2c9ce-2fbc-42f7-9cd9-d4948c79f27f
8747,2000,DOD,CRB,,14,8,1,658.354,81d11be6-8105-4584-bfac-93b81d555baf
8748,2000,CDF,FKU,HIGHWAY,7,8,1,654.4009,2c4c8b84-878c-43ff-a779-f83159d452fe
8749,2000,DOD,CRB,,14,8,1,609.0299,eea13163-0bd1-4956-9c59-3256dcaa7a34
8750,2000,USF,CNF,LYONS,7,8,1,495.3677,15bba433-c87f-4e88-a3e8-bf1dcd086cfb
8751,2000,CDF,BTU,LARKIN,6,8,1,487.2531,a3060895-c063-4134-978e-7cc4b8cc731a
8752,2000,CCO,ORC,TRW,14,8,1,445.1155,cc838cfa-6643-44e6-904a-76c4b68fe16b
8753,2000,CDF,RRU,BLACK RANCH,2,8,1,443.8463,890ab153-7155-4f06-9b2c-4ba23fe798dc
8754,2000,CDF,LNU,WINTERS,14,8,1,404.4478,c919747a-fc73-4e4c-84a9-41a3c035c108
8755,2000,CDF,SLU,BECK,14,8,1,396.3609,85bb2521-f123-41f8-aa04-5919866bc3ed
8756,2000,CDF,LNU,SIXTEEN,7,8,1,390.0531,a6ba09b3-ff25-4c77-8f36-d3cfb26a2f00
8757,2000,USF,ANF,PARADISE,9,8,1,350.2433,1bc5adcc-6604-4d16-abb7-32b3254071e3
8758,2000,CDF,NEU,DRIVERS,3,8,1,348.9233,a2eccb9e-a78f-450c-81cc-db324981e06a
8759,2000,CDF,SKU,CORP #15,6,8,1,342.2455,66ff2b94-856f-4c7d-92fe-98cd1c41faeb
8760,2000,CDF,TUU,SUCCESS,7,8,1,330.5911,7b24e204-f306-459f-996c-f19d5cf47789
8761,2000,CCO,KRN,FIVE DOGS,11,8,1,324.3515,e279d134-6418-4e3f-bace-dc33a343e68b
8762,2000,USF,INF,SAWMILL,1,8,1,321.5998,31bf472b-da10-4198-8657-79098300c77d
8763,2000,CDF,SHU,UNION,2,8,1,320.5536,ff7c90d6-36ee-47d0-80d5-6df29ff13a5f
8764,2000,CDF,TGU,LOURENCE,7,8,1,304.6091,7741f64b-9752-4711-93b2-8316a769483f
8765,2000,DOD,CRB,,14,8,1,301.6478,4ca47f51-67f6-40c8-9a19-6500b9ba967a
8766,2000,CDF,TCU,PARROTTS,2,8,1,288.9987,e6f6ad62-1155-45d2-b2a3-3460e5cec5ec
8767,2000,CDF,MMU,RANCH,14,8,1,284.068,bc490557-f689-4cdd-a89c-4dfe17c2b661
8768,2000,USF,CNF,HAUSER,4,8,1,275.8629,1cd90c83-dfc4-4c65-a4e5-2a4cdb158117
8769,2000,CDF,MVU,BEELER,14,8,1,269.3034,19d69013-2368-417d-9eb7-0a60e9791737
8770,2000,CDF,SCU,UTC,14,8,1,254.5113,313eefbd-6169-4c1e-b403-e02ffc07571b
8771,2000,CCO,LAC,DRY,14,8,1,253.3635,eda0ce7c-6fd6-4f7a-b09d-e1494de5db70
8772,2000,USF,CNF,BUCKMAN,7,8,1,240.8438,c8ba87c7-f04c-410b-a284-675b8ebff684
8773,2000,USF,SQF,MILLWOOD,2,8,1,238.2496,cc0ab0e6-d64f-4974-a8c2-d5c96eaecfb5
8774,2000,CDF,SCU,PATTERSON PASS #2,14,8,1,237.5722,94daef5e-fe60-43f3-a4d8-1d56ad4d7db6
8775,2000,USF,STF,ARNOT,1,8,2,222.2774,b7c61071-c169-4fb1-8ad9-c3e1740c50f9
8776,2000,CDF,TCU,PALOMA,7,8,1,209.9526,643764a0-ea55-409a-9854-29945ae8e543
8777,2000,CDF,SLU,HWY 41 EAST,14,8,1,202.9991,c38a390f-b74c-4851-a471-43e9f06158e4
8778,2000,CDF,MMU,I-5,10,8,1,199.8435,f7864b1c-96ae-440a-8613-cd40870c2e37
8779,2000,USF,ANF,MORGAN,8,8,1,198.6143,c5b63437-66ab-4508-80e7-fd564f5e4ab6
8780,2000,CCO,SBC,JONATA,14,8,1,193.1225,51dd200e-cbb7-48f5-b366-1a24a3890150
8781,2000,USF,LPF,OAK,7,8,1,186.6535,4712b7e4-268d-4f37-b735-9c16f777169d
8782,2000,CDF,SLU,CYPRESS,14,8,1,179.7841,80965766-5eed-47c0-88d4-614ee3e118b0
8783,2000,CDF,SLU,COTTONWOOD,14,8,1,178.4423,67c5be84-fcdc-4354-b2cb-79802ed21755
8784,2000,CDF,TUU,LINDSAY,7,8,1,176.1224,3ebdf33c-13db-4ab1-afbc-9dbe413f0910
8785,2000,CCO,LAC,BURKE,14,8,1,171.8867,cc8a85b8-50d5-4d1a-a12e-0c9f3e133af7
8786,2000,CDF,FKU,PIEDRA,5,8,1,168.0016,ef76640c-4e0a-487a-8601-7660631624d9
8787,2000,CDF,SCU,CASA,14,8,1,164.3181,c35fa59e-0997-4f05-85ab-27e1fda20ee3
8788,2000,DOD,CRB,,14,8,1,162.3691,b76c589f-0af3-4784-81af-d90e0746d746
8789,2000,CDF,TCU,HARLEY,5,8,1,158.3766,ffb63855-3d41-448f-b1d3-cfd0b50fd4f1
8790,2000,CDF,NEU,AMERICAN,14,8,1,148.4091,f2b2a341-4d22-4e54-86ba-d66a50472e8c
8791,2000,CDF,MMU,RANCH,14,8,1,146.8259,ebd05ba8-ed3a-4852-bd3a-a72f8bab92fa
8792,2000,USF,MNF,FRANKLIN,5,2,1,140.6012,263afcce-5954-4279-9bb3-f11ecdd348aa
8793,2000,CDF,SKU,ORE ASSIST #7,1,8,1,139.0784,fa16aa1c-a166-4488-abe0-9f55ca990975
8794,2000,CDF,TGU,PAYNE,11,8,1,137.3725,f0ddc34c-c643-448d-b8e5-9095b0c63340
8795,2000,CCO,LAC,WEST,14,8,1,121.432,36748429-f9a4-491d-bbbe-08e29c9f86e9
8796,2000,CDF,FKU,33,11,8,1,121.115,3b5e1d26-03a5-4612-942b-ea47b219ecbc
8797,2000,USF,LPF,MC KINLEY,9,8,1,117.2701,1d1a7c14-6285-4db4-a65f-26d92d4a79e5
8798,2000,CDF,LMU,DEVIL,14,8,1,114.0297,d4d11139-f0e5-4160-a33a-8410580de84e
8799,2000,CDF,SCU,CORRAL,14,8,1,105.141,985e0cf1-11d5-42cc-80b9-9aa12ca4634c
8800,2000,USF,ANF,CAMP,9,8,1,98.73316,bde9fbcc-eee3-4439-a421-b4cf20193092
8801,2000,USF,TNF,DEADWOOD,2,8,1,95.81236,38f2498c-2c26-4612-914c-b1ea1070eb28
8802,2000,CDF,SKU,LOUIE,14,8,1,89.26976,cc8240c8-522a-48c0-937e-e02fcd63c6e5
8803,2000,USF,SNF,SAVAGES,9,8,1,81.69134,150fc06e-8878-4f18-b943-ece9e5922e8e
8804,2000,CCO,SBC,SINCLAIR,14,8,1,80.76332,f53dd6c9-0545-41c7-bab6-07f10a73d276
8805,2000,CCO,VNC,KENEWA INCIDENT,14,8,1,80.0272,002010d9-a3d9-4b1a-aa15-09edb0cd5e32
8806,2000,CDF,SCU,SEREDA,14,8,1,79.57642,a55fe88d-0a71-46f6-88ce-1efc9704ff46
8807,2000,CCO,VNC,CREEK INCIDENT,14,8,1,77.23606,ed3612d2-a629-404b-b30b-b3b73577db35
8808,2000,CDF,SCU,HAYWARD ASSIST,14,8,1,75.46236,d488d7fb-a65f-48ab-b3db-767facc1e980
8809,2000,CDF,SCU,REDFERN,14,8,1,75.28324,4236db65-ad2c-4a83-878d-458a836f0170
8810,2000,CDF,MVU,BORDER #6,14,8,1,74.55701,b8d156fb-8dda-457c-a6b5-b8f6b0c409f4
8811,2000,USF,SQF,SARGENT,2,8,1,74.25986,ab993df3-a3ae-43b2-882b-eb7d23797113
8812,2000,CCO,LAC,LAKE,14,8,1,73.86954,bc3a0ddd-46fb-4bcf-9ff9-ebf625b84973
8813,2000,USF,SQF,HILLSIDE,8,8,1,73.02984,2b537301-881e-4a2c-8382-1a416a336105
8814,2000,USF,SRF,WINDY,9,8,1,70.0899,b5f6f40e-2148-47a7-a65f-9a620f41f191
8815,2000,CDF,SLU,SHEDD,14,8,1,69.65021,4b2e69e6-010e-47ed-8ff2-f32e2e8ecfe7
8816,2000,CDF,TCU,HWY 49 #7,9,8,1,67.50411,e40270cd-a1bb-4f3b-a765-52f5a1fcde0c
8817,2000,CDF,TUU,VISTA,11,8,1,58.9828,836a7bf0-775b-419c-8436-32e0220160c2
8818,2000,CCO,SBC,BEEROCK,14,8,1,58.92002,5291d094-7a3b-4bd6-aafb-10ed31ed0466
8819,2000,CDF,SKU,VISTA,7,8,1,57.78892,a7933800-7bc7-4ce1-8211-867822683863
8820,2000,CDF,FKU,SAMPLE,2,8,1,51.74456,8834b66b-7000-4339-b77e-a8df897dff83
8821,2000,CCO,ORC,RACETRACK,2,8,1,51.68973,aabc65cc-2fe3-4f7e-99cb-edf0d26c3c0d
8822,2000,NPS,KNP,ROADS END,7,8,1,50.56153,dc66a0b6-e1fa-47ab-b3a4-548bc829b24a
8823,2000,USF,SQF,EDISON,9,8,1,50.04016,c6844a74-f8a0-496c-b045-c2d47cfc8e27
8824,2000,CDF,TCU,HWY 120 #1,10,8,1,47.78837,7d9e9d22-811a-4393-b7a9-66790bfacce8
8825,2000,CDF,FKU,FIVE,3,8,1,47.09167,64612de4-2321-4cc4-bd3b-ed7e4e131d79
8826,2000,CDF,MEU,MCGUIRES,5,8,1,46.45526,aa568a17-5a84-47ec-a913-158d7fc46e6c
8827,2000,CDF,RRU,MORENO,14,8,1,41.69082,c4d500c4-16cc-4439-a374-391ecf090cf6
8828,2000,USF,STF,CAMP,5,6,1,41.4433,1a33e213-6c7d-4b3b-be7b-e8570591e50e
8829,2000,USF,LPF,CACHUMA,1,8,1,40.26729,cb236b86-1299-45d5-9659-1b06d54f3aab
8830,2000,USF,ANF,ROCK,7,8,1,39.28888,08d30a9c-6348-410f-be5b-0f743a57b1f9
8831,2000,USF,SNF,POISON,9,8,1,39.2718,c92251c6-9c66-4338-a747-86eaf9e78ac9
8832,2000,CDF,SKU,ANDERSON,9,8,1,38.6687,534e766f-25f2-49b7-afd1-e628108ab90f
8833,2000,NPS,YNP,ECHO CREE,1,8,1,38.22342,9cc92c1c-dbc5-4cfb-97dd-f72d991042f6
8834,2000,USF,SQF,SALMON,9,8,1,35.51439,8b7fd5c4-d5b8-4e78-aa03-21acc9167dfa
8835,2000,CCO,LAC,ORCAS,14,8,1,35.4088,929f4553-cbe3-4e31-b1b3-1a6c12c051bc
8836,2000,CCO,SBC,COTTONWOOD,14,8,1,29.63558,f718efda-18e9-4136-bc47-72e40c9e1159
8837,2000,CDF,SKU,ANDERSON 2,5,8,1,29.40894,b5cae696-9a67-4e53-8ae8-1c83682cfd2a
8838,2000,CCO,SBC,NOJOQUI,14,8,1,27.3751,31a8b2f1-fac5-48e6-bd4d-084956525479
8839,2000,CDF,SKU,CORP #14,6,8,1,27.30938,51e682c9-3751-4fe5-9d8d-7f5e06aa814f
8840,2000,CDF,FKU,SAND,2,8,1,25.34229,9c4a69b0-df30-4851-b9ce-e32523208f32
8841,2000,DOD,AFV,SPRING,9,4,1,23.52024,3d57c009-aae0-47f0-8b24-2c93143cf2c1
8842,2000,USF,MDF,POINT,9,8,1,22.27248,b39bcc8f-1395-424b-aa87-b9c18dd00c33
8843,2000,CDF,TUU,ROCKY,7,8,1,21.42376,7782d21c-23c0-4274-8373-4d9277442495
8844,2000,CDF,TUU,SUCCESS,9,8,1,21.20875,f0f4a21b-5701-401e-bdd0-15a4c647833f
8845,2000,CDF,TUU,RIVER,10,8,1,21.13794,10856f01-f120-4ede-95dc-da745b15b7b9
8846,2000,CDF,MEU,GORDEN,5,8,1,20.5903,d2af10c5-62ec-4184-af54-a9a03c7c10be
8847,2000,CDF,FKU,COPPER,2,8,1,19.91757,d2852693-7187-4a30-91ba-9a69bf6a78a3
8848,2000,CDF,SKU,HORN,2,8,1,19.64039,7d8af4ee-6a4e-4995-a7a3-557b43fe672f
8849,2000,BLM,NOD,SHU BLANCH,11,8,1,19.4711,f42101e8-7037-4fe0-9b5c-d3a316efd133
8850,2000,CDF,SLU,SQUIRREL,14,8,1,19.27808,0916bfbf-1485-429b-8c2e-1fd10a86b968
8851,2000,USF,CNF,CORTE,2,8,1,18.92369,f92ca3e6-e06a-4d3f-bbea-e45f093941a4
8852,2000,USF,TOI,,1,8,1,18.75641,21ee0806-cbda-41d5-901c-123d317767e8
8853,2000,CDF,SKU,ADOBE,1,8,1,18.55186,96086300-3c5e-43d9-a18c-a128480758a7
8854,2000,USF,CNF,MAINSTREET,9,8,1,18.2959,2c3d5108-e96e-4583-99a0-73d6164d71a1
8855,2000,CDF,MEU,MRC #1,5,8,1,16.77711,4f4cc6b8-70c6-4455-88e0-ed9d825554ee
8856,2000,USF,TOI,,1,8,1,16.69182,cae09b00-8348-4e9b-92df-df3beb0c9a14
8857,2000,CDF,MEU,LYALL,5,8,1,15.51858,43faec9e-2f8e-441f-9590-de2213bab29b
8858,2000,DOD,AFV,CAMELIA,5,4,1,14.72474,a519c9c4-d90b-4133-90ed-9715d512bb88
8859,2000,CDF,SLU,ROCKY,14,8,1,13.69914,25c366b4-f3b6-4ce6-9947-091c444160b5
8860,2000,USF,MDF,RUSH,8,8,1,13.67639,64675062-45a0-483a-8a35-5377acb9abd7
8861,2000,CDF,SKU,DANGLE,5,8,1,13.21037,c6f74418-a424-44a3-b423-92d9522a3a6e
8862,2000,CDF,SKU,CORP #12,6,8,1,11.63098,8d8a6699-044f-4ca4-954f-b7ab858c1aac
8863,2000,CCO,SBC,HONDO,14,8,1,11.46139,4ddb7c09-ff25-4403-a0b3-ebe2f96d4929
8864,2000,USF,CNF,WHITING,7,8,1,11.41293,464236e2-cee9-4a4e-967f-e21a39422b10
8865,2000,CDF,MVU,BARRETT DAM,14,8,1,11.27681,3c8a3766-b8e8-4c6a-a0e6-57ac99f72003
8866,2000,NPS,GNP,PT BONITA,8,6,1,11.03891,9c9b78a9-b706-43dd-b472-52828d97c282
8867,2000,CDF,SLU,DRAGOO,14,8,1,10.49944,7d399bbe-afa7-42ed-a818-13a27971b5cb
8868,2000,CCO,SBC,OLIVE,14,8,1,10.44709,a4486b4e-a138-4085-89ab-b846f1154ddf
8869,2000,CDF,SLU,DIABLO,14,8,1,9.455358,9417f5d5-79e2-4fe9-9bbe-a3ea13b1df7a
8870,2000,CDF,FKU,DRAKE,2,8,1,9.271149,e6a4abcf-2dc4-4ca8-b7fa-4756cced9c61
8871,2000,CCO,MRN,LA FRANCHI,14,8,1,9.134723,03f84df5-2211-41ff-8009-66eee817abc4
8872,2000,CCO,MRN,RIDGECREST,14,8,1,8.213871,d2853f1f-90b3-4e02-aef0-e7bf9ce6c2b8
8873,2000,DOD,AFV,MIGUELETO,11,4,1,8.172387,28d0af8c-0775-44d9-a7cf-ce737ac39f74
8874,2000,USF,SQF,LANDERS,9,8,1,8.061542,046430a6-82ec-48a8-81f9-50646e6b70a4
8875,2000,CCO,MRN,SAN RAFAEL HILL,14,8,1,8.030005,ff1b0308-e2af-455d-ad92-ec23fe710ce2
8876,2000,USF,ANF,FOOTHILL,9,8,1,6.984602,c7de45d5-c2e5-4293-9d35-b8901b4360bc
8877,2000,CCO,SBC,BRADBURY,14,8,1,6.576976,6300658a-ac47-418c-8ed5-40c872ee49a3
8878,2000,DOD,CRB,,10,8,1,4.930998,b48e3067-edd4-4508-80d7-128f399bd822
8879,2000,CDF,SKU,QUARTZ,5,8,1,4.930997,f2351e07-d1bb-4c87-bec4-54ce7a2940d3
8880,2000,NPS,KNP,CONIFER,18,8,1,4.834736,d324ece0-5a54-4587-a550-5d29521d1d0c
8881,2000,CCO,MRN,ELVIA,14,8,1,4.696111,d53592d0-9293-401c-821c-311f8a2cca64
8882,2000,CDF,SKU,SHASTA,2,8,1,4.289749,4bba0a2d-afd5-4e24-93b9-87de1a6b01c1
8883,2000,CDF,SKU,OBERLIN,14,8,1,4.25869,ffc9a1c6-91ab-470b-ae4d-4c7ee53886c7
8884,2000,CCO,MRN,PINE,14,8,1,3.355007,a531f496-2d2d-483c-b7d4-463aeb16fbdf
8885,2000,CDF,SLU,OCONNER,14,8,1,1.819768,2cf319cf-f87e-40e8-be18-ab840c01b745
8886,2000,CDF,SKU,CANAL,7,8,1,1.780206,e4b5e0af-ffbd-495c-8440-30da4e0dd376
8887,2000,CDF,SKU,HAWKINSVILLE,5,8,1,1.652865,ab83d59e-221b-486a-be95-35250b383891
8888,2000,CCO,SBC,LOMPOC,14,8,1,1.023091,e87a8124-6393-4bbf-85bb-80f13ce51f1f
8889,2000,DOD,AFV,MINATAUR,9,4,1,0.763543,a2abc656-ae74-43ec-8589-d2a14d4bd218
8890,2000,CCO,SBC,BRADBURY (SPOT),14,8,1,0.4807067,31e2fd46-8ec6-4535-a589-0a7f93e9353e
8891,2000,DOD,AFV,KORINA,8,7,1,0.2109434,9e143bd2-9fff-45e3-826b-a24a15e3e96e
8892,2000,DOD,AFV,COAST_GUARD,11,1,1,0.1669163,e338fe7f-7220-4e8e-9951-92f074aa98b6
